{
    "url": "https://api.github.com/repos/pallets/flask/issues/1119",
    "repository_url": "https://api.github.com/repos/pallets/flask",
    "labels_url": "https://api.github.com/repos/pallets/flask/issues/1119/labels{/name}",
    "comments_url": "https://api.github.com/repos/pallets/flask/issues/1119/comments",
    "events_url": "https://api.github.com/repos/pallets/flask/issues/1119/events",
    "html_url": "https://github.com/pallets/flask/pull/1119",
    "id": 37847856,
    "node_id": "MDExOlB1bGxSZXF1ZXN0MTgzODY3Njk=",
    "number": 1119,
    "title": "from_json document fix",
    "user": {
        "login": "tdihp",
        "id": 1396390,
        "node_id": "MDQ6VXNlcjEzOTYzOTA=",
        "avatar_url": "https://avatars1.githubusercontent.com/u/1396390?v=4",
        "gravatar_id": "",
        "url": "https://api.github.com/users/tdihp",
        "html_url": "https://github.com/tdihp",
        "followers_url": "https://api.github.com/users/tdihp/followers",
        "following_url": "https://api.github.com/users/tdihp/following{/other_user}",
        "gists_url": "https://api.github.com/users/tdihp/gists{/gist_id}",
        "starred_url": "https://api.github.com/users/tdihp/starred{/owner}{/repo}",
        "subscriptions_url": "https://api.github.com/users/tdihp/subscriptions",
        "organizations_url": "https://api.github.com/users/tdihp/orgs",
        "repos_url": "https://api.github.com/users/tdihp/repos",
        "events_url": "https://api.github.com/users/tdihp/events{/privacy}",
        "received_events_url": "https://api.github.com/users/tdihp/received_events",
        "type": "User",
        "site_admin": false
    },
    "labels": [],
    "state": "closed",
    "locked": false,
    "assignee": null,
    "assignees": [],
    "milestone": null,
    "comments": 3,
    "created_at": "2014-07-15T03:12:39Z",
    "updated_at": "2014-07-27T11:22:09Z",
    "closed_at": "2014-07-27T11:22:09Z",
    "author_association": "NONE",
    "pull_request": {
        "url": "https://api.github.com/repos/pallets/flask/pulls/1119",
        "html_url": "https://github.com/pallets/flask/pull/1119",
        "diff_url": "https://github.com/pallets/flask/pull/1119.diff",
        "patch_url": "https://github.com/pallets/flask/pull/1119.patch"
    },
    "body": "`Config.from_object` don't accept python dictionary, I think it would be better if\nexplained as something like `config.update(json.load(open('filename')))`\n",
    "comments_inline": [
        {
            "url": "https://api.github.com/repos/pallets/flask/issues/comments/48998163",
            "html_url": "https://github.com/pallets/flask/pull/1119#issuecomment-48998163",
            "issue_url": "https://api.github.com/repos/pallets/flask/issues/1119",
            "id": 48998163,
            "node_id": "MDEyOklzc3VlQ29tbWVudDQ4OTk4MTYz",
            "user": {
                "login": "danielchatfield",
                "id": 1058676,
                "node_id": "MDQ6VXNlcjEwNTg2NzY=",
                "avatar_url": "https://avatars3.githubusercontent.com/u/1058676?v=4",
                "gravatar_id": "",
                "url": "https://api.github.com/users/danielchatfield",
                "html_url": "https://github.com/danielchatfield",
                "followers_url": "https://api.github.com/users/danielchatfield/followers",
                "following_url": "https://api.github.com/users/danielchatfield/following{/other_user}",
                "gists_url": "https://api.github.com/users/danielchatfield/gists{/gist_id}",
                "starred_url": "https://api.github.com/users/danielchatfield/starred{/owner}{/repo}",
                "subscriptions_url": "https://api.github.com/users/danielchatfield/subscriptions",
                "organizations_url": "https://api.github.com/users/danielchatfield/orgs",
                "repos_url": "https://api.github.com/users/danielchatfield/repos",
                "events_url": "https://api.github.com/users/danielchatfield/events{/privacy}",
                "received_events_url": "https://api.github.com/users/danielchatfield/received_events",
                "type": "User",
                "site_admin": false
            },
            "created_at": "2014-07-15T07:17:06Z",
            "updated_at": "2014-07-15T07:17:06Z",
            "author_association": "NONE",
            "body": "I think it would be better to change `Config.from_object` so that it accepts dictionaries (seems like a reasonable thing for it to do).\n"
        },
        {
            "url": "https://api.github.com/repos/pallets/flask/issues/comments/49114000",
            "html_url": "https://github.com/pallets/flask/pull/1119#issuecomment-49114000",
            "issue_url": "https://api.github.com/repos/pallets/flask/issues/1119",
            "id": 49114000,
            "node_id": "MDEyOklzc3VlQ29tbWVudDQ5MTE0MDAw",
            "user": {
                "login": "tdihp",
                "id": 1396390,
                "node_id": "MDQ6VXNlcjEzOTYzOTA=",
                "avatar_url": "https://avatars1.githubusercontent.com/u/1396390?v=4",
                "gravatar_id": "",
                "url": "https://api.github.com/users/tdihp",
                "html_url": "https://github.com/tdihp",
                "followers_url": "https://api.github.com/users/tdihp/followers",
                "following_url": "https://api.github.com/users/tdihp/following{/other_user}",
                "gists_url": "https://api.github.com/users/tdihp/gists{/gist_id}",
                "starred_url": "https://api.github.com/users/tdihp/starred{/owner}{/repo}",
                "subscriptions_url": "https://api.github.com/users/tdihp/subscriptions",
                "organizations_url": "https://api.github.com/users/tdihp/orgs",
                "repos_url": "https://api.github.com/users/tdihp/repos",
                "events_url": "https://api.github.com/users/tdihp/events{/privacy}",
                "received_events_url": "https://api.github.com/users/tdihp/received_events",
                "type": "User",
                "site_admin": false
            },
            "created_at": "2014-07-16T01:32:50Z",
            "updated_at": "2014-07-16T01:32:50Z",
            "author_association": "NONE",
            "body": "@danielchatfield yes, that would be nice (confused me for a while that it don't) too.\n\nBut there is [Config.update](http://flask.pocoo.org/docs/config/#configuration-basics) for this purpose (it's a dict), although not explicitly documented in `flask.Config`. So I'm not sure such method (from_dict) should be added.\n\nBTW `Config.update` is inherited from dict, so it don't handle upper case like Config provided functions do.\n"
        },
        {
            "url": "https://api.github.com/repos/pallets/flask/issues/comments/50261854",
            "html_url": "https://github.com/pallets/flask/pull/1119#issuecomment-50261854",
            "issue_url": "https://api.github.com/repos/pallets/flask/issues/1119",
            "id": 50261854,
            "node_id": "MDEyOklzc3VlQ29tbWVudDUwMjYxODU0",
            "user": {
                "login": "DasIch",
                "id": 182316,
                "node_id": "MDQ6VXNlcjE4MjMxNg==",
                "avatar_url": "https://avatars0.githubusercontent.com/u/182316?v=4",
                "gravatar_id": "",
                "url": "https://api.github.com/users/DasIch",
                "html_url": "https://github.com/DasIch",
                "followers_url": "https://api.github.com/users/DasIch/followers",
                "following_url": "https://api.github.com/users/DasIch/following{/other_user}",
                "gists_url": "https://api.github.com/users/DasIch/gists{/gist_id}",
                "starred_url": "https://api.github.com/users/DasIch/starred{/owner}{/repo}",
                "subscriptions_url": "https://api.github.com/users/DasIch/subscriptions",
                "organizations_url": "https://api.github.com/users/DasIch/orgs",
                "repos_url": "https://api.github.com/users/DasIch/repos",
                "events_url": "https://api.github.com/users/DasIch/events{/privacy}",
                "received_events_url": "https://api.github.com/users/DasIch/received_events",
                "type": "User",
                "site_admin": false
            },
            "created_at": "2014-07-27T11:22:09Z",
            "updated_at": "2014-07-27T11:22:09Z",
            "author_association": "CONTRIBUTOR",
            "body": "I've added a `from_mapping`, implemented `from_json` using that and changed the docstring accordingly.\n"
        }
    ]
}