{
    "url": "https://api.github.com/repos/pallets/flask/issues/1121",
    "repository_url": "https://api.github.com/repos/pallets/flask",
    "labels_url": "https://api.github.com/repos/pallets/flask/issues/1121/labels{/name}",
    "comments_url": "https://api.github.com/repos/pallets/flask/issues/1121/comments",
    "events_url": "https://api.github.com/repos/pallets/flask/issues/1121/events",
    "html_url": "https://github.com/pallets/flask/issues/1121",
    "id": 37854327,
    "node_id": "MDU6SXNzdWUzNzg1NDMyNw==",
    "number": 1121,
    "title": "Bad link",
    "user": {
        "login": "sylnsr",
        "id": 4071106,
        "node_id": "MDQ6VXNlcjQwNzExMDY=",
        "avatar_url": "https://avatars2.githubusercontent.com/u/4071106?v=4",
        "gravatar_id": "",
        "url": "https://api.github.com/users/sylnsr",
        "html_url": "https://github.com/sylnsr",
        "followers_url": "https://api.github.com/users/sylnsr/followers",
        "following_url": "https://api.github.com/users/sylnsr/following{/other_user}",
        "gists_url": "https://api.github.com/users/sylnsr/gists{/gist_id}",
        "starred_url": "https://api.github.com/users/sylnsr/starred{/owner}{/repo}",
        "subscriptions_url": "https://api.github.com/users/sylnsr/subscriptions",
        "organizations_url": "https://api.github.com/users/sylnsr/orgs",
        "repos_url": "https://api.github.com/users/sylnsr/repos",
        "events_url": "https://api.github.com/users/sylnsr/events{/privacy}",
        "received_events_url": "https://api.github.com/users/sylnsr/received_events",
        "type": "User",
        "site_admin": false
    },
    "labels": [],
    "state": "closed",
    "locked": false,
    "assignee": null,
    "assignees": [],
    "milestone": null,
    "comments": 3,
    "created_at": "2014-07-15T06:18:06Z",
    "updated_at": "2014-07-15T17:14:43Z",
    "closed_at": "2014-07-15T17:14:43Z",
    "author_association": "NONE",
    "body": "On home page, \"uses Jinja2 templating\" points to a 404. I believe it should be \"http://jinja.pocoo.org/docs/templates/\"\n",
    "comments_inline": [
        {
            "url": "https://api.github.com/repos/pallets/flask/issues/comments/48994778",
            "html_url": "https://github.com/pallets/flask/issues/1121#issuecomment-48994778",
            "issue_url": "https://api.github.com/repos/pallets/flask/issues/1121",
            "id": 48994778,
            "node_id": "MDEyOklzc3VlQ29tbWVudDQ4OTk0Nzc4",
            "user": {
                "login": "sylnsr",
                "id": 4071106,
                "node_id": "MDQ6VXNlcjQwNzExMDY=",
                "avatar_url": "https://avatars2.githubusercontent.com/u/4071106?v=4",
                "gravatar_id": "",
                "url": "https://api.github.com/users/sylnsr",
                "html_url": "https://github.com/sylnsr",
                "followers_url": "https://api.github.com/users/sylnsr/followers",
                "following_url": "https://api.github.com/users/sylnsr/following{/other_user}",
                "gists_url": "https://api.github.com/users/sylnsr/gists{/gist_id}",
                "starred_url": "https://api.github.com/users/sylnsr/starred{/owner}{/repo}",
                "subscriptions_url": "https://api.github.com/users/sylnsr/subscriptions",
                "organizations_url": "https://api.github.com/users/sylnsr/orgs",
                "repos_url": "https://api.github.com/users/sylnsr/repos",
                "events_url": "https://api.github.com/users/sylnsr/events{/privacy}",
                "received_events_url": "https://api.github.com/users/sylnsr/received_events",
                "type": "User",
                "site_admin": false
            },
            "created_at": "2014-07-15T06:22:41Z",
            "updated_at": "2014-07-15T06:22:41Z",
            "author_association": "NONE",
            "body": "Just confirmed that currently https://github.com/sylnsr/flask/blob/master/docs/templating.rst references to the URL I mentioned above. So the URL used at http://flask.pocoo.org/ should be the same.\n"
        },
        {
            "url": "https://api.github.com/repos/pallets/flask/issues/comments/48998286",
            "html_url": "https://github.com/pallets/flask/issues/1121#issuecomment-48998286",
            "issue_url": "https://api.github.com/repos/pallets/flask/issues/1121",
            "id": 48998286,
            "node_id": "MDEyOklzc3VlQ29tbWVudDQ4OTk4Mjg2",
            "user": {
                "login": "danielchatfield",
                "id": 1058676,
                "node_id": "MDQ6VXNlcjEwNTg2NzY=",
                "avatar_url": "https://avatars3.githubusercontent.com/u/1058676?v=4",
                "gravatar_id": "",
                "url": "https://api.github.com/users/danielchatfield",
                "html_url": "https://github.com/danielchatfield",
                "followers_url": "https://api.github.com/users/danielchatfield/followers",
                "following_url": "https://api.github.com/users/danielchatfield/following{/other_user}",
                "gists_url": "https://api.github.com/users/danielchatfield/gists{/gist_id}",
                "starred_url": "https://api.github.com/users/danielchatfield/starred{/owner}{/repo}",
                "subscriptions_url": "https://api.github.com/users/danielchatfield/subscriptions",
                "organizations_url": "https://api.github.com/users/danielchatfield/orgs",
                "repos_url": "https://api.github.com/users/danielchatfield/repos",
                "events_url": "https://api.github.com/users/danielchatfield/events{/privacy}",
                "received_events_url": "https://api.github.com/users/danielchatfield/received_events",
                "type": "User",
                "site_admin": false
            },
            "created_at": "2014-07-15T07:18:52Z",
            "updated_at": "2014-07-15T07:18:52Z",
            "author_association": "NONE",
            "body": "Duplicate: https://github.com/mitsuhiko/flask-website/pull/5\n"
        },
        {
            "url": "https://api.github.com/repos/pallets/flask/issues/comments/49063711",
            "html_url": "https://github.com/pallets/flask/issues/1121#issuecomment-49063711",
            "issue_url": "https://api.github.com/repos/pallets/flask/issues/1121",
            "id": 49063711,
            "node_id": "MDEyOklzc3VlQ29tbWVudDQ5MDYzNzEx",
            "user": {
                "login": "sylnsr",
                "id": 4071106,
                "node_id": "MDQ6VXNlcjQwNzExMDY=",
                "avatar_url": "https://avatars2.githubusercontent.com/u/4071106?v=4",
                "gravatar_id": "",
                "url": "https://api.github.com/users/sylnsr",
                "html_url": "https://github.com/sylnsr",
                "followers_url": "https://api.github.com/users/sylnsr/followers",
                "following_url": "https://api.github.com/users/sylnsr/following{/other_user}",
                "gists_url": "https://api.github.com/users/sylnsr/gists{/gist_id}",
                "starred_url": "https://api.github.com/users/sylnsr/starred{/owner}{/repo}",
                "subscriptions_url": "https://api.github.com/users/sylnsr/subscriptions",
                "organizations_url": "https://api.github.com/users/sylnsr/orgs",
                "repos_url": "https://api.github.com/users/sylnsr/repos",
                "events_url": "https://api.github.com/users/sylnsr/events{/privacy}",
                "received_events_url": "https://api.github.com/users/sylnsr/received_events",
                "type": "User",
                "site_admin": false
            },
            "created_at": "2014-07-15T17:14:43Z",
            "updated_at": "2014-07-15T17:14:43Z",
            "author_association": "NONE",
            "body": "Duplicate. Closing.\n"
        }
    ]
}