{
    "url": "https://api.github.com/repos/pallets/flask/issues/1122",
    "repository_url": "https://api.github.com/repos/pallets/flask",
    "labels_url": "https://api.github.com/repos/pallets/flask/issues/1122/labels{/name}",
    "comments_url": "https://api.github.com/repos/pallets/flask/issues/1122/comments",
    "events_url": "https://api.github.com/repos/pallets/flask/issues/1122/events",
    "html_url": "https://github.com/pallets/flask/pull/1122",
    "id": 37857278,
    "node_id": "MDExOlB1bGxSZXF1ZXN0MTgzOTIwNzA=",
    "number": 1122,
    "title": "fixed typo -- missing \"are\" in docs/signals.rst",
    "user": {
        "login": "milesrichardson",
        "id": 835921,
        "node_id": "MDQ6VXNlcjgzNTkyMQ==",
        "avatar_url": "https://avatars2.githubusercontent.com/u/835921?v=4",
        "gravatar_id": "",
        "url": "https://api.github.com/users/milesrichardson",
        "html_url": "https://github.com/milesrichardson",
        "followers_url": "https://api.github.com/users/milesrichardson/followers",
        "following_url": "https://api.github.com/users/milesrichardson/following{/other_user}",
        "gists_url": "https://api.github.com/users/milesrichardson/gists{/gist_id}",
        "starred_url": "https://api.github.com/users/milesrichardson/starred{/owner}{/repo}",
        "subscriptions_url": "https://api.github.com/users/milesrichardson/subscriptions",
        "organizations_url": "https://api.github.com/users/milesrichardson/orgs",
        "repos_url": "https://api.github.com/users/milesrichardson/repos",
        "events_url": "https://api.github.com/users/milesrichardson/events{/privacy}",
        "received_events_url": "https://api.github.com/users/milesrichardson/received_events",
        "type": "User",
        "site_admin": false
    },
    "labels": [],
    "state": "closed",
    "locked": false,
    "assignee": null,
    "assignees": [],
    "milestone": null,
    "comments": 1,
    "created_at": "2014-07-15T07:19:40Z",
    "updated_at": "2014-07-26T08:43:01Z",
    "closed_at": "2014-07-26T08:43:00Z",
    "author_association": "CONTRIBUTOR",
    "pull_request": {
        "url": "https://api.github.com/repos/pallets/flask/pulls/1122",
        "html_url": "https://github.com/pallets/flask/pull/1122",
        "diff_url": "https://github.com/pallets/flask/pull/1122.diff",
        "patch_url": "https://github.com/pallets/flask/pull/1122.patch"
    },
    "body": "Three letter change, but gotta keep that grammar sharp. :)\n",
    "comments_inline": [
        {
            "url": "https://api.github.com/repos/pallets/flask/issues/comments/49006711",
            "html_url": "https://github.com/pallets/flask/pull/1122#issuecomment-49006711",
            "issue_url": "https://api.github.com/repos/pallets/flask/issues/1122",
            "id": 49006711,
            "node_id": "MDEyOklzc3VlQ29tbWVudDQ5MDA2NzEx",
            "user": {
                "login": "danielchatfield",
                "id": 1058676,
                "node_id": "MDQ6VXNlcjEwNTg2NzY=",
                "avatar_url": "https://avatars3.githubusercontent.com/u/1058676?v=4",
                "gravatar_id": "",
                "url": "https://api.github.com/users/danielchatfield",
                "html_url": "https://github.com/danielchatfield",
                "followers_url": "https://api.github.com/users/danielchatfield/followers",
                "following_url": "https://api.github.com/users/danielchatfield/following{/other_user}",
                "gists_url": "https://api.github.com/users/danielchatfield/gists{/gist_id}",
                "starred_url": "https://api.github.com/users/danielchatfield/starred{/owner}{/repo}",
                "subscriptions_url": "https://api.github.com/users/danielchatfield/subscriptions",
                "organizations_url": "https://api.github.com/users/danielchatfield/orgs",
                "repos_url": "https://api.github.com/users/danielchatfield/repos",
                "events_url": "https://api.github.com/users/danielchatfield/events{/privacy}",
                "received_events_url": "https://api.github.com/users/danielchatfield/received_events",
                "type": "User",
                "site_admin": false
            },
            "created_at": "2014-07-15T09:00:11Z",
            "updated_at": "2014-07-15T09:00:11Z",
            "author_association": "NONE",
            "body": ":+1: \n"
        }
    ]
}