{
    "url": "https://api.github.com/repos/pallets/flask/issues/1125",
    "repository_url": "https://api.github.com/repos/pallets/flask",
    "labels_url": "https://api.github.com/repos/pallets/flask/issues/1125/labels{/name}",
    "comments_url": "https://api.github.com/repos/pallets/flask/issues/1125/comments",
    "events_url": "https://api.github.com/repos/pallets/flask/issues/1125/events",
    "html_url": "https://github.com/pallets/flask/issues/1125",
    "id": 38009417,
    "node_id": "MDU6SXNzdWUzODAwOTQxNw==",
    "number": 1125,
    "title": "Add testing best practices and others to wiki",
    "user": {
        "login": "augiwan",
        "id": 3384391,
        "node_id": "MDQ6VXNlcjMzODQzOTE=",
        "avatar_url": "https://avatars2.githubusercontent.com/u/3384391?v=4",
        "gravatar_id": "",
        "url": "https://api.github.com/users/augiwan",
        "html_url": "https://github.com/augiwan",
        "followers_url": "https://api.github.com/users/augiwan/followers",
        "following_url": "https://api.github.com/users/augiwan/following{/other_user}",
        "gists_url": "https://api.github.com/users/augiwan/gists{/gist_id}",
        "starred_url": "https://api.github.com/users/augiwan/starred{/owner}{/repo}",
        "subscriptions_url": "https://api.github.com/users/augiwan/subscriptions",
        "organizations_url": "https://api.github.com/users/augiwan/orgs",
        "repos_url": "https://api.github.com/users/augiwan/repos",
        "events_url": "https://api.github.com/users/augiwan/events{/privacy}",
        "received_events_url": "https://api.github.com/users/augiwan/received_events",
        "type": "User",
        "site_admin": false
    },
    "labels": [],
    "state": "closed",
    "locked": false,
    "assignee": null,
    "assignees": [],
    "milestone": null,
    "comments": 2,
    "created_at": "2014-07-16T18:15:55Z",
    "updated_at": "2014-07-28T00:01:22Z",
    "closed_at": "2014-07-27T11:30:34Z",
    "author_association": "CONTRIBUTOR",
    "body": "Can someone from the team write in https://github.com/mitsuhiko/flask/wiki/Large-app-how-to#other-good-practices?\n",
    "comments_inline": [
        {
            "url": "https://api.github.com/repos/pallets/flask/issues/comments/50262028",
            "html_url": "https://github.com/pallets/flask/issues/1125#issuecomment-50262028",
            "issue_url": "https://api.github.com/repos/pallets/flask/issues/1125",
            "id": 50262028,
            "node_id": "MDEyOklzc3VlQ29tbWVudDUwMjYyMDI4",
            "user": {
                "login": "DasIch",
                "id": 182316,
                "node_id": "MDQ6VXNlcjE4MjMxNg==",
                "avatar_url": "https://avatars0.githubusercontent.com/u/182316?v=4",
                "gravatar_id": "",
                "url": "https://api.github.com/users/DasIch",
                "html_url": "https://github.com/DasIch",
                "followers_url": "https://api.github.com/users/DasIch/followers",
                "following_url": "https://api.github.com/users/DasIch/following{/other_user}",
                "gists_url": "https://api.github.com/users/DasIch/gists{/gist_id}",
                "starred_url": "https://api.github.com/users/DasIch/starred{/owner}{/repo}",
                "subscriptions_url": "https://api.github.com/users/DasIch/subscriptions",
                "organizations_url": "https://api.github.com/users/DasIch/orgs",
                "repos_url": "https://api.github.com/users/DasIch/repos",
                "events_url": "https://api.github.com/users/DasIch/events{/privacy}",
                "received_events_url": "https://api.github.com/users/DasIch/received_events",
                "type": "User",
                "site_admin": false
            },
            "created_at": "2014-07-27T11:30:34Z",
            "updated_at": "2014-07-27T11:30:34Z",
            "author_association": "CONTRIBUTOR",
            "body": "WTF? Documentation belongs in the repo not in the wiki. Especially relevant here as there are some issues with the how to and there is no way to really do a review etc. on stuff in the wiki.\n\nIf someone wants to see stuff like this in the documentation, add it to the repo and add a pull request. For now I'm going to delete that page.\n"
        },
        {
            "url": "https://api.github.com/repos/pallets/flask/issues/comments/50290313",
            "html_url": "https://github.com/pallets/flask/issues/1125#issuecomment-50290313",
            "issue_url": "https://api.github.com/repos/pallets/flask/issues/1125",
            "id": 50290313,
            "node_id": "MDEyOklzc3VlQ29tbWVudDUwMjkwMzEz",
            "user": {
                "login": "augiwan",
                "id": 3384391,
                "node_id": "MDQ6VXNlcjMzODQzOTE=",
                "avatar_url": "https://avatars2.githubusercontent.com/u/3384391?v=4",
                "gravatar_id": "",
                "url": "https://api.github.com/users/augiwan",
                "html_url": "https://github.com/augiwan",
                "followers_url": "https://api.github.com/users/augiwan/followers",
                "following_url": "https://api.github.com/users/augiwan/following{/other_user}",
                "gists_url": "https://api.github.com/users/augiwan/gists{/gist_id}",
                "starred_url": "https://api.github.com/users/augiwan/starred{/owner}{/repo}",
                "subscriptions_url": "https://api.github.com/users/augiwan/subscriptions",
                "organizations_url": "https://api.github.com/users/augiwan/orgs",
                "repos_url": "https://api.github.com/users/augiwan/repos",
                "events_url": "https://api.github.com/users/augiwan/events{/privacy}",
                "received_events_url": "https://api.github.com/users/augiwan/received_events",
                "type": "User",
                "site_admin": false
            },
            "created_at": "2014-07-28T00:01:22Z",
            "updated_at": "2014-07-28T00:01:22Z",
            "author_association": "CONTRIBUTOR",
            "body": "![](http://media-cache-ec0.pinimg.com/736x/07/8e/c3/078ec3c8cd94b90a7310360b33a75911.jpg)\n"
        }
    ]
}