{
    "url": "https://api.github.com/repos/pallets/flask/issues/1131",
    "repository_url": "https://api.github.com/repos/pallets/flask",
    "labels_url": "https://api.github.com/repos/pallets/flask/issues/1131/labels{/name}",
    "comments_url": "https://api.github.com/repos/pallets/flask/issues/1131/comments",
    "events_url": "https://api.github.com/repos/pallets/flask/issues/1131/events",
    "html_url": "https://github.com/pallets/flask/issues/1131",
    "id": 38491681,
    "node_id": "MDU6SXNzdWUzODQ5MTY4MQ==",
    "number": 1131,
    "title": "How to share endpoints between different apps in Flask",
    "user": {
        "login": "douglarek",
        "id": 1488134,
        "node_id": "MDQ6VXNlcjE0ODgxMzQ=",
        "avatar_url": "https://avatars2.githubusercontent.com/u/1488134?v=4",
        "gravatar_id": "",
        "url": "https://api.github.com/users/douglarek",
        "html_url": "https://github.com/douglarek",
        "followers_url": "https://api.github.com/users/douglarek/followers",
        "following_url": "https://api.github.com/users/douglarek/following{/other_user}",
        "gists_url": "https://api.github.com/users/douglarek/gists{/gist_id}",
        "starred_url": "https://api.github.com/users/douglarek/starred{/owner}{/repo}",
        "subscriptions_url": "https://api.github.com/users/douglarek/subscriptions",
        "organizations_url": "https://api.github.com/users/douglarek/orgs",
        "repos_url": "https://api.github.com/users/douglarek/repos",
        "events_url": "https://api.github.com/users/douglarek/events{/privacy}",
        "received_events_url": "https://api.github.com/users/douglarek/received_events",
        "type": "User",
        "site_admin": false
    },
    "labels": [],
    "state": "closed",
    "locked": false,
    "assignee": null,
    "assignees": [],
    "milestone": null,
    "comments": 6,
    "created_at": "2014-07-23T04:34:46Z",
    "updated_at": "2014-07-26T09:11:19Z",
    "closed_at": "2014-07-26T09:11:19Z",
    "author_association": "NONE",
    "body": "```\napp.wsgi_app = DispatcherMiddleware(app.wsgi_app, {'/api': api}) # before this, I have a blueprint named web in app.\n```\n\nnow, I have a endpoint named `validate_user` in api app, and how can i invoke this endpoint in blueprint web ?\n\nThanks\n",
    "comments_inline": [
        {
            "url": "https://api.github.com/repos/pallets/flask/issues/comments/49832275",
            "html_url": "https://github.com/pallets/flask/issues/1131#issuecomment-49832275",
            "issue_url": "https://api.github.com/repos/pallets/flask/issues/1131",
            "id": 49832275,
            "node_id": "MDEyOklzc3VlQ29tbWVudDQ5ODMyMjc1",
            "user": {
                "login": "untitaker",
                "id": 837573,
                "node_id": "MDQ6VXNlcjgzNzU3Mw==",
                "avatar_url": "https://avatars0.githubusercontent.com/u/837573?v=4",
                "gravatar_id": "",
                "url": "https://api.github.com/users/untitaker",
                "html_url": "https://github.com/untitaker",
                "followers_url": "https://api.github.com/users/untitaker/followers",
                "following_url": "https://api.github.com/users/untitaker/following{/other_user}",
                "gists_url": "https://api.github.com/users/untitaker/gists{/gist_id}",
                "starred_url": "https://api.github.com/users/untitaker/starred{/owner}{/repo}",
                "subscriptions_url": "https://api.github.com/users/untitaker/subscriptions",
                "organizations_url": "https://api.github.com/users/untitaker/orgs",
                "repos_url": "https://api.github.com/users/untitaker/repos",
                "events_url": "https://api.github.com/users/untitaker/events{/privacy}",
                "received_events_url": "https://api.github.com/users/untitaker/received_events",
                "type": "User",
                "site_admin": false
            },
            "created_at": "2014-07-23T04:38:18Z",
            "updated_at": "2014-07-23T04:38:18Z",
            "author_association": "MEMBER",
            "body": "Application dispatching is not suitable for this task. You're going to need to use blueprints exclusively, or simply register the same view function twice for each app.\n"
        },
        {
            "url": "https://api.github.com/repos/pallets/flask/issues/comments/49832530",
            "html_url": "https://github.com/pallets/flask/issues/1131#issuecomment-49832530",
            "issue_url": "https://api.github.com/repos/pallets/flask/issues/1131",
            "id": 49832530,
            "node_id": "MDEyOklzc3VlQ29tbWVudDQ5ODMyNTMw",
            "user": {
                "login": "douglarek",
                "id": 1488134,
                "node_id": "MDQ6VXNlcjE0ODgxMzQ=",
                "avatar_url": "https://avatars2.githubusercontent.com/u/1488134?v=4",
                "gravatar_id": "",
                "url": "https://api.github.com/users/douglarek",
                "html_url": "https://github.com/douglarek",
                "followers_url": "https://api.github.com/users/douglarek/followers",
                "following_url": "https://api.github.com/users/douglarek/following{/other_user}",
                "gists_url": "https://api.github.com/users/douglarek/gists{/gist_id}",
                "starred_url": "https://api.github.com/users/douglarek/starred{/owner}{/repo}",
                "subscriptions_url": "https://api.github.com/users/douglarek/subscriptions",
                "organizations_url": "https://api.github.com/users/douglarek/orgs",
                "repos_url": "https://api.github.com/users/douglarek/repos",
                "events_url": "https://api.github.com/users/douglarek/events{/privacy}",
                "received_events_url": "https://api.github.com/users/douglarek/received_events",
                "type": "User",
                "site_admin": false
            },
            "created_at": "2014-07-23T04:44:37Z",
            "updated_at": "2014-07-23T04:44:37Z",
            "author_association": "NONE",
            "body": "@untitaker thanks, as you say, If register the same view function in app, When I invoke it in app's web blueprint, it will block ~ so any good practice ?\n"
        },
        {
            "url": "https://api.github.com/repos/pallets/flask/issues/comments/49832634",
            "html_url": "https://github.com/pallets/flask/issues/1131#issuecomment-49832634",
            "issue_url": "https://api.github.com/repos/pallets/flask/issues/1131",
            "id": 49832634,
            "node_id": "MDEyOklzc3VlQ29tbWVudDQ5ODMyNjM0",
            "user": {
                "login": "danielchatfield",
                "id": 1058676,
                "node_id": "MDQ6VXNlcjEwNTg2NzY=",
                "avatar_url": "https://avatars3.githubusercontent.com/u/1058676?v=4",
                "gravatar_id": "",
                "url": "https://api.github.com/users/danielchatfield",
                "html_url": "https://github.com/danielchatfield",
                "followers_url": "https://api.github.com/users/danielchatfield/followers",
                "following_url": "https://api.github.com/users/danielchatfield/following{/other_user}",
                "gists_url": "https://api.github.com/users/danielchatfield/gists{/gist_id}",
                "starred_url": "https://api.github.com/users/danielchatfield/starred{/owner}{/repo}",
                "subscriptions_url": "https://api.github.com/users/danielchatfield/subscriptions",
                "organizations_url": "https://api.github.com/users/danielchatfield/orgs",
                "repos_url": "https://api.github.com/users/danielchatfield/repos",
                "events_url": "https://api.github.com/users/danielchatfield/events{/privacy}",
                "received_events_url": "https://api.github.com/users/danielchatfield/received_events",
                "type": "User",
                "site_admin": false
            },
            "created_at": "2014-07-23T04:47:03Z",
            "updated_at": "2014-07-23T04:47:03Z",
            "author_association": "NONE",
            "body": "I've done this before, off the top of my head you have to monkey patch the\nroute decorator so that it adds the route to the other app as a \"build only\nroute\" (lets you use it in URL_for etc but doesn't have a view associated\nwith it).\n\nOn Wednesday, 23 July 2014, Lingchao Xin notifications@github.com wrote:\n\n> @untitaker https://github.com/untitaker thanks, but If I register api\n> in app instead of api app, It will block up If i request api in app ~ any\n> good practice ?\n> \n> ## \n> \n> Reply to this email directly or view it on GitHub\n> https://github.com/mitsuhiko/flask/issues/1131#issuecomment-49832459.\n\n## \n\nFor contact info visit: www.danielchatfield.com\n"
        },
        {
            "url": "https://api.github.com/repos/pallets/flask/issues/comments/49835958",
            "html_url": "https://github.com/pallets/flask/issues/1131#issuecomment-49835958",
            "issue_url": "https://api.github.com/repos/pallets/flask/issues/1131",
            "id": 49835958,
            "node_id": "MDEyOklzc3VlQ29tbWVudDQ5ODM1OTU4",
            "user": {
                "login": "douglarek",
                "id": 1488134,
                "node_id": "MDQ6VXNlcjE0ODgxMzQ=",
                "avatar_url": "https://avatars2.githubusercontent.com/u/1488134?v=4",
                "gravatar_id": "",
                "url": "https://api.github.com/users/douglarek",
                "html_url": "https://github.com/douglarek",
                "followers_url": "https://api.github.com/users/douglarek/followers",
                "following_url": "https://api.github.com/users/douglarek/following{/other_user}",
                "gists_url": "https://api.github.com/users/douglarek/gists{/gist_id}",
                "starred_url": "https://api.github.com/users/douglarek/starred{/owner}{/repo}",
                "subscriptions_url": "https://api.github.com/users/douglarek/subscriptions",
                "organizations_url": "https://api.github.com/users/douglarek/orgs",
                "repos_url": "https://api.github.com/users/douglarek/repos",
                "events_url": "https://api.github.com/users/douglarek/events{/privacy}",
                "received_events_url": "https://api.github.com/users/douglarek/received_events",
                "type": "User",
                "site_admin": false
            },
            "created_at": "2014-07-23T05:59:03Z",
            "updated_at": "2014-07-23T05:59:03Z",
            "author_association": "NONE",
            "body": "@danielchatfield any code detail ?\n"
        },
        {
            "url": "https://api.github.com/repos/pallets/flask/issues/comments/49844758",
            "html_url": "https://github.com/pallets/flask/issues/1131#issuecomment-49844758",
            "issue_url": "https://api.github.com/repos/pallets/flask/issues/1131",
            "id": 49844758,
            "node_id": "MDEyOklzc3VlQ29tbWVudDQ5ODQ0NzU4",
            "user": {
                "login": "danielchatfield",
                "id": 1058676,
                "node_id": "MDQ6VXNlcjEwNTg2NzY=",
                "avatar_url": "https://avatars3.githubusercontent.com/u/1058676?v=4",
                "gravatar_id": "",
                "url": "https://api.github.com/users/danielchatfield",
                "html_url": "https://github.com/danielchatfield",
                "followers_url": "https://api.github.com/users/danielchatfield/followers",
                "following_url": "https://api.github.com/users/danielchatfield/following{/other_user}",
                "gists_url": "https://api.github.com/users/danielchatfield/gists{/gist_id}",
                "starred_url": "https://api.github.com/users/danielchatfield/starred{/owner}{/repo}",
                "subscriptions_url": "https://api.github.com/users/danielchatfield/subscriptions",
                "organizations_url": "https://api.github.com/users/danielchatfield/orgs",
                "repos_url": "https://api.github.com/users/danielchatfield/repos",
                "events_url": "https://api.github.com/users/danielchatfield/events{/privacy}",
                "received_events_url": "https://api.github.com/users/danielchatfield/received_events",
                "type": "User",
                "site_admin": false
            },
            "created_at": "2014-07-23T08:11:12Z",
            "updated_at": "2014-07-23T08:11:12Z",
            "author_association": "NONE",
            "body": "Don't have access to that repo any more but take a look at the source for `route()` that should give you a good idea of what needs to be done. To make a route build only I think you simply pass the `build_only` keyword arg.\n"
        },
        {
            "url": "https://api.github.com/repos/pallets/flask/issues/comments/50229074",
            "html_url": "https://github.com/pallets/flask/issues/1131#issuecomment-50229074",
            "issue_url": "https://api.github.com/repos/pallets/flask/issues/1131",
            "id": 50229074,
            "node_id": "MDEyOklzc3VlQ29tbWVudDUwMjI5MDc0",
            "user": {
                "login": "DasIch",
                "id": 182316,
                "node_id": "MDQ6VXNlcjE4MjMxNg==",
                "avatar_url": "https://avatars0.githubusercontent.com/u/182316?v=4",
                "gravatar_id": "",
                "url": "https://api.github.com/users/DasIch",
                "html_url": "https://github.com/DasIch",
                "followers_url": "https://api.github.com/users/DasIch/followers",
                "following_url": "https://api.github.com/users/DasIch/following{/other_user}",
                "gists_url": "https://api.github.com/users/DasIch/gists{/gist_id}",
                "starred_url": "https://api.github.com/users/DasIch/starred{/owner}{/repo}",
                "subscriptions_url": "https://api.github.com/users/DasIch/subscriptions",
                "organizations_url": "https://api.github.com/users/DasIch/orgs",
                "repos_url": "https://api.github.com/users/DasIch/repos",
                "events_url": "https://api.github.com/users/DasIch/events{/privacy}",
                "received_events_url": "https://api.github.com/users/DasIch/received_events",
                "type": "User",
                "site_admin": false
            },
            "created_at": "2014-07-26T09:11:19Z",
            "updated_at": "2014-07-26T09:11:19Z",
            "author_association": "CONTRIBUTOR",
            "body": "Please use the mailing list for questions on how to use Flask.\n"
        }
    ]
}