{
    "url": "https://api.github.com/repos/pallets/flask/issues/1134",
    "repository_url": "https://api.github.com/repos/pallets/flask",
    "labels_url": "https://api.github.com/repos/pallets/flask/issues/1134/labels{/name}",
    "comments_url": "https://api.github.com/repos/pallets/flask/issues/1134/comments",
    "events_url": "https://api.github.com/repos/pallets/flask/issues/1134/events",
    "html_url": "https://github.com/pallets/flask/issues/1134",
    "id": 38813961,
    "node_id": "MDU6SXNzdWUzODgxMzk2MQ==",
    "number": 1134,
    "title": "Quote all HTML attributes",
    "user": {
        "login": "DasIch",
        "id": 182316,
        "node_id": "MDQ6VXNlcjE4MjMxNg==",
        "avatar_url": "https://avatars0.githubusercontent.com/u/182316?v=4",
        "gravatar_id": "",
        "url": "https://api.github.com/users/DasIch",
        "html_url": "https://github.com/DasIch",
        "followers_url": "https://api.github.com/users/DasIch/followers",
        "following_url": "https://api.github.com/users/DasIch/following{/other_user}",
        "gists_url": "https://api.github.com/users/DasIch/gists{/gist_id}",
        "starred_url": "https://api.github.com/users/DasIch/starred{/owner}{/repo}",
        "subscriptions_url": "https://api.github.com/users/DasIch/subscriptions",
        "organizations_url": "https://api.github.com/users/DasIch/orgs",
        "repos_url": "https://api.github.com/users/DasIch/repos",
        "events_url": "https://api.github.com/users/DasIch/events{/privacy}",
        "received_events_url": "https://api.github.com/users/DasIch/received_events",
        "type": "User",
        "site_admin": false
    },
    "labels": [],
    "state": "closed",
    "locked": false,
    "assignee": null,
    "assignees": [],
    "milestone": null,
    "comments": 0,
    "created_at": "2014-07-26T09:08:25Z",
    "updated_at": "2014-07-31T08:33:54Z",
    "closed_at": "2014-07-31T08:33:54Z",
    "author_association": "CONTRIBUTOR",
    "body": "Just what the title says. See #1116 for a longer discussion on the issue.\n"
}