{
    "url": "https://api.github.com/repos/pallets/flask/issues/1136",
    "repository_url": "https://api.github.com/repos/pallets/flask",
    "labels_url": "https://api.github.com/repos/pallets/flask/issues/1136/labels{/name}",
    "comments_url": "https://api.github.com/repos/pallets/flask/issues/1136/comments",
    "events_url": "https://api.github.com/repos/pallets/flask/issues/1136/events",
    "html_url": "https://github.com/pallets/flask/pull/1136",
    "id": 38960906,
    "node_id": "MDExOlB1bGxSZXF1ZXN0MTkwMDk3ODE=",
    "number": 1136,
    "title": "test",
    "user": {
        "login": "ghost",
        "id": 10137,
        "node_id": "MDQ6VXNlcjEwMTM3",
        "avatar_url": "https://avatars3.githubusercontent.com/u/10137?v=4",
        "gravatar_id": "",
        "url": "https://api.github.com/users/ghost",
        "html_url": "https://github.com/ghost",
        "followers_url": "https://api.github.com/users/ghost/followers",
        "following_url": "https://api.github.com/users/ghost/following{/other_user}",
        "gists_url": "https://api.github.com/users/ghost/gists{/gist_id}",
        "starred_url": "https://api.github.com/users/ghost/starred{/owner}{/repo}",
        "subscriptions_url": "https://api.github.com/users/ghost/subscriptions",
        "organizations_url": "https://api.github.com/users/ghost/orgs",
        "repos_url": "https://api.github.com/users/ghost/repos",
        "events_url": "https://api.github.com/users/ghost/events{/privacy}",
        "received_events_url": "https://api.github.com/users/ghost/received_events",
        "type": "User",
        "site_admin": false
    },
    "labels": [],
    "state": "closed",
    "locked": true,
    "assignee": null,
    "assignees": [],
    "milestone": null,
    "comments": 6,
    "created_at": "2014-07-29T06:15:34Z",
    "updated_at": "2014-07-29T11:26:54Z",
    "closed_at": "2014-07-29T11:26:27Z",
    "author_association": "NONE",
    "pull_request": {
        "url": "https://api.github.com/repos/pallets/flask/pulls/1136",
        "html_url": "https://github.com/pallets/flask/pull/1136",
        "diff_url": "https://github.com/pallets/flask/pull/1136.diff",
        "patch_url": "https://github.com/pallets/flask/pull/1136.patch"
    },
    "body": "sad\n",
    "comments_inline": [
        {
            "url": "https://api.github.com/repos/pallets/flask/issues/comments/50447043",
            "html_url": "https://github.com/pallets/flask/pull/1136#issuecomment-50447043",
            "issue_url": "https://api.github.com/repos/pallets/flask/issues/1136",
            "id": 50447043,
            "node_id": "MDEyOklzc3VlQ29tbWVudDUwNDQ3MDQz",
            "user": {
                "login": "fengsp",
                "id": 2986070,
                "node_id": "MDQ6VXNlcjI5ODYwNzA=",
                "avatar_url": "https://avatars3.githubusercontent.com/u/2986070?v=4",
                "gravatar_id": "",
                "url": "https://api.github.com/users/fengsp",
                "html_url": "https://github.com/fengsp",
                "followers_url": "https://api.github.com/users/fengsp/followers",
                "following_url": "https://api.github.com/users/fengsp/following{/other_user}",
                "gists_url": "https://api.github.com/users/fengsp/gists{/gist_id}",
                "starred_url": "https://api.github.com/users/fengsp/starred{/owner}{/repo}",
                "subscriptions_url": "https://api.github.com/users/fengsp/subscriptions",
                "organizations_url": "https://api.github.com/users/fengsp/orgs",
                "repos_url": "https://api.github.com/users/fengsp/repos",
                "events_url": "https://api.github.com/users/fengsp/events{/privacy}",
                "received_events_url": "https://api.github.com/users/fengsp/received_events",
                "type": "User",
                "site_admin": false
            },
            "created_at": "2014-07-29T08:07:38Z",
            "updated_at": "2014-07-29T08:07:38Z",
            "author_association": "CONTRIBUTOR",
            "body": "What r u doing?\n"
        },
        {
            "url": "https://api.github.com/repos/pallets/flask/issues/comments/50447111",
            "html_url": "https://github.com/pallets/flask/pull/1136#issuecomment-50447111",
            "issue_url": "https://api.github.com/repos/pallets/flask/issues/1136",
            "id": 50447111,
            "node_id": "MDEyOklzc3VlQ29tbWVudDUwNDQ3MTEx",
            "user": {
                "login": "ThiefMaster",
                "id": 179599,
                "node_id": "MDQ6VXNlcjE3OTU5OQ==",
                "avatar_url": "https://avatars1.githubusercontent.com/u/179599?v=4",
                "gravatar_id": "",
                "url": "https://api.github.com/users/ThiefMaster",
                "html_url": "https://github.com/ThiefMaster",
                "followers_url": "https://api.github.com/users/ThiefMaster/followers",
                "following_url": "https://api.github.com/users/ThiefMaster/following{/other_user}",
                "gists_url": "https://api.github.com/users/ThiefMaster/gists{/gist_id}",
                "starred_url": "https://api.github.com/users/ThiefMaster/starred{/owner}{/repo}",
                "subscriptions_url": "https://api.github.com/users/ThiefMaster/subscriptions",
                "organizations_url": "https://api.github.com/users/ThiefMaster/orgs",
                "repos_url": "https://api.github.com/users/ThiefMaster/repos",
                "events_url": "https://api.github.com/users/ThiefMaster/events{/privacy}",
                "received_events_url": "https://api.github.com/users/ThiefMaster/received_events",
                "type": "User",
                "site_admin": false
            },
            "created_at": "2014-07-29T08:08:35Z",
            "updated_at": "2014-07-29T08:09:31Z",
            "author_association": "MEMBER",
            "body": "@toader: :poop:  looks cute, but the crap you posted doesn't ;)\n\n@fengsp: *are, *you\n"
        },
        {
            "url": "https://api.github.com/repos/pallets/flask/issues/comments/50447527",
            "html_url": "https://github.com/pallets/flask/pull/1136#issuecomment-50447527",
            "issue_url": "https://api.github.com/repos/pallets/flask/issues/1136",
            "id": 50447527,
            "node_id": "MDEyOklzc3VlQ29tbWVudDUwNDQ3NTI3",
            "user": {
                "login": "fengsp",
                "id": 2986070,
                "node_id": "MDQ6VXNlcjI5ODYwNzA=",
                "avatar_url": "https://avatars3.githubusercontent.com/u/2986070?v=4",
                "gravatar_id": "",
                "url": "https://api.github.com/users/fengsp",
                "html_url": "https://github.com/fengsp",
                "followers_url": "https://api.github.com/users/fengsp/followers",
                "following_url": "https://api.github.com/users/fengsp/following{/other_user}",
                "gists_url": "https://api.github.com/users/fengsp/gists{/gist_id}",
                "starred_url": "https://api.github.com/users/fengsp/starred{/owner}{/repo}",
                "subscriptions_url": "https://api.github.com/users/fengsp/subscriptions",
                "organizations_url": "https://api.github.com/users/fengsp/orgs",
                "repos_url": "https://api.github.com/users/fengsp/repos",
                "events_url": "https://api.github.com/users/fengsp/events{/privacy}",
                "received_events_url": "https://api.github.com/users/fengsp/received_events",
                "type": "User",
                "site_admin": false
            },
            "created_at": "2014-07-29T08:13:59Z",
            "updated_at": "2014-07-29T08:13:59Z",
            "author_association": "CONTRIBUTOR",
            "body": "@toader Maybe useless?  Here is not your playground, please close this and stop sending spam.\n"
        },
        {
            "url": "https://api.github.com/repos/pallets/flask/issues/comments/50447633",
            "html_url": "https://github.com/pallets/flask/pull/1136#issuecomment-50447633",
            "issue_url": "https://api.github.com/repos/pallets/flask/issues/1136",
            "id": 50447633,
            "node_id": "MDEyOklzc3VlQ29tbWVudDUwNDQ3NjMz",
            "user": {
                "login": "fengsp",
                "id": 2986070,
                "node_id": "MDQ6VXNlcjI5ODYwNzA=",
                "avatar_url": "https://avatars3.githubusercontent.com/u/2986070?v=4",
                "gravatar_id": "",
                "url": "https://api.github.com/users/fengsp",
                "html_url": "https://github.com/fengsp",
                "followers_url": "https://api.github.com/users/fengsp/followers",
                "following_url": "https://api.github.com/users/fengsp/following{/other_user}",
                "gists_url": "https://api.github.com/users/fengsp/gists{/gist_id}",
                "starred_url": "https://api.github.com/users/fengsp/starred{/owner}{/repo}",
                "subscriptions_url": "https://api.github.com/users/fengsp/subscriptions",
                "organizations_url": "https://api.github.com/users/fengsp/orgs",
                "repos_url": "https://api.github.com/users/fengsp/repos",
                "events_url": "https://api.github.com/users/fengsp/events{/privacy}",
                "received_events_url": "https://api.github.com/users/fengsp/received_events",
                "type": "User",
                "site_admin": false
            },
            "created_at": "2014-07-29T08:15:21Z",
            "updated_at": "2014-07-29T08:15:21Z",
            "author_association": "CONTRIBUTOR",
            "body": "@ThiefMaster It is better to be nice to new comers.\n"
        },
        {
            "url": "https://api.github.com/repos/pallets/flask/issues/comments/50447732",
            "html_url": "https://github.com/pallets/flask/pull/1136#issuecomment-50447732",
            "issue_url": "https://api.github.com/repos/pallets/flask/issues/1136",
            "id": 50447732,
            "node_id": "MDEyOklzc3VlQ29tbWVudDUwNDQ3NzMy",
            "user": {
                "login": "ThiefMaster",
                "id": 179599,
                "node_id": "MDQ6VXNlcjE3OTU5OQ==",
                "avatar_url": "https://avatars1.githubusercontent.com/u/179599?v=4",
                "gravatar_id": "",
                "url": "https://api.github.com/users/ThiefMaster",
                "html_url": "https://github.com/ThiefMaster",
                "followers_url": "https://api.github.com/users/ThiefMaster/followers",
                "following_url": "https://api.github.com/users/ThiefMaster/following{/other_user}",
                "gists_url": "https://api.github.com/users/ThiefMaster/gists{/gist_id}",
                "starred_url": "https://api.github.com/users/ThiefMaster/starred{/owner}{/repo}",
                "subscriptions_url": "https://api.github.com/users/ThiefMaster/subscriptions",
                "organizations_url": "https://api.github.com/users/ThiefMaster/orgs",
                "repos_url": "https://api.github.com/users/ThiefMaster/repos",
                "events_url": "https://api.github.com/users/ThiefMaster/events{/privacy}",
                "received_events_url": "https://api.github.com/users/ThiefMaster/received_events",
                "type": "User",
                "site_admin": false
            },
            "created_at": "2014-07-29T08:16:31Z",
            "updated_at": "2014-07-29T08:16:31Z",
            "author_association": "MEMBER",
            "body": "I believe common sense dictates you that a random project's issue tracker is not a playground.\n"
        },
        {
            "url": "https://api.github.com/repos/pallets/flask/issues/comments/50464166",
            "html_url": "https://github.com/pallets/flask/pull/1136#issuecomment-50464166",
            "issue_url": "https://api.github.com/repos/pallets/flask/issues/1136",
            "id": 50464166,
            "node_id": "MDEyOklzc3VlQ29tbWVudDUwNDY0MTY2",
            "user": {
                "login": "DasIch",
                "id": 182316,
                "node_id": "MDQ6VXNlcjE4MjMxNg==",
                "avatar_url": "https://avatars0.githubusercontent.com/u/182316?v=4",
                "gravatar_id": "",
                "url": "https://api.github.com/users/DasIch",
                "html_url": "https://github.com/DasIch",
                "followers_url": "https://api.github.com/users/DasIch/followers",
                "following_url": "https://api.github.com/users/DasIch/following{/other_user}",
                "gists_url": "https://api.github.com/users/DasIch/gists{/gist_id}",
                "starred_url": "https://api.github.com/users/DasIch/starred{/owner}{/repo}",
                "subscriptions_url": "https://api.github.com/users/DasIch/subscriptions",
                "organizations_url": "https://api.github.com/users/DasIch/orgs",
                "repos_url": "https://api.github.com/users/DasIch/repos",
                "events_url": "https://api.github.com/users/DasIch/events{/privacy}",
                "received_events_url": "https://api.github.com/users/DasIch/received_events",
                "type": "User",
                "site_admin": false
            },
            "created_at": "2014-07-29T11:26:54Z",
            "updated_at": "2014-07-29T11:26:54Z",
            "author_association": "CONTRIBUTOR",
            "body": "If you want to play around, use your own repo.\n"
        }
    ]
}