{
    "url": "https://api.github.com/repos/pallets/flask/issues/1137",
    "repository_url": "https://api.github.com/repos/pallets/flask",
    "labels_url": "https://api.github.com/repos/pallets/flask/issues/1137/labels{/name}",
    "comments_url": "https://api.github.com/repos/pallets/flask/issues/1137/comments",
    "events_url": "https://api.github.com/repos/pallets/flask/issues/1137/events",
    "html_url": "https://github.com/pallets/flask/pull/1137",
    "id": 39042355,
    "node_id": "MDExOlB1bGxSZXF1ZXN0MTkwNTkwMTE=",
    "number": 1137,
    "title": "Quoted all HTML attributes",
    "user": {
        "login": "verygoodsoftwarenotvirus",
        "id": 1289344,
        "node_id": "MDQ6VXNlcjEyODkzNDQ=",
        "avatar_url": "https://avatars2.githubusercontent.com/u/1289344?v=4",
        "gravatar_id": "",
        "url": "https://api.github.com/users/verygoodsoftwarenotvirus",
        "html_url": "https://github.com/verygoodsoftwarenotvirus",
        "followers_url": "https://api.github.com/users/verygoodsoftwarenotvirus/followers",
        "following_url": "https://api.github.com/users/verygoodsoftwarenotvirus/following{/other_user}",
        "gists_url": "https://api.github.com/users/verygoodsoftwarenotvirus/gists{/gist_id}",
        "starred_url": "https://api.github.com/users/verygoodsoftwarenotvirus/starred{/owner}{/repo}",
        "subscriptions_url": "https://api.github.com/users/verygoodsoftwarenotvirus/subscriptions",
        "organizations_url": "https://api.github.com/users/verygoodsoftwarenotvirus/orgs",
        "repos_url": "https://api.github.com/users/verygoodsoftwarenotvirus/repos",
        "events_url": "https://api.github.com/users/verygoodsoftwarenotvirus/events{/privacy}",
        "received_events_url": "https://api.github.com/users/verygoodsoftwarenotvirus/received_events",
        "type": "User",
        "site_admin": false
    },
    "labels": [],
    "state": "closed",
    "locked": false,
    "assignee": null,
    "assignees": [],
    "milestone": null,
    "comments": 4,
    "created_at": "2014-07-29T22:24:40Z",
    "updated_at": "2014-07-30T01:37:54Z",
    "closed_at": "2014-07-30T01:37:54Z",
    "author_association": "CONTRIBUTOR",
    "pull_request": {
        "url": "https://api.github.com/repos/pallets/flask/pulls/1137",
        "html_url": "https://github.com/pallets/flask/pull/1137",
        "diff_url": "https://github.com/pallets/flask/pull/1137.diff",
        "patch_url": "https://github.com/pallets/flask/pull/1137.patch"
    },
    "body": "Addressed issue #1134.\n",
    "comments_inline": [
        {
            "url": "https://api.github.com/repos/pallets/flask/issues/comments/50548186",
            "html_url": "https://github.com/pallets/flask/pull/1137#issuecomment-50548186",
            "issue_url": "https://api.github.com/repos/pallets/flask/issues/1137",
            "id": 50548186,
            "node_id": "MDEyOklzc3VlQ29tbWVudDUwNTQ4MTg2",
            "user": {
                "login": "danielchatfield",
                "id": 1058676,
                "node_id": "MDQ6VXNlcjEwNTg2NzY=",
                "avatar_url": "https://avatars3.githubusercontent.com/u/1058676?v=4",
                "gravatar_id": "",
                "url": "https://api.github.com/users/danielchatfield",
                "html_url": "https://github.com/danielchatfield",
                "followers_url": "https://api.github.com/users/danielchatfield/followers",
                "following_url": "https://api.github.com/users/danielchatfield/following{/other_user}",
                "gists_url": "https://api.github.com/users/danielchatfield/gists{/gist_id}",
                "starred_url": "https://api.github.com/users/danielchatfield/starred{/owner}{/repo}",
                "subscriptions_url": "https://api.github.com/users/danielchatfield/subscriptions",
                "organizations_url": "https://api.github.com/users/danielchatfield/orgs",
                "repos_url": "https://api.github.com/users/danielchatfield/repos",
                "events_url": "https://api.github.com/users/danielchatfield/events{/privacy}",
                "received_events_url": "https://api.github.com/users/danielchatfield/received_events",
                "type": "User",
                "site_admin": false
            },
            "created_at": "2014-07-29T22:27:24Z",
            "updated_at": "2014-07-29T22:27:24Z",
            "author_association": "NONE",
            "body": "haha, just when I finally get round to doing this (was literally doing it now).\n\n:+1: Will need commits squashed before merging though.\n"
        },
        {
            "url": "https://api.github.com/repos/pallets/flask/issues/comments/50549984",
            "html_url": "https://github.com/pallets/flask/pull/1137#issuecomment-50549984",
            "issue_url": "https://api.github.com/repos/pallets/flask/issues/1137",
            "id": 50549984,
            "node_id": "MDEyOklzc3VlQ29tbWVudDUwNTQ5OTg0",
            "user": {
                "login": "verygoodsoftwarenotvirus",
                "id": 1289344,
                "node_id": "MDQ6VXNlcjEyODkzNDQ=",
                "avatar_url": "https://avatars2.githubusercontent.com/u/1289344?v=4",
                "gravatar_id": "",
                "url": "https://api.github.com/users/verygoodsoftwarenotvirus",
                "html_url": "https://github.com/verygoodsoftwarenotvirus",
                "followers_url": "https://api.github.com/users/verygoodsoftwarenotvirus/followers",
                "following_url": "https://api.github.com/users/verygoodsoftwarenotvirus/following{/other_user}",
                "gists_url": "https://api.github.com/users/verygoodsoftwarenotvirus/gists{/gist_id}",
                "starred_url": "https://api.github.com/users/verygoodsoftwarenotvirus/starred{/owner}{/repo}",
                "subscriptions_url": "https://api.github.com/users/verygoodsoftwarenotvirus/subscriptions",
                "organizations_url": "https://api.github.com/users/verygoodsoftwarenotvirus/orgs",
                "repos_url": "https://api.github.com/users/verygoodsoftwarenotvirus/repos",
                "events_url": "https://api.github.com/users/verygoodsoftwarenotvirus/events{/privacy}",
                "received_events_url": "https://api.github.com/users/verygoodsoftwarenotvirus/received_events",
                "type": "User",
                "site_admin": false
            },
            "created_at": "2014-07-29T22:46:15Z",
            "updated_at": "2014-07-29T22:46:15Z",
            "author_association": "CONTRIBUTOR",
            "body": "Haha, sorry to beat you to the punch. I made all these edits in GitHub's web editor while I had some downtime at work, I'll get them squashed when I get home and have access to a terminal.\n"
        },
        {
            "url": "https://api.github.com/repos/pallets/flask/issues/comments/50556573",
            "html_url": "https://github.com/pallets/flask/pull/1137#issuecomment-50556573",
            "issue_url": "https://api.github.com/repos/pallets/flask/issues/1137",
            "id": 50556573,
            "node_id": "MDEyOklzc3VlQ29tbWVudDUwNTU2NTcz",
            "user": {
                "login": "verygoodsoftwarenotvirus",
                "id": 1289344,
                "node_id": "MDQ6VXNlcjEyODkzNDQ=",
                "avatar_url": "https://avatars2.githubusercontent.com/u/1289344?v=4",
                "gravatar_id": "",
                "url": "https://api.github.com/users/verygoodsoftwarenotvirus",
                "html_url": "https://github.com/verygoodsoftwarenotvirus",
                "followers_url": "https://api.github.com/users/verygoodsoftwarenotvirus/followers",
                "following_url": "https://api.github.com/users/verygoodsoftwarenotvirus/following{/other_user}",
                "gists_url": "https://api.github.com/users/verygoodsoftwarenotvirus/gists{/gist_id}",
                "starred_url": "https://api.github.com/users/verygoodsoftwarenotvirus/starred{/owner}{/repo}",
                "subscriptions_url": "https://api.github.com/users/verygoodsoftwarenotvirus/subscriptions",
                "organizations_url": "https://api.github.com/users/verygoodsoftwarenotvirus/orgs",
                "repos_url": "https://api.github.com/users/verygoodsoftwarenotvirus/repos",
                "events_url": "https://api.github.com/users/verygoodsoftwarenotvirus/events{/privacy}",
                "received_events_url": "https://api.github.com/users/verygoodsoftwarenotvirus/received_events",
                "type": "User",
                "site_admin": false
            },
            "created_at": "2014-07-30T00:00:50Z",
            "updated_at": "2014-07-30T00:00:50Z",
            "author_association": "CONTRIBUTOR",
            "body": "Gah, I've never done this before. Hopefully that's better?\n"
        },
        {
            "url": "https://api.github.com/repos/pallets/flask/issues/comments/50563882",
            "html_url": "https://github.com/pallets/flask/pull/1137#issuecomment-50563882",
            "issue_url": "https://api.github.com/repos/pallets/flask/issues/1137",
            "id": 50563882,
            "node_id": "MDEyOklzc3VlQ29tbWVudDUwNTYzODgy",
            "user": {
                "login": "verygoodsoftwarenotvirus",
                "id": 1289344,
                "node_id": "MDQ6VXNlcjEyODkzNDQ=",
                "avatar_url": "https://avatars2.githubusercontent.com/u/1289344?v=4",
                "gravatar_id": "",
                "url": "https://api.github.com/users/verygoodsoftwarenotvirus",
                "html_url": "https://github.com/verygoodsoftwarenotvirus",
                "followers_url": "https://api.github.com/users/verygoodsoftwarenotvirus/followers",
                "following_url": "https://api.github.com/users/verygoodsoftwarenotvirus/following{/other_user}",
                "gists_url": "https://api.github.com/users/verygoodsoftwarenotvirus/gists{/gist_id}",
                "starred_url": "https://api.github.com/users/verygoodsoftwarenotvirus/starred{/owner}{/repo}",
                "subscriptions_url": "https://api.github.com/users/verygoodsoftwarenotvirus/subscriptions",
                "organizations_url": "https://api.github.com/users/verygoodsoftwarenotvirus/orgs",
                "repos_url": "https://api.github.com/users/verygoodsoftwarenotvirus/repos",
                "events_url": "https://api.github.com/users/verygoodsoftwarenotvirus/events{/privacy}",
                "received_events_url": "https://api.github.com/users/verygoodsoftwarenotvirus/received_events",
                "type": "User",
                "site_admin": false
            },
            "created_at": "2014-07-30T01:37:53Z",
            "updated_at": "2014-07-30T01:37:53Z",
            "author_association": "CONTRIBUTOR",
            "body": "Going to just close this and make a new pull request only one commit.\n"
        }
    ]
}