{
    "url": "https://api.github.com/repos/pallets/flask/issues/1138",
    "repository_url": "https://api.github.com/repos/pallets/flask",
    "labels_url": "https://api.github.com/repos/pallets/flask/issues/1138/labels{/name}",
    "comments_url": "https://api.github.com/repos/pallets/flask/issues/1138/comments",
    "events_url": "https://api.github.com/repos/pallets/flask/issues/1138/events",
    "html_url": "https://github.com/pallets/flask/pull/1138",
    "id": 39053601,
    "node_id": "MDExOlB1bGxSZXF1ZXN0MTkwNjU2Mzg=",
    "number": 1138,
    "title": "Quoted all HTML attributes.",
    "user": {
        "login": "verygoodsoftwarenotvirus",
        "id": 1289344,
        "node_id": "MDQ6VXNlcjEyODkzNDQ=",
        "avatar_url": "https://avatars2.githubusercontent.com/u/1289344?v=4",
        "gravatar_id": "",
        "url": "https://api.github.com/users/verygoodsoftwarenotvirus",
        "html_url": "https://github.com/verygoodsoftwarenotvirus",
        "followers_url": "https://api.github.com/users/verygoodsoftwarenotvirus/followers",
        "following_url": "https://api.github.com/users/verygoodsoftwarenotvirus/following{/other_user}",
        "gists_url": "https://api.github.com/users/verygoodsoftwarenotvirus/gists{/gist_id}",
        "starred_url": "https://api.github.com/users/verygoodsoftwarenotvirus/starred{/owner}{/repo}",
        "subscriptions_url": "https://api.github.com/users/verygoodsoftwarenotvirus/subscriptions",
        "organizations_url": "https://api.github.com/users/verygoodsoftwarenotvirus/orgs",
        "repos_url": "https://api.github.com/users/verygoodsoftwarenotvirus/repos",
        "events_url": "https://api.github.com/users/verygoodsoftwarenotvirus/events{/privacy}",
        "received_events_url": "https://api.github.com/users/verygoodsoftwarenotvirus/received_events",
        "type": "User",
        "site_admin": false
    },
    "labels": [],
    "state": "closed",
    "locked": false,
    "assignee": null,
    "assignees": [],
    "milestone": null,
    "comments": 0,
    "created_at": "2014-07-30T01:44:03Z",
    "updated_at": "2014-07-31T08:33:45Z",
    "closed_at": "2014-07-31T08:33:45Z",
    "author_association": "CONTRIBUTOR",
    "pull_request": {
        "url": "https://api.github.com/repos/pallets/flask/pulls/1138",
        "html_url": "https://github.com/pallets/flask/pull/1138",
        "diff_url": "https://github.com/pallets/flask/pull/1138.diff",
        "patch_url": "https://github.com/pallets/flask/pull/1138.patch"
    },
    "body": "Addressed issue #1134\n"
}