{
    "url": "https://api.github.com/repos/pallets/flask/issues/1140",
    "repository_url": "https://api.github.com/repos/pallets/flask",
    "labels_url": "https://api.github.com/repos/pallets/flask/issues/1140/labels{/name}",
    "comments_url": "https://api.github.com/repos/pallets/flask/issues/1140/comments",
    "events_url": "https://api.github.com/repos/pallets/flask/issues/1140/events",
    "html_url": "https://github.com/pallets/flask/issues/1140",
    "id": 39506870,
    "node_id": "MDU6SXNzdWUzOTUwNjg3MA==",
    "number": 1140,
    "title": "Can we make use of the Milestones features of GitHub to have at least an indication of how far we are from the next release?",
    "user": {
        "login": "lipis",
        "id": 125676,
        "node_id": "MDQ6VXNlcjEyNTY3Ng==",
        "avatar_url": "https://avatars1.githubusercontent.com/u/125676?v=4",
        "gravatar_id": "",
        "url": "https://api.github.com/users/lipis",
        "html_url": "https://github.com/lipis",
        "followers_url": "https://api.github.com/users/lipis/followers",
        "following_url": "https://api.github.com/users/lipis/following{/other_user}",
        "gists_url": "https://api.github.com/users/lipis/gists{/gist_id}",
        "starred_url": "https://api.github.com/users/lipis/starred{/owner}{/repo}",
        "subscriptions_url": "https://api.github.com/users/lipis/subscriptions",
        "organizations_url": "https://api.github.com/users/lipis/orgs",
        "repos_url": "https://api.github.com/users/lipis/repos",
        "events_url": "https://api.github.com/users/lipis/events{/privacy}",
        "received_events_url": "https://api.github.com/users/lipis/received_events",
        "type": "User",
        "site_admin": false
    },
    "labels": [
        {
            "id": 125213303,
            "node_id": "MDU6TGFiZWwxMjUyMTMzMDM=",
            "url": "https://api.github.com/repos/pallets/flask/labels/discussion",
            "name": "discussion",
            "color": "c5def5",
            "default": false,
            "description": null
        }
    ],
    "state": "closed",
    "locked": false,
    "assignee": null,
    "assignees": [],
    "milestone": null,
    "comments": 18,
    "created_at": "2014-08-05T10:48:57Z",
    "updated_at": "2016-11-04T17:51:15Z",
    "closed_at": "2014-10-20T05:58:45Z",
    "author_association": "NONE",
    "body": "The latest [Milestones](https://github.com/mitsuhiko/flask/milestones) section is not that bad and it would really nice indication on what is left until the next version, or why is not there yet..\n\nIt's been more than a year since the last [release](https://github.com/mitsuhiko/flask/releases), but the project is far from inactive as we can see from the commits and issues.. \n",
    "comments_inline": [
        {
            "url": "https://api.github.com/repos/pallets/flask/issues/comments/51184794",
            "html_url": "https://github.com/pallets/flask/issues/1140#issuecomment-51184794",
            "issue_url": "https://api.github.com/repos/pallets/flask/issues/1140",
            "id": 51184794,
            "node_id": "MDEyOklzc3VlQ29tbWVudDUxMTg0Nzk0",
            "user": {
                "login": "untitaker",
                "id": 837573,
                "node_id": "MDQ6VXNlcjgzNzU3Mw==",
                "avatar_url": "https://avatars0.githubusercontent.com/u/837573?v=4",
                "gravatar_id": "",
                "url": "https://api.github.com/users/untitaker",
                "html_url": "https://github.com/untitaker",
                "followers_url": "https://api.github.com/users/untitaker/followers",
                "following_url": "https://api.github.com/users/untitaker/following{/other_user}",
                "gists_url": "https://api.github.com/users/untitaker/gists{/gist_id}",
                "starred_url": "https://api.github.com/users/untitaker/starred{/owner}{/repo}",
                "subscriptions_url": "https://api.github.com/users/untitaker/subscriptions",
                "organizations_url": "https://api.github.com/users/untitaker/orgs",
                "repos_url": "https://api.github.com/users/untitaker/repos",
                "events_url": "https://api.github.com/users/untitaker/events{/privacy}",
                "received_events_url": "https://api.github.com/users/untitaker/received_events",
                "type": "User",
                "site_admin": false
            },
            "created_at": "2014-08-05T11:28:12Z",
            "updated_at": "2014-08-05T11:28:12Z",
            "author_association": "MEMBER",
            "body": "https://github.com/pocoo/metaflask/issues/55\n"
        },
        {
            "url": "https://api.github.com/repos/pallets/flask/issues/comments/52053524",
            "html_url": "https://github.com/pallets/flask/issues/1140#issuecomment-52053524",
            "issue_url": "https://api.github.com/repos/pallets/flask/issues/1140",
            "id": 52053524,
            "node_id": "MDEyOklzc3VlQ29tbWVudDUyMDUzNTI0",
            "user": {
                "login": "danielchatfield",
                "id": 1058676,
                "node_id": "MDQ6VXNlcjEwNTg2NzY=",
                "avatar_url": "https://avatars3.githubusercontent.com/u/1058676?v=4",
                "gravatar_id": "",
                "url": "https://api.github.com/users/danielchatfield",
                "html_url": "https://github.com/danielchatfield",
                "followers_url": "https://api.github.com/users/danielchatfield/followers",
                "following_url": "https://api.github.com/users/danielchatfield/following{/other_user}",
                "gists_url": "https://api.github.com/users/danielchatfield/gists{/gist_id}",
                "starred_url": "https://api.github.com/users/danielchatfield/starred{/owner}{/repo}",
                "subscriptions_url": "https://api.github.com/users/danielchatfield/subscriptions",
                "organizations_url": "https://api.github.com/users/danielchatfield/orgs",
                "repos_url": "https://api.github.com/users/danielchatfield/repos",
                "events_url": "https://api.github.com/users/danielchatfield/events{/privacy}",
                "received_events_url": "https://api.github.com/users/danielchatfield/received_events",
                "type": "User",
                "site_admin": false
            },
            "created_at": "2014-08-13T14:14:43Z",
            "updated_at": "2014-08-13T14:14:43Z",
            "author_association": "NONE",
            "body": "I've put a bounty on this, I really think it would make a massive difference and it isn't something that a non-collaborator can do.\n\n[![Bountysource](https://www.bountysource.com/badge/issue?issue_id=3561585)](https://www.bountysource.com/issues/3561585-can-we-make-use-of-the-milestones-features-of-github-to-have-at-least-an-indication-of-how-far-we-are-from-the-next-release?utm_source=3561585&utm_medium=shield&utm_campaign=ISSUE_BADGE)\n"
        },
        {
            "url": "https://api.github.com/repos/pallets/flask/issues/comments/52098502",
            "html_url": "https://github.com/pallets/flask/issues/1140#issuecomment-52098502",
            "issue_url": "https://api.github.com/repos/pallets/flask/issues/1140",
            "id": 52098502,
            "node_id": "MDEyOklzc3VlQ29tbWVudDUyMDk4NTAy",
            "user": {
                "login": "smurfix",
                "id": 236571,
                "node_id": "MDQ6VXNlcjIzNjU3MQ==",
                "avatar_url": "https://avatars3.githubusercontent.com/u/236571?v=4",
                "gravatar_id": "",
                "url": "https://api.github.com/users/smurfix",
                "html_url": "https://github.com/smurfix",
                "followers_url": "https://api.github.com/users/smurfix/followers",
                "following_url": "https://api.github.com/users/smurfix/following{/other_user}",
                "gists_url": "https://api.github.com/users/smurfix/gists{/gist_id}",
                "starred_url": "https://api.github.com/users/smurfix/starred{/owner}{/repo}",
                "subscriptions_url": "https://api.github.com/users/smurfix/subscriptions",
                "organizations_url": "https://api.github.com/users/smurfix/orgs",
                "repos_url": "https://api.github.com/users/smurfix/repos",
                "events_url": "https://api.github.com/users/smurfix/events{/privacy}",
                "received_events_url": "https://api.github.com/users/smurfix/received_events",
                "type": "User",
                "site_admin": false
            },
            "created_at": "2014-08-13T19:32:09Z",
            "updated_at": "2014-08-13T19:32:09Z",
            "author_association": "NONE",
            "body": "Don't just +1 this \u2013 +$$ the bounty. I just did (having absolutely no free time to work on the issue myself).\n"
        },
        {
            "url": "https://api.github.com/repos/pallets/flask/issues/comments/53157622",
            "html_url": "https://github.com/pallets/flask/issues/1140#issuecomment-53157622",
            "issue_url": "https://api.github.com/repos/pallets/flask/issues/1140",
            "id": 53157622,
            "node_id": "MDEyOklzc3VlQ29tbWVudDUzMTU3NjIy",
            "user": {
                "login": "mitsuhiko",
                "id": 7396,
                "node_id": "MDQ6VXNlcjczOTY=",
                "avatar_url": "https://avatars1.githubusercontent.com/u/7396?v=4",
                "gravatar_id": "",
                "url": "https://api.github.com/users/mitsuhiko",
                "html_url": "https://github.com/mitsuhiko",
                "followers_url": "https://api.github.com/users/mitsuhiko/followers",
                "following_url": "https://api.github.com/users/mitsuhiko/following{/other_user}",
                "gists_url": "https://api.github.com/users/mitsuhiko/gists{/gist_id}",
                "starred_url": "https://api.github.com/users/mitsuhiko/starred{/owner}{/repo}",
                "subscriptions_url": "https://api.github.com/users/mitsuhiko/subscriptions",
                "organizations_url": "https://api.github.com/users/mitsuhiko/orgs",
                "repos_url": "https://api.github.com/users/mitsuhiko/repos",
                "events_url": "https://api.github.com/users/mitsuhiko/events{/privacy}",
                "received_events_url": "https://api.github.com/users/mitsuhiko/received_events",
                "type": "User",
                "site_admin": false
            },
            "created_at": "2014-08-23T16:23:41Z",
            "updated_at": "2014-08-23T16:23:41Z",
            "author_association": "MEMBER",
            "body": "A release is coming.  Very soon.\n"
        },
        {
            "url": "https://api.github.com/repos/pallets/flask/issues/comments/53157689",
            "html_url": "https://github.com/pallets/flask/issues/1140#issuecomment-53157689",
            "issue_url": "https://api.github.com/repos/pallets/flask/issues/1140",
            "id": 53157689,
            "node_id": "MDEyOklzc3VlQ29tbWVudDUzMTU3Njg5",
            "user": {
                "login": "mitsuhiko",
                "id": 7396,
                "node_id": "MDQ6VXNlcjczOTY=",
                "avatar_url": "https://avatars1.githubusercontent.com/u/7396?v=4",
                "gravatar_id": "",
                "url": "https://api.github.com/users/mitsuhiko",
                "html_url": "https://github.com/mitsuhiko",
                "followers_url": "https://api.github.com/users/mitsuhiko/followers",
                "following_url": "https://api.github.com/users/mitsuhiko/following{/other_user}",
                "gists_url": "https://api.github.com/users/mitsuhiko/gists{/gist_id}",
                "starred_url": "https://api.github.com/users/mitsuhiko/starred{/owner}{/repo}",
                "subscriptions_url": "https://api.github.com/users/mitsuhiko/subscriptions",
                "organizations_url": "https://api.github.com/users/mitsuhiko/orgs",
                "repos_url": "https://api.github.com/users/mitsuhiko/repos",
                "events_url": "https://api.github.com/users/mitsuhiko/events{/privacy}",
                "received_events_url": "https://api.github.com/users/mitsuhiko/received_events",
                "type": "User",
                "site_admin": false
            },
            "created_at": "2014-08-23T16:25:58Z",
            "updated_at": "2014-08-23T16:25:58Z",
            "author_association": "MEMBER",
            "body": "In regards of the milestone feature I am investigating it.  I think there are no reasons we could not use it.\n"
        },
        {
            "url": "https://api.github.com/repos/pallets/flask/issues/comments/53157707",
            "html_url": "https://github.com/pallets/flask/issues/1140#issuecomment-53157707",
            "issue_url": "https://api.github.com/repos/pallets/flask/issues/1140",
            "id": 53157707,
            "node_id": "MDEyOklzc3VlQ29tbWVudDUzMTU3NzA3",
            "user": {
                "login": "danielchatfield",
                "id": 1058676,
                "node_id": "MDQ6VXNlcjEwNTg2NzY=",
                "avatar_url": "https://avatars3.githubusercontent.com/u/1058676?v=4",
                "gravatar_id": "",
                "url": "https://api.github.com/users/danielchatfield",
                "html_url": "https://github.com/danielchatfield",
                "followers_url": "https://api.github.com/users/danielchatfield/followers",
                "following_url": "https://api.github.com/users/danielchatfield/following{/other_user}",
                "gists_url": "https://api.github.com/users/danielchatfield/gists{/gist_id}",
                "starred_url": "https://api.github.com/users/danielchatfield/starred{/owner}{/repo}",
                "subscriptions_url": "https://api.github.com/users/danielchatfield/subscriptions",
                "organizations_url": "https://api.github.com/users/danielchatfield/orgs",
                "repos_url": "https://api.github.com/users/danielchatfield/repos",
                "events_url": "https://api.github.com/users/danielchatfield/events{/privacy}",
                "received_events_url": "https://api.github.com/users/danielchatfield/received_events",
                "type": "User",
                "site_admin": false
            },
            "created_at": "2014-08-23T16:26:24Z",
            "updated_at": "2014-08-23T16:26:24Z",
            "author_association": "NONE",
            "body": "Relevant discussion in https://github.com/pocoo/metaflask/issues/55\n"
        },
        {
            "url": "https://api.github.com/repos/pallets/flask/issues/comments/58117493",
            "html_url": "https://github.com/pallets/flask/issues/1140#issuecomment-58117493",
            "issue_url": "https://api.github.com/repos/pallets/flask/issues/1140",
            "id": 58117493,
            "node_id": "MDEyOklzc3VlQ29tbWVudDU4MTE3NDkz",
            "user": {
                "login": "lipis",
                "id": 125676,
                "node_id": "MDQ6VXNlcjEyNTY3Ng==",
                "avatar_url": "https://avatars1.githubusercontent.com/u/125676?v=4",
                "gravatar_id": "",
                "url": "https://api.github.com/users/lipis",
                "html_url": "https://github.com/lipis",
                "followers_url": "https://api.github.com/users/lipis/followers",
                "following_url": "https://api.github.com/users/lipis/following{/other_user}",
                "gists_url": "https://api.github.com/users/lipis/gists{/gist_id}",
                "starred_url": "https://api.github.com/users/lipis/starred{/owner}{/repo}",
                "subscriptions_url": "https://api.github.com/users/lipis/subscriptions",
                "organizations_url": "https://api.github.com/users/lipis/orgs",
                "repos_url": "https://api.github.com/users/lipis/repos",
                "events_url": "https://api.github.com/users/lipis/events{/privacy}",
                "received_events_url": "https://api.github.com/users/lipis/received_events",
                "type": "User",
                "site_admin": false
            },
            "created_at": "2014-10-06T23:46:32Z",
            "updated_at": "2014-10-06T23:46:32Z",
            "author_association": "NONE",
            "body": "@mitsuhiko what happen to the:\n\n> A release is coming. Very soon.\n\nIt's been almost two months... :) How soon is the very soon?\n"
        },
        {
            "url": "https://api.github.com/repos/pallets/flask/issues/comments/58169450",
            "html_url": "https://github.com/pallets/flask/issues/1140#issuecomment-58169450",
            "issue_url": "https://api.github.com/repos/pallets/flask/issues/1140",
            "id": 58169450,
            "node_id": "MDEyOklzc3VlQ29tbWVudDU4MTY5NDUw",
            "user": {
                "login": "untitaker",
                "id": 837573,
                "node_id": "MDQ6VXNlcjgzNzU3Mw==",
                "avatar_url": "https://avatars0.githubusercontent.com/u/837573?v=4",
                "gravatar_id": "",
                "url": "https://api.github.com/users/untitaker",
                "html_url": "https://github.com/untitaker",
                "followers_url": "https://api.github.com/users/untitaker/followers",
                "following_url": "https://api.github.com/users/untitaker/following{/other_user}",
                "gists_url": "https://api.github.com/users/untitaker/gists{/gist_id}",
                "starred_url": "https://api.github.com/users/untitaker/starred{/owner}{/repo}",
                "subscriptions_url": "https://api.github.com/users/untitaker/subscriptions",
                "organizations_url": "https://api.github.com/users/untitaker/orgs",
                "repos_url": "https://api.github.com/users/untitaker/repos",
                "events_url": "https://api.github.com/users/untitaker/events{/privacy}",
                "received_events_url": "https://api.github.com/users/untitaker/received_events",
                "type": "User",
                "site_admin": false
            },
            "created_at": "2014-10-07T11:17:15Z",
            "updated_at": "2014-10-07T11:17:15Z",
            "author_association": "MEMBER",
            "body": "IMO Flask should get a release anytime in the near future. There are a few blocking documentation issues left in its issuetracker though, and these are IMO quite controversial, so input would be apprechiated.\n\nAs for Werkzeug, there is still a lot i want to get in first before doing a bugfix release. There is already very much stuff in there, but a large portion of these were overdue things that have been reported in 2011 or so.\n\nIn other words, a release is pointless if there are no changes. Help fixing bugs if you'd like to have them fixed.\n"
        },
        {
            "url": "https://api.github.com/repos/pallets/flask/issues/comments/58169842",
            "html_url": "https://github.com/pallets/flask/issues/1140#issuecomment-58169842",
            "issue_url": "https://api.github.com/repos/pallets/flask/issues/1140",
            "id": 58169842,
            "node_id": "MDEyOklzc3VlQ29tbWVudDU4MTY5ODQy",
            "user": {
                "login": "danielchatfield",
                "id": 1058676,
                "node_id": "MDQ6VXNlcjEwNTg2NzY=",
                "avatar_url": "https://avatars3.githubusercontent.com/u/1058676?v=4",
                "gravatar_id": "",
                "url": "https://api.github.com/users/danielchatfield",
                "html_url": "https://github.com/danielchatfield",
                "followers_url": "https://api.github.com/users/danielchatfield/followers",
                "following_url": "https://api.github.com/users/danielchatfield/following{/other_user}",
                "gists_url": "https://api.github.com/users/danielchatfield/gists{/gist_id}",
                "starred_url": "https://api.github.com/users/danielchatfield/starred{/owner}{/repo}",
                "subscriptions_url": "https://api.github.com/users/danielchatfield/subscriptions",
                "organizations_url": "https://api.github.com/users/danielchatfield/orgs",
                "repos_url": "https://api.github.com/users/danielchatfield/repos",
                "events_url": "https://api.github.com/users/danielchatfield/events{/privacy}",
                "received_events_url": "https://api.github.com/users/danielchatfield/received_events",
                "type": "User",
                "site_admin": false
            },
            "created_at": "2014-10-07T11:21:53Z",
            "updated_at": "2014-10-07T11:21:53Z",
            "author_association": "NONE",
            "body": "> Help fixing bugs if you'd like to have them fixed.\n\nIf the milestones feature of github was used then other people would know what was blocking the release and be much much more inclined to help out.\n"
        },
        {
            "url": "https://api.github.com/repos/pallets/flask/issues/comments/58170275",
            "html_url": "https://github.com/pallets/flask/issues/1140#issuecomment-58170275",
            "issue_url": "https://api.github.com/repos/pallets/flask/issues/1140",
            "id": 58170275,
            "node_id": "MDEyOklzc3VlQ29tbWVudDU4MTcwMjc1",
            "user": {
                "login": "untitaker",
                "id": 837573,
                "node_id": "MDQ6VXNlcjgzNzU3Mw==",
                "avatar_url": "https://avatars0.githubusercontent.com/u/837573?v=4",
                "gravatar_id": "",
                "url": "https://api.github.com/users/untitaker",
                "html_url": "https://github.com/untitaker",
                "followers_url": "https://api.github.com/users/untitaker/followers",
                "following_url": "https://api.github.com/users/untitaker/following{/other_user}",
                "gists_url": "https://api.github.com/users/untitaker/gists{/gist_id}",
                "starred_url": "https://api.github.com/users/untitaker/starred{/owner}{/repo}",
                "subscriptions_url": "https://api.github.com/users/untitaker/subscriptions",
                "organizations_url": "https://api.github.com/users/untitaker/orgs",
                "repos_url": "https://api.github.com/users/untitaker/repos",
                "events_url": "https://api.github.com/users/untitaker/events{/privacy}",
                "received_events_url": "https://api.github.com/users/untitaker/received_events",
                "type": "User",
                "site_admin": false
            },
            "created_at": "2014-10-07T11:26:38Z",
            "updated_at": "2014-10-07T11:26:38Z",
            "author_association": "MEMBER",
            "body": "I use the blocker label for issues that need to be fixed for the next release from master, and milestones for API-breaking or otherwise long-term things that are planned for major versions. The reason i don't use milestones for blocking issues is because it never was clear to me which version is going to get released next. Sorry for not communicating this at all.\n"
        },
        {
            "url": "https://api.github.com/repos/pallets/flask/issues/comments/58174638",
            "html_url": "https://github.com/pallets/flask/issues/1140#issuecomment-58174638",
            "issue_url": "https://api.github.com/repos/pallets/flask/issues/1140",
            "id": 58174638,
            "node_id": "MDEyOklzc3VlQ29tbWVudDU4MTc0NjM4",
            "user": {
                "login": "lipis",
                "id": 125676,
                "node_id": "MDQ6VXNlcjEyNTY3Ng==",
                "avatar_url": "https://avatars1.githubusercontent.com/u/125676?v=4",
                "gravatar_id": "",
                "url": "https://api.github.com/users/lipis",
                "html_url": "https://github.com/lipis",
                "followers_url": "https://api.github.com/users/lipis/followers",
                "following_url": "https://api.github.com/users/lipis/following{/other_user}",
                "gists_url": "https://api.github.com/users/lipis/gists{/gist_id}",
                "starred_url": "https://api.github.com/users/lipis/starred{/owner}{/repo}",
                "subscriptions_url": "https://api.github.com/users/lipis/subscriptions",
                "organizations_url": "https://api.github.com/users/lipis/orgs",
                "repos_url": "https://api.github.com/users/lipis/repos",
                "events_url": "https://api.github.com/users/lipis/events{/privacy}",
                "received_events_url": "https://api.github.com/users/lipis/received_events",
                "type": "User",
                "site_admin": false
            },
            "created_at": "2014-10-07T12:12:41Z",
            "updated_at": "2014-10-07T12:12:41Z",
            "author_association": "NONE",
            "body": "So just to go back to the initial subject of that issue.. having milestones and putting issues in some milestones are making the whole thing super clear.. Now all we can see is 100+ issues (the `blocker` is ok but still, this is not how it suppose to work)\n\nI don't have time to help and in general I don't miss anything from the current Flask version that I'm using.. all I wanted is to have more often releases just not to think that this project is dead.. and I strongly believe that milestones help contributors!\n\nGood luck guys...\n"
        },
        {
            "url": "https://api.github.com/repos/pallets/flask/issues/comments/58212245",
            "html_url": "https://github.com/pallets/flask/issues/1140#issuecomment-58212245",
            "issue_url": "https://api.github.com/repos/pallets/flask/issues/1140",
            "id": 58212245,
            "node_id": "MDEyOklzc3VlQ29tbWVudDU4MjEyMjQ1",
            "user": {
                "login": "untitaker",
                "id": 837573,
                "node_id": "MDQ6VXNlcjgzNzU3Mw==",
                "avatar_url": "https://avatars0.githubusercontent.com/u/837573?v=4",
                "gravatar_id": "",
                "url": "https://api.github.com/users/untitaker",
                "html_url": "https://github.com/untitaker",
                "followers_url": "https://api.github.com/users/untitaker/followers",
                "following_url": "https://api.github.com/users/untitaker/following{/other_user}",
                "gists_url": "https://api.github.com/users/untitaker/gists{/gist_id}",
                "starred_url": "https://api.github.com/users/untitaker/starred{/owner}{/repo}",
                "subscriptions_url": "https://api.github.com/users/untitaker/subscriptions",
                "organizations_url": "https://api.github.com/users/untitaker/orgs",
                "repos_url": "https://api.github.com/users/untitaker/repos",
                "events_url": "https://api.github.com/users/untitaker/events{/privacy}",
                "received_events_url": "https://api.github.com/users/untitaker/received_events",
                "type": "User",
                "site_admin": false
            },
            "created_at": "2014-10-07T16:23:27Z",
            "updated_at": "2014-10-07T16:23:27Z",
            "author_association": "MEMBER",
            "body": "> this is not how it suppose to work\n\nCould you elaborate? The labelling mechanism in GitHub seems to be used for a lot of things (replacing status, severity and category fields from other bugtrackers)\n"
        },
        {
            "url": "https://api.github.com/repos/pallets/flask/issues/comments/58218236",
            "html_url": "https://github.com/pallets/flask/issues/1140#issuecomment-58218236",
            "issue_url": "https://api.github.com/repos/pallets/flask/issues/1140",
            "id": 58218236,
            "node_id": "MDEyOklzc3VlQ29tbWVudDU4MjE4MjM2",
            "user": {
                "login": "untitaker",
                "id": 837573,
                "node_id": "MDQ6VXNlcjgzNzU3Mw==",
                "avatar_url": "https://avatars0.githubusercontent.com/u/837573?v=4",
                "gravatar_id": "",
                "url": "https://api.github.com/users/untitaker",
                "html_url": "https://github.com/untitaker",
                "followers_url": "https://api.github.com/users/untitaker/followers",
                "following_url": "https://api.github.com/users/untitaker/following{/other_user}",
                "gists_url": "https://api.github.com/users/untitaker/gists{/gist_id}",
                "starred_url": "https://api.github.com/users/untitaker/starred{/owner}{/repo}",
                "subscriptions_url": "https://api.github.com/users/untitaker/subscriptions",
                "organizations_url": "https://api.github.com/users/untitaker/orgs",
                "repos_url": "https://api.github.com/users/untitaker/repos",
                "events_url": "https://api.github.com/users/untitaker/events{/privacy}",
                "received_events_url": "https://api.github.com/users/untitaker/received_events",
                "type": "User",
                "site_admin": false
            },
            "created_at": "2014-10-07T16:56:47Z",
            "updated_at": "2014-10-07T16:56:47Z",
            "author_association": "MEMBER",
            "body": "From IRC:\n\n> re the bugs: I have no idea what kind of guidance people want me to give.\n> Basically everything in the bugtrackers, there is no \"plan\" for releases\n> (except for following semantic versioning).  Even if the PR doesn't make it\n> into a release, the patch can be discussed independently of that\n\nand:\n\n> another problem is not only writing bugfixes, but also reviewing them: There\n> was very little feedback on major rewrites like\n> https://github.com/mitsuhiko/flask/pull/1153, even though it doesn't require\n> technical expertise to participate in that discussion\n"
        },
        {
            "url": "https://api.github.com/repos/pallets/flask/issues/comments/58220492",
            "html_url": "https://github.com/pallets/flask/issues/1140#issuecomment-58220492",
            "issue_url": "https://api.github.com/repos/pallets/flask/issues/1140",
            "id": 58220492,
            "node_id": "MDEyOklzc3VlQ29tbWVudDU4MjIwNDky",
            "user": {
                "login": "untitaker",
                "id": 837573,
                "node_id": "MDQ6VXNlcjgzNzU3Mw==",
                "avatar_url": "https://avatars0.githubusercontent.com/u/837573?v=4",
                "gravatar_id": "",
                "url": "https://api.github.com/users/untitaker",
                "html_url": "https://github.com/untitaker",
                "followers_url": "https://api.github.com/users/untitaker/followers",
                "following_url": "https://api.github.com/users/untitaker/following{/other_user}",
                "gists_url": "https://api.github.com/users/untitaker/gists{/gist_id}",
                "starred_url": "https://api.github.com/users/untitaker/starred{/owner}{/repo}",
                "subscriptions_url": "https://api.github.com/users/untitaker/subscriptions",
                "organizations_url": "https://api.github.com/users/untitaker/orgs",
                "repos_url": "https://api.github.com/users/untitaker/repos",
                "events_url": "https://api.github.com/users/untitaker/events{/privacy}",
                "received_events_url": "https://api.github.com/users/untitaker/received_events",
                "type": "User",
                "site_admin": false
            },
            "created_at": "2014-10-07T17:09:37Z",
            "updated_at": "2014-10-07T17:09:37Z",
            "author_association": "MEMBER",
            "body": "Maybe this definition for \"blocker\" makes more sense: Something that is currently broken in master, and absolutely needs to be fixed before release. FWIW i used milestones now.\n"
        },
        {
            "url": "https://api.github.com/repos/pallets/flask/issues/comments/59684947",
            "html_url": "https://github.com/pallets/flask/issues/1140#issuecomment-59684947",
            "issue_url": "https://api.github.com/repos/pallets/flask/issues/1140",
            "id": 59684947,
            "node_id": "MDEyOklzc3VlQ29tbWVudDU5Njg0OTQ3",
            "user": {
                "login": "untitaker",
                "id": 837573,
                "node_id": "MDQ6VXNlcjgzNzU3Mw==",
                "avatar_url": "https://avatars0.githubusercontent.com/u/837573?v=4",
                "gravatar_id": "",
                "url": "https://api.github.com/users/untitaker",
                "html_url": "https://github.com/untitaker",
                "followers_url": "https://api.github.com/users/untitaker/followers",
                "following_url": "https://api.github.com/users/untitaker/following{/other_user}",
                "gists_url": "https://api.github.com/users/untitaker/gists{/gist_id}",
                "starred_url": "https://api.github.com/users/untitaker/starred{/owner}{/repo}",
                "subscriptions_url": "https://api.github.com/users/untitaker/subscriptions",
                "organizations_url": "https://api.github.com/users/untitaker/orgs",
                "repos_url": "https://api.github.com/users/untitaker/repos",
                "events_url": "https://api.github.com/users/untitaker/events{/privacy}",
                "received_events_url": "https://api.github.com/users/untitaker/received_events",
                "type": "User",
                "site_admin": false
            },
            "created_at": "2014-10-20T05:23:06Z",
            "updated_at": "2014-10-20T05:23:06Z",
            "author_association": "MEMBER",
            "body": "We do use milestones now, at least in Flask and Werkzeug. Can this issue be closed?\n"
        },
        {
            "url": "https://api.github.com/repos/pallets/flask/issues/comments/59685081",
            "html_url": "https://github.com/pallets/flask/issues/1140#issuecomment-59685081",
            "issue_url": "https://api.github.com/repos/pallets/flask/issues/1140",
            "id": 59685081,
            "node_id": "MDEyOklzc3VlQ29tbWVudDU5Njg1MDgx",
            "user": {
                "login": "untitaker",
                "id": 837573,
                "node_id": "MDQ6VXNlcjgzNzU3Mw==",
                "avatar_url": "https://avatars0.githubusercontent.com/u/837573?v=4",
                "gravatar_id": "",
                "url": "https://api.github.com/users/untitaker",
                "html_url": "https://github.com/untitaker",
                "followers_url": "https://api.github.com/users/untitaker/followers",
                "following_url": "https://api.github.com/users/untitaker/following{/other_user}",
                "gists_url": "https://api.github.com/users/untitaker/gists{/gist_id}",
                "starred_url": "https://api.github.com/users/untitaker/starred{/owner}{/repo}",
                "subscriptions_url": "https://api.github.com/users/untitaker/subscriptions",
                "organizations_url": "https://api.github.com/users/untitaker/orgs",
                "repos_url": "https://api.github.com/users/untitaker/repos",
                "events_url": "https://api.github.com/users/untitaker/events{/privacy}",
                "received_events_url": "https://api.github.com/users/untitaker/received_events",
                "type": "User",
                "site_admin": false
            },
            "created_at": "2014-10-20T05:25:33Z",
            "updated_at": "2014-10-20T05:25:33Z",
            "author_association": "MEMBER",
            "body": "So this specific part is solved, but i suppose the broader issue would be browsability of the bugtracker. I think it'd be great if we had a \"beginner friendly\" or \"easy\" label although doc issues tend to be exactly that.\n"
        },
        {
            "url": "https://api.github.com/repos/pallets/flask/issues/comments/59703779",
            "html_url": "https://github.com/pallets/flask/issues/1140#issuecomment-59703779",
            "issue_url": "https://api.github.com/repos/pallets/flask/issues/1140",
            "id": 59703779,
            "node_id": "MDEyOklzc3VlQ29tbWVudDU5NzAzNzc5",
            "user": {
                "login": "danielchatfield",
                "id": 1058676,
                "node_id": "MDQ6VXNlcjEwNTg2NzY=",
                "avatar_url": "https://avatars3.githubusercontent.com/u/1058676?v=4",
                "gravatar_id": "",
                "url": "https://api.github.com/users/danielchatfield",
                "html_url": "https://github.com/danielchatfield",
                "followers_url": "https://api.github.com/users/danielchatfield/followers",
                "following_url": "https://api.github.com/users/danielchatfield/following{/other_user}",
                "gists_url": "https://api.github.com/users/danielchatfield/gists{/gist_id}",
                "starred_url": "https://api.github.com/users/danielchatfield/starred{/owner}{/repo}",
                "subscriptions_url": "https://api.github.com/users/danielchatfield/subscriptions",
                "organizations_url": "https://api.github.com/users/danielchatfield/orgs",
                "repos_url": "https://api.github.com/users/danielchatfield/repos",
                "events_url": "https://api.github.com/users/danielchatfield/events{/privacy}",
                "received_events_url": "https://api.github.com/users/danielchatfield/received_events",
                "type": "User",
                "site_admin": false
            },
            "created_at": "2014-10-20T08:18:34Z",
            "updated_at": "2014-10-20T08:18:34Z",
            "author_association": "NONE",
            "body": "@untitaker If you want to claim the bounty, I'll approve it :)\n"
        },
        {
            "url": "https://api.github.com/repos/pallets/flask/issues/comments/59735774",
            "html_url": "https://github.com/pallets/flask/issues/1140#issuecomment-59735774",
            "issue_url": "https://api.github.com/repos/pallets/flask/issues/1140",
            "id": 59735774,
            "node_id": "MDEyOklzc3VlQ29tbWVudDU5NzM1Nzc0",
            "user": {
                "login": "untitaker",
                "id": 837573,
                "node_id": "MDQ6VXNlcjgzNzU3Mw==",
                "avatar_url": "https://avatars0.githubusercontent.com/u/837573?v=4",
                "gravatar_id": "",
                "url": "https://api.github.com/users/untitaker",
                "html_url": "https://github.com/untitaker",
                "followers_url": "https://api.github.com/users/untitaker/followers",
                "following_url": "https://api.github.com/users/untitaker/following{/other_user}",
                "gists_url": "https://api.github.com/users/untitaker/gists{/gist_id}",
                "starred_url": "https://api.github.com/users/untitaker/starred{/owner}{/repo}",
                "subscriptions_url": "https://api.github.com/users/untitaker/subscriptions",
                "organizations_url": "https://api.github.com/users/untitaker/orgs",
                "repos_url": "https://api.github.com/users/untitaker/repos",
                "events_url": "https://api.github.com/users/untitaker/events{/privacy}",
                "received_events_url": "https://api.github.com/users/untitaker/received_events",
                "type": "User",
                "site_admin": false
            },
            "created_at": "2014-10-20T11:55:01Z",
            "updated_at": "2014-10-20T11:55:01Z",
            "author_association": "MEMBER",
            "body": "Labelling and categorizing issues is an ongoing maintenance effort (can't guarantee i'll be able to provide) for which a one-time bounty doesn't seem fitting. I don't think i'll claim this one.\n"
        }
    ]
}