{
    "url": "https://api.github.com/repos/pallets/flask/issues/1141",
    "repository_url": "https://api.github.com/repos/pallets/flask",
    "labels_url": "https://api.github.com/repos/pallets/flask/issues/1141/labels{/name}",
    "comments_url": "https://api.github.com/repos/pallets/flask/issues/1141/comments",
    "events_url": "https://api.github.com/repos/pallets/flask/issues/1141/events",
    "html_url": "https://github.com/pallets/flask/pull/1141",
    "id": 39615183,
    "node_id": "MDExOlB1bGxSZXF1ZXN0MTk0MDAwNjk=",
    "number": 1141,
    "title": "Use PREFERRED_URL_SCHEME in external url_for if scheme is not defined.",
    "user": {
        "login": "iurisilvio",
        "id": 105852,
        "node_id": "MDQ6VXNlcjEwNTg1Mg==",
        "avatar_url": "https://avatars1.githubusercontent.com/u/105852?v=4",
        "gravatar_id": "",
        "url": "https://api.github.com/users/iurisilvio",
        "html_url": "https://github.com/iurisilvio",
        "followers_url": "https://api.github.com/users/iurisilvio/followers",
        "following_url": "https://api.github.com/users/iurisilvio/following{/other_user}",
        "gists_url": "https://api.github.com/users/iurisilvio/gists{/gist_id}",
        "starred_url": "https://api.github.com/users/iurisilvio/starred{/owner}{/repo}",
        "subscriptions_url": "https://api.github.com/users/iurisilvio/subscriptions",
        "organizations_url": "https://api.github.com/users/iurisilvio/orgs",
        "repos_url": "https://api.github.com/users/iurisilvio/repos",
        "events_url": "https://api.github.com/users/iurisilvio/events{/privacy}",
        "received_events_url": "https://api.github.com/users/iurisilvio/received_events",
        "type": "User",
        "site_admin": false
    },
    "labels": [],
    "state": "closed",
    "locked": false,
    "assignee": null,
    "assignees": [],
    "milestone": null,
    "comments": 1,
    "created_at": "2014-08-06T12:15:38Z",
    "updated_at": "2014-08-11T13:36:50Z",
    "closed_at": "2014-08-11T13:36:50Z",
    "author_association": "NONE",
    "pull_request": {
        "url": "https://api.github.com/repos/pallets/flask/pulls/1141",
        "html_url": "https://github.com/pallets/flask/pull/1141",
        "diff_url": "https://github.com/pallets/flask/pull/1141.diff",
        "patch_url": "https://github.com/pallets/flask/pull/1141.patch"
    },
    "body": "If the behaviour expected is to use `PREFERRED_URL_SCHEME` even in request context, it fixes #1129.\n",
    "comments_inline": [
        {
            "url": "https://api.github.com/repos/pallets/flask/issues/comments/51780480",
            "html_url": "https://github.com/pallets/flask/pull/1141#issuecomment-51780480",
            "issue_url": "https://api.github.com/repos/pallets/flask/issues/1141",
            "id": 51780480,
            "node_id": "MDEyOklzc3VlQ29tbWVudDUxNzgwNDgw",
            "user": {
                "login": "iurisilvio",
                "id": 105852,
                "node_id": "MDQ6VXNlcjEwNTg1Mg==",
                "avatar_url": "https://avatars1.githubusercontent.com/u/105852?v=4",
                "gravatar_id": "",
                "url": "https://api.github.com/users/iurisilvio",
                "html_url": "https://github.com/iurisilvio",
                "followers_url": "https://api.github.com/users/iurisilvio/followers",
                "following_url": "https://api.github.com/users/iurisilvio/following{/other_user}",
                "gists_url": "https://api.github.com/users/iurisilvio/gists{/gist_id}",
                "starred_url": "https://api.github.com/users/iurisilvio/starred{/owner}{/repo}",
                "subscriptions_url": "https://api.github.com/users/iurisilvio/subscriptions",
                "organizations_url": "https://api.github.com/users/iurisilvio/orgs",
                "repos_url": "https://api.github.com/users/iurisilvio/repos",
                "events_url": "https://api.github.com/users/iurisilvio/events{/privacy}",
                "received_events_url": "https://api.github.com/users/iurisilvio/received_events",
                "type": "User",
                "site_admin": false
            },
            "created_at": "2014-08-11T13:36:50Z",
            "updated_at": "2014-08-11T13:36:50Z",
            "author_association": "NONE",
            "body": "This is not the way it should work, as discussed in the original issue.\n"
        }
    ]
}