{
    "url": "https://api.github.com/repos/pallets/flask/issues/1142",
    "repository_url": "https://api.github.com/repos/pallets/flask",
    "labels_url": "https://api.github.com/repos/pallets/flask/issues/1142/labels{/name}",
    "comments_url": "https://api.github.com/repos/pallets/flask/issues/1142/comments",
    "events_url": "https://api.github.com/repos/pallets/flask/issues/1142/events",
    "html_url": "https://github.com/pallets/flask/pull/1142",
    "id": 39709940,
    "node_id": "MDExOlB1bGxSZXF1ZXN0MTk0NTY5OTQ=",
    "number": 1142,
    "title": "Fix copy paste mistake in docs/testing.rst",
    "user": {
        "login": "stefanooldeman",
        "id": 415560,
        "node_id": "MDQ6VXNlcjQxNTU2MA==",
        "avatar_url": "https://avatars0.githubusercontent.com/u/415560?v=4",
        "gravatar_id": "",
        "url": "https://api.github.com/users/stefanooldeman",
        "html_url": "https://github.com/stefanooldeman",
        "followers_url": "https://api.github.com/users/stefanooldeman/followers",
        "following_url": "https://api.github.com/users/stefanooldeman/following{/other_user}",
        "gists_url": "https://api.github.com/users/stefanooldeman/gists{/gist_id}",
        "starred_url": "https://api.github.com/users/stefanooldeman/starred{/owner}{/repo}",
        "subscriptions_url": "https://api.github.com/users/stefanooldeman/subscriptions",
        "organizations_url": "https://api.github.com/users/stefanooldeman/orgs",
        "repos_url": "https://api.github.com/users/stefanooldeman/repos",
        "events_url": "https://api.github.com/users/stefanooldeman/events{/privacy}",
        "received_events_url": "https://api.github.com/users/stefanooldeman/received_events",
        "type": "User",
        "site_admin": false
    },
    "labels": [],
    "state": "closed",
    "locked": false,
    "assignee": null,
    "assignees": [],
    "milestone": null,
    "comments": 3,
    "created_at": "2014-08-07T09:56:16Z",
    "updated_at": "2014-08-22T22:18:26Z",
    "closed_at": "2014-08-22T22:18:26Z",
    "author_association": "NONE",
    "pull_request": {
        "url": "https://api.github.com/repos/pallets/flask/pulls/1142",
        "html_url": "https://github.com/pallets/flask/pull/1142",
        "diff_url": "https://github.com/pallets/flask/pull/1142.diff",
        "patch_url": "https://github.com/pallets/flask/pull/1142.patch"
    },
    "body": "I think the import should not be flaskr since in tutorial the first test run gives no errors.\n",
    "comments_inline": [
        {
            "url": "https://api.github.com/repos/pallets/flask/issues/comments/51454648",
            "html_url": "https://github.com/pallets/flask/pull/1142#issuecomment-51454648",
            "issue_url": "https://api.github.com/repos/pallets/flask/issues/1142",
            "id": 51454648,
            "node_id": "MDEyOklzc3VlQ29tbWVudDUxNDU0NjQ4",
            "user": {
                "login": "danielchatfield",
                "id": 1058676,
                "node_id": "MDQ6VXNlcjEwNTg2NzY=",
                "avatar_url": "https://avatars3.githubusercontent.com/u/1058676?v=4",
                "gravatar_id": "",
                "url": "https://api.github.com/users/danielchatfield",
                "html_url": "https://github.com/danielchatfield",
                "followers_url": "https://api.github.com/users/danielchatfield/followers",
                "following_url": "https://api.github.com/users/danielchatfield/following{/other_user}",
                "gists_url": "https://api.github.com/users/danielchatfield/gists{/gist_id}",
                "starred_url": "https://api.github.com/users/danielchatfield/starred{/owner}{/repo}",
                "subscriptions_url": "https://api.github.com/users/danielchatfield/subscriptions",
                "organizations_url": "https://api.github.com/users/danielchatfield/orgs",
                "repos_url": "https://api.github.com/users/danielchatfield/repos",
                "events_url": "https://api.github.com/users/danielchatfield/events{/privacy}",
                "received_events_url": "https://api.github.com/users/danielchatfield/received_events",
                "type": "User",
                "site_admin": false
            },
            "created_at": "2014-08-07T10:23:53Z",
            "updated_at": "2014-08-07T10:23:53Z",
            "author_association": "NONE",
            "body": "As far as I can see original is correct.\n"
        },
        {
            "url": "https://api.github.com/repos/pallets/flask/issues/comments/51462806",
            "html_url": "https://github.com/pallets/flask/pull/1142#issuecomment-51462806",
            "issue_url": "https://api.github.com/repos/pallets/flask/issues/1142",
            "id": 51462806,
            "node_id": "MDEyOklzc3VlQ29tbWVudDUxNDYyODA2",
            "user": {
                "login": "iurisilvio",
                "id": 105852,
                "node_id": "MDQ6VXNlcjEwNTg1Mg==",
                "avatar_url": "https://avatars1.githubusercontent.com/u/105852?v=4",
                "gravatar_id": "",
                "url": "https://api.github.com/users/iurisilvio",
                "html_url": "https://github.com/iurisilvio",
                "followers_url": "https://api.github.com/users/iurisilvio/followers",
                "following_url": "https://api.github.com/users/iurisilvio/following{/other_user}",
                "gists_url": "https://api.github.com/users/iurisilvio/gists{/gist_id}",
                "starred_url": "https://api.github.com/users/iurisilvio/starred{/owner}{/repo}",
                "subscriptions_url": "https://api.github.com/users/iurisilvio/subscriptions",
                "organizations_url": "https://api.github.com/users/iurisilvio/orgs",
                "repos_url": "https://api.github.com/users/iurisilvio/repos",
                "events_url": "https://api.github.com/users/iurisilvio/events{/privacy}",
                "received_events_url": "https://api.github.com/users/iurisilvio/received_events",
                "type": "User",
                "site_admin": false
            },
            "created_at": "2014-08-07T12:06:58Z",
            "updated_at": "2014-08-07T12:06:58Z",
            "author_association": "NONE",
            "body": "Yes, the original is correct.\n"
        },
        {
            "url": "https://api.github.com/repos/pallets/flask/issues/comments/51849088",
            "html_url": "https://github.com/pallets/flask/pull/1142#issuecomment-51849088",
            "issue_url": "https://api.github.com/repos/pallets/flask/issues/1142",
            "id": 51849088,
            "node_id": "MDEyOklzc3VlQ29tbWVudDUxODQ5MDg4",
            "user": {
                "login": "robodude666",
                "id": 172501,
                "node_id": "MDQ6VXNlcjE3MjUwMQ==",
                "avatar_url": "https://avatars2.githubusercontent.com/u/172501?v=4",
                "gravatar_id": "",
                "url": "https://api.github.com/users/robodude666",
                "html_url": "https://github.com/robodude666",
                "followers_url": "https://api.github.com/users/robodude666/followers",
                "following_url": "https://api.github.com/users/robodude666/following{/other_user}",
                "gists_url": "https://api.github.com/users/robodude666/gists{/gist_id}",
                "starred_url": "https://api.github.com/users/robodude666/starred{/owner}{/repo}",
                "subscriptions_url": "https://api.github.com/users/robodude666/subscriptions",
                "organizations_url": "https://api.github.com/users/robodude666/orgs",
                "repos_url": "https://api.github.com/users/robodude666/repos",
                "events_url": "https://api.github.com/users/robodude666/events{/privacy}",
                "received_events_url": "https://api.github.com/users/robodude666/received_events",
                "type": "User",
                "site_admin": false
            },
            "created_at": "2014-08-11T22:22:44Z",
            "updated_at": "2014-08-11T22:22:44Z",
            "author_association": "NONE",
            "body": "The doc is correct. flaskr is an example blog application written during the tutorial.\n\n(See the introduction page of the tutorial section)\n"
        }
    ]
}