{
    "url": "https://api.github.com/repos/pallets/flask/issues/1143",
    "repository_url": "https://api.github.com/repos/pallets/flask",
    "labels_url": "https://api.github.com/repos/pallets/flask/issues/1143/labels{/name}",
    "comments_url": "https://api.github.com/repos/pallets/flask/issues/1143/comments",
    "events_url": "https://api.github.com/repos/pallets/flask/issues/1143/events",
    "html_url": "https://github.com/pallets/flask/issues/1143",
    "id": 39711888,
    "node_id": "MDU6SXNzdWUzOTcxMTg4OA==",
    "number": 1143,
    "title": "Thread in flask but 2 threads are created instead of one",
    "user": {
        "login": "deeptiChawla",
        "id": 6983271,
        "node_id": "MDQ6VXNlcjY5ODMyNzE=",
        "avatar_url": "https://avatars0.githubusercontent.com/u/6983271?v=4",
        "gravatar_id": "",
        "url": "https://api.github.com/users/deeptiChawla",
        "html_url": "https://github.com/deeptiChawla",
        "followers_url": "https://api.github.com/users/deeptiChawla/followers",
        "following_url": "https://api.github.com/users/deeptiChawla/following{/other_user}",
        "gists_url": "https://api.github.com/users/deeptiChawla/gists{/gist_id}",
        "starred_url": "https://api.github.com/users/deeptiChawla/starred{/owner}{/repo}",
        "subscriptions_url": "https://api.github.com/users/deeptiChawla/subscriptions",
        "organizations_url": "https://api.github.com/users/deeptiChawla/orgs",
        "repos_url": "https://api.github.com/users/deeptiChawla/repos",
        "events_url": "https://api.github.com/users/deeptiChawla/events{/privacy}",
        "received_events_url": "https://api.github.com/users/deeptiChawla/received_events",
        "type": "User",
        "site_admin": false
    },
    "labels": [],
    "state": "closed",
    "locked": false,
    "assignee": null,
    "assignees": [],
    "milestone": null,
    "comments": 4,
    "created_at": "2014-08-07T10:23:36Z",
    "updated_at": "2014-08-07T13:27:40Z",
    "closed_at": "2014-08-07T13:27:40Z",
    "author_association": "NONE",
    "body": "",
    "comments_inline": [
        {
            "url": "https://api.github.com/repos/pallets/flask/issues/comments/51454975",
            "html_url": "https://github.com/pallets/flask/issues/1143#issuecomment-51454975",
            "issue_url": "https://api.github.com/repos/pallets/flask/issues/1143",
            "id": 51454975,
            "node_id": "MDEyOklzc3VlQ29tbWVudDUxNDU0OTc1",
            "user": {
                "login": "deeptiChawla",
                "id": 6983271,
                "node_id": "MDQ6VXNlcjY5ODMyNzE=",
                "avatar_url": "https://avatars0.githubusercontent.com/u/6983271?v=4",
                "gravatar_id": "",
                "url": "https://api.github.com/users/deeptiChawla",
                "html_url": "https://github.com/deeptiChawla",
                "followers_url": "https://api.github.com/users/deeptiChawla/followers",
                "following_url": "https://api.github.com/users/deeptiChawla/following{/other_user}",
                "gists_url": "https://api.github.com/users/deeptiChawla/gists{/gist_id}",
                "starred_url": "https://api.github.com/users/deeptiChawla/starred{/owner}{/repo}",
                "subscriptions_url": "https://api.github.com/users/deeptiChawla/subscriptions",
                "organizations_url": "https://api.github.com/users/deeptiChawla/orgs",
                "repos_url": "https://api.github.com/users/deeptiChawla/repos",
                "events_url": "https://api.github.com/users/deeptiChawla/events{/privacy}",
                "received_events_url": "https://api.github.com/users/deeptiChawla/received_events",
                "type": "User",
                "site_admin": false
            },
            "created_at": "2014-08-07T10:27:49Z",
            "updated_at": "2014-08-07T10:27:49Z",
            "author_association": "NONE",
            "body": "i am trying to implement a thread along with app.run () but it seems 2 threads are created .Can anyone can help me in this problem ..\nLinux Used - centos 6 vmware \npython version - 2.6.6\nFollowing is the code \nif **name** == '**main**':\n\n  logger = logging.getLogger('routes')\n\n  logging.basicConfig(filename='example.log',\n                      level=logging.DEBUG,\n                      format='[%(asctime)s] [%(name)s] [%(levelname)s] %(message)s',\n                       datefmt='%m/%d/%Y %I:%M:%S %p')\n\n  try:\n        t = Thread(target=threadFuncApi.myfunc, args=(1,))\n        #t = thread.start_new_thread(threadFuncApi.myfunc, (1,))\n        t.start()\n        print (\"thread created\")\n  except Exception as errtxt:\n        logger.info(\"exception in thread\")\n        print(\"exception in thread\")\n        print(errtxt)\n  app.run(debug=True,host='0.0.0.0')\n  #app.run(debug=True,host='0.0.0.0',threaded=True)\n  print(\"waiting to join\")\n  t.join()\n\nOutput \nthread created\nin thread\n\nthread created\nin thread\n\nSeems 2 threads created internally ...Please help !!\n"
        },
        {
            "url": "https://api.github.com/repos/pallets/flask/issues/comments/51465255",
            "html_url": "https://github.com/pallets/flask/issues/1143#issuecomment-51465255",
            "issue_url": "https://api.github.com/repos/pallets/flask/issues/1143",
            "id": 51465255,
            "node_id": "MDEyOklzc3VlQ29tbWVudDUxNDY1MjU1",
            "user": {
                "login": "ThiefMaster",
                "id": 179599,
                "node_id": "MDQ6VXNlcjE3OTU5OQ==",
                "avatar_url": "https://avatars1.githubusercontent.com/u/179599?v=4",
                "gravatar_id": "",
                "url": "https://api.github.com/users/ThiefMaster",
                "html_url": "https://github.com/ThiefMaster",
                "followers_url": "https://api.github.com/users/ThiefMaster/followers",
                "following_url": "https://api.github.com/users/ThiefMaster/following{/other_user}",
                "gists_url": "https://api.github.com/users/ThiefMaster/gists{/gist_id}",
                "starred_url": "https://api.github.com/users/ThiefMaster/starred{/owner}{/repo}",
                "subscriptions_url": "https://api.github.com/users/ThiefMaster/subscriptions",
                "organizations_url": "https://api.github.com/users/ThiefMaster/orgs",
                "repos_url": "https://api.github.com/users/ThiefMaster/repos",
                "events_url": "https://api.github.com/users/ThiefMaster/events{/privacy}",
                "received_events_url": "https://api.github.com/users/ThiefMaster/received_events",
                "type": "User",
                "site_admin": false
            },
            "created_at": "2014-08-07T12:34:47Z",
            "updated_at": "2014-08-07T12:34:47Z",
            "author_association": "MEMBER",
            "body": "Could you please post your code properly formatted?\n"
        },
        {
            "url": "https://api.github.com/repos/pallets/flask/issues/comments/51467593",
            "html_url": "https://github.com/pallets/flask/issues/1143#issuecomment-51467593",
            "issue_url": "https://api.github.com/repos/pallets/flask/issues/1143",
            "id": 51467593,
            "node_id": "MDEyOklzc3VlQ29tbWVudDUxNDY3NTkz",
            "user": {
                "login": "hellysmile",
                "id": 1834317,
                "node_id": "MDQ6VXNlcjE4MzQzMTc=",
                "avatar_url": "https://avatars0.githubusercontent.com/u/1834317?v=4",
                "gravatar_id": "",
                "url": "https://api.github.com/users/hellysmile",
                "html_url": "https://github.com/hellysmile",
                "followers_url": "https://api.github.com/users/hellysmile/followers",
                "following_url": "https://api.github.com/users/hellysmile/following{/other_user}",
                "gists_url": "https://api.github.com/users/hellysmile/gists{/gist_id}",
                "starred_url": "https://api.github.com/users/hellysmile/starred{/owner}{/repo}",
                "subscriptions_url": "https://api.github.com/users/hellysmile/subscriptions",
                "organizations_url": "https://api.github.com/users/hellysmile/orgs",
                "repos_url": "https://api.github.com/users/hellysmile/repos",
                "events_url": "https://api.github.com/users/hellysmile/events{/privacy}",
                "received_events_url": "https://api.github.com/users/hellysmile/received_events",
                "type": "User",
                "site_admin": false
            },
            "created_at": "2014-08-07T12:59:20Z",
            "updated_at": "2014-08-07T12:59:20Z",
            "author_association": "NONE",
            "body": "what the reason to use threads in Python?\n"
        },
        {
            "url": "https://api.github.com/repos/pallets/flask/issues/comments/51470802",
            "html_url": "https://github.com/pallets/flask/issues/1143#issuecomment-51470802",
            "issue_url": "https://api.github.com/repos/pallets/flask/issues/1143",
            "id": 51470802,
            "node_id": "MDEyOklzc3VlQ29tbWVudDUxNDcwODAy",
            "user": {
                "login": "DasIch",
                "id": 182316,
                "node_id": "MDQ6VXNlcjE4MjMxNg==",
                "avatar_url": "https://avatars0.githubusercontent.com/u/182316?v=4",
                "gravatar_id": "",
                "url": "https://api.github.com/users/DasIch",
                "html_url": "https://github.com/DasIch",
                "followers_url": "https://api.github.com/users/DasIch/followers",
                "following_url": "https://api.github.com/users/DasIch/following{/other_user}",
                "gists_url": "https://api.github.com/users/DasIch/gists{/gist_id}",
                "starred_url": "https://api.github.com/users/DasIch/starred{/owner}{/repo}",
                "subscriptions_url": "https://api.github.com/users/DasIch/subscriptions",
                "organizations_url": "https://api.github.com/users/DasIch/orgs",
                "repos_url": "https://api.github.com/users/DasIch/repos",
                "events_url": "https://api.github.com/users/DasIch/events{/privacy}",
                "received_events_url": "https://api.github.com/users/DasIch/received_events",
                "type": "User",
                "site_admin": false
            },
            "created_at": "2014-08-07T13:27:40Z",
            "updated_at": "2014-08-07T13:27:40Z",
            "author_association": "CONTRIBUTOR",
            "body": "Use the Mailinglist for questions like these. \n"
        }
    ]
}