{
    "url": "https://api.github.com/repos/pallets/flask/issues/1144",
    "repository_url": "https://api.github.com/repos/pallets/flask",
    "labels_url": "https://api.github.com/repos/pallets/flask/issues/1144/labels{/name}",
    "comments_url": "https://api.github.com/repos/pallets/flask/issues/1144/comments",
    "events_url": "https://api.github.com/repos/pallets/flask/issues/1144/events",
    "html_url": "https://github.com/pallets/flask/pull/1144",
    "id": 39943621,
    "node_id": "MDExOlB1bGxSZXF1ZXN0MTk1OTE3OTE=",
    "number": 1144,
    "title": "Add documentation about url_for's default scheme",
    "user": {
        "login": "untitaker",
        "id": 837573,
        "node_id": "MDQ6VXNlcjgzNzU3Mw==",
        "avatar_url": "https://avatars0.githubusercontent.com/u/837573?v=4",
        "gravatar_id": "",
        "url": "https://api.github.com/users/untitaker",
        "html_url": "https://github.com/untitaker",
        "followers_url": "https://api.github.com/users/untitaker/followers",
        "following_url": "https://api.github.com/users/untitaker/following{/other_user}",
        "gists_url": "https://api.github.com/users/untitaker/gists{/gist_id}",
        "starred_url": "https://api.github.com/users/untitaker/starred{/owner}{/repo}",
        "subscriptions_url": "https://api.github.com/users/untitaker/subscriptions",
        "organizations_url": "https://api.github.com/users/untitaker/orgs",
        "repos_url": "https://api.github.com/users/untitaker/repos",
        "events_url": "https://api.github.com/users/untitaker/events{/privacy}",
        "received_events_url": "https://api.github.com/users/untitaker/received_events",
        "type": "User",
        "site_admin": false
    },
    "labels": [],
    "state": "closed",
    "locked": false,
    "assignee": null,
    "assignees": [],
    "milestone": null,
    "comments": 4,
    "created_at": "2014-08-11T09:57:57Z",
    "updated_at": "2015-04-17T02:46:11Z",
    "closed_at": "2014-08-12T18:46:56Z",
    "author_association": "MEMBER",
    "pull_request": {
        "url": "https://api.github.com/repos/pallets/flask/pulls/1144",
        "html_url": "https://github.com/pallets/flask/pull/1144",
        "diff_url": "https://github.com/pallets/flask/pull/1144.diff",
        "patch_url": "https://github.com/pallets/flask/pull/1144.patch"
    },
    "body": "Fix #1129\n",
    "comments_inline": [
        {
            "url": "https://api.github.com/repos/pallets/flask/issues/comments/51780295",
            "html_url": "https://github.com/pallets/flask/pull/1144#issuecomment-51780295",
            "issue_url": "https://api.github.com/repos/pallets/flask/issues/1144",
            "id": 51780295,
            "node_id": "MDEyOklzc3VlQ29tbWVudDUxNzgwMjk1",
            "user": {
                "login": "iurisilvio",
                "id": 105852,
                "node_id": "MDQ6VXNlcjEwNTg1Mg==",
                "avatar_url": "https://avatars1.githubusercontent.com/u/105852?v=4",
                "gravatar_id": "",
                "url": "https://api.github.com/users/iurisilvio",
                "html_url": "https://github.com/iurisilvio",
                "followers_url": "https://api.github.com/users/iurisilvio/followers",
                "following_url": "https://api.github.com/users/iurisilvio/following{/other_user}",
                "gists_url": "https://api.github.com/users/iurisilvio/gists{/gist_id}",
                "starred_url": "https://api.github.com/users/iurisilvio/starred{/owner}{/repo}",
                "subscriptions_url": "https://api.github.com/users/iurisilvio/subscriptions",
                "organizations_url": "https://api.github.com/users/iurisilvio/orgs",
                "repos_url": "https://api.github.com/users/iurisilvio/repos",
                "events_url": "https://api.github.com/users/iurisilvio/events{/privacy}",
                "received_events_url": "https://api.github.com/users/iurisilvio/received_events",
                "type": "User",
                "site_admin": false
            },
            "created_at": "2014-08-11T13:35:33Z",
            "updated_at": "2014-08-11T13:35:33Z",
            "author_association": "NONE",
            "body": ":+1:\n\nI don't know if this is the way I prefer, but makes sense. Also, it is easy to make `url_for` always return https, if this is what the user want.\n"
        },
        {
            "url": "https://api.github.com/repos/pallets/flask/issues/comments/51780851",
            "html_url": "https://github.com/pallets/flask/pull/1144#issuecomment-51780851",
            "issue_url": "https://api.github.com/repos/pallets/flask/issues/1144",
            "id": 51780851,
            "node_id": "MDEyOklzc3VlQ29tbWVudDUxNzgwODUx",
            "user": {
                "login": "untitaker",
                "id": 837573,
                "node_id": "MDQ6VXNlcjgzNzU3Mw==",
                "avatar_url": "https://avatars0.githubusercontent.com/u/837573?v=4",
                "gravatar_id": "",
                "url": "https://api.github.com/users/untitaker",
                "html_url": "https://github.com/untitaker",
                "followers_url": "https://api.github.com/users/untitaker/followers",
                "following_url": "https://api.github.com/users/untitaker/following{/other_user}",
                "gists_url": "https://api.github.com/users/untitaker/gists{/gist_id}",
                "starred_url": "https://api.github.com/users/untitaker/starred{/owner}{/repo}",
                "subscriptions_url": "https://api.github.com/users/untitaker/subscriptions",
                "organizations_url": "https://api.github.com/users/untitaker/orgs",
                "repos_url": "https://api.github.com/users/untitaker/repos",
                "events_url": "https://api.github.com/users/untitaker/events{/privacy}",
                "received_events_url": "https://api.github.com/users/untitaker/received_events",
                "type": "User",
                "site_admin": false
            },
            "created_at": "2014-08-11T13:39:33Z",
            "updated_at": "2014-08-11T13:39:33Z",
            "author_association": "MEMBER",
            "body": "You can also pass `current_app.config['PREFERRED_URL_SCHEME']` explicitly to `url_for` to achieve this behavior.\n"
        },
        {
            "url": "https://api.github.com/repos/pallets/flask/issues/comments/51959016",
            "html_url": "https://github.com/pallets/flask/pull/1144#issuecomment-51959016",
            "issue_url": "https://api.github.com/repos/pallets/flask/issues/1144",
            "id": 51959016,
            "node_id": "MDEyOklzc3VlQ29tbWVudDUxOTU5MDE2",
            "user": {
                "login": "kennethreitz",
                "id": 119893,
                "node_id": "MDQ6VXNlcjExOTg5Mw==",
                "avatar_url": "https://avatars2.githubusercontent.com/u/119893?v=4",
                "gravatar_id": "",
                "url": "https://api.github.com/users/kennethreitz",
                "html_url": "https://github.com/kennethreitz",
                "followers_url": "https://api.github.com/users/kennethreitz/followers",
                "following_url": "https://api.github.com/users/kennethreitz/following{/other_user}",
                "gists_url": "https://api.github.com/users/kennethreitz/gists{/gist_id}",
                "starred_url": "https://api.github.com/users/kennethreitz/starred{/owner}{/repo}",
                "subscriptions_url": "https://api.github.com/users/kennethreitz/subscriptions",
                "organizations_url": "https://api.github.com/users/kennethreitz/orgs",
                "repos_url": "https://api.github.com/users/kennethreitz/repos",
                "events_url": "https://api.github.com/users/kennethreitz/events{/privacy}",
                "received_events_url": "https://api.github.com/users/kennethreitz/received_events",
                "type": "User",
                "site_admin": false
            },
            "created_at": "2014-08-12T18:46:55Z",
            "updated_at": "2014-08-12T18:46:55Z",
            "author_association": "CONTRIBUTOR",
            "body": "many thanks!\n"
        },
        {
            "url": "https://api.github.com/repos/pallets/flask/issues/comments/93882071",
            "html_url": "https://github.com/pallets/flask/pull/1144#issuecomment-93882071",
            "issue_url": "https://api.github.com/repos/pallets/flask/issues/1144",
            "id": 93882071,
            "node_id": "MDEyOklzc3VlQ29tbWVudDkzODgyMDcx",
            "user": {
                "login": "hbin",
                "id": 1296308,
                "node_id": "MDQ6VXNlcjEyOTYzMDg=",
                "avatar_url": "https://avatars2.githubusercontent.com/u/1296308?v=4",
                "gravatar_id": "",
                "url": "https://api.github.com/users/hbin",
                "html_url": "https://github.com/hbin",
                "followers_url": "https://api.github.com/users/hbin/followers",
                "following_url": "https://api.github.com/users/hbin/following{/other_user}",
                "gists_url": "https://api.github.com/users/hbin/gists{/gist_id}",
                "starred_url": "https://api.github.com/users/hbin/starred{/owner}{/repo}",
                "subscriptions_url": "https://api.github.com/users/hbin/subscriptions",
                "organizations_url": "https://api.github.com/users/hbin/orgs",
                "repos_url": "https://api.github.com/users/hbin/repos",
                "events_url": "https://api.github.com/users/hbin/events{/privacy}",
                "received_events_url": "https://api.github.com/users/hbin/received_events",
                "type": "User",
                "site_admin": false
            },
            "created_at": "2015-04-17T02:46:10Z",
            "updated_at": "2015-04-17T02:46:10Z",
            "author_association": "NONE",
            "body": ":+1: \u7559\u540d\uff01\n"
        }
    ]
}