{
    "url": "https://api.github.com/repos/pallets/flask/issues/1146",
    "repository_url": "https://api.github.com/repos/pallets/flask",
    "labels_url": "https://api.github.com/repos/pallets/flask/issues/1146/labels{/name}",
    "comments_url": "https://api.github.com/repos/pallets/flask/issues/1146/comments",
    "events_url": "https://api.github.com/repos/pallets/flask/issues/1146/events",
    "html_url": "https://github.com/pallets/flask/issues/1146",
    "id": 40020119,
    "node_id": "MDU6SXNzdWU0MDAyMDExOQ==",
    "number": 1146,
    "title": "Add app config setting for defaulting _external to True in url_for",
    "user": {
        "login": "danovotny",
        "id": 1351215,
        "node_id": "MDQ6VXNlcjEzNTEyMTU=",
        "avatar_url": "https://avatars1.githubusercontent.com/u/1351215?v=4",
        "gravatar_id": "",
        "url": "https://api.github.com/users/danovotny",
        "html_url": "https://github.com/danovotny",
        "followers_url": "https://api.github.com/users/danovotny/followers",
        "following_url": "https://api.github.com/users/danovotny/following{/other_user}",
        "gists_url": "https://api.github.com/users/danovotny/gists{/gist_id}",
        "starred_url": "https://api.github.com/users/danovotny/starred{/owner}{/repo}",
        "subscriptions_url": "https://api.github.com/users/danovotny/subscriptions",
        "organizations_url": "https://api.github.com/users/danovotny/orgs",
        "repos_url": "https://api.github.com/users/danovotny/repos",
        "events_url": "https://api.github.com/users/danovotny/events{/privacy}",
        "received_events_url": "https://api.github.com/users/danovotny/received_events",
        "type": "User",
        "site_admin": false
    },
    "labels": [],
    "state": "closed",
    "locked": false,
    "assignee": null,
    "assignees": [],
    "milestone": null,
    "comments": 2,
    "created_at": "2014-08-12T02:47:05Z",
    "updated_at": "2014-08-12T14:18:19Z",
    "closed_at": "2014-08-12T14:18:19Z",
    "author_association": "NONE",
    "body": "It would be nice to have an app level config setting for defaulting _external to True in [url_for](https://github.com/mitsuhiko/flask/blob/master/flask/helpers.py#L186) on sites where absolute URLs are required or preferred, removing the need to add the parameter on each url_for call.\n\nPossibly near here:  https://github.com/mitsuhiko/flask/blob/master/flask/helpers.py#L292:\n\n``` python\nif current_app.config['NEW_SETTING_NAME_HERE']:\n    external = True\n```\n",
    "comments_inline": [
        {
            "url": "https://api.github.com/repos/pallets/flask/issues/comments/51872649",
            "html_url": "https://github.com/pallets/flask/issues/1146#issuecomment-51872649",
            "issue_url": "https://api.github.com/repos/pallets/flask/issues/1146",
            "id": 51872649,
            "node_id": "MDEyOklzc3VlQ29tbWVudDUxODcyNjQ5",
            "user": {
                "login": "davidism",
                "id": 1242887,
                "node_id": "MDQ6VXNlcjEyNDI4ODc=",
                "avatar_url": "https://avatars1.githubusercontent.com/u/1242887?v=4",
                "gravatar_id": "",
                "url": "https://api.github.com/users/davidism",
                "html_url": "https://github.com/davidism",
                "followers_url": "https://api.github.com/users/davidism/followers",
                "following_url": "https://api.github.com/users/davidism/following{/other_user}",
                "gists_url": "https://api.github.com/users/davidism/gists{/gist_id}",
                "starred_url": "https://api.github.com/users/davidism/starred{/owner}{/repo}",
                "subscriptions_url": "https://api.github.com/users/davidism/subscriptions",
                "organizations_url": "https://api.github.com/users/davidism/orgs",
                "repos_url": "https://api.github.com/users/davidism/repos",
                "events_url": "https://api.github.com/users/davidism/events{/privacy}",
                "received_events_url": "https://api.github.com/users/davidism/received_events",
                "type": "User",
                "site_admin": false
            },
            "created_at": "2014-08-12T04:33:58Z",
            "updated_at": "2014-08-12T04:33:58Z",
            "author_association": "MEMBER",
            "body": "Write your own function that calls `url_for(_external=True)`, and register it with [`app.template_global`](http://flask.pocoo.org/docs/api/#flask.Flask.template_global) to overwrite the built-in function.\n"
        },
        {
            "url": "https://api.github.com/repos/pallets/flask/issues/comments/51919846",
            "html_url": "https://github.com/pallets/flask/issues/1146#issuecomment-51919846",
            "issue_url": "https://api.github.com/repos/pallets/flask/issues/1146",
            "id": 51919846,
            "node_id": "MDEyOklzc3VlQ29tbWVudDUxOTE5ODQ2",
            "user": {
                "login": "danovotny",
                "id": 1351215,
                "node_id": "MDQ6VXNlcjEzNTEyMTU=",
                "avatar_url": "https://avatars1.githubusercontent.com/u/1351215?v=4",
                "gravatar_id": "",
                "url": "https://api.github.com/users/danovotny",
                "html_url": "https://github.com/danovotny",
                "followers_url": "https://api.github.com/users/danovotny/followers",
                "following_url": "https://api.github.com/users/danovotny/following{/other_user}",
                "gists_url": "https://api.github.com/users/danovotny/gists{/gist_id}",
                "starred_url": "https://api.github.com/users/danovotny/starred{/owner}{/repo}",
                "subscriptions_url": "https://api.github.com/users/danovotny/subscriptions",
                "organizations_url": "https://api.github.com/users/danovotny/orgs",
                "repos_url": "https://api.github.com/users/danovotny/repos",
                "events_url": "https://api.github.com/users/danovotny/events{/privacy}",
                "received_events_url": "https://api.github.com/users/danovotny/received_events",
                "type": "User",
                "site_admin": false
            },
            "created_at": "2014-08-12T14:18:19Z",
            "updated_at": "2014-08-12T14:18:19Z",
            "author_association": "NONE",
            "body": "Excellent! Thanks for the tip.\n"
        }
    ]
}