{
    "url": "https://api.github.com/repos/pallets/flask/issues/1147",
    "repository_url": "https://api.github.com/repos/pallets/flask",
    "labels_url": "https://api.github.com/repos/pallets/flask/issues/1147/labels{/name}",
    "comments_url": "https://api.github.com/repos/pallets/flask/issues/1147/comments",
    "events_url": "https://api.github.com/repos/pallets/flask/issues/1147/events",
    "html_url": "https://github.com/pallets/flask/issues/1147",
    "id": 40071727,
    "node_id": "MDU6SXNzdWU0MDA3MTcyNw==",
    "number": 1147,
    "title": "dev version; click subcommands not working as intended",
    "user": {
        "login": "AlexFrazer",
        "id": 1350392,
        "node_id": "MDQ6VXNlcjEzNTAzOTI=",
        "avatar_url": "https://avatars2.githubusercontent.com/u/1350392?v=4",
        "gravatar_id": "",
        "url": "https://api.github.com/users/AlexFrazer",
        "html_url": "https://github.com/AlexFrazer",
        "followers_url": "https://api.github.com/users/AlexFrazer/followers",
        "following_url": "https://api.github.com/users/AlexFrazer/following{/other_user}",
        "gists_url": "https://api.github.com/users/AlexFrazer/gists{/gist_id}",
        "starred_url": "https://api.github.com/users/AlexFrazer/starred{/owner}{/repo}",
        "subscriptions_url": "https://api.github.com/users/AlexFrazer/subscriptions",
        "organizations_url": "https://api.github.com/users/AlexFrazer/orgs",
        "repos_url": "https://api.github.com/users/AlexFrazer/repos",
        "events_url": "https://api.github.com/users/AlexFrazer/events{/privacy}",
        "received_events_url": "https://api.github.com/users/AlexFrazer/received_events",
        "type": "User",
        "site_admin": false
    },
    "labels": [],
    "state": "closed",
    "locked": false,
    "assignee": null,
    "assignees": [],
    "milestone": null,
    "comments": 1,
    "created_at": "2014-08-12T16:14:29Z",
    "updated_at": "2014-08-28T14:17:46Z",
    "closed_at": "2014-08-28T14:17:46Z",
    "author_association": "NONE",
    "body": "what I was doing on console: fairly self-explanatory\n\n```\n(burddy)crow@crow-VPCS111FM:~/code/burddy$ burddy --help\nUsage: burddy [OPTIONS] COMMAND [ARGS]...\n\nOptions:\n  --debug / --no-debug  Enable or disable debug mode.\n  --help                Show this message and exit.\n\nCommands:\n  article  manage the articles\n  db       Perform database migrations.\n  initdb   create the database\n  run      Runs a development server.\n  seed     make a fake populated website\n  shell    Runs a shell in the app context.\n  user     manage the users\n(burddy)crow@crow-VPCS111FM:~/code/burddy$ burddy db upgrade\n(burddy)crow@crow-VPCS111FM:~/code/burddy$ burddy user --help\nUsage: burddy user [OPTIONS] COMMAND [ARGS]...\n\n  manage the users\n\nOptions:\n  --help  Show this message and exit.\n\nCommands:\n  seed  adds fake users to database\n(burddy)crow@crow-VPCS111FM:~/code/burddy$ burddy user seed\nUsage: burddy [OPTIONS]\n\nError: Got unexpected extra arguments (user seed)\n(burddy)crow@crow-VPCS111FM:~/code/burddy$ \n```\n\nSome of the commands do work. If I did `burddy shell`, it works, or `burddy run`, or even `burddy db upgrade`, however, `article` and `user`, in particular, do not have access to their \"subcommands\".\n\nMy repo is [here](https://github.com/DarkCrowz/burddy) if you wish to view it\n",
    "comments_inline": [
        {
            "url": "https://api.github.com/repos/pallets/flask/issues/comments/53725873",
            "html_url": "https://github.com/pallets/flask/issues/1147#issuecomment-53725873",
            "issue_url": "https://api.github.com/repos/pallets/flask/issues/1147",
            "id": 53725873,
            "node_id": "MDEyOklzc3VlQ29tbWVudDUzNzI1ODcz",
            "user": {
                "login": "untitaker",
                "id": 837573,
                "node_id": "MDQ6VXNlcjgzNzU3Mw==",
                "avatar_url": "https://avatars0.githubusercontent.com/u/837573?v=4",
                "gravatar_id": "",
                "url": "https://api.github.com/users/untitaker",
                "html_url": "https://github.com/untitaker",
                "followers_url": "https://api.github.com/users/untitaker/followers",
                "following_url": "https://api.github.com/users/untitaker/following{/other_user}",
                "gists_url": "https://api.github.com/users/untitaker/gists{/gist_id}",
                "starred_url": "https://api.github.com/users/untitaker/starred{/owner}{/repo}",
                "subscriptions_url": "https://api.github.com/users/untitaker/subscriptions",
                "organizations_url": "https://api.github.com/users/untitaker/orgs",
                "repos_url": "https://api.github.com/users/untitaker/repos",
                "events_url": "https://api.github.com/users/untitaker/events{/privacy}",
                "received_events_url": "https://api.github.com/users/untitaker/received_events",
                "type": "User",
                "site_admin": false
            },
            "created_at": "2014-08-28T14:17:46Z",
            "updated_at": "2014-08-28T14:17:46Z",
            "author_association": "MEMBER",
            "body": "Please use the IRC channel for support.\n"
        }
    ]
}