{
    "url": "https://api.github.com/repos/pallets/flask/issues/1148",
    "repository_url": "https://api.github.com/repos/pallets/flask",
    "labels_url": "https://api.github.com/repos/pallets/flask/issues/1148/labels{/name}",
    "comments_url": "https://api.github.com/repos/pallets/flask/issues/1148/comments",
    "events_url": "https://api.github.com/repos/pallets/flask/issues/1148/events",
    "html_url": "https://github.com/pallets/flask/issues/1148",
    "id": 40211892,
    "node_id": "MDU6SXNzdWU0MDIxMTg5Mg==",
    "number": 1148,
    "title": "Flaskr example app hooked up with some Selenium tests running on Sauce Labs and Travis CI",
    "user": {
        "login": "christian-bromann",
        "id": 731337,
        "node_id": "MDQ6VXNlcjczMTMzNw==",
        "avatar_url": "https://avatars2.githubusercontent.com/u/731337?v=4",
        "gravatar_id": "",
        "url": "https://api.github.com/users/christian-bromann",
        "html_url": "https://github.com/christian-bromann",
        "followers_url": "https://api.github.com/users/christian-bromann/followers",
        "following_url": "https://api.github.com/users/christian-bromann/following{/other_user}",
        "gists_url": "https://api.github.com/users/christian-bromann/gists{/gist_id}",
        "starred_url": "https://api.github.com/users/christian-bromann/starred{/owner}{/repo}",
        "subscriptions_url": "https://api.github.com/users/christian-bromann/subscriptions",
        "organizations_url": "https://api.github.com/users/christian-bromann/orgs",
        "repos_url": "https://api.github.com/users/christian-bromann/repos",
        "events_url": "https://api.github.com/users/christian-bromann/events{/privacy}",
        "received_events_url": "https://api.github.com/users/christian-bromann/received_events",
        "type": "User",
        "site_admin": false
    },
    "labels": [],
    "state": "closed",
    "locked": false,
    "assignee": null,
    "assignees": [],
    "milestone": null,
    "comments": 1,
    "created_at": "2014-08-14T00:04:02Z",
    "updated_at": "2014-08-28T14:14:58Z",
    "closed_at": "2014-08-28T14:14:58Z",
    "author_association": "NONE",
    "body": "Hi,\n\nI've created an Flaskr example application for a talk that can help people to run Selenium tests on their Flask apps. It uses Travis CI as continuous integration server and Sauce Labs to execute the tests in the cloud. If you're interested I would send you an PR. Here is the link:\n\nhttps://github.com/christian-bromann/flask-webdriver-demo\n\nCheers\n",
    "comments_inline": [
        {
            "url": "https://api.github.com/repos/pallets/flask/issues/comments/53725472",
            "html_url": "https://github.com/pallets/flask/issues/1148#issuecomment-53725472",
            "issue_url": "https://api.github.com/repos/pallets/flask/issues/1148",
            "id": 53725472,
            "node_id": "MDEyOklzc3VlQ29tbWVudDUzNzI1NDcy",
            "user": {
                "login": "untitaker",
                "id": 837573,
                "node_id": "MDQ6VXNlcjgzNzU3Mw==",
                "avatar_url": "https://avatars0.githubusercontent.com/u/837573?v=4",
                "gravatar_id": "",
                "url": "https://api.github.com/users/untitaker",
                "html_url": "https://github.com/untitaker",
                "followers_url": "https://api.github.com/users/untitaker/followers",
                "following_url": "https://api.github.com/users/untitaker/following{/other_user}",
                "gists_url": "https://api.github.com/users/untitaker/gists{/gist_id}",
                "starred_url": "https://api.github.com/users/untitaker/starred{/owner}{/repo}",
                "subscriptions_url": "https://api.github.com/users/untitaker/subscriptions",
                "organizations_url": "https://api.github.com/users/untitaker/orgs",
                "repos_url": "https://api.github.com/users/untitaker/repos",
                "events_url": "https://api.github.com/users/untitaker/events{/privacy}",
                "received_events_url": "https://api.github.com/users/untitaker/received_events",
                "type": "User",
                "site_admin": false
            },
            "created_at": "2014-08-28T14:14:58Z",
            "updated_at": "2014-08-28T14:14:58Z",
            "author_association": "MEMBER",
            "body": "If we get a resolution for https://github.com/pocoo/metaflask/issues/47, we could use this. But right now I don't think we should put it into the current docs.\n"
        }
    ]
}