{
    "url": "https://api.github.com/repos/pallets/flask/issues/1149",
    "repository_url": "https://api.github.com/repos/pallets/flask",
    "labels_url": "https://api.github.com/repos/pallets/flask/issues/1149/labels{/name}",
    "comments_url": "https://api.github.com/repos/pallets/flask/issues/1149/comments",
    "events_url": "https://api.github.com/repos/pallets/flask/issues/1149/events",
    "html_url": "https://github.com/pallets/flask/issues/1149",
    "id": 40257669,
    "node_id": "MDU6SXNzdWU0MDI1NzY2OQ==",
    "number": 1149,
    "title": "pdf&epub of docs has wrong version",
    "user": {
        "login": "RobberPhex",
        "id": 1926185,
        "node_id": "MDQ6VXNlcjE5MjYxODU=",
        "avatar_url": "https://avatars1.githubusercontent.com/u/1926185?v=4",
        "gravatar_id": "",
        "url": "https://api.github.com/users/RobberPhex",
        "html_url": "https://github.com/RobberPhex",
        "followers_url": "https://api.github.com/users/RobberPhex/followers",
        "following_url": "https://api.github.com/users/RobberPhex/following{/other_user}",
        "gists_url": "https://api.github.com/users/RobberPhex/gists{/gist_id}",
        "starred_url": "https://api.github.com/users/RobberPhex/starred{/owner}{/repo}",
        "subscriptions_url": "https://api.github.com/users/RobberPhex/subscriptions",
        "organizations_url": "https://api.github.com/users/RobberPhex/orgs",
        "repos_url": "https://api.github.com/users/RobberPhex/repos",
        "events_url": "https://api.github.com/users/RobberPhex/events{/privacy}",
        "received_events_url": "https://api.github.com/users/RobberPhex/received_events",
        "type": "User",
        "site_admin": false
    },
    "labels": [],
    "state": "closed",
    "locked": false,
    "assignee": null,
    "assignees": [],
    "milestone": null,
    "comments": 1,
    "created_at": "2014-08-14T14:11:54Z",
    "updated_at": "2014-08-28T14:13:33Z",
    "closed_at": "2014-08-28T14:13:33Z",
    "author_association": "NONE",
    "body": "In http://flask.pocoo.org/docs/ , the download link http://flask.pocoo.org/docs/flask-docs.pdf (_sha1:6ddf4ea31f4c5146afb7b68060bc9bd87eacc4c8_) is for v0.11-dev, like that:\n\n![v0.11-dev](https://cloud.githubusercontent.com/assets/1926185/3921018/bc74cf98-23bc-11e4-91eb-f216a0bdfda8.png)\n\nBut, the latest release version of Flask is v0.10.1. Please fix it, thank you.\n",
    "comments_inline": [
        {
            "url": "https://api.github.com/repos/pallets/flask/issues/comments/52196552",
            "html_url": "https://github.com/pallets/flask/issues/1149#issuecomment-52196552",
            "issue_url": "https://api.github.com/repos/pallets/flask/issues/1149",
            "id": 52196552,
            "node_id": "MDEyOklzc3VlQ29tbWVudDUyMTk2NTUy",
            "user": {
                "login": "untitaker",
                "id": 837573,
                "node_id": "MDQ6VXNlcjgzNzU3Mw==",
                "avatar_url": "https://avatars0.githubusercontent.com/u/837573?v=4",
                "gravatar_id": "",
                "url": "https://api.github.com/users/untitaker",
                "html_url": "https://github.com/untitaker",
                "followers_url": "https://api.github.com/users/untitaker/followers",
                "following_url": "https://api.github.com/users/untitaker/following{/other_user}",
                "gists_url": "https://api.github.com/users/untitaker/gists{/gist_id}",
                "starred_url": "https://api.github.com/users/untitaker/starred{/owner}{/repo}",
                "subscriptions_url": "https://api.github.com/users/untitaker/subscriptions",
                "organizations_url": "https://api.github.com/users/untitaker/orgs",
                "repos_url": "https://api.github.com/users/untitaker/repos",
                "events_url": "https://api.github.com/users/untitaker/events{/privacy}",
                "received_events_url": "https://api.github.com/users/untitaker/received_events",
                "type": "User",
                "site_admin": false
            },
            "created_at": "2014-08-14T15:14:27Z",
            "updated_at": "2014-08-14T15:14:27Z",
            "author_association": "MEMBER",
            "body": "See pocoo/metaflask#7\n"
        }
    ]
}