{
    "url": "https://api.github.com/repos/pallets/flask/issues/129",
    "repository_url": "https://api.github.com/repos/pallets/flask",
    "labels_url": "https://api.github.com/repos/pallets/flask/issues/129/labels{/name}",
    "comments_url": "https://api.github.com/repos/pallets/flask/issues/129/comments",
    "events_url": "https://api.github.com/repos/pallets/flask/issues/129/events",
    "html_url": "https://github.com/pallets/flask/issues/129",
    "id": 376878,
    "node_id": "MDU6SXNzdWUzNzY4Nzg=",
    "number": 129,
    "title": "Thoughts about the fabric docs",
    "user": {
        "login": "dag",
        "id": 319,
        "node_id": "MDQ6VXNlcjMxOQ==",
        "avatar_url": "https://avatars1.githubusercontent.com/u/319?v=4",
        "gravatar_id": "",
        "url": "https://api.github.com/users/dag",
        "html_url": "https://github.com/dag",
        "followers_url": "https://api.github.com/users/dag/followers",
        "following_url": "https://api.github.com/users/dag/following{/other_user}",
        "gists_url": "https://api.github.com/users/dag/gists{/gist_id}",
        "starred_url": "https://api.github.com/users/dag/starred{/owner}{/repo}",
        "subscriptions_url": "https://api.github.com/users/dag/subscriptions",
        "organizations_url": "https://api.github.com/users/dag/orgs",
        "repos_url": "https://api.github.com/users/dag/repos",
        "events_url": "https://api.github.com/users/dag/events{/privacy}",
        "received_events_url": "https://api.github.com/users/dag/received_events",
        "type": "User",
        "site_admin": false
    },
    "labels": [
        {
            "id": 32876,
            "node_id": "MDU6TGFiZWwzMjg3Ng==",
            "url": "https://api.github.com/repos/pallets/flask/labels/docs",
            "name": "docs",
            "color": "0e8a16",
            "default": false,
            "description": null
        }
    ],
    "state": "closed",
    "locked": false,
    "assignee": null,
    "assignees": [],
    "milestone": null,
    "comments": 3,
    "created_at": "2010-10-22T17:47:32Z",
    "updated_at": "2016-06-05T20:14:00Z",
    "closed_at": "2016-06-05T20:13:59Z",
    "author_association": "CONTRIBUTOR",
    "body": "Maybe use of one of these should be suggested:\n\n```\nsetup.py egg_info ...\n--tag-svn-revision (-r)  Add subversion revision ID to version number\n--tag-date (-d)          Add date stamp (e.g. 20050528) to version number\n--tag-build (-b)         Specify explicit tag to add to version number\n```\n\nA problem with this is that `setup.py --fullname` does not include the tag. Not really an issue with `-b`, a useful value might be `git log -1 --format=%h` for example.\n\nAnother thought: why go through all that trouble to extract the tarball?\n\n```\neasy_install myapp.tar.gz\n```\n\nAlso: why not call `pack()` in deploy?\n",
    "comments_inline": [
        {
            "url": "https://api.github.com/repos/pallets/flask/issues/comments/205718568",
            "html_url": "https://github.com/pallets/flask/issues/129#issuecomment-205718568",
            "issue_url": "https://api.github.com/repos/pallets/flask/issues/129",
            "id": 205718568,
            "node_id": "MDEyOklzc3VlQ29tbWVudDIwNTcxODU2OA==",
            "user": {
                "login": "jeffwidman",
                "id": 483314,
                "node_id": "MDQ6VXNlcjQ4MzMxNA==",
                "avatar_url": "https://avatars2.githubusercontent.com/u/483314?v=4",
                "gravatar_id": "",
                "url": "https://api.github.com/users/jeffwidman",
                "html_url": "https://github.com/jeffwidman",
                "followers_url": "https://api.github.com/users/jeffwidman/followers",
                "following_url": "https://api.github.com/users/jeffwidman/following{/other_user}",
                "gists_url": "https://api.github.com/users/jeffwidman/gists{/gist_id}",
                "starred_url": "https://api.github.com/users/jeffwidman/starred{/owner}{/repo}",
                "subscriptions_url": "https://api.github.com/users/jeffwidman/subscriptions",
                "organizations_url": "https://api.github.com/users/jeffwidman/orgs",
                "repos_url": "https://api.github.com/users/jeffwidman/repos",
                "events_url": "https://api.github.com/users/jeffwidman/events{/privacy}",
                "received_events_url": "https://api.github.com/users/jeffwidman/received_events",
                "type": "User",
                "site_admin": false
            },
            "created_at": "2016-04-05T08:37:56Z",
            "updated_at": "2016-04-05T08:37:56Z",
            "author_association": "MEMBER",
            "body": "For future reference (since I just looked it up) the Fabric docs are here: http://flask.pocoo.org/docs/dev/patterns/fabric/\n"
        },
        {
            "url": "https://api.github.com/repos/pallets/flask/issues/comments/223453073",
            "html_url": "https://github.com/pallets/flask/issues/129#issuecomment-223453073",
            "issue_url": "https://api.github.com/repos/pallets/flask/issues/129",
            "id": 223453073,
            "node_id": "MDEyOklzc3VlQ29tbWVudDIyMzQ1MzA3Mw==",
            "user": {
                "login": "autoferrit",
                "id": 89895,
                "node_id": "MDQ6VXNlcjg5ODk1",
                "avatar_url": "https://avatars2.githubusercontent.com/u/89895?v=4",
                "gravatar_id": "",
                "url": "https://api.github.com/users/autoferrit",
                "html_url": "https://github.com/autoferrit",
                "followers_url": "https://api.github.com/users/autoferrit/followers",
                "following_url": "https://api.github.com/users/autoferrit/following{/other_user}",
                "gists_url": "https://api.github.com/users/autoferrit/gists{/gist_id}",
                "starred_url": "https://api.github.com/users/autoferrit/starred{/owner}{/repo}",
                "subscriptions_url": "https://api.github.com/users/autoferrit/subscriptions",
                "organizations_url": "https://api.github.com/users/autoferrit/orgs",
                "repos_url": "https://api.github.com/users/autoferrit/repos",
                "events_url": "https://api.github.com/users/autoferrit/events{/privacy}",
                "received_events_url": "https://api.github.com/users/autoferrit/received_events",
                "type": "User",
                "site_admin": false
            },
            "created_at": "2016-06-02T23:32:34Z",
            "updated_at": "2016-06-02T23:32:34Z",
            "author_association": "CONTRIBUTOR",
            "body": "The PR I submitted updates the docs and seems to take care of these cases.\n"
        },
        {
            "url": "https://api.github.com/repos/pallets/flask/issues/comments/223834873",
            "html_url": "https://github.com/pallets/flask/issues/129#issuecomment-223834873",
            "issue_url": "https://api.github.com/repos/pallets/flask/issues/129",
            "id": 223834873,
            "node_id": "MDEyOklzc3VlQ29tbWVudDIyMzgzNDg3Mw==",
            "user": {
                "login": "davidism",
                "id": 1242887,
                "node_id": "MDQ6VXNlcjEyNDI4ODc=",
                "avatar_url": "https://avatars1.githubusercontent.com/u/1242887?v=4",
                "gravatar_id": "",
                "url": "https://api.github.com/users/davidism",
                "html_url": "https://github.com/davidism",
                "followers_url": "https://api.github.com/users/davidism/followers",
                "following_url": "https://api.github.com/users/davidism/following{/other_user}",
                "gists_url": "https://api.github.com/users/davidism/gists{/gist_id}",
                "starred_url": "https://api.github.com/users/davidism/starred{/owner}{/repo}",
                "subscriptions_url": "https://api.github.com/users/davidism/subscriptions",
                "organizations_url": "https://api.github.com/users/davidism/orgs",
                "repos_url": "https://api.github.com/users/davidism/repos",
                "events_url": "https://api.github.com/users/davidism/events{/privacy}",
                "received_events_url": "https://api.github.com/users/davidism/received_events",
                "type": "User",
                "site_admin": false
            },
            "created_at": "2016-06-05T20:13:59Z",
            "updated_at": "2016-06-05T20:13:59Z",
            "author_association": "MEMBER",
            "body": "Addressed the \"why unpack it\" point here: aa9a994946acf45187cb12506b47433306aa3473.  Uses pip to install the package now.\n"
        }
    ]
}