{
    "url": "https://api.github.com/repos/pallets/flask/issues/1292",
    "repository_url": "https://api.github.com/repos/pallets/flask",
    "labels_url": "https://api.github.com/repos/pallets/flask/issues/1292/labels{/name}",
    "comments_url": "https://api.github.com/repos/pallets/flask/issues/1292/comments",
    "events_url": "https://api.github.com/repos/pallets/flask/issues/1292/events",
    "html_url": "https://github.com/pallets/flask/pull/1292",
    "id": 52846221,
    "node_id": "MDExOlB1bGxSZXF1ZXN0MjY1NzMyOTk=",
    "number": 1292,
    "title": "fix typo",
    "user": {
        "login": "ryanwang520",
        "id": 3983408,
        "node_id": "MDQ6VXNlcjM5ODM0MDg=",
        "avatar_url": "https://avatars1.githubusercontent.com/u/3983408?v=4",
        "gravatar_id": "",
        "url": "https://api.github.com/users/ryanwang520",
        "html_url": "https://github.com/ryanwang520",
        "followers_url": "https://api.github.com/users/ryanwang520/followers",
        "following_url": "https://api.github.com/users/ryanwang520/following{/other_user}",
        "gists_url": "https://api.github.com/users/ryanwang520/gists{/gist_id}",
        "starred_url": "https://api.github.com/users/ryanwang520/starred{/owner}{/repo}",
        "subscriptions_url": "https://api.github.com/users/ryanwang520/subscriptions",
        "organizations_url": "https://api.github.com/users/ryanwang520/orgs",
        "repos_url": "https://api.github.com/users/ryanwang520/repos",
        "events_url": "https://api.github.com/users/ryanwang520/events{/privacy}",
        "received_events_url": "https://api.github.com/users/ryanwang520/received_events",
        "type": "User",
        "site_admin": false
    },
    "labels": [],
    "state": "closed",
    "locked": false,
    "assignee": null,
    "assignees": [],
    "milestone": null,
    "comments": 1,
    "created_at": "2014-12-25T03:52:39Z",
    "updated_at": "2014-12-25T15:49:59Z",
    "closed_at": "2014-12-25T15:49:59Z",
    "author_association": "CONTRIBUTOR",
    "pull_request": {
        "url": "https://api.github.com/repos/pallets/flask/pulls/1292",
        "html_url": "https://github.com/pallets/flask/pull/1292",
        "diff_url": "https://github.com/pallets/flask/pull/1292.diff",
        "patch_url": "https://github.com/pallets/flask/pull/1292.patch"
    },
    "body": "",
    "comments_inline": [
        {
            "url": "https://api.github.com/repos/pallets/flask/issues/comments/68106717",
            "html_url": "https://github.com/pallets/flask/pull/1292#issuecomment-68106717",
            "issue_url": "https://api.github.com/repos/pallets/flask/issues/1292",
            "id": 68106717,
            "node_id": "MDEyOklzc3VlQ29tbWVudDY4MTA2NzE3",
            "user": {
                "login": "untitaker",
                "id": 837573,
                "node_id": "MDQ6VXNlcjgzNzU3Mw==",
                "avatar_url": "https://avatars0.githubusercontent.com/u/837573?v=4",
                "gravatar_id": "",
                "url": "https://api.github.com/users/untitaker",
                "html_url": "https://github.com/untitaker",
                "followers_url": "https://api.github.com/users/untitaker/followers",
                "following_url": "https://api.github.com/users/untitaker/following{/other_user}",
                "gists_url": "https://api.github.com/users/untitaker/gists{/gist_id}",
                "starred_url": "https://api.github.com/users/untitaker/starred{/owner}{/repo}",
                "subscriptions_url": "https://api.github.com/users/untitaker/subscriptions",
                "organizations_url": "https://api.github.com/users/untitaker/orgs",
                "repos_url": "https://api.github.com/users/untitaker/repos",
                "events_url": "https://api.github.com/users/untitaker/events{/privacy}",
                "received_events_url": "https://api.github.com/users/untitaker/received_events",
                "type": "User",
                "site_admin": false
            },
            "created_at": "2014-12-25T15:49:56Z",
            "updated_at": "2014-12-25T15:49:56Z",
            "author_association": "MEMBER",
            "body": "Thanks!\n"
        }
    ]
}