{
    "url": "https://api.github.com/repos/pallets/flask/issues/1296",
    "repository_url": "https://api.github.com/repos/pallets/flask",
    "labels_url": "https://api.github.com/repos/pallets/flask/issues/1296/labels{/name}",
    "comments_url": "https://api.github.com/repos/pallets/flask/issues/1296/comments",
    "events_url": "https://api.github.com/repos/pallets/flask/issues/1296/events",
    "html_url": "https://github.com/pallets/flask/issues/1296",
    "id": 53023224,
    "node_id": "MDU6SXNzdWU1MzAyMzIyNA==",
    "number": 1296,
    "title": "\u9ebb\u70e6\u95ee\u4e0b\uff0c \u4f60\u7684\u6570\u636e\u5e93\u600e\u4e48\u5347\u7ea7\u554a",
    "user": {
        "login": "kaniel",
        "id": 2151628,
        "node_id": "MDQ6VXNlcjIxNTE2Mjg=",
        "avatar_url": "https://avatars1.githubusercontent.com/u/2151628?v=4",
        "gravatar_id": "",
        "url": "https://api.github.com/users/kaniel",
        "html_url": "https://github.com/kaniel",
        "followers_url": "https://api.github.com/users/kaniel/followers",
        "following_url": "https://api.github.com/users/kaniel/following{/other_user}",
        "gists_url": "https://api.github.com/users/kaniel/gists{/gist_id}",
        "starred_url": "https://api.github.com/users/kaniel/starred{/owner}{/repo}",
        "subscriptions_url": "https://api.github.com/users/kaniel/subscriptions",
        "organizations_url": "https://api.github.com/users/kaniel/orgs",
        "repos_url": "https://api.github.com/users/kaniel/repos",
        "events_url": "https://api.github.com/users/kaniel/events{/privacy}",
        "received_events_url": "https://api.github.com/users/kaniel/received_events",
        "type": "User",
        "site_admin": false
    },
    "labels": [],
    "state": "closed",
    "locked": false,
    "assignee": null,
    "assignees": [],
    "milestone": null,
    "comments": 3,
    "created_at": "2014-12-29T06:50:29Z",
    "updated_at": "2014-12-29T10:03:06Z",
    "closed_at": "2014-12-29T09:52:22Z",
    "author_association": "NONE",
    "body": "\u6211\u5728models\u91cc\u9762\u52a0\u4e86\u8868\u7ed3\u6784\uff0c \u6211\u53bb\u6267\u884cmigrate \u548cupgrade\uff0c \u4e0d\u80fd\u5347\u7ea7\uff0c \n\u6570\u636e\u5e93\u600e\u4e48\u5347\u7ea7\u554a\uff1f\n",
    "comments_inline": [
        {
            "url": "https://api.github.com/repos/pallets/flask/issues/comments/68244477",
            "html_url": "https://github.com/pallets/flask/issues/1296#issuecomment-68244477",
            "issue_url": "https://api.github.com/repos/pallets/flask/issues/1296",
            "id": 68244477,
            "node_id": "MDEyOklzc3VlQ29tbWVudDY4MjQ0NDc3",
            "user": {
                "login": "untitaker",
                "id": 837573,
                "node_id": "MDQ6VXNlcjgzNzU3Mw==",
                "avatar_url": "https://avatars0.githubusercontent.com/u/837573?v=4",
                "gravatar_id": "",
                "url": "https://api.github.com/users/untitaker",
                "html_url": "https://github.com/untitaker",
                "followers_url": "https://api.github.com/users/untitaker/followers",
                "following_url": "https://api.github.com/users/untitaker/following{/other_user}",
                "gists_url": "https://api.github.com/users/untitaker/gists{/gist_id}",
                "starred_url": "https://api.github.com/users/untitaker/starred{/owner}{/repo}",
                "subscriptions_url": "https://api.github.com/users/untitaker/subscriptions",
                "organizations_url": "https://api.github.com/users/untitaker/orgs",
                "repos_url": "https://api.github.com/users/untitaker/repos",
                "events_url": "https://api.github.com/users/untitaker/events{/privacy}",
                "received_events_url": "https://api.github.com/users/untitaker/received_events",
                "type": "User",
                "site_admin": false
            },
            "created_at": "2014-12-29T09:52:22Z",
            "updated_at": "2014-12-29T09:52:22Z",
            "author_association": "MEMBER",
            "body": "Please write in english. Also, this is not the place to ask questions about Flask's plugins or general usage.\n"
        },
        {
            "url": "https://api.github.com/repos/pallets/flask/issues/comments/68244955",
            "html_url": "https://github.com/pallets/flask/issues/1296#issuecomment-68244955",
            "issue_url": "https://api.github.com/repos/pallets/flask/issues/1296",
            "id": 68244955,
            "node_id": "MDEyOklzc3VlQ29tbWVudDY4MjQ0OTU1",
            "user": {
                "login": "kaniel",
                "id": 2151628,
                "node_id": "MDQ6VXNlcjIxNTE2Mjg=",
                "avatar_url": "https://avatars1.githubusercontent.com/u/2151628?v=4",
                "gravatar_id": "",
                "url": "https://api.github.com/users/kaniel",
                "html_url": "https://github.com/kaniel",
                "followers_url": "https://api.github.com/users/kaniel/followers",
                "following_url": "https://api.github.com/users/kaniel/following{/other_user}",
                "gists_url": "https://api.github.com/users/kaniel/gists{/gist_id}",
                "starred_url": "https://api.github.com/users/kaniel/starred{/owner}{/repo}",
                "subscriptions_url": "https://api.github.com/users/kaniel/subscriptions",
                "organizations_url": "https://api.github.com/users/kaniel/orgs",
                "repos_url": "https://api.github.com/users/kaniel/repos",
                "events_url": "https://api.github.com/users/kaniel/events{/privacy}",
                "received_events_url": "https://api.github.com/users/kaniel/received_events",
                "type": "User",
                "site_admin": false
            },
            "created_at": "2014-12-29T10:01:10Z",
            "updated_at": "2014-12-29T10:01:10Z",
            "author_association": "NONE",
            "body": "I'm so sorry \uff0c I don\u2018t  ask u, and send messages in wrong place\n"
        },
        {
            "url": "https://api.github.com/repos/pallets/flask/issues/comments/68245070",
            "html_url": "https://github.com/pallets/flask/issues/1296#issuecomment-68245070",
            "issue_url": "https://api.github.com/repos/pallets/flask/issues/1296",
            "id": 68245070,
            "node_id": "MDEyOklzc3VlQ29tbWVudDY4MjQ1MDcw",
            "user": {
                "login": "untitaker",
                "id": 837573,
                "node_id": "MDQ6VXNlcjgzNzU3Mw==",
                "avatar_url": "https://avatars0.githubusercontent.com/u/837573?v=4",
                "gravatar_id": "",
                "url": "https://api.github.com/users/untitaker",
                "html_url": "https://github.com/untitaker",
                "followers_url": "https://api.github.com/users/untitaker/followers",
                "following_url": "https://api.github.com/users/untitaker/following{/other_user}",
                "gists_url": "https://api.github.com/users/untitaker/gists{/gist_id}",
                "starred_url": "https://api.github.com/users/untitaker/starred{/owner}{/repo}",
                "subscriptions_url": "https://api.github.com/users/untitaker/subscriptions",
                "organizations_url": "https://api.github.com/users/untitaker/orgs",
                "repos_url": "https://api.github.com/users/untitaker/repos",
                "events_url": "https://api.github.com/users/untitaker/events{/privacy}",
                "received_events_url": "https://api.github.com/users/untitaker/received_events",
                "type": "User",
                "site_admin": false
            },
            "created_at": "2014-12-29T10:03:06Z",
            "updated_at": "2014-12-29T10:03:06Z",
            "author_association": "MEMBER",
            "body": "No problem. Btw you probably want to check out Flask-Alembic.\n"
        }
    ]
}