{
    "url": "https://api.github.com/repos/pallets/flask/issues/1297",
    "repository_url": "https://api.github.com/repos/pallets/flask",
    "labels_url": "https://api.github.com/repos/pallets/flask/issues/1297/labels{/name}",
    "comments_url": "https://api.github.com/repos/pallets/flask/issues/1297/comments",
    "events_url": "https://api.github.com/repos/pallets/flask/issues/1297/events",
    "html_url": "https://github.com/pallets/flask/pull/1297",
    "id": 53093716,
    "node_id": "MDExOlB1bGxSZXF1ZXN0MjY2NzM4MzI=",
    "number": 1297,
    "title": "Fix grammar in testing doc.",
    "user": {
        "login": "nryoung",
        "id": 1323750,
        "node_id": "MDQ6VXNlcjEzMjM3NTA=",
        "avatar_url": "https://avatars0.githubusercontent.com/u/1323750?v=4",
        "gravatar_id": "",
        "url": "https://api.github.com/users/nryoung",
        "html_url": "https://github.com/nryoung",
        "followers_url": "https://api.github.com/users/nryoung/followers",
        "following_url": "https://api.github.com/users/nryoung/following{/other_user}",
        "gists_url": "https://api.github.com/users/nryoung/gists{/gist_id}",
        "starred_url": "https://api.github.com/users/nryoung/starred{/owner}{/repo}",
        "subscriptions_url": "https://api.github.com/users/nryoung/subscriptions",
        "organizations_url": "https://api.github.com/users/nryoung/orgs",
        "repos_url": "https://api.github.com/users/nryoung/repos",
        "events_url": "https://api.github.com/users/nryoung/events{/privacy}",
        "received_events_url": "https://api.github.com/users/nryoung/received_events",
        "type": "User",
        "site_admin": false
    },
    "labels": [],
    "state": "closed",
    "locked": false,
    "assignee": null,
    "assignees": [],
    "milestone": null,
    "comments": 1,
    "created_at": "2014-12-30T05:13:12Z",
    "updated_at": "2014-12-30T09:10:13Z",
    "closed_at": "2014-12-30T09:10:13Z",
    "author_association": "CONTRIBUTOR",
    "pull_request": {
        "url": "https://api.github.com/repos/pallets/flask/pulls/1297",
        "html_url": "https://github.com/pallets/flask/pull/1297",
        "diff_url": "https://github.com/pallets/flask/pull/1297.diff",
        "patch_url": "https://github.com/pallets/flask/pull/1297.patch"
    },
    "body": "Fix slight grammar mistake in the testing docs.\n",
    "comments_inline": [
        {
            "url": "https://api.github.com/repos/pallets/flask/issues/comments/68340736",
            "html_url": "https://github.com/pallets/flask/pull/1297#issuecomment-68340736",
            "issue_url": "https://api.github.com/repos/pallets/flask/issues/1297",
            "id": 68340736,
            "node_id": "MDEyOklzc3VlQ29tbWVudDY4MzQwNzM2",
            "user": {
                "login": "untitaker",
                "id": 837573,
                "node_id": "MDQ6VXNlcjgzNzU3Mw==",
                "avatar_url": "https://avatars0.githubusercontent.com/u/837573?v=4",
                "gravatar_id": "",
                "url": "https://api.github.com/users/untitaker",
                "html_url": "https://github.com/untitaker",
                "followers_url": "https://api.github.com/users/untitaker/followers",
                "following_url": "https://api.github.com/users/untitaker/following{/other_user}",
                "gists_url": "https://api.github.com/users/untitaker/gists{/gist_id}",
                "starred_url": "https://api.github.com/users/untitaker/starred{/owner}{/repo}",
                "subscriptions_url": "https://api.github.com/users/untitaker/subscriptions",
                "organizations_url": "https://api.github.com/users/untitaker/orgs",
                "repos_url": "https://api.github.com/users/untitaker/repos",
                "events_url": "https://api.github.com/users/untitaker/events{/privacy}",
                "received_events_url": "https://api.github.com/users/untitaker/received_events",
                "type": "User",
                "site_admin": false
            },
            "created_at": "2014-12-30T09:10:10Z",
            "updated_at": "2014-12-30T09:10:10Z",
            "author_association": "MEMBER",
            "body": "Thanks!\n"
        }
    ]
}