{
    "url": "https://api.github.com/repos/pallets/flask/issues/1298",
    "repository_url": "https://api.github.com/repos/pallets/flask",
    "labels_url": "https://api.github.com/repos/pallets/flask/issues/1298/labels{/name}",
    "comments_url": "https://api.github.com/repos/pallets/flask/issues/1298/comments",
    "events_url": "https://api.github.com/repos/pallets/flask/issues/1298/events",
    "html_url": "https://github.com/pallets/flask/issues/1298",
    "id": 53101542,
    "node_id": "MDU6SXNzdWU1MzEwMTU0Mg==",
    "number": 1298,
    "title": "Flask doc unittest error",
    "user": {
        "login": "Toshinaki",
        "id": 10347466,
        "node_id": "MDQ6VXNlcjEwMzQ3NDY2",
        "avatar_url": "https://avatars3.githubusercontent.com/u/10347466?v=4",
        "gravatar_id": "",
        "url": "https://api.github.com/users/Toshinaki",
        "html_url": "https://github.com/Toshinaki",
        "followers_url": "https://api.github.com/users/Toshinaki/followers",
        "following_url": "https://api.github.com/users/Toshinaki/following{/other_user}",
        "gists_url": "https://api.github.com/users/Toshinaki/gists{/gist_id}",
        "starred_url": "https://api.github.com/users/Toshinaki/starred{/owner}{/repo}",
        "subscriptions_url": "https://api.github.com/users/Toshinaki/subscriptions",
        "organizations_url": "https://api.github.com/users/Toshinaki/orgs",
        "repos_url": "https://api.github.com/users/Toshinaki/repos",
        "events_url": "https://api.github.com/users/Toshinaki/events{/privacy}",
        "received_events_url": "https://api.github.com/users/Toshinaki/received_events",
        "type": "User",
        "site_admin": false
    },
    "labels": [],
    "state": "closed",
    "locked": false,
    "assignee": null,
    "assignees": [],
    "milestone": null,
    "comments": 2,
    "created_at": "2014-12-30T08:48:51Z",
    "updated_at": "2014-12-30T11:08:43Z",
    "closed_at": "2014-12-30T11:08:29Z",
    "author_association": "NONE",
    "body": "Hi everyone. \nI'm new to Flask, and following the tutorial.\nUntill <a href='http://flask.pocoo.org/docs/0.10/testing/#the-first-test'>The First Test</a> of <a href='http://flask.pocoo.org/docs/0.10/testing/#testing'>Testing Flask Applications</a>\nthe code bellow\n\n<pre>\ndef test_empty_db(self):\n    rv = self.app.get('/')\n    assert 'No entries here so far' in rv.data\n</pre>\n\nwent wrong.\n\n<pre>Traceback (most recent call last):\n  File \"D:\\Programming\\Python3_mine\\Flask\\flaskr\\flaskr_tests.py\", line 21, in test_empty_db\n    assert 'No entries here so far' in rv.data\nTypeError: Type str doesn't support the buffer API</pre>\n\nThen I checked the rv.data's type.(rv is a response_class object)\nAnd it's <strong>bytes</strong> type. So I use <em>b'No entries here so far' and it worked</em>.\n\nDid this happen to everyone else?\nI think someone should correct the document to save beginners' time.\n\nAnd I'm still working on my English so forgive me if there're any grammar or spelling mistake.\nThank you for reading!! :)\n",
    "comments_inline": [
        {
            "url": "https://api.github.com/repos/pallets/flask/issues/comments/68344532",
            "html_url": "https://github.com/pallets/flask/issues/1298#issuecomment-68344532",
            "issue_url": "https://api.github.com/repos/pallets/flask/issues/1298",
            "id": 68344532,
            "node_id": "MDEyOklzc3VlQ29tbWVudDY4MzQ0NTMy",
            "user": {
                "login": "untitaker",
                "id": 837573,
                "node_id": "MDQ6VXNlcjgzNzU3Mw==",
                "avatar_url": "https://avatars0.githubusercontent.com/u/837573?v=4",
                "gravatar_id": "",
                "url": "https://api.github.com/users/untitaker",
                "html_url": "https://github.com/untitaker",
                "followers_url": "https://api.github.com/users/untitaker/followers",
                "following_url": "https://api.github.com/users/untitaker/following{/other_user}",
                "gists_url": "https://api.github.com/users/untitaker/gists{/gist_id}",
                "starred_url": "https://api.github.com/users/untitaker/starred{/owner}{/repo}",
                "subscriptions_url": "https://api.github.com/users/untitaker/subscriptions",
                "organizations_url": "https://api.github.com/users/untitaker/orgs",
                "repos_url": "https://api.github.com/users/untitaker/repos",
                "events_url": "https://api.github.com/users/untitaker/events{/privacy}",
                "received_events_url": "https://api.github.com/users/untitaker/received_events",
                "type": "User",
                "site_admin": false
            },
            "created_at": "2014-12-30T10:11:37Z",
            "updated_at": "2014-12-30T10:11:37Z",
            "author_association": "MEMBER",
            "body": "Yes, that's from the days where Flask would only work under Python 2 (where the code is valid).\n"
        },
        {
            "url": "https://api.github.com/repos/pallets/flask/issues/comments/68348282",
            "html_url": "https://github.com/pallets/flask/issues/1298#issuecomment-68348282",
            "issue_url": "https://api.github.com/repos/pallets/flask/issues/1298",
            "id": 68348282,
            "node_id": "MDEyOklzc3VlQ29tbWVudDY4MzQ4Mjgy",
            "user": {
                "login": "untitaker",
                "id": 837573,
                "node_id": "MDQ6VXNlcjgzNzU3Mw==",
                "avatar_url": "https://avatars0.githubusercontent.com/u/837573?v=4",
                "gravatar_id": "",
                "url": "https://api.github.com/users/untitaker",
                "html_url": "https://github.com/untitaker",
                "followers_url": "https://api.github.com/users/untitaker/followers",
                "following_url": "https://api.github.com/users/untitaker/following{/other_user}",
                "gists_url": "https://api.github.com/users/untitaker/gists{/gist_id}",
                "starred_url": "https://api.github.com/users/untitaker/starred{/owner}{/repo}",
                "subscriptions_url": "https://api.github.com/users/untitaker/subscriptions",
                "organizations_url": "https://api.github.com/users/untitaker/orgs",
                "repos_url": "https://api.github.com/users/untitaker/repos",
                "events_url": "https://api.github.com/users/untitaker/events{/privacy}",
                "received_events_url": "https://api.github.com/users/untitaker/received_events",
                "type": "User",
                "site_admin": false
            },
            "created_at": "2014-12-30T11:08:43Z",
            "updated_at": "2014-12-30T11:08:43Z",
            "author_association": "MEMBER",
            "body": "Is fixed in master and will appear with 1.0.\n"
        }
    ]
}