{
    "url": "https://api.github.com/repos/pallets/flask/issues/1306",
    "repository_url": "https://api.github.com/repos/pallets/flask",
    "labels_url": "https://api.github.com/repos/pallets/flask/issues/1306/labels{/name}",
    "comments_url": "https://api.github.com/repos/pallets/flask/issues/1306/comments",
    "events_url": "https://api.github.com/repos/pallets/flask/issues/1306/events",
    "html_url": "https://github.com/pallets/flask/pull/1306",
    "id": 53301626,
    "node_id": "MDExOlB1bGxSZXF1ZXN0MjY3ODE5NTI=",
    "number": 1306,
    "title": "Update copyright year",
    "user": {
        "login": "Jayin",
        "id": 2763894,
        "node_id": "MDQ6VXNlcjI3NjM4OTQ=",
        "avatar_url": "https://avatars1.githubusercontent.com/u/2763894?v=4",
        "gravatar_id": "",
        "url": "https://api.github.com/users/Jayin",
        "html_url": "https://github.com/Jayin",
        "followers_url": "https://api.github.com/users/Jayin/followers",
        "following_url": "https://api.github.com/users/Jayin/following{/other_user}",
        "gists_url": "https://api.github.com/users/Jayin/gists{/gist_id}",
        "starred_url": "https://api.github.com/users/Jayin/starred{/owner}{/repo}",
        "subscriptions_url": "https://api.github.com/users/Jayin/subscriptions",
        "organizations_url": "https://api.github.com/users/Jayin/orgs",
        "repos_url": "https://api.github.com/users/Jayin/repos",
        "events_url": "https://api.github.com/users/Jayin/events{/privacy}",
        "received_events_url": "https://api.github.com/users/Jayin/received_events",
        "type": "User",
        "site_admin": false
    },
    "labels": [],
    "state": "closed",
    "locked": false,
    "assignee": null,
    "assignees": [],
    "milestone": null,
    "comments": 1,
    "created_at": "2015-01-03T11:29:04Z",
    "updated_at": "2015-01-03T13:27:25Z",
    "closed_at": "2015-01-03T13:01:32Z",
    "author_association": "NONE",
    "pull_request": {
        "url": "https://api.github.com/repos/pallets/flask/pulls/1306",
        "html_url": "https://github.com/pallets/flask/pull/1306",
        "diff_url": "https://github.com/pallets/flask/pull/1306.diff",
        "patch_url": "https://github.com/pallets/flask/pull/1306.patch"
    },
    "body": "",
    "comments_inline": [
        {
            "url": "https://api.github.com/repos/pallets/flask/issues/comments/68594246",
            "html_url": "https://github.com/pallets/flask/pull/1306#issuecomment-68594246",
            "issue_url": "https://api.github.com/repos/pallets/flask/issues/1306",
            "id": 68594246,
            "node_id": "MDEyOklzc3VlQ29tbWVudDY4NTk0MjQ2",
            "user": {
                "login": "untitaker",
                "id": 837573,
                "node_id": "MDQ6VXNlcjgzNzU3Mw==",
                "avatar_url": "https://avatars0.githubusercontent.com/u/837573?v=4",
                "gravatar_id": "",
                "url": "https://api.github.com/users/untitaker",
                "html_url": "https://github.com/untitaker",
                "followers_url": "https://api.github.com/users/untitaker/followers",
                "following_url": "https://api.github.com/users/untitaker/following{/other_user}",
                "gists_url": "https://api.github.com/users/untitaker/gists{/gist_id}",
                "starred_url": "https://api.github.com/users/untitaker/starred{/owner}{/repo}",
                "subscriptions_url": "https://api.github.com/users/untitaker/subscriptions",
                "organizations_url": "https://api.github.com/users/untitaker/orgs",
                "repos_url": "https://api.github.com/users/untitaker/repos",
                "events_url": "https://api.github.com/users/untitaker/events{/privacy}",
                "received_events_url": "https://api.github.com/users/untitaker/received_events",
                "type": "User",
                "site_admin": false
            },
            "created_at": "2015-01-03T13:01:32Z",
            "updated_at": "2015-01-03T13:01:32Z",
            "author_association": "MEMBER",
            "body": "Already fixed by #1303\n"
        }
    ]
}