{
    "url": "https://api.github.com/repos/pallets/flask/issues/1307",
    "repository_url": "https://api.github.com/repos/pallets/flask",
    "labels_url": "https://api.github.com/repos/pallets/flask/issues/1307/labels{/name}",
    "comments_url": "https://api.github.com/repos/pallets/flask/issues/1307/comments",
    "events_url": "https://api.github.com/repos/pallets/flask/issues/1307/events",
    "html_url": "https://github.com/pallets/flask/pull/1307",
    "id": 53306273,
    "node_id": "MDExOlB1bGxSZXF1ZXN0MjY3ODM2MjM=",
    "number": 1307,
    "title": "URL generation rule explained for file uploads",
    "user": {
        "login": "sourya",
        "id": 1070205,
        "node_id": "MDQ6VXNlcjEwNzAyMDU=",
        "avatar_url": "https://avatars3.githubusercontent.com/u/1070205?v=4",
        "gravatar_id": "",
        "url": "https://api.github.com/users/sourya",
        "html_url": "https://github.com/sourya",
        "followers_url": "https://api.github.com/users/sourya/followers",
        "following_url": "https://api.github.com/users/sourya/following{/other_user}",
        "gists_url": "https://api.github.com/users/sourya/gists{/gist_id}",
        "starred_url": "https://api.github.com/users/sourya/starred{/owner}{/repo}",
        "subscriptions_url": "https://api.github.com/users/sourya/subscriptions",
        "organizations_url": "https://api.github.com/users/sourya/orgs",
        "repos_url": "https://api.github.com/users/sourya/repos",
        "events_url": "https://api.github.com/users/sourya/events{/privacy}",
        "received_events_url": "https://api.github.com/users/sourya/received_events",
        "type": "User",
        "site_admin": false
    },
    "labels": [],
    "state": "closed",
    "locked": false,
    "assignee": null,
    "assignees": [],
    "milestone": null,
    "comments": 5,
    "created_at": "2015-01-03T15:10:38Z",
    "updated_at": "2018-10-23T17:43:30Z",
    "closed_at": "2015-03-04T17:45:01Z",
    "author_association": "CONTRIBUTOR",
    "pull_request": {
        "url": "https://api.github.com/repos/pallets/flask/pulls/1307",
        "html_url": "https://github.com/pallets/flask/pull/1307",
        "diff_url": "https://github.com/pallets/flask/pull/1307.diff",
        "patch_url": "https://github.com/pallets/flask/pull/1307.patch"
    },
    "body": "",
    "comments_inline": [
        {
            "url": "https://api.github.com/repos/pallets/flask/issues/comments/68604600",
            "html_url": "https://github.com/pallets/flask/pull/1307#issuecomment-68604600",
            "issue_url": "https://api.github.com/repos/pallets/flask/issues/1307",
            "id": 68604600,
            "node_id": "MDEyOklzc3VlQ29tbWVudDY4NjA0NjAw",
            "user": {
                "login": "untitaker",
                "id": 837573,
                "node_id": "MDQ6VXNlcjgzNzU3Mw==",
                "avatar_url": "https://avatars0.githubusercontent.com/u/837573?v=4",
                "gravatar_id": "",
                "url": "https://api.github.com/users/untitaker",
                "html_url": "https://github.com/untitaker",
                "followers_url": "https://api.github.com/users/untitaker/followers",
                "following_url": "https://api.github.com/users/untitaker/following{/other_user}",
                "gists_url": "https://api.github.com/users/untitaker/gists{/gist_id}",
                "starred_url": "https://api.github.com/users/untitaker/starred{/owner}{/repo}",
                "subscriptions_url": "https://api.github.com/users/untitaker/subscriptions",
                "organizations_url": "https://api.github.com/users/untitaker/orgs",
                "repos_url": "https://api.github.com/users/untitaker/repos",
                "events_url": "https://api.github.com/users/untitaker/events{/privacy}",
                "received_events_url": "https://api.github.com/users/untitaker/received_events",
                "type": "User",
                "site_admin": false
            },
            "created_at": "2015-01-03T18:36:01Z",
            "updated_at": "2015-01-03T18:36:01Z",
            "author_association": "MEMBER",
            "body": "Why close this?\n"
        },
        {
            "url": "https://api.github.com/repos/pallets/flask/issues/comments/68623919",
            "html_url": "https://github.com/pallets/flask/pull/1307#issuecomment-68623919",
            "issue_url": "https://api.github.com/repos/pallets/flask/issues/1307",
            "id": 68623919,
            "node_id": "MDEyOklzc3VlQ29tbWVudDY4NjIzOTE5",
            "user": {
                "login": "sourya",
                "id": 1070205,
                "node_id": "MDQ6VXNlcjEwNzAyMDU=",
                "avatar_url": "https://avatars3.githubusercontent.com/u/1070205?v=4",
                "gravatar_id": "",
                "url": "https://api.github.com/users/sourya",
                "html_url": "https://github.com/sourya",
                "followers_url": "https://api.github.com/users/sourya/followers",
                "following_url": "https://api.github.com/users/sourya/following{/other_user}",
                "gists_url": "https://api.github.com/users/sourya/gists{/gist_id}",
                "starred_url": "https://api.github.com/users/sourya/starred{/owner}{/repo}",
                "subscriptions_url": "https://api.github.com/users/sourya/subscriptions",
                "organizations_url": "https://api.github.com/users/sourya/orgs",
                "repos_url": "https://api.github.com/users/sourya/repos",
                "events_url": "https://api.github.com/users/sourya/events{/privacy}",
                "received_events_url": "https://api.github.com/users/sourya/received_events",
                "type": "User",
                "site_admin": false
            },
            "created_at": "2015-01-04T07:18:57Z",
            "updated_at": "2015-01-04T07:37:52Z",
            "author_association": "CONTRIBUTOR",
            "body": "Changing the File upload progress bar part. Will create another pull request soon. :)\n\nUpdate: Oops! Didn't notice it is opened already. \n"
        },
        {
            "url": "https://api.github.com/repos/pallets/flask/issues/comments/77100056",
            "html_url": "https://github.com/pallets/flask/pull/1307#issuecomment-77100056",
            "issue_url": "https://api.github.com/repos/pallets/flask/issues/1307",
            "id": 77100056,
            "node_id": "MDEyOklzc3VlQ29tbWVudDc3MTAwMDU2",
            "user": {
                "login": "keyan",
                "id": 6401746,
                "node_id": "MDQ6VXNlcjY0MDE3NDY=",
                "avatar_url": "https://avatars0.githubusercontent.com/u/6401746?v=4",
                "gravatar_id": "",
                "url": "https://api.github.com/users/keyan",
                "html_url": "https://github.com/keyan",
                "followers_url": "https://api.github.com/users/keyan/followers",
                "following_url": "https://api.github.com/users/keyan/following{/other_user}",
                "gists_url": "https://api.github.com/users/keyan/gists{/gist_id}",
                "starred_url": "https://api.github.com/users/keyan/starred{/owner}{/repo}",
                "subscriptions_url": "https://api.github.com/users/keyan/subscriptions",
                "organizations_url": "https://api.github.com/users/keyan/orgs",
                "repos_url": "https://api.github.com/users/keyan/repos",
                "events_url": "https://api.github.com/users/keyan/events{/privacy}",
                "received_events_url": "https://api.github.com/users/keyan/received_events",
                "type": "User",
                "site_admin": false
            },
            "created_at": "2015-03-04T05:36:43Z",
            "updated_at": "2015-03-04T05:36:52Z",
            "author_association": "MEMBER",
            "body": "@untitaker This looks good to me, could we merge it and close #1256?\n"
        },
        {
            "url": "https://api.github.com/repos/pallets/flask/issues/comments/77101544",
            "html_url": "https://github.com/pallets/flask/pull/1307#issuecomment-77101544",
            "issue_url": "https://api.github.com/repos/pallets/flask/issues/1307",
            "id": 77101544,
            "node_id": "MDEyOklzc3VlQ29tbWVudDc3MTAxNTQ0",
            "user": {
                "login": "untitaker",
                "id": 837573,
                "node_id": "MDQ6VXNlcjgzNzU3Mw==",
                "avatar_url": "https://avatars0.githubusercontent.com/u/837573?v=4",
                "gravatar_id": "",
                "url": "https://api.github.com/users/untitaker",
                "html_url": "https://github.com/untitaker",
                "followers_url": "https://api.github.com/users/untitaker/followers",
                "following_url": "https://api.github.com/users/untitaker/following{/other_user}",
                "gists_url": "https://api.github.com/users/untitaker/gists{/gist_id}",
                "starred_url": "https://api.github.com/users/untitaker/starred{/owner}{/repo}",
                "subscriptions_url": "https://api.github.com/users/untitaker/subscriptions",
                "organizations_url": "https://api.github.com/users/untitaker/orgs",
                "repos_url": "https://api.github.com/users/untitaker/repos",
                "events_url": "https://api.github.com/users/untitaker/events{/privacy}",
                "received_events_url": "https://api.github.com/users/untitaker/received_events",
                "type": "User",
                "site_admin": false
            },
            "created_at": "2015-03-04T05:57:16Z",
            "updated_at": "2015-03-04T05:57:16Z",
            "author_association": "MEMBER",
            "body": "Ah yes... JS libraries come and go, I'd like to avoid linking to a specific one.\n"
        },
        {
            "url": "https://api.github.com/repos/pallets/flask/issues/comments/77101774",
            "html_url": "https://github.com/pallets/flask/pull/1307#issuecomment-77101774",
            "issue_url": "https://api.github.com/repos/pallets/flask/issues/1307",
            "id": 77101774,
            "node_id": "MDEyOklzc3VlQ29tbWVudDc3MTAxNzc0",
            "user": {
                "login": "keyan",
                "id": 6401746,
                "node_id": "MDQ6VXNlcjY0MDE3NDY=",
                "avatar_url": "https://avatars0.githubusercontent.com/u/6401746?v=4",
                "gravatar_id": "",
                "url": "https://api.github.com/users/keyan",
                "html_url": "https://github.com/keyan",
                "followers_url": "https://api.github.com/users/keyan/followers",
                "following_url": "https://api.github.com/users/keyan/following{/other_user}",
                "gists_url": "https://api.github.com/users/keyan/gists{/gist_id}",
                "starred_url": "https://api.github.com/users/keyan/starred{/owner}{/repo}",
                "subscriptions_url": "https://api.github.com/users/keyan/subscriptions",
                "organizations_url": "https://api.github.com/users/keyan/orgs",
                "repos_url": "https://api.github.com/users/keyan/repos",
                "events_url": "https://api.github.com/users/keyan/events{/privacy}",
                "received_events_url": "https://api.github.com/users/keyan/received_events",
                "type": "User",
                "site_admin": false
            },
            "created_at": "2015-03-04T06:00:13Z",
            "updated_at": "2015-03-04T06:00:13Z",
            "author_association": "MEMBER",
            "body": "Hmm, what is the quickest way to fix this? Could you merge it and then I just remove the link to dropzonejs? I'm guessing jQuery is here to stay and is safe to leave in.\n"
        }
    ]
}