{
    "url": "https://api.github.com/repos/pallets/flask/issues/1308",
    "repository_url": "https://api.github.com/repos/pallets/flask",
    "labels_url": "https://api.github.com/repos/pallets/flask/issues/1308/labels{/name}",
    "comments_url": "https://api.github.com/repos/pallets/flask/issues/1308/comments",
    "events_url": "https://api.github.com/repos/pallets/flask/issues/1308/events",
    "html_url": "https://github.com/pallets/flask/pull/1308",
    "id": 53339606,
    "node_id": "MDExOlB1bGxSZXF1ZXN0MjY3OTYzMTY=",
    "number": 1308,
    "title": "Replace hard coded path",
    "user": {
        "login": "ghost",
        "id": 10137,
        "node_id": "MDQ6VXNlcjEwMTM3",
        "avatar_url": "https://avatars3.githubusercontent.com/u/10137?v=4",
        "gravatar_id": "",
        "url": "https://api.github.com/users/ghost",
        "html_url": "https://github.com/ghost",
        "followers_url": "https://api.github.com/users/ghost/followers",
        "following_url": "https://api.github.com/users/ghost/following{/other_user}",
        "gists_url": "https://api.github.com/users/ghost/gists{/gist_id}",
        "starred_url": "https://api.github.com/users/ghost/starred{/owner}{/repo}",
        "subscriptions_url": "https://api.github.com/users/ghost/subscriptions",
        "organizations_url": "https://api.github.com/users/ghost/orgs",
        "repos_url": "https://api.github.com/users/ghost/repos",
        "events_url": "https://api.github.com/users/ghost/events{/privacy}",
        "received_events_url": "https://api.github.com/users/ghost/received_events",
        "type": "User",
        "site_admin": false
    },
    "labels": [],
    "state": "closed",
    "locked": false,
    "assignee": null,
    "assignees": [],
    "milestone": null,
    "comments": 3,
    "created_at": "2015-01-04T15:42:04Z",
    "updated_at": "2015-01-04T20:34:21Z",
    "closed_at": "2015-01-04T20:32:29Z",
    "author_association": "NONE",
    "pull_request": {
        "url": "https://api.github.com/repos/pallets/flask/pulls/1308",
        "html_url": "https://github.com/pallets/flask/pull/1308",
        "diff_url": "https://github.com/pallets/flask/pull/1308.diff",
        "patch_url": "https://github.com/pallets/flask/pull/1308.patch"
    },
    "body": "Use `os.path.dirname` and `os.path.abspath` to dynamically build upload path\n",
    "comments_inline": [
        {
            "url": "https://api.github.com/repos/pallets/flask/issues/comments/68637783",
            "html_url": "https://github.com/pallets/flask/pull/1308#issuecomment-68637783",
            "issue_url": "https://api.github.com/repos/pallets/flask/issues/1308",
            "id": 68637783,
            "node_id": "MDEyOklzc3VlQ29tbWVudDY4NjM3Nzgz",
            "user": {
                "login": "untitaker",
                "id": 837573,
                "node_id": "MDQ6VXNlcjgzNzU3Mw==",
                "avatar_url": "https://avatars0.githubusercontent.com/u/837573?v=4",
                "gravatar_id": "",
                "url": "https://api.github.com/users/untitaker",
                "html_url": "https://github.com/untitaker",
                "followers_url": "https://api.github.com/users/untitaker/followers",
                "following_url": "https://api.github.com/users/untitaker/following{/other_user}",
                "gists_url": "https://api.github.com/users/untitaker/gists{/gist_id}",
                "starred_url": "https://api.github.com/users/untitaker/starred{/owner}{/repo}",
                "subscriptions_url": "https://api.github.com/users/untitaker/subscriptions",
                "organizations_url": "https://api.github.com/users/untitaker/orgs",
                "repos_url": "https://api.github.com/users/untitaker/repos",
                "events_url": "https://api.github.com/users/untitaker/events{/privacy}",
                "received_events_url": "https://api.github.com/users/untitaker/received_events",
                "type": "User",
                "site_admin": false
            },
            "created_at": "2015-01-04T16:04:20Z",
            "updated_at": "2015-01-04T16:04:20Z",
            "author_association": "MEMBER",
            "body": "Actually this doesn't work, url_for needs an appcontext.\n\nI am not sure if this is out of bounds for a simple example.\n"
        },
        {
            "url": "https://api.github.com/repos/pallets/flask/issues/comments/68647670",
            "html_url": "https://github.com/pallets/flask/pull/1308#issuecomment-68647670",
            "issue_url": "https://api.github.com/repos/pallets/flask/issues/1308",
            "id": 68647670,
            "node_id": "MDEyOklzc3VlQ29tbWVudDY4NjQ3Njcw",
            "user": {
                "login": "ghost",
                "id": 10137,
                "node_id": "MDQ6VXNlcjEwMTM3",
                "avatar_url": "https://avatars3.githubusercontent.com/u/10137?v=4",
                "gravatar_id": "",
                "url": "https://api.github.com/users/ghost",
                "html_url": "https://github.com/ghost",
                "followers_url": "https://api.github.com/users/ghost/followers",
                "following_url": "https://api.github.com/users/ghost/following{/other_user}",
                "gists_url": "https://api.github.com/users/ghost/gists{/gist_id}",
                "starred_url": "https://api.github.com/users/ghost/starred{/owner}{/repo}",
                "subscriptions_url": "https://api.github.com/users/ghost/subscriptions",
                "organizations_url": "https://api.github.com/users/ghost/orgs",
                "repos_url": "https://api.github.com/users/ghost/repos",
                "events_url": "https://api.github.com/users/ghost/events{/privacy}",
                "received_events_url": "https://api.github.com/users/ghost/received_events",
                "type": "User",
                "site_admin": false
            },
            "created_at": "2015-01-04T20:32:12Z",
            "updated_at": "2015-01-04T20:32:12Z",
            "author_association": "NONE",
            "body": " Infact it does work. :smiley: \nAnyway, if you think it is complicated for simple example, its fine :+1: \n"
        },
        {
            "url": "https://api.github.com/repos/pallets/flask/issues/comments/68647753",
            "html_url": "https://github.com/pallets/flask/pull/1308#issuecomment-68647753",
            "issue_url": "https://api.github.com/repos/pallets/flask/issues/1308",
            "id": 68647753,
            "node_id": "MDEyOklzc3VlQ29tbWVudDY4NjQ3NzUz",
            "user": {
                "login": "ThiefMaster",
                "id": 179599,
                "node_id": "MDQ6VXNlcjE3OTU5OQ==",
                "avatar_url": "https://avatars1.githubusercontent.com/u/179599?v=4",
                "gravatar_id": "",
                "url": "https://api.github.com/users/ThiefMaster",
                "html_url": "https://github.com/ThiefMaster",
                "followers_url": "https://api.github.com/users/ThiefMaster/followers",
                "following_url": "https://api.github.com/users/ThiefMaster/following{/other_user}",
                "gists_url": "https://api.github.com/users/ThiefMaster/gists{/gist_id}",
                "starred_url": "https://api.github.com/users/ThiefMaster/starred{/owner}{/repo}",
                "subscriptions_url": "https://api.github.com/users/ThiefMaster/subscriptions",
                "organizations_url": "https://api.github.com/users/ThiefMaster/orgs",
                "repos_url": "https://api.github.com/users/ThiefMaster/repos",
                "events_url": "https://api.github.com/users/ThiefMaster/events{/privacy}",
                "received_events_url": "https://api.github.com/users/ThiefMaster/received_events",
                "type": "User",
                "site_admin": false
            },
            "created_at": "2015-01-04T20:34:11Z",
            "updated_at": "2015-01-04T20:34:21Z",
            "author_association": "MEMBER",
            "body": "Just FYI, you are supposed to have two spaces before and one space after the `#`\n"
        }
    ]
}