{
    "url": "https://api.github.com/repos/pallets/flask/issues/1309",
    "repository_url": "https://api.github.com/repos/pallets/flask",
    "labels_url": "https://api.github.com/repos/pallets/flask/issues/1309/labels{/name}",
    "comments_url": "https://api.github.com/repos/pallets/flask/issues/1309/comments",
    "events_url": "https://api.github.com/repos/pallets/flask/issues/1309/events",
    "html_url": "https://github.com/pallets/flask/pull/1309",
    "id": 53351058,
    "node_id": "MDExOlB1bGxSZXF1ZXN0MjY4MDA0MzY=",
    "number": 1309,
    "title": "Uploadpattern fix",
    "user": {
        "login": "ghost",
        "id": 10137,
        "node_id": "MDQ6VXNlcjEwMTM3",
        "avatar_url": "https://avatars3.githubusercontent.com/u/10137?v=4",
        "gravatar_id": "",
        "url": "https://api.github.com/users/ghost",
        "html_url": "https://github.com/ghost",
        "followers_url": "https://api.github.com/users/ghost/followers",
        "following_url": "https://api.github.com/users/ghost/following{/other_user}",
        "gists_url": "https://api.github.com/users/ghost/gists{/gist_id}",
        "starred_url": "https://api.github.com/users/ghost/starred{/owner}{/repo}",
        "subscriptions_url": "https://api.github.com/users/ghost/subscriptions",
        "organizations_url": "https://api.github.com/users/ghost/orgs",
        "repos_url": "https://api.github.com/users/ghost/repos",
        "events_url": "https://api.github.com/users/ghost/events{/privacy}",
        "received_events_url": "https://api.github.com/users/ghost/received_events",
        "type": "User",
        "site_admin": false
    },
    "labels": [],
    "state": "closed",
    "locked": false,
    "assignee": null,
    "assignees": [],
    "milestone": null,
    "comments": 1,
    "created_at": "2015-01-04T22:26:36Z",
    "updated_at": "2015-03-05T21:01:51Z",
    "closed_at": "2015-03-05T21:01:51Z",
    "author_association": "NONE",
    "pull_request": {
        "url": "https://api.github.com/repos/pallets/flask/pulls/1309",
        "html_url": "https://github.com/pallets/flask/pull/1309",
        "diff_url": "https://github.com/pallets/flask/pull/1309.diff",
        "patch_url": "https://github.com/pallets/flask/pull/1309.patch"
    },
    "body": "Fix spaces as mentioned by @ThiefMaster \n",
    "comments_inline": [
        {
            "url": "https://api.github.com/repos/pallets/flask/issues/comments/77450825",
            "html_url": "https://github.com/pallets/flask/pull/1309#issuecomment-77450825",
            "issue_url": "https://api.github.com/repos/pallets/flask/issues/1309",
            "id": 77450825,
            "node_id": "MDEyOklzc3VlQ29tbWVudDc3NDUwODI1",
            "user": {
                "login": "untitaker",
                "id": 837573,
                "node_id": "MDQ6VXNlcjgzNzU3Mw==",
                "avatar_url": "https://avatars0.githubusercontent.com/u/837573?v=4",
                "gravatar_id": "",
                "url": "https://api.github.com/users/untitaker",
                "html_url": "https://github.com/untitaker",
                "followers_url": "https://api.github.com/users/untitaker/followers",
                "following_url": "https://api.github.com/users/untitaker/following{/other_user}",
                "gists_url": "https://api.github.com/users/untitaker/gists{/gist_id}",
                "starred_url": "https://api.github.com/users/untitaker/starred{/owner}{/repo}",
                "subscriptions_url": "https://api.github.com/users/untitaker/subscriptions",
                "organizations_url": "https://api.github.com/users/untitaker/orgs",
                "repos_url": "https://api.github.com/users/untitaker/repos",
                "events_url": "https://api.github.com/users/untitaker/events{/privacy}",
                "received_events_url": "https://api.github.com/users/untitaker/received_events",
                "type": "User",
                "site_admin": false
            },
            "created_at": "2015-03-05T21:01:51Z",
            "updated_at": "2015-03-05T21:01:51Z",
            "author_association": "MEMBER",
            "body": "I don't like this... it distracts from the main point of this tutorial.\n"
        }
    ]
}