{
    "url": "https://api.github.com/repos/pallets/flask/issues/131",
    "repository_url": "https://api.github.com/repos/pallets/flask",
    "labels_url": "https://api.github.com/repos/pallets/flask/issues/131/labels{/name}",
    "comments_url": "https://api.github.com/repos/pallets/flask/issues/131/comments",
    "events_url": "https://api.github.com/repos/pallets/flask/issues/131/events",
    "html_url": "https://github.com/pallets/flask/issues/131",
    "id": 380309,
    "node_id": "MDU6SXNzdWUzODAzMDk=",
    "number": 131,
    "title": "Modules and Lazy Loading",
    "user": {
        "login": "mitsuhiko",
        "id": 7396,
        "node_id": "MDQ6VXNlcjczOTY=",
        "avatar_url": "https://avatars1.githubusercontent.com/u/7396?v=4",
        "gravatar_id": "",
        "url": "https://api.github.com/users/mitsuhiko",
        "html_url": "https://github.com/mitsuhiko",
        "followers_url": "https://api.github.com/users/mitsuhiko/followers",
        "following_url": "https://api.github.com/users/mitsuhiko/following{/other_user}",
        "gists_url": "https://api.github.com/users/mitsuhiko/gists{/gist_id}",
        "starred_url": "https://api.github.com/users/mitsuhiko/starred{/owner}{/repo}",
        "subscriptions_url": "https://api.github.com/users/mitsuhiko/subscriptions",
        "organizations_url": "https://api.github.com/users/mitsuhiko/orgs",
        "repos_url": "https://api.github.com/users/mitsuhiko/repos",
        "events_url": "https://api.github.com/users/mitsuhiko/events{/privacy}",
        "received_events_url": "https://api.github.com/users/mitsuhiko/received_events",
        "type": "User",
        "site_admin": false
    },
    "labels": [],
    "state": "closed",
    "locked": false,
    "assignee": null,
    "assignees": [],
    "milestone": null,
    "comments": 4,
    "created_at": "2010-10-25T08:29:08Z",
    "updated_at": "2012-03-09T12:19:08Z",
    "closed_at": "2011-06-17T02:06:44Z",
    "author_association": "MEMBER",
    "body": "The new module system should support lazy loading and still provide early access to templates and static files.\n",
    "comments_inline": [
        {
            "url": "https://api.github.com/repos/pallets/flask/issues/comments/1384278",
            "html_url": "https://github.com/pallets/flask/issues/131#issuecomment-1384278",
            "issue_url": "https://api.github.com/repos/pallets/flask/issues/131",
            "id": 1384278,
            "node_id": "MDEyOklzc3VlQ29tbWVudDEzODQyNzg=",
            "user": {
                "login": "ghost",
                "id": 10137,
                "node_id": "MDQ6VXNlcjEwMTM3",
                "avatar_url": "https://avatars3.githubusercontent.com/u/10137?v=4",
                "gravatar_id": "",
                "url": "https://api.github.com/users/ghost",
                "html_url": "https://github.com/ghost",
                "followers_url": "https://api.github.com/users/ghost/followers",
                "following_url": "https://api.github.com/users/ghost/following{/other_user}",
                "gists_url": "https://api.github.com/users/ghost/gists{/gist_id}",
                "starred_url": "https://api.github.com/users/ghost/starred{/owner}{/repo}",
                "subscriptions_url": "https://api.github.com/users/ghost/subscriptions",
                "organizations_url": "https://api.github.com/users/ghost/orgs",
                "repos_url": "https://api.github.com/users/ghost/repos",
                "events_url": "https://api.github.com/users/ghost/events{/privacy}",
                "received_events_url": "https://api.github.com/users/ghost/received_events",
                "type": "User",
                "site_admin": false
            },
            "created_at": "2011-06-16T21:09:00Z",
            "updated_at": "2011-06-16T21:09:00Z",
            "author_association": "NONE",
            "body": "what do you mean by early access ?\n"
        },
        {
            "url": "https://api.github.com/repos/pallets/flask/issues/comments/1384706",
            "html_url": "https://github.com/pallets/flask/issues/131#issuecomment-1384706",
            "issue_url": "https://api.github.com/repos/pallets/flask/issues/131",
            "id": 1384706,
            "node_id": "MDEyOklzc3VlQ29tbWVudDEzODQ3MDY=",
            "user": {
                "login": "colwilson",
                "id": 6346,
                "node_id": "MDQ6VXNlcjYzNDY=",
                "avatar_url": "https://avatars1.githubusercontent.com/u/6346?v=4",
                "gravatar_id": "",
                "url": "https://api.github.com/users/colwilson",
                "html_url": "https://github.com/colwilson",
                "followers_url": "https://api.github.com/users/colwilson/followers",
                "following_url": "https://api.github.com/users/colwilson/following{/other_user}",
                "gists_url": "https://api.github.com/users/colwilson/gists{/gist_id}",
                "starred_url": "https://api.github.com/users/colwilson/starred{/owner}{/repo}",
                "subscriptions_url": "https://api.github.com/users/colwilson/subscriptions",
                "organizations_url": "https://api.github.com/users/colwilson/orgs",
                "repos_url": "https://api.github.com/users/colwilson/repos",
                "events_url": "https://api.github.com/users/colwilson/events{/privacy}",
                "received_events_url": "https://api.github.com/users/colwilson/received_events",
                "type": "User",
                "site_admin": false
            },
            "created_at": "2011-06-16T22:13:43Z",
            "updated_at": "2011-06-16T22:13:43Z",
            "author_association": "NONE",
            "body": "How would you write a test for lazy loading?\n"
        },
        {
            "url": "https://api.github.com/repos/pallets/flask/issues/comments/1385604",
            "html_url": "https://github.com/pallets/flask/issues/131#issuecomment-1385604",
            "issue_url": "https://api.github.com/repos/pallets/flask/issues/131",
            "id": 1385604,
            "node_id": "MDEyOklzc3VlQ29tbWVudDEzODU2MDQ=",
            "user": {
                "login": "mitsuhiko",
                "id": 7396,
                "node_id": "MDQ6VXNlcjczOTY=",
                "avatar_url": "https://avatars1.githubusercontent.com/u/7396?v=4",
                "gravatar_id": "",
                "url": "https://api.github.com/users/mitsuhiko",
                "html_url": "https://github.com/mitsuhiko",
                "followers_url": "https://api.github.com/users/mitsuhiko/followers",
                "following_url": "https://api.github.com/users/mitsuhiko/following{/other_user}",
                "gists_url": "https://api.github.com/users/mitsuhiko/gists{/gist_id}",
                "starred_url": "https://api.github.com/users/mitsuhiko/starred{/owner}{/repo}",
                "subscriptions_url": "https://api.github.com/users/mitsuhiko/subscriptions",
                "organizations_url": "https://api.github.com/users/mitsuhiko/orgs",
                "repos_url": "https://api.github.com/users/mitsuhiko/repos",
                "events_url": "https://api.github.com/users/mitsuhiko/events{/privacy}",
                "received_events_url": "https://api.github.com/users/mitsuhiko/received_events",
                "type": "User",
                "site_admin": false
            },
            "created_at": "2011-06-17T02:06:44Z",
            "updated_at": "2011-06-17T02:06:44Z",
            "author_association": "MEMBER",
            "body": "This ticket should be considered obsolete. The plan was to support registering blueprints/modules at a later point in time which we no longer aim for.\n"
        },
        {
            "url": "https://api.github.com/repos/pallets/flask/issues/comments/4415447",
            "html_url": "https://github.com/pallets/flask/issues/131#issuecomment-4415447",
            "issue_url": "https://api.github.com/repos/pallets/flask/issues/131",
            "id": 4415447,
            "node_id": "MDEyOklzc3VlQ29tbWVudDQ0MTU0NDc=",
            "user": {
                "login": "jamesonquinn",
                "id": 372468,
                "node_id": "MDQ6VXNlcjM3MjQ2OA==",
                "avatar_url": "https://avatars3.githubusercontent.com/u/372468?v=4",
                "gravatar_id": "",
                "url": "https://api.github.com/users/jamesonquinn",
                "html_url": "https://github.com/jamesonquinn",
                "followers_url": "https://api.github.com/users/jamesonquinn/followers",
                "following_url": "https://api.github.com/users/jamesonquinn/following{/other_user}",
                "gists_url": "https://api.github.com/users/jamesonquinn/gists{/gist_id}",
                "starred_url": "https://api.github.com/users/jamesonquinn/starred{/owner}{/repo}",
                "subscriptions_url": "https://api.github.com/users/jamesonquinn/subscriptions",
                "organizations_url": "https://api.github.com/users/jamesonquinn/orgs",
                "repos_url": "https://api.github.com/users/jamesonquinn/repos",
                "events_url": "https://api.github.com/users/jamesonquinn/events{/privacy}",
                "received_events_url": "https://api.github.com/users/jamesonquinn/received_events",
                "type": "User",
                "site_admin": false
            },
            "created_at": "2012-03-09T12:19:08Z",
            "updated_at": "2012-03-09T12:19:08Z",
            "author_association": "NONE",
            "body": "Issue 424 is, I think, an updated version of this desire.\n"
        }
    ]
}