{
    "url": "https://api.github.com/repos/pallets/flask/issues/1310",
    "repository_url": "https://api.github.com/repos/pallets/flask",
    "labels_url": "https://api.github.com/repos/pallets/flask/issues/1310/labels{/name}",
    "comments_url": "https://api.github.com/repos/pallets/flask/issues/1310/comments",
    "events_url": "https://api.github.com/repos/pallets/flask/issues/1310/events",
    "html_url": "https://github.com/pallets/flask/issues/1310",
    "id": 53418794,
    "node_id": "MDU6SXNzdWU1MzQxODc5NA==",
    "number": 1310,
    "title": "persona example error ",
    "user": {
        "login": "rwdim",
        "id": 416537,
        "node_id": "MDQ6VXNlcjQxNjUzNw==",
        "avatar_url": "https://avatars0.githubusercontent.com/u/416537?v=4",
        "gravatar_id": "",
        "url": "https://api.github.com/users/rwdim",
        "html_url": "https://github.com/rwdim",
        "followers_url": "https://api.github.com/users/rwdim/followers",
        "following_url": "https://api.github.com/users/rwdim/following{/other_user}",
        "gists_url": "https://api.github.com/users/rwdim/gists{/gist_id}",
        "starred_url": "https://api.github.com/users/rwdim/starred{/owner}{/repo}",
        "subscriptions_url": "https://api.github.com/users/rwdim/subscriptions",
        "organizations_url": "https://api.github.com/users/rwdim/orgs",
        "repos_url": "https://api.github.com/users/rwdim/repos",
        "events_url": "https://api.github.com/users/rwdim/events{/privacy}",
        "received_events_url": "https://api.github.com/users/rwdim/received_events",
        "type": "User",
        "site_admin": false
    },
    "labels": [],
    "state": "closed",
    "locked": false,
    "assignee": null,
    "assignees": [],
    "milestone": null,
    "comments": 5,
    "created_at": "2015-01-05T17:09:48Z",
    "updated_at": "2015-01-18T19:40:55Z",
    "closed_at": "2015-01-17T12:18:30Z",
    "author_association": "NONE",
    "body": "Out of the box, running the persona example, you get:\n\nImportError: No module named requests\n\nRemoving the import and replacing \"requests\" with \"request\" appears to resolve the issue.\n",
    "comments_inline": [
        {
            "url": "https://api.github.com/repos/pallets/flask/issues/comments/68786585",
            "html_url": "https://github.com/pallets/flask/issues/1310#issuecomment-68786585",
            "issue_url": "https://api.github.com/repos/pallets/flask/issues/1310",
            "id": 68786585,
            "node_id": "MDEyOklzc3VlQ29tbWVudDY4Nzg2NTg1",
            "user": {
                "login": "davidism",
                "id": 1242887,
                "node_id": "MDQ6VXNlcjEyNDI4ODc=",
                "avatar_url": "https://avatars1.githubusercontent.com/u/1242887?v=4",
                "gravatar_id": "",
                "url": "https://api.github.com/users/davidism",
                "html_url": "https://github.com/davidism",
                "followers_url": "https://api.github.com/users/davidism/followers",
                "following_url": "https://api.github.com/users/davidism/following{/other_user}",
                "gists_url": "https://api.github.com/users/davidism/gists{/gist_id}",
                "starred_url": "https://api.github.com/users/davidism/starred{/owner}{/repo}",
                "subscriptions_url": "https://api.github.com/users/davidism/subscriptions",
                "organizations_url": "https://api.github.com/users/davidism/orgs",
                "repos_url": "https://api.github.com/users/davidism/repos",
                "events_url": "https://api.github.com/users/davidism/events{/privacy}",
                "received_events_url": "https://api.github.com/users/davidism/received_events",
                "type": "User",
                "site_admin": false
            },
            "created_at": "2015-01-05T21:39:40Z",
            "updated_at": "2015-01-05T21:39:40Z",
            "author_association": "MEMBER",
            "body": "You need to install the [requests](http://docs.python-requests.org/) library.\n"
        },
        {
            "url": "https://api.github.com/repos/pallets/flask/issues/comments/70355751",
            "html_url": "https://github.com/pallets/flask/issues/1310#issuecomment-70355751",
            "issue_url": "https://api.github.com/repos/pallets/flask/issues/1310",
            "id": 70355751,
            "node_id": "MDEyOklzc3VlQ29tbWVudDcwMzU1NzUx",
            "user": {
                "login": "kelvintaywl",
                "id": 2164346,
                "node_id": "MDQ6VXNlcjIxNjQzNDY=",
                "avatar_url": "https://avatars3.githubusercontent.com/u/2164346?v=4",
                "gravatar_id": "",
                "url": "https://api.github.com/users/kelvintaywl",
                "html_url": "https://github.com/kelvintaywl",
                "followers_url": "https://api.github.com/users/kelvintaywl/followers",
                "following_url": "https://api.github.com/users/kelvintaywl/following{/other_user}",
                "gists_url": "https://api.github.com/users/kelvintaywl/gists{/gist_id}",
                "starred_url": "https://api.github.com/users/kelvintaywl/starred{/owner}{/repo}",
                "subscriptions_url": "https://api.github.com/users/kelvintaywl/subscriptions",
                "organizations_url": "https://api.github.com/users/kelvintaywl/orgs",
                "repos_url": "https://api.github.com/users/kelvintaywl/repos",
                "events_url": "https://api.github.com/users/kelvintaywl/events{/privacy}",
                "received_events_url": "https://api.github.com/users/kelvintaywl/received_events",
                "type": "User",
                "site_admin": false
            },
            "created_at": "2015-01-17T05:38:46Z",
            "updated_at": "2015-01-17T05:39:35Z",
            "author_association": "CONTRIBUTOR",
            "body": "`requests` library and the `request` module from flask are two different things. As what @davidism mentioned, you would need to `pip install requests`\n"
        },
        {
            "url": "https://api.github.com/repos/pallets/flask/issues/comments/70364977",
            "html_url": "https://github.com/pallets/flask/issues/1310#issuecomment-70364977",
            "issue_url": "https://api.github.com/repos/pallets/flask/issues/1310",
            "id": 70364977,
            "node_id": "MDEyOklzc3VlQ29tbWVudDcwMzY0OTc3",
            "user": {
                "login": "untitaker",
                "id": 837573,
                "node_id": "MDQ6VXNlcjgzNzU3Mw==",
                "avatar_url": "https://avatars0.githubusercontent.com/u/837573?v=4",
                "gravatar_id": "",
                "url": "https://api.github.com/users/untitaker",
                "html_url": "https://github.com/untitaker",
                "followers_url": "https://api.github.com/users/untitaker/followers",
                "following_url": "https://api.github.com/users/untitaker/following{/other_user}",
                "gists_url": "https://api.github.com/users/untitaker/gists{/gist_id}",
                "starred_url": "https://api.github.com/users/untitaker/starred{/owner}{/repo}",
                "subscriptions_url": "https://api.github.com/users/untitaker/subscriptions",
                "organizations_url": "https://api.github.com/users/untitaker/orgs",
                "repos_url": "https://api.github.com/users/untitaker/repos",
                "events_url": "https://api.github.com/users/untitaker/events{/privacy}",
                "received_events_url": "https://api.github.com/users/untitaker/received_events",
                "type": "User",
                "site_admin": false
            },
            "created_at": "2015-01-17T12:18:35Z",
            "updated_at": "2015-01-17T12:18:35Z",
            "author_association": "MEMBER",
            "body": "Not sure how \"import request\" would work, but it doesn't solve the issue. I added a note to the example.\n"
        },
        {
            "url": "https://api.github.com/repos/pallets/flask/issues/comments/70419200",
            "html_url": "https://github.com/pallets/flask/issues/1310#issuecomment-70419200",
            "issue_url": "https://api.github.com/repos/pallets/flask/issues/1310",
            "id": 70419200,
            "node_id": "MDEyOklzc3VlQ29tbWVudDcwNDE5MjAw",
            "user": {
                "login": "rwdim",
                "id": 416537,
                "node_id": "MDQ6VXNlcjQxNjUzNw==",
                "avatar_url": "https://avatars0.githubusercontent.com/u/416537?v=4",
                "gravatar_id": "",
                "url": "https://api.github.com/users/rwdim",
                "html_url": "https://github.com/rwdim",
                "followers_url": "https://api.github.com/users/rwdim/followers",
                "following_url": "https://api.github.com/users/rwdim/following{/other_user}",
                "gists_url": "https://api.github.com/users/rwdim/gists{/gist_id}",
                "starred_url": "https://api.github.com/users/rwdim/starred{/owner}{/repo}",
                "subscriptions_url": "https://api.github.com/users/rwdim/subscriptions",
                "organizations_url": "https://api.github.com/users/rwdim/orgs",
                "repos_url": "https://api.github.com/users/rwdim/repos",
                "events_url": "https://api.github.com/users/rwdim/events{/privacy}",
                "received_events_url": "https://api.github.com/users/rwdim/received_events",
                "type": "User",
                "site_admin": false
            },
            "created_at": "2015-01-18T18:26:57Z",
            "updated_at": "2015-01-18T18:26:57Z",
            "author_association": "NONE",
            "body": "requests is not a part of the python distro, so it needs to be pip'd...\n\nhttp://python-requests.org\n\nOn Sat, Jan 17, 2015 at 6:19 AM, Markus Unterwaditzer <\nnotifications@github.com> wrote:\n\n> Not sure how \"import request\" would work, but it doesn't solve the issue.\n> I added a note to the example.\n> \n> \u2014\n> Reply to this email directly or view it on GitHub\n> https://github.com/mitsuhiko/flask/issues/1310#issuecomment-70364977.\n"
        },
        {
            "url": "https://api.github.com/repos/pallets/flask/issues/comments/70422234",
            "html_url": "https://github.com/pallets/flask/issues/1310#issuecomment-70422234",
            "issue_url": "https://api.github.com/repos/pallets/flask/issues/1310",
            "id": 70422234,
            "node_id": "MDEyOklzc3VlQ29tbWVudDcwNDIyMjM0",
            "user": {
                "login": "untitaker",
                "id": 837573,
                "node_id": "MDQ6VXNlcjgzNzU3Mw==",
                "avatar_url": "https://avatars0.githubusercontent.com/u/837573?v=4",
                "gravatar_id": "",
                "url": "https://api.github.com/users/untitaker",
                "html_url": "https://github.com/untitaker",
                "followers_url": "https://api.github.com/users/untitaker/followers",
                "following_url": "https://api.github.com/users/untitaker/following{/other_user}",
                "gists_url": "https://api.github.com/users/untitaker/gists{/gist_id}",
                "starred_url": "https://api.github.com/users/untitaker/starred{/owner}{/repo}",
                "subscriptions_url": "https://api.github.com/users/untitaker/subscriptions",
                "organizations_url": "https://api.github.com/users/untitaker/orgs",
                "repos_url": "https://api.github.com/users/untitaker/repos",
                "events_url": "https://api.github.com/users/untitaker/events{/privacy}",
                "received_events_url": "https://api.github.com/users/untitaker/received_events",
                "type": "User",
                "site_admin": false
            },
            "created_at": "2015-01-18T19:40:55Z",
            "updated_at": "2015-01-18T19:40:55Z",
            "author_association": "MEMBER",
            "body": "Yes, I added a note...\n"
        }
    ]
}