{
    "url": "https://api.github.com/repos/pallets/flask/issues/1313",
    "repository_url": "https://api.github.com/repos/pallets/flask",
    "labels_url": "https://api.github.com/repos/pallets/flask/issues/1313/labels{/name}",
    "comments_url": "https://api.github.com/repos/pallets/flask/issues/1313/comments",
    "events_url": "https://api.github.com/repos/pallets/flask/issues/1313/events",
    "html_url": "https://github.com/pallets/flask/pull/1313",
    "id": 54141670,
    "node_id": "MDExOlB1bGxSZXF1ZXN0MjcyNDMwMzk=",
    "number": 1313,
    "title": "Added missing import.",
    "user": {
        "login": "homeworkprod",
        "id": 95277,
        "node_id": "MDQ6VXNlcjk1Mjc3",
        "avatar_url": "https://avatars0.githubusercontent.com/u/95277?v=4",
        "gravatar_id": "",
        "url": "https://api.github.com/users/homeworkprod",
        "html_url": "https://github.com/homeworkprod",
        "followers_url": "https://api.github.com/users/homeworkprod/followers",
        "following_url": "https://api.github.com/users/homeworkprod/following{/other_user}",
        "gists_url": "https://api.github.com/users/homeworkprod/gists{/gist_id}",
        "starred_url": "https://api.github.com/users/homeworkprod/starred{/owner}{/repo}",
        "subscriptions_url": "https://api.github.com/users/homeworkprod/subscriptions",
        "organizations_url": "https://api.github.com/users/homeworkprod/orgs",
        "repos_url": "https://api.github.com/users/homeworkprod/repos",
        "events_url": "https://api.github.com/users/homeworkprod/events{/privacy}",
        "received_events_url": "https://api.github.com/users/homeworkprod/received_events",
        "type": "User",
        "site_admin": false
    },
    "labels": [],
    "state": "closed",
    "locked": false,
    "assignee": null,
    "assignees": [],
    "milestone": null,
    "comments": 1,
    "created_at": "2015-01-13T02:03:36Z",
    "updated_at": "2015-08-19T21:14:42Z",
    "closed_at": "2015-01-13T16:58:14Z",
    "author_association": "CONTRIBUTOR",
    "pull_request": {
        "url": "https://api.github.com/repos/pallets/flask/pulls/1313",
        "html_url": "https://github.com/pallets/flask/pull/1313",
        "diff_url": "https://github.com/pallets/flask/pull/1313.diff",
        "patch_url": "https://github.com/pallets/flask/pull/1313.patch"
    },
    "body": "As this specific code block lists imports in general and an import from the `flask` package specifically, it should also include `g` for the sake of completeness.\n",
    "comments_inline": [
        {
            "url": "https://api.github.com/repos/pallets/flask/issues/comments/69777999",
            "html_url": "https://github.com/pallets/flask/pull/1313#issuecomment-69777999",
            "issue_url": "https://api.github.com/repos/pallets/flask/issues/1313",
            "id": 69777999,
            "node_id": "MDEyOklzc3VlQ29tbWVudDY5Nzc3OTk5",
            "user": {
                "login": "untitaker",
                "id": 837573,
                "node_id": "MDQ6VXNlcjgzNzU3Mw==",
                "avatar_url": "https://avatars0.githubusercontent.com/u/837573?v=4",
                "gravatar_id": "",
                "url": "https://api.github.com/users/untitaker",
                "html_url": "https://github.com/untitaker",
                "followers_url": "https://api.github.com/users/untitaker/followers",
                "following_url": "https://api.github.com/users/untitaker/following{/other_user}",
                "gists_url": "https://api.github.com/users/untitaker/gists{/gist_id}",
                "starred_url": "https://api.github.com/users/untitaker/starred{/owner}{/repo}",
                "subscriptions_url": "https://api.github.com/users/untitaker/subscriptions",
                "organizations_url": "https://api.github.com/users/untitaker/orgs",
                "repos_url": "https://api.github.com/users/untitaker/repos",
                "events_url": "https://api.github.com/users/untitaker/events{/privacy}",
                "received_events_url": "https://api.github.com/users/untitaker/received_events",
                "type": "User",
                "site_admin": false
            },
            "created_at": "2015-01-13T16:58:13Z",
            "updated_at": "2015-01-13T16:58:13Z",
            "author_association": "MEMBER",
            "body": "Thanks!\n"
        }
    ]
}