{
    "url": "https://api.github.com/repos/pallets/flask/issues/1314",
    "repository_url": "https://api.github.com/repos/pallets/flask",
    "labels_url": "https://api.github.com/repos/pallets/flask/issues/1314/labels{/name}",
    "comments_url": "https://api.github.com/repos/pallets/flask/issues/1314/comments",
    "events_url": "https://api.github.com/repos/pallets/flask/issues/1314/events",
    "html_url": "https://github.com/pallets/flask/issues/1314",
    "id": 54219239,
    "node_id": "MDU6SXNzdWU1NDIxOTIzOQ==",
    "number": 1314,
    "title": "Flaskr tutorial Step 3 is missing content",
    "user": {
        "login": "TPMoyer",
        "id": 5302976,
        "node_id": "MDQ6VXNlcjUzMDI5NzY=",
        "avatar_url": "https://avatars0.githubusercontent.com/u/5302976?v=4",
        "gravatar_id": "",
        "url": "https://api.github.com/users/TPMoyer",
        "html_url": "https://github.com/TPMoyer",
        "followers_url": "https://api.github.com/users/TPMoyer/followers",
        "following_url": "https://api.github.com/users/TPMoyer/following{/other_user}",
        "gists_url": "https://api.github.com/users/TPMoyer/gists{/gist_id}",
        "starred_url": "https://api.github.com/users/TPMoyer/starred{/owner}{/repo}",
        "subscriptions_url": "https://api.github.com/users/TPMoyer/subscriptions",
        "organizations_url": "https://api.github.com/users/TPMoyer/orgs",
        "repos_url": "https://api.github.com/users/TPMoyer/repos",
        "events_url": "https://api.github.com/users/TPMoyer/events{/privacy}",
        "received_events_url": "https://api.github.com/users/TPMoyer/received_events",
        "type": "User",
        "site_admin": false
    },
    "labels": [],
    "state": "closed",
    "locked": false,
    "assignee": null,
    "assignees": [],
    "milestone": null,
    "comments": 7,
    "created_at": "2015-01-13T17:06:27Z",
    "updated_at": "2015-01-13T19:45:27Z",
    "closed_at": "2015-01-13T19:45:27Z",
    "author_association": "NONE",
    "body": "http://flask.pocoo.org/docs/0.10/tutorial/dbinit/\nshows only the header and a portion of the first paragraph.\n",
    "comments_inline": [
        {
            "url": "https://api.github.com/repos/pallets/flask/issues/comments/69788564",
            "html_url": "https://github.com/pallets/flask/issues/1314#issuecomment-69788564",
            "issue_url": "https://api.github.com/repos/pallets/flask/issues/1314",
            "id": 69788564,
            "node_id": "MDEyOklzc3VlQ29tbWVudDY5Nzg4NTY0",
            "user": {
                "login": "untitaker",
                "id": 837573,
                "node_id": "MDQ6VXNlcjgzNzU3Mw==",
                "avatar_url": "https://avatars0.githubusercontent.com/u/837573?v=4",
                "gravatar_id": "",
                "url": "https://api.github.com/users/untitaker",
                "html_url": "https://github.com/untitaker",
                "followers_url": "https://api.github.com/users/untitaker/followers",
                "following_url": "https://api.github.com/users/untitaker/following{/other_user}",
                "gists_url": "https://api.github.com/users/untitaker/gists{/gist_id}",
                "starred_url": "https://api.github.com/users/untitaker/starred{/owner}{/repo}",
                "subscriptions_url": "https://api.github.com/users/untitaker/subscriptions",
                "organizations_url": "https://api.github.com/users/untitaker/orgs",
                "repos_url": "https://api.github.com/users/untitaker/repos",
                "events_url": "https://api.github.com/users/untitaker/events{/privacy}",
                "received_events_url": "https://api.github.com/users/untitaker/received_events",
                "type": "User",
                "site_admin": false
            },
            "created_at": "2015-01-13T17:58:41Z",
            "updated_at": "2015-01-13T17:58:41Z",
            "author_association": "MEMBER",
            "body": "Not for me. Could you provide a screenshot?\n"
        },
        {
            "url": "https://api.github.com/repos/pallets/flask/issues/comments/69800123",
            "html_url": "https://github.com/pallets/flask/issues/1314#issuecomment-69800123",
            "issue_url": "https://api.github.com/repos/pallets/flask/issues/1314",
            "id": 69800123,
            "node_id": "MDEyOklzc3VlQ29tbWVudDY5ODAwMTIz",
            "user": {
                "login": "TPMoyer",
                "id": 5302976,
                "node_id": "MDQ6VXNlcjUzMDI5NzY=",
                "avatar_url": "https://avatars0.githubusercontent.com/u/5302976?v=4",
                "gravatar_id": "",
                "url": "https://api.github.com/users/TPMoyer",
                "html_url": "https://github.com/TPMoyer",
                "followers_url": "https://api.github.com/users/TPMoyer/followers",
                "following_url": "https://api.github.com/users/TPMoyer/following{/other_user}",
                "gists_url": "https://api.github.com/users/TPMoyer/gists{/gist_id}",
                "starred_url": "https://api.github.com/users/TPMoyer/starred{/owner}{/repo}",
                "subscriptions_url": "https://api.github.com/users/TPMoyer/subscriptions",
                "organizations_url": "https://api.github.com/users/TPMoyer/orgs",
                "repos_url": "https://api.github.com/users/TPMoyer/repos",
                "events_url": "https://api.github.com/users/TPMoyer/events{/privacy}",
                "received_events_url": "https://api.github.com/users/TPMoyer/received_events",
                "type": "User",
                "site_admin": false
            },
            "created_at": "2015-01-13T19:08:29Z",
            "updated_at": "2015-01-13T19:08:29Z",
            "author_association": "NONE",
            "body": "Firefox 34.0.5 and IE 11.0.9600.17501  have the full page.\nChrome Version 39.0.2171.95 m \nshows the apostrophe in the fourth line of text, but nothing following.   The flask icon and the left column are also not displayed.    Screen shot is attached.\nMy system is Windows 7 pro 64bit service pack 1\n\n![image](https://cloud.githubusercontent.com/assets/5302976/5726838/97a5ee76-9b2c-11e4-9430-d49389782b1b.png)\n"
        },
        {
            "url": "https://api.github.com/repos/pallets/flask/issues/comments/69800289",
            "html_url": "https://github.com/pallets/flask/issues/1314#issuecomment-69800289",
            "issue_url": "https://api.github.com/repos/pallets/flask/issues/1314",
            "id": 69800289,
            "node_id": "MDEyOklzc3VlQ29tbWVudDY5ODAwMjg5",
            "user": {
                "login": "untitaker",
                "id": 837573,
                "node_id": "MDQ6VXNlcjgzNzU3Mw==",
                "avatar_url": "https://avatars0.githubusercontent.com/u/837573?v=4",
                "gravatar_id": "",
                "url": "https://api.github.com/users/untitaker",
                "html_url": "https://github.com/untitaker",
                "followers_url": "https://api.github.com/users/untitaker/followers",
                "following_url": "https://api.github.com/users/untitaker/following{/other_user}",
                "gists_url": "https://api.github.com/users/untitaker/gists{/gist_id}",
                "starred_url": "https://api.github.com/users/untitaker/starred{/owner}{/repo}",
                "subscriptions_url": "https://api.github.com/users/untitaker/subscriptions",
                "organizations_url": "https://api.github.com/users/untitaker/orgs",
                "repos_url": "https://api.github.com/users/untitaker/repos",
                "events_url": "https://api.github.com/users/untitaker/events{/privacy}",
                "received_events_url": "https://api.github.com/users/untitaker/received_events",
                "type": "User",
                "site_admin": false
            },
            "created_at": "2015-01-13T19:09:25Z",
            "updated_at": "2015-01-13T19:09:25Z",
            "author_association": "MEMBER",
            "body": "Are you sure it's not some extension or proxy messing with the page?\n"
        },
        {
            "url": "https://api.github.com/repos/pallets/flask/issues/comments/69802817",
            "html_url": "https://github.com/pallets/flask/issues/1314#issuecomment-69802817",
            "issue_url": "https://api.github.com/repos/pallets/flask/issues/1314",
            "id": 69802817,
            "node_id": "MDEyOklzc3VlQ29tbWVudDY5ODAyODE3",
            "user": {
                "login": "TPMoyer",
                "id": 5302976,
                "node_id": "MDQ6VXNlcjUzMDI5NzY=",
                "avatar_url": "https://avatars0.githubusercontent.com/u/5302976?v=4",
                "gravatar_id": "",
                "url": "https://api.github.com/users/TPMoyer",
                "html_url": "https://github.com/TPMoyer",
                "followers_url": "https://api.github.com/users/TPMoyer/followers",
                "following_url": "https://api.github.com/users/TPMoyer/following{/other_user}",
                "gists_url": "https://api.github.com/users/TPMoyer/gists{/gist_id}",
                "starred_url": "https://api.github.com/users/TPMoyer/starred{/owner}{/repo}",
                "subscriptions_url": "https://api.github.com/users/TPMoyer/subscriptions",
                "organizations_url": "https://api.github.com/users/TPMoyer/orgs",
                "repos_url": "https://api.github.com/users/TPMoyer/repos",
                "events_url": "https://api.github.com/users/TPMoyer/events{/privacy}",
                "received_events_url": "https://api.github.com/users/TPMoyer/received_events",
                "type": "User",
                "site_admin": false
            },
            "created_at": "2015-01-13T19:23:52Z",
            "updated_at": "2015-01-13T19:23:52Z",
            "author_association": "NONE",
            "body": "Same negative function after disabling all my chrome extensions.    Have not fiddled with proxy's, do not know how to check their state of being.\n"
        },
        {
            "url": "https://api.github.com/repos/pallets/flask/issues/comments/69803558",
            "html_url": "https://github.com/pallets/flask/issues/1314#issuecomment-69803558",
            "issue_url": "https://api.github.com/repos/pallets/flask/issues/1314",
            "id": 69803558,
            "node_id": "MDEyOklzc3VlQ29tbWVudDY5ODAzNTU4",
            "user": {
                "login": "untitaker",
                "id": 837573,
                "node_id": "MDQ6VXNlcjgzNzU3Mw==",
                "avatar_url": "https://avatars0.githubusercontent.com/u/837573?v=4",
                "gravatar_id": "",
                "url": "https://api.github.com/users/untitaker",
                "html_url": "https://github.com/untitaker",
                "followers_url": "https://api.github.com/users/untitaker/followers",
                "following_url": "https://api.github.com/users/untitaker/following{/other_user}",
                "gists_url": "https://api.github.com/users/untitaker/gists{/gist_id}",
                "starred_url": "https://api.github.com/users/untitaker/starred{/owner}{/repo}",
                "subscriptions_url": "https://api.github.com/users/untitaker/subscriptions",
                "organizations_url": "https://api.github.com/users/untitaker/orgs",
                "repos_url": "https://api.github.com/users/untitaker/repos",
                "events_url": "https://api.github.com/users/untitaker/events{/privacy}",
                "received_events_url": "https://api.github.com/users/untitaker/received_events",
                "type": "User",
                "site_admin": false
            },
            "created_at": "2015-01-13T19:28:04Z",
            "updated_at": "2015-01-13T19:28:04Z",
            "author_association": "MEMBER",
            "body": "I'm pretty sure it's a problem on your end. The server doesn't send any invalid headers.\n\nDoes this version work: http://flask.readthedocs.org/en/latest/\n"
        },
        {
            "url": "https://api.github.com/repos/pallets/flask/issues/comments/69805412",
            "html_url": "https://github.com/pallets/flask/issues/1314#issuecomment-69805412",
            "issue_url": "https://api.github.com/repos/pallets/flask/issues/1314",
            "id": 69805412,
            "node_id": "MDEyOklzc3VlQ29tbWVudDY5ODA1NDEy",
            "user": {
                "login": "TPMoyer",
                "id": 5302976,
                "node_id": "MDQ6VXNlcjUzMDI5NzY=",
                "avatar_url": "https://avatars0.githubusercontent.com/u/5302976?v=4",
                "gravatar_id": "",
                "url": "https://api.github.com/users/TPMoyer",
                "html_url": "https://github.com/TPMoyer",
                "followers_url": "https://api.github.com/users/TPMoyer/followers",
                "following_url": "https://api.github.com/users/TPMoyer/following{/other_user}",
                "gists_url": "https://api.github.com/users/TPMoyer/gists{/gist_id}",
                "starred_url": "https://api.github.com/users/TPMoyer/starred{/owner}{/repo}",
                "subscriptions_url": "https://api.github.com/users/TPMoyer/subscriptions",
                "organizations_url": "https://api.github.com/users/TPMoyer/orgs",
                "repos_url": "https://api.github.com/users/TPMoyer/repos",
                "events_url": "https://api.github.com/users/TPMoyer/events{/privacy}",
                "received_events_url": "https://api.github.com/users/TPMoyer/received_events",
                "type": "User",
                "site_admin": false
            },
            "created_at": "2015-01-13T19:38:40Z",
            "updated_at": "2015-01-13T19:38:40Z",
            "author_association": "NONE",
            "body": "Both the inital page from http://flask.readthedocs.org/en/latest/\nand each of the subsequent pages all show full content.   \n"
        },
        {
            "url": "https://api.github.com/repos/pallets/flask/issues/comments/69806622",
            "html_url": "https://github.com/pallets/flask/issues/1314#issuecomment-69806622",
            "issue_url": "https://api.github.com/repos/pallets/flask/issues/1314",
            "id": 69806622,
            "node_id": "MDEyOklzc3VlQ29tbWVudDY5ODA2NjIy",
            "user": {
                "login": "untitaker",
                "id": 837573,
                "node_id": "MDQ6VXNlcjgzNzU3Mw==",
                "avatar_url": "https://avatars0.githubusercontent.com/u/837573?v=4",
                "gravatar_id": "",
                "url": "https://api.github.com/users/untitaker",
                "html_url": "https://github.com/untitaker",
                "followers_url": "https://api.github.com/users/untitaker/followers",
                "following_url": "https://api.github.com/users/untitaker/following{/other_user}",
                "gists_url": "https://api.github.com/users/untitaker/gists{/gist_id}",
                "starred_url": "https://api.github.com/users/untitaker/starred{/owner}{/repo}",
                "subscriptions_url": "https://api.github.com/users/untitaker/subscriptions",
                "organizations_url": "https://api.github.com/users/untitaker/orgs",
                "repos_url": "https://api.github.com/users/untitaker/repos",
                "events_url": "https://api.github.com/users/untitaker/events{/privacy}",
                "received_events_url": "https://api.github.com/users/untitaker/received_events",
                "type": "User",
                "site_admin": false
            },
            "created_at": "2015-01-13T19:45:25Z",
            "updated_at": "2015-01-13T19:45:25Z",
            "author_association": "MEMBER",
            "body": "That's kinda weird, but since\n- this doesn't seem to be an issue with Flask's doc server\n- you now have a workaround for your issue\n\nI'm going to close this issue. Please leave a note here if you ever find out what caused this issue.\n"
        }
    ]
}