{
    "url": "https://api.github.com/repos/pallets/flask/issues/1315",
    "repository_url": "https://api.github.com/repos/pallets/flask",
    "labels_url": "https://api.github.com/repos/pallets/flask/issues/1315/labels{/name}",
    "comments_url": "https://api.github.com/repos/pallets/flask/issues/1315/comments",
    "events_url": "https://api.github.com/repos/pallets/flask/issues/1315/events",
    "html_url": "https://github.com/pallets/flask/pull/1315",
    "id": 54260307,
    "node_id": "MDExOlB1bGxSZXF1ZXN0MjczMTI0OTY=",
    "number": 1315,
    "title": "Replace TextField with StringField in registration page example",
    "user": {
        "login": "brettgerry",
        "id": 2729391,
        "node_id": "MDQ6VXNlcjI3MjkzOTE=",
        "avatar_url": "https://avatars3.githubusercontent.com/u/2729391?v=4",
        "gravatar_id": "",
        "url": "https://api.github.com/users/brettgerry",
        "html_url": "https://github.com/brettgerry",
        "followers_url": "https://api.github.com/users/brettgerry/followers",
        "following_url": "https://api.github.com/users/brettgerry/following{/other_user}",
        "gists_url": "https://api.github.com/users/brettgerry/gists{/gist_id}",
        "starred_url": "https://api.github.com/users/brettgerry/starred{/owner}{/repo}",
        "subscriptions_url": "https://api.github.com/users/brettgerry/subscriptions",
        "organizations_url": "https://api.github.com/users/brettgerry/orgs",
        "repos_url": "https://api.github.com/users/brettgerry/repos",
        "events_url": "https://api.github.com/users/brettgerry/events{/privacy}",
        "received_events_url": "https://api.github.com/users/brettgerry/received_events",
        "type": "User",
        "site_admin": false
    },
    "labels": [],
    "state": "closed",
    "locked": false,
    "assignee": null,
    "assignees": [],
    "milestone": null,
    "comments": 1,
    "created_at": "2015-01-13T22:52:48Z",
    "updated_at": "2015-01-13T22:55:53Z",
    "closed_at": "2015-01-13T22:55:53Z",
    "author_association": "CONTRIBUTOR",
    "pull_request": {
        "url": "https://api.github.com/repos/pallets/flask/pulls/1315",
        "html_url": "https://github.com/pallets/flask/pull/1315",
        "diff_url": "https://github.com/pallets/flask/pull/1315.diff",
        "patch_url": "https://github.com/pallets/flask/pull/1315.patch"
    },
    "body": "Replaces TextField with StringField for the username and email. Per http://wtforms.readthedocs.org/en/latest/whats_new.html#deprecated-api-s TextField has been deprecated in WTForms.\n",
    "comments_inline": [
        {
            "url": "https://api.github.com/repos/pallets/flask/issues/comments/69837757",
            "html_url": "https://github.com/pallets/flask/pull/1315#issuecomment-69837757",
            "issue_url": "https://api.github.com/repos/pallets/flask/issues/1315",
            "id": 69837757,
            "node_id": "MDEyOklzc3VlQ29tbWVudDY5ODM3NzU3",
            "user": {
                "login": "untitaker",
                "id": 837573,
                "node_id": "MDQ6VXNlcjgzNzU3Mw==",
                "avatar_url": "https://avatars0.githubusercontent.com/u/837573?v=4",
                "gravatar_id": "",
                "url": "https://api.github.com/users/untitaker",
                "html_url": "https://github.com/untitaker",
                "followers_url": "https://api.github.com/users/untitaker/followers",
                "following_url": "https://api.github.com/users/untitaker/following{/other_user}",
                "gists_url": "https://api.github.com/users/untitaker/gists{/gist_id}",
                "starred_url": "https://api.github.com/users/untitaker/starred{/owner}{/repo}",
                "subscriptions_url": "https://api.github.com/users/untitaker/subscriptions",
                "organizations_url": "https://api.github.com/users/untitaker/orgs",
                "repos_url": "https://api.github.com/users/untitaker/repos",
                "events_url": "https://api.github.com/users/untitaker/events{/privacy}",
                "received_events_url": "https://api.github.com/users/untitaker/received_events",
                "type": "User",
                "site_admin": false
            },
            "created_at": "2015-01-13T22:55:36Z",
            "updated_at": "2015-01-13T22:55:36Z",
            "author_association": "MEMBER",
            "body": "Thanks!\n"
        }
    ]
}