{
    "url": "https://api.github.com/repos/pallets/flask/issues/1316",
    "repository_url": "https://api.github.com/repos/pallets/flask",
    "labels_url": "https://api.github.com/repos/pallets/flask/issues/1316/labels{/name}",
    "comments_url": "https://api.github.com/repos/pallets/flask/issues/1316/comments",
    "events_url": "https://api.github.com/repos/pallets/flask/issues/1316/events",
    "html_url": "https://github.com/pallets/flask/issues/1316",
    "id": 54278236,
    "node_id": "MDU6SXNzdWU1NDI3ODIzNg==",
    "number": 1316,
    "title": "ehh .. how to say",
    "user": {
        "login": "zh18",
        "id": 8707513,
        "node_id": "MDQ6VXNlcjg3MDc1MTM=",
        "avatar_url": "https://avatars0.githubusercontent.com/u/8707513?v=4",
        "gravatar_id": "",
        "url": "https://api.github.com/users/zh18",
        "html_url": "https://github.com/zh18",
        "followers_url": "https://api.github.com/users/zh18/followers",
        "following_url": "https://api.github.com/users/zh18/following{/other_user}",
        "gists_url": "https://api.github.com/users/zh18/gists{/gist_id}",
        "starred_url": "https://api.github.com/users/zh18/starred{/owner}{/repo}",
        "subscriptions_url": "https://api.github.com/users/zh18/subscriptions",
        "organizations_url": "https://api.github.com/users/zh18/orgs",
        "repos_url": "https://api.github.com/users/zh18/repos",
        "events_url": "https://api.github.com/users/zh18/events{/privacy}",
        "received_events_url": "https://api.github.com/users/zh18/received_events",
        "type": "User",
        "site_admin": false
    },
    "labels": [],
    "state": "closed",
    "locked": false,
    "assignee": null,
    "assignees": [],
    "milestone": null,
    "comments": 4,
    "created_at": "2015-01-14T02:54:20Z",
    "updated_at": "2015-01-14T08:42:28Z",
    "closed_at": "2015-01-14T08:42:28Z",
    "author_association": "NONE",
    "body": "I have two models , A and B\n## file A:                                           \n\nimport  ...  \napp = Flask(**name**)  \n@app.route('/'); \ndef  something():pass\n\nif main:\n     app.run();\n\\\\\\\\\\\\\\\\\\\\\\\\\\\\\\\\\\\\\\\\\\\\\\\n## file B:\n\nimport  ...  \napp = Flask(**name**)  \n@app.route('/abc/'); \ndef  anything():pass\n\n\\\\\\\\\\\\\\\\\\\\\\\\\\\\\\\\\\\\\\\\\\\\\nThe question is , how can i import B in to A , so  when I run A , and type localhost/abc/som in my browser , can call the function anything() in B  ?\n\nI see the document , but I have a little confused , please help , Thanks .\n",
    "comments_inline": [
        {
            "url": "https://api.github.com/repos/pallets/flask/issues/comments/69879044",
            "html_url": "https://github.com/pallets/flask/issues/1316#issuecomment-69879044",
            "issue_url": "https://api.github.com/repos/pallets/flask/issues/1316",
            "id": 69879044,
            "node_id": "MDEyOklzc3VlQ29tbWVudDY5ODc5MDQ0",
            "user": {
                "login": "joostdevries",
                "id": 3824616,
                "node_id": "MDQ6VXNlcjM4MjQ2MTY=",
                "avatar_url": "https://avatars1.githubusercontent.com/u/3824616?v=4",
                "gravatar_id": "",
                "url": "https://api.github.com/users/joostdevries",
                "html_url": "https://github.com/joostdevries",
                "followers_url": "https://api.github.com/users/joostdevries/followers",
                "following_url": "https://api.github.com/users/joostdevries/following{/other_user}",
                "gists_url": "https://api.github.com/users/joostdevries/gists{/gist_id}",
                "starred_url": "https://api.github.com/users/joostdevries/starred{/owner}{/repo}",
                "subscriptions_url": "https://api.github.com/users/joostdevries/subscriptions",
                "organizations_url": "https://api.github.com/users/joostdevries/orgs",
                "repos_url": "https://api.github.com/users/joostdevries/repos",
                "events_url": "https://api.github.com/users/joostdevries/events{/privacy}",
                "received_events_url": "https://api.github.com/users/joostdevries/received_events",
                "type": "User",
                "site_admin": false
            },
            "created_at": "2015-01-14T07:34:02Z",
            "updated_at": "2015-01-14T07:34:02Z",
            "author_association": "NONE",
            "body": "This issue tracker is for bugs/improvements on the Flask codebase. Questions like these should be posted on  [stackoverflow's Flask section](http://stackoverflow.com/questions/tagged/flask) or [other communities](http://flask.pocoo.org/community/). Post it there and I could help you out. \n"
        },
        {
            "url": "https://api.github.com/repos/pallets/flask/issues/comments/69879557",
            "html_url": "https://github.com/pallets/flask/issues/1316#issuecomment-69879557",
            "issue_url": "https://api.github.com/repos/pallets/flask/issues/1316",
            "id": 69879557,
            "node_id": "MDEyOklzc3VlQ29tbWVudDY5ODc5NTU3",
            "user": {
                "login": "ThiefMaster",
                "id": 179599,
                "node_id": "MDQ6VXNlcjE3OTU5OQ==",
                "avatar_url": "https://avatars1.githubusercontent.com/u/179599?v=4",
                "gravatar_id": "",
                "url": "https://api.github.com/users/ThiefMaster",
                "html_url": "https://github.com/ThiefMaster",
                "followers_url": "https://api.github.com/users/ThiefMaster/followers",
                "following_url": "https://api.github.com/users/ThiefMaster/following{/other_user}",
                "gists_url": "https://api.github.com/users/ThiefMaster/gists{/gist_id}",
                "starred_url": "https://api.github.com/users/ThiefMaster/starred{/owner}{/repo}",
                "subscriptions_url": "https://api.github.com/users/ThiefMaster/subscriptions",
                "organizations_url": "https://api.github.com/users/ThiefMaster/orgs",
                "repos_url": "https://api.github.com/users/ThiefMaster/repos",
                "events_url": "https://api.github.com/users/ThiefMaster/events{/privacy}",
                "received_events_url": "https://api.github.com/users/ThiefMaster/received_events",
                "type": "User",
                "site_admin": false
            },
            "created_at": "2015-01-14T07:41:25Z",
            "updated_at": "2015-01-14T07:41:25Z",
            "author_association": "MEMBER",
            "body": "Also, please format your posts properly. If you dump your question exactly like this on Stack Overflow it will be downvoted.\n\nAdditionally, why would you create `Flask` instances in both files?!\n"
        },
        {
            "url": "https://api.github.com/repos/pallets/flask/issues/comments/69880402",
            "html_url": "https://github.com/pallets/flask/issues/1316#issuecomment-69880402",
            "issue_url": "https://api.github.com/repos/pallets/flask/issues/1316",
            "id": 69880402,
            "node_id": "MDEyOklzc3VlQ29tbWVudDY5ODgwNDAy",
            "user": {
                "login": "zh18",
                "id": 8707513,
                "node_id": "MDQ6VXNlcjg3MDc1MTM=",
                "avatar_url": "https://avatars0.githubusercontent.com/u/8707513?v=4",
                "gravatar_id": "",
                "url": "https://api.github.com/users/zh18",
                "html_url": "https://github.com/zh18",
                "followers_url": "https://api.github.com/users/zh18/followers",
                "following_url": "https://api.github.com/users/zh18/following{/other_user}",
                "gists_url": "https://api.github.com/users/zh18/gists{/gist_id}",
                "starred_url": "https://api.github.com/users/zh18/starred{/owner}{/repo}",
                "subscriptions_url": "https://api.github.com/users/zh18/subscriptions",
                "organizations_url": "https://api.github.com/users/zh18/orgs",
                "repos_url": "https://api.github.com/users/zh18/repos",
                "events_url": "https://api.github.com/users/zh18/events{/privacy}",
                "received_events_url": "https://api.github.com/users/zh18/received_events",
                "type": "User",
                "site_admin": false
            },
            "created_at": "2015-01-14T07:52:57Z",
            "updated_at": "2015-01-14T07:52:57Z",
            "author_association": "NONE",
            "body": "@ThiefMaster But how to run then both use one app object ? \nThanks .\n"
        },
        {
            "url": "https://api.github.com/repos/pallets/flask/issues/comments/69885152",
            "html_url": "https://github.com/pallets/flask/issues/1316#issuecomment-69885152",
            "issue_url": "https://api.github.com/repos/pallets/flask/issues/1316",
            "id": 69885152,
            "node_id": "MDEyOklzc3VlQ29tbWVudDY5ODg1MTUy",
            "user": {
                "login": "untitaker",
                "id": 837573,
                "node_id": "MDQ6VXNlcjgzNzU3Mw==",
                "avatar_url": "https://avatars0.githubusercontent.com/u/837573?v=4",
                "gravatar_id": "",
                "url": "https://api.github.com/users/untitaker",
                "html_url": "https://github.com/untitaker",
                "followers_url": "https://api.github.com/users/untitaker/followers",
                "following_url": "https://api.github.com/users/untitaker/following{/other_user}",
                "gists_url": "https://api.github.com/users/untitaker/gists{/gist_id}",
                "starred_url": "https://api.github.com/users/untitaker/starred{/owner}{/repo}",
                "subscriptions_url": "https://api.github.com/users/untitaker/subscriptions",
                "organizations_url": "https://api.github.com/users/untitaker/orgs",
                "repos_url": "https://api.github.com/users/untitaker/repos",
                "events_url": "https://api.github.com/users/untitaker/events{/privacy}",
                "received_events_url": "https://api.github.com/users/untitaker/received_events",
                "type": "User",
                "site_admin": false
            },
            "created_at": "2015-01-14T08:42:28Z",
            "updated_at": "2015-01-14T08:42:28Z",
            "author_association": "MEMBER",
            "body": "Do not use the issuetracker for this. This is disrespectful of developers' time.\n"
        }
    ]
}