{
    "url": "https://api.github.com/repos/pallets/flask/issues/1318",
    "repository_url": "https://api.github.com/repos/pallets/flask",
    "labels_url": "https://api.github.com/repos/pallets/flask/issues/1318/labels{/name}",
    "comments_url": "https://api.github.com/repos/pallets/flask/issues/1318/comments",
    "events_url": "https://api.github.com/repos/pallets/flask/issues/1318/events",
    "html_url": "https://github.com/pallets/flask/pull/1318",
    "id": 54556305,
    "node_id": "MDExOlB1bGxSZXF1ZXN0Mjc0OTM2NTg=",
    "number": 1318,
    "title": "grammar fixes",
    "user": {
        "login": "cerivera",
        "id": 504445,
        "node_id": "MDQ6VXNlcjUwNDQ0NQ==",
        "avatar_url": "https://avatars0.githubusercontent.com/u/504445?v=4",
        "gravatar_id": "",
        "url": "https://api.github.com/users/cerivera",
        "html_url": "https://github.com/cerivera",
        "followers_url": "https://api.github.com/users/cerivera/followers",
        "following_url": "https://api.github.com/users/cerivera/following{/other_user}",
        "gists_url": "https://api.github.com/users/cerivera/gists{/gist_id}",
        "starred_url": "https://api.github.com/users/cerivera/starred{/owner}{/repo}",
        "subscriptions_url": "https://api.github.com/users/cerivera/subscriptions",
        "organizations_url": "https://api.github.com/users/cerivera/orgs",
        "repos_url": "https://api.github.com/users/cerivera/repos",
        "events_url": "https://api.github.com/users/cerivera/events{/privacy}",
        "received_events_url": "https://api.github.com/users/cerivera/received_events",
        "type": "User",
        "site_admin": false
    },
    "labels": [],
    "state": "closed",
    "locked": false,
    "assignee": null,
    "assignees": [],
    "milestone": null,
    "comments": 1,
    "created_at": "2015-01-16T09:39:17Z",
    "updated_at": "2015-01-16T14:06:08Z",
    "closed_at": "2015-01-16T14:06:08Z",
    "author_association": "CONTRIBUTOR",
    "pull_request": {
        "url": "https://api.github.com/repos/pallets/flask/pulls/1318",
        "html_url": "https://github.com/pallets/flask/pull/1318",
        "diff_url": "https://github.com/pallets/flask/pull/1318.diff",
        "patch_url": "https://github.com/pallets/flask/pull/1318.patch"
    },
    "body": "salutations should be followed by a comma: http://www.grammar-monster.com/lessons/comma_with_dear_hello_and_hi.htm\n\nExample of other frameworks doing it correctly: http://guides.rubyonrails.org/getting_started.html#hello-rails-bang\n\nhttps://docs.djangoproject.com/en/1.7/intro/tutorial03/\n",
    "comments_inline": [
        {
            "url": "https://api.github.com/repos/pallets/flask/issues/comments/70257574",
            "html_url": "https://github.com/pallets/flask/pull/1318#issuecomment-70257574",
            "issue_url": "https://api.github.com/repos/pallets/flask/issues/1318",
            "id": 70257574,
            "node_id": "MDEyOklzc3VlQ29tbWVudDcwMjU3NTc0",
            "user": {
                "login": "untitaker",
                "id": 837573,
                "node_id": "MDQ6VXNlcjgzNzU3Mw==",
                "avatar_url": "https://avatars0.githubusercontent.com/u/837573?v=4",
                "gravatar_id": "",
                "url": "https://api.github.com/users/untitaker",
                "html_url": "https://github.com/untitaker",
                "followers_url": "https://api.github.com/users/untitaker/followers",
                "following_url": "https://api.github.com/users/untitaker/following{/other_user}",
                "gists_url": "https://api.github.com/users/untitaker/gists{/gist_id}",
                "starred_url": "https://api.github.com/users/untitaker/starred{/owner}{/repo}",
                "subscriptions_url": "https://api.github.com/users/untitaker/subscriptions",
                "organizations_url": "https://api.github.com/users/untitaker/orgs",
                "repos_url": "https://api.github.com/users/untitaker/repos",
                "events_url": "https://api.github.com/users/untitaker/events{/privacy}",
                "received_events_url": "https://api.github.com/users/untitaker/received_events",
                "type": "User",
                "site_admin": false
            },
            "created_at": "2015-01-16T14:06:05Z",
            "updated_at": "2015-01-16T14:06:05Z",
            "author_association": "MEMBER",
            "body": "If you insist! :P\n\nThanks though :)\n"
        }
    ]
}