{
    "url": "https://api.github.com/repos/pallets/flask/issues/1319",
    "repository_url": "https://api.github.com/repos/pallets/flask",
    "labels_url": "https://api.github.com/repos/pallets/flask/issues/1319/labels{/name}",
    "comments_url": "https://api.github.com/repos/pallets/flask/issues/1319/comments",
    "events_url": "https://api.github.com/repos/pallets/flask/issues/1319/events",
    "html_url": "https://github.com/pallets/flask/issues/1319",
    "id": 54651174,
    "node_id": "MDU6SXNzdWU1NDY1MTE3NA==",
    "number": 1319,
    "title": "Error With Quickstart Tutorial - Print url_for('profile'...) ",
    "user": {
        "login": "diek",
        "id": 1261158,
        "node_id": "MDQ6VXNlcjEyNjExNTg=",
        "avatar_url": "https://avatars0.githubusercontent.com/u/1261158?v=4",
        "gravatar_id": "",
        "url": "https://api.github.com/users/diek",
        "html_url": "https://github.com/diek",
        "followers_url": "https://api.github.com/users/diek/followers",
        "following_url": "https://api.github.com/users/diek/following{/other_user}",
        "gists_url": "https://api.github.com/users/diek/gists{/gist_id}",
        "starred_url": "https://api.github.com/users/diek/starred{/owner}{/repo}",
        "subscriptions_url": "https://api.github.com/users/diek/subscriptions",
        "organizations_url": "https://api.github.com/users/diek/orgs",
        "repos_url": "https://api.github.com/users/diek/repos",
        "events_url": "https://api.github.com/users/diek/events{/privacy}",
        "received_events_url": "https://api.github.com/users/diek/received_events",
        "type": "User",
        "site_admin": false
    },
    "labels": [],
    "state": "closed",
    "locked": false,
    "assignee": null,
    "assignees": [],
    "milestone": null,
    "comments": 1,
    "created_at": "2015-01-17T05:13:11Z",
    "updated_at": "2015-01-17T05:41:58Z",
    "closed_at": "2015-01-17T05:41:58Z",
    "author_association": "NONE",
    "body": "## From the Quickstart Tutorial, Running, print url_for('profile', username='John Doe') generates the following error.\n\nTraceback (most recent call last):\n  File \"<stdin>\", line 2, in <module>\n  File \"/Users/diek/.virtualenvs/flask_quickstart/lib/python2.7/site-packages/flask/helpers.py\", line 312, in url_for\n    return appctx.app.handle_url_build_error(error, endpoint, values)\n  File \"/Users/diek/.virtualenvs/flask_quickstart/lib/python2.7/site-packages/flask/app.py\", line 1641, in handle_url_build_error\n    reraise(exc_type, exc_value, tb)\n  File \"/Users/diek/.virtualenvs/flask_quickstart/lib/python2.7/site-packages/flask/helpers.py\", line 305, in url_for\n    force_external=external)\n  File \"/Users/diek/.virtualenvs/flask_quickstart/lib/python2.7/site-packages/werkzeug/routing.py\", line 1616, in build\n    raise BuildError(endpoint, values, method)\nwerkzeug.routing.BuildError: ('profile', {'username': 'John Doe'}, None)\n",
    "comments_inline": [
        {
            "url": "https://api.github.com/repos/pallets/flask/issues/comments/70355805",
            "html_url": "https://github.com/pallets/flask/issues/1319#issuecomment-70355805",
            "issue_url": "https://api.github.com/repos/pallets/flask/issues/1319",
            "id": 70355805,
            "node_id": "MDEyOklzc3VlQ29tbWVudDcwMzU1ODA1",
            "user": {
                "login": "diek",
                "id": 1261158,
                "node_id": "MDQ6VXNlcjEyNjExNTg=",
                "avatar_url": "https://avatars0.githubusercontent.com/u/1261158?v=4",
                "gravatar_id": "",
                "url": "https://api.github.com/users/diek",
                "html_url": "https://github.com/diek",
                "followers_url": "https://api.github.com/users/diek/followers",
                "following_url": "https://api.github.com/users/diek/following{/other_user}",
                "gists_url": "https://api.github.com/users/diek/gists{/gist_id}",
                "starred_url": "https://api.github.com/users/diek/starred{/owner}{/repo}",
                "subscriptions_url": "https://api.github.com/users/diek/subscriptions",
                "organizations_url": "https://api.github.com/users/diek/orgs",
                "repos_url": "https://api.github.com/users/diek/repos",
                "events_url": "https://api.github.com/users/diek/events{/privacy}",
                "received_events_url": "https://api.github.com/users/diek/received_events",
                "type": "User",
                "site_admin": false
            },
            "created_at": "2015-01-17T05:41:58Z",
            "updated_at": "2015-01-17T05:41:58Z",
            "author_association": "NONE",
            "body": "My own mistake, a long day.\n"
        }
    ]
}