{
    "url": "https://api.github.com/repos/pallets/flask/issues/1476",
    "repository_url": "https://api.github.com/repos/pallets/flask",
    "labels_url": "https://api.github.com/repos/pallets/flask/issues/1476/labels{/name}",
    "comments_url": "https://api.github.com/repos/pallets/flask/issues/1476/comments",
    "events_url": "https://api.github.com/repos/pallets/flask/issues/1476/events",
    "html_url": "https://github.com/pallets/flask/pull/1476",
    "id": 82837091,
    "node_id": "MDExOlB1bGxSZXF1ZXN0MzY1NjY5NTY=",
    "number": 1476,
    "title": "Change documentation entries",
    "user": {
        "login": "igncp",
        "id": 5245900,
        "node_id": "MDQ6VXNlcjUyNDU5MDA=",
        "avatar_url": "https://avatars3.githubusercontent.com/u/5245900?v=4",
        "gravatar_id": "",
        "url": "https://api.github.com/users/igncp",
        "html_url": "https://github.com/igncp",
        "followers_url": "https://api.github.com/users/igncp/followers",
        "following_url": "https://api.github.com/users/igncp/following{/other_user}",
        "gists_url": "https://api.github.com/users/igncp/gists{/gist_id}",
        "starred_url": "https://api.github.com/users/igncp/starred{/owner}{/repo}",
        "subscriptions_url": "https://api.github.com/users/igncp/subscriptions",
        "organizations_url": "https://api.github.com/users/igncp/orgs",
        "repos_url": "https://api.github.com/users/igncp/repos",
        "events_url": "https://api.github.com/users/igncp/events{/privacy}",
        "received_events_url": "https://api.github.com/users/igncp/received_events",
        "type": "User",
        "site_admin": false
    },
    "labels": [],
    "state": "closed",
    "locked": false,
    "assignee": null,
    "assignees": [],
    "milestone": null,
    "comments": 6,
    "created_at": "2015-05-30T15:15:46Z",
    "updated_at": "2015-05-31T16:59:23Z",
    "closed_at": "2015-05-31T16:59:23Z",
    "author_association": "NONE",
    "pull_request": {
        "url": "https://api.github.com/repos/pallets/flask/pulls/1476",
        "html_url": "https://github.com/pallets/flask/pull/1476",
        "diff_url": "https://github.com/pallets/flask/pull/1476.diff",
        "patch_url": "https://github.com/pallets/flask/pull/1476.patch"
    },
    "body": "Specially misleading the entry about the `static` directory, as it can have another name and still be valid.\n",
    "comments_inline": [
        {
            "url": "https://api.github.com/repos/pallets/flask/issues/comments/107053827",
            "html_url": "https://github.com/pallets/flask/pull/1476#issuecomment-107053827",
            "issue_url": "https://api.github.com/repos/pallets/flask/issues/1476",
            "id": 107053827,
            "node_id": "MDEyOklzc3VlQ29tbWVudDEwNzA1MzgyNw==",
            "user": {
                "login": "untitaker",
                "id": 837573,
                "node_id": "MDQ6VXNlcjgzNzU3Mw==",
                "avatar_url": "https://avatars0.githubusercontent.com/u/837573?v=4",
                "gravatar_id": "",
                "url": "https://api.github.com/users/untitaker",
                "html_url": "https://github.com/untitaker",
                "followers_url": "https://api.github.com/users/untitaker/followers",
                "following_url": "https://api.github.com/users/untitaker/following{/other_user}",
                "gists_url": "https://api.github.com/users/untitaker/gists{/gist_id}",
                "starred_url": "https://api.github.com/users/untitaker/starred{/owner}{/repo}",
                "subscriptions_url": "https://api.github.com/users/untitaker/subscriptions",
                "organizations_url": "https://api.github.com/users/untitaker/orgs",
                "repos_url": "https://api.github.com/users/untitaker/repos",
                "events_url": "https://api.github.com/users/untitaker/events{/privacy}",
                "received_events_url": "https://api.github.com/users/untitaker/received_events",
                "type": "User",
                "site_admin": false
            },
            "created_at": "2015-05-30T15:31:09Z",
            "updated_at": "2015-05-30T15:31:09Z",
            "author_association": "MEMBER",
            "body": "In addition to being more correct, I think this version is also more roundabout than the previous version, the property name is more to the point. Also I don't know why you replaced container with container instance?\n\nOn 30 May 2015 17:15:56 CEST, Ignacio Carbajo notifications@github.com wrote:\n\n> Specially missleading the entry about the `static` directory, as it can\n> have another name and still be valid.\n> You can view, comment on, or merge this pull request online at:\n> \n>  https://github.com/mitsuhiko/flask/pull/1476\n> \n> -- Commit Summary --\n> - Change documentation entries\n> \n> -- File Changes --\n> \n>    M flask/helpers.py (5)\n>    M flask/json.py (2)\n> \n> -- Patch Links --\n> \n> https://github.com/mitsuhiko/flask/pull/1476.patch\n> https://github.com/mitsuhiko/flask/pull/1476.diff\n> \n> ---\n> \n> Reply to this email directly or view it on GitHub:\n> https://github.com/mitsuhiko/flask/pull/1476\n"
        },
        {
            "url": "https://api.github.com/repos/pallets/flask/issues/comments/107056933",
            "html_url": "https://github.com/pallets/flask/pull/1476#issuecomment-107056933",
            "issue_url": "https://api.github.com/repos/pallets/flask/issues/1476",
            "id": 107056933,
            "node_id": "MDEyOklzc3VlQ29tbWVudDEwNzA1NjkzMw==",
            "user": {
                "login": "igncp",
                "id": 5245900,
                "node_id": "MDQ6VXNlcjUyNDU5MDA=",
                "avatar_url": "https://avatars3.githubusercontent.com/u/5245900?v=4",
                "gravatar_id": "",
                "url": "https://api.github.com/users/igncp",
                "html_url": "https://github.com/igncp",
                "followers_url": "https://api.github.com/users/igncp/followers",
                "following_url": "https://api.github.com/users/igncp/following{/other_user}",
                "gists_url": "https://api.github.com/users/igncp/gists{/gist_id}",
                "starred_url": "https://api.github.com/users/igncp/starred{/owner}{/repo}",
                "subscriptions_url": "https://api.github.com/users/igncp/subscriptions",
                "organizations_url": "https://api.github.com/users/igncp/orgs",
                "repos_url": "https://api.github.com/users/igncp/repos",
                "events_url": "https://api.github.com/users/igncp/events{/privacy}",
                "received_events_url": "https://api.github.com/users/igncp/received_events",
                "type": "User",
                "site_admin": false
            },
            "created_at": "2015-05-30T15:59:23Z",
            "updated_at": "2015-05-30T16:10:03Z",
            "author_association": "NONE",
            "body": "Well, about adding `instance`, I probably misunderstood it, I was refering to the inheriting class instance (e.g. foo_app, instance of Flask, or an instance from Blueprint). Maybe replacing \"package bound object's container\" by \"_PackageBoundObject class instance\", but it seems a more abstract explanation than before. Any suggestions? Should I change / close this?\n"
        },
        {
            "url": "https://api.github.com/repos/pallets/flask/issues/comments/107060657",
            "html_url": "https://github.com/pallets/flask/pull/1476#issuecomment-107060657",
            "issue_url": "https://api.github.com/repos/pallets/flask/issues/1476",
            "id": 107060657,
            "node_id": "MDEyOklzc3VlQ29tbWVudDEwNzA2MDY1Nw==",
            "user": {
                "login": "untitaker",
                "id": 837573,
                "node_id": "MDQ6VXNlcjgzNzU3Mw==",
                "avatar_url": "https://avatars0.githubusercontent.com/u/837573?v=4",
                "gravatar_id": "",
                "url": "https://api.github.com/users/untitaker",
                "html_url": "https://github.com/untitaker",
                "followers_url": "https://api.github.com/users/untitaker/followers",
                "following_url": "https://api.github.com/users/untitaker/following{/other_user}",
                "gists_url": "https://api.github.com/users/untitaker/gists{/gist_id}",
                "starred_url": "https://api.github.com/users/untitaker/starred{/owner}{/repo}",
                "subscriptions_url": "https://api.github.com/users/untitaker/subscriptions",
                "organizations_url": "https://api.github.com/users/untitaker/orgs",
                "repos_url": "https://api.github.com/users/untitaker/repos",
                "events_url": "https://api.github.com/users/untitaker/events{/privacy}",
                "received_events_url": "https://api.github.com/users/untitaker/received_events",
                "type": "User",
                "site_admin": false
            },
            "created_at": "2015-05-30T16:44:32Z",
            "updated_at": "2015-05-30T16:44:32Z",
            "author_association": "MEMBER",
            "body": "I thought of \"container\" as containing directory. You can change this PR by committing to the same branch.\n"
        },
        {
            "url": "https://api.github.com/repos/pallets/flask/issues/comments/107060666",
            "html_url": "https://github.com/pallets/flask/pull/1476#issuecomment-107060666",
            "issue_url": "https://api.github.com/repos/pallets/flask/issues/1476",
            "id": 107060666,
            "node_id": "MDEyOklzc3VlQ29tbWVudDEwNzA2MDY2Ng==",
            "user": {
                "login": "davidism",
                "id": 1242887,
                "node_id": "MDQ6VXNlcjEyNDI4ODc=",
                "avatar_url": "https://avatars1.githubusercontent.com/u/1242887?v=4",
                "gravatar_id": "",
                "url": "https://api.github.com/users/davidism",
                "html_url": "https://github.com/davidism",
                "followers_url": "https://api.github.com/users/davidism/followers",
                "following_url": "https://api.github.com/users/davidism/following{/other_user}",
                "gists_url": "https://api.github.com/users/davidism/gists{/gist_id}",
                "starred_url": "https://api.github.com/users/davidism/starred{/owner}{/repo}",
                "subscriptions_url": "https://api.github.com/users/davidism/subscriptions",
                "organizations_url": "https://api.github.com/users/davidism/orgs",
                "repos_url": "https://api.github.com/users/davidism/repos",
                "events_url": "https://api.github.com/users/davidism/events{/privacy}",
                "received_events_url": "https://api.github.com/users/davidism/received_events",
                "type": "User",
                "site_admin": false
            },
            "created_at": "2015-05-30T16:44:43Z",
            "updated_at": "2015-05-30T16:47:08Z",
            "author_association": "MEMBER",
            "body": "`_PackageBoundObject.static_folder` does not default to `'static'`, it defaults to `None`.  The `Flask` class changes this, and it's already mentioned in the [docs there](https://github.com/mitsuhiko/flask/blob/0.10-maintenance/flask/app.py#L125-L127).  The way you worded \"has its attribute different than None\" sounds weird.  This sounds more natural:\n\n```\nReturns ``True`` if :attr:`static_folder` is not ``None``.\n```\n"
        },
        {
            "url": "https://api.github.com/repos/pallets/flask/issues/comments/107064944",
            "html_url": "https://github.com/pallets/flask/pull/1476#issuecomment-107064944",
            "issue_url": "https://api.github.com/repos/pallets/flask/issues/1476",
            "id": 107064944,
            "node_id": "MDEyOklzc3VlQ29tbWVudDEwNzA2NDk0NA==",
            "user": {
                "login": "igncp",
                "id": 5245900,
                "node_id": "MDQ6VXNlcjUyNDU5MDA=",
                "avatar_url": "https://avatars3.githubusercontent.com/u/5245900?v=4",
                "gravatar_id": "",
                "url": "https://api.github.com/users/igncp",
                "html_url": "https://github.com/igncp",
                "followers_url": "https://api.github.com/users/igncp/followers",
                "following_url": "https://api.github.com/users/igncp/following{/other_user}",
                "gists_url": "https://api.github.com/users/igncp/gists{/gist_id}",
                "starred_url": "https://api.github.com/users/igncp/starred{/owner}{/repo}",
                "subscriptions_url": "https://api.github.com/users/igncp/subscriptions",
                "organizations_url": "https://api.github.com/users/igncp/orgs",
                "repos_url": "https://api.github.com/users/igncp/repos",
                "events_url": "https://api.github.com/users/igncp/events{/privacy}",
                "received_events_url": "https://api.github.com/users/igncp/received_events",
                "type": "User",
                "site_admin": false
            },
            "created_at": "2015-05-30T16:59:58Z",
            "updated_at": "2015-05-30T17:03:08Z",
            "author_association": "NONE",
            "body": "@davidism You are right, this default only applies to Flask, thanks for the catch.\n\nI would update the PR with @davidism suggestion, but it seems that the code is self-explanatory. Would you put @davidism comment to be readable in the docs? Remove it?\n"
        },
        {
            "url": "https://api.github.com/repos/pallets/flask/issues/comments/107223346",
            "html_url": "https://github.com/pallets/flask/pull/1476#issuecomment-107223346",
            "issue_url": "https://api.github.com/repos/pallets/flask/issues/1476",
            "id": 107223346,
            "node_id": "MDEyOklzc3VlQ29tbWVudDEwNzIyMzM0Ng==",
            "user": {
                "login": "untitaker",
                "id": 837573,
                "node_id": "MDQ6VXNlcjgzNzU3Mw==",
                "avatar_url": "https://avatars0.githubusercontent.com/u/837573?v=4",
                "gravatar_id": "",
                "url": "https://api.github.com/users/untitaker",
                "html_url": "https://github.com/untitaker",
                "followers_url": "https://api.github.com/users/untitaker/followers",
                "following_url": "https://api.github.com/users/untitaker/following{/other_user}",
                "gists_url": "https://api.github.com/users/untitaker/gists{/gist_id}",
                "starred_url": "https://api.github.com/users/untitaker/starred{/owner}{/repo}",
                "subscriptions_url": "https://api.github.com/users/untitaker/subscriptions",
                "organizations_url": "https://api.github.com/users/untitaker/orgs",
                "repos_url": "https://api.github.com/users/untitaker/repos",
                "events_url": "https://api.github.com/users/untitaker/events{/privacy}",
                "received_events_url": "https://api.github.com/users/untitaker/received_events",
                "type": "User",
                "site_admin": false
            },
            "created_at": "2015-05-31T16:59:18Z",
            "updated_at": "2015-05-31T16:59:18Z",
            "author_association": "MEMBER",
            "body": "I think @davidism's phrasing is just repeating the function's body in words. I've pushed a commit that probably is a good compromise.\n"
        }
    ]
}