{
    "url": "https://api.github.com/repos/pallets/flask/issues/1477",
    "repository_url": "https://api.github.com/repos/pallets/flask",
    "labels_url": "https://api.github.com/repos/pallets/flask/issues/1477/labels{/name}",
    "comments_url": "https://api.github.com/repos/pallets/flask/issues/1477/comments",
    "events_url": "https://api.github.com/repos/pallets/flask/issues/1477/events",
    "html_url": "https://github.com/pallets/flask/issues/1477",
    "id": 83198278,
    "node_id": "MDU6SXNzdWU4MzE5ODI3OA==",
    "number": 1477,
    "title": "Remove Blueprint.view_functions",
    "user": {
        "login": "phryk",
        "id": 1021513,
        "node_id": "MDQ6VXNlcjEwMjE1MTM=",
        "avatar_url": "https://avatars1.githubusercontent.com/u/1021513?v=4",
        "gravatar_id": "",
        "url": "https://api.github.com/users/phryk",
        "html_url": "https://github.com/phryk",
        "followers_url": "https://api.github.com/users/phryk/followers",
        "following_url": "https://api.github.com/users/phryk/following{/other_user}",
        "gists_url": "https://api.github.com/users/phryk/gists{/gist_id}",
        "starred_url": "https://api.github.com/users/phryk/starred{/owner}{/repo}",
        "subscriptions_url": "https://api.github.com/users/phryk/subscriptions",
        "organizations_url": "https://api.github.com/users/phryk/orgs",
        "repos_url": "https://api.github.com/users/phryk/repos",
        "events_url": "https://api.github.com/users/phryk/events{/privacy}",
        "received_events_url": "https://api.github.com/users/phryk/received_events",
        "type": "User",
        "site_admin": false
    },
    "labels": [],
    "state": "closed",
    "locked": false,
    "assignee": null,
    "assignees": [],
    "milestone": null,
    "comments": 5,
    "created_at": "2015-05-31T21:46:03Z",
    "updated_at": "2015-06-13T15:27:58Z",
    "closed_at": "2015-06-13T15:08:00Z",
    "author_association": "NONE",
    "body": "https://github.com/mitsuhiko/flask/blob/master/flask/blueprints.py#L104\n\nBlueprint.view_functions should be removed as it does nothing besides potentially confuse people.\n",
    "comments_inline": [
        {
            "url": "https://api.github.com/repos/pallets/flask/issues/comments/111709546",
            "html_url": "https://github.com/pallets/flask/issues/1477#issuecomment-111709546",
            "issue_url": "https://api.github.com/repos/pallets/flask/issues/1477",
            "id": 111709546,
            "node_id": "MDEyOklzc3VlQ29tbWVudDExMTcwOTU0Ng==",
            "user": {
                "login": "jmagnusson",
                "id": 190835,
                "node_id": "MDQ6VXNlcjE5MDgzNQ==",
                "avatar_url": "https://avatars3.githubusercontent.com/u/190835?v=4",
                "gravatar_id": "",
                "url": "https://api.github.com/users/jmagnusson",
                "html_url": "https://github.com/jmagnusson",
                "followers_url": "https://api.github.com/users/jmagnusson/followers",
                "following_url": "https://api.github.com/users/jmagnusson/following{/other_user}",
                "gists_url": "https://api.github.com/users/jmagnusson/gists{/gist_id}",
                "starred_url": "https://api.github.com/users/jmagnusson/starred{/owner}{/repo}",
                "subscriptions_url": "https://api.github.com/users/jmagnusson/subscriptions",
                "organizations_url": "https://api.github.com/users/jmagnusson/orgs",
                "repos_url": "https://api.github.com/users/jmagnusson/repos",
                "events_url": "https://api.github.com/users/jmagnusson/events{/privacy}",
                "received_events_url": "https://api.github.com/users/jmagnusson/received_events",
                "type": "User",
                "site_admin": false
            },
            "created_at": "2015-06-13T13:10:26Z",
            "updated_at": "2015-06-13T13:10:26Z",
            "author_association": "NONE",
            "body": "Does it really do nothing? It seems to be used [here](https://github.com/mitsuhiko/flask/blob/master/flask/blueprints.py#L185).\n"
        },
        {
            "url": "https://api.github.com/repos/pallets/flask/issues/comments/111713493",
            "html_url": "https://github.com/pallets/flask/issues/1477#issuecomment-111713493",
            "issue_url": "https://api.github.com/repos/pallets/flask/issues/1477",
            "id": 111713493,
            "node_id": "MDEyOklzc3VlQ29tbWVudDExMTcxMzQ5Mw==",
            "user": {
                "login": "phryk",
                "id": 1021513,
                "node_id": "MDQ6VXNlcjEwMjE1MTM=",
                "avatar_url": "https://avatars1.githubusercontent.com/u/1021513?v=4",
                "gravatar_id": "",
                "url": "https://api.github.com/users/phryk",
                "html_url": "https://github.com/phryk",
                "followers_url": "https://api.github.com/users/phryk/followers",
                "following_url": "https://api.github.com/users/phryk/following{/other_user}",
                "gists_url": "https://api.github.com/users/phryk/gists{/gist_id}",
                "starred_url": "https://api.github.com/users/phryk/starred{/owner}{/repo}",
                "subscriptions_url": "https://api.github.com/users/phryk/subscriptions",
                "organizations_url": "https://api.github.com/users/phryk/orgs",
                "repos_url": "https://api.github.com/users/phryk/repos",
                "events_url": "https://api.github.com/users/phryk/events{/privacy}",
                "received_events_url": "https://api.github.com/users/phryk/received_events",
                "type": "User",
                "site_admin": false
            },
            "created_at": "2015-06-13T14:32:15Z",
            "updated_at": "2015-06-13T14:32:15Z",
            "author_association": "NONE",
            "body": "Yes, it really does nothing, that is state.app.view_functions. Made the same mistake first :P\n"
        },
        {
            "url": "https://api.github.com/repos/pallets/flask/issues/comments/111713509",
            "html_url": "https://github.com/pallets/flask/issues/1477#issuecomment-111713509",
            "issue_url": "https://api.github.com/repos/pallets/flask/issues/1477",
            "id": 111713509,
            "node_id": "MDEyOklzc3VlQ29tbWVudDExMTcxMzUwOQ==",
            "user": {
                "login": "davidism",
                "id": 1242887,
                "node_id": "MDQ6VXNlcjEyNDI4ODc=",
                "avatar_url": "https://avatars1.githubusercontent.com/u/1242887?v=4",
                "gravatar_id": "",
                "url": "https://api.github.com/users/davidism",
                "html_url": "https://github.com/davidism",
                "followers_url": "https://api.github.com/users/davidism/followers",
                "following_url": "https://api.github.com/users/davidism/following{/other_user}",
                "gists_url": "https://api.github.com/users/davidism/gists{/gist_id}",
                "starred_url": "https://api.github.com/users/davidism/starred{/owner}{/repo}",
                "subscriptions_url": "https://api.github.com/users/davidism/subscriptions",
                "organizations_url": "https://api.github.com/users/davidism/orgs",
                "repos_url": "https://api.github.com/users/davidism/repos",
                "events_url": "https://api.github.com/users/davidism/events{/privacy}",
                "received_events_url": "https://api.github.com/users/davidism/received_events",
                "type": "User",
                "site_admin": false
            },
            "created_at": "2015-06-13T14:32:42Z",
            "updated_at": "2015-06-13T14:32:42Z",
            "author_association": "MEMBER",
            "body": "@jmagnusson no, that's `app.view_functions`.  It looks like `Blueprint.view_functions` isn't even populated.\n"
        },
        {
            "url": "https://api.github.com/repos/pallets/flask/issues/comments/111715177",
            "html_url": "https://github.com/pallets/flask/issues/1477#issuecomment-111715177",
            "issue_url": "https://api.github.com/repos/pallets/flask/issues/1477",
            "id": 111715177,
            "node_id": "MDEyOklzc3VlQ29tbWVudDExMTcxNTE3Nw==",
            "user": {
                "login": "phryk",
                "id": 1021513,
                "node_id": "MDQ6VXNlcjEwMjE1MTM=",
                "avatar_url": "https://avatars1.githubusercontent.com/u/1021513?v=4",
                "gravatar_id": "",
                "url": "https://api.github.com/users/phryk",
                "html_url": "https://github.com/phryk",
                "followers_url": "https://api.github.com/users/phryk/followers",
                "following_url": "https://api.github.com/users/phryk/following{/other_user}",
                "gists_url": "https://api.github.com/users/phryk/gists{/gist_id}",
                "starred_url": "https://api.github.com/users/phryk/starred{/owner}{/repo}",
                "subscriptions_url": "https://api.github.com/users/phryk/subscriptions",
                "organizations_url": "https://api.github.com/users/phryk/orgs",
                "repos_url": "https://api.github.com/users/phryk/repos",
                "events_url": "https://api.github.com/users/phryk/events{/privacy}",
                "received_events_url": "https://api.github.com/users/phryk/received_events",
                "type": "User",
                "site_admin": false
            },
            "created_at": "2015-06-13T14:38:35Z",
            "updated_at": "2015-06-13T14:38:35Z",
            "author_association": "NONE",
            "body": "Exactly, it always just is {}. I wanted to use it, that's how I noticed.\nAlready talked in freenode/#pocoo about this before posting.\n\nI also removed that line locally without any averse effects, I don't know how to run the developer tests though.\n"
        },
        {
            "url": "https://api.github.com/repos/pallets/flask/issues/comments/111719525",
            "html_url": "https://github.com/pallets/flask/issues/1477#issuecomment-111719525",
            "issue_url": "https://api.github.com/repos/pallets/flask/issues/1477",
            "id": 111719525,
            "node_id": "MDEyOklzc3VlQ29tbWVudDExMTcxOTUyNQ==",
            "user": {
                "login": "jmagnusson",
                "id": 190835,
                "node_id": "MDQ6VXNlcjE5MDgzNQ==",
                "avatar_url": "https://avatars3.githubusercontent.com/u/190835?v=4",
                "gravatar_id": "",
                "url": "https://api.github.com/users/jmagnusson",
                "html_url": "https://github.com/jmagnusson",
                "followers_url": "https://api.github.com/users/jmagnusson/followers",
                "following_url": "https://api.github.com/users/jmagnusson/following{/other_user}",
                "gists_url": "https://api.github.com/users/jmagnusson/gists{/gist_id}",
                "starred_url": "https://api.github.com/users/jmagnusson/starred{/owner}{/repo}",
                "subscriptions_url": "https://api.github.com/users/jmagnusson/subscriptions",
                "organizations_url": "https://api.github.com/users/jmagnusson/orgs",
                "repos_url": "https://api.github.com/users/jmagnusson/repos",
                "events_url": "https://api.github.com/users/jmagnusson/events{/privacy}",
                "received_events_url": "https://api.github.com/users/jmagnusson/received_events",
                "type": "User",
                "site_admin": false
            },
            "created_at": "2015-06-13T15:27:58Z",
            "updated_at": "2015-06-13T15:27:58Z",
            "author_association": "NONE",
            "body": "Okay thanks. Just wanted clarification.\n"
        }
    ]
}