{
    "url": "https://api.github.com/repos/pallets/flask/issues/1478",
    "repository_url": "https://api.github.com/repos/pallets/flask",
    "labels_url": "https://api.github.com/repos/pallets/flask/issues/1478/labels{/name}",
    "comments_url": "https://api.github.com/repos/pallets/flask/issues/1478/comments",
    "events_url": "https://api.github.com/repos/pallets/flask/issues/1478/events",
    "html_url": "https://github.com/pallets/flask/issues/1478",
    "id": 83793817,
    "node_id": "MDU6SXNzdWU4Mzc5MzgxNw==",
    "number": 1478,
    "title": "Flask keep-alive",
    "user": {
        "login": "kvarga",
        "id": 505939,
        "node_id": "MDQ6VXNlcjUwNTkzOQ==",
        "avatar_url": "https://avatars3.githubusercontent.com/u/505939?v=4",
        "gravatar_id": "",
        "url": "https://api.github.com/users/kvarga",
        "html_url": "https://github.com/kvarga",
        "followers_url": "https://api.github.com/users/kvarga/followers",
        "following_url": "https://api.github.com/users/kvarga/following{/other_user}",
        "gists_url": "https://api.github.com/users/kvarga/gists{/gist_id}",
        "starred_url": "https://api.github.com/users/kvarga/starred{/owner}{/repo}",
        "subscriptions_url": "https://api.github.com/users/kvarga/subscriptions",
        "organizations_url": "https://api.github.com/users/kvarga/orgs",
        "repos_url": "https://api.github.com/users/kvarga/repos",
        "events_url": "https://api.github.com/users/kvarga/events{/privacy}",
        "received_events_url": "https://api.github.com/users/kvarga/received_events",
        "type": "User",
        "site_admin": false
    },
    "labels": [],
    "state": "closed",
    "locked": false,
    "assignee": null,
    "assignees": [],
    "milestone": null,
    "comments": 2,
    "created_at": "2015-06-02T02:20:46Z",
    "updated_at": "2015-06-02T03:04:33Z",
    "closed_at": "2015-06-02T03:04:33Z",
    "author_association": "NONE",
    "body": "Is there a way to send intermittent responses to client to avoid timeout for long-running tasks (~2minutes)?\n\nIf not, I guess I will have to do the following flow:\n1. User requests a webpage\n2. Check if that webpage is available in cache\n3. If not, redirect them to a holding page that checks ~15 seconds if that request is ready\n4. Load the response\n\nSeems less than ideal, but gets the added benefit of showing some sort of progress indicator to the user\n",
    "comments_inline": [
        {
            "url": "https://api.github.com/repos/pallets/flask/issues/comments/107779719",
            "html_url": "https://github.com/pallets/flask/issues/1478#issuecomment-107779719",
            "issue_url": "https://api.github.com/repos/pallets/flask/issues/1478",
            "id": 107779719,
            "node_id": "MDEyOklzc3VlQ29tbWVudDEwNzc3OTcxOQ==",
            "user": {
                "login": "davidism",
                "id": 1242887,
                "node_id": "MDQ6VXNlcjEyNDI4ODc=",
                "avatar_url": "https://avatars1.githubusercontent.com/u/1242887?v=4",
                "gravatar_id": "",
                "url": "https://api.github.com/users/davidism",
                "html_url": "https://github.com/davidism",
                "followers_url": "https://api.github.com/users/davidism/followers",
                "following_url": "https://api.github.com/users/davidism/following{/other_user}",
                "gists_url": "https://api.github.com/users/davidism/gists{/gist_id}",
                "starred_url": "https://api.github.com/users/davidism/starred{/owner}{/repo}",
                "subscriptions_url": "https://api.github.com/users/davidism/subscriptions",
                "organizations_url": "https://api.github.com/users/davidism/orgs",
                "repos_url": "https://api.github.com/users/davidism/repos",
                "events_url": "https://api.github.com/users/davidism/events{/privacy}",
                "received_events_url": "https://api.github.com/users/davidism/received_events",
                "type": "User",
                "site_admin": false
            },
            "created_at": "2015-06-02T02:47:04Z",
            "updated_at": "2015-06-02T02:47:04Z",
            "author_association": "MEMBER",
            "body": "Use [Celery](http://www.celeryproject.org/) or another task queue to run the long tasks in the backround, rather than running them in one of the web app threads.\n"
        },
        {
            "url": "https://api.github.com/repos/pallets/flask/issues/comments/107783460",
            "html_url": "https://github.com/pallets/flask/issues/1478#issuecomment-107783460",
            "issue_url": "https://api.github.com/repos/pallets/flask/issues/1478",
            "id": 107783460,
            "node_id": "MDEyOklzc3VlQ29tbWVudDEwNzc4MzQ2MA==",
            "user": {
                "login": "untitaker",
                "id": 837573,
                "node_id": "MDQ6VXNlcjgzNzU3Mw==",
                "avatar_url": "https://avatars0.githubusercontent.com/u/837573?v=4",
                "gravatar_id": "",
                "url": "https://api.github.com/users/untitaker",
                "html_url": "https://github.com/untitaker",
                "followers_url": "https://api.github.com/users/untitaker/followers",
                "following_url": "https://api.github.com/users/untitaker/following{/other_user}",
                "gists_url": "https://api.github.com/users/untitaker/gists{/gist_id}",
                "starred_url": "https://api.github.com/users/untitaker/starred{/owner}{/repo}",
                "subscriptions_url": "https://api.github.com/users/untitaker/subscriptions",
                "organizations_url": "https://api.github.com/users/untitaker/orgs",
                "repos_url": "https://api.github.com/users/untitaker/repos",
                "events_url": "https://api.github.com/users/untitaker/events{/privacy}",
                "received_events_url": "https://api.github.com/users/untitaker/received_events",
                "type": "User",
                "site_admin": false
            },
            "created_at": "2015-06-02T03:04:32Z",
            "updated_at": "2015-06-02T03:04:32Z",
            "author_association": "MEMBER",
            "body": "You want response streaming (or polling via javascript) in combination with a task queue such as celery or rq.\n\nPlease don't use the bugtracker for support requests.\n"
        }
    ]
}