{
    "url": "https://api.github.com/repos/pallets/flask/issues/1486",
    "repository_url": "https://api.github.com/repos/pallets/flask",
    "labels_url": "https://api.github.com/repos/pallets/flask/issues/1486/labels{/name}",
    "comments_url": "https://api.github.com/repos/pallets/flask/issues/1486/comments",
    "events_url": "https://api.github.com/repos/pallets/flask/issues/1486/events",
    "html_url": "https://github.com/pallets/flask/pull/1486",
    "id": 85914490,
    "node_id": "MDExOlB1bGxSZXF1ZXN0MzcxMDkwNjE=",
    "number": 1486,
    "title": "DRY globals definition",
    "user": {
        "login": "igncp",
        "id": 5245900,
        "node_id": "MDQ6VXNlcjUyNDU5MDA=",
        "avatar_url": "https://avatars3.githubusercontent.com/u/5245900?v=4",
        "gravatar_id": "",
        "url": "https://api.github.com/users/igncp",
        "html_url": "https://github.com/igncp",
        "followers_url": "https://api.github.com/users/igncp/followers",
        "following_url": "https://api.github.com/users/igncp/following{/other_user}",
        "gists_url": "https://api.github.com/users/igncp/gists{/gist_id}",
        "starred_url": "https://api.github.com/users/igncp/starred{/owner}{/repo}",
        "subscriptions_url": "https://api.github.com/users/igncp/subscriptions",
        "organizations_url": "https://api.github.com/users/igncp/orgs",
        "repos_url": "https://api.github.com/users/igncp/repos",
        "events_url": "https://api.github.com/users/igncp/events{/privacy}",
        "received_events_url": "https://api.github.com/users/igncp/received_events",
        "type": "User",
        "site_admin": false
    },
    "labels": [],
    "state": "closed",
    "locked": false,
    "assignee": null,
    "assignees": [],
    "milestone": null,
    "comments": 3,
    "created_at": "2015-06-07T16:14:19Z",
    "updated_at": "2015-06-08T06:21:29Z",
    "closed_at": "2015-06-07T22:03:05Z",
    "author_association": "NONE",
    "pull_request": {
        "url": "https://api.github.com/repos/pallets/flask/pulls/1486",
        "html_url": "https://github.com/pallets/flask/pull/1486",
        "diff_url": "https://github.com/pallets/flask/pull/1486.diff",
        "patch_url": "https://github.com/pallets/flask/pull/1486.patch"
    },
    "body": "Hi there,\n\nChanged a little the globals.py file to avoid some code repetition, and also changed the order. The main change in my opinion is that now the `current_app` proxy would use `return getattr(top, 'app')` instead of `return top.app`. Maybe this has some side effects which I am missing.\n",
    "comments_inline": [
        {
            "url": "https://api.github.com/repos/pallets/flask/issues/comments/109803017",
            "html_url": "https://github.com/pallets/flask/pull/1486#issuecomment-109803017",
            "issue_url": "https://api.github.com/repos/pallets/flask/issues/1486",
            "id": 109803017,
            "node_id": "MDEyOklzc3VlQ29tbWVudDEwOTgwMzAxNw==",
            "user": {
                "login": "untitaker",
                "id": 837573,
                "node_id": "MDQ6VXNlcjgzNzU3Mw==",
                "avatar_url": "https://avatars0.githubusercontent.com/u/837573?v=4",
                "gravatar_id": "",
                "url": "https://api.github.com/users/untitaker",
                "html_url": "https://github.com/untitaker",
                "followers_url": "https://api.github.com/users/untitaker/followers",
                "following_url": "https://api.github.com/users/untitaker/following{/other_user}",
                "gists_url": "https://api.github.com/users/untitaker/gists{/gist_id}",
                "starred_url": "https://api.github.com/users/untitaker/starred{/owner}{/repo}",
                "subscriptions_url": "https://api.github.com/users/untitaker/subscriptions",
                "organizations_url": "https://api.github.com/users/untitaker/orgs",
                "repos_url": "https://api.github.com/users/untitaker/repos",
                "events_url": "https://api.github.com/users/untitaker/events{/privacy}",
                "received_events_url": "https://api.github.com/users/untitaker/received_events",
                "type": "User",
                "site_admin": false
            },
            "created_at": "2015-06-07T22:03:05Z",
            "updated_at": "2015-06-07T22:03:05Z",
            "author_association": "MEMBER",
            "body": "Sorry, but I don't think this code is any more readable, and only adds another level of indirection.\n"
        },
        {
            "url": "https://api.github.com/repos/pallets/flask/issues/comments/109803206",
            "html_url": "https://github.com/pallets/flask/pull/1486#issuecomment-109803206",
            "issue_url": "https://api.github.com/repos/pallets/flask/issues/1486",
            "id": 109803206,
            "node_id": "MDEyOklzc3VlQ29tbWVudDEwOTgwMzIwNg==",
            "user": {
                "login": "ThiefMaster",
                "id": 179599,
                "node_id": "MDQ6VXNlcjE3OTU5OQ==",
                "avatar_url": "https://avatars1.githubusercontent.com/u/179599?v=4",
                "gravatar_id": "",
                "url": "https://api.github.com/users/ThiefMaster",
                "html_url": "https://github.com/ThiefMaster",
                "followers_url": "https://api.github.com/users/ThiefMaster/followers",
                "following_url": "https://api.github.com/users/ThiefMaster/following{/other_user}",
                "gists_url": "https://api.github.com/users/ThiefMaster/gists{/gist_id}",
                "starred_url": "https://api.github.com/users/ThiefMaster/starred{/owner}{/repo}",
                "subscriptions_url": "https://api.github.com/users/ThiefMaster/subscriptions",
                "organizations_url": "https://api.github.com/users/ThiefMaster/orgs",
                "repos_url": "https://api.github.com/users/ThiefMaster/repos",
                "events_url": "https://api.github.com/users/ThiefMaster/events{/privacy}",
                "received_events_url": "https://api.github.com/users/ThiefMaster/received_events",
                "type": "User",
                "site_admin": false
            },
            "created_at": "2015-06-07T22:03:53Z",
            "updated_at": "2015-06-07T22:03:53Z",
            "author_association": "MEMBER",
            "body": "My first thought, too, when seeing the diff.. \n"
        },
        {
            "url": "https://api.github.com/repos/pallets/flask/issues/comments/109878061",
            "html_url": "https://github.com/pallets/flask/pull/1486#issuecomment-109878061",
            "issue_url": "https://api.github.com/repos/pallets/flask/issues/1486",
            "id": 109878061,
            "node_id": "MDEyOklzc3VlQ29tbWVudDEwOTg3ODA2MQ==",
            "user": {
                "login": "igncp",
                "id": 5245900,
                "node_id": "MDQ6VXNlcjUyNDU5MDA=",
                "avatar_url": "https://avatars3.githubusercontent.com/u/5245900?v=4",
                "gravatar_id": "",
                "url": "https://api.github.com/users/igncp",
                "html_url": "https://github.com/igncp",
                "followers_url": "https://api.github.com/users/igncp/followers",
                "following_url": "https://api.github.com/users/igncp/following{/other_user}",
                "gists_url": "https://api.github.com/users/igncp/gists{/gist_id}",
                "starred_url": "https://api.github.com/users/igncp/starred{/owner}{/repo}",
                "subscriptions_url": "https://api.github.com/users/igncp/subscriptions",
                "organizations_url": "https://api.github.com/users/igncp/orgs",
                "repos_url": "https://api.github.com/users/igncp/repos",
                "events_url": "https://api.github.com/users/igncp/events{/privacy}",
                "received_events_url": "https://api.github.com/users/igncp/received_events",
                "type": "User",
                "site_admin": false
            },
            "created_at": "2015-06-08T06:21:29Z",
            "updated_at": "2015-06-08T06:21:29Z",
            "author_association": "NONE",
            "body": "Thanks for the explanation, I appreciate the advice.\n"
        }
    ]
}