{
    "url": "https://api.github.com/repos/pallets/flask/issues/1489",
    "repository_url": "https://api.github.com/repos/pallets/flask",
    "labels_url": "https://api.github.com/repos/pallets/flask/issues/1489/labels{/name}",
    "comments_url": "https://api.github.com/repos/pallets/flask/issues/1489/comments",
    "events_url": "https://api.github.com/repos/pallets/flask/issues/1489/events",
    "html_url": "https://github.com/pallets/flask/pull/1489",
    "id": 86340026,
    "node_id": "MDExOlB1bGxSZXF1ZXN0MzcxOTg1NDA=",
    "number": 1489,
    "title": "Add kwarg to disable auto OPTIONS on add_url_rule",
    "user": {
        "login": "jrmccarthy",
        "id": 1875184,
        "node_id": "MDQ6VXNlcjE4NzUxODQ=",
        "avatar_url": "https://avatars3.githubusercontent.com/u/1875184?v=4",
        "gravatar_id": "",
        "url": "https://api.github.com/users/jrmccarthy",
        "html_url": "https://github.com/jrmccarthy",
        "followers_url": "https://api.github.com/users/jrmccarthy/followers",
        "following_url": "https://api.github.com/users/jrmccarthy/following{/other_user}",
        "gists_url": "https://api.github.com/users/jrmccarthy/gists{/gist_id}",
        "starred_url": "https://api.github.com/users/jrmccarthy/starred{/owner}{/repo}",
        "subscriptions_url": "https://api.github.com/users/jrmccarthy/subscriptions",
        "organizations_url": "https://api.github.com/users/jrmccarthy/orgs",
        "repos_url": "https://api.github.com/users/jrmccarthy/repos",
        "events_url": "https://api.github.com/users/jrmccarthy/events{/privacy}",
        "received_events_url": "https://api.github.com/users/jrmccarthy/received_events",
        "type": "User",
        "site_admin": false
    },
    "labels": [],
    "state": "closed",
    "locked": false,
    "assignee": null,
    "assignees": [],
    "milestone": {
        "url": "https://api.github.com/repos/pallets/flask/milestones/2",
        "html_url": "https://github.com/pallets/flask/milestone/2",
        "labels_url": "https://api.github.com/repos/pallets/flask/milestones/2/labels",
        "id": 795954,
        "node_id": "MDk6TWlsZXN0b25lNzk1OTU0",
        "number": 2,
        "title": "1.0",
        "description": "",
        "creator": {
            "login": "untitaker",
            "id": 837573,
            "node_id": "MDQ6VXNlcjgzNzU3Mw==",
            "avatar_url": "https://avatars0.githubusercontent.com/u/837573?v=4",
            "gravatar_id": "",
            "url": "https://api.github.com/users/untitaker",
            "html_url": "https://github.com/untitaker",
            "followers_url": "https://api.github.com/users/untitaker/followers",
            "following_url": "https://api.github.com/users/untitaker/following{/other_user}",
            "gists_url": "https://api.github.com/users/untitaker/gists{/gist_id}",
            "starred_url": "https://api.github.com/users/untitaker/starred{/owner}{/repo}",
            "subscriptions_url": "https://api.github.com/users/untitaker/subscriptions",
            "organizations_url": "https://api.github.com/users/untitaker/orgs",
            "repos_url": "https://api.github.com/users/untitaker/repos",
            "events_url": "https://api.github.com/users/untitaker/events{/privacy}",
            "received_events_url": "https://api.github.com/users/untitaker/received_events",
            "type": "User",
            "site_admin": false
        },
        "open_issues": 0,
        "closed_issues": 159,
        "state": "closed",
        "created_at": "2014-09-19T15:47:20Z",
        "updated_at": "2018-04-26T21:07:44Z",
        "due_on": "2018-04-26T07:00:00Z",
        "closed_at": "2018-04-26T21:07:44Z"
    },
    "comments": 7,
    "created_at": "2015-06-08T21:35:27Z",
    "updated_at": "2018-10-23T17:43:49Z",
    "closed_at": "2017-04-21T14:20:07Z",
    "author_association": "NONE",
    "pull_request": {
        "url": "https://api.github.com/repos/pallets/flask/pulls/1489",
        "html_url": "https://github.com/pallets/flask/pull/1489",
        "diff_url": "https://github.com/pallets/flask/pull/1489.diff",
        "patch_url": "https://github.com/pallets/flask/pull/1489.patch"
    },
    "body": "Fixes #1488 : Adds support for a kwarg `provide_automatic_options` on `add_url_rule`, which\nlets you turn off the automatic OPTIONS response on a per-URL basis even if\nyour view functions are functions, not classes (so you can't provide attrs\non them).\n",
    "comments_inline": [
        {
            "url": "https://api.github.com/repos/pallets/flask/issues/comments/110150717",
            "html_url": "https://github.com/pallets/flask/pull/1489#issuecomment-110150717",
            "issue_url": "https://api.github.com/repos/pallets/flask/issues/1489",
            "id": 110150717,
            "node_id": "MDEyOklzc3VlQ29tbWVudDExMDE1MDcxNw==",
            "user": {
                "login": "ThiefMaster",
                "id": 179599,
                "node_id": "MDQ6VXNlcjE3OTU5OQ==",
                "avatar_url": "https://avatars1.githubusercontent.com/u/179599?v=4",
                "gravatar_id": "",
                "url": "https://api.github.com/users/ThiefMaster",
                "html_url": "https://github.com/ThiefMaster",
                "followers_url": "https://api.github.com/users/ThiefMaster/followers",
                "following_url": "https://api.github.com/users/ThiefMaster/following{/other_user}",
                "gists_url": "https://api.github.com/users/ThiefMaster/gists{/gist_id}",
                "starred_url": "https://api.github.com/users/ThiefMaster/starred{/owner}{/repo}",
                "subscriptions_url": "https://api.github.com/users/ThiefMaster/subscriptions",
                "organizations_url": "https://api.github.com/users/ThiefMaster/orgs",
                "repos_url": "https://api.github.com/users/ThiefMaster/repos",
                "events_url": "https://api.github.com/users/ThiefMaster/events{/privacy}",
                "received_events_url": "https://api.github.com/users/ThiefMaster/received_events",
                "type": "User",
                "site_admin": false
            },
            "created_at": "2015-06-08T21:44:43Z",
            "updated_at": "2015-06-08T21:45:15Z",
            "author_association": "MEMBER",
            "body": "Wouldn't it make more sense to give the kwarg priority over the attribute?\n\nOh, and please check why tests are failing in some environments.  \n\nAlso, in case you didn't notice it, the email you use in your commits is not associated with your GitHub account.\n"
        },
        {
            "url": "https://api.github.com/repos/pallets/flask/issues/comments/110155365",
            "html_url": "https://github.com/pallets/flask/pull/1489#issuecomment-110155365",
            "issue_url": "https://api.github.com/repos/pallets/flask/issues/1489",
            "id": 110155365,
            "node_id": "MDEyOklzc3VlQ29tbWVudDExMDE1NTM2NQ==",
            "user": {
                "login": "jrmccarthy",
                "id": 1875184,
                "node_id": "MDQ6VXNlcjE4NzUxODQ=",
                "avatar_url": "https://avatars3.githubusercontent.com/u/1875184?v=4",
                "gravatar_id": "",
                "url": "https://api.github.com/users/jrmccarthy",
                "html_url": "https://github.com/jrmccarthy",
                "followers_url": "https://api.github.com/users/jrmccarthy/followers",
                "following_url": "https://api.github.com/users/jrmccarthy/following{/other_user}",
                "gists_url": "https://api.github.com/users/jrmccarthy/gists{/gist_id}",
                "starred_url": "https://api.github.com/users/jrmccarthy/starred{/owner}{/repo}",
                "subscriptions_url": "https://api.github.com/users/jrmccarthy/subscriptions",
                "organizations_url": "https://api.github.com/users/jrmccarthy/orgs",
                "repos_url": "https://api.github.com/users/jrmccarthy/repos",
                "events_url": "https://api.github.com/users/jrmccarthy/events{/privacy}",
                "received_events_url": "https://api.github.com/users/jrmccarthy/received_events",
                "type": "User",
                "site_admin": false
            },
            "created_at": "2015-06-08T22:03:01Z",
            "updated_at": "2015-06-08T22:03:08Z",
            "author_association": "NONE",
            "body": "Sure, I can make the kwarg top priority. Doesn't matter to me.\n\nI didn't realize older Werkzeug test clients didn't have an `options` method; I've fixed that in the tests. Thanks for the feedback.\n"
        },
        {
            "url": "https://api.github.com/repos/pallets/flask/issues/comments/113935691",
            "html_url": "https://github.com/pallets/flask/pull/1489#issuecomment-113935691",
            "issue_url": "https://api.github.com/repos/pallets/flask/issues/1489",
            "id": 113935691,
            "node_id": "MDEyOklzc3VlQ29tbWVudDExMzkzNTY5MQ==",
            "user": {
                "login": "untitaker",
                "id": 837573,
                "node_id": "MDQ6VXNlcjgzNzU3Mw==",
                "avatar_url": "https://avatars0.githubusercontent.com/u/837573?v=4",
                "gravatar_id": "",
                "url": "https://api.github.com/users/untitaker",
                "html_url": "https://github.com/untitaker",
                "followers_url": "https://api.github.com/users/untitaker/followers",
                "following_url": "https://api.github.com/users/untitaker/following{/other_user}",
                "gists_url": "https://api.github.com/users/untitaker/gists{/gist_id}",
                "starred_url": "https://api.github.com/users/untitaker/starred{/owner}{/repo}",
                "subscriptions_url": "https://api.github.com/users/untitaker/subscriptions",
                "organizations_url": "https://api.github.com/users/untitaker/orgs",
                "repos_url": "https://api.github.com/users/untitaker/repos",
                "events_url": "https://api.github.com/users/untitaker/events{/privacy}",
                "received_events_url": "https://api.github.com/users/untitaker/received_events",
                "type": "User",
                "site_admin": false
            },
            "created_at": "2015-06-21T17:55:26Z",
            "updated_at": "2015-06-21T17:55:26Z",
            "author_association": "MEMBER",
            "body": "@jrmccarthy Thanks for this PR, could you add a changelog?\n\nI'm not sure where this could be documented, but I think it should be, somehow.\n"
        },
        {
            "url": "https://api.github.com/repos/pallets/flask/issues/comments/119291506",
            "html_url": "https://github.com/pallets/flask/pull/1489#issuecomment-119291506",
            "issue_url": "https://api.github.com/repos/pallets/flask/issues/1489",
            "id": 119291506,
            "node_id": "MDEyOklzc3VlQ29tbWVudDExOTI5MTUwNg==",
            "user": {
                "login": "jrmccarthy",
                "id": 1875184,
                "node_id": "MDQ6VXNlcjE4NzUxODQ=",
                "avatar_url": "https://avatars3.githubusercontent.com/u/1875184?v=4",
                "gravatar_id": "",
                "url": "https://api.github.com/users/jrmccarthy",
                "html_url": "https://github.com/jrmccarthy",
                "followers_url": "https://api.github.com/users/jrmccarthy/followers",
                "following_url": "https://api.github.com/users/jrmccarthy/following{/other_user}",
                "gists_url": "https://api.github.com/users/jrmccarthy/gists{/gist_id}",
                "starred_url": "https://api.github.com/users/jrmccarthy/starred{/owner}{/repo}",
                "subscriptions_url": "https://api.github.com/users/jrmccarthy/subscriptions",
                "organizations_url": "https://api.github.com/users/jrmccarthy/orgs",
                "repos_url": "https://api.github.com/users/jrmccarthy/repos",
                "events_url": "https://api.github.com/users/jrmccarthy/events{/privacy}",
                "received_events_url": "https://api.github.com/users/jrmccarthy/received_events",
                "type": "User",
                "site_admin": false
            },
            "created_at": "2015-07-07T18:22:58Z",
            "updated_at": "2015-07-07T18:22:58Z",
            "author_association": "NONE",
            "body": "I've added a note in the changelog for this.\n"
        },
        {
            "url": "https://api.github.com/repos/pallets/flask/issues/comments/140168710",
            "html_url": "https://github.com/pallets/flask/pull/1489#issuecomment-140168710",
            "issue_url": "https://api.github.com/repos/pallets/flask/issues/1489",
            "id": 140168710,
            "node_id": "MDEyOklzc3VlQ29tbWVudDE0MDE2ODcxMA==",
            "user": {
                "login": "jrmccarthy",
                "id": 1875184,
                "node_id": "MDQ6VXNlcjE4NzUxODQ=",
                "avatar_url": "https://avatars3.githubusercontent.com/u/1875184?v=4",
                "gravatar_id": "",
                "url": "https://api.github.com/users/jrmccarthy",
                "html_url": "https://github.com/jrmccarthy",
                "followers_url": "https://api.github.com/users/jrmccarthy/followers",
                "following_url": "https://api.github.com/users/jrmccarthy/following{/other_user}",
                "gists_url": "https://api.github.com/users/jrmccarthy/gists{/gist_id}",
                "starred_url": "https://api.github.com/users/jrmccarthy/starred{/owner}{/repo}",
                "subscriptions_url": "https://api.github.com/users/jrmccarthy/subscriptions",
                "organizations_url": "https://api.github.com/users/jrmccarthy/orgs",
                "repos_url": "https://api.github.com/users/jrmccarthy/repos",
                "events_url": "https://api.github.com/users/jrmccarthy/events{/privacy}",
                "received_events_url": "https://api.github.com/users/jrmccarthy/received_events",
                "type": "User",
                "site_admin": false
            },
            "created_at": "2015-09-14T18:33:30Z",
            "updated_at": "2015-09-14T18:33:30Z",
            "author_association": "NONE",
            "body": "Moved some things around, so now `provide_automatic_options` is an explicit kwarg, and is documented in the docstring, as requested.\n"
        },
        {
            "url": "https://api.github.com/repos/pallets/flask/issues/comments/223663417",
            "html_url": "https://github.com/pallets/flask/pull/1489#issuecomment-223663417",
            "issue_url": "https://api.github.com/repos/pallets/flask/issues/1489",
            "id": 223663417,
            "node_id": "MDEyOklzc3VlQ29tbWVudDIyMzY2MzQxNw==",
            "user": {
                "login": "jeffwidman",
                "id": 483314,
                "node_id": "MDQ6VXNlcjQ4MzMxNA==",
                "avatar_url": "https://avatars2.githubusercontent.com/u/483314?v=4",
                "gravatar_id": "",
                "url": "https://api.github.com/users/jeffwidman",
                "html_url": "https://github.com/jeffwidman",
                "followers_url": "https://api.github.com/users/jeffwidman/followers",
                "following_url": "https://api.github.com/users/jeffwidman/following{/other_user}",
                "gists_url": "https://api.github.com/users/jeffwidman/gists{/gist_id}",
                "starred_url": "https://api.github.com/users/jeffwidman/starred{/owner}{/repo}",
                "subscriptions_url": "https://api.github.com/users/jeffwidman/subscriptions",
                "organizations_url": "https://api.github.com/users/jeffwidman/orgs",
                "repos_url": "https://api.github.com/users/jeffwidman/repos",
                "events_url": "https://api.github.com/users/jeffwidman/events{/privacy}",
                "received_events_url": "https://api.github.com/users/jeffwidman/received_events",
                "type": "User",
                "site_admin": false
            },
            "created_at": "2016-06-03T18:55:02Z",
            "updated_at": "2016-06-03T18:55:02Z",
            "author_association": "MEMBER",
            "body": "Please rebase and squash.\n"
        },
        {
            "url": "https://api.github.com/repos/pallets/flask/issues/comments/296203680",
            "html_url": "https://github.com/pallets/flask/pull/1489#issuecomment-296203680",
            "issue_url": "https://api.github.com/repos/pallets/flask/issues/1489",
            "id": 296203680,
            "node_id": "MDEyOklzc3VlQ29tbWVudDI5NjIwMzY4MA==",
            "user": {
                "login": "davidism",
                "id": 1242887,
                "node_id": "MDQ6VXNlcjEyNDI4ODc=",
                "avatar_url": "https://avatars1.githubusercontent.com/u/1242887?v=4",
                "gravatar_id": "",
                "url": "https://api.github.com/users/davidism",
                "html_url": "https://github.com/davidism",
                "followers_url": "https://api.github.com/users/davidism/followers",
                "following_url": "https://api.github.com/users/davidism/following{/other_user}",
                "gists_url": "https://api.github.com/users/davidism/gists{/gist_id}",
                "starred_url": "https://api.github.com/users/davidism/starred{/owner}{/repo}",
                "subscriptions_url": "https://api.github.com/users/davidism/subscriptions",
                "organizations_url": "https://api.github.com/users/davidism/orgs",
                "repos_url": "https://api.github.com/users/davidism/repos",
                "events_url": "https://api.github.com/users/davidism/events{/privacy}",
                "received_events_url": "https://api.github.com/users/davidism/received_events",
                "type": "User",
                "site_admin": false
            },
            "created_at": "2017-04-21T14:20:07Z",
            "updated_at": "2017-04-21T14:20:07Z",
            "author_association": "MEMBER",
            "body": "Continued in #2249"
        }
    ]
}