{
    "url": "https://api.github.com/repos/pallets/flask/issues/1496",
    "repository_url": "https://api.github.com/repos/pallets/flask",
    "labels_url": "https://api.github.com/repos/pallets/flask/issues/1496/labels{/name}",
    "comments_url": "https://api.github.com/repos/pallets/flask/issues/1496/comments",
    "events_url": "https://api.github.com/repos/pallets/flask/issues/1496/events",
    "html_url": "https://github.com/pallets/flask/pull/1496",
    "id": 87605449,
    "node_id": "MDExOlB1bGxSZXF1ZXN0Mzc1MzE2MzE=",
    "number": 1496,
    "title": "Update title of docstring in flask.cli",
    "user": {
        "login": "Hardtack",
        "id": 415292,
        "node_id": "MDQ6VXNlcjQxNTI5Mg==",
        "avatar_url": "https://avatars3.githubusercontent.com/u/415292?v=4",
        "gravatar_id": "",
        "url": "https://api.github.com/users/Hardtack",
        "html_url": "https://github.com/Hardtack",
        "followers_url": "https://api.github.com/users/Hardtack/followers",
        "following_url": "https://api.github.com/users/Hardtack/following{/other_user}",
        "gists_url": "https://api.github.com/users/Hardtack/gists{/gist_id}",
        "starred_url": "https://api.github.com/users/Hardtack/starred{/owner}{/repo}",
        "subscriptions_url": "https://api.github.com/users/Hardtack/subscriptions",
        "organizations_url": "https://api.github.com/users/Hardtack/orgs",
        "repos_url": "https://api.github.com/users/Hardtack/repos",
        "events_url": "https://api.github.com/users/Hardtack/events{/privacy}",
        "received_events_url": "https://api.github.com/users/Hardtack/received_events",
        "type": "User",
        "site_admin": false
    },
    "labels": [],
    "state": "closed",
    "locked": false,
    "assignee": null,
    "assignees": [],
    "milestone": null,
    "comments": 1,
    "created_at": "2015-06-12T04:41:15Z",
    "updated_at": "2015-06-15T07:24:08Z",
    "closed_at": "2015-06-13T11:50:50Z",
    "author_association": "CONTRIBUTOR",
    "pull_request": {
        "url": "https://api.github.com/repos/pallets/flask/pulls/1496",
        "html_url": "https://github.com/pallets/flask/pull/1496",
        "diff_url": "https://github.com/pallets/flask/pull/1496.diff",
        "patch_url": "https://github.com/pallets/flask/pull/1496.patch"
    },
    "body": "",
    "comments_inline": [
        {
            "url": "https://api.github.com/repos/pallets/flask/issues/comments/111701963",
            "html_url": "https://github.com/pallets/flask/pull/1496#issuecomment-111701963",
            "issue_url": "https://api.github.com/repos/pallets/flask/issues/1496",
            "id": 111701963,
            "node_id": "MDEyOklzc3VlQ29tbWVudDExMTcwMTk2Mw==",
            "user": {
                "login": "untitaker",
                "id": 837573,
                "node_id": "MDQ6VXNlcjgzNzU3Mw==",
                "avatar_url": "https://avatars0.githubusercontent.com/u/837573?v=4",
                "gravatar_id": "",
                "url": "https://api.github.com/users/untitaker",
                "html_url": "https://github.com/untitaker",
                "followers_url": "https://api.github.com/users/untitaker/followers",
                "following_url": "https://api.github.com/users/untitaker/following{/other_user}",
                "gists_url": "https://api.github.com/users/untitaker/gists{/gist_id}",
                "starred_url": "https://api.github.com/users/untitaker/starred{/owner}{/repo}",
                "subscriptions_url": "https://api.github.com/users/untitaker/subscriptions",
                "organizations_url": "https://api.github.com/users/untitaker/orgs",
                "repos_url": "https://api.github.com/users/untitaker/repos",
                "events_url": "https://api.github.com/users/untitaker/events{/privacy}",
                "received_events_url": "https://api.github.com/users/untitaker/received_events",
                "type": "User",
                "site_admin": false
            },
            "created_at": "2015-06-13T11:50:53Z",
            "updated_at": "2015-06-13T11:50:53Z",
            "author_association": "MEMBER",
            "body": "Thanks!\n"
        }
    ]
}