{
    "url": "https://api.github.com/repos/pallets/flask/issues/1497",
    "repository_url": "https://api.github.com/repos/pallets/flask",
    "labels_url": "https://api.github.com/repos/pallets/flask/issues/1497/labels{/name}",
    "comments_url": "https://api.github.com/repos/pallets/flask/issues/1497/comments",
    "events_url": "https://api.github.com/repos/pallets/flask/issues/1497/events",
    "html_url": "https://github.com/pallets/flask/issues/1497",
    "id": 87626660,
    "node_id": "MDU6SXNzdWU4NzYyNjY2MA==",
    "number": 1497,
    "title": "Feedback Links - 404 Error",
    "user": {
        "login": "pingometer",
        "id": 7914492,
        "node_id": "MDQ6VXNlcjc5MTQ0OTI=",
        "avatar_url": "https://avatars0.githubusercontent.com/u/7914492?v=4",
        "gravatar_id": "",
        "url": "https://api.github.com/users/pingometer",
        "html_url": "https://github.com/pingometer",
        "followers_url": "https://api.github.com/users/pingometer/followers",
        "following_url": "https://api.github.com/users/pingometer/following{/other_user}",
        "gists_url": "https://api.github.com/users/pingometer/gists{/gist_id}",
        "starred_url": "https://api.github.com/users/pingometer/starred{/owner}{/repo}",
        "subscriptions_url": "https://api.github.com/users/pingometer/subscriptions",
        "organizations_url": "https://api.github.com/users/pingometer/orgs",
        "repos_url": "https://api.github.com/users/pingometer/repos",
        "events_url": "https://api.github.com/users/pingometer/events{/privacy}",
        "received_events_url": "https://api.github.com/users/pingometer/received_events",
        "type": "User",
        "site_admin": false
    },
    "labels": [],
    "state": "closed",
    "locked": false,
    "assignee": null,
    "assignees": [],
    "milestone": null,
    "comments": 1,
    "created_at": "2015-06-12T06:29:38Z",
    "updated_at": "2015-06-12T14:48:52Z",
    "closed_at": "2015-06-12T14:48:52Z",
    "author_association": "NONE",
    "body": "The two links on (http://flask.pocoo.org/community/) to give feedback (http://feedback.flask.pocoo.org/) throw a 404 error.\n",
    "comments_inline": [
        {
            "url": "https://api.github.com/repos/pallets/flask/issues/comments/111492576",
            "html_url": "https://github.com/pallets/flask/issues/1497#issuecomment-111492576",
            "issue_url": "https://api.github.com/repos/pallets/flask/issues/1497",
            "id": 111492576,
            "node_id": "MDEyOklzc3VlQ29tbWVudDExMTQ5MjU3Ng==",
            "user": {
                "login": "davidism",
                "id": 1242887,
                "node_id": "MDQ6VXNlcjEyNDI4ODc=",
                "avatar_url": "https://avatars1.githubusercontent.com/u/1242887?v=4",
                "gravatar_id": "",
                "url": "https://api.github.com/users/davidism",
                "html_url": "https://github.com/davidism",
                "followers_url": "https://api.github.com/users/davidism/followers",
                "following_url": "https://api.github.com/users/davidism/following{/other_user}",
                "gists_url": "https://api.github.com/users/davidism/gists{/gist_id}",
                "starred_url": "https://api.github.com/users/davidism/starred{/owner}{/repo}",
                "subscriptions_url": "https://api.github.com/users/davidism/subscriptions",
                "organizations_url": "https://api.github.com/users/davidism/orgs",
                "repos_url": "https://api.github.com/users/davidism/repos",
                "events_url": "https://api.github.com/users/davidism/events{/privacy}",
                "received_events_url": "https://api.github.com/users/davidism/received_events",
                "type": "User",
                "site_admin": false
            },
            "created_at": "2015-06-12T13:26:05Z",
            "updated_at": "2015-06-12T13:26:05Z",
            "author_association": "MEMBER",
            "body": "pocoo/metaflask#41\n"
        }
    ]
}