{
    "url": "https://api.github.com/repos/pallets/flask/issues/1499",
    "repository_url": "https://api.github.com/repos/pallets/flask",
    "labels_url": "https://api.github.com/repos/pallets/flask/issues/1499/labels{/name}",
    "comments_url": "https://api.github.com/repos/pallets/flask/issues/1499/comments",
    "events_url": "https://api.github.com/repos/pallets/flask/issues/1499/events",
    "html_url": "https://github.com/pallets/flask/pull/1499",
    "id": 88019562,
    "node_id": "MDExOlB1bGxSZXF1ZXN0Mzc2MjYzNTA=",
    "number": 1499,
    "title": "Fix project name in CONTRIBUTING.rst",
    "user": {
        "login": "menghan",
        "id": 115532,
        "node_id": "MDQ6VXNlcjExNTUzMg==",
        "avatar_url": "https://avatars3.githubusercontent.com/u/115532?v=4",
        "gravatar_id": "",
        "url": "https://api.github.com/users/menghan",
        "html_url": "https://github.com/menghan",
        "followers_url": "https://api.github.com/users/menghan/followers",
        "following_url": "https://api.github.com/users/menghan/following{/other_user}",
        "gists_url": "https://api.github.com/users/menghan/gists{/gist_id}",
        "starred_url": "https://api.github.com/users/menghan/starred{/owner}{/repo}",
        "subscriptions_url": "https://api.github.com/users/menghan/subscriptions",
        "organizations_url": "https://api.github.com/users/menghan/orgs",
        "repos_url": "https://api.github.com/users/menghan/repos",
        "events_url": "https://api.github.com/users/menghan/events{/privacy}",
        "received_events_url": "https://api.github.com/users/menghan/received_events",
        "type": "User",
        "site_admin": false
    },
    "labels": [],
    "state": "closed",
    "locked": false,
    "assignee": null,
    "assignees": [],
    "milestone": null,
    "comments": 1,
    "created_at": "2015-06-13T15:19:37Z",
    "updated_at": "2015-06-13T15:55:12Z",
    "closed_at": "2015-06-13T15:55:12Z",
    "author_association": "CONTRIBUTOR",
    "pull_request": {
        "url": "https://api.github.com/repos/pallets/flask/pulls/1499",
        "html_url": "https://github.com/pallets/flask/pull/1499",
        "diff_url": "https://github.com/pallets/flask/pull/1499.diff",
        "patch_url": "https://github.com/pallets/flask/pull/1499.patch"
    },
    "body": "",
    "comments_inline": [
        {
            "url": "https://api.github.com/repos/pallets/flask/issues/comments/111723965",
            "html_url": "https://github.com/pallets/flask/pull/1499#issuecomment-111723965",
            "issue_url": "https://api.github.com/repos/pallets/flask/issues/1499",
            "id": 111723965,
            "node_id": "MDEyOklzc3VlQ29tbWVudDExMTcyMzk2NQ==",
            "user": {
                "login": "untitaker",
                "id": 837573,
                "node_id": "MDQ6VXNlcjgzNzU3Mw==",
                "avatar_url": "https://avatars0.githubusercontent.com/u/837573?v=4",
                "gravatar_id": "",
                "url": "https://api.github.com/users/untitaker",
                "html_url": "https://github.com/untitaker",
                "followers_url": "https://api.github.com/users/untitaker/followers",
                "following_url": "https://api.github.com/users/untitaker/following{/other_user}",
                "gists_url": "https://api.github.com/users/untitaker/gists{/gist_id}",
                "starred_url": "https://api.github.com/users/untitaker/starred{/owner}{/repo}",
                "subscriptions_url": "https://api.github.com/users/untitaker/subscriptions",
                "organizations_url": "https://api.github.com/users/untitaker/orgs",
                "repos_url": "https://api.github.com/users/untitaker/repos",
                "events_url": "https://api.github.com/users/untitaker/events{/privacy}",
                "received_events_url": "https://api.github.com/users/untitaker/received_events",
                "type": "User",
                "site_admin": false
            },
            "created_at": "2015-06-13T15:55:10Z",
            "updated_at": "2015-06-13T15:55:10Z",
            "author_association": "MEMBER",
            "body": "Ah, thanks!\n"
        }
    ]
}