{
    "url": "https://api.github.com/repos/pallets/flask/issues/1637",
    "repository_url": "https://api.github.com/repos/pallets/flask",
    "labels_url": "https://api.github.com/repos/pallets/flask/issues/1637/labels{/name}",
    "comments_url": "https://api.github.com/repos/pallets/flask/issues/1637/comments",
    "events_url": "https://api.github.com/repos/pallets/flask/issues/1637/events",
    "html_url": "https://github.com/pallets/flask/pull/1637",
    "id": 120130689,
    "node_id": "MDExOlB1bGxSZXF1ZXN0NTI1MTE4Mzc=",
    "number": 1637,
    "title": "Fixed a typo in the appfactories docs",
    "user": {
        "login": "d0ugal",
        "id": 48211,
        "node_id": "MDQ6VXNlcjQ4MjEx",
        "avatar_url": "https://avatars3.githubusercontent.com/u/48211?v=4",
        "gravatar_id": "",
        "url": "https://api.github.com/users/d0ugal",
        "html_url": "https://github.com/d0ugal",
        "followers_url": "https://api.github.com/users/d0ugal/followers",
        "following_url": "https://api.github.com/users/d0ugal/following{/other_user}",
        "gists_url": "https://api.github.com/users/d0ugal/gists{/gist_id}",
        "starred_url": "https://api.github.com/users/d0ugal/starred{/owner}{/repo}",
        "subscriptions_url": "https://api.github.com/users/d0ugal/subscriptions",
        "organizations_url": "https://api.github.com/users/d0ugal/orgs",
        "repos_url": "https://api.github.com/users/d0ugal/repos",
        "events_url": "https://api.github.com/users/d0ugal/events{/privacy}",
        "received_events_url": "https://api.github.com/users/d0ugal/received_events",
        "type": "User",
        "site_admin": false
    },
    "labels": [],
    "state": "closed",
    "locked": false,
    "assignee": null,
    "assignees": [],
    "milestone": null,
    "comments": 0,
    "created_at": "2015-12-03T09:51:35Z",
    "updated_at": "2015-12-03T13:08:39Z",
    "closed_at": "2015-12-03T13:03:47Z",
    "author_association": "CONTRIBUTOR",
    "pull_request": {
        "url": "https://api.github.com/repos/pallets/flask/pulls/1637",
        "html_url": "https://github.com/pallets/flask/pull/1637",
        "diff_url": "https://github.com/pallets/flask/pull/1637.diff",
        "patch_url": "https://github.com/pallets/flask/pull/1637.patch"
    },
    "body": "I think 'app' is the intended word here, but I am not 100% sure.\n"
}