{
    "url": "https://api.github.com/repos/pallets/flask/issues/1638",
    "repository_url": "https://api.github.com/repos/pallets/flask",
    "labels_url": "https://api.github.com/repos/pallets/flask/issues/1638/labels{/name}",
    "comments_url": "https://api.github.com/repos/pallets/flask/issues/1638/comments",
    "events_url": "https://api.github.com/repos/pallets/flask/issues/1638/events",
    "html_url": "https://github.com/pallets/flask/pull/1638",
    "id": 120537721,
    "node_id": "MDExOlB1bGxSZXF1ZXN0NTI3NDkzMzM=",
    "number": 1638,
    "title": "0.3 maintenance",
    "user": {
        "login": "002080",
        "id": 16105425,
        "node_id": "MDQ6VXNlcjE2MTA1NDI1",
        "avatar_url": "https://avatars2.githubusercontent.com/u/16105425?v=4",
        "gravatar_id": "",
        "url": "https://api.github.com/users/002080",
        "html_url": "https://github.com/002080",
        "followers_url": "https://api.github.com/users/002080/followers",
        "following_url": "https://api.github.com/users/002080/following{/other_user}",
        "gists_url": "https://api.github.com/users/002080/gists{/gist_id}",
        "starred_url": "https://api.github.com/users/002080/starred{/owner}{/repo}",
        "subscriptions_url": "https://api.github.com/users/002080/subscriptions",
        "organizations_url": "https://api.github.com/users/002080/orgs",
        "repos_url": "https://api.github.com/users/002080/repos",
        "events_url": "https://api.github.com/users/002080/events{/privacy}",
        "received_events_url": "https://api.github.com/users/002080/received_events",
        "type": "User",
        "site_admin": false
    },
    "labels": [],
    "state": "closed",
    "locked": false,
    "assignee": null,
    "assignees": [],
    "milestone": null,
    "comments": 0,
    "created_at": "2015-12-05T07:21:52Z",
    "updated_at": "2017-04-20T19:56:31Z",
    "closed_at": "2015-12-05T07:22:05Z",
    "author_association": "NONE",
    "pull_request": {
        "url": "https://api.github.com/repos/pallets/flask/pulls/1638",
        "html_url": "https://github.com/pallets/flask/pull/1638",
        "diff_url": "https://github.com/pallets/flask/pull/1638.diff",
        "patch_url": "https://github.com/pallets/flask/pull/1638.patch"
    },
    "body": ""
}