{
    "url": "https://api.github.com/repos/pallets/flask/issues/1646",
    "repository_url": "https://api.github.com/repos/pallets/flask",
    "labels_url": "https://api.github.com/repos/pallets/flask/issues/1646/labels{/name}",
    "comments_url": "https://api.github.com/repos/pallets/flask/issues/1646/comments",
    "events_url": "https://api.github.com/repos/pallets/flask/issues/1646/events",
    "html_url": "https://github.com/pallets/flask/issues/1646",
    "id": 121094847,
    "node_id": "MDU6SXNzdWUxMjEwOTQ4NDc=",
    "number": 1646,
    "title": "visual studio code plugin>",
    "user": {
        "login": "malalam",
        "id": 7434679,
        "node_id": "MDQ6VXNlcjc0MzQ2Nzk=",
        "avatar_url": "https://avatars2.githubusercontent.com/u/7434679?v=4",
        "gravatar_id": "",
        "url": "https://api.github.com/users/malalam",
        "html_url": "https://github.com/malalam",
        "followers_url": "https://api.github.com/users/malalam/followers",
        "following_url": "https://api.github.com/users/malalam/following{/other_user}",
        "gists_url": "https://api.github.com/users/malalam/gists{/gist_id}",
        "starred_url": "https://api.github.com/users/malalam/starred{/owner}{/repo}",
        "subscriptions_url": "https://api.github.com/users/malalam/subscriptions",
        "organizations_url": "https://api.github.com/users/malalam/orgs",
        "repos_url": "https://api.github.com/users/malalam/repos",
        "events_url": "https://api.github.com/users/malalam/events{/privacy}",
        "received_events_url": "https://api.github.com/users/malalam/received_events",
        "type": "User",
        "site_admin": false
    },
    "labels": [],
    "state": "closed",
    "locked": false,
    "assignee": null,
    "assignees": [],
    "milestone": null,
    "comments": 0,
    "created_at": "2015-12-08T20:41:51Z",
    "updated_at": "2015-12-08T22:45:26Z",
    "closed_at": "2015-12-08T22:45:26Z",
    "author_association": "NONE",
    "body": "Anyone have a plugin or making a plugin for visual studio code?\n"
}