{
    "url": "https://api.github.com/repos/pallets/flask/issues/1647",
    "repository_url": "https://api.github.com/repos/pallets/flask",
    "labels_url": "https://api.github.com/repos/pallets/flask/issues/1647/labels{/name}",
    "comments_url": "https://api.github.com/repos/pallets/flask/issues/1647/comments",
    "events_url": "https://api.github.com/repos/pallets/flask/issues/1647/events",
    "html_url": "https://github.com/pallets/flask/issues/1647",
    "id": 121261098,
    "node_id": "MDU6SXNzdWUxMjEyNjEwOTg=",
    "number": 1647,
    "title": "About import OpenID",
    "user": {
        "login": "tanteng",
        "id": 3405598,
        "node_id": "MDQ6VXNlcjM0MDU1OTg=",
        "avatar_url": "https://avatars2.githubusercontent.com/u/3405598?v=4",
        "gravatar_id": "",
        "url": "https://api.github.com/users/tanteng",
        "html_url": "https://github.com/tanteng",
        "followers_url": "https://api.github.com/users/tanteng/followers",
        "following_url": "https://api.github.com/users/tanteng/following{/other_user}",
        "gists_url": "https://api.github.com/users/tanteng/gists{/gist_id}",
        "starred_url": "https://api.github.com/users/tanteng/starred{/owner}{/repo}",
        "subscriptions_url": "https://api.github.com/users/tanteng/subscriptions",
        "organizations_url": "https://api.github.com/users/tanteng/orgs",
        "repos_url": "https://api.github.com/users/tanteng/repos",
        "events_url": "https://api.github.com/users/tanteng/events{/privacy}",
        "received_events_url": "https://api.github.com/users/tanteng/received_events",
        "type": "User",
        "site_admin": false
    },
    "labels": [],
    "state": "closed",
    "locked": false,
    "assignee": null,
    "assignees": [],
    "milestone": null,
    "comments": 1,
    "created_at": "2015-12-09T14:53:02Z",
    "updated_at": "2015-12-09T16:50:16Z",
    "closed_at": "2015-12-09T16:50:16Z",
    "author_association": "NONE",
    "body": "/flask_website/**init**.py\n\n``` python\n# from flask_openid.ext.openid import OpenID\nfrom flask_openid import OpenID\n```\n\nShould like this.\n",
    "comments_inline": [
        {
            "url": "https://api.github.com/repos/pallets/flask/issues/comments/163279451",
            "html_url": "https://github.com/pallets/flask/issues/1647#issuecomment-163279451",
            "issue_url": "https://api.github.com/repos/pallets/flask/issues/1647",
            "id": 163279451,
            "node_id": "MDEyOklzc3VlQ29tbWVudDE2MzI3OTQ1MQ==",
            "user": {
                "login": "tanteng",
                "id": 3405598,
                "node_id": "MDQ6VXNlcjM0MDU1OTg=",
                "avatar_url": "https://avatars2.githubusercontent.com/u/3405598?v=4",
                "gravatar_id": "",
                "url": "https://api.github.com/users/tanteng",
                "html_url": "https://github.com/tanteng",
                "followers_url": "https://api.github.com/users/tanteng/followers",
                "following_url": "https://api.github.com/users/tanteng/following{/other_user}",
                "gists_url": "https://api.github.com/users/tanteng/gists{/gist_id}",
                "starred_url": "https://api.github.com/users/tanteng/starred{/owner}{/repo}",
                "subscriptions_url": "https://api.github.com/users/tanteng/subscriptions",
                "organizations_url": "https://api.github.com/users/tanteng/orgs",
                "repos_url": "https://api.github.com/users/tanteng/repos",
                "events_url": "https://api.github.com/users/tanteng/events{/privacy}",
                "received_events_url": "https://api.github.com/users/tanteng/received_events",
                "type": "User",
                "site_admin": false
            },
            "created_at": "2015-12-09T14:56:17Z",
            "updated_at": "2015-12-09T14:56:17Z",
            "author_association": "NONE",
            "body": "Sorry,I should submit it on another page.\n"
        }
    ]
}