{
    "url": "https://api.github.com/repos/pallets/flask/issues/1648",
    "repository_url": "https://api.github.com/repos/pallets/flask",
    "labels_url": "https://api.github.com/repos/pallets/flask/issues/1648/labels{/name}",
    "comments_url": "https://api.github.com/repos/pallets/flask/issues/1648/comments",
    "events_url": "https://api.github.com/repos/pallets/flask/issues/1648/events",
    "html_url": "https://github.com/pallets/flask/pull/1648",
    "id": 121398056,
    "node_id": "MDExOlB1bGxSZXF1ZXN0NTMyMTMyNDg=",
    "number": 1648,
    "title": "Mod wsgi docs",
    "user": {
        "login": "accraze",
        "id": 989447,
        "node_id": "MDQ6VXNlcjk4OTQ0Nw==",
        "avatar_url": "https://avatars3.githubusercontent.com/u/989447?v=4",
        "gravatar_id": "",
        "url": "https://api.github.com/users/accraze",
        "html_url": "https://github.com/accraze",
        "followers_url": "https://api.github.com/users/accraze/followers",
        "following_url": "https://api.github.com/users/accraze/following{/other_user}",
        "gists_url": "https://api.github.com/users/accraze/gists{/gist_id}",
        "starred_url": "https://api.github.com/users/accraze/starred{/owner}{/repo}",
        "subscriptions_url": "https://api.github.com/users/accraze/subscriptions",
        "organizations_url": "https://api.github.com/users/accraze/orgs",
        "repos_url": "https://api.github.com/users/accraze/repos",
        "events_url": "https://api.github.com/users/accraze/events{/privacy}",
        "received_events_url": "https://api.github.com/users/accraze/received_events",
        "type": "User",
        "site_admin": false
    },
    "labels": [],
    "state": "closed",
    "locked": false,
    "assignee": null,
    "assignees": [],
    "milestone": null,
    "comments": 3,
    "created_at": "2015-12-10T04:02:49Z",
    "updated_at": "2018-10-23T17:43:40Z",
    "closed_at": "2015-12-10T05:09:07Z",
    "author_association": "CONTRIBUTOR",
    "pull_request": {
        "url": "https://api.github.com/repos/pallets/flask/pulls/1648",
        "html_url": "https://github.com/pallets/flask/pull/1648",
        "diff_url": "https://github.com/pallets/flask/pull/1648.diff",
        "patch_url": "https://github.com/pallets/flask/pull/1648.patch"
    },
    "body": "Updated the docs to include a an example of using httpd2.4 syntax for setting directory permissions.\nThere was a link  to Apache 2.4 but no explanation of changes needing to be made.\n\nThis was mentioned in issue #1644 \n\n**Changes:**\n\nupdate directory permissions from httpd 2.2 syntax \n\n```\n    Order allow,deny\n    Allow from all\n```\n\nto httpd 2.4 syntax\n\n```\n    Require all granted\n```\n",
    "comments_inline": [
        {
            "url": "https://api.github.com/repos/pallets/flask/issues/comments/163482885",
            "html_url": "https://github.com/pallets/flask/pull/1648#issuecomment-163482885",
            "issue_url": "https://api.github.com/repos/pallets/flask/issues/1648",
            "id": 163482885,
            "node_id": "MDEyOklzc3VlQ29tbWVudDE2MzQ4Mjg4NQ==",
            "user": {
                "login": "davidism",
                "id": 1242887,
                "node_id": "MDQ6VXNlcjEyNDI4ODc=",
                "avatar_url": "https://avatars1.githubusercontent.com/u/1242887?v=4",
                "gravatar_id": "",
                "url": "https://api.github.com/users/davidism",
                "html_url": "https://github.com/davidism",
                "followers_url": "https://api.github.com/users/davidism/followers",
                "following_url": "https://api.github.com/users/davidism/following{/other_user}",
                "gists_url": "https://api.github.com/users/davidism/gists{/gist_id}",
                "starred_url": "https://api.github.com/users/davidism/starred{/owner}{/repo}",
                "subscriptions_url": "https://api.github.com/users/davidism/subscriptions",
                "organizations_url": "https://api.github.com/users/davidism/orgs",
                "repos_url": "https://api.github.com/users/davidism/repos",
                "events_url": "https://api.github.com/users/davidism/events{/privacy}",
                "received_events_url": "https://api.github.com/users/davidism/received_events",
                "type": "User",
                "site_admin": false
            },
            "created_at": "2015-12-10T04:06:39Z",
            "updated_at": "2015-12-10T04:06:57Z",
            "author_association": "MEMBER",
            "body": "Other than that grammar change, looks good.  Squash these into one commit and I'll merge it.\n"
        },
        {
            "url": "https://api.github.com/repos/pallets/flask/issues/comments/163483656",
            "html_url": "https://github.com/pallets/flask/pull/1648#issuecomment-163483656",
            "issue_url": "https://api.github.com/repos/pallets/flask/issues/1648",
            "id": 163483656,
            "node_id": "MDEyOklzc3VlQ29tbWVudDE2MzQ4MzY1Ng==",
            "user": {
                "login": "accraze",
                "id": 989447,
                "node_id": "MDQ6VXNlcjk4OTQ0Nw==",
                "avatar_url": "https://avatars3.githubusercontent.com/u/989447?v=4",
                "gravatar_id": "",
                "url": "https://api.github.com/users/accraze",
                "html_url": "https://github.com/accraze",
                "followers_url": "https://api.github.com/users/accraze/followers",
                "following_url": "https://api.github.com/users/accraze/following{/other_user}",
                "gists_url": "https://api.github.com/users/accraze/gists{/gist_id}",
                "starred_url": "https://api.github.com/users/accraze/starred{/owner}{/repo}",
                "subscriptions_url": "https://api.github.com/users/accraze/subscriptions",
                "organizations_url": "https://api.github.com/users/accraze/orgs",
                "repos_url": "https://api.github.com/users/accraze/repos",
                "events_url": "https://api.github.com/users/accraze/events{/privacy}",
                "received_events_url": "https://api.github.com/users/accraze/received_events",
                "type": "User",
                "site_admin": false
            },
            "created_at": "2015-12-10T04:14:12Z",
            "updated_at": "2015-12-10T04:14:12Z",
            "author_association": "CONTRIBUTOR",
            "body": "awesome...will do thx!\n"
        },
        {
            "url": "https://api.github.com/repos/pallets/flask/issues/comments/163486811",
            "html_url": "https://github.com/pallets/flask/pull/1648#issuecomment-163486811",
            "issue_url": "https://api.github.com/repos/pallets/flask/issues/1648",
            "id": 163486811,
            "node_id": "MDEyOklzc3VlQ29tbWVudDE2MzQ4NjgxMQ==",
            "user": {
                "login": "accraze",
                "id": 989447,
                "node_id": "MDQ6VXNlcjk4OTQ0Nw==",
                "avatar_url": "https://avatars3.githubusercontent.com/u/989447?v=4",
                "gravatar_id": "",
                "url": "https://api.github.com/users/accraze",
                "html_url": "https://github.com/accraze",
                "followers_url": "https://api.github.com/users/accraze/followers",
                "following_url": "https://api.github.com/users/accraze/following{/other_user}",
                "gists_url": "https://api.github.com/users/accraze/gists{/gist_id}",
                "starred_url": "https://api.github.com/users/accraze/starred{/owner}{/repo}",
                "subscriptions_url": "https://api.github.com/users/accraze/subscriptions",
                "organizations_url": "https://api.github.com/users/accraze/orgs",
                "repos_url": "https://api.github.com/users/accraze/repos",
                "events_url": "https://api.github.com/users/accraze/events{/privacy}",
                "received_events_url": "https://api.github.com/users/accraze/received_events",
                "type": "User",
                "site_admin": false
            },
            "created_at": "2015-12-10T04:47:11Z",
            "updated_at": "2015-12-10T04:47:11Z",
            "author_association": "CONTRIBUTOR",
            "body": "@davidism ok grammar is changed and commits are squashed :grin:\n"
        }
    ]
}