{
    "url": "https://api.github.com/repos/pallets/flask/issues/1650",
    "repository_url": "https://api.github.com/repos/pallets/flask",
    "labels_url": "https://api.github.com/repos/pallets/flask/issues/1650/labels{/name}",
    "comments_url": "https://api.github.com/repos/pallets/flask/issues/1650/comments",
    "events_url": "https://api.github.com/repos/pallets/flask/issues/1650/events",
    "html_url": "https://github.com/pallets/flask/issues/1650",
    "id": 121839651,
    "node_id": "MDU6SXNzdWUxMjE4Mzk2NTE=",
    "number": 1650,
    "title": "When DEBUG=True, OSError: [Errno 88] Socket operation on non-socket",
    "user": {
        "login": "dohvis",
        "id": 9590242,
        "node_id": "MDQ6VXNlcjk1OTAyNDI=",
        "avatar_url": "https://avatars2.githubusercontent.com/u/9590242?v=4",
        "gravatar_id": "",
        "url": "https://api.github.com/users/dohvis",
        "html_url": "https://github.com/dohvis",
        "followers_url": "https://api.github.com/users/dohvis/followers",
        "following_url": "https://api.github.com/users/dohvis/following{/other_user}",
        "gists_url": "https://api.github.com/users/dohvis/gists{/gist_id}",
        "starred_url": "https://api.github.com/users/dohvis/starred{/owner}{/repo}",
        "subscriptions_url": "https://api.github.com/users/dohvis/subscriptions",
        "organizations_url": "https://api.github.com/users/dohvis/orgs",
        "repos_url": "https://api.github.com/users/dohvis/repos",
        "events_url": "https://api.github.com/users/dohvis/events{/privacy}",
        "received_events_url": "https://api.github.com/users/dohvis/received_events",
        "type": "User",
        "site_admin": false
    },
    "labels": [],
    "state": "closed",
    "locked": false,
    "assignee": null,
    "assignees": [],
    "milestone": null,
    "comments": 2,
    "created_at": "2015-12-12T07:40:51Z",
    "updated_at": "2015-12-13T11:48:54Z",
    "closed_at": "2015-12-13T11:48:54Z",
    "author_association": "NONE",
    "body": "I get `OSError: [Errno 88] Socket operation on non-socket` when I try to run the following app with debug enabled.  I am using Ubuntu 14.04.2 and Python 3.4.0.\n\n``` python\napp = Flask(__name__)\napp.debug = True\n\n@app.route('/')\ndef index():\n    return 'Hello, World!'\n\nif __name__ == '__main__':\n    app.run(host='0.0.0.0')\n```\n\n```\n$ python app.py\n * Restarting with stat\n * Debugger is active!\n * Debugger pin code: 916-262-145\nException in thread Thread-1:\nTraceback (most recent call last):\n  File \"/usr/lib/python3.4/threading.py\", line 920, in _bootstrap_inner\n    self.run()\n  File \"/home/nero/.virtualenvs/FBPocket/lib/python3.4/site-packages/gevent/threading.py\", line 137, in run\n    super(Thread, self).run()\n  File \"/usr/lib/python3.4/threading.py\", line 868, in run\n    self._target(*self._args, **self._kwargs)\n  File \"/home/nero/.virtualenvs/FBPocket/lib/python3.4/site-packages/werkzeug/serving.py\", line 653, in inner\n    fd=fd).serve_forever()\n  File \"/home/nero/.virtualenvs/FBPocket/lib/python3.4/site-packages/werkzeug/serving.py\", line 557, in make_server\n    passthrough_errors, ssl_context, fd=fd)\n  File \"/home/nero/.virtualenvs/FBPocket/lib/python3.4/site-packages/werkzeug/serving.py\", line 478, in __init__\n    self.server_address = self.socket.getsockname()\nOSError: [Errno 88] Socket operation on non-socket\n```\n",
    "comments_inline": [
        {
            "url": "https://api.github.com/repos/pallets/flask/issues/comments/164190198",
            "html_url": "https://github.com/pallets/flask/issues/1650#issuecomment-164190198",
            "issue_url": "https://api.github.com/repos/pallets/flask/issues/1650",
            "id": 164190198,
            "node_id": "MDEyOklzc3VlQ29tbWVudDE2NDE5MDE5OA==",
            "user": {
                "login": "davidism",
                "id": 1242887,
                "node_id": "MDQ6VXNlcjEyNDI4ODc=",
                "avatar_url": "https://avatars1.githubusercontent.com/u/1242887?v=4",
                "gravatar_id": "",
                "url": "https://api.github.com/users/davidism",
                "html_url": "https://github.com/davidism",
                "followers_url": "https://api.github.com/users/davidism/followers",
                "following_url": "https://api.github.com/users/davidism/following{/other_user}",
                "gists_url": "https://api.github.com/users/davidism/gists{/gist_id}",
                "starred_url": "https://api.github.com/users/davidism/starred{/owner}{/repo}",
                "subscriptions_url": "https://api.github.com/users/davidism/subscriptions",
                "organizations_url": "https://api.github.com/users/davidism/orgs",
                "repos_url": "https://api.github.com/users/davidism/repos",
                "events_url": "https://api.github.com/users/davidism/events{/privacy}",
                "received_events_url": "https://api.github.com/users/davidism/received_events",
                "type": "User",
                "site_admin": false
            },
            "created_at": "2015-12-12T20:47:51Z",
            "updated_at": "2015-12-12T20:48:56Z",
            "author_association": "MEMBER",
            "body": "I can't reproduce your error.  Based on your traceback, it looks like you're using Gevent, but that isn't stated in your example.  Please describe all steps needed to recreate the issue.\n\nThis probably should be reported to Werkzeug instead, it seems similar to mitsuhiko/werkzeug#813.\n"
        },
        {
            "url": "https://api.github.com/repos/pallets/flask/issues/comments/164251554",
            "html_url": "https://github.com/pallets/flask/issues/1650#issuecomment-164251554",
            "issue_url": "https://api.github.com/repos/pallets/flask/issues/1650",
            "id": 164251554,
            "node_id": "MDEyOklzc3VlQ29tbWVudDE2NDI1MTU1NA==",
            "user": {
                "login": "dohvis",
                "id": 9590242,
                "node_id": "MDQ6VXNlcjk1OTAyNDI=",
                "avatar_url": "https://avatars2.githubusercontent.com/u/9590242?v=4",
                "gravatar_id": "",
                "url": "https://api.github.com/users/dohvis",
                "html_url": "https://github.com/dohvis",
                "followers_url": "https://api.github.com/users/dohvis/followers",
                "following_url": "https://api.github.com/users/dohvis/following{/other_user}",
                "gists_url": "https://api.github.com/users/dohvis/gists{/gist_id}",
                "starred_url": "https://api.github.com/users/dohvis/starred{/owner}{/repo}",
                "subscriptions_url": "https://api.github.com/users/dohvis/subscriptions",
                "organizations_url": "https://api.github.com/users/dohvis/orgs",
                "repos_url": "https://api.github.com/users/dohvis/repos",
                "events_url": "https://api.github.com/users/dohvis/events{/privacy}",
                "received_events_url": "https://api.github.com/users/dohvis/received_events",
                "type": "User",
                "site_admin": false
            },
            "created_at": "2015-12-13T11:48:07Z",
            "updated_at": "2015-12-13T11:48:07Z",
            "author_association": "NONE",
            "body": "Sorry, I confirm it because of gevent. You can say that again. \nBut I have same problem when run with gevent, I just do \n\n``` python\nfrom gevent import monkey; monkey.patch_all()\n```\n\nwith DEBUG=True. \nIf I set DEBUG=False, that error is not appeared.\n\nMy pip freeze result is\n\n```\nFlask==0.10.1\ngevent==1.1b5 \n#May be it is reason of error. When I use python 2 with gevnet 1.0.2, that error is not appeard\ngreenlet==0.4.9\nitsdangerous==0.24\nJinja2==2.8\nMarkupSafe==0.23\nWerkzeug==0.11.2\nwheel==0.24.0\n```\n\nlike that.\n\nAny way, I think this issue is not related with flask. Sorry again\n"
        }
    ]
}