{
    "url": "https://api.github.com/repos/pallets/flask/issues/1653",
    "repository_url": "https://api.github.com/repos/pallets/flask",
    "labels_url": "https://api.github.com/repos/pallets/flask/issues/1653/labels{/name}",
    "comments_url": "https://api.github.com/repos/pallets/flask/issues/1653/comments",
    "events_url": "https://api.github.com/repos/pallets/flask/issues/1653/events",
    "html_url": "https://github.com/pallets/flask/pull/1653",
    "id": 122255130,
    "node_id": "MDExOlB1bGxSZXF1ZXN0NTM2OTI4NzU=",
    "number": 1653,
    "title": "Fix wrong indentation error and get rid of PEP8 warnings in helpers.py",
    "user": {
        "login": "rochacbruno",
        "id": 458654,
        "node_id": "MDQ6VXNlcjQ1ODY1NA==",
        "avatar_url": "https://avatars2.githubusercontent.com/u/458654?v=4",
        "gravatar_id": "",
        "url": "https://api.github.com/users/rochacbruno",
        "html_url": "https://github.com/rochacbruno",
        "followers_url": "https://api.github.com/users/rochacbruno/followers",
        "following_url": "https://api.github.com/users/rochacbruno/following{/other_user}",
        "gists_url": "https://api.github.com/users/rochacbruno/gists{/gist_id}",
        "starred_url": "https://api.github.com/users/rochacbruno/starred{/owner}{/repo}",
        "subscriptions_url": "https://api.github.com/users/rochacbruno/subscriptions",
        "organizations_url": "https://api.github.com/users/rochacbruno/orgs",
        "repos_url": "https://api.github.com/users/rochacbruno/repos",
        "events_url": "https://api.github.com/users/rochacbruno/events{/privacy}",
        "received_events_url": "https://api.github.com/users/rochacbruno/received_events",
        "type": "User",
        "site_admin": false
    },
    "labels": [],
    "state": "closed",
    "locked": false,
    "assignee": null,
    "assignees": [],
    "milestone": null,
    "comments": 1,
    "created_at": "2015-12-15T11:46:39Z",
    "updated_at": "2016-01-25T22:12:12Z",
    "closed_at": "2016-01-25T22:12:12Z",
    "author_association": "CONTRIBUTOR",
    "pull_request": {
        "url": "https://api.github.com/repos/pallets/flask/pulls/1653",
        "html_url": "https://github.com/pallets/flask/pull/1653",
        "diff_url": "https://github.com/pallets/flask/pull/1653.diff",
        "patch_url": "https://github.com/pallets/flask/pull/1653.patch"
    },
    "body": "- There was wrong indentation error raising in line 587 https://github.com/mitsuhiko/flask/blob/master/flask/helpers.py#L587\n- Also fixed some PEP8 warnings\n",
    "comments_inline": [
        {
            "url": "https://api.github.com/repos/pallets/flask/issues/comments/174691092",
            "html_url": "https://github.com/pallets/flask/pull/1653#issuecomment-174691092",
            "issue_url": "https://api.github.com/repos/pallets/flask/issues/1653",
            "id": 174691092,
            "node_id": "MDEyOklzc3VlQ29tbWVudDE3NDY5MTA5Mg==",
            "user": {
                "login": "davidism",
                "id": 1242887,
                "node_id": "MDQ6VXNlcjEyNDI4ODc=",
                "avatar_url": "https://avatars1.githubusercontent.com/u/1242887?v=4",
                "gravatar_id": "",
                "url": "https://api.github.com/users/davidism",
                "html_url": "https://github.com/davidism",
                "followers_url": "https://api.github.com/users/davidism/followers",
                "following_url": "https://api.github.com/users/davidism/following{/other_user}",
                "gists_url": "https://api.github.com/users/davidism/gists{/gist_id}",
                "starred_url": "https://api.github.com/users/davidism/starred{/owner}{/repo}",
                "subscriptions_url": "https://api.github.com/users/davidism/subscriptions",
                "organizations_url": "https://api.github.com/users/davidism/orgs",
                "repos_url": "https://api.github.com/users/davidism/repos",
                "events_url": "https://api.github.com/users/davidism/events{/privacy}",
                "received_events_url": "https://api.github.com/users/davidism/received_events",
                "type": "User",
                "site_admin": false
            },
            "created_at": "2016-01-25T22:12:12Z",
            "updated_at": "2016-01-25T22:12:12Z",
            "author_association": "MEMBER",
            "body": "continued in #1702 \n"
        }
    ]
}