{
    "url": "https://api.github.com/repos/pallets/flask/issues/1657",
    "repository_url": "https://api.github.com/repos/pallets/flask",
    "labels_url": "https://api.github.com/repos/pallets/flask/issues/1657/labels{/name}",
    "comments_url": "https://api.github.com/repos/pallets/flask/issues/1657/comments",
    "events_url": "https://api.github.com/repos/pallets/flask/issues/1657/events",
    "html_url": "https://github.com/pallets/flask/pull/1657",
    "id": 122942804,
    "node_id": "MDExOlB1bGxSZXF1ZXN0NTQwOTg2MjY=",
    "number": 1657,
    "title": "Readme",
    "user": {
        "login": "Satender052",
        "id": 12188820,
        "node_id": "MDQ6VXNlcjEyMTg4ODIw",
        "avatar_url": "https://avatars1.githubusercontent.com/u/12188820?v=4",
        "gravatar_id": "",
        "url": "https://api.github.com/users/Satender052",
        "html_url": "https://github.com/Satender052",
        "followers_url": "https://api.github.com/users/Satender052/followers",
        "following_url": "https://api.github.com/users/Satender052/following{/other_user}",
        "gists_url": "https://api.github.com/users/Satender052/gists{/gist_id}",
        "starred_url": "https://api.github.com/users/Satender052/starred{/owner}{/repo}",
        "subscriptions_url": "https://api.github.com/users/Satender052/subscriptions",
        "organizations_url": "https://api.github.com/users/Satender052/orgs",
        "repos_url": "https://api.github.com/users/Satender052/repos",
        "events_url": "https://api.github.com/users/Satender052/events{/privacy}",
        "received_events_url": "https://api.github.com/users/Satender052/received_events",
        "type": "User",
        "site_admin": false
    },
    "labels": [],
    "state": "closed",
    "locked": false,
    "assignee": null,
    "assignees": [],
    "milestone": null,
    "comments": 2,
    "created_at": "2015-12-18T12:45:52Z",
    "updated_at": "2015-12-18T14:04:52Z",
    "closed_at": "2015-12-18T14:04:52Z",
    "author_association": "NONE",
    "pull_request": {
        "url": "https://api.github.com/repos/pallets/flask/pulls/1657",
        "html_url": "https://github.com/pallets/flask/pull/1657",
        "diff_url": "https://github.com/pallets/flask/pull/1657.diff",
        "patch_url": "https://github.com/pallets/flask/pull/1657.patch"
    },
    "body": "I have updated README now its looking a bit good :)\n",
    "comments_inline": [
        {
            "url": "https://api.github.com/repos/pallets/flask/issues/comments/165770229",
            "html_url": "https://github.com/pallets/flask/pull/1657#issuecomment-165770229",
            "issue_url": "https://api.github.com/repos/pallets/flask/issues/1657",
            "id": 165770229,
            "node_id": "MDEyOklzc3VlQ29tbWVudDE2NTc3MDIyOQ==",
            "user": {
                "login": "ThiefMaster",
                "id": 179599,
                "node_id": "MDQ6VXNlcjE3OTU5OQ==",
                "avatar_url": "https://avatars1.githubusercontent.com/u/179599?v=4",
                "gravatar_id": "",
                "url": "https://api.github.com/users/ThiefMaster",
                "html_url": "https://github.com/ThiefMaster",
                "followers_url": "https://api.github.com/users/ThiefMaster/followers",
                "following_url": "https://api.github.com/users/ThiefMaster/following{/other_user}",
                "gists_url": "https://api.github.com/users/ThiefMaster/gists{/gist_id}",
                "starred_url": "https://api.github.com/users/ThiefMaster/starred{/owner}{/repo}",
                "subscriptions_url": "https://api.github.com/users/ThiefMaster/subscriptions",
                "organizations_url": "https://api.github.com/users/ThiefMaster/orgs",
                "repos_url": "https://api.github.com/users/ThiefMaster/repos",
                "events_url": "https://api.github.com/users/ThiefMaster/events{/privacy}",
                "received_events_url": "https://api.github.com/users/ThiefMaster/received_events",
                "type": "User",
                "site_admin": false
            },
            "created_at": "2015-12-18T12:47:33Z",
            "updated_at": "2015-12-18T12:47:33Z",
            "author_association": "MEMBER",
            "body": "First of all, these four commits should be squashed into a single one. Their commit messages are pretty useless but times four even more so. \"Format README\" would be a better message.\n\nAnyway, @mitsuhiko has a strong preference for a simple plaintext README, so I doubt this PR will be merged.\n"
        },
        {
            "url": "https://api.github.com/repos/pallets/flask/issues/comments/165772020",
            "html_url": "https://github.com/pallets/flask/pull/1657#issuecomment-165772020",
            "issue_url": "https://api.github.com/repos/pallets/flask/issues/1657",
            "id": 165772020,
            "node_id": "MDEyOklzc3VlQ29tbWVudDE2NTc3MjAyMA==",
            "user": {
                "login": "ThiefMaster",
                "id": 179599,
                "node_id": "MDQ6VXNlcjE3OTU5OQ==",
                "avatar_url": "https://avatars1.githubusercontent.com/u/179599?v=4",
                "gravatar_id": "",
                "url": "https://api.github.com/users/ThiefMaster",
                "html_url": "https://github.com/ThiefMaster",
                "followers_url": "https://api.github.com/users/ThiefMaster/followers",
                "following_url": "https://api.github.com/users/ThiefMaster/following{/other_user}",
                "gists_url": "https://api.github.com/users/ThiefMaster/gists{/gist_id}",
                "starred_url": "https://api.github.com/users/ThiefMaster/starred{/owner}{/repo}",
                "subscriptions_url": "https://api.github.com/users/ThiefMaster/subscriptions",
                "organizations_url": "https://api.github.com/users/ThiefMaster/orgs",
                "repos_url": "https://api.github.com/users/ThiefMaster/repos",
                "events_url": "https://api.github.com/users/ThiefMaster/events{/privacy}",
                "received_events_url": "https://api.github.com/users/ThiefMaster/received_events",
                "type": "User",
                "site_admin": false
            },
            "created_at": "2015-12-18T12:59:50Z",
            "updated_at": "2015-12-18T12:59:50Z",
            "author_association": "MEMBER",
            "body": "Just noticed that you created lots of PRs that just do minor changes to README files (also in other projects) that don't actually improve anything.\n\nPlease, don't do that! It's just noise for the maintainers of those projects. If you want to contribute to a project, pick some issue that's actually useful and try to solve/implement it and create a PR for that.\n"
        }
    ]
}