{
    "url": "https://api.github.com/repos/pallets/flask/issues/1658",
    "repository_url": "https://api.github.com/repos/pallets/flask",
    "labels_url": "https://api.github.com/repos/pallets/flask/issues/1658/labels{/name}",
    "comments_url": "https://api.github.com/repos/pallets/flask/issues/1658/comments",
    "events_url": "https://api.github.com/repos/pallets/flask/issues/1658/events",
    "html_url": "https://github.com/pallets/flask/pull/1658",
    "id": 123059794,
    "node_id": "MDExOlB1bGxSZXF1ZXN0NTQxNzA1OTQ=",
    "number": 1658,
    "title": "Update config.py",
    "user": {
        "login": "daimon99",
        "id": 10393473,
        "node_id": "MDQ6VXNlcjEwMzkzNDcz",
        "avatar_url": "https://avatars3.githubusercontent.com/u/10393473?v=4",
        "gravatar_id": "",
        "url": "https://api.github.com/users/daimon99",
        "html_url": "https://github.com/daimon99",
        "followers_url": "https://api.github.com/users/daimon99/followers",
        "following_url": "https://api.github.com/users/daimon99/following{/other_user}",
        "gists_url": "https://api.github.com/users/daimon99/gists{/gist_id}",
        "starred_url": "https://api.github.com/users/daimon99/starred{/owner}{/repo}",
        "subscriptions_url": "https://api.github.com/users/daimon99/subscriptions",
        "organizations_url": "https://api.github.com/users/daimon99/orgs",
        "repos_url": "https://api.github.com/users/daimon99/repos",
        "events_url": "https://api.github.com/users/daimon99/events{/privacy}",
        "received_events_url": "https://api.github.com/users/daimon99/received_events",
        "type": "User",
        "site_admin": false
    },
    "labels": [],
    "state": "closed",
    "locked": false,
    "assignee": null,
    "assignees": [],
    "milestone": null,
    "comments": 0,
    "created_at": "2015-12-19T03:56:59Z",
    "updated_at": "2015-12-19T04:01:46Z",
    "closed_at": "2015-12-19T04:01:46Z",
    "author_association": "NONE",
    "pull_request": {
        "url": "https://api.github.com/repos/pallets/flask/pulls/1658",
        "html_url": "https://github.com/pallets/flask/pull/1658",
        "diff_url": "https://github.com/pallets/flask/pull/1658.diff",
        "patch_url": "https://github.com/pallets/flask/pull/1658.patch"
    },
    "body": "Enhance: When in windows, and the config file is hard code by utf8, flask.Config.from_pyfile will not encoding correctly. Now add a param to let the user to choose the encoding of the config file\n"
}