{
    "url": "https://api.github.com/repos/pallets/flask/issues/1661",
    "repository_url": "https://api.github.com/repos/pallets/flask",
    "labels_url": "https://api.github.com/repos/pallets/flask/issues/1661/labels{/name}",
    "comments_url": "https://api.github.com/repos/pallets/flask/issues/1661/comments",
    "events_url": "https://api.github.com/repos/pallets/flask/issues/1661/events",
    "html_url": "https://github.com/pallets/flask/pull/1661",
    "id": 123157991,
    "node_id": "MDExOlB1bGxSZXF1ZXN0NTQxOTg3NzQ=",
    "number": 1661,
    "title": "Clarify the python versions that flask supports",
    "user": {
        "login": "lord63",
        "id": 5268051,
        "node_id": "MDQ6VXNlcjUyNjgwNTE=",
        "avatar_url": "https://avatars0.githubusercontent.com/u/5268051?v=4",
        "gravatar_id": "",
        "url": "https://api.github.com/users/lord63",
        "html_url": "https://github.com/lord63",
        "followers_url": "https://api.github.com/users/lord63/followers",
        "following_url": "https://api.github.com/users/lord63/following{/other_user}",
        "gists_url": "https://api.github.com/users/lord63/gists{/gist_id}",
        "starred_url": "https://api.github.com/users/lord63/starred{/owner}{/repo}",
        "subscriptions_url": "https://api.github.com/users/lord63/subscriptions",
        "organizations_url": "https://api.github.com/users/lord63/orgs",
        "repos_url": "https://api.github.com/users/lord63/repos",
        "events_url": "https://api.github.com/users/lord63/events{/privacy}",
        "received_events_url": "https://api.github.com/users/lord63/received_events",
        "type": "User",
        "site_admin": false
    },
    "labels": [],
    "state": "closed",
    "locked": false,
    "assignee": null,
    "assignees": [],
    "milestone": null,
    "comments": 0,
    "created_at": "2015-12-20T12:45:45Z",
    "updated_at": "2015-12-20T16:19:35Z",
    "closed_at": "2015-12-20T16:19:35Z",
    "author_association": "CONTRIBUTOR",
    "pull_request": {
        "url": "https://api.github.com/repos/pallets/flask/pulls/1661",
        "html_url": "https://github.com/pallets/flask/pull/1661",
        "diff_url": "https://github.com/pallets/flask/pull/1661.diff",
        "patch_url": "https://github.com/pallets/flask/pull/1661.patch"
    },
    "body": "I asked the question that whether we should explicitly point out the python versions flask supports in #1651 , and since it makes sense that we'd better clarify the versions, I send this PR.\n"
}