{
    "url": "https://api.github.com/repos/pallets/flask/issues/1663",
    "repository_url": "https://api.github.com/repos/pallets/flask",
    "labels_url": "https://api.github.com/repos/pallets/flask/issues/1663/labels{/name}",
    "comments_url": "https://api.github.com/repos/pallets/flask/issues/1663/comments",
    "events_url": "https://api.github.com/repos/pallets/flask/issues/1663/events",
    "html_url": "https://github.com/pallets/flask/issues/1663",
    "id": 123648130,
    "node_id": "MDU6SXNzdWUxMjM2NDgxMzA=",
    "number": 1663,
    "title": "External url scheme is kept accross multiple url_for",
    "user": {
        "login": "paradoxxxzero",
        "id": 271144,
        "node_id": "MDQ6VXNlcjI3MTE0NA==",
        "avatar_url": "https://avatars3.githubusercontent.com/u/271144?v=4",
        "gravatar_id": "",
        "url": "https://api.github.com/users/paradoxxxzero",
        "html_url": "https://github.com/paradoxxxzero",
        "followers_url": "https://api.github.com/users/paradoxxxzero/followers",
        "following_url": "https://api.github.com/users/paradoxxxzero/following{/other_user}",
        "gists_url": "https://api.github.com/users/paradoxxxzero/gists{/gist_id}",
        "starred_url": "https://api.github.com/users/paradoxxxzero/starred{/owner}{/repo}",
        "subscriptions_url": "https://api.github.com/users/paradoxxxzero/subscriptions",
        "organizations_url": "https://api.github.com/users/paradoxxxzero/orgs",
        "repos_url": "https://api.github.com/users/paradoxxxzero/repos",
        "events_url": "https://api.github.com/users/paradoxxxzero/events{/privacy}",
        "received_events_url": "https://api.github.com/users/paradoxxxzero/received_events",
        "type": "User",
        "site_admin": false
    },
    "labels": [],
    "state": "closed",
    "locked": false,
    "assignee": null,
    "assignees": [],
    "milestone": null,
    "comments": 2,
    "created_at": "2015-12-23T12:04:46Z",
    "updated_at": "2016-08-11T04:33:13Z",
    "closed_at": "2016-08-11T04:33:13Z",
    "author_association": "NONE",
    "body": "Consider this test case:\n\n``` python\nfrom flask import Flask, url_for\napp = Flask(__name__)\n\n\n@app.route('/some/route')\ndef some_route():\n    return 'Some route'\n\n\n@app.route('/some/websocket')\ndef some_websocket():\n    return 'Some websocket'\n\n\n@app.route('/')\ndef test_case():\n    return '<br><br>'.join((\n        'some_route url:<br> %s' % url_for('some_route', _external=True),\n        'some_websocket url:<br> %s' % url_for('some_websocket', _external=True, _scheme='ws'),\n        'this test case url:<br> %s' % url_for('test_case', _external=True),\n    ))\n\nif __name__ == '__main__':\n    app.config['SERVER_NAME'] = 'myserver.l:5000'\n    app.run(debug=True)\n```\n\nAccessing http://myserver.l:5000/ gives:\n\n```\nsome_route url:\nhttp://myserver.l:5000/some/route\n\nsome_websocket url:\nws://myserver.l:5000/some/websocket\n\nthis test case url:\nws://myserver.l:5000/\n```\n\nshould give:\n\n```\nsome_route url:\nhttp://myserver.l:5000/some/route\n\nsome_websocket url:\nws://myserver.l:5000/some/websocket\n\nthis test case url:\nhttp://myserver.l:5000/\n```\n",
    "comments_inline": [
        {
            "url": "https://api.github.com/repos/pallets/flask/issues/comments/171151317",
            "html_url": "https://github.com/pallets/flask/issues/1663#issuecomment-171151317",
            "issue_url": "https://api.github.com/repos/pallets/flask/issues/1663",
            "id": 171151317,
            "node_id": "MDEyOklzc3VlQ29tbWVudDE3MTE1MTMxNw==",
            "user": {
                "login": "ento",
                "id": 21108,
                "node_id": "MDQ6VXNlcjIxMTA4",
                "avatar_url": "https://avatars3.githubusercontent.com/u/21108?v=4",
                "gravatar_id": "",
                "url": "https://api.github.com/users/ento",
                "html_url": "https://github.com/ento",
                "followers_url": "https://api.github.com/users/ento/followers",
                "following_url": "https://api.github.com/users/ento/following{/other_user}",
                "gists_url": "https://api.github.com/users/ento/gists{/gist_id}",
                "starred_url": "https://api.github.com/users/ento/starred{/owner}{/repo}",
                "subscriptions_url": "https://api.github.com/users/ento/subscriptions",
                "organizations_url": "https://api.github.com/users/ento/orgs",
                "repos_url": "https://api.github.com/users/ento/repos",
                "events_url": "https://api.github.com/users/ento/events{/privacy}",
                "received_events_url": "https://api.github.com/users/ento/received_events",
                "type": "User",
                "site_admin": false
            },
            "created_at": "2016-01-13T03:35:42Z",
            "updated_at": "2016-01-13T03:35:42Z",
            "author_association": "NONE",
            "body": "also discussed here: #1596\n"
        },
        {
            "url": "https://api.github.com/repos/pallets/flask/issues/comments/239053872",
            "html_url": "https://github.com/pallets/flask/issues/1663#issuecomment-239053872",
            "issue_url": "https://api.github.com/repos/pallets/flask/issues/1663",
            "id": 239053872,
            "node_id": "MDEyOklzc3VlQ29tbWVudDIzOTA1Mzg3Mg==",
            "user": {
                "login": "StephenOrJames",
                "id": 8732346,
                "node_id": "MDQ6VXNlcjg3MzIzNDY=",
                "avatar_url": "https://avatars0.githubusercontent.com/u/8732346?v=4",
                "gravatar_id": "",
                "url": "https://api.github.com/users/StephenOrJames",
                "html_url": "https://github.com/StephenOrJames",
                "followers_url": "https://api.github.com/users/StephenOrJames/followers",
                "following_url": "https://api.github.com/users/StephenOrJames/following{/other_user}",
                "gists_url": "https://api.github.com/users/StephenOrJames/gists{/gist_id}",
                "starred_url": "https://api.github.com/users/StephenOrJames/starred{/owner}{/repo}",
                "subscriptions_url": "https://api.github.com/users/StephenOrJames/subscriptions",
                "organizations_url": "https://api.github.com/users/StephenOrJames/orgs",
                "repos_url": "https://api.github.com/users/StephenOrJames/repos",
                "events_url": "https://api.github.com/users/StephenOrJames/events{/privacy}",
                "received_events_url": "https://api.github.com/users/StephenOrJames/received_events",
                "type": "User",
                "site_admin": false
            },
            "created_at": "2016-08-11T01:42:37Z",
            "updated_at": "2016-08-11T01:42:37Z",
            "author_association": "NONE",
            "body": "This should be closed, it was fixed in #1813 by @mitsuhiko.\n"
        }
    ]
}