{
    "url": "https://api.github.com/repos/pallets/flask/issues/1665",
    "repository_url": "https://api.github.com/repos/pallets/flask",
    "labels_url": "https://api.github.com/repos/pallets/flask/issues/1665/labels{/name}",
    "comments_url": "https://api.github.com/repos/pallets/flask/issues/1665/comments",
    "events_url": "https://api.github.com/repos/pallets/flask/issues/1665/events",
    "html_url": "https://github.com/pallets/flask/issues/1665",
    "id": 123775012,
    "node_id": "MDU6SXNzdWUxMjM3NzUwMTI=",
    "number": 1665,
    "title": "When I run 'pip install Flask' in Ubuntu server I got these info",
    "user": {
        "login": "shiwei93",
        "id": 10345518,
        "node_id": "MDQ6VXNlcjEwMzQ1NTE4",
        "avatar_url": "https://avatars3.githubusercontent.com/u/10345518?v=4",
        "gravatar_id": "",
        "url": "https://api.github.com/users/shiwei93",
        "html_url": "https://github.com/shiwei93",
        "followers_url": "https://api.github.com/users/shiwei93/followers",
        "following_url": "https://api.github.com/users/shiwei93/following{/other_user}",
        "gists_url": "https://api.github.com/users/shiwei93/gists{/gist_id}",
        "starred_url": "https://api.github.com/users/shiwei93/starred{/owner}{/repo}",
        "subscriptions_url": "https://api.github.com/users/shiwei93/subscriptions",
        "organizations_url": "https://api.github.com/users/shiwei93/orgs",
        "repos_url": "https://api.github.com/users/shiwei93/repos",
        "events_url": "https://api.github.com/users/shiwei93/events{/privacy}",
        "received_events_url": "https://api.github.com/users/shiwei93/received_events",
        "type": "User",
        "site_admin": false
    },
    "labels": [],
    "state": "closed",
    "locked": false,
    "assignee": null,
    "assignees": [],
    "milestone": null,
    "comments": 2,
    "created_at": "2015-12-24T08:26:30Z",
    "updated_at": "2015-12-24T20:01:03Z",
    "closed_at": "2015-12-24T08:28:16Z",
    "author_association": "NONE",
    "body": "error: could not create '/usr/local/lib/python2.7/dist-packages/flask': Permission denied\n\n---\n\nCleaning up...\nCommand /usr/bin/python -c \"import setuptools, tokenize;**file**='/tmp/pip_build_habit/Flask/setup.py';exec(compile(getattr(tokenize, 'open', open)(**file**).read().replace('\\r\\n', '\\n'), **file**, 'exec'))\" install --record /tmp/pip-Dy8fke-record/install-record.txt --single-version-externally-managed --compile failed with error code 1 in /tmp/pip_build_habit/Flask\nStoring debug log for failure in /home/habit/.pip/pip.log\n",
    "comments_inline": [
        {
            "url": "https://api.github.com/repos/pallets/flask/issues/comments/167067865",
            "html_url": "https://github.com/pallets/flask/issues/1665#issuecomment-167067865",
            "issue_url": "https://api.github.com/repos/pallets/flask/issues/1665",
            "id": 167067865,
            "node_id": "MDEyOklzc3VlQ29tbWVudDE2NzA2Nzg2NQ==",
            "user": {
                "login": "jos666",
                "id": 4337185,
                "node_id": "MDQ6VXNlcjQzMzcxODU=",
                "avatar_url": "https://avatars3.githubusercontent.com/u/4337185?v=4",
                "gravatar_id": "",
                "url": "https://api.github.com/users/jos666",
                "html_url": "https://github.com/jos666",
                "followers_url": "https://api.github.com/users/jos666/followers",
                "following_url": "https://api.github.com/users/jos666/following{/other_user}",
                "gists_url": "https://api.github.com/users/jos666/gists{/gist_id}",
                "starred_url": "https://api.github.com/users/jos666/starred{/owner}{/repo}",
                "subscriptions_url": "https://api.github.com/users/jos666/subscriptions",
                "organizations_url": "https://api.github.com/users/jos666/orgs",
                "repos_url": "https://api.github.com/users/jos666/repos",
                "events_url": "https://api.github.com/users/jos666/events{/privacy}",
                "received_events_url": "https://api.github.com/users/jos666/received_events",
                "type": "User",
                "site_admin": false
            },
            "created_at": "2015-12-24T08:30:02Z",
            "updated_at": "2015-12-24T08:30:34Z",
            "author_association": "NONE",
            "body": "error: could not create '/usr/local/lib/python2.7/dist-packages/flask': Permission denied   \u6743\u9650\u62d2\u7edd \n\u6ca1\u6743\u9650\u521b\u5efa\u76ee\u5f55\nsudo pip install flask\n"
        },
        {
            "url": "https://api.github.com/repos/pallets/flask/issues/comments/167154788",
            "html_url": "https://github.com/pallets/flask/issues/1665#issuecomment-167154788",
            "issue_url": "https://api.github.com/repos/pallets/flask/issues/1665",
            "id": 167154788,
            "node_id": "MDEyOklzc3VlQ29tbWVudDE2NzE1NDc4OA==",
            "user": {
                "login": "davidism",
                "id": 1242887,
                "node_id": "MDQ6VXNlcjEyNDI4ODc=",
                "avatar_url": "https://avatars1.githubusercontent.com/u/1242887?v=4",
                "gravatar_id": "",
                "url": "https://api.github.com/users/davidism",
                "html_url": "https://github.com/davidism",
                "followers_url": "https://api.github.com/users/davidism/followers",
                "following_url": "https://api.github.com/users/davidism/following{/other_user}",
                "gists_url": "https://api.github.com/users/davidism/gists{/gist_id}",
                "starred_url": "https://api.github.com/users/davidism/starred{/owner}{/repo}",
                "subscriptions_url": "https://api.github.com/users/davidism/subscriptions",
                "organizations_url": "https://api.github.com/users/davidism/orgs",
                "repos_url": "https://api.github.com/users/davidism/repos",
                "events_url": "https://api.github.com/users/davidism/events{/privacy}",
                "received_events_url": "https://api.github.com/users/davidism/received_events",
                "type": "User",
                "site_admin": false
            },
            "created_at": "2015-12-24T20:01:03Z",
            "updated_at": "2015-12-24T20:01:03Z",
            "author_association": "MEMBER",
            "body": "Do not use pip to install to the system (sudo). Use a virtualenv.\n"
        }
    ]
}