{
    "url": "https://api.github.com/repos/pallets/flask/issues/1669",
    "repository_url": "https://api.github.com/repos/pallets/flask",
    "labels_url": "https://api.github.com/repos/pallets/flask/issues/1669/labels{/name}",
    "comments_url": "https://api.github.com/repos/pallets/flask/issues/1669/comments",
    "events_url": "https://api.github.com/repos/pallets/flask/issues/1669/events",
    "html_url": "https://github.com/pallets/flask/pull/1669",
    "id": 124322141,
    "node_id": "MDExOlB1bGxSZXF1ZXN0NTQ3ODYwNTA=",
    "number": 1669,
    "title": "Update `tox` installation instructions to point to PyPI",
    "user": {
        "login": "jeffwidman",
        "id": 483314,
        "node_id": "MDQ6VXNlcjQ4MzMxNA==",
        "avatar_url": "https://avatars2.githubusercontent.com/u/483314?v=4",
        "gravatar_id": "",
        "url": "https://api.github.com/users/jeffwidman",
        "html_url": "https://github.com/jeffwidman",
        "followers_url": "https://api.github.com/users/jeffwidman/followers",
        "following_url": "https://api.github.com/users/jeffwidman/following{/other_user}",
        "gists_url": "https://api.github.com/users/jeffwidman/gists{/gist_id}",
        "starred_url": "https://api.github.com/users/jeffwidman/starred{/owner}{/repo}",
        "subscriptions_url": "https://api.github.com/users/jeffwidman/subscriptions",
        "organizations_url": "https://api.github.com/users/jeffwidman/orgs",
        "repos_url": "https://api.github.com/users/jeffwidman/repos",
        "events_url": "https://api.github.com/users/jeffwidman/events{/privacy}",
        "received_events_url": "https://api.github.com/users/jeffwidman/received_events",
        "type": "User",
        "site_admin": false
    },
    "labels": [],
    "state": "closed",
    "locked": false,
    "assignee": null,
    "assignees": [],
    "milestone": null,
    "comments": 1,
    "created_at": "2015-12-30T09:04:58Z",
    "updated_at": "2016-01-25T19:27:26Z",
    "closed_at": "2016-01-25T19:27:24Z",
    "author_association": "MEMBER",
    "pull_request": {
        "url": "https://api.github.com/repos/pallets/flask/pulls/1669",
        "html_url": "https://github.com/pallets/flask/pull/1669",
        "diff_url": "https://github.com/pallets/flask/pull/1669.diff",
        "patch_url": "https://github.com/pallets/flask/pull/1669.patch"
    },
    "body": "No longer need to grab `tox` from master\n",
    "comments_inline": [
        {
            "url": "https://api.github.com/repos/pallets/flask/issues/comments/174629334",
            "html_url": "https://github.com/pallets/flask/pull/1669#issuecomment-174629334",
            "issue_url": "https://api.github.com/repos/pallets/flask/issues/1669",
            "id": 174629334,
            "node_id": "MDEyOklzc3VlQ29tbWVudDE3NDYyOTMzNA==",
            "user": {
                "login": "untitaker",
                "id": 837573,
                "node_id": "MDQ6VXNlcjgzNzU3Mw==",
                "avatar_url": "https://avatars0.githubusercontent.com/u/837573?v=4",
                "gravatar_id": "",
                "url": "https://api.github.com/users/untitaker",
                "html_url": "https://github.com/untitaker",
                "followers_url": "https://api.github.com/users/untitaker/followers",
                "following_url": "https://api.github.com/users/untitaker/following{/other_user}",
                "gists_url": "https://api.github.com/users/untitaker/gists{/gist_id}",
                "starred_url": "https://api.github.com/users/untitaker/starred{/owner}{/repo}",
                "subscriptions_url": "https://api.github.com/users/untitaker/subscriptions",
                "organizations_url": "https://api.github.com/users/untitaker/orgs",
                "repos_url": "https://api.github.com/users/untitaker/repos",
                "events_url": "https://api.github.com/users/untitaker/events{/privacy}",
                "received_events_url": "https://api.github.com/users/untitaker/received_events",
                "type": "User",
                "site_admin": false
            },
            "created_at": "2016-01-25T19:27:26Z",
            "updated_at": "2016-01-25T19:27:26Z",
            "author_association": "MEMBER",
            "body": "Thanks!\n"
        }
    ]
}