{
    "url": "https://api.github.com/repos/pallets/flask/issues/1808",
    "repository_url": "https://api.github.com/repos/pallets/flask",
    "labels_url": "https://api.github.com/repos/pallets/flask/issues/1808/labels{/name}",
    "comments_url": "https://api.github.com/repos/pallets/flask/issues/1808/comments",
    "events_url": "https://api.github.com/repos/pallets/flask/issues/1808/events",
    "html_url": "https://github.com/pallets/flask/issues/1808",
    "id": 154673349,
    "node_id": "MDU6SXNzdWUxNTQ2NzMzNDk=",
    "number": 1808,
    "title": "itsdangerous -> derive_key() occasionally returns invalid key.",
    "user": {
        "login": "easyrider666",
        "id": 15189975,
        "node_id": "MDQ6VXNlcjE1MTg5OTc1",
        "avatar_url": "https://avatars3.githubusercontent.com/u/15189975?v=4",
        "gravatar_id": "",
        "url": "https://api.github.com/users/easyrider666",
        "html_url": "https://github.com/easyrider666",
        "followers_url": "https://api.github.com/users/easyrider666/followers",
        "following_url": "https://api.github.com/users/easyrider666/following{/other_user}",
        "gists_url": "https://api.github.com/users/easyrider666/gists{/gist_id}",
        "starred_url": "https://api.github.com/users/easyrider666/starred{/owner}{/repo}",
        "subscriptions_url": "https://api.github.com/users/easyrider666/subscriptions",
        "organizations_url": "https://api.github.com/users/easyrider666/orgs",
        "repos_url": "https://api.github.com/users/easyrider666/repos",
        "events_url": "https://api.github.com/users/easyrider666/events{/privacy}",
        "received_events_url": "https://api.github.com/users/easyrider666/received_events",
        "type": "User",
        "site_admin": false
    },
    "labels": [],
    "state": "closed",
    "locked": false,
    "assignee": null,
    "assignees": [],
    "milestone": null,
    "comments": 5,
    "created_at": "2016-05-13T09:44:20Z",
    "updated_at": "2016-05-16T21:53:00Z",
    "closed_at": "2016-05-15T20:19:50Z",
    "author_association": "NONE",
    "body": "The signing of session-cookies works fine on development computer. But when moving the software to an embedded device, ARM71, 32 bit the derive_key() occasionally fail and returns an invalid key. Making the cookie invalid.\n\nIt is actually the hmac that returns invalid hashed string, but this only happens when running the flask application. \n\n```\ndef derive_key(self):\n    \"\"\"This method is called to derive the key.  If you're unhappy with\n    the default key derivation choices you can override them here.\n    Keep in mind that the key derivation in itsdangerous is not intended\n    to be used as a security method to make a complex key out of a short\n    password.  Instead you should use large random secret keys.\n    \"\"\"\n    salt = want_bytes(self.salt)\n    if self.key_derivation == 'concat':\n        return self.digest_method(salt + self.secret_key).digest()\n    elif self.key_derivation == 'django-concat':\n        return self.digest_method(salt + b'signer' +\n            self.secret_key).digest()\n    elif self.key_derivation == 'hmac':\n        mac = hmac.new(self.secret_key, digestmod=self.digest_method) ##### 1\n        print(binascii.hexlify(mac.digest()))\n        mac.update(salt)               ##### 2\n        print(binascii.hexlify(mac.digest()))\n        return mac.digest()\n    elif self.key_derivation == 'none':\n        return self.secret_key\n    else:\n        raise TypeError('Unknown key derivation method')\n```\n\nsecret_key = b\"testing\"\nsalt = \"cookie-session\"\n\nAfter #####1, binascii.hexlify(mac.digest()) = b'6ab6fc891eefd3b78743ea28b1803811561a7c9b'\nAfter #####2, binascii.hexlify(mac.digest()) = b'd58bd52b4ced54374ea5baca0b6aa52b0e03af74'\n\nBut sometimes (1) above return  b'9dac0c533fcca6cb787aa332d8f152ffb7e6b960'\nand (2) does not change when adding salt:  b'9dac0c533fcca6cb787aa332d8f152ffb7e6b960'\n\nBeen trying to solve this for a couple of days without success. Any ideas?\n",
    "comments_inline": [
        {
            "url": "https://api.github.com/repos/pallets/flask/issues/comments/219115685",
            "html_url": "https://github.com/pallets/flask/issues/1808#issuecomment-219115685",
            "issue_url": "https://api.github.com/repos/pallets/flask/issues/1808",
            "id": 219115685,
            "node_id": "MDEyOklzc3VlQ29tbWVudDIxOTExNTY4NQ==",
            "user": {
                "login": "jeffwidman",
                "id": 483314,
                "node_id": "MDQ6VXNlcjQ4MzMxNA==",
                "avatar_url": "https://avatars2.githubusercontent.com/u/483314?v=4",
                "gravatar_id": "",
                "url": "https://api.github.com/users/jeffwidman",
                "html_url": "https://github.com/jeffwidman",
                "followers_url": "https://api.github.com/users/jeffwidman/followers",
                "following_url": "https://api.github.com/users/jeffwidman/following{/other_user}",
                "gists_url": "https://api.github.com/users/jeffwidman/gists{/gist_id}",
                "starred_url": "https://api.github.com/users/jeffwidman/starred{/owner}{/repo}",
                "subscriptions_url": "https://api.github.com/users/jeffwidman/subscriptions",
                "organizations_url": "https://api.github.com/users/jeffwidman/orgs",
                "repos_url": "https://api.github.com/users/jeffwidman/repos",
                "events_url": "https://api.github.com/users/jeffwidman/events{/privacy}",
                "received_events_url": "https://api.github.com/users/jeffwidman/received_events",
                "type": "User",
                "site_admin": false
            },
            "created_at": "2016-05-13T17:59:35Z",
            "updated_at": "2016-05-13T17:59:35Z",
            "author_association": "MEMBER",
            "body": "I'm confused, do you think the underlying issue here is in itsdangerous or in Flask's implementation of itsdangerous?\n"
        },
        {
            "url": "https://api.github.com/repos/pallets/flask/issues/comments/219137475",
            "html_url": "https://github.com/pallets/flask/issues/1808#issuecomment-219137475",
            "issue_url": "https://api.github.com/repos/pallets/flask/issues/1808",
            "id": 219137475,
            "node_id": "MDEyOklzc3VlQ29tbWVudDIxOTEzNzQ3NQ==",
            "user": {
                "login": "easyrider666",
                "id": 15189975,
                "node_id": "MDQ6VXNlcjE1MTg5OTc1",
                "avatar_url": "https://avatars3.githubusercontent.com/u/15189975?v=4",
                "gravatar_id": "",
                "url": "https://api.github.com/users/easyrider666",
                "html_url": "https://github.com/easyrider666",
                "followers_url": "https://api.github.com/users/easyrider666/followers",
                "following_url": "https://api.github.com/users/easyrider666/following{/other_user}",
                "gists_url": "https://api.github.com/users/easyrider666/gists{/gist_id}",
                "starred_url": "https://api.github.com/users/easyrider666/starred{/owner}{/repo}",
                "subscriptions_url": "https://api.github.com/users/easyrider666/subscriptions",
                "organizations_url": "https://api.github.com/users/easyrider666/orgs",
                "repos_url": "https://api.github.com/users/easyrider666/repos",
                "events_url": "https://api.github.com/users/easyrider666/events{/privacy}",
                "received_events_url": "https://api.github.com/users/easyrider666/received_events",
                "type": "User",
                "site_admin": false
            },
            "created_at": "2016-05-13T19:26:57Z",
            "updated_at": "2016-05-13T19:27:52Z",
            "author_association": "NONE",
            "body": "I'm confused too! :D I do not know what the issue is. That's why i try to get some help from this site. The only thing I am sure about is that the hmac.new() & .update occasionally returns the wrong value..\n"
        },
        {
            "url": "https://api.github.com/repos/pallets/flask/issues/comments/219145284",
            "html_url": "https://github.com/pallets/flask/issues/1808#issuecomment-219145284",
            "issue_url": "https://api.github.com/repos/pallets/flask/issues/1808",
            "id": 219145284,
            "node_id": "MDEyOklzc3VlQ29tbWVudDIxOTE0NTI4NA==",
            "user": {
                "login": "davidism",
                "id": 1242887,
                "node_id": "MDQ6VXNlcjEyNDI4ODc=",
                "avatar_url": "https://avatars1.githubusercontent.com/u/1242887?v=4",
                "gravatar_id": "",
                "url": "https://api.github.com/users/davidism",
                "html_url": "https://github.com/davidism",
                "followers_url": "https://api.github.com/users/davidism/followers",
                "following_url": "https://api.github.com/users/davidism/following{/other_user}",
                "gists_url": "https://api.github.com/users/davidism/gists{/gist_id}",
                "starred_url": "https://api.github.com/users/davidism/starred{/owner}{/repo}",
                "subscriptions_url": "https://api.github.com/users/davidism/subscriptions",
                "organizations_url": "https://api.github.com/users/davidism/orgs",
                "repos_url": "https://api.github.com/users/davidism/repos",
                "events_url": "https://api.github.com/users/davidism/events{/privacy}",
                "received_events_url": "https://api.github.com/users/davidism/received_events",
                "type": "User",
                "site_admin": false
            },
            "created_at": "2016-05-13T20:02:34Z",
            "updated_at": "2016-05-13T20:02:34Z",
            "author_association": "MEMBER",
            "body": "If this is an issue with itsdangerous, report it against itsdangerous.\n"
        },
        {
            "url": "https://api.github.com/repos/pallets/flask/issues/comments/219308095",
            "html_url": "https://github.com/pallets/flask/issues/1808#issuecomment-219308095",
            "issue_url": "https://api.github.com/repos/pallets/flask/issues/1808",
            "id": 219308095,
            "node_id": "MDEyOklzc3VlQ29tbWVudDIxOTMwODA5NQ==",
            "user": {
                "login": "easyrider666",
                "id": 15189975,
                "node_id": "MDQ6VXNlcjE1MTg5OTc1",
                "avatar_url": "https://avatars3.githubusercontent.com/u/15189975?v=4",
                "gravatar_id": "",
                "url": "https://api.github.com/users/easyrider666",
                "html_url": "https://github.com/easyrider666",
                "followers_url": "https://api.github.com/users/easyrider666/followers",
                "following_url": "https://api.github.com/users/easyrider666/following{/other_user}",
                "gists_url": "https://api.github.com/users/easyrider666/gists{/gist_id}",
                "starred_url": "https://api.github.com/users/easyrider666/starred{/owner}{/repo}",
                "subscriptions_url": "https://api.github.com/users/easyrider666/subscriptions",
                "organizations_url": "https://api.github.com/users/easyrider666/orgs",
                "repos_url": "https://api.github.com/users/easyrider666/repos",
                "events_url": "https://api.github.com/users/easyrider666/events{/privacy}",
                "received_events_url": "https://api.github.com/users/easyrider666/received_events",
                "type": "User",
                "site_admin": false
            },
            "created_at": "2016-05-15T20:17:52Z",
            "updated_at": "2016-05-15T20:17:52Z",
            "author_association": "NONE",
            "body": "Okay, sorry. Did not know that itsdangerous is not a flask module. \n"
        },
        {
            "url": "https://api.github.com/repos/pallets/flask/issues/comments/219559952",
            "html_url": "https://github.com/pallets/flask/issues/1808#issuecomment-219559952",
            "issue_url": "https://api.github.com/repos/pallets/flask/issues/1808",
            "id": 219559952,
            "node_id": "MDEyOklzc3VlQ29tbWVudDIxOTU1OTk1Mg==",
            "user": {
                "login": "jeffwidman",
                "id": 483314,
                "node_id": "MDQ6VXNlcjQ4MzMxNA==",
                "avatar_url": "https://avatars2.githubusercontent.com/u/483314?v=4",
                "gravatar_id": "",
                "url": "https://api.github.com/users/jeffwidman",
                "html_url": "https://github.com/jeffwidman",
                "followers_url": "https://api.github.com/users/jeffwidman/followers",
                "following_url": "https://api.github.com/users/jeffwidman/following{/other_user}",
                "gists_url": "https://api.github.com/users/jeffwidman/gists{/gist_id}",
                "starred_url": "https://api.github.com/users/jeffwidman/starred{/owner}{/repo}",
                "subscriptions_url": "https://api.github.com/users/jeffwidman/subscriptions",
                "organizations_url": "https://api.github.com/users/jeffwidman/orgs",
                "repos_url": "https://api.github.com/users/jeffwidman/repos",
                "events_url": "https://api.github.com/users/jeffwidman/events{/privacy}",
                "received_events_url": "https://api.github.com/users/jeffwidman/received_events",
                "type": "User",
                "site_admin": false
            },
            "created_at": "2016-05-16T21:53:00Z",
            "updated_at": "2016-05-16T21:53:00Z",
            "author_association": "MEMBER",
            "body": "For reference: https://github.com/pallets/itsdangerous/issues/61\n"
        }
    ]
}