{
    "url": "https://api.github.com/repos/pallets/flask/issues/1813",
    "repository_url": "https://api.github.com/repos/pallets/flask",
    "labels_url": "https://api.github.com/repos/pallets/flask/issues/1813/labels{/name}",
    "comments_url": "https://api.github.com/repos/pallets/flask/issues/1813/comments",
    "events_url": "https://api.github.com/repos/pallets/flask/issues/1813/events",
    "html_url": "https://github.com/pallets/flask/pull/1813",
    "id": 156141999,
    "node_id": "MDExOlB1bGxSZXF1ZXN0NzA5NzE1ODE=",
    "number": 1813,
    "title": "Resolve state issue for url_for with forced scheme",
    "user": {
        "login": "mitsuhiko",
        "id": 7396,
        "node_id": "MDQ6VXNlcjczOTY=",
        "avatar_url": "https://avatars1.githubusercontent.com/u/7396?v=4",
        "gravatar_id": "",
        "url": "https://api.github.com/users/mitsuhiko",
        "html_url": "https://github.com/mitsuhiko",
        "followers_url": "https://api.github.com/users/mitsuhiko/followers",
        "following_url": "https://api.github.com/users/mitsuhiko/following{/other_user}",
        "gists_url": "https://api.github.com/users/mitsuhiko/gists{/gist_id}",
        "starred_url": "https://api.github.com/users/mitsuhiko/starred{/owner}{/repo}",
        "subscriptions_url": "https://api.github.com/users/mitsuhiko/subscriptions",
        "organizations_url": "https://api.github.com/users/mitsuhiko/orgs",
        "repos_url": "https://api.github.com/users/mitsuhiko/repos",
        "events_url": "https://api.github.com/users/mitsuhiko/events{/privacy}",
        "received_events_url": "https://api.github.com/users/mitsuhiko/received_events",
        "type": "User",
        "site_admin": false
    },
    "labels": [],
    "state": "closed",
    "locked": false,
    "assignee": null,
    "assignees": [],
    "milestone": null,
    "comments": 1,
    "created_at": "2016-05-22T08:46:32Z",
    "updated_at": "2016-05-26T19:48:24Z",
    "closed_at": "2016-05-26T19:48:20Z",
    "author_association": "MEMBER",
    "pull_request": {
        "url": "https://api.github.com/repos/pallets/flask/pulls/1813",
        "html_url": "https://github.com/pallets/flask/pull/1813",
        "diff_url": "https://github.com/pallets/flask/pull/1813.diff",
        "patch_url": "https://github.com/pallets/flask/pull/1813.patch"
    },
    "body": "This fixes #1596\n",
    "comments_inline": [
        {
            "url": "https://api.github.com/repos/pallets/flask/issues/comments/220821114",
            "html_url": "https://github.com/pallets/flask/pull/1813#issuecomment-220821114",
            "issue_url": "https://api.github.com/repos/pallets/flask/issues/1813",
            "id": 220821114,
            "node_id": "MDEyOklzc3VlQ29tbWVudDIyMDgyMTExNA==",
            "user": {
                "login": "mitsuhiko",
                "id": 7396,
                "node_id": "MDQ6VXNlcjczOTY=",
                "avatar_url": "https://avatars1.githubusercontent.com/u/7396?v=4",
                "gravatar_id": "",
                "url": "https://api.github.com/users/mitsuhiko",
                "html_url": "https://github.com/mitsuhiko",
                "followers_url": "https://api.github.com/users/mitsuhiko/followers",
                "following_url": "https://api.github.com/users/mitsuhiko/following{/other_user}",
                "gists_url": "https://api.github.com/users/mitsuhiko/gists{/gist_id}",
                "starred_url": "https://api.github.com/users/mitsuhiko/starred{/owner}{/repo}",
                "subscriptions_url": "https://api.github.com/users/mitsuhiko/subscriptions",
                "organizations_url": "https://api.github.com/users/mitsuhiko/orgs",
                "repos_url": "https://api.github.com/users/mitsuhiko/repos",
                "events_url": "https://api.github.com/users/mitsuhiko/events{/privacy}",
                "received_events_url": "https://api.github.com/users/mitsuhiko/received_events",
                "type": "User",
                "site_admin": false
            },
            "created_at": "2016-05-22T08:47:04Z",
            "updated_at": "2016-05-22T08:47:04Z",
            "author_association": "MEMBER",
            "body": "I would like to merge this.\n"
        }
    ]
}