{
    "url": "https://api.github.com/repos/pallets/flask/issues/1814",
    "repository_url": "https://api.github.com/repos/pallets/flask",
    "labels_url": "https://api.github.com/repos/pallets/flask/issues/1814/labels{/name}",
    "comments_url": "https://api.github.com/repos/pallets/flask/issues/1814/comments",
    "events_url": "https://api.github.com/repos/pallets/flask/issues/1814/events",
    "html_url": "https://github.com/pallets/flask/pull/1814",
    "id": 156143836,
    "node_id": "MDExOlB1bGxSZXF1ZXN0NzA5NzI0ODg=",
    "number": 1814,
    "title": "Fast path for disabled template load explain.",
    "user": {
        "login": "mitsuhiko",
        "id": 7396,
        "node_id": "MDQ6VXNlcjczOTY=",
        "avatar_url": "https://avatars1.githubusercontent.com/u/7396?v=4",
        "gravatar_id": "",
        "url": "https://api.github.com/users/mitsuhiko",
        "html_url": "https://github.com/mitsuhiko",
        "followers_url": "https://api.github.com/users/mitsuhiko/followers",
        "following_url": "https://api.github.com/users/mitsuhiko/following{/other_user}",
        "gists_url": "https://api.github.com/users/mitsuhiko/gists{/gist_id}",
        "starred_url": "https://api.github.com/users/mitsuhiko/starred{/owner}{/repo}",
        "subscriptions_url": "https://api.github.com/users/mitsuhiko/subscriptions",
        "organizations_url": "https://api.github.com/users/mitsuhiko/orgs",
        "repos_url": "https://api.github.com/users/mitsuhiko/repos",
        "events_url": "https://api.github.com/users/mitsuhiko/events{/privacy}",
        "received_events_url": "https://api.github.com/users/mitsuhiko/received_events",
        "type": "User",
        "site_admin": false
    },
    "labels": [],
    "state": "closed",
    "locked": false,
    "assignee": null,
    "assignees": [],
    "milestone": null,
    "comments": 1,
    "created_at": "2016-05-22T09:36:57Z",
    "updated_at": "2016-05-26T19:35:00Z",
    "closed_at": "2016-05-26T19:34:56Z",
    "author_association": "MEMBER",
    "pull_request": {
        "url": "https://api.github.com/repos/pallets/flask/pulls/1814",
        "html_url": "https://github.com/pallets/flask/pull/1814",
        "diff_url": "https://github.com/pallets/flask/pull/1814.diff",
        "patch_url": "https://github.com/pallets/flask/pull/1814.patch"
    },
    "body": "Refs #1792\n",
    "comments_inline": [
        {
            "url": "https://api.github.com/repos/pallets/flask/issues/comments/220823073",
            "html_url": "https://github.com/pallets/flask/pull/1814#issuecomment-220823073",
            "issue_url": "https://api.github.com/repos/pallets/flask/issues/1814",
            "id": 220823073,
            "node_id": "MDEyOklzc3VlQ29tbWVudDIyMDgyMzA3Mw==",
            "user": {
                "login": "mitsuhiko",
                "id": 7396,
                "node_id": "MDQ6VXNlcjczOTY=",
                "avatar_url": "https://avatars1.githubusercontent.com/u/7396?v=4",
                "gravatar_id": "",
                "url": "https://api.github.com/users/mitsuhiko",
                "html_url": "https://github.com/mitsuhiko",
                "followers_url": "https://api.github.com/users/mitsuhiko/followers",
                "following_url": "https://api.github.com/users/mitsuhiko/following{/other_user}",
                "gists_url": "https://api.github.com/users/mitsuhiko/gists{/gist_id}",
                "starred_url": "https://api.github.com/users/mitsuhiko/starred{/owner}{/repo}",
                "subscriptions_url": "https://api.github.com/users/mitsuhiko/subscriptions",
                "organizations_url": "https://api.github.com/users/mitsuhiko/orgs",
                "repos_url": "https://api.github.com/users/mitsuhiko/repos",
                "events_url": "https://api.github.com/users/mitsuhiko/events{/privacy}",
                "received_events_url": "https://api.github.com/users/mitsuhiko/received_events",
                "type": "User",
                "site_admin": false
            },
            "created_at": "2016-05-22T09:37:17Z",
            "updated_at": "2016-05-22T09:37:17Z",
            "author_association": "MEMBER",
            "body": "Primarily I just looked over the code now and figured it might make sense to add a fast path to it.\n"
        }
    ]
}