{
    "url": "https://api.github.com/repos/pallets/flask/issues/182",
    "repository_url": "https://api.github.com/repos/pallets/flask",
    "labels_url": "https://api.github.com/repos/pallets/flask/issues/182/labels{/name}",
    "comments_url": "https://api.github.com/repos/pallets/flask/issues/182/comments",
    "events_url": "https://api.github.com/repos/pallets/flask/issues/182/events",
    "html_url": "https://github.com/pallets/flask/issues/182",
    "id": 607858,
    "node_id": "MDU6SXNzdWU2MDc4NTg=",
    "number": 182,
    "title": "\"Nothing is rendered\"",
    "user": {
        "login": "mitsuhiko",
        "id": 7396,
        "node_id": "MDQ6VXNlcjczOTY=",
        "avatar_url": "https://avatars1.githubusercontent.com/u/7396?v=4",
        "gravatar_id": "",
        "url": "https://api.github.com/users/mitsuhiko",
        "html_url": "https://github.com/mitsuhiko",
        "followers_url": "https://api.github.com/users/mitsuhiko/followers",
        "following_url": "https://api.github.com/users/mitsuhiko/following{/other_user}",
        "gists_url": "https://api.github.com/users/mitsuhiko/gists{/gist_id}",
        "starred_url": "https://api.github.com/users/mitsuhiko/starred{/owner}{/repo}",
        "subscriptions_url": "https://api.github.com/users/mitsuhiko/subscriptions",
        "organizations_url": "https://api.github.com/users/mitsuhiko/orgs",
        "repos_url": "https://api.github.com/users/mitsuhiko/repos",
        "events_url": "https://api.github.com/users/mitsuhiko/events{/privacy}",
        "received_events_url": "https://api.github.com/users/mitsuhiko/received_events",
        "type": "User",
        "site_admin": false
    },
    "labels": [],
    "state": "closed",
    "locked": false,
    "assignee": null,
    "assignees": [],
    "milestone": null,
    "comments": 1,
    "created_at": "2011-02-17T22:23:57Z",
    "updated_at": "2015-04-25T08:43:58Z",
    "closed_at": "2015-04-25T08:43:58Z",
    "author_association": "MEMBER",
    "body": "There seem to be a few situations left where \"nothing is rendered and nothings is displayed\" ends up for the user. This probably means that the debug mode was not enabled. We should probably add a stderr based error logging by default in production mode because of that or at least warn the user in the documentation more.\n\nRelated feedback issues:\n- http://feedback.flask.pocoo.org/message/56\n",
    "comments_inline": [
        {
            "url": "https://api.github.com/repos/pallets/flask/issues/comments/96157880",
            "html_url": "https://github.com/pallets/flask/issues/182#issuecomment-96157880",
            "issue_url": "https://api.github.com/repos/pallets/flask/issues/182",
            "id": 96157880,
            "node_id": "MDEyOklzc3VlQ29tbWVudDk2MTU3ODgw",
            "user": {
                "login": "untitaker",
                "id": 837573,
                "node_id": "MDQ6VXNlcjgzNzU3Mw==",
                "avatar_url": "https://avatars0.githubusercontent.com/u/837573?v=4",
                "gravatar_id": "",
                "url": "https://api.github.com/users/untitaker",
                "html_url": "https://github.com/untitaker",
                "followers_url": "https://api.github.com/users/untitaker/followers",
                "following_url": "https://api.github.com/users/untitaker/following{/other_user}",
                "gists_url": "https://api.github.com/users/untitaker/gists{/gist_id}",
                "starred_url": "https://api.github.com/users/untitaker/starred{/owner}{/repo}",
                "subscriptions_url": "https://api.github.com/users/untitaker/subscriptions",
                "organizations_url": "https://api.github.com/users/untitaker/orgs",
                "repos_url": "https://api.github.com/users/untitaker/repos",
                "events_url": "https://api.github.com/users/untitaker/events{/privacy}",
                "received_events_url": "https://api.github.com/users/untitaker/received_events",
                "type": "User",
                "site_admin": false
            },
            "created_at": "2015-04-25T08:43:58Z",
            "updated_at": "2015-04-25T08:43:58Z",
            "author_association": "MEMBER",
            "body": "Closing due to staleness.\n"
        }
    ]
}