{
    "url": "https://api.github.com/repos/pallets/flask/issues/1822",
    "repository_url": "https://api.github.com/repos/pallets/flask",
    "labels_url": "https://api.github.com/repos/pallets/flask/issues/1822/labels{/name}",
    "comments_url": "https://api.github.com/repos/pallets/flask/issues/1822/comments",
    "events_url": "https://api.github.com/repos/pallets/flask/issues/1822/events",
    "html_url": "https://github.com/pallets/flask/pull/1822",
    "id": 157063767,
    "node_id": "MDExOlB1bGxSZXF1ZXN0NzE2MTMyODE=",
    "number": 1822,
    "title": "Improve application context popping",
    "user": {
        "login": "mitsuhiko",
        "id": 7396,
        "node_id": "MDQ6VXNlcjczOTY=",
        "avatar_url": "https://avatars1.githubusercontent.com/u/7396?v=4",
        "gravatar_id": "",
        "url": "https://api.github.com/users/mitsuhiko",
        "html_url": "https://github.com/mitsuhiko",
        "followers_url": "https://api.github.com/users/mitsuhiko/followers",
        "following_url": "https://api.github.com/users/mitsuhiko/following{/other_user}",
        "gists_url": "https://api.github.com/users/mitsuhiko/gists{/gist_id}",
        "starred_url": "https://api.github.com/users/mitsuhiko/starred{/owner}{/repo}",
        "subscriptions_url": "https://api.github.com/users/mitsuhiko/subscriptions",
        "organizations_url": "https://api.github.com/users/mitsuhiko/orgs",
        "repos_url": "https://api.github.com/users/mitsuhiko/repos",
        "events_url": "https://api.github.com/users/mitsuhiko/events{/privacy}",
        "received_events_url": "https://api.github.com/users/mitsuhiko/received_events",
        "type": "User",
        "site_admin": false
    },
    "labels": [],
    "state": "closed",
    "locked": false,
    "assignee": null,
    "assignees": [],
    "milestone": null,
    "comments": 1,
    "created_at": "2016-05-26T19:47:38Z",
    "updated_at": "2016-05-26T20:31:19Z",
    "closed_at": "2016-05-26T20:31:16Z",
    "author_association": "MEMBER",
    "pull_request": {
        "url": "https://api.github.com/repos/pallets/flask/pulls/1822",
        "html_url": "https://github.com/pallets/flask/pull/1822",
        "diff_url": "https://github.com/pallets/flask/pull/1822.diff",
        "patch_url": "https://github.com/pallets/flask/pull/1822.patch"
    },
    "body": "Exceptions during teardown handling will no longer leave application\ncontexts lingering around.  This fixes #1767\n",
    "comments_inline": [
        {
            "url": "https://api.github.com/repos/pallets/flask/issues/comments/221978637",
            "html_url": "https://github.com/pallets/flask/pull/1822#issuecomment-221978637",
            "issue_url": "https://api.github.com/repos/pallets/flask/issues/1822",
            "id": 221978637,
            "node_id": "MDEyOklzc3VlQ29tbWVudDIyMTk3ODYzNw==",
            "user": {
                "login": "vlmphipps",
                "id": 103690,
                "node_id": "MDQ6VXNlcjEwMzY5MA==",
                "avatar_url": "https://avatars0.githubusercontent.com/u/103690?v=4",
                "gravatar_id": "",
                "url": "https://api.github.com/users/vlmphipps",
                "html_url": "https://github.com/vlmphipps",
                "followers_url": "https://api.github.com/users/vlmphipps/followers",
                "following_url": "https://api.github.com/users/vlmphipps/following{/other_user}",
                "gists_url": "https://api.github.com/users/vlmphipps/gists{/gist_id}",
                "starred_url": "https://api.github.com/users/vlmphipps/starred{/owner}{/repo}",
                "subscriptions_url": "https://api.github.com/users/vlmphipps/subscriptions",
                "organizations_url": "https://api.github.com/users/vlmphipps/orgs",
                "repos_url": "https://api.github.com/users/vlmphipps/repos",
                "events_url": "https://api.github.com/users/vlmphipps/events{/privacy}",
                "received_events_url": "https://api.github.com/users/vlmphipps/received_events",
                "type": "User",
                "site_admin": false
            },
            "created_at": "2016-05-26T20:02:51Z",
            "updated_at": "2016-05-26T20:02:51Z",
            "author_association": "NONE",
            "body": "Awesome, thanks for writing this! Looks like this makes teardowns raising a much less serious problem.\n"
        }
    ]
}