{
    "url": "https://api.github.com/repos/pallets/flask/issues/1823",
    "repository_url": "https://api.github.com/repos/pallets/flask",
    "labels_url": "https://api.github.com/repos/pallets/flask/issues/1823/labels{/name}",
    "comments_url": "https://api.github.com/repos/pallets/flask/issues/1823/comments",
    "events_url": "https://api.github.com/repos/pallets/flask/issues/1823/events",
    "html_url": "https://github.com/pallets/flask/pull/1823",
    "id": 157077510,
    "node_id": "MDExOlB1bGxSZXF1ZXN0NzE2MjMyNzk=",
    "number": 1823,
    "title": "Added sentry to docs",
    "user": {
        "login": "mitsuhiko",
        "id": 7396,
        "node_id": "MDQ6VXNlcjczOTY=",
        "avatar_url": "https://avatars1.githubusercontent.com/u/7396?v=4",
        "gravatar_id": "",
        "url": "https://api.github.com/users/mitsuhiko",
        "html_url": "https://github.com/mitsuhiko",
        "followers_url": "https://api.github.com/users/mitsuhiko/followers",
        "following_url": "https://api.github.com/users/mitsuhiko/following{/other_user}",
        "gists_url": "https://api.github.com/users/mitsuhiko/gists{/gist_id}",
        "starred_url": "https://api.github.com/users/mitsuhiko/starred{/owner}{/repo}",
        "subscriptions_url": "https://api.github.com/users/mitsuhiko/subscriptions",
        "organizations_url": "https://api.github.com/users/mitsuhiko/orgs",
        "repos_url": "https://api.github.com/users/mitsuhiko/repos",
        "events_url": "https://api.github.com/users/mitsuhiko/events{/privacy}",
        "received_events_url": "https://api.github.com/users/mitsuhiko/received_events",
        "type": "User",
        "site_admin": false
    },
    "labels": [],
    "state": "closed",
    "locked": false,
    "assignee": null,
    "assignees": [],
    "milestone": null,
    "comments": 3,
    "created_at": "2016-05-26T20:57:20Z",
    "updated_at": "2018-10-23T17:43:47Z",
    "closed_at": "2016-05-27T10:00:16Z",
    "author_association": "MEMBER",
    "pull_request": {
        "url": "https://api.github.com/repos/pallets/flask/pulls/1823",
        "html_url": "https://github.com/pallets/flask/pull/1823",
        "diff_url": "https://github.com/pallets/flask/pull/1823.diff",
        "patch_url": "https://github.com/pallets/flask/pull/1823.patch"
    },
    "body": null,
    "comments_inline": [
        {
            "url": "https://api.github.com/repos/pallets/flask/issues/comments/222096943",
            "html_url": "https://github.com/pallets/flask/pull/1823#issuecomment-222096943",
            "issue_url": "https://api.github.com/repos/pallets/flask/issues/1823",
            "id": 222096943,
            "node_id": "MDEyOklzc3VlQ29tbWVudDIyMjA5Njk0Mw==",
            "user": {
                "login": "RonnyPfannschmidt",
                "id": 156838,
                "node_id": "MDQ6VXNlcjE1NjgzOA==",
                "avatar_url": "https://avatars1.githubusercontent.com/u/156838?v=4",
                "gravatar_id": "",
                "url": "https://api.github.com/users/RonnyPfannschmidt",
                "html_url": "https://github.com/RonnyPfannschmidt",
                "followers_url": "https://api.github.com/users/RonnyPfannschmidt/followers",
                "following_url": "https://api.github.com/users/RonnyPfannschmidt/following{/other_user}",
                "gists_url": "https://api.github.com/users/RonnyPfannschmidt/gists{/gist_id}",
                "starred_url": "https://api.github.com/users/RonnyPfannschmidt/starred{/owner}{/repo}",
                "subscriptions_url": "https://api.github.com/users/RonnyPfannschmidt/subscriptions",
                "organizations_url": "https://api.github.com/users/RonnyPfannschmidt/orgs",
                "repos_url": "https://api.github.com/users/RonnyPfannschmidt/repos",
                "events_url": "https://api.github.com/users/RonnyPfannschmidt/events{/privacy}",
                "received_events_url": "https://api.github.com/users/RonnyPfannschmidt/received_events",
                "type": "User",
                "site_admin": false
            },
            "created_at": "2016-05-27T09:02:30Z",
            "updated_at": "2016-05-27T09:02:30Z",
            "author_association": "CONTRIBUTOR",
            "body": "i do wonder if the affiliation of @mitsuhiko with sentry should be mentioned as part of that section\n"
        },
        {
            "url": "https://api.github.com/repos/pallets/flask/issues/comments/222097522",
            "html_url": "https://github.com/pallets/flask/pull/1823#issuecomment-222097522",
            "issue_url": "https://api.github.com/repos/pallets/flask/issues/1823",
            "id": 222097522,
            "node_id": "MDEyOklzc3VlQ29tbWVudDIyMjA5NzUyMg==",
            "user": {
                "login": "ThiefMaster",
                "id": 179599,
                "node_id": "MDQ6VXNlcjE3OTU5OQ==",
                "avatar_url": "https://avatars1.githubusercontent.com/u/179599?v=4",
                "gravatar_id": "",
                "url": "https://api.github.com/users/ThiefMaster",
                "html_url": "https://github.com/ThiefMaster",
                "followers_url": "https://api.github.com/users/ThiefMaster/followers",
                "following_url": "https://api.github.com/users/ThiefMaster/following{/other_user}",
                "gists_url": "https://api.github.com/users/ThiefMaster/gists{/gist_id}",
                "starred_url": "https://api.github.com/users/ThiefMaster/starred{/owner}{/repo}",
                "subscriptions_url": "https://api.github.com/users/ThiefMaster/subscriptions",
                "organizations_url": "https://api.github.com/users/ThiefMaster/orgs",
                "repos_url": "https://api.github.com/users/ThiefMaster/repos",
                "events_url": "https://api.github.com/users/ThiefMaster/events{/privacy}",
                "received_events_url": "https://api.github.com/users/ThiefMaster/received_events",
                "type": "User",
                "site_admin": false
            },
            "created_at": "2016-05-27T09:05:26Z",
            "updated_at": "2016-05-27T09:05:26Z",
            "author_association": "MEMBER",
            "body": "Considering it's open source and not just a commercial service I don't see a big need for it - especially if other contributors :+1: this PR here anyone who complains later about subtle advertising can be pointed here seeing that others agree with the idea of mentioning it.\n\nIMHO this kind of disclosure would be merely noise to the typical user reading the Flask docs - it's not really important that the person who wrote the paragraph is involved with sentry\n"
        },
        {
            "url": "https://api.github.com/repos/pallets/flask/issues/comments/222108532",
            "html_url": "https://github.com/pallets/flask/pull/1823#issuecomment-222108532",
            "issue_url": "https://api.github.com/repos/pallets/flask/issues/1823",
            "id": 222108532,
            "node_id": "MDEyOklzc3VlQ29tbWVudDIyMjEwODUzMg==",
            "user": {
                "login": "mitsuhiko",
                "id": 7396,
                "node_id": "MDQ6VXNlcjczOTY=",
                "avatar_url": "https://avatars1.githubusercontent.com/u/7396?v=4",
                "gravatar_id": "",
                "url": "https://api.github.com/users/mitsuhiko",
                "html_url": "https://github.com/mitsuhiko",
                "followers_url": "https://api.github.com/users/mitsuhiko/followers",
                "following_url": "https://api.github.com/users/mitsuhiko/following{/other_user}",
                "gists_url": "https://api.github.com/users/mitsuhiko/gists{/gist_id}",
                "starred_url": "https://api.github.com/users/mitsuhiko/starred{/owner}{/repo}",
                "subscriptions_url": "https://api.github.com/users/mitsuhiko/subscriptions",
                "organizations_url": "https://api.github.com/users/mitsuhiko/orgs",
                "repos_url": "https://api.github.com/users/mitsuhiko/repos",
                "events_url": "https://api.github.com/users/mitsuhiko/events{/privacy}",
                "received_events_url": "https://api.github.com/users/mitsuhiko/received_events",
                "type": "User",
                "site_admin": false
            },
            "created_at": "2016-05-27T10:00:14Z",
            "updated_at": "2016-05-27T10:00:14Z",
            "author_association": "MEMBER",
            "body": "JFTR: the suggestion to have sentry in the docs is quite old and predates me working with the Sentry team. 0.11 pushes error logging by default and as a side effect of this I figured it might make sense to send people on the path of proper error monitoring.\n"
        }
    ]
}