{
    "url": "https://api.github.com/repos/pallets/flask/issues/1824",
    "repository_url": "https://api.github.com/repos/pallets/flask",
    "labels_url": "https://api.github.com/repos/pallets/flask/issues/1824/labels{/name}",
    "comments_url": "https://api.github.com/repos/pallets/flask/issues/1824/comments",
    "events_url": "https://api.github.com/repos/pallets/flask/issues/1824/events",
    "html_url": "https://github.com/pallets/flask/issues/1824",
    "id": 157341536,
    "node_id": "MDU6SXNzdWUxNTczNDE1MzY=",
    "number": 1824,
    "title": "Consider making StrictUndefined the default in Flask 1.0",
    "user": {
        "login": "Vlad-Shcherbina",
        "id": 302938,
        "node_id": "MDQ6VXNlcjMwMjkzOA==",
        "avatar_url": "https://avatars1.githubusercontent.com/u/302938?v=4",
        "gravatar_id": "",
        "url": "https://api.github.com/users/Vlad-Shcherbina",
        "html_url": "https://github.com/Vlad-Shcherbina",
        "followers_url": "https://api.github.com/users/Vlad-Shcherbina/followers",
        "following_url": "https://api.github.com/users/Vlad-Shcherbina/following{/other_user}",
        "gists_url": "https://api.github.com/users/Vlad-Shcherbina/gists{/gist_id}",
        "starred_url": "https://api.github.com/users/Vlad-Shcherbina/starred{/owner}{/repo}",
        "subscriptions_url": "https://api.github.com/users/Vlad-Shcherbina/subscriptions",
        "organizations_url": "https://api.github.com/users/Vlad-Shcherbina/orgs",
        "repos_url": "https://api.github.com/users/Vlad-Shcherbina/repos",
        "events_url": "https://api.github.com/users/Vlad-Shcherbina/events{/privacy}",
        "received_events_url": "https://api.github.com/users/Vlad-Shcherbina/received_events",
        "type": "User",
        "site_admin": false
    },
    "labels": [],
    "state": "closed",
    "locked": false,
    "assignee": null,
    "assignees": [],
    "milestone": {
        "url": "https://api.github.com/repos/pallets/flask/milestones/2",
        "html_url": "https://github.com/pallets/flask/milestone/2",
        "labels_url": "https://api.github.com/repos/pallets/flask/milestones/2/labels",
        "id": 795954,
        "node_id": "MDk6TWlsZXN0b25lNzk1OTU0",
        "number": 2,
        "title": "1.0",
        "description": "",
        "creator": {
            "login": "untitaker",
            "id": 837573,
            "node_id": "MDQ6VXNlcjgzNzU3Mw==",
            "avatar_url": "https://avatars0.githubusercontent.com/u/837573?v=4",
            "gravatar_id": "",
            "url": "https://api.github.com/users/untitaker",
            "html_url": "https://github.com/untitaker",
            "followers_url": "https://api.github.com/users/untitaker/followers",
            "following_url": "https://api.github.com/users/untitaker/following{/other_user}",
            "gists_url": "https://api.github.com/users/untitaker/gists{/gist_id}",
            "starred_url": "https://api.github.com/users/untitaker/starred{/owner}{/repo}",
            "subscriptions_url": "https://api.github.com/users/untitaker/subscriptions",
            "organizations_url": "https://api.github.com/users/untitaker/orgs",
            "repos_url": "https://api.github.com/users/untitaker/repos",
            "events_url": "https://api.github.com/users/untitaker/events{/privacy}",
            "received_events_url": "https://api.github.com/users/untitaker/received_events",
            "type": "User",
            "site_admin": false
        },
        "open_issues": 0,
        "closed_issues": 159,
        "state": "closed",
        "created_at": "2014-09-19T15:47:20Z",
        "updated_at": "2018-04-26T21:07:44Z",
        "due_on": "2018-04-26T07:00:00Z",
        "closed_at": "2018-04-26T21:07:44Z"
    },
    "comments": 1,
    "created_at": "2016-05-28T14:36:13Z",
    "updated_at": "2017-04-19T13:08:50Z",
    "closed_at": "2017-04-19T13:08:50Z",
    "author_association": "NONE",
    "body": "Of all Undefined variants, it comes closest to \"Explicit is better than implicit\" and \"Errors should never pass silently\".\n\nI'm not sure it's worth changing in Jinja2 because of backward compatibility requirements, but Flask 1.0 seems like a reasonable point where behavior changes are expected anyway.\n",
    "comments_inline": [
        {
            "url": "https://api.github.com/repos/pallets/flask/issues/comments/223158365",
            "html_url": "https://github.com/pallets/flask/issues/1824#issuecomment-223158365",
            "issue_url": "https://api.github.com/repos/pallets/flask/issues/1824",
            "id": 223158365,
            "node_id": "MDEyOklzc3VlQ29tbWVudDIyMzE1ODM2NQ==",
            "user": {
                "login": "mitsuhiko",
                "id": 7396,
                "node_id": "MDQ6VXNlcjczOTY=",
                "avatar_url": "https://avatars1.githubusercontent.com/u/7396?v=4",
                "gravatar_id": "",
                "url": "https://api.github.com/users/mitsuhiko",
                "html_url": "https://github.com/mitsuhiko",
                "followers_url": "https://api.github.com/users/mitsuhiko/followers",
                "following_url": "https://api.github.com/users/mitsuhiko/following{/other_user}",
                "gists_url": "https://api.github.com/users/mitsuhiko/gists{/gist_id}",
                "starred_url": "https://api.github.com/users/mitsuhiko/starred{/owner}{/repo}",
                "subscriptions_url": "https://api.github.com/users/mitsuhiko/subscriptions",
                "organizations_url": "https://api.github.com/users/mitsuhiko/orgs",
                "repos_url": "https://api.github.com/users/mitsuhiko/repos",
                "events_url": "https://api.github.com/users/mitsuhiko/events{/privacy}",
                "received_events_url": "https://api.github.com/users/mitsuhiko/received_events",
                "type": "User",
                "site_admin": false
            },
            "created_at": "2016-06-01T23:49:18Z",
            "updated_at": "2016-06-01T23:49:18Z",
            "author_association": "MEMBER",
            "body": "Generally not a fan of this at all. This drags down iteration times, breaks a ton of valuable patterns and makes templates harder to read. I understand that this is something that some people disagree with but I rather not change the defaults now.\n"
        }
    ]
}