{
    "url": "https://api.github.com/repos/pallets/flask/issues/1826",
    "repository_url": "https://api.github.com/repos/pallets/flask",
    "labels_url": "https://api.github.com/repos/pallets/flask/issues/1826/labels{/name}",
    "comments_url": "https://api.github.com/repos/pallets/flask/issues/1826/comments",
    "events_url": "https://api.github.com/repos/pallets/flask/issues/1826/events",
    "html_url": "https://github.com/pallets/flask/pull/1826",
    "id": 157384965,
    "node_id": "MDExOlB1bGxSZXF1ZXN0NzE4MjY1MzU=",
    "number": 1826,
    "title": "Match the hello.py with the one on homepage",
    "user": {
        "login": "koallen",
        "id": 5306869,
        "node_id": "MDQ6VXNlcjUzMDY4Njk=",
        "avatar_url": "https://avatars2.githubusercontent.com/u/5306869?v=4",
        "gravatar_id": "",
        "url": "https://api.github.com/users/koallen",
        "html_url": "https://github.com/koallen",
        "followers_url": "https://api.github.com/users/koallen/followers",
        "following_url": "https://api.github.com/users/koallen/following{/other_user}",
        "gists_url": "https://api.github.com/users/koallen/gists{/gist_id}",
        "starred_url": "https://api.github.com/users/koallen/starred{/owner}{/repo}",
        "subscriptions_url": "https://api.github.com/users/koallen/subscriptions",
        "organizations_url": "https://api.github.com/users/koallen/orgs",
        "repos_url": "https://api.github.com/users/koallen/repos",
        "events_url": "https://api.github.com/users/koallen/events{/privacy}",
        "received_events_url": "https://api.github.com/users/koallen/received_events",
        "type": "User",
        "site_admin": false
    },
    "labels": [],
    "state": "closed",
    "locked": false,
    "assignee": null,
    "assignees": [],
    "milestone": null,
    "comments": 3,
    "created_at": "2016-05-29T12:51:51Z",
    "updated_at": "2016-05-29T13:48:16Z",
    "closed_at": "2016-05-29T13:47:19Z",
    "author_association": "NONE",
    "pull_request": {
        "url": "https://api.github.com/repos/pallets/flask/pulls/1826",
        "html_url": "https://github.com/pallets/flask/pull/1826",
        "diff_url": "https://github.com/pallets/flask/pull/1826.diff",
        "patch_url": "https://github.com/pallets/flask/pull/1826.patch"
    },
    "body": "The `hello.py` script in quickstart is different from the one on the homepage. Therefore, it cannot be run with `python hello.py`, which conflicts with the next paragraph in quickstart.\n",
    "comments_inline": [
        {
            "url": "https://api.github.com/repos/pallets/flask/issues/comments/222360899",
            "html_url": "https://github.com/pallets/flask/pull/1826#issuecomment-222360899",
            "issue_url": "https://api.github.com/repos/pallets/flask/issues/1826",
            "id": 222360899,
            "node_id": "MDEyOklzc3VlQ29tbWVudDIyMjM2MDg5OQ==",
            "user": {
                "login": "untitaker",
                "id": 837573,
                "node_id": "MDQ6VXNlcjgzNzU3Mw==",
                "avatar_url": "https://avatars0.githubusercontent.com/u/837573?v=4",
                "gravatar_id": "",
                "url": "https://api.github.com/users/untitaker",
                "html_url": "https://github.com/untitaker",
                "followers_url": "https://api.github.com/users/untitaker/followers",
                "following_url": "https://api.github.com/users/untitaker/following{/other_user}",
                "gists_url": "https://api.github.com/users/untitaker/gists{/gist_id}",
                "starred_url": "https://api.github.com/users/untitaker/starred{/owner}{/repo}",
                "subscriptions_url": "https://api.github.com/users/untitaker/subscriptions",
                "organizations_url": "https://api.github.com/users/untitaker/orgs",
                "repos_url": "https://api.github.com/users/untitaker/repos",
                "events_url": "https://api.github.com/users/untitaker/events{/privacy}",
                "received_events_url": "https://api.github.com/users/untitaker/received_events",
                "type": "User",
                "site_admin": false
            },
            "created_at": "2016-05-29T13:34:38Z",
            "updated_at": "2016-05-29T13:34:38Z",
            "author_association": "MEMBER",
            "body": "Hello @koallen, thanks for finding this!\n\nThe text (and the frontpage) rather should be adapted. Launching apps should be rather done through the `flask` command nowadays. See also #1102 \n"
        },
        {
            "url": "https://api.github.com/repos/pallets/flask/issues/comments/222361121",
            "html_url": "https://github.com/pallets/flask/pull/1826#issuecomment-222361121",
            "issue_url": "https://api.github.com/repos/pallets/flask/issues/1826",
            "id": 222361121,
            "node_id": "MDEyOklzc3VlQ29tbWVudDIyMjM2MTEyMQ==",
            "user": {
                "login": "koallen",
                "id": 5306869,
                "node_id": "MDQ6VXNlcjUzMDY4Njk=",
                "avatar_url": "https://avatars2.githubusercontent.com/u/5306869?v=4",
                "gravatar_id": "",
                "url": "https://api.github.com/users/koallen",
                "html_url": "https://github.com/koallen",
                "followers_url": "https://api.github.com/users/koallen/followers",
                "following_url": "https://api.github.com/users/koallen/following{/other_user}",
                "gists_url": "https://api.github.com/users/koallen/gists{/gist_id}",
                "starred_url": "https://api.github.com/users/koallen/starred{/owner}{/repo}",
                "subscriptions_url": "https://api.github.com/users/koallen/subscriptions",
                "organizations_url": "https://api.github.com/users/koallen/orgs",
                "repos_url": "https://api.github.com/users/koallen/repos",
                "events_url": "https://api.github.com/users/koallen/events{/privacy}",
                "received_events_url": "https://api.github.com/users/koallen/received_events",
                "type": "User",
                "site_admin": false
            },
            "created_at": "2016-05-29T13:39:47Z",
            "updated_at": "2016-05-29T13:39:47Z",
            "author_association": "NONE",
            "body": "Ok thanks. I'm new to flask, so I'm not aware of that issue. That looks like a better solution to me!\n"
        },
        {
            "url": "https://api.github.com/repos/pallets/flask/issues/comments/222361549",
            "html_url": "https://github.com/pallets/flask/pull/1826#issuecomment-222361549",
            "issue_url": "https://api.github.com/repos/pallets/flask/issues/1826",
            "id": 222361549,
            "node_id": "MDEyOklzc3VlQ29tbWVudDIyMjM2MTU0OQ==",
            "user": {
                "login": "untitaker",
                "id": 837573,
                "node_id": "MDQ6VXNlcjgzNzU3Mw==",
                "avatar_url": "https://avatars0.githubusercontent.com/u/837573?v=4",
                "gravatar_id": "",
                "url": "https://api.github.com/users/untitaker",
                "html_url": "https://github.com/untitaker",
                "followers_url": "https://api.github.com/users/untitaker/followers",
                "following_url": "https://api.github.com/users/untitaker/following{/other_user}",
                "gists_url": "https://api.github.com/users/untitaker/gists{/gist_id}",
                "starred_url": "https://api.github.com/users/untitaker/starred{/owner}{/repo}",
                "subscriptions_url": "https://api.github.com/users/untitaker/subscriptions",
                "organizations_url": "https://api.github.com/users/untitaker/orgs",
                "repos_url": "https://api.github.com/users/untitaker/repos",
                "events_url": "https://api.github.com/users/untitaker/events{/privacy}",
                "received_events_url": "https://api.github.com/users/untitaker/received_events",
                "type": "User",
                "site_admin": false
            },
            "created_at": "2016-05-29T13:48:16Z",
            "updated_at": "2016-05-29T13:48:16Z",
            "author_association": "MEMBER",
            "body": "I just pushed https://github.com/pallets/flask/commit/f91aea2aa0c83964cebdd71350318932baffe700 -- if you find any other instances where we talk about directly opening `hello.py`, feel free to open a PR!\n"
        }
    ]
}