{
    "url": "https://api.github.com/repos/pallets/flask/issues/1827",
    "repository_url": "https://api.github.com/repos/pallets/flask",
    "labels_url": "https://api.github.com/repos/pallets/flask/issues/1827/labels{/name}",
    "comments_url": "https://api.github.com/repos/pallets/flask/issues/1827/comments",
    "events_url": "https://api.github.com/repos/pallets/flask/issues/1827/events",
    "html_url": "https://github.com/pallets/flask/pull/1827",
    "id": 157386912,
    "node_id": "MDExOlB1bGxSZXF1ZXN0NzE4Mjc1OTU=",
    "number": 1827,
    "title": "Convert readthedocs link for their .org -> .io migration for hosted projects",
    "user": {
        "login": "adamchainz",
        "id": 857609,
        "node_id": "MDQ6VXNlcjg1NzYwOQ==",
        "avatar_url": "https://avatars2.githubusercontent.com/u/857609?v=4",
        "gravatar_id": "",
        "url": "https://api.github.com/users/adamchainz",
        "html_url": "https://github.com/adamchainz",
        "followers_url": "https://api.github.com/users/adamchainz/followers",
        "following_url": "https://api.github.com/users/adamchainz/following{/other_user}",
        "gists_url": "https://api.github.com/users/adamchainz/gists{/gist_id}",
        "starred_url": "https://api.github.com/users/adamchainz/starred{/owner}{/repo}",
        "subscriptions_url": "https://api.github.com/users/adamchainz/subscriptions",
        "organizations_url": "https://api.github.com/users/adamchainz/orgs",
        "repos_url": "https://api.github.com/users/adamchainz/repos",
        "events_url": "https://api.github.com/users/adamchainz/events{/privacy}",
        "received_events_url": "https://api.github.com/users/adamchainz/received_events",
        "type": "User",
        "site_admin": false
    },
    "labels": [],
    "state": "closed",
    "locked": false,
    "assignee": null,
    "assignees": [],
    "milestone": null,
    "comments": 5,
    "created_at": "2016-05-29T13:42:51Z",
    "updated_at": "2016-05-29T13:51:08Z",
    "closed_at": "2016-05-29T13:49:38Z",
    "author_association": "CONTRIBUTOR",
    "pull_request": {
        "url": "https://api.github.com/repos/pallets/flask/pulls/1827",
        "html_url": "https://github.com/pallets/flask/pull/1827",
        "diff_url": "https://github.com/pallets/flask/pull/1827.diff",
        "patch_url": "https://github.com/pallets/flask/pull/1827.patch"
    },
    "body": "As per their email \u2018Changes to project subdomains\u2019:\n\n> Starting today, Read the Docs will start hosting projects from subdomains on the domain readthedocs.io, instead of on readthedocs.org. This change addresses some security concerns around site cookies while hosting user generated data on the same domain as our dashboard.\n\nTest Plan: Manually visited all the links I\u2019ve modified.\n",
    "comments_inline": [
        {
            "url": "https://api.github.com/repos/pallets/flask/issues/comments/222361368",
            "html_url": "https://github.com/pallets/flask/pull/1827#issuecomment-222361368",
            "issue_url": "https://api.github.com/repos/pallets/flask/issues/1827",
            "id": 222361368,
            "node_id": "MDEyOklzc3VlQ29tbWVudDIyMjM2MTM2OA==",
            "user": {
                "login": "untitaker",
                "id": 837573,
                "node_id": "MDQ6VXNlcjgzNzU3Mw==",
                "avatar_url": "https://avatars0.githubusercontent.com/u/837573?v=4",
                "gravatar_id": "",
                "url": "https://api.github.com/users/untitaker",
                "html_url": "https://github.com/untitaker",
                "followers_url": "https://api.github.com/users/untitaker/followers",
                "following_url": "https://api.github.com/users/untitaker/following{/other_user}",
                "gists_url": "https://api.github.com/users/untitaker/gists{/gist_id}",
                "starred_url": "https://api.github.com/users/untitaker/starred{/owner}{/repo}",
                "subscriptions_url": "https://api.github.com/users/untitaker/subscriptions",
                "organizations_url": "https://api.github.com/users/untitaker/orgs",
                "repos_url": "https://api.github.com/users/untitaker/repos",
                "events_url": "https://api.github.com/users/untitaker/events{/privacy}",
                "received_events_url": "https://api.github.com/users/untitaker/received_events",
                "type": "User",
                "site_admin": false
            },
            "created_at": "2016-05-29T13:44:56Z",
            "updated_at": "2016-05-29T13:44:56Z",
            "author_association": "MEMBER",
            "body": "I didn't know there were multiple PRs. Please push all commits to the same branch for them to be collected in one PR. Thanks!\n"
        },
        {
            "url": "https://api.github.com/repos/pallets/flask/issues/comments/222361574",
            "html_url": "https://github.com/pallets/flask/pull/1827#issuecomment-222361574",
            "issue_url": "https://api.github.com/repos/pallets/flask/issues/1827",
            "id": 222361574,
            "node_id": "MDEyOklzc3VlQ29tbWVudDIyMjM2MTU3NA==",
            "user": {
                "login": "adamchainz",
                "id": 857609,
                "node_id": "MDQ6VXNlcjg1NzYwOQ==",
                "avatar_url": "https://avatars2.githubusercontent.com/u/857609?v=4",
                "gravatar_id": "",
                "url": "https://api.github.com/users/adamchainz",
                "html_url": "https://github.com/adamchainz",
                "followers_url": "https://api.github.com/users/adamchainz/followers",
                "following_url": "https://api.github.com/users/adamchainz/following{/other_user}",
                "gists_url": "https://api.github.com/users/adamchainz/gists{/gist_id}",
                "starred_url": "https://api.github.com/users/adamchainz/starred{/owner}{/repo}",
                "subscriptions_url": "https://api.github.com/users/adamchainz/subscriptions",
                "organizations_url": "https://api.github.com/users/adamchainz/orgs",
                "repos_url": "https://api.github.com/users/adamchainz/repos",
                "events_url": "https://api.github.com/users/adamchainz/events{/privacy}",
                "received_events_url": "https://api.github.com/users/adamchainz/received_events",
                "type": "User",
                "site_admin": false
            },
            "created_at": "2016-05-29T13:48:52Z",
            "updated_at": "2016-05-29T13:48:52Z",
            "author_association": "CONTRIBUTOR",
            "body": "There aren't multiple PRs on the same repo...\n"
        },
        {
            "url": "https://api.github.com/repos/pallets/flask/issues/comments/222361606",
            "html_url": "https://github.com/pallets/flask/pull/1827#issuecomment-222361606",
            "issue_url": "https://api.github.com/repos/pallets/flask/issues/1827",
            "id": 222361606,
            "node_id": "MDEyOklzc3VlQ29tbWVudDIyMjM2MTYwNg==",
            "user": {
                "login": "untitaker",
                "id": 837573,
                "node_id": "MDQ6VXNlcjgzNzU3Mw==",
                "avatar_url": "https://avatars0.githubusercontent.com/u/837573?v=4",
                "gravatar_id": "",
                "url": "https://api.github.com/users/untitaker",
                "html_url": "https://github.com/untitaker",
                "followers_url": "https://api.github.com/users/untitaker/followers",
                "following_url": "https://api.github.com/users/untitaker/following{/other_user}",
                "gists_url": "https://api.github.com/users/untitaker/gists{/gist_id}",
                "starred_url": "https://api.github.com/users/untitaker/starred{/owner}{/repo}",
                "subscriptions_url": "https://api.github.com/users/untitaker/subscriptions",
                "organizations_url": "https://api.github.com/users/untitaker/orgs",
                "repos_url": "https://api.github.com/users/untitaker/repos",
                "events_url": "https://api.github.com/users/untitaker/events{/privacy}",
                "received_events_url": "https://api.github.com/users/untitaker/received_events",
                "type": "User",
                "site_admin": false
            },
            "created_at": "2016-05-29T13:49:36Z",
            "updated_at": "2016-05-29T13:49:36Z",
            "author_association": "MEMBER",
            "body": "Ah yes, sorry. I oversaw that!\n"
        },
        {
            "url": "https://api.github.com/repos/pallets/flask/issues/comments/222361608",
            "html_url": "https://github.com/pallets/flask/pull/1827#issuecomment-222361608",
            "issue_url": "https://api.github.com/repos/pallets/flask/issues/1827",
            "id": 222361608,
            "node_id": "MDEyOklzc3VlQ29tbWVudDIyMjM2MTYwOA==",
            "user": {
                "login": "untitaker",
                "id": 837573,
                "node_id": "MDQ6VXNlcjgzNzU3Mw==",
                "avatar_url": "https://avatars0.githubusercontent.com/u/837573?v=4",
                "gravatar_id": "",
                "url": "https://api.github.com/users/untitaker",
                "html_url": "https://github.com/untitaker",
                "followers_url": "https://api.github.com/users/untitaker/followers",
                "following_url": "https://api.github.com/users/untitaker/following{/other_user}",
                "gists_url": "https://api.github.com/users/untitaker/gists{/gist_id}",
                "starred_url": "https://api.github.com/users/untitaker/starred{/owner}{/repo}",
                "subscriptions_url": "https://api.github.com/users/untitaker/subscriptions",
                "organizations_url": "https://api.github.com/users/untitaker/orgs",
                "repos_url": "https://api.github.com/users/untitaker/repos",
                "events_url": "https://api.github.com/users/untitaker/events{/privacy}",
                "received_events_url": "https://api.github.com/users/untitaker/received_events",
                "type": "User",
                "site_admin": false
            },
            "created_at": "2016-05-29T13:49:39Z",
            "updated_at": "2016-05-29T13:49:39Z",
            "author_association": "MEMBER",
            "body": "Thanks!\n"
        },
        {
            "url": "https://api.github.com/repos/pallets/flask/issues/comments/222361684",
            "html_url": "https://github.com/pallets/flask/pull/1827#issuecomment-222361684",
            "issue_url": "https://api.github.com/repos/pallets/flask/issues/1827",
            "id": 222361684,
            "node_id": "MDEyOklzc3VlQ29tbWVudDIyMjM2MTY4NA==",
            "user": {
                "login": "adamchainz",
                "id": 857609,
                "node_id": "MDQ6VXNlcjg1NzYwOQ==",
                "avatar_url": "https://avatars2.githubusercontent.com/u/857609?v=4",
                "gravatar_id": "",
                "url": "https://api.github.com/users/adamchainz",
                "html_url": "https://github.com/adamchainz",
                "followers_url": "https://api.github.com/users/adamchainz/followers",
                "following_url": "https://api.github.com/users/adamchainz/following{/other_user}",
                "gists_url": "https://api.github.com/users/adamchainz/gists{/gist_id}",
                "starred_url": "https://api.github.com/users/adamchainz/starred{/owner}{/repo}",
                "subscriptions_url": "https://api.github.com/users/adamchainz/subscriptions",
                "organizations_url": "https://api.github.com/users/adamchainz/orgs",
                "repos_url": "https://api.github.com/users/adamchainz/repos",
                "events_url": "https://api.github.com/users/adamchainz/events{/privacy}",
                "received_events_url": "https://api.github.com/users/adamchainz/received_events",
                "type": "User",
                "site_admin": false
            },
            "created_at": "2016-05-29T13:51:08Z",
            "updated_at": "2016-05-29T13:51:08Z",
            "author_association": "CONTRIBUTOR",
            "body": "_spamming all python projects on github_\n"
        }
    ]
}