{
    "url": "https://api.github.com/repos/pallets/flask/issues/183",
    "repository_url": "https://api.github.com/repos/pallets/flask",
    "labels_url": "https://api.github.com/repos/pallets/flask/issues/183/labels{/name}",
    "comments_url": "https://api.github.com/repos/pallets/flask/issues/183/comments",
    "events_url": "https://api.github.com/repos/pallets/flask/issues/183/events",
    "html_url": "https://github.com/pallets/flask/issues/183",
    "id": 607865,
    "node_id": "MDU6SXNzdWU2MDc4NjU=",
    "number": 183,
    "title": "Document Auth&Auth",
    "user": {
        "login": "mitsuhiko",
        "id": 7396,
        "node_id": "MDQ6VXNlcjczOTY=",
        "avatar_url": "https://avatars1.githubusercontent.com/u/7396?v=4",
        "gravatar_id": "",
        "url": "https://api.github.com/users/mitsuhiko",
        "html_url": "https://github.com/mitsuhiko",
        "followers_url": "https://api.github.com/users/mitsuhiko/followers",
        "following_url": "https://api.github.com/users/mitsuhiko/following{/other_user}",
        "gists_url": "https://api.github.com/users/mitsuhiko/gists{/gist_id}",
        "starred_url": "https://api.github.com/users/mitsuhiko/starred{/owner}{/repo}",
        "subscriptions_url": "https://api.github.com/users/mitsuhiko/subscriptions",
        "organizations_url": "https://api.github.com/users/mitsuhiko/orgs",
        "repos_url": "https://api.github.com/users/mitsuhiko/repos",
        "events_url": "https://api.github.com/users/mitsuhiko/events{/privacy}",
        "received_events_url": "https://api.github.com/users/mitsuhiko/received_events",
        "type": "User",
        "site_admin": false
    },
    "labels": [
        {
            "id": 32876,
            "node_id": "MDU6TGFiZWwzMjg3Ng==",
            "url": "https://api.github.com/repos/pallets/flask/labels/docs",
            "name": "docs",
            "color": "0e8a16",
            "default": false,
            "description": null
        }
    ],
    "state": "closed",
    "locked": false,
    "assignee": null,
    "assignees": [],
    "milestone": null,
    "comments": 7,
    "created_at": "2011-02-17T22:25:12Z",
    "updated_at": "2016-06-06T16:34:12Z",
    "closed_at": "2016-06-03T22:17:00Z",
    "author_association": "MEMBER",
    "body": "People seem to be put off by the lack of auth&auth in Flask. Just because it's not there it does not mean it's hard. Documentation should show an example, maybe with Flask-SQLAlchemy.\n\nRelated feedback issues:\n- http://feedback.flask.pocoo.org/message/54\n",
    "comments_inline": [
        {
            "url": "https://api.github.com/repos/pallets/flask/issues/comments/3847470",
            "html_url": "https://github.com/pallets/flask/issues/183#issuecomment-3847470",
            "issue_url": "https://api.github.com/repos/pallets/flask/issues/183",
            "id": 3847470,
            "node_id": "MDEyOklzc3VlQ29tbWVudDM4NDc0NzA=",
            "user": {
                "login": "dillongreen",
                "id": 649821,
                "node_id": "MDQ6VXNlcjY0OTgyMQ==",
                "avatar_url": "https://avatars3.githubusercontent.com/u/649821?v=4",
                "gravatar_id": "",
                "url": "https://api.github.com/users/dillongreen",
                "html_url": "https://github.com/dillongreen",
                "followers_url": "https://api.github.com/users/dillongreen/followers",
                "following_url": "https://api.github.com/users/dillongreen/following{/other_user}",
                "gists_url": "https://api.github.com/users/dillongreen/gists{/gist_id}",
                "starred_url": "https://api.github.com/users/dillongreen/starred{/owner}{/repo}",
                "subscriptions_url": "https://api.github.com/users/dillongreen/subscriptions",
                "organizations_url": "https://api.github.com/users/dillongreen/orgs",
                "repos_url": "https://api.github.com/users/dillongreen/repos",
                "events_url": "https://api.github.com/users/dillongreen/events{/privacy}",
                "received_events_url": "https://api.github.com/users/dillongreen/received_events",
                "type": "User",
                "site_admin": false
            },
            "created_at": "2012-02-07T12:58:40Z",
            "updated_at": "2012-02-07T12:58:40Z",
            "author_association": "NONE",
            "body": "That resonates with me and what people new to flask often say. I would not narrow it down to one database backend though. Maybe it's reasonable to show how it's done with a relational (e.g. Postgres) and a non-relational database (e.g. MongoDB).\n"
        },
        {
            "url": "https://api.github.com/repos/pallets/flask/issues/comments/3917232",
            "html_url": "https://github.com/pallets/flask/issues/183#issuecomment-3917232",
            "issue_url": "https://api.github.com/repos/pallets/flask/issues/183",
            "id": 3917232,
            "node_id": "MDEyOklzc3VlQ29tbWVudDM5MTcyMzI=",
            "user": {
                "login": "StephenWeber",
                "id": 153632,
                "node_id": "MDQ6VXNlcjE1MzYzMg==",
                "avatar_url": "https://avatars1.githubusercontent.com/u/153632?v=4",
                "gravatar_id": "",
                "url": "https://api.github.com/users/StephenWeber",
                "html_url": "https://github.com/StephenWeber",
                "followers_url": "https://api.github.com/users/StephenWeber/followers",
                "following_url": "https://api.github.com/users/StephenWeber/following{/other_user}",
                "gists_url": "https://api.github.com/users/StephenWeber/gists{/gist_id}",
                "starred_url": "https://api.github.com/users/StephenWeber/starred{/owner}{/repo}",
                "subscriptions_url": "https://api.github.com/users/StephenWeber/subscriptions",
                "organizations_url": "https://api.github.com/users/StephenWeber/orgs",
                "repos_url": "https://api.github.com/users/StephenWeber/repos",
                "events_url": "https://api.github.com/users/StephenWeber/events{/privacy}",
                "received_events_url": "https://api.github.com/users/StephenWeber/received_events",
                "type": "User",
                "site_admin": false
            },
            "created_at": "2012-02-11T00:46:58Z",
            "updated_at": "2012-02-11T00:47:49Z",
            "author_association": "NONE",
            "body": "Authorization is in the documentation though it's not called that. The example code for [View Decorators](http://flask.pocoo.org/docs/patterns/viewdecorators/) gives a good, simple example of the typical authorization task: restricting access to views based on authenticated data, and redirecting an errant request to an authenticating page of some kind.\n\nThere is an [Authentication](http://flask.pocoo.org/snippets/category/authentication/) section in the snippets gallery, though I didn't notice the snippets until long after I'd written a few Flask apps.\n"
        },
        {
            "url": "https://api.github.com/repos/pallets/flask/issues/comments/57105622",
            "html_url": "https://github.com/pallets/flask/issues/183#issuecomment-57105622",
            "issue_url": "https://api.github.com/repos/pallets/flask/issues/183",
            "id": 57105622,
            "node_id": "MDEyOklzc3VlQ29tbWVudDU3MTA1NjIy",
            "user": {
                "login": "brunsgaard",
                "id": 815816,
                "node_id": "MDQ6VXNlcjgxNTgxNg==",
                "avatar_url": "https://avatars2.githubusercontent.com/u/815816?v=4",
                "gravatar_id": "",
                "url": "https://api.github.com/users/brunsgaard",
                "html_url": "https://github.com/brunsgaard",
                "followers_url": "https://api.github.com/users/brunsgaard/followers",
                "following_url": "https://api.github.com/users/brunsgaard/following{/other_user}",
                "gists_url": "https://api.github.com/users/brunsgaard/gists{/gist_id}",
                "starred_url": "https://api.github.com/users/brunsgaard/starred{/owner}{/repo}",
                "subscriptions_url": "https://api.github.com/users/brunsgaard/subscriptions",
                "organizations_url": "https://api.github.com/users/brunsgaard/orgs",
                "repos_url": "https://api.github.com/users/brunsgaard/repos",
                "events_url": "https://api.github.com/users/brunsgaard/events{/privacy}",
                "received_events_url": "https://api.github.com/users/brunsgaard/received_events",
                "type": "User",
                "site_admin": false
            },
            "created_at": "2014-09-29T00:08:35Z",
            "updated_at": "2014-09-29T00:09:34Z",
            "author_association": "NONE",
            "body": "I think there is a veriaty of good extensions out there that handles this problem great and supplies good example code.\n\nWould it be a bad idea to put in links  to some of the most common used extentions in the docs?\nIf something specific is needed lets write up an example and link to that instead. I already have an oauth auth example repo https://github.com/brunsgaard/yoloAPI. I could make another targeted the more generel audience using sqlalchemy and flask-login/custom decorators if that is what is needed to close this issue.\n\nWould that have any interest?\n"
        },
        {
            "url": "https://api.github.com/repos/pallets/flask/issues/comments/57152304",
            "html_url": "https://github.com/pallets/flask/issues/183#issuecomment-57152304",
            "issue_url": "https://api.github.com/repos/pallets/flask/issues/183",
            "id": 57152304,
            "node_id": "MDEyOklzc3VlQ29tbWVudDU3MTUyMzA0",
            "user": {
                "login": "untitaker",
                "id": 837573,
                "node_id": "MDQ6VXNlcjgzNzU3Mw==",
                "avatar_url": "https://avatars0.githubusercontent.com/u/837573?v=4",
                "gravatar_id": "",
                "url": "https://api.github.com/users/untitaker",
                "html_url": "https://github.com/untitaker",
                "followers_url": "https://api.github.com/users/untitaker/followers",
                "following_url": "https://api.github.com/users/untitaker/following{/other_user}",
                "gists_url": "https://api.github.com/users/untitaker/gists{/gist_id}",
                "starred_url": "https://api.github.com/users/untitaker/starred{/owner}{/repo}",
                "subscriptions_url": "https://api.github.com/users/untitaker/subscriptions",
                "organizations_url": "https://api.github.com/users/untitaker/orgs",
                "repos_url": "https://api.github.com/users/untitaker/repos",
                "events_url": "https://api.github.com/users/untitaker/events{/privacy}",
                "received_events_url": "https://api.github.com/users/untitaker/received_events",
                "type": "User",
                "site_admin": false
            },
            "created_at": "2014-09-29T12:19:46Z",
            "updated_at": "2014-09-29T12:19:46Z",
            "author_association": "MEMBER",
            "body": "This is also related to https://github.com/pocoo/metaflask/issues/47. We do have [the Flask extension site](http://flask.pocoo.org/extensions/) and more recently https://github.com/pocoo/powered-by-flask.\n"
        },
        {
            "url": "https://api.github.com/repos/pallets/flask/issues/comments/223707926",
            "html_url": "https://github.com/pallets/flask/issues/183#issuecomment-223707926",
            "issue_url": "https://api.github.com/repos/pallets/flask/issues/183",
            "id": 223707926,
            "node_id": "MDEyOklzc3VlQ29tbWVudDIyMzcwNzkyNg==",
            "user": {
                "login": "jeffwidman",
                "id": 483314,
                "node_id": "MDQ6VXNlcjQ4MzMxNA==",
                "avatar_url": "https://avatars2.githubusercontent.com/u/483314?v=4",
                "gravatar_id": "",
                "url": "https://api.github.com/users/jeffwidman",
                "html_url": "https://github.com/jeffwidman",
                "followers_url": "https://api.github.com/users/jeffwidman/followers",
                "following_url": "https://api.github.com/users/jeffwidman/following{/other_user}",
                "gists_url": "https://api.github.com/users/jeffwidman/gists{/gist_id}",
                "starred_url": "https://api.github.com/users/jeffwidman/starred{/owner}{/repo}",
                "subscriptions_url": "https://api.github.com/users/jeffwidman/subscriptions",
                "organizations_url": "https://api.github.com/users/jeffwidman/orgs",
                "repos_url": "https://api.github.com/users/jeffwidman/repos",
                "events_url": "https://api.github.com/users/jeffwidman/events{/privacy}",
                "received_events_url": "https://api.github.com/users/jeffwidman/received_events",
                "type": "User",
                "site_admin": false
            },
            "created_at": "2016-06-03T22:17:00Z",
            "updated_at": "2016-06-03T22:17:00Z",
            "author_association": "MEMBER",
            "body": "Auth is part of the current tutorial and some general pointers toward security extensions were added in #1854\n"
        },
        {
            "url": "https://api.github.com/repos/pallets/flask/issues/comments/223772509",
            "html_url": "https://github.com/pallets/flask/issues/183#issuecomment-223772509",
            "issue_url": "https://api.github.com/repos/pallets/flask/issues/183",
            "id": 223772509,
            "node_id": "MDEyOklzc3VlQ29tbWVudDIyMzc3MjUwOQ==",
            "user": {
                "login": "untitaker",
                "id": 837573,
                "node_id": "MDQ6VXNlcjgzNzU3Mw==",
                "avatar_url": "https://avatars0.githubusercontent.com/u/837573?v=4",
                "gravatar_id": "",
                "url": "https://api.github.com/users/untitaker",
                "html_url": "https://github.com/untitaker",
                "followers_url": "https://api.github.com/users/untitaker/followers",
                "following_url": "https://api.github.com/users/untitaker/following{/other_user}",
                "gists_url": "https://api.github.com/users/untitaker/gists{/gist_id}",
                "starred_url": "https://api.github.com/users/untitaker/starred{/owner}{/repo}",
                "subscriptions_url": "https://api.github.com/users/untitaker/subscriptions",
                "organizations_url": "https://api.github.com/users/untitaker/orgs",
                "repos_url": "https://api.github.com/users/untitaker/repos",
                "events_url": "https://api.github.com/users/untitaker/events{/privacy}",
                "received_events_url": "https://api.github.com/users/untitaker/received_events",
                "type": "User",
                "site_admin": false
            },
            "created_at": "2016-06-04T19:06:29Z",
            "updated_at": "2016-06-04T19:06:29Z",
            "author_association": "MEMBER",
            "body": "this issue was about auth&auth (which seems to be an ebay-thing?), but I don't know if it's relevant anymore.\n"
        },
        {
            "url": "https://api.github.com/repos/pallets/flask/issues/comments/224013369",
            "html_url": "https://github.com/pallets/flask/issues/183#issuecomment-224013369",
            "issue_url": "https://api.github.com/repos/pallets/flask/issues/183",
            "id": 224013369,
            "node_id": "MDEyOklzc3VlQ29tbWVudDIyNDAxMzM2OQ==",
            "user": {
                "login": "jeffwidman",
                "id": 483314,
                "node_id": "MDQ6VXNlcjQ4MzMxNA==",
                "avatar_url": "https://avatars2.githubusercontent.com/u/483314?v=4",
                "gravatar_id": "",
                "url": "https://api.github.com/users/jeffwidman",
                "html_url": "https://github.com/jeffwidman",
                "followers_url": "https://api.github.com/users/jeffwidman/followers",
                "following_url": "https://api.github.com/users/jeffwidman/following{/other_user}",
                "gists_url": "https://api.github.com/users/jeffwidman/gists{/gist_id}",
                "starred_url": "https://api.github.com/users/jeffwidman/starred{/owner}{/repo}",
                "subscriptions_url": "https://api.github.com/users/jeffwidman/subscriptions",
                "organizations_url": "https://api.github.com/users/jeffwidman/orgs",
                "repos_url": "https://api.github.com/users/jeffwidman/repos",
                "events_url": "https://api.github.com/users/jeffwidman/events{/privacy}",
                "received_events_url": "https://api.github.com/users/jeffwidman/received_events",
                "type": "User",
                "site_admin": false
            },
            "created_at": "2016-06-06T16:34:11Z",
            "updated_at": "2016-06-06T16:34:11Z",
            "author_association": "MEMBER",
            "body": "Ah, I didn't realize auth&auth was a specific authentication implementation... agree though, it doesn't really seem to be a thing anymore. \n"
        }
    ]
}