{
    "url": "https://api.github.com/repos/pallets/flask/issues/1830",
    "repository_url": "https://api.github.com/repos/pallets/flask",
    "labels_url": "https://api.github.com/repos/pallets/flask/issues/1830/labels{/name}",
    "comments_url": "https://api.github.com/repos/pallets/flask/issues/1830/comments",
    "events_url": "https://api.github.com/repos/pallets/flask/issues/1830/events",
    "html_url": "https://github.com/pallets/flask/pull/1830",
    "id": 157400654,
    "node_id": "MDExOlB1bGxSZXF1ZXN0NzE4MzQ5MjA=",
    "number": 1830,
    "title": "Update help to >   set FLASK_APP=hello.py",
    "user": {
        "login": "yoavram",
        "id": 1288133,
        "node_id": "MDQ6VXNlcjEyODgxMzM=",
        "avatar_url": "https://avatars1.githubusercontent.com/u/1288133?v=4",
        "gravatar_id": "",
        "url": "https://api.github.com/users/yoavram",
        "html_url": "https://github.com/yoavram",
        "followers_url": "https://api.github.com/users/yoavram/followers",
        "following_url": "https://api.github.com/users/yoavram/following{/other_user}",
        "gists_url": "https://api.github.com/users/yoavram/gists{/gist_id}",
        "starred_url": "https://api.github.com/users/yoavram/starred{/owner}{/repo}",
        "subscriptions_url": "https://api.github.com/users/yoavram/subscriptions",
        "organizations_url": "https://api.github.com/users/yoavram/orgs",
        "repos_url": "https://api.github.com/users/yoavram/repos",
        "events_url": "https://api.github.com/users/yoavram/events{/privacy}",
        "received_events_url": "https://api.github.com/users/yoavram/received_events",
        "type": "User",
        "site_admin": false
    },
    "labels": [],
    "state": "closed",
    "locked": false,
    "assignee": null,
    "assignees": [],
    "milestone": null,
    "comments": 0,
    "created_at": "2016-05-29T19:10:15Z",
    "updated_at": "2016-05-30T21:20:35Z",
    "closed_at": "2016-05-30T21:20:35Z",
    "author_association": "CONTRIBUTOR",
    "pull_request": {
        "url": "https://api.github.com/repos/pallets/flask/pulls/1830",
        "html_url": "https://github.com/pallets/flask/pull/1830",
        "diff_url": "https://github.com/pallets/flask/pull/1830.diff",
        "patch_url": "https://github.com/pallets/flask/pull/1830.patch"
    },
    "body": "When running `flask --help`, the printed string contains this:\n\n>   Example usage:\n> \n>   set FLASK_APP=hello\n>    set FLASK_DEBUG=1\n>    flask run\n\nbut it actually only works with `set FLASK_APP=hello.py` so the help should be changed.\n\nThis is true on my Windows 7 Python 3.5 flask 0.11 setup.\n"
}