{
    "url": "https://api.github.com/repos/pallets/flask/issues/1831",
    "repository_url": "https://api.github.com/repos/pallets/flask",
    "labels_url": "https://api.github.com/repos/pallets/flask/issues/1831/labels{/name}",
    "comments_url": "https://api.github.com/repos/pallets/flask/issues/1831/comments",
    "events_url": "https://api.github.com/repos/pallets/flask/issues/1831/events",
    "html_url": "https://github.com/pallets/flask/pull/1831",
    "id": 157405550,
    "node_id": "MDExOlB1bGxSZXF1ZXN0NzE4Mzc1Mjg=",
    "number": 1831,
    "title": "Show line which caused the DeprecationWarning",
    "user": {
        "login": "iartarisi",
        "id": 35473,
        "node_id": "MDQ6VXNlcjM1NDcz",
        "avatar_url": "https://avatars0.githubusercontent.com/u/35473?v=4",
        "gravatar_id": "",
        "url": "https://api.github.com/users/iartarisi",
        "html_url": "https://github.com/iartarisi",
        "followers_url": "https://api.github.com/users/iartarisi/followers",
        "following_url": "https://api.github.com/users/iartarisi/following{/other_user}",
        "gists_url": "https://api.github.com/users/iartarisi/gists{/gist_id}",
        "starred_url": "https://api.github.com/users/iartarisi/starred{/owner}{/repo}",
        "subscriptions_url": "https://api.github.com/users/iartarisi/subscriptions",
        "organizations_url": "https://api.github.com/users/iartarisi/orgs",
        "repos_url": "https://api.github.com/users/iartarisi/repos",
        "events_url": "https://api.github.com/users/iartarisi/events{/privacy}",
        "received_events_url": "https://api.github.com/users/iartarisi/received_events",
        "type": "User",
        "site_admin": false
    },
    "labels": [],
    "state": "closed",
    "locked": false,
    "assignee": null,
    "assignees": [],
    "milestone": null,
    "comments": 0,
    "created_at": "2016-05-29T20:53:56Z",
    "updated_at": "2016-05-29T21:51:05Z",
    "closed_at": "2016-05-29T21:51:05Z",
    "author_association": "CONTRIBUTOR",
    "pull_request": {
        "url": "https://api.github.com/repos/pallets/flask/pulls/1831",
        "html_url": "https://github.com/pallets/flask/pull/1831",
        "diff_url": "https://github.com/pallets/flask/pull/1831.diff",
        "patch_url": "https://github.com/pallets/flask/pull/1831.patch"
    },
    "body": "When raising a DeprecationWarning, show the line in the application code\nwhich caused the warning, rather than the line in Flask\n\ne.g. a file `app.py` with:\n\n``` python\nfrom flask import Flask\nfrom flask.ext.babel import Babel\n```\n\nwill show:\n\n```\napp.py:2: ExtDeprecationWarning: Importing flask.ext.babel is\ndeprecated, use flask_babel instead.\n```\n\ninstead of:\n\n```\n/home/mapleoin/venv/local/lib/python2.7/site-packages/flask/exthook.py:71: ExtDeprecationWarning: Importing flask.ext.babel is deprecated, use flask_babel instead.\n  .format(x=modname), ExtDeprecationWarning\n```\n"
}