{
    "url": "https://api.github.com/repos/pallets/flask/issues/1832",
    "repository_url": "https://api.github.com/repos/pallets/flask",
    "labels_url": "https://api.github.com/repos/pallets/flask/issues/1832/labels{/name}",
    "comments_url": "https://api.github.com/repos/pallets/flask/issues/1832/comments",
    "events_url": "https://api.github.com/repos/pallets/flask/issues/1832/events",
    "html_url": "https://github.com/pallets/flask/issues/1832",
    "id": 157427498,
    "node_id": "MDU6SXNzdWUxNTc0Mjc0OTg=",
    "number": 1832,
    "title": "static url is not correct with subdomain",
    "user": {
        "login": "honmaple",
        "id": 12235570,
        "node_id": "MDQ6VXNlcjEyMjM1NTcw",
        "avatar_url": "https://avatars1.githubusercontent.com/u/12235570?v=4",
        "gravatar_id": "",
        "url": "https://api.github.com/users/honmaple",
        "html_url": "https://github.com/honmaple",
        "followers_url": "https://api.github.com/users/honmaple/followers",
        "following_url": "https://api.github.com/users/honmaple/following{/other_user}",
        "gists_url": "https://api.github.com/users/honmaple/gists{/gist_id}",
        "starred_url": "https://api.github.com/users/honmaple/starred{/owner}{/repo}",
        "subscriptions_url": "https://api.github.com/users/honmaple/subscriptions",
        "organizations_url": "https://api.github.com/users/honmaple/orgs",
        "repos_url": "https://api.github.com/users/honmaple/repos",
        "events_url": "https://api.github.com/users/honmaple/events{/privacy}",
        "received_events_url": "https://api.github.com/users/honmaple/received_events",
        "type": "User",
        "site_admin": false
    },
    "labels": [],
    "state": "closed",
    "locked": false,
    "assignee": null,
    "assignees": [],
    "milestone": null,
    "comments": 2,
    "created_at": "2016-05-30T04:00:19Z",
    "updated_at": "2016-06-20T07:52:08Z",
    "closed_at": "2016-06-20T07:52:08Z",
    "author_association": "NONE",
    "body": "The code is like this\n\n```\nfrom flask import Flask, Blueprint, url_for\n\napp = Flask(__name__)\napp.config['SERVER_NAME'] = 'localhost:5000'\napp.url_map.default_subdomain = 'forums'\n\nforums = Blueprint('forums', __name__)\n\n\n@forums.route('/')\ndef forums_index():\n    print(url_for('static', filename='index.css'))\n    return 'forums,hello'\n\ndocs = Blueprint('docs', __name__)\n\n\n@docs.route('/')\ndef docs_index():\n    return 'docs,hello'\n\n\napp.register_blueprint(forums)\napp.register_blueprint(docs, subdomain='docs')\n\n\n@app.route('/hello')\ndef index():\n    return 'index,hello'\n\n\nif __name__ == '__main__':\n    app.run(debug=True)\n    print(app.url_map) \n```\n\nThe all url\n\n```\n([<Rule 'forums|/hello' (GET, OPTIONS, HEAD) -> index>,\n <Rule 'forums|/' (GET, OPTIONS, HEAD) -> forums.forums_index>,\n <Rule 'docs|/' (GET, OPTIONS, HEAD) -> docs.docs_index>,\n <Rule '/static/<filename>' (GET, OPTIONS, HEAD) -> static>])\n```\n\nThe static url\n\n```\nurl_for('static', filename='index.css')\n```\n\nwill return `http://localhost:5000/static/index.css` not `http://forums.localhost:5000/static/index.css`\n\nI think I have set \n`app.url_map.default_subdomain = 'forums'`\nthe all default url is `forums.localhost:5000` not `localhost:5000`\n\nThough I can add\n\n```\n    app.url_map._rules.clear()\n    app.url_map._rules_by_endpoint.clear()\n    app.url_map.default_subdomain = 'forums'\n    app.config['SERVER_NAME'] = 'localhost:5000'\n    app.add_url_rule(app.static_url_path + '/<path:filename>',\n                                      endpoint='static',\n                                      view_func=app.send_static_file,\n                                      subdomain='forums')\n\n```\n\nto solve it,is it a bug with flask?\n(python3 and Werkzeug (0.11.10))\n",
    "comments_inline": [
        {
            "url": "https://api.github.com/repos/pallets/flask/issues/comments/223158950",
            "html_url": "https://github.com/pallets/flask/issues/1832#issuecomment-223158950",
            "issue_url": "https://api.github.com/repos/pallets/flask/issues/1832",
            "id": 223158950,
            "node_id": "MDEyOklzc3VlQ29tbWVudDIyMzE1ODk1MA==",
            "user": {
                "login": "mitsuhiko",
                "id": 7396,
                "node_id": "MDQ6VXNlcjczOTY=",
                "avatar_url": "https://avatars1.githubusercontent.com/u/7396?v=4",
                "gravatar_id": "",
                "url": "https://api.github.com/users/mitsuhiko",
                "html_url": "https://github.com/mitsuhiko",
                "followers_url": "https://api.github.com/users/mitsuhiko/followers",
                "following_url": "https://api.github.com/users/mitsuhiko/following{/other_user}",
                "gists_url": "https://api.github.com/users/mitsuhiko/gists{/gist_id}",
                "starred_url": "https://api.github.com/users/mitsuhiko/starred{/owner}{/repo}",
                "subscriptions_url": "https://api.github.com/users/mitsuhiko/subscriptions",
                "organizations_url": "https://api.github.com/users/mitsuhiko/orgs",
                "repos_url": "https://api.github.com/users/mitsuhiko/repos",
                "events_url": "https://api.github.com/users/mitsuhiko/events{/privacy}",
                "received_events_url": "https://api.github.com/users/mitsuhiko/received_events",
                "type": "User",
                "site_admin": false
            },
            "created_at": "2016-06-01T23:52:52Z",
            "updated_at": "2016-06-01T23:52:52Z",
            "author_association": "MEMBER",
            "body": "It's not really a bug it's just not the clearest behavior. I think it's because the default subdomain setting will not affect the static rule as it's added before you rebind it. Is it documented that you can flip the default subdomain this way? I expect this to break to be honest.\n"
        },
        {
            "url": "https://api.github.com/repos/pallets/flask/issues/comments/223813912",
            "html_url": "https://github.com/pallets/flask/issues/1832#issuecomment-223813912",
            "issue_url": "https://api.github.com/repos/pallets/flask/issues/1832",
            "id": 223813912,
            "node_id": "MDEyOklzc3VlQ29tbWVudDIyMzgxMzkxMg==",
            "user": {
                "login": "honmaple",
                "id": 12235570,
                "node_id": "MDQ6VXNlcjEyMjM1NTcw",
                "avatar_url": "https://avatars1.githubusercontent.com/u/12235570?v=4",
                "gravatar_id": "",
                "url": "https://api.github.com/users/honmaple",
                "html_url": "https://github.com/honmaple",
                "followers_url": "https://api.github.com/users/honmaple/followers",
                "following_url": "https://api.github.com/users/honmaple/following{/other_user}",
                "gists_url": "https://api.github.com/users/honmaple/gists{/gist_id}",
                "starred_url": "https://api.github.com/users/honmaple/starred{/owner}{/repo}",
                "subscriptions_url": "https://api.github.com/users/honmaple/subscriptions",
                "organizations_url": "https://api.github.com/users/honmaple/orgs",
                "repos_url": "https://api.github.com/users/honmaple/repos",
                "events_url": "https://api.github.com/users/honmaple/events{/privacy}",
                "received_events_url": "https://api.github.com/users/honmaple/received_events",
                "type": "User",
                "site_admin": false
            },
            "created_at": "2016-06-05T13:45:55Z",
            "updated_at": "2016-06-06T11:02:42Z",
            "author_association": "NONE",
            "body": "So is it considered to  rebind static url if I set default subdomain?It work well if I clear rules before I rebind it\n"
        }
    ]
}