{
    "url": "https://api.github.com/repos/pallets/flask/issues/1833",
    "repository_url": "https://api.github.com/repos/pallets/flask",
    "labels_url": "https://api.github.com/repos/pallets/flask/issues/1833/labels{/name}",
    "comments_url": "https://api.github.com/repos/pallets/flask/issues/1833/comments",
    "events_url": "https://api.github.com/repos/pallets/flask/issues/1833/events",
    "html_url": "https://github.com/pallets/flask/pull/1833",
    "id": 157459092,
    "node_id": "MDExOlB1bGxSZXF1ZXN0NzE4NzEwODY=",
    "number": 1833,
    "title": "Fixed link in changelog to documentation.",
    "user": {
        "login": "homeworkprod",
        "id": 95277,
        "node_id": "MDQ6VXNlcjk1Mjc3",
        "avatar_url": "https://avatars0.githubusercontent.com/u/95277?v=4",
        "gravatar_id": "",
        "url": "https://api.github.com/users/homeworkprod",
        "html_url": "https://github.com/homeworkprod",
        "followers_url": "https://api.github.com/users/homeworkprod/followers",
        "following_url": "https://api.github.com/users/homeworkprod/following{/other_user}",
        "gists_url": "https://api.github.com/users/homeworkprod/gists{/gist_id}",
        "starred_url": "https://api.github.com/users/homeworkprod/starred{/owner}{/repo}",
        "subscriptions_url": "https://api.github.com/users/homeworkprod/subscriptions",
        "organizations_url": "https://api.github.com/users/homeworkprod/orgs",
        "repos_url": "https://api.github.com/users/homeworkprod/repos",
        "events_url": "https://api.github.com/users/homeworkprod/events{/privacy}",
        "received_events_url": "https://api.github.com/users/homeworkprod/received_events",
        "type": "User",
        "site_admin": false
    },
    "labels": [],
    "state": "closed",
    "locked": false,
    "assignee": null,
    "assignees": [],
    "milestone": null,
    "comments": 0,
    "created_at": "2016-05-30T08:49:46Z",
    "updated_at": "2016-05-30T21:20:23Z",
    "closed_at": "2016-05-30T21:20:23Z",
    "author_association": "CONTRIBUTOR",
    "pull_request": {
        "url": "https://api.github.com/repos/pallets/flask/pulls/1833",
        "html_url": "https://github.com/pallets/flask/pull/1833",
        "diff_url": "https://github.com/pallets/flask/pull/1833.diff",
        "patch_url": "https://github.com/pallets/flask/pull/1833.patch"
    },
    "body": "Using the officially documented, shortcut package path of the `Config` class instead of the actual one.\n"
}