{
    "url": "https://api.github.com/repos/pallets/flask/issues/1834",
    "repository_url": "https://api.github.com/repos/pallets/flask",
    "labels_url": "https://api.github.com/repos/pallets/flask/issues/1834/labels{/name}",
    "comments_url": "https://api.github.com/repos/pallets/flask/issues/1834/comments",
    "events_url": "https://api.github.com/repos/pallets/flask/issues/1834/events",
    "html_url": "https://github.com/pallets/flask/pull/1834",
    "id": 157537947,
    "node_id": "MDExOlB1bGxSZXF1ZXN0NzE5MjU3ODk=",
    "number": 1834,
    "title": "Bringing the copyright date up to 2016.",
    "user": {
        "login": "rawrgulmuffins",
        "id": 1521575,
        "node_id": "MDQ6VXNlcjE1MjE1NzU=",
        "avatar_url": "https://avatars0.githubusercontent.com/u/1521575?v=4",
        "gravatar_id": "",
        "url": "https://api.github.com/users/rawrgulmuffins",
        "html_url": "https://github.com/rawrgulmuffins",
        "followers_url": "https://api.github.com/users/rawrgulmuffins/followers",
        "following_url": "https://api.github.com/users/rawrgulmuffins/following{/other_user}",
        "gists_url": "https://api.github.com/users/rawrgulmuffins/gists{/gist_id}",
        "starred_url": "https://api.github.com/users/rawrgulmuffins/starred{/owner}{/repo}",
        "subscriptions_url": "https://api.github.com/users/rawrgulmuffins/subscriptions",
        "organizations_url": "https://api.github.com/users/rawrgulmuffins/orgs",
        "repos_url": "https://api.github.com/users/rawrgulmuffins/repos",
        "events_url": "https://api.github.com/users/rawrgulmuffins/events{/privacy}",
        "received_events_url": "https://api.github.com/users/rawrgulmuffins/received_events",
        "type": "User",
        "site_admin": false
    },
    "labels": [],
    "state": "closed",
    "locked": false,
    "assignee": null,
    "assignees": [],
    "milestone": null,
    "comments": 2,
    "created_at": "2016-05-30T17:39:40Z",
    "updated_at": "2016-05-30T17:43:28Z",
    "closed_at": "2016-05-30T17:40:18Z",
    "author_association": "NONE",
    "pull_request": {
        "url": "https://api.github.com/repos/pallets/flask/pulls/1834",
        "html_url": "https://github.com/pallets/flask/pull/1834",
        "diff_url": "https://github.com/pallets/flask/pull/1834.diff",
        "patch_url": "https://github.com/pallets/flask/pull/1834.patch"
    },
    "body": "",
    "comments_inline": [
        {
            "url": "https://api.github.com/repos/pallets/flask/issues/comments/222532747",
            "html_url": "https://github.com/pallets/flask/pull/1834#issuecomment-222532747",
            "issue_url": "https://api.github.com/repos/pallets/flask/issues/1834",
            "id": 222532747,
            "node_id": "MDEyOklzc3VlQ29tbWVudDIyMjUzMjc0Nw==",
            "user": {
                "login": "ThiefMaster",
                "id": 179599,
                "node_id": "MDQ6VXNlcjE3OTU5OQ==",
                "avatar_url": "https://avatars1.githubusercontent.com/u/179599?v=4",
                "gravatar_id": "",
                "url": "https://api.github.com/users/ThiefMaster",
                "html_url": "https://github.com/ThiefMaster",
                "followers_url": "https://api.github.com/users/ThiefMaster/followers",
                "following_url": "https://api.github.com/users/ThiefMaster/following{/other_user}",
                "gists_url": "https://api.github.com/users/ThiefMaster/gists{/gist_id}",
                "starred_url": "https://api.github.com/users/ThiefMaster/starred{/owner}{/repo}",
                "subscriptions_url": "https://api.github.com/users/ThiefMaster/subscriptions",
                "organizations_url": "https://api.github.com/users/ThiefMaster/orgs",
                "repos_url": "https://api.github.com/users/ThiefMaster/repos",
                "events_url": "https://api.github.com/users/ThiefMaster/events{/privacy}",
                "received_events_url": "https://api.github.com/users/ThiefMaster/received_events",
                "type": "User",
                "site_admin": false
            },
            "created_at": "2016-05-30T17:40:18Z",
            "updated_at": "2016-05-30T17:40:18Z",
            "author_association": "MEMBER",
            "body": "please see #1672\n"
        },
        {
            "url": "https://api.github.com/repos/pallets/flask/issues/comments/222533083",
            "html_url": "https://github.com/pallets/flask/pull/1834#issuecomment-222533083",
            "issue_url": "https://api.github.com/repos/pallets/flask/issues/1834",
            "id": 222533083,
            "node_id": "MDEyOklzc3VlQ29tbWVudDIyMjUzMzA4Mw==",
            "user": {
                "login": "rawrgulmuffins",
                "id": 1521575,
                "node_id": "MDQ6VXNlcjE1MjE1NzU=",
                "avatar_url": "https://avatars0.githubusercontent.com/u/1521575?v=4",
                "gravatar_id": "",
                "url": "https://api.github.com/users/rawrgulmuffins",
                "html_url": "https://github.com/rawrgulmuffins",
                "followers_url": "https://api.github.com/users/rawrgulmuffins/followers",
                "following_url": "https://api.github.com/users/rawrgulmuffins/following{/other_user}",
                "gists_url": "https://api.github.com/users/rawrgulmuffins/gists{/gist_id}",
                "starred_url": "https://api.github.com/users/rawrgulmuffins/starred{/owner}{/repo}",
                "subscriptions_url": "https://api.github.com/users/rawrgulmuffins/subscriptions",
                "organizations_url": "https://api.github.com/users/rawrgulmuffins/orgs",
                "repos_url": "https://api.github.com/users/rawrgulmuffins/repos",
                "events_url": "https://api.github.com/users/rawrgulmuffins/events{/privacy}",
                "received_events_url": "https://api.github.com/users/rawrgulmuffins/received_events",
                "type": "User",
                "site_admin": false
            },
            "created_at": "2016-05-30T17:43:11Z",
            "updated_at": "2016-05-30T17:43:28Z",
            "author_association": "NONE",
            "body": "Interesting. Sorry for missing the prior PR. Just checked the open PRs.\n\nWhy not remove the copyright line then?\n"
        }
    ]
}