{
    "url": "https://api.github.com/repos/pallets/flask/issues/1836",
    "repository_url": "https://api.github.com/repos/pallets/flask",
    "labels_url": "https://api.github.com/repos/pallets/flask/issues/1836/labels{/name}",
    "comments_url": "https://api.github.com/repos/pallets/flask/issues/1836/comments",
    "events_url": "https://api.github.com/repos/pallets/flask/issues/1836/events",
    "html_url": "https://github.com/pallets/flask/issues/1836",
    "id": 157545215,
    "node_id": "MDU6SXNzdWUxNTc1NDUyMTU=",
    "number": 1836,
    "title": "ExtDeprecationWarning show file path with deprecated import",
    "user": {
        "login": "sibelius",
        "id": 2005841,
        "node_id": "MDQ6VXNlcjIwMDU4NDE=",
        "avatar_url": "https://avatars3.githubusercontent.com/u/2005841?v=4",
        "gravatar_id": "",
        "url": "https://api.github.com/users/sibelius",
        "html_url": "https://github.com/sibelius",
        "followers_url": "https://api.github.com/users/sibelius/followers",
        "following_url": "https://api.github.com/users/sibelius/following{/other_user}",
        "gists_url": "https://api.github.com/users/sibelius/gists{/gist_id}",
        "starred_url": "https://api.github.com/users/sibelius/starred{/owner}{/repo}",
        "subscriptions_url": "https://api.github.com/users/sibelius/subscriptions",
        "organizations_url": "https://api.github.com/users/sibelius/orgs",
        "repos_url": "https://api.github.com/users/sibelius/repos",
        "events_url": "https://api.github.com/users/sibelius/events{/privacy}",
        "received_events_url": "https://api.github.com/users/sibelius/received_events",
        "type": "User",
        "site_admin": false
    },
    "labels": [],
    "state": "closed",
    "locked": false,
    "assignee": null,
    "assignees": [],
    "milestone": null,
    "comments": 7,
    "created_at": "2016-05-30T18:58:29Z",
    "updated_at": "2016-05-30T19:15:28Z",
    "closed_at": "2016-05-30T19:10:49Z",
    "author_association": "NONE",
    "body": "It should be very useful to warning which files have deprecated imports\n",
    "comments_inline": [
        {
            "url": "https://api.github.com/repos/pallets/flask/issues/comments/222541384",
            "html_url": "https://github.com/pallets/flask/issues/1836#issuecomment-222541384",
            "issue_url": "https://api.github.com/repos/pallets/flask/issues/1836",
            "id": 222541384,
            "node_id": "MDEyOklzc3VlQ29tbWVudDIyMjU0MTM4NA==",
            "user": {
                "login": "ThiefMaster",
                "id": 179599,
                "node_id": "MDQ6VXNlcjE3OTU5OQ==",
                "avatar_url": "https://avatars1.githubusercontent.com/u/179599?v=4",
                "gravatar_id": "",
                "url": "https://api.github.com/users/ThiefMaster",
                "html_url": "https://github.com/ThiefMaster",
                "followers_url": "https://api.github.com/users/ThiefMaster/followers",
                "following_url": "https://api.github.com/users/ThiefMaster/following{/other_user}",
                "gists_url": "https://api.github.com/users/ThiefMaster/gists{/gist_id}",
                "starred_url": "https://api.github.com/users/ThiefMaster/starred{/owner}{/repo}",
                "subscriptions_url": "https://api.github.com/users/ThiefMaster/subscriptions",
                "organizations_url": "https://api.github.com/users/ThiefMaster/orgs",
                "repos_url": "https://api.github.com/users/ThiefMaster/repos",
                "events_url": "https://api.github.com/users/ThiefMaster/events{/privacy}",
                "received_events_url": "https://api.github.com/users/ThiefMaster/received_events",
                "type": "User",
                "site_admin": false
            },
            "created_at": "2016-05-30T18:59:23Z",
            "updated_at": "2016-05-30T18:59:23Z",
            "author_association": "MEMBER",
            "body": "You could use [flask-ext-migrate](https://github.com/pallets/flask-ext-migrate) to automatically update your files to use `flask_*` imports instead.\n"
        },
        {
            "url": "https://api.github.com/repos/pallets/flask/issues/comments/222541916",
            "html_url": "https://github.com/pallets/flask/issues/1836#issuecomment-222541916",
            "issue_url": "https://api.github.com/repos/pallets/flask/issues/1836",
            "id": 222541916,
            "node_id": "MDEyOklzc3VlQ29tbWVudDIyMjU0MTkxNg==",
            "user": {
                "login": "sibelius",
                "id": 2005841,
                "node_id": "MDQ6VXNlcjIwMDU4NDE=",
                "avatar_url": "https://avatars3.githubusercontent.com/u/2005841?v=4",
                "gravatar_id": "",
                "url": "https://api.github.com/users/sibelius",
                "html_url": "https://github.com/sibelius",
                "followers_url": "https://api.github.com/users/sibelius/followers",
                "following_url": "https://api.github.com/users/sibelius/following{/other_user}",
                "gists_url": "https://api.github.com/users/sibelius/gists{/gist_id}",
                "starred_url": "https://api.github.com/users/sibelius/starred{/owner}{/repo}",
                "subscriptions_url": "https://api.github.com/users/sibelius/subscriptions",
                "organizations_url": "https://api.github.com/users/sibelius/orgs",
                "repos_url": "https://api.github.com/users/sibelius/repos",
                "events_url": "https://api.github.com/users/sibelius/events{/privacy}",
                "received_events_url": "https://api.github.com/users/sibelius/received_events",
                "type": "User",
                "site_admin": false
            },
            "created_at": "2016-05-30T19:04:29Z",
            "updated_at": "2016-05-30T19:04:29Z",
            "author_association": "NONE",
            "body": "it just work with one file per time this script, and I did update all my imports, but I still receiving this warning.\n\nmaybe it is a dependency, but how can I check which one if I don't know which file is generating this warning\n"
        },
        {
            "url": "https://api.github.com/repos/pallets/flask/issues/comments/222542100",
            "html_url": "https://github.com/pallets/flask/issues/1836#issuecomment-222542100",
            "issue_url": "https://api.github.com/repos/pallets/flask/issues/1836",
            "id": 222542100,
            "node_id": "MDEyOklzc3VlQ29tbWVudDIyMjU0MjEwMA==",
            "user": {
                "login": "ThiefMaster",
                "id": 179599,
                "node_id": "MDQ6VXNlcjE3OTU5OQ==",
                "avatar_url": "https://avatars1.githubusercontent.com/u/179599?v=4",
                "gravatar_id": "",
                "url": "https://api.github.com/users/ThiefMaster",
                "html_url": "https://github.com/ThiefMaster",
                "followers_url": "https://api.github.com/users/ThiefMaster/followers",
                "following_url": "https://api.github.com/users/ThiefMaster/following{/other_user}",
                "gists_url": "https://api.github.com/users/ThiefMaster/gists{/gist_id}",
                "starred_url": "https://api.github.com/users/ThiefMaster/starred{/owner}{/repo}",
                "subscriptions_url": "https://api.github.com/users/ThiefMaster/subscriptions",
                "organizations_url": "https://api.github.com/users/ThiefMaster/orgs",
                "repos_url": "https://api.github.com/users/ThiefMaster/repos",
                "events_url": "https://api.github.com/users/ThiefMaster/events{/privacy}",
                "received_events_url": "https://api.github.com/users/ThiefMaster/received_events",
                "type": "User",
                "site_admin": false
            },
            "created_at": "2016-05-30T19:06:04Z",
            "updated_at": "2016-05-30T19:06:04Z",
            "author_association": "MEMBER",
            "body": "search for `flask.ext` ;)\n\nAnyway, I believe #1831 solved your problem (but it's not in the latest release).\n"
        },
        {
            "url": "https://api.github.com/repos/pallets/flask/issues/comments/222542271",
            "html_url": "https://github.com/pallets/flask/issues/1836#issuecomment-222542271",
            "issue_url": "https://api.github.com/repos/pallets/flask/issues/1836",
            "id": 222542271,
            "node_id": "MDEyOklzc3VlQ29tbWVudDIyMjU0MjI3MQ==",
            "user": {
                "login": "sibelius",
                "id": 2005841,
                "node_id": "MDQ6VXNlcjIwMDU4NDE=",
                "avatar_url": "https://avatars3.githubusercontent.com/u/2005841?v=4",
                "gravatar_id": "",
                "url": "https://api.github.com/users/sibelius",
                "html_url": "https://github.com/sibelius",
                "followers_url": "https://api.github.com/users/sibelius/followers",
                "following_url": "https://api.github.com/users/sibelius/following{/other_user}",
                "gists_url": "https://api.github.com/users/sibelius/gists{/gist_id}",
                "starred_url": "https://api.github.com/users/sibelius/starred{/owner}{/repo}",
                "subscriptions_url": "https://api.github.com/users/sibelius/subscriptions",
                "organizations_url": "https://api.github.com/users/sibelius/orgs",
                "repos_url": "https://api.github.com/users/sibelius/repos",
                "events_url": "https://api.github.com/users/sibelius/events{/privacy}",
                "received_events_url": "https://api.github.com/users/sibelius/received_events",
                "type": "User",
                "site_admin": false
            },
            "created_at": "2016-05-30T19:07:57Z",
            "updated_at": "2016-05-30T19:07:57Z",
            "author_association": "NONE",
            "body": "I will try with master version, thanks\n"
        },
        {
            "url": "https://api.github.com/repos/pallets/flask/issues/comments/222542581",
            "html_url": "https://github.com/pallets/flask/issues/1836#issuecomment-222542581",
            "issue_url": "https://api.github.com/repos/pallets/flask/issues/1836",
            "id": 222542581,
            "node_id": "MDEyOklzc3VlQ29tbWVudDIyMjU0MjU4MQ==",
            "user": {
                "login": "sibelius",
                "id": 2005841,
                "node_id": "MDQ6VXNlcjIwMDU4NDE=",
                "avatar_url": "https://avatars3.githubusercontent.com/u/2005841?v=4",
                "gravatar_id": "",
                "url": "https://api.github.com/users/sibelius",
                "html_url": "https://github.com/sibelius",
                "followers_url": "https://api.github.com/users/sibelius/followers",
                "following_url": "https://api.github.com/users/sibelius/following{/other_user}",
                "gists_url": "https://api.github.com/users/sibelius/gists{/gist_id}",
                "starred_url": "https://api.github.com/users/sibelius/starred{/owner}{/repo}",
                "subscriptions_url": "https://api.github.com/users/sibelius/subscriptions",
                "organizations_url": "https://api.github.com/users/sibelius/orgs",
                "repos_url": "https://api.github.com/users/sibelius/repos",
                "events_url": "https://api.github.com/users/sibelius/events{/privacy}",
                "received_events_url": "https://api.github.com/users/sibelius/received_events",
                "type": "User",
                "site_admin": false
            },
            "created_at": "2016-05-30T19:10:47Z",
            "updated_at": "2016-05-30T19:10:47Z",
            "author_association": "NONE",
            "body": "fixed on master, maybe you should release as 0.11.1\n"
        },
        {
            "url": "https://api.github.com/repos/pallets/flask/issues/comments/222542794",
            "html_url": "https://github.com/pallets/flask/issues/1836#issuecomment-222542794",
            "issue_url": "https://api.github.com/repos/pallets/flask/issues/1836",
            "id": 222542794,
            "node_id": "MDEyOklzc3VlQ29tbWVudDIyMjU0Mjc5NA==",
            "user": {
                "login": "ThiefMaster",
                "id": 179599,
                "node_id": "MDQ6VXNlcjE3OTU5OQ==",
                "avatar_url": "https://avatars1.githubusercontent.com/u/179599?v=4",
                "gravatar_id": "",
                "url": "https://api.github.com/users/ThiefMaster",
                "html_url": "https://github.com/ThiefMaster",
                "followers_url": "https://api.github.com/users/ThiefMaster/followers",
                "following_url": "https://api.github.com/users/ThiefMaster/following{/other_user}",
                "gists_url": "https://api.github.com/users/ThiefMaster/gists{/gist_id}",
                "starred_url": "https://api.github.com/users/ThiefMaster/starred{/owner}{/repo}",
                "subscriptions_url": "https://api.github.com/users/ThiefMaster/subscriptions",
                "organizations_url": "https://api.github.com/users/ThiefMaster/orgs",
                "repos_url": "https://api.github.com/users/ThiefMaster/repos",
                "events_url": "https://api.github.com/users/ThiefMaster/events{/privacy}",
                "received_events_url": "https://api.github.com/users/ThiefMaster/received_events",
                "type": "User",
                "site_admin": false
            },
            "created_at": "2016-05-30T19:12:53Z",
            "updated_at": "2016-05-30T19:12:53Z",
            "author_association": "MEMBER",
            "body": "I don't think it makes much sense to push out an extra release just for this - it doesn't break anyone's code and is not a showstopper for anything. I think it makes more sense to wait until there are more improvements/fixes and then do another release.\n"
        },
        {
            "url": "https://api.github.com/repos/pallets/flask/issues/comments/222543087",
            "html_url": "https://github.com/pallets/flask/issues/1836#issuecomment-222543087",
            "issue_url": "https://api.github.com/repos/pallets/flask/issues/1836",
            "id": 222543087,
            "node_id": "MDEyOklzc3VlQ29tbWVudDIyMjU0MzA4Nw==",
            "user": {
                "login": "sibelius",
                "id": 2005841,
                "node_id": "MDQ6VXNlcjIwMDU4NDE=",
                "avatar_url": "https://avatars3.githubusercontent.com/u/2005841?v=4",
                "gravatar_id": "",
                "url": "https://api.github.com/users/sibelius",
                "html_url": "https://github.com/sibelius",
                "followers_url": "https://api.github.com/users/sibelius/followers",
                "following_url": "https://api.github.com/users/sibelius/following{/other_user}",
                "gists_url": "https://api.github.com/users/sibelius/gists{/gist_id}",
                "starred_url": "https://api.github.com/users/sibelius/starred{/owner}{/repo}",
                "subscriptions_url": "https://api.github.com/users/sibelius/subscriptions",
                "organizations_url": "https://api.github.com/users/sibelius/orgs",
                "repos_url": "https://api.github.com/users/sibelius/repos",
                "events_url": "https://api.github.com/users/sibelius/events{/privacy}",
                "received_events_url": "https://api.github.com/users/sibelius/received_events",
                "type": "User",
                "site_admin": false
            },
            "created_at": "2016-05-30T19:15:28Z",
            "updated_at": "2016-05-30T19:15:28Z",
            "author_association": "NONE",
            "body": "break.feature.fix, I can wait, no problem\n"
        }
    ]
}