{
    "url": "https://api.github.com/repos/pallets/flask/issues/1838",
    "repository_url": "https://api.github.com/repos/pallets/flask",
    "labels_url": "https://api.github.com/repos/pallets/flask/issues/1838/labels{/name}",
    "comments_url": "https://api.github.com/repos/pallets/flask/issues/1838/comments",
    "events_url": "https://api.github.com/repos/pallets/flask/issues/1838/events",
    "html_url": "https://github.com/pallets/flask/pull/1838",
    "id": 157684301,
    "node_id": "MDExOlB1bGxSZXF1ZXN0NzIwMjQ0NDE=",
    "number": 1838,
    "title": "Fixed typo in filename.",
    "user": {
        "login": "homeworkprod",
        "id": 95277,
        "node_id": "MDQ6VXNlcjk1Mjc3",
        "avatar_url": "https://avatars0.githubusercontent.com/u/95277?v=4",
        "gravatar_id": "",
        "url": "https://api.github.com/users/homeworkprod",
        "html_url": "https://github.com/homeworkprod",
        "followers_url": "https://api.github.com/users/homeworkprod/followers",
        "following_url": "https://api.github.com/users/homeworkprod/following{/other_user}",
        "gists_url": "https://api.github.com/users/homeworkprod/gists{/gist_id}",
        "starred_url": "https://api.github.com/users/homeworkprod/starred{/owner}{/repo}",
        "subscriptions_url": "https://api.github.com/users/homeworkprod/subscriptions",
        "organizations_url": "https://api.github.com/users/homeworkprod/orgs",
        "repos_url": "https://api.github.com/users/homeworkprod/repos",
        "events_url": "https://api.github.com/users/homeworkprod/events{/privacy}",
        "received_events_url": "https://api.github.com/users/homeworkprod/received_events",
        "type": "User",
        "site_admin": false
    },
    "labels": [],
    "state": "closed",
    "locked": false,
    "assignee": null,
    "assignees": [],
    "milestone": null,
    "comments": 0,
    "created_at": "2016-05-31T14:22:57Z",
    "updated_at": "2016-05-31T14:24:11Z",
    "closed_at": "2016-05-31T14:24:11Z",
    "author_association": "CONTRIBUTOR",
    "pull_request": {
        "url": "https://api.github.com/repos/pallets/flask/pulls/1838",
        "html_url": "https://github.com/pallets/flask/pull/1838",
        "diff_url": "https://github.com/pallets/flask/pull/1838.diff",
        "patch_url": "https://github.com/pallets/flask/pull/1838.patch"
    },
    "body": ""
}