{
    "url": "https://api.github.com/repos/pallets/flask/issues/1839",
    "repository_url": "https://api.github.com/repos/pallets/flask",
    "labels_url": "https://api.github.com/repos/pallets/flask/issues/1839/labels{/name}",
    "comments_url": "https://api.github.com/repos/pallets/flask/issues/1839/comments",
    "events_url": "https://api.github.com/repos/pallets/flask/issues/1839/events",
    "html_url": "https://github.com/pallets/flask/pull/1839",
    "id": 157718142,
    "node_id": "MDExOlB1bGxSZXF1ZXN0NzIwNDg2OTU=",
    "number": 1839,
    "title": "Update and rename README to README.md",
    "user": {
        "login": "mohsenuss91",
        "id": 6825816,
        "node_id": "MDQ6VXNlcjY4MjU4MTY=",
        "avatar_url": "https://avatars0.githubusercontent.com/u/6825816?v=4",
        "gravatar_id": "",
        "url": "https://api.github.com/users/mohsenuss91",
        "html_url": "https://github.com/mohsenuss91",
        "followers_url": "https://api.github.com/users/mohsenuss91/followers",
        "following_url": "https://api.github.com/users/mohsenuss91/following{/other_user}",
        "gists_url": "https://api.github.com/users/mohsenuss91/gists{/gist_id}",
        "starred_url": "https://api.github.com/users/mohsenuss91/starred{/owner}{/repo}",
        "subscriptions_url": "https://api.github.com/users/mohsenuss91/subscriptions",
        "organizations_url": "https://api.github.com/users/mohsenuss91/orgs",
        "repos_url": "https://api.github.com/users/mohsenuss91/repos",
        "events_url": "https://api.github.com/users/mohsenuss91/events{/privacy}",
        "received_events_url": "https://api.github.com/users/mohsenuss91/received_events",
        "type": "User",
        "site_admin": false
    },
    "labels": [],
    "state": "closed",
    "locked": false,
    "assignee": null,
    "assignees": [],
    "milestone": null,
    "comments": 1,
    "created_at": "2016-05-31T16:45:55Z",
    "updated_at": "2016-05-31T16:48:23Z",
    "closed_at": "2016-05-31T16:48:23Z",
    "author_association": "NONE",
    "pull_request": {
        "url": "https://api.github.com/repos/pallets/flask/pulls/1839",
        "html_url": "https://github.com/pallets/flask/pull/1839",
        "diff_url": "https://github.com/pallets/flask/pull/1839.diff",
        "patch_url": "https://github.com/pallets/flask/pull/1839.patch"
    },
    "body": "",
    "comments_inline": [
        {
            "url": "https://api.github.com/repos/pallets/flask/issues/comments/222748959",
            "html_url": "https://github.com/pallets/flask/pull/1839#issuecomment-222748959",
            "issue_url": "https://api.github.com/repos/pallets/flask/issues/1839",
            "id": 222748959,
            "node_id": "MDEyOklzc3VlQ29tbWVudDIyMjc0ODk1OQ==",
            "user": {
                "login": "untitaker",
                "id": 837573,
                "node_id": "MDQ6VXNlcjgzNzU3Mw==",
                "avatar_url": "https://avatars0.githubusercontent.com/u/837573?v=4",
                "gravatar_id": "",
                "url": "https://api.github.com/users/untitaker",
                "html_url": "https://github.com/untitaker",
                "followers_url": "https://api.github.com/users/untitaker/followers",
                "following_url": "https://api.github.com/users/untitaker/following{/other_user}",
                "gists_url": "https://api.github.com/users/untitaker/gists{/gist_id}",
                "starred_url": "https://api.github.com/users/untitaker/starred{/owner}{/repo}",
                "subscriptions_url": "https://api.github.com/users/untitaker/subscriptions",
                "organizations_url": "https://api.github.com/users/untitaker/orgs",
                "repos_url": "https://api.github.com/users/untitaker/repos",
                "events_url": "https://api.github.com/users/untitaker/events{/privacy}",
                "received_events_url": "https://api.github.com/users/untitaker/received_events",
                "type": "User",
                "site_admin": false
            },
            "created_at": "2016-05-31T16:48:23Z",
            "updated_at": "2016-05-31T16:48:23Z",
            "author_association": "MEMBER",
            "body": "Sorry, this is not going to happen at the time. There are multiple duplicate PRs, see #1567, #1751 \n"
        }
    ]
}