{
    "url": "https://api.github.com/repos/pallets/flask/issues/1980",
    "repository_url": "https://api.github.com/repos/pallets/flask",
    "labels_url": "https://api.github.com/repos/pallets/flask/issues/1980/labels{/name}",
    "comments_url": "https://api.github.com/repos/pallets/flask/issues/1980/comments",
    "events_url": "https://api.github.com/repos/pallets/flask/issues/1980/events",
    "html_url": "https://github.com/pallets/flask/issues/1980",
    "id": 170229125,
    "node_id": "MDU6SXNzdWUxNzAyMjkxMjU=",
    "number": 1980,
    "title": "\"Larger Applications\" docs don't play nicely with flask run",
    "user": {
        "login": "aaronkavlie-wf",
        "id": 7768348,
        "node_id": "MDQ6VXNlcjc3NjgzNDg=",
        "avatar_url": "https://avatars0.githubusercontent.com/u/7768348?v=4",
        "gravatar_id": "",
        "url": "https://api.github.com/users/aaronkavlie-wf",
        "html_url": "https://github.com/aaronkavlie-wf",
        "followers_url": "https://api.github.com/users/aaronkavlie-wf/followers",
        "following_url": "https://api.github.com/users/aaronkavlie-wf/following{/other_user}",
        "gists_url": "https://api.github.com/users/aaronkavlie-wf/gists{/gist_id}",
        "starred_url": "https://api.github.com/users/aaronkavlie-wf/starred{/owner}{/repo}",
        "subscriptions_url": "https://api.github.com/users/aaronkavlie-wf/subscriptions",
        "organizations_url": "https://api.github.com/users/aaronkavlie-wf/orgs",
        "repos_url": "https://api.github.com/users/aaronkavlie-wf/repos",
        "events_url": "https://api.github.com/users/aaronkavlie-wf/events{/privacy}",
        "received_events_url": "https://api.github.com/users/aaronkavlie-wf/received_events",
        "type": "User",
        "site_admin": false
    },
    "labels": [
        {
            "id": 135583063,
            "node_id": "MDU6TGFiZWwxMzU1ODMwNjM=",
            "url": "https://api.github.com/repos/pallets/flask/labels/bug",
            "name": "bug",
            "color": "d93f0b",
            "default": true,
            "description": null
        },
        {
            "id": 32876,
            "node_id": "MDU6TGFiZWwzMjg3Ng==",
            "url": "https://api.github.com/repos/pallets/flask/labels/docs",
            "name": "docs",
            "color": "0e8a16",
            "default": false,
            "description": null
        }
    ],
    "state": "closed",
    "locked": false,
    "assignee": null,
    "assignees": [],
    "milestone": {
        "url": "https://api.github.com/repos/pallets/flask/milestones/2",
        "html_url": "https://github.com/pallets/flask/milestone/2",
        "labels_url": "https://api.github.com/repos/pallets/flask/milestones/2/labels",
        "id": 795954,
        "node_id": "MDk6TWlsZXN0b25lNzk1OTU0",
        "number": 2,
        "title": "1.0",
        "description": "",
        "creator": {
            "login": "untitaker",
            "id": 837573,
            "node_id": "MDQ6VXNlcjgzNzU3Mw==",
            "avatar_url": "https://avatars0.githubusercontent.com/u/837573?v=4",
            "gravatar_id": "",
            "url": "https://api.github.com/users/untitaker",
            "html_url": "https://github.com/untitaker",
            "followers_url": "https://api.github.com/users/untitaker/followers",
            "following_url": "https://api.github.com/users/untitaker/following{/other_user}",
            "gists_url": "https://api.github.com/users/untitaker/gists{/gist_id}",
            "starred_url": "https://api.github.com/users/untitaker/starred{/owner}{/repo}",
            "subscriptions_url": "https://api.github.com/users/untitaker/subscriptions",
            "organizations_url": "https://api.github.com/users/untitaker/orgs",
            "repos_url": "https://api.github.com/users/untitaker/repos",
            "events_url": "https://api.github.com/users/untitaker/events{/privacy}",
            "received_events_url": "https://api.github.com/users/untitaker/received_events",
            "type": "User",
            "site_admin": false
        },
        "open_issues": 0,
        "closed_issues": 159,
        "state": "closed",
        "created_at": "2014-09-19T15:47:20Z",
        "updated_at": "2018-04-26T21:07:44Z",
        "due_on": "2018-04-26T07:00:00Z",
        "closed_at": "2018-04-26T21:07:44Z"
    },
    "comments": 7,
    "created_at": "2016-08-09T17:51:00Z",
    "updated_at": "2016-09-11T16:05:31Z",
    "closed_at": "2016-09-11T16:05:28Z",
    "author_association": "NONE",
    "body": "The [Larger Applications docs](http://flask.pocoo.org/docs/0.11/patterns/packages/) recommend creating a `runserver.py` as follows:\n\n``` python\nfrom yourapplication import app\napp.run(debug=True)\n```\n\nThis runs counter to the advice in the [Development Server](http://flask.pocoo.org/docs/0.11/server/) doc for working with the `flask run` command \u2014 the `app.run()` call should be under `if __name__ == '__main__'`.\n\nThat makes it work properly, anyway. But when using `flask run`, the `runserver.py` file can be removed altogether.\n",
    "comments_inline": [
        {
            "url": "https://api.github.com/repos/pallets/flask/issues/comments/244933993",
            "html_url": "https://github.com/pallets/flask/issues/1980#issuecomment-244933993",
            "issue_url": "https://api.github.com/repos/pallets/flask/issues/1980",
            "id": 244933993,
            "node_id": "MDEyOklzc3VlQ29tbWVudDI0NDkzMzk5Mw==",
            "user": {
                "login": "untitaker",
                "id": 837573,
                "node_id": "MDQ6VXNlcjgzNzU3Mw==",
                "avatar_url": "https://avatars0.githubusercontent.com/u/837573?v=4",
                "gravatar_id": "",
                "url": "https://api.github.com/users/untitaker",
                "html_url": "https://github.com/untitaker",
                "followers_url": "https://api.github.com/users/untitaker/followers",
                "following_url": "https://api.github.com/users/untitaker/following{/other_user}",
                "gists_url": "https://api.github.com/users/untitaker/gists{/gist_id}",
                "starred_url": "https://api.github.com/users/untitaker/starred{/owner}{/repo}",
                "subscriptions_url": "https://api.github.com/users/untitaker/subscriptions",
                "organizations_url": "https://api.github.com/users/untitaker/orgs",
                "repos_url": "https://api.github.com/users/untitaker/repos",
                "events_url": "https://api.github.com/users/untitaker/events{/privacy}",
                "received_events_url": "https://api.github.com/users/untitaker/received_events",
                "type": "User",
                "site_admin": false
            },
            "created_at": "2016-09-06T12:25:03Z",
            "updated_at": "2016-09-06T12:25:03Z",
            "author_association": "MEMBER",
            "body": "@wgwz Are you interested in fixing this as well?\n"
        },
        {
            "url": "https://api.github.com/repos/pallets/flask/issues/comments/244951557",
            "html_url": "https://github.com/pallets/flask/issues/1980#issuecomment-244951557",
            "issue_url": "https://api.github.com/repos/pallets/flask/issues/1980",
            "id": 244951557,
            "node_id": "MDEyOklzc3VlQ29tbWVudDI0NDk1MTU1Nw==",
            "user": {
                "login": "wgwz",
                "id": 10120306,
                "node_id": "MDQ6VXNlcjEwMTIwMzA2",
                "avatar_url": "https://avatars2.githubusercontent.com/u/10120306?v=4",
                "gravatar_id": "",
                "url": "https://api.github.com/users/wgwz",
                "html_url": "https://github.com/wgwz",
                "followers_url": "https://api.github.com/users/wgwz/followers",
                "following_url": "https://api.github.com/users/wgwz/following{/other_user}",
                "gists_url": "https://api.github.com/users/wgwz/gists{/gist_id}",
                "starred_url": "https://api.github.com/users/wgwz/starred{/owner}{/repo}",
                "subscriptions_url": "https://api.github.com/users/wgwz/subscriptions",
                "organizations_url": "https://api.github.com/users/wgwz/orgs",
                "repos_url": "https://api.github.com/users/wgwz/repos",
                "events_url": "https://api.github.com/users/wgwz/events{/privacy}",
                "received_events_url": "https://api.github.com/users/wgwz/received_events",
                "type": "User",
                "site_admin": false
            },
            "created_at": "2016-09-06T13:35:03Z",
            "updated_at": "2016-09-06T13:35:03Z",
            "author_association": "CONTRIBUTOR",
            "body": "Sure, I've actually had this on my to-do list :) I will work on it this week.\n"
        },
        {
            "url": "https://api.github.com/repos/pallets/flask/issues/comments/246049285",
            "html_url": "https://github.com/pallets/flask/issues/1980#issuecomment-246049285",
            "issue_url": "https://api.github.com/repos/pallets/flask/issues/1980",
            "id": 246049285,
            "node_id": "MDEyOklzc3VlQ29tbWVudDI0NjA0OTI4NQ==",
            "user": {
                "login": "wgwz",
                "id": 10120306,
                "node_id": "MDQ6VXNlcjEwMTIwMzA2",
                "avatar_url": "https://avatars2.githubusercontent.com/u/10120306?v=4",
                "gravatar_id": "",
                "url": "https://api.github.com/users/wgwz",
                "html_url": "https://github.com/wgwz",
                "followers_url": "https://api.github.com/users/wgwz/followers",
                "following_url": "https://api.github.com/users/wgwz/following{/other_user}",
                "gists_url": "https://api.github.com/users/wgwz/gists{/gist_id}",
                "starred_url": "https://api.github.com/users/wgwz/starred{/owner}{/repo}",
                "subscriptions_url": "https://api.github.com/users/wgwz/subscriptions",
                "organizations_url": "https://api.github.com/users/wgwz/orgs",
                "repos_url": "https://api.github.com/users/wgwz/repos",
                "events_url": "https://api.github.com/users/wgwz/events{/privacy}",
                "received_events_url": "https://api.github.com/users/wgwz/received_events",
                "type": "User",
                "site_admin": false
            },
            "created_at": "2016-09-09T21:44:49Z",
            "updated_at": "2016-09-09T21:45:21Z",
            "author_association": "CONTRIBUTOR",
            "body": "Do we want to add a _setup.py_ into this pattern? Or use `export FLASK_APP=runserver.py`? It seems that the only way to remove _runserver.py_, is if we install _yourapplication/_ as a package (use setuptools) or use `export FLASK_APP=yourapplication/__init__.py`? @untitaker What do you think we should do here? \n"
        },
        {
            "url": "https://api.github.com/repos/pallets/flask/issues/comments/246076137",
            "html_url": "https://github.com/pallets/flask/issues/1980#issuecomment-246076137",
            "issue_url": "https://api.github.com/repos/pallets/flask/issues/1980",
            "id": 246076137,
            "node_id": "MDEyOklzc3VlQ29tbWVudDI0NjA3NjEzNw==",
            "user": {
                "login": "untitaker",
                "id": 837573,
                "node_id": "MDQ6VXNlcjgzNzU3Mw==",
                "avatar_url": "https://avatars0.githubusercontent.com/u/837573?v=4",
                "gravatar_id": "",
                "url": "https://api.github.com/users/untitaker",
                "html_url": "https://github.com/untitaker",
                "followers_url": "https://api.github.com/users/untitaker/followers",
                "following_url": "https://api.github.com/users/untitaker/following{/other_user}",
                "gists_url": "https://api.github.com/users/untitaker/gists{/gist_id}",
                "starred_url": "https://api.github.com/users/untitaker/starred{/owner}{/repo}",
                "subscriptions_url": "https://api.github.com/users/untitaker/subscriptions",
                "organizations_url": "https://api.github.com/users/untitaker/orgs",
                "repos_url": "https://api.github.com/users/untitaker/repos",
                "events_url": "https://api.github.com/users/untitaker/events{/privacy}",
                "received_events_url": "https://api.github.com/users/untitaker/received_events",
                "type": "User",
                "site_admin": false
            },
            "created_at": "2016-09-10T00:46:46Z",
            "updated_at": "2016-09-10T00:46:46Z",
            "author_association": "MEMBER",
            "body": "Adding a setup.py is the correct thing to do.\n\nOn 9 September 2016 23:45:00 CEST, Kyle Lawlor notifications@github.com wrote:\n\n> Do we want to add a _setup.py_ into this pattern? Or use `export\n> FLASK_APP=runserver.py`? It seems that the only way to remove\n> _runserver.py_, is if we install _yourapplication/_ as a package or use\n> `export FLASK_APP=yourapplication/__init__.py`? @untitaker What do you\n> think we should do here? \n> \n> ## \n> \n> You are receiving this because you were mentioned.\n> Reply to this email directly or view it on GitHub:\n> https://github.com/pallets/flask/issues/1980#issuecomment-246049285\n\n## \n\nSent from my Android device with K-9 Mail. Please excuse my brevity.\n"
        },
        {
            "url": "https://api.github.com/repos/pallets/flask/issues/comments/246187452",
            "html_url": "https://github.com/pallets/flask/issues/1980#issuecomment-246187452",
            "issue_url": "https://api.github.com/repos/pallets/flask/issues/1980",
            "id": 246187452,
            "node_id": "MDEyOklzc3VlQ29tbWVudDI0NjE4NzQ1Mg==",
            "user": {
                "login": "untitaker",
                "id": 837573,
                "node_id": "MDQ6VXNlcjgzNzU3Mw==",
                "avatar_url": "https://avatars0.githubusercontent.com/u/837573?v=4",
                "gravatar_id": "",
                "url": "https://api.github.com/users/untitaker",
                "html_url": "https://github.com/untitaker",
                "followers_url": "https://api.github.com/users/untitaker/followers",
                "following_url": "https://api.github.com/users/untitaker/following{/other_user}",
                "gists_url": "https://api.github.com/users/untitaker/gists{/gist_id}",
                "starred_url": "https://api.github.com/users/untitaker/starred{/owner}{/repo}",
                "subscriptions_url": "https://api.github.com/users/untitaker/subscriptions",
                "organizations_url": "https://api.github.com/users/untitaker/orgs",
                "repos_url": "https://api.github.com/users/untitaker/repos",
                "events_url": "https://api.github.com/users/untitaker/events{/privacy}",
                "received_events_url": "https://api.github.com/users/untitaker/received_events",
                "type": "User",
                "site_admin": false
            },
            "created_at": "2016-09-11T15:53:50Z",
            "updated_at": "2016-09-11T15:53:50Z",
            "author_association": "MEMBER",
            "body": "Does #2021 close this issue completely @wgwz?\n"
        },
        {
            "url": "https://api.github.com/repos/pallets/flask/issues/comments/246188031",
            "html_url": "https://github.com/pallets/flask/issues/1980#issuecomment-246188031",
            "issue_url": "https://api.github.com/repos/pallets/flask/issues/1980",
            "id": 246188031,
            "node_id": "MDEyOklzc3VlQ29tbWVudDI0NjE4ODAzMQ==",
            "user": {
                "login": "wgwz",
                "id": 10120306,
                "node_id": "MDQ6VXNlcjEwMTIwMzA2",
                "avatar_url": "https://avatars2.githubusercontent.com/u/10120306?v=4",
                "gravatar_id": "",
                "url": "https://api.github.com/users/wgwz",
                "html_url": "https://github.com/wgwz",
                "followers_url": "https://api.github.com/users/wgwz/followers",
                "following_url": "https://api.github.com/users/wgwz/following{/other_user}",
                "gists_url": "https://api.github.com/users/wgwz/gists{/gist_id}",
                "starred_url": "https://api.github.com/users/wgwz/starred{/owner}{/repo}",
                "subscriptions_url": "https://api.github.com/users/wgwz/subscriptions",
                "organizations_url": "https://api.github.com/users/wgwz/orgs",
                "repos_url": "https://api.github.com/users/wgwz/repos",
                "events_url": "https://api.github.com/users/wgwz/events{/privacy}",
                "received_events_url": "https://api.github.com/users/wgwz/received_events",
                "type": "User",
                "site_admin": false
            },
            "created_at": "2016-09-11T16:05:16Z",
            "updated_at": "2016-09-11T16:05:16Z",
            "author_association": "CONTRIBUTOR",
            "body": "Yup. \n"
        },
        {
            "url": "https://api.github.com/repos/pallets/flask/issues/comments/246188048",
            "html_url": "https://github.com/pallets/flask/issues/1980#issuecomment-246188048",
            "issue_url": "https://api.github.com/repos/pallets/flask/issues/1980",
            "id": 246188048,
            "node_id": "MDEyOklzc3VlQ29tbWVudDI0NjE4ODA0OA==",
            "user": {
                "login": "untitaker",
                "id": 837573,
                "node_id": "MDQ6VXNlcjgzNzU3Mw==",
                "avatar_url": "https://avatars0.githubusercontent.com/u/837573?v=4",
                "gravatar_id": "",
                "url": "https://api.github.com/users/untitaker",
                "html_url": "https://github.com/untitaker",
                "followers_url": "https://api.github.com/users/untitaker/followers",
                "following_url": "https://api.github.com/users/untitaker/following{/other_user}",
                "gists_url": "https://api.github.com/users/untitaker/gists{/gist_id}",
                "starred_url": "https://api.github.com/users/untitaker/starred{/owner}{/repo}",
                "subscriptions_url": "https://api.github.com/users/untitaker/subscriptions",
                "organizations_url": "https://api.github.com/users/untitaker/orgs",
                "repos_url": "https://api.github.com/users/untitaker/repos",
                "events_url": "https://api.github.com/users/untitaker/events{/privacy}",
                "received_events_url": "https://api.github.com/users/untitaker/received_events",
                "type": "User",
                "site_admin": false
            },
            "created_at": "2016-09-11T16:05:31Z",
            "updated_at": "2016-09-11T16:05:31Z",
            "author_association": "MEMBER",
            "body": ":100:\n"
        }
    ]
}