{
    "url": "https://api.github.com/repos/pallets/flask/issues/1981",
    "repository_url": "https://api.github.com/repos/pallets/flask",
    "labels_url": "https://api.github.com/repos/pallets/flask/issues/1981/labels{/name}",
    "comments_url": "https://api.github.com/repos/pallets/flask/issues/1981/comments",
    "events_url": "https://api.github.com/repos/pallets/flask/issues/1981/events",
    "html_url": "https://github.com/pallets/flask/pull/1981",
    "id": 170741277,
    "node_id": "MDExOlB1bGxSZXF1ZXN0ODEwMjcxOTY=",
    "number": 1981,
    "title": "Fix line 31 for conformity with PEP-8",
    "user": {
        "login": "blancheta",
        "id": 8169011,
        "node_id": "MDQ6VXNlcjgxNjkwMTE=",
        "avatar_url": "https://avatars0.githubusercontent.com/u/8169011?v=4",
        "gravatar_id": "",
        "url": "https://api.github.com/users/blancheta",
        "html_url": "https://github.com/blancheta",
        "followers_url": "https://api.github.com/users/blancheta/followers",
        "following_url": "https://api.github.com/users/blancheta/following{/other_user}",
        "gists_url": "https://api.github.com/users/blancheta/gists{/gist_id}",
        "starred_url": "https://api.github.com/users/blancheta/starred{/owner}{/repo}",
        "subscriptions_url": "https://api.github.com/users/blancheta/subscriptions",
        "organizations_url": "https://api.github.com/users/blancheta/orgs",
        "repos_url": "https://api.github.com/users/blancheta/repos",
        "events_url": "https://api.github.com/users/blancheta/events{/privacy}",
        "received_events_url": "https://api.github.com/users/blancheta/received_events",
        "type": "User",
        "site_admin": false
    },
    "labels": [],
    "state": "closed",
    "locked": false,
    "assignee": null,
    "assignees": [],
    "milestone": null,
    "comments": 1,
    "created_at": "2016-08-11T20:42:22Z",
    "updated_at": "2016-08-12T00:21:23Z",
    "closed_at": "2016-08-12T00:21:23Z",
    "author_association": "NONE",
    "pull_request": {
        "url": "https://api.github.com/repos/pallets/flask/pulls/1981",
        "html_url": "https://github.com/pallets/flask/pull/1981",
        "diff_url": "https://github.com/pallets/flask/pull/1981.diff",
        "patch_url": "https://github.com/pallets/flask/pull/1981.patch"
    },
    "body": "Hi,\nI fixed this line to conform with PEP-8.\nRegards,\n",
    "comments_inline": [
        {
            "url": "https://api.github.com/repos/pallets/flask/issues/comments/239331745",
            "html_url": "https://github.com/pallets/flask/pull/1981#issuecomment-239331745",
            "issue_url": "https://api.github.com/repos/pallets/flask/issues/1981",
            "id": 239331745,
            "node_id": "MDEyOklzc3VlQ29tbWVudDIzOTMzMTc0NQ==",
            "user": {
                "login": "davidism",
                "id": 1242887,
                "node_id": "MDQ6VXNlcjEyNDI4ODc=",
                "avatar_url": "https://avatars1.githubusercontent.com/u/1242887?v=4",
                "gravatar_id": "",
                "url": "https://api.github.com/users/davidism",
                "html_url": "https://github.com/davidism",
                "followers_url": "https://api.github.com/users/davidism/followers",
                "following_url": "https://api.github.com/users/davidism/following{/other_user}",
                "gists_url": "https://api.github.com/users/davidism/gists{/gist_id}",
                "starred_url": "https://api.github.com/users/davidism/starred{/owner}{/repo}",
                "subscriptions_url": "https://api.github.com/users/davidism/subscriptions",
                "organizations_url": "https://api.github.com/users/davidism/orgs",
                "repos_url": "https://api.github.com/users/davidism/repos",
                "events_url": "https://api.github.com/users/davidism/events{/privacy}",
                "received_events_url": "https://api.github.com/users/davidism/received_events",
                "type": "User",
                "site_admin": false
            },
            "created_at": "2016-08-12T00:21:23Z",
            "updated_at": "2016-08-12T00:21:23Z",
            "author_association": "MEMBER",
            "body": "Thanks, but we're handling any conversion to PEP-8 internally.\n"
        }
    ]
}