{
    "url": "https://api.github.com/repos/pallets/flask/issues/199",
    "repository_url": "https://api.github.com/repos/pallets/flask",
    "labels_url": "https://api.github.com/repos/pallets/flask/issues/199/labels{/name}",
    "comments_url": "https://api.github.com/repos/pallets/flask/issues/199/comments",
    "events_url": "https://api.github.com/repos/pallets/flask/issues/199/events",
    "html_url": "https://github.com/pallets/flask/issues/199",
    "id": 670522,
    "node_id": "MDU6SXNzdWU2NzA1MjI=",
    "number": 199,
    "title": "DispatcherMiddleware and application creating documentation",
    "user": {
        "login": "mitsuhiko",
        "id": 7396,
        "node_id": "MDQ6VXNlcjczOTY=",
        "avatar_url": "https://avatars1.githubusercontent.com/u/7396?v=4",
        "gravatar_id": "",
        "url": "https://api.github.com/users/mitsuhiko",
        "html_url": "https://github.com/mitsuhiko",
        "followers_url": "https://api.github.com/users/mitsuhiko/followers",
        "following_url": "https://api.github.com/users/mitsuhiko/following{/other_user}",
        "gists_url": "https://api.github.com/users/mitsuhiko/gists{/gist_id}",
        "starred_url": "https://api.github.com/users/mitsuhiko/starred{/owner}{/repo}",
        "subscriptions_url": "https://api.github.com/users/mitsuhiko/subscriptions",
        "organizations_url": "https://api.github.com/users/mitsuhiko/orgs",
        "repos_url": "https://api.github.com/users/mitsuhiko/repos",
        "events_url": "https://api.github.com/users/mitsuhiko/events{/privacy}",
        "received_events_url": "https://api.github.com/users/mitsuhiko/received_events",
        "type": "User",
        "site_admin": false
    },
    "labels": [],
    "state": "closed",
    "locked": false,
    "assignee": null,
    "assignees": [],
    "milestone": null,
    "comments": 3,
    "created_at": "2011-03-14T02:16:50Z",
    "updated_at": "2011-06-24T14:33:55Z",
    "closed_at": "2011-06-24T14:33:55Z",
    "author_association": "MEMBER",
    "body": "Multiple applications should be documented on top of dispatcher middleware and some other things.\n",
    "comments_inline": [
        {
            "url": "https://api.github.com/repos/pallets/flask/issues/comments/867655",
            "html_url": "https://github.com/pallets/flask/issues/199#issuecomment-867655",
            "issue_url": "https://api.github.com/repos/pallets/flask/issues/199",
            "id": 867655,
            "node_id": "MDEyOklzc3VlQ29tbWVudDg2NzY1NQ==",
            "user": {
                "login": "akavlie",
                "id": 306444,
                "node_id": "MDQ6VXNlcjMwNjQ0NA==",
                "avatar_url": "https://avatars2.githubusercontent.com/u/306444?v=4",
                "gravatar_id": "",
                "url": "https://api.github.com/users/akavlie",
                "html_url": "https://github.com/akavlie",
                "followers_url": "https://api.github.com/users/akavlie/followers",
                "following_url": "https://api.github.com/users/akavlie/following{/other_user}",
                "gists_url": "https://api.github.com/users/akavlie/gists{/gist_id}",
                "starred_url": "https://api.github.com/users/akavlie/starred{/owner}{/repo}",
                "subscriptions_url": "https://api.github.com/users/akavlie/subscriptions",
                "organizations_url": "https://api.github.com/users/akavlie/orgs",
                "repos_url": "https://api.github.com/users/akavlie/repos",
                "events_url": "https://api.github.com/users/akavlie/events{/privacy}",
                "received_events_url": "https://api.github.com/users/akavlie/received_events",
                "type": "User",
                "site_admin": false
            },
            "created_at": "2011-03-14T03:17:16Z",
            "updated_at": "2011-03-14T03:17:16Z",
            "author_association": "CONTRIBUTOR",
            "body": "Description is a bit vague; I can't find a reference to a \"dispatcher middleware\" in the docs. And what are these mysterious other things?\n"
        },
        {
            "url": "https://api.github.com/repos/pallets/flask/issues/comments/867676",
            "html_url": "https://github.com/pallets/flask/issues/199#issuecomment-867676",
            "issue_url": "https://api.github.com/repos/pallets/flask/issues/199",
            "id": 867676,
            "node_id": "MDEyOklzc3VlQ29tbWVudDg2NzY3Ng==",
            "user": {
                "login": "mitsuhiko",
                "id": 7396,
                "node_id": "MDQ6VXNlcjczOTY=",
                "avatar_url": "https://avatars1.githubusercontent.com/u/7396?v=4",
                "gravatar_id": "",
                "url": "https://api.github.com/users/mitsuhiko",
                "html_url": "https://github.com/mitsuhiko",
                "followers_url": "https://api.github.com/users/mitsuhiko/followers",
                "following_url": "https://api.github.com/users/mitsuhiko/following{/other_user}",
                "gists_url": "https://api.github.com/users/mitsuhiko/gists{/gist_id}",
                "starred_url": "https://api.github.com/users/mitsuhiko/starred{/owner}{/repo}",
                "subscriptions_url": "https://api.github.com/users/mitsuhiko/subscriptions",
                "organizations_url": "https://api.github.com/users/mitsuhiko/orgs",
                "repos_url": "https://api.github.com/users/mitsuhiko/repos",
                "events_url": "https://api.github.com/users/mitsuhiko/events{/privacy}",
                "received_events_url": "https://api.github.com/users/mitsuhiko/received_events",
                "type": "User",
                "site_admin": false
            },
            "created_at": "2011-03-14T03:25:27Z",
            "updated_at": "2011-03-14T03:25:27Z",
            "author_association": "MEMBER",
            "body": "Working on this.\n"
        },
        {
            "url": "https://api.github.com/repos/pallets/flask/issues/comments/1432677",
            "html_url": "https://github.com/pallets/flask/issues/199#issuecomment-1432677",
            "issue_url": "https://api.github.com/repos/pallets/flask/issues/199",
            "id": 1432677,
            "node_id": "MDEyOklzc3VlQ29tbWVudDE0MzI2Nzc=",
            "user": {
                "login": "mitsuhiko",
                "id": 7396,
                "node_id": "MDQ6VXNlcjczOTY=",
                "avatar_url": "https://avatars1.githubusercontent.com/u/7396?v=4",
                "gravatar_id": "",
                "url": "https://api.github.com/users/mitsuhiko",
                "html_url": "https://github.com/mitsuhiko",
                "followers_url": "https://api.github.com/users/mitsuhiko/followers",
                "following_url": "https://api.github.com/users/mitsuhiko/following{/other_user}",
                "gists_url": "https://api.github.com/users/mitsuhiko/gists{/gist_id}",
                "starred_url": "https://api.github.com/users/mitsuhiko/starred{/owner}{/repo}",
                "subscriptions_url": "https://api.github.com/users/mitsuhiko/subscriptions",
                "organizations_url": "https://api.github.com/users/mitsuhiko/orgs",
                "repos_url": "https://api.github.com/users/mitsuhiko/repos",
                "events_url": "https://api.github.com/users/mitsuhiko/events{/privacy}",
                "received_events_url": "https://api.github.com/users/mitsuhiko/received_events",
                "type": "User",
                "site_admin": false
            },
            "created_at": "2011-06-24T14:33:55Z",
            "updated_at": "2011-06-24T14:33:55Z",
            "author_association": "MEMBER",
            "body": "Fixed.\n"
        }
    ]
}