{
    "url": "https://api.github.com/repos/pallets/flask/issues/1991",
    "repository_url": "https://api.github.com/repos/pallets/flask",
    "labels_url": "https://api.github.com/repos/pallets/flask/issues/1991/labels{/name}",
    "comments_url": "https://api.github.com/repos/pallets/flask/issues/1991/comments",
    "events_url": "https://api.github.com/repos/pallets/flask/issues/1991/events",
    "html_url": "https://github.com/pallets/flask/issues/1991",
    "id": 172430706,
    "node_id": "MDU6SXNzdWUxNzI0MzA3MDY=",
    "number": 1991,
    "title": "ExtDeprecationWarning pymongo ",
    "user": {
        "login": "alirezaimi",
        "id": 1029949,
        "node_id": "MDQ6VXNlcjEwMjk5NDk=",
        "avatar_url": "https://avatars2.githubusercontent.com/u/1029949?v=4",
        "gravatar_id": "",
        "url": "https://api.github.com/users/alirezaimi",
        "html_url": "https://github.com/alirezaimi",
        "followers_url": "https://api.github.com/users/alirezaimi/followers",
        "following_url": "https://api.github.com/users/alirezaimi/following{/other_user}",
        "gists_url": "https://api.github.com/users/alirezaimi/gists{/gist_id}",
        "starred_url": "https://api.github.com/users/alirezaimi/starred{/owner}{/repo}",
        "subscriptions_url": "https://api.github.com/users/alirezaimi/subscriptions",
        "organizations_url": "https://api.github.com/users/alirezaimi/orgs",
        "repos_url": "https://api.github.com/users/alirezaimi/repos",
        "events_url": "https://api.github.com/users/alirezaimi/events{/privacy}",
        "received_events_url": "https://api.github.com/users/alirezaimi/received_events",
        "type": "User",
        "site_admin": false
    },
    "labels": [],
    "state": "closed",
    "locked": false,
    "assignee": null,
    "assignees": [],
    "milestone": null,
    "comments": 1,
    "created_at": "2016-08-22T11:34:11Z",
    "updated_at": "2016-08-22T11:35:25Z",
    "closed_at": "2016-08-22T11:35:25Z",
    "author_association": "NONE",
    "body": "`/usr/local/lib/python3.5/dist-packages/flask/exthook.py:71: ExtDeprecationWarning: Importing flask.ext.pymongo is deprecated, use flask_pymongo instead.\n`\n\n```\n# pip3 show flask\n\n---\nMetadata-Version: 2.0\nName: Flask\nVersion: 0.11.1\nSummary: A microframework based on Werkzeug, Jinja2 and good intentions\nHome-page: http://github.com/pallets/flask/\nAuthor: Armin Ronacher\nAuthor-email: armin.ronacher@active-4.com\nInstaller: pip\nLicense: BSD\nLocation: /usr/local/lib/python3.5/dist-packages\nRequires: click, Werkzeug, itsdangerous, Jinja2\nClassifiers:\n  Development Status :: 4 - Beta\n  Environment :: Web Environment\n  Intended Audience :: Developers\n  License :: OSI Approved :: BSD License\n  Operating System :: OS Independent\n  Programming Language :: Python\n  Programming Language :: Python :: 2\n  Programming Language :: Python :: 2.6\n  Programming Language :: Python :: 2.7\n  Programming Language :: Python :: 3\n  Programming Language :: Python :: 3.3\n  Programming Language :: Python :: 3.4\n  Programming Language :: Python :: 3.5\n  Topic :: Internet :: WWW/HTTP :: Dynamic Content\n  Topic :: Software Development :: Libraries :: Python Modules\nEntry-points:\n  [console_scripts]\n  flask=flask.cli:main\n\n```\n\n```\n# apt-cache policy python3\npython3:\n  Installed: 3.5.1-4\n  Candidate: 3.5.1-4\n  Version table:\n *** 3.5.1-4 500\n        500 http://ftp.debian.org/debian testing/main amd64 Packages\n\n```\n",
    "comments_inline": [
        {
            "url": "https://api.github.com/repos/pallets/flask/issues/comments/241387069",
            "html_url": "https://github.com/pallets/flask/issues/1991#issuecomment-241387069",
            "issue_url": "https://api.github.com/repos/pallets/flask/issues/1991",
            "id": 241387069,
            "node_id": "MDEyOklzc3VlQ29tbWVudDI0MTM4NzA2OQ==",
            "user": {
                "login": "ThiefMaster",
                "id": 179599,
                "node_id": "MDQ6VXNlcjE3OTU5OQ==",
                "avatar_url": "https://avatars1.githubusercontent.com/u/179599?v=4",
                "gravatar_id": "",
                "url": "https://api.github.com/users/ThiefMaster",
                "html_url": "https://github.com/ThiefMaster",
                "followers_url": "https://api.github.com/users/ThiefMaster/followers",
                "following_url": "https://api.github.com/users/ThiefMaster/following{/other_user}",
                "gists_url": "https://api.github.com/users/ThiefMaster/gists{/gist_id}",
                "starred_url": "https://api.github.com/users/ThiefMaster/starred{/owner}{/repo}",
                "subscriptions_url": "https://api.github.com/users/ThiefMaster/subscriptions",
                "organizations_url": "https://api.github.com/users/ThiefMaster/orgs",
                "repos_url": "https://api.github.com/users/ThiefMaster/repos",
                "events_url": "https://api.github.com/users/ThiefMaster/events{/privacy}",
                "received_events_url": "https://api.github.com/users/ThiefMaster/received_events",
                "type": "User",
                "site_admin": false
            },
            "created_at": "2016-08-22T11:35:25Z",
            "updated_at": "2016-08-22T11:35:25Z",
            "author_association": "MEMBER",
            "body": "Not sure how this is a Flask issue. Whatever code imports `flask.ext.pymongo` should be changed to import `flask_pymongo` instead.\n"
        }
    ]
}