{
    "url": "https://api.github.com/repos/pallets/flask/issues/1993",
    "repository_url": "https://api.github.com/repos/pallets/flask",
    "labels_url": "https://api.github.com/repos/pallets/flask/issues/1993/labels{/name}",
    "comments_url": "https://api.github.com/repos/pallets/flask/issues/1993/comments",
    "events_url": "https://api.github.com/repos/pallets/flask/issues/1993/events",
    "html_url": "https://github.com/pallets/flask/pull/1993",
    "id": 173206740,
    "node_id": "MDExOlB1bGxSZXF1ZXN0ODI3MjE5NjA=",
    "number": 1993,
    "title": "Disable logger propagation by default",
    "user": {
        "login": "mitsuhiko",
        "id": 7396,
        "node_id": "MDQ6VXNlcjczOTY=",
        "avatar_url": "https://avatars1.githubusercontent.com/u/7396?v=4",
        "gravatar_id": "",
        "url": "https://api.github.com/users/mitsuhiko",
        "html_url": "https://github.com/mitsuhiko",
        "followers_url": "https://api.github.com/users/mitsuhiko/followers",
        "following_url": "https://api.github.com/users/mitsuhiko/following{/other_user}",
        "gists_url": "https://api.github.com/users/mitsuhiko/gists{/gist_id}",
        "starred_url": "https://api.github.com/users/mitsuhiko/starred{/owner}{/repo}",
        "subscriptions_url": "https://api.github.com/users/mitsuhiko/subscriptions",
        "organizations_url": "https://api.github.com/users/mitsuhiko/orgs",
        "repos_url": "https://api.github.com/users/mitsuhiko/repos",
        "events_url": "https://api.github.com/users/mitsuhiko/events{/privacy}",
        "received_events_url": "https://api.github.com/users/mitsuhiko/received_events",
        "type": "User",
        "site_admin": false
    },
    "labels": [],
    "state": "closed",
    "locked": false,
    "assignee": null,
    "assignees": [],
    "milestone": null,
    "comments": 10,
    "created_at": "2016-08-25T13:43:42Z",
    "updated_at": "2017-04-20T19:52:41Z",
    "closed_at": "2016-09-12T18:54:51Z",
    "author_association": "MEMBER",
    "pull_request": {
        "url": "https://api.github.com/repos/pallets/flask/pulls/1993",
        "html_url": "https://github.com/pallets/flask/pull/1993",
        "diff_url": "https://github.com/pallets/flask/pull/1993.diff",
        "patch_url": "https://github.com/pallets/flask/pull/1993.patch"
    },
    "body": "Main motivation for this is that `logging.basicConfig()` otherwise logs\nall things twice by default since the logger propagates upwards to the\ndefault handler.\n\n<!-- Reviewable:start -->\n\n---\n\nThis change is [<img src=\"https://reviewable.io/review_button.svg\" height=\"34\" align=\"absmiddle\" alt=\"Reviewable\"/>](https://reviewable.io/reviews/pallets/flask/1993)\n\n<!-- Reviewable:end -->\n",
    "comments_inline": [
        {
            "url": "https://api.github.com/repos/pallets/flask/issues/comments/242656705",
            "html_url": "https://github.com/pallets/flask/pull/1993#issuecomment-242656705",
            "issue_url": "https://api.github.com/repos/pallets/flask/issues/1993",
            "id": 242656705,
            "node_id": "MDEyOklzc3VlQ29tbWVudDI0MjY1NjcwNQ==",
            "user": {
                "login": "untitaker",
                "id": 837573,
                "node_id": "MDQ6VXNlcjgzNzU3Mw==",
                "avatar_url": "https://avatars0.githubusercontent.com/u/837573?v=4",
                "gravatar_id": "",
                "url": "https://api.github.com/users/untitaker",
                "html_url": "https://github.com/untitaker",
                "followers_url": "https://api.github.com/users/untitaker/followers",
                "following_url": "https://api.github.com/users/untitaker/following{/other_user}",
                "gists_url": "https://api.github.com/users/untitaker/gists{/gist_id}",
                "starred_url": "https://api.github.com/users/untitaker/starred{/owner}{/repo}",
                "subscriptions_url": "https://api.github.com/users/untitaker/subscriptions",
                "organizations_url": "https://api.github.com/users/untitaker/orgs",
                "repos_url": "https://api.github.com/users/untitaker/repos",
                "events_url": "https://api.github.com/users/untitaker/events{/privacy}",
                "received_events_url": "https://api.github.com/users/untitaker/received_events",
                "type": "User",
                "site_admin": false
            },
            "created_at": "2016-08-26T07:51:50Z",
            "updated_at": "2016-08-26T07:51:50Z",
            "author_association": "MEMBER",
            "body": "I feel like a single logging handler should be used at the root.\n"
        },
        {
            "url": "https://api.github.com/repos/pallets/flask/issues/comments/245535897",
            "html_url": "https://github.com/pallets/flask/pull/1993#issuecomment-245535897",
            "issue_url": "https://api.github.com/repos/pallets/flask/issues/1993",
            "id": 245535897,
            "node_id": "MDEyOklzc3VlQ29tbWVudDI0NTUzNTg5Nw==",
            "user": {
                "login": "mitsuhiko",
                "id": 7396,
                "node_id": "MDQ6VXNlcjczOTY=",
                "avatar_url": "https://avatars1.githubusercontent.com/u/7396?v=4",
                "gravatar_id": "",
                "url": "https://api.github.com/users/mitsuhiko",
                "html_url": "https://github.com/mitsuhiko",
                "followers_url": "https://api.github.com/users/mitsuhiko/followers",
                "following_url": "https://api.github.com/users/mitsuhiko/following{/other_user}",
                "gists_url": "https://api.github.com/users/mitsuhiko/gists{/gist_id}",
                "starred_url": "https://api.github.com/users/mitsuhiko/starred{/owner}{/repo}",
                "subscriptions_url": "https://api.github.com/users/mitsuhiko/subscriptions",
                "organizations_url": "https://api.github.com/users/mitsuhiko/orgs",
                "repos_url": "https://api.github.com/users/mitsuhiko/repos",
                "events_url": "https://api.github.com/users/mitsuhiko/events{/privacy}",
                "received_events_url": "https://api.github.com/users/mitsuhiko/received_events",
                "type": "User",
                "site_admin": false
            },
            "created_at": "2016-09-08T08:57:27Z",
            "updated_at": "2016-09-08T08:57:27Z",
            "author_association": "MEMBER",
            "body": "@untitaker you mean remove our own default handler entirely? Generelly I would like to merge this for next release. It tremendously improves what happens if you configure sentry/raven/bugsnag etc.\n"
        },
        {
            "url": "https://api.github.com/repos/pallets/flask/issues/comments/245537334",
            "html_url": "https://github.com/pallets/flask/pull/1993#issuecomment-245537334",
            "issue_url": "https://api.github.com/repos/pallets/flask/issues/1993",
            "id": 245537334,
            "node_id": "MDEyOklzc3VlQ29tbWVudDI0NTUzNzMzNA==",
            "user": {
                "login": "untitaker",
                "id": 837573,
                "node_id": "MDQ6VXNlcjgzNzU3Mw==",
                "avatar_url": "https://avatars0.githubusercontent.com/u/837573?v=4",
                "gravatar_id": "",
                "url": "https://api.github.com/users/untitaker",
                "html_url": "https://github.com/untitaker",
                "followers_url": "https://api.github.com/users/untitaker/followers",
                "following_url": "https://api.github.com/users/untitaker/following{/other_user}",
                "gists_url": "https://api.github.com/users/untitaker/gists{/gist_id}",
                "starred_url": "https://api.github.com/users/untitaker/starred{/owner}{/repo}",
                "subscriptions_url": "https://api.github.com/users/untitaker/subscriptions",
                "organizations_url": "https://api.github.com/users/untitaker/orgs",
                "repos_url": "https://api.github.com/users/untitaker/repos",
                "events_url": "https://api.github.com/users/untitaker/events{/privacy}",
                "received_events_url": "https://api.github.com/users/untitaker/received_events",
                "type": "User",
                "site_admin": false
            },
            "created_at": "2016-09-08T09:03:10Z",
            "updated_at": "2016-09-08T09:03:10Z",
            "author_association": "MEMBER",
            "body": "Yeah exactly that. What does sentry do wrt logging?\n"
        },
        {
            "url": "https://api.github.com/repos/pallets/flask/issues/comments/246075395",
            "html_url": "https://github.com/pallets/flask/pull/1993#issuecomment-246075395",
            "issue_url": "https://api.github.com/repos/pallets/flask/issues/1993",
            "id": 246075395,
            "node_id": "MDEyOklzc3VlQ29tbWVudDI0NjA3NTM5NQ==",
            "user": {
                "login": "mitsuhiko",
                "id": 7396,
                "node_id": "MDQ6VXNlcjczOTY=",
                "avatar_url": "https://avatars1.githubusercontent.com/u/7396?v=4",
                "gravatar_id": "",
                "url": "https://api.github.com/users/mitsuhiko",
                "html_url": "https://github.com/mitsuhiko",
                "followers_url": "https://api.github.com/users/mitsuhiko/followers",
                "following_url": "https://api.github.com/users/mitsuhiko/following{/other_user}",
                "gists_url": "https://api.github.com/users/mitsuhiko/gists{/gist_id}",
                "starred_url": "https://api.github.com/users/mitsuhiko/starred{/owner}{/repo}",
                "subscriptions_url": "https://api.github.com/users/mitsuhiko/subscriptions",
                "organizations_url": "https://api.github.com/users/mitsuhiko/orgs",
                "repos_url": "https://api.github.com/users/mitsuhiko/repos",
                "events_url": "https://api.github.com/users/mitsuhiko/events{/privacy}",
                "received_events_url": "https://api.github.com/users/mitsuhiko/received_events",
                "type": "User",
                "site_admin": false
            },
            "created_at": "2016-09-10T00:37:39Z",
            "updated_at": "2016-09-10T00:37:39Z",
            "author_association": "MEMBER",
            "body": "@untitaker sentry is not that important. Anything that configures the logging system will break currently. You can just issue `logging.basicConfig()` and you get all exceptions twice. It just shows up with those things like sentry more because errors are reported twice there in the UI. (Though sentry is less affected since it dedupes in the raven client. Others do not).\n"
        },
        {
            "url": "https://api.github.com/repos/pallets/flask/issues/comments/246122131",
            "html_url": "https://github.com/pallets/flask/pull/1993#issuecomment-246122131",
            "issue_url": "https://api.github.com/repos/pallets/flask/issues/1993",
            "id": 246122131,
            "node_id": "MDEyOklzc3VlQ29tbWVudDI0NjEyMjEzMQ==",
            "user": {
                "login": "untitaker",
                "id": 837573,
                "node_id": "MDQ6VXNlcjgzNzU3Mw==",
                "avatar_url": "https://avatars0.githubusercontent.com/u/837573?v=4",
                "gravatar_id": "",
                "url": "https://api.github.com/users/untitaker",
                "html_url": "https://github.com/untitaker",
                "followers_url": "https://api.github.com/users/untitaker/followers",
                "following_url": "https://api.github.com/users/untitaker/following{/other_user}",
                "gists_url": "https://api.github.com/users/untitaker/gists{/gist_id}",
                "starred_url": "https://api.github.com/users/untitaker/starred{/owner}{/repo}",
                "subscriptions_url": "https://api.github.com/users/untitaker/subscriptions",
                "organizations_url": "https://api.github.com/users/untitaker/orgs",
                "repos_url": "https://api.github.com/users/untitaker/repos",
                "events_url": "https://api.github.com/users/untitaker/events{/privacy}",
                "received_events_url": "https://api.github.com/users/untitaker/received_events",
                "type": "User",
                "site_admin": false
            },
            "created_at": "2016-09-10T16:47:59Z",
            "updated_at": "2016-09-10T16:47:59Z",
            "author_association": "MEMBER",
            "body": "I feel like you haven't really said what you think of this, or why it is not an alternative:\n\n> I feel like a single logging handler should be used at the root.\n"
        },
        {
            "url": "https://api.github.com/repos/pallets/flask/issues/comments/246168466",
            "html_url": "https://github.com/pallets/flask/pull/1993#issuecomment-246168466",
            "issue_url": "https://api.github.com/repos/pallets/flask/issues/1993",
            "id": 246168466,
            "node_id": "MDEyOklzc3VlQ29tbWVudDI0NjE2ODQ2Ng==",
            "user": {
                "login": "mitsuhiko",
                "id": 7396,
                "node_id": "MDQ6VXNlcjczOTY=",
                "avatar_url": "https://avatars1.githubusercontent.com/u/7396?v=4",
                "gravatar_id": "",
                "url": "https://api.github.com/users/mitsuhiko",
                "html_url": "https://github.com/mitsuhiko",
                "followers_url": "https://api.github.com/users/mitsuhiko/followers",
                "following_url": "https://api.github.com/users/mitsuhiko/following{/other_user}",
                "gists_url": "https://api.github.com/users/mitsuhiko/gists{/gist_id}",
                "starred_url": "https://api.github.com/users/mitsuhiko/starred{/owner}{/repo}",
                "subscriptions_url": "https://api.github.com/users/mitsuhiko/subscriptions",
                "organizations_url": "https://api.github.com/users/mitsuhiko/orgs",
                "repos_url": "https://api.github.com/users/mitsuhiko/repos",
                "events_url": "https://api.github.com/users/mitsuhiko/events{/privacy}",
                "received_events_url": "https://api.github.com/users/mitsuhiko/received_events",
                "type": "User",
                "site_admin": false
            },
            "created_at": "2016-09-11T08:24:44Z",
            "updated_at": "2016-09-11T08:24:44Z",
            "author_association": "MEMBER",
            "body": "@untitaker as i said I'm not sure what you mean by that. Do you mean we should not configure our own log handler? Because we can't change what `logging.basicConfig()` does which does install a default handler.\n"
        },
        {
            "url": "https://api.github.com/repos/pallets/flask/issues/comments/246169470",
            "html_url": "https://github.com/pallets/flask/pull/1993#issuecomment-246169470",
            "issue_url": "https://api.github.com/repos/pallets/flask/issues/1993",
            "id": 246169470,
            "node_id": "MDEyOklzc3VlQ29tbWVudDI0NjE2OTQ3MA==",
            "user": {
                "login": "untitaker",
                "id": 837573,
                "node_id": "MDQ6VXNlcjgzNzU3Mw==",
                "avatar_url": "https://avatars0.githubusercontent.com/u/837573?v=4",
                "gravatar_id": "",
                "url": "https://api.github.com/users/untitaker",
                "html_url": "https://github.com/untitaker",
                "followers_url": "https://api.github.com/users/untitaker/followers",
                "following_url": "https://api.github.com/users/untitaker/following{/other_user}",
                "gists_url": "https://api.github.com/users/untitaker/gists{/gist_id}",
                "starred_url": "https://api.github.com/users/untitaker/starred{/owner}{/repo}",
                "subscriptions_url": "https://api.github.com/users/untitaker/subscriptions",
                "organizations_url": "https://api.github.com/users/untitaker/orgs",
                "repos_url": "https://api.github.com/users/untitaker/repos",
                "events_url": "https://api.github.com/users/untitaker/events{/privacy}",
                "received_events_url": "https://api.github.com/users/untitaker/received_events",
                "type": "User",
                "site_admin": false
            },
            "created_at": "2016-09-11T08:52:19Z",
            "updated_at": "2016-09-11T08:52:19Z",
            "author_association": "MEMBER",
            "body": "I replied with \"yeah exactly that\"\n"
        },
        {
            "url": "https://api.github.com/repos/pallets/flask/issues/comments/246171059",
            "html_url": "https://github.com/pallets/flask/pull/1993#issuecomment-246171059",
            "issue_url": "https://api.github.com/repos/pallets/flask/issues/1993",
            "id": 246171059,
            "node_id": "MDEyOklzc3VlQ29tbWVudDI0NjE3MTA1OQ==",
            "user": {
                "login": "untitaker",
                "id": 837573,
                "node_id": "MDQ6VXNlcjgzNzU3Mw==",
                "avatar_url": "https://avatars0.githubusercontent.com/u/837573?v=4",
                "gravatar_id": "",
                "url": "https://api.github.com/users/untitaker",
                "html_url": "https://github.com/untitaker",
                "followers_url": "https://api.github.com/users/untitaker/followers",
                "following_url": "https://api.github.com/users/untitaker/following{/other_user}",
                "gists_url": "https://api.github.com/users/untitaker/gists{/gist_id}",
                "starred_url": "https://api.github.com/users/untitaker/starred{/owner}{/repo}",
                "subscriptions_url": "https://api.github.com/users/untitaker/subscriptions",
                "organizations_url": "https://api.github.com/users/untitaker/orgs",
                "repos_url": "https://api.github.com/users/untitaker/repos",
                "events_url": "https://api.github.com/users/untitaker/events{/privacy}",
                "received_events_url": "https://api.github.com/users/untitaker/received_events",
                "type": "User",
                "site_admin": false
            },
            "created_at": "2016-09-11T09:34:11Z",
            "updated_at": "2016-09-11T09:34:11Z",
            "author_association": "MEMBER",
            "body": "Also note that I don't have any opinion on that topic, this is just for\nthe sake of having evaluated all alternatives <3\n\nOn Sun, Sep 11, 2016 at 01:24:54AM -0700, Armin Ronacher wrote:\n\n> @untitaker as i said I'm not sure what you mean by that. Do you mean we should not configure our own log handler? Because we can't change what `logging.basicConfig()` does which does install a default handler.\n> \n> ## \n> \n> You are receiving this because you were mentioned.\n> Reply to this email directly or view it on GitHub:\n> https://github.com/pallets/flask/pull/1993#issuecomment-246168466\n"
        },
        {
            "url": "https://api.github.com/repos/pallets/flask/issues/comments/246452382",
            "html_url": "https://github.com/pallets/flask/pull/1993#issuecomment-246452382",
            "issue_url": "https://api.github.com/repos/pallets/flask/issues/1993",
            "id": 246452382,
            "node_id": "MDEyOklzc3VlQ29tbWVudDI0NjQ1MjM4Mg==",
            "user": {
                "login": "mitsuhiko",
                "id": 7396,
                "node_id": "MDQ6VXNlcjczOTY=",
                "avatar_url": "https://avatars1.githubusercontent.com/u/7396?v=4",
                "gravatar_id": "",
                "url": "https://api.github.com/users/mitsuhiko",
                "html_url": "https://github.com/mitsuhiko",
                "followers_url": "https://api.github.com/users/mitsuhiko/followers",
                "following_url": "https://api.github.com/users/mitsuhiko/following{/other_user}",
                "gists_url": "https://api.github.com/users/mitsuhiko/gists{/gist_id}",
                "starred_url": "https://api.github.com/users/mitsuhiko/starred{/owner}{/repo}",
                "subscriptions_url": "https://api.github.com/users/mitsuhiko/subscriptions",
                "organizations_url": "https://api.github.com/users/mitsuhiko/orgs",
                "repos_url": "https://api.github.com/users/mitsuhiko/repos",
                "events_url": "https://api.github.com/users/mitsuhiko/events{/privacy}",
                "received_events_url": "https://api.github.com/users/mitsuhiko/received_events",
                "type": "User",
                "site_admin": false
            },
            "created_at": "2016-09-12T18:53:20Z",
            "updated_at": "2016-09-12T18:53:20Z",
            "author_association": "MEMBER",
            "body": "I will merge this.\n"
        },
        {
            "url": "https://api.github.com/repos/pallets/flask/issues/comments/246461230",
            "html_url": "https://github.com/pallets/flask/pull/1993#issuecomment-246461230",
            "issue_url": "https://api.github.com/repos/pallets/flask/issues/1993",
            "id": 246461230,
            "node_id": "MDEyOklzc3VlQ29tbWVudDI0NjQ2MTIzMA==",
            "user": {
                "login": "untitaker",
                "id": 837573,
                "node_id": "MDQ6VXNlcjgzNzU3Mw==",
                "avatar_url": "https://avatars0.githubusercontent.com/u/837573?v=4",
                "gravatar_id": "",
                "url": "https://api.github.com/users/untitaker",
                "html_url": "https://github.com/untitaker",
                "followers_url": "https://api.github.com/users/untitaker/followers",
                "following_url": "https://api.github.com/users/untitaker/following{/other_user}",
                "gists_url": "https://api.github.com/users/untitaker/gists{/gist_id}",
                "starred_url": "https://api.github.com/users/untitaker/starred{/owner}{/repo}",
                "subscriptions_url": "https://api.github.com/users/untitaker/subscriptions",
                "organizations_url": "https://api.github.com/users/untitaker/orgs",
                "repos_url": "https://api.github.com/users/untitaker/repos",
                "events_url": "https://api.github.com/users/untitaker/events{/privacy}",
                "received_events_url": "https://api.github.com/users/untitaker/received_events",
                "type": "User",
                "site_admin": false
            },
            "created_at": "2016-09-12T19:22:19Z",
            "updated_at": "2016-09-12T19:22:19Z",
            "author_association": "MEMBER",
            "body": "I would still like to hear some sort of rationale, longer or shorter. Not because I want to educate myself at the expense of your time, but because I think it will serve as a useful reference when later this behavior will possibly be changed again.\n"
        }
    ]
}