{
    "url": "https://api.github.com/repos/pallets/flask/issues/1996",
    "repository_url": "https://api.github.com/repos/pallets/flask",
    "labels_url": "https://api.github.com/repos/pallets/flask/issues/1996/labels{/name}",
    "comments_url": "https://api.github.com/repos/pallets/flask/issues/1996/comments",
    "events_url": "https://api.github.com/repos/pallets/flask/issues/1996/events",
    "html_url": "https://github.com/pallets/flask/pull/1996",
    "id": 173594059,
    "node_id": "MDExOlB1bGxSZXF1ZXN0ODI5ODY5MDM=",
    "number": 1996,
    "title": "Only passthrough_errors if PROPAGATE_EXCEPTIONS",
    "user": {
        "login": "untitaker",
        "id": 837573,
        "node_id": "MDQ6VXNlcjgzNzU3Mw==",
        "avatar_url": "https://avatars0.githubusercontent.com/u/837573?v=4",
        "gravatar_id": "",
        "url": "https://api.github.com/users/untitaker",
        "html_url": "https://github.com/untitaker",
        "followers_url": "https://api.github.com/users/untitaker/followers",
        "following_url": "https://api.github.com/users/untitaker/following{/other_user}",
        "gists_url": "https://api.github.com/users/untitaker/gists{/gist_id}",
        "starred_url": "https://api.github.com/users/untitaker/starred{/owner}{/repo}",
        "subscriptions_url": "https://api.github.com/users/untitaker/subscriptions",
        "organizations_url": "https://api.github.com/users/untitaker/orgs",
        "repos_url": "https://api.github.com/users/untitaker/repos",
        "events_url": "https://api.github.com/users/untitaker/events{/privacy}",
        "received_events_url": "https://api.github.com/users/untitaker/received_events",
        "type": "User",
        "site_admin": false
    },
    "labels": [],
    "state": "closed",
    "locked": false,
    "assignee": null,
    "assignees": [],
    "milestone": null,
    "comments": 2,
    "created_at": "2016-08-27T12:33:58Z",
    "updated_at": "2016-08-27T16:59:47Z",
    "closed_at": "2016-08-27T16:33:08Z",
    "author_association": "MEMBER",
    "pull_request": {
        "url": "https://api.github.com/repos/pallets/flask/pulls/1996",
        "html_url": "https://github.com/pallets/flask/pull/1996",
        "diff_url": "https://github.com/pallets/flask/pull/1996.diff",
        "patch_url": "https://github.com/pallets/flask/pull/1996.patch"
    },
    "body": "See pallets/werkzeug#954\n\n<!-- Reviewable:start -->\n\n---\n\nThis change is [<img src=\"https://reviewable.io/review_button.svg\" height=\"34\" align=\"absmiddle\" alt=\"Reviewable\"/>](https://reviewable.io/reviews/pallets/flask/1996)\n\n<!-- Reviewable:end -->\n",
    "comments_inline": [
        {
            "url": "https://api.github.com/repos/pallets/flask/issues/comments/242928228",
            "html_url": "https://github.com/pallets/flask/pull/1996#issuecomment-242928228",
            "issue_url": "https://api.github.com/repos/pallets/flask/issues/1996",
            "id": 242928228,
            "node_id": "MDEyOklzc3VlQ29tbWVudDI0MjkyODIyOA==",
            "user": {
                "login": "miguelgrinberg",
                "id": 2715854,
                "node_id": "MDQ6VXNlcjI3MTU4NTQ=",
                "avatar_url": "https://avatars0.githubusercontent.com/u/2715854?v=4",
                "gravatar_id": "",
                "url": "https://api.github.com/users/miguelgrinberg",
                "html_url": "https://github.com/miguelgrinberg",
                "followers_url": "https://api.github.com/users/miguelgrinberg/followers",
                "following_url": "https://api.github.com/users/miguelgrinberg/following{/other_user}",
                "gists_url": "https://api.github.com/users/miguelgrinberg/gists{/gist_id}",
                "starred_url": "https://api.github.com/users/miguelgrinberg/starred{/owner}{/repo}",
                "subscriptions_url": "https://api.github.com/users/miguelgrinberg/subscriptions",
                "organizations_url": "https://api.github.com/users/miguelgrinberg/orgs",
                "repos_url": "https://api.github.com/users/miguelgrinberg/repos",
                "events_url": "https://api.github.com/users/miguelgrinberg/events{/privacy}",
                "received_events_url": "https://api.github.com/users/miguelgrinberg/received_events",
                "type": "User",
                "site_admin": false
            },
            "created_at": "2016-08-27T16:56:53Z",
            "updated_at": "2016-08-27T16:56:53Z",
            "author_association": "MEMBER",
            "body": "Should this be backported to 0.11? Seems pretty safe.\n"
        },
        {
            "url": "https://api.github.com/repos/pallets/flask/issues/comments/242928369",
            "html_url": "https://github.com/pallets/flask/pull/1996#issuecomment-242928369",
            "issue_url": "https://api.github.com/repos/pallets/flask/issues/1996",
            "id": 242928369,
            "node_id": "MDEyOklzc3VlQ29tbWVudDI0MjkyODM2OQ==",
            "user": {
                "login": "untitaker",
                "id": 837573,
                "node_id": "MDQ6VXNlcjgzNzU3Mw==",
                "avatar_url": "https://avatars0.githubusercontent.com/u/837573?v=4",
                "gravatar_id": "",
                "url": "https://api.github.com/users/untitaker",
                "html_url": "https://github.com/untitaker",
                "followers_url": "https://api.github.com/users/untitaker/followers",
                "following_url": "https://api.github.com/users/untitaker/following{/other_user}",
                "gists_url": "https://api.github.com/users/untitaker/gists{/gist_id}",
                "starred_url": "https://api.github.com/users/untitaker/starred{/owner}{/repo}",
                "subscriptions_url": "https://api.github.com/users/untitaker/subscriptions",
                "organizations_url": "https://api.github.com/users/untitaker/orgs",
                "repos_url": "https://api.github.com/users/untitaker/repos",
                "events_url": "https://api.github.com/users/untitaker/events{/privacy}",
                "received_events_url": "https://api.github.com/users/untitaker/received_events",
                "type": "User",
                "site_admin": false
            },
            "created_at": "2016-08-27T16:59:47Z",
            "updated_at": "2016-08-27T16:59:47Z",
            "author_association": "MEMBER",
            "body": "It's technically a behavior change so I'd rather not.\n\nOn 27 August 2016 18:57:03 CEST, Miguel Grinberg notifications@github.com wrote:\n\n> Should this be backported to 0.11? Seems pretty safe.\n> \n> ## \n> \n> You are receiving this because you modified the open/close state.\n> Reply to this email directly or view it on GitHub:\n> https://github.com/pallets/flask/pull/1996#issuecomment-242928228\n\n## \n\nSent from my Android device with K-9 Mail. Please excuse my brevity.\n"
        }
    ]
}