{
    "url": "https://api.github.com/repos/pallets/flask/issues/1998",
    "repository_url": "https://api.github.com/repos/pallets/flask",
    "labels_url": "https://api.github.com/repos/pallets/flask/issues/1998/labels{/name}",
    "comments_url": "https://api.github.com/repos/pallets/flask/issues/1998/comments",
    "events_url": "https://api.github.com/repos/pallets/flask/issues/1998/events",
    "html_url": "https://github.com/pallets/flask/pull/1998",
    "id": 173842001,
    "node_id": "MDExOlB1bGxSZXF1ZXN0ODMxNDU5OTc=",
    "number": 1998,
    "title": "Spelling",
    "user": {
        "login": "jsoref",
        "id": 2119212,
        "node_id": "MDQ6VXNlcjIxMTkyMTI=",
        "avatar_url": "https://avatars0.githubusercontent.com/u/2119212?v=4",
        "gravatar_id": "",
        "url": "https://api.github.com/users/jsoref",
        "html_url": "https://github.com/jsoref",
        "followers_url": "https://api.github.com/users/jsoref/followers",
        "following_url": "https://api.github.com/users/jsoref/following{/other_user}",
        "gists_url": "https://api.github.com/users/jsoref/gists{/gist_id}",
        "starred_url": "https://api.github.com/users/jsoref/starred{/owner}{/repo}",
        "subscriptions_url": "https://api.github.com/users/jsoref/subscriptions",
        "organizations_url": "https://api.github.com/users/jsoref/orgs",
        "repos_url": "https://api.github.com/users/jsoref/repos",
        "events_url": "https://api.github.com/users/jsoref/events{/privacy}",
        "received_events_url": "https://api.github.com/users/jsoref/received_events",
        "type": "User",
        "site_admin": false
    },
    "labels": [],
    "state": "closed",
    "locked": false,
    "assignee": null,
    "assignees": [],
    "milestone": null,
    "comments": 1,
    "created_at": "2016-08-29T18:39:34Z",
    "updated_at": "2018-10-23T17:43:53Z",
    "closed_at": "2016-08-29T22:26:20Z",
    "author_association": "CONTRIBUTOR",
    "pull_request": {
        "url": "https://api.github.com/repos/pallets/flask/pulls/1998",
        "html_url": "https://github.com/pallets/flask/pull/1998",
        "diff_url": "https://github.com/pallets/flask/pull/1998.diff",
        "patch_url": "https://github.com/pallets/flask/pull/1998.patch"
    },
    "body": "<!-- Reviewable:start -->\n\nThis change is [<img src=\"https://reviewable.io/review_button.svg\" height=\"34\" align=\"absmiddle\" alt=\"Reviewable\"/>](https://reviewable.io/reviews/pallets/flask/1998)\n\n<!-- Reviewable:end -->\n",
    "comments_inline": [
        {
            "url": "https://api.github.com/repos/pallets/flask/issues/comments/243276785",
            "html_url": "https://github.com/pallets/flask/pull/1998#issuecomment-243276785",
            "issue_url": "https://api.github.com/repos/pallets/flask/issues/1998",
            "id": 243276785,
            "node_id": "MDEyOklzc3VlQ29tbWVudDI0MzI3Njc4NQ==",
            "user": {
                "login": "untitaker",
                "id": 837573,
                "node_id": "MDQ6VXNlcjgzNzU3Mw==",
                "avatar_url": "https://avatars0.githubusercontent.com/u/837573?v=4",
                "gravatar_id": "",
                "url": "https://api.github.com/users/untitaker",
                "html_url": "https://github.com/untitaker",
                "followers_url": "https://api.github.com/users/untitaker/followers",
                "following_url": "https://api.github.com/users/untitaker/following{/other_user}",
                "gists_url": "https://api.github.com/users/untitaker/gists{/gist_id}",
                "starred_url": "https://api.github.com/users/untitaker/starred{/owner}{/repo}",
                "subscriptions_url": "https://api.github.com/users/untitaker/subscriptions",
                "organizations_url": "https://api.github.com/users/untitaker/orgs",
                "repos_url": "https://api.github.com/users/untitaker/repos",
                "events_url": "https://api.github.com/users/untitaker/events{/privacy}",
                "received_events_url": "https://api.github.com/users/untitaker/received_events",
                "type": "User",
                "site_admin": false
            },
            "created_at": "2016-08-29T22:26:22Z",
            "updated_at": "2016-08-29T22:26:22Z",
            "author_association": "MEMBER",
            "body": "Thanks!\n"
        }
    ]
}