{
    "url": "https://api.github.com/repos/pallets/flask/issues/1999",
    "repository_url": "https://api.github.com/repos/pallets/flask",
    "labels_url": "https://api.github.com/repos/pallets/flask/issues/1999/labels{/name}",
    "comments_url": "https://api.github.com/repos/pallets/flask/issues/1999/comments",
    "events_url": "https://api.github.com/repos/pallets/flask/issues/1999/events",
    "html_url": "https://github.com/pallets/flask/issues/1999",
    "id": 174198440,
    "node_id": "MDU6SXNzdWUxNzQxOTg0NDA=",
    "number": 1999,
    "title": "Proposal : splitting the config logic into a different package.",
    "user": {
        "login": "asmodehn",
        "id": 221256,
        "node_id": "MDQ6VXNlcjIyMTI1Ng==",
        "avatar_url": "https://avatars0.githubusercontent.com/u/221256?v=4",
        "gravatar_id": "",
        "url": "https://api.github.com/users/asmodehn",
        "html_url": "https://github.com/asmodehn",
        "followers_url": "https://api.github.com/users/asmodehn/followers",
        "following_url": "https://api.github.com/users/asmodehn/following{/other_user}",
        "gists_url": "https://api.github.com/users/asmodehn/gists{/gist_id}",
        "starred_url": "https://api.github.com/users/asmodehn/starred{/owner}{/repo}",
        "subscriptions_url": "https://api.github.com/users/asmodehn/subscriptions",
        "organizations_url": "https://api.github.com/users/asmodehn/orgs",
        "repos_url": "https://api.github.com/users/asmodehn/repos",
        "events_url": "https://api.github.com/users/asmodehn/events{/privacy}",
        "received_events_url": "https://api.github.com/users/asmodehn/received_events",
        "type": "User",
        "site_admin": false
    },
    "labels": [],
    "state": "closed",
    "locked": false,
    "assignee": null,
    "assignees": [],
    "milestone": null,
    "comments": 0,
    "created_at": "2016-08-31T06:56:44Z",
    "updated_at": "2017-04-26T06:16:01Z",
    "closed_at": "2017-04-26T06:16:01Z",
    "author_association": "NONE",
    "body": "The config logic of flask is potentially useful for any other long running python server software.\n\nI extracted it, extended is and started using it for my own projects : https://github.com/asmodehn/pyros-config.\n\nIt would be good if there was a dedicated (pallets) project for that part, not only in flask, so other could collaborate on it.\n\nThoughts ?\n"
}