{
    "url": "https://api.github.com/repos/pallets/flask/issues/2",
    "repository_url": "https://api.github.com/repos/pallets/flask",
    "labels_url": "https://api.github.com/repos/pallets/flask/issues/2/labels{/name}",
    "comments_url": "https://api.github.com/repos/pallets/flask/issues/2/comments",
    "events_url": "https://api.github.com/repos/pallets/flask/issues/2/events",
    "html_url": "https://github.com/pallets/flask/issues/2",
    "id": 170444,
    "node_id": "MDU6SXNzdWUxNzA0NDQ=",
    "number": 2,
    "title": "Get rid of the decorator function registering",
    "user": {
        "login": "justquick",
        "id": 35289,
        "node_id": "MDQ6VXNlcjM1Mjg5",
        "avatar_url": "https://avatars2.githubusercontent.com/u/35289?v=4",
        "gravatar_id": "",
        "url": "https://api.github.com/users/justquick",
        "html_url": "https://github.com/justquick",
        "followers_url": "https://api.github.com/users/justquick/followers",
        "following_url": "https://api.github.com/users/justquick/following{/other_user}",
        "gists_url": "https://api.github.com/users/justquick/gists{/gist_id}",
        "starred_url": "https://api.github.com/users/justquick/starred{/owner}{/repo}",
        "subscriptions_url": "https://api.github.com/users/justquick/subscriptions",
        "organizations_url": "https://api.github.com/users/justquick/orgs",
        "repos_url": "https://api.github.com/users/justquick/repos",
        "events_url": "https://api.github.com/users/justquick/events{/privacy}",
        "received_events_url": "https://api.github.com/users/justquick/received_events",
        "type": "User",
        "site_admin": false
    },
    "labels": [],
    "state": "closed",
    "locked": false,
    "assignee": null,
    "assignees": [],
    "milestone": null,
    "comments": 1,
    "created_at": "2010-04-13T03:31:38Z",
    "updated_at": "2010-04-13T10:53:09Z",
    "closed_at": "2010-04-13T10:53:09Z",
    "author_association": "CONTRIBUTOR",
    "body": "Causes a lot of troubles for applications that have circular dependencies. It also requires that the whole application is imported when the system initializes or certain URLs will not be available right away.\n",
    "comments_inline": [
        {
            "url": "https://api.github.com/repos/pallets/flask/issues/comments/185820",
            "html_url": "https://github.com/pallets/flask/issues/2#issuecomment-185820",
            "issue_url": "https://api.github.com/repos/pallets/flask/issues/2",
            "id": 185820,
            "node_id": "MDEyOklzc3VlQ29tbWVudDE4NTgyMA==",
            "user": {
                "login": "mitsuhiko",
                "id": 7396,
                "node_id": "MDQ6VXNlcjczOTY=",
                "avatar_url": "https://avatars1.githubusercontent.com/u/7396?v=4",
                "gravatar_id": "",
                "url": "https://api.github.com/users/mitsuhiko",
                "html_url": "https://github.com/mitsuhiko",
                "followers_url": "https://api.github.com/users/mitsuhiko/followers",
                "following_url": "https://api.github.com/users/mitsuhiko/following{/other_user}",
                "gists_url": "https://api.github.com/users/mitsuhiko/gists{/gist_id}",
                "starred_url": "https://api.github.com/users/mitsuhiko/starred{/owner}{/repo}",
                "subscriptions_url": "https://api.github.com/users/mitsuhiko/subscriptions",
                "organizations_url": "https://api.github.com/users/mitsuhiko/orgs",
                "repos_url": "https://api.github.com/users/mitsuhiko/repos",
                "events_url": "https://api.github.com/users/mitsuhiko/events{/privacy}",
                "received_events_url": "https://api.github.com/users/mitsuhiko/received_events",
                "type": "User",
                "site_admin": false
            },
            "created_at": "2010-04-13T10:52:40Z",
            "updated_at": "2010-04-13T10:52:40Z",
            "author_association": "MEMBER",
            "body": "Agree with that but Flask is not designed for larger scale applications, see the becomingbig part of the documentation.\n"
        }
    ]
}