{
    "url": "https://api.github.com/repos/pallets/flask/issues/20",
    "repository_url": "https://api.github.com/repos/pallets/flask",
    "labels_url": "https://api.github.com/repos/pallets/flask/issues/20/labels{/name}",
    "comments_url": "https://api.github.com/repos/pallets/flask/issues/20/comments",
    "events_url": "https://api.github.com/repos/pallets/flask/issues/20/events",
    "html_url": "https://github.com/pallets/flask/issues/20",
    "id": 183701,
    "node_id": "MDU6SXNzdWUxODM3MDE=",
    "number": 20,
    "title": "Docs should mention Query Args for url_for",
    "user": {
        "login": "mitsuhiko",
        "id": 7396,
        "node_id": "MDQ6VXNlcjczOTY=",
        "avatar_url": "https://avatars1.githubusercontent.com/u/7396?v=4",
        "gravatar_id": "",
        "url": "https://api.github.com/users/mitsuhiko",
        "html_url": "https://github.com/mitsuhiko",
        "followers_url": "https://api.github.com/users/mitsuhiko/followers",
        "following_url": "https://api.github.com/users/mitsuhiko/following{/other_user}",
        "gists_url": "https://api.github.com/users/mitsuhiko/gists{/gist_id}",
        "starred_url": "https://api.github.com/users/mitsuhiko/starred{/owner}{/repo}",
        "subscriptions_url": "https://api.github.com/users/mitsuhiko/subscriptions",
        "organizations_url": "https://api.github.com/users/mitsuhiko/orgs",
        "repos_url": "https://api.github.com/users/mitsuhiko/repos",
        "events_url": "https://api.github.com/users/mitsuhiko/events{/privacy}",
        "received_events_url": "https://api.github.com/users/mitsuhiko/received_events",
        "type": "User",
        "site_admin": false
    },
    "labels": [],
    "state": "closed",
    "locked": false,
    "assignee": null,
    "assignees": [],
    "milestone": null,
    "comments": 1,
    "created_at": "2010-04-30T08:59:39Z",
    "updated_at": "2010-05-02T09:36:47Z",
    "closed_at": "2010-05-02T09:36:47Z",
    "author_association": "MEMBER",
    "body": "Right now the docs to not mention that url_for can generate query arguments as well. That should be fixed.\n",
    "comments_inline": [
        {
            "url": "https://api.github.com/repos/pallets/flask/issues/comments/227252",
            "html_url": "https://github.com/pallets/flask/issues/20#issuecomment-227252",
            "issue_url": "https://api.github.com/repos/pallets/flask/issues/20",
            "id": 227252,
            "node_id": "MDEyOklzc3VlQ29tbWVudDIyNzI1Mg==",
            "user": {
                "login": "mitsuhiko",
                "id": 7396,
                "node_id": "MDQ6VXNlcjczOTY=",
                "avatar_url": "https://avatars1.githubusercontent.com/u/7396?v=4",
                "gravatar_id": "",
                "url": "https://api.github.com/users/mitsuhiko",
                "html_url": "https://github.com/mitsuhiko",
                "followers_url": "https://api.github.com/users/mitsuhiko/followers",
                "following_url": "https://api.github.com/users/mitsuhiko/following{/other_user}",
                "gists_url": "https://api.github.com/users/mitsuhiko/gists{/gist_id}",
                "starred_url": "https://api.github.com/users/mitsuhiko/starred{/owner}{/repo}",
                "subscriptions_url": "https://api.github.com/users/mitsuhiko/subscriptions",
                "organizations_url": "https://api.github.com/users/mitsuhiko/orgs",
                "repos_url": "https://api.github.com/users/mitsuhiko/repos",
                "events_url": "https://api.github.com/users/mitsuhiko/events{/privacy}",
                "received_events_url": "https://api.github.com/users/mitsuhiko/received_events",
                "type": "User",
                "site_admin": false
            },
            "created_at": "2010-05-02T09:36:47Z",
            "updated_at": "2010-05-02T09:36:47Z",
            "author_association": "MEMBER",
            "body": "Docs mention query args now.  This closed by f1603d33f266ab24eda604f76632fa604b91e3f9\n"
        }
    ]
}