{
    "url": "https://api.github.com/repos/pallets/flask/issues/2000",
    "repository_url": "https://api.github.com/repos/pallets/flask",
    "labels_url": "https://api.github.com/repos/pallets/flask/issues/2000/labels{/name}",
    "comments_url": "https://api.github.com/repos/pallets/flask/issues/2000/comments",
    "events_url": "https://api.github.com/repos/pallets/flask/issues/2000/events",
    "html_url": "https://github.com/pallets/flask/pull/2000",
    "id": 174319905,
    "node_id": "MDExOlB1bGxSZXF1ZXN0ODM0ODY2NTA=",
    "number": 2000,
    "title": "Better workflow for flaskr and other basic apps",
    "user": {
        "login": "wgwz",
        "id": 10120306,
        "node_id": "MDQ6VXNlcjEwMTIwMzA2",
        "avatar_url": "https://avatars2.githubusercontent.com/u/10120306?v=4",
        "gravatar_id": "",
        "url": "https://api.github.com/users/wgwz",
        "html_url": "https://github.com/wgwz",
        "followers_url": "https://api.github.com/users/wgwz/followers",
        "following_url": "https://api.github.com/users/wgwz/following{/other_user}",
        "gists_url": "https://api.github.com/users/wgwz/gists{/gist_id}",
        "starred_url": "https://api.github.com/users/wgwz/starred{/owner}{/repo}",
        "subscriptions_url": "https://api.github.com/users/wgwz/subscriptions",
        "organizations_url": "https://api.github.com/users/wgwz/orgs",
        "repos_url": "https://api.github.com/users/wgwz/repos",
        "events_url": "https://api.github.com/users/wgwz/events{/privacy}",
        "received_events_url": "https://api.github.com/users/wgwz/received_events",
        "type": "User",
        "site_admin": false
    },
    "labels": [],
    "state": "closed",
    "locked": false,
    "assignee": null,
    "assignees": [],
    "milestone": null,
    "comments": 2,
    "created_at": "2016-08-31T16:32:29Z",
    "updated_at": "2016-08-31T17:05:00Z",
    "closed_at": "2016-08-31T16:37:36Z",
    "author_association": "CONTRIBUTOR",
    "pull_request": {
        "url": "https://api.github.com/repos/pallets/flask/pulls/2000",
        "html_url": "https://github.com/pallets/flask/pull/2000",
        "diff_url": "https://github.com/pallets/flask/pull/2000.diff",
        "patch_url": "https://github.com/pallets/flask/pull/2000.patch"
    },
    "body": "- adds `from flaskr import app` to top-level in flaskr module\n- effect is that `export FLASK_APP=flaskr` works over the more verbose\n  `export FLASK_APP=flaskr.flask`\n- see the readme for how to run\n- all tests are passing with `py.test` or `python setup.py test` (in\n  venv)\n\n<!-- Reviewable:start -->\n\n---\n\nThis change is [<img src=\"https://reviewable.io/review_button.svg\" height=\"34\" align=\"absmiddle\" alt=\"Reviewable\"/>](https://reviewable.io/reviews/pallets/flask/2000)\n\n<!-- Reviewable:end -->\n",
    "comments_inline": [
        {
            "url": "https://api.github.com/repos/pallets/flask/issues/comments/243823688",
            "html_url": "https://github.com/pallets/flask/pull/2000#issuecomment-243823688",
            "issue_url": "https://api.github.com/repos/pallets/flask/issues/2000",
            "id": 243823688,
            "node_id": "MDEyOklzc3VlQ29tbWVudDI0MzgyMzY4OA==",
            "user": {
                "login": "untitaker",
                "id": 837573,
                "node_id": "MDQ6VXNlcjgzNzU3Mw==",
                "avatar_url": "https://avatars0.githubusercontent.com/u/837573?v=4",
                "gravatar_id": "",
                "url": "https://api.github.com/users/untitaker",
                "html_url": "https://github.com/untitaker",
                "followers_url": "https://api.github.com/users/untitaker/followers",
                "following_url": "https://api.github.com/users/untitaker/following{/other_user}",
                "gists_url": "https://api.github.com/users/untitaker/gists{/gist_id}",
                "starred_url": "https://api.github.com/users/untitaker/starred{/owner}{/repo}",
                "subscriptions_url": "https://api.github.com/users/untitaker/subscriptions",
                "organizations_url": "https://api.github.com/users/untitaker/orgs",
                "repos_url": "https://api.github.com/users/untitaker/repos",
                "events_url": "https://api.github.com/users/untitaker/events{/privacy}",
                "received_events_url": "https://api.github.com/users/untitaker/received_events",
                "type": "User",
                "site_admin": false
            },
            "created_at": "2016-08-31T16:37:37Z",
            "updated_at": "2016-08-31T16:37:37Z",
            "author_association": "MEMBER",
            "body": "Thanks!\n"
        },
        {
            "url": "https://api.github.com/repos/pallets/flask/issues/comments/243827945",
            "html_url": "https://github.com/pallets/flask/pull/2000#issuecomment-243827945",
            "issue_url": "https://api.github.com/repos/pallets/flask/issues/2000",
            "id": 243827945,
            "node_id": "MDEyOklzc3VlQ29tbWVudDI0MzgyNzk0NQ==",
            "user": {
                "login": "wgwz",
                "id": 10120306,
                "node_id": "MDQ6VXNlcjEwMTIwMzA2",
                "avatar_url": "https://avatars2.githubusercontent.com/u/10120306?v=4",
                "gravatar_id": "",
                "url": "https://api.github.com/users/wgwz",
                "html_url": "https://github.com/wgwz",
                "followers_url": "https://api.github.com/users/wgwz/followers",
                "following_url": "https://api.github.com/users/wgwz/following{/other_user}",
                "gists_url": "https://api.github.com/users/wgwz/gists{/gist_id}",
                "starred_url": "https://api.github.com/users/wgwz/starred{/owner}{/repo}",
                "subscriptions_url": "https://api.github.com/users/wgwz/subscriptions",
                "organizations_url": "https://api.github.com/users/wgwz/orgs",
                "repos_url": "https://api.github.com/users/wgwz/repos",
                "events_url": "https://api.github.com/users/wgwz/events{/privacy}",
                "received_events_url": "https://api.github.com/users/wgwz/received_events",
                "type": "User",
                "site_admin": false
            },
            "created_at": "2016-08-31T16:52:04Z",
            "updated_at": "2016-08-31T17:05:00Z",
            "author_association": "CONTRIBUTOR",
            "body": "No problem. I'm going to push another commit soon updating the tutorial docs (testing section). _On a different branch, in a different PR of course_ :)\n"
        }
    ]
}