{
    "url": "https://api.github.com/repos/pallets/flask/issues/2001",
    "repository_url": "https://api.github.com/repos/pallets/flask",
    "labels_url": "https://api.github.com/repos/pallets/flask/issues/2001/labels{/name}",
    "comments_url": "https://api.github.com/repos/pallets/flask/issues/2001/comments",
    "events_url": "https://api.github.com/repos/pallets/flask/issues/2001/events",
    "html_url": "https://github.com/pallets/flask/pull/2001",
    "id": 174361070,
    "node_id": "MDExOlB1bGxSZXF1ZXN0ODM1MTYzMzU=",
    "number": 2001,
    "title": "Fix small grammar error in Documentation (Of/Or)",
    "user": {
        "login": "pheanex",
        "id": 10408624,
        "node_id": "MDQ6VXNlcjEwNDA4NjI0",
        "avatar_url": "https://avatars1.githubusercontent.com/u/10408624?v=4",
        "gravatar_id": "",
        "url": "https://api.github.com/users/pheanex",
        "html_url": "https://github.com/pheanex",
        "followers_url": "https://api.github.com/users/pheanex/followers",
        "following_url": "https://api.github.com/users/pheanex/following{/other_user}",
        "gists_url": "https://api.github.com/users/pheanex/gists{/gist_id}",
        "starred_url": "https://api.github.com/users/pheanex/starred{/owner}{/repo}",
        "subscriptions_url": "https://api.github.com/users/pheanex/subscriptions",
        "organizations_url": "https://api.github.com/users/pheanex/orgs",
        "repos_url": "https://api.github.com/users/pheanex/repos",
        "events_url": "https://api.github.com/users/pheanex/events{/privacy}",
        "received_events_url": "https://api.github.com/users/pheanex/received_events",
        "type": "User",
        "site_admin": false
    },
    "labels": [],
    "state": "closed",
    "locked": false,
    "assignee": null,
    "assignees": [],
    "milestone": null,
    "comments": 0,
    "created_at": "2016-08-31T19:44:20Z",
    "updated_at": "2016-08-31T20:05:12Z",
    "closed_at": "2016-08-31T20:05:12Z",
    "author_association": "CONTRIBUTOR",
    "pull_request": {
        "url": "https://api.github.com/repos/pallets/flask/pulls/2001",
        "html_url": "https://github.com/pallets/flask/pull/2001",
        "diff_url": "https://github.com/pallets/flask/pull/2001.diff",
        "patch_url": "https://github.com/pallets/flask/pull/2001.patch"
    },
    "body": "<!-- Reviewable:start -->\n\nThis change is [<img src=\"https://reviewable.io/review_button.svg\" height=\"34\" align=\"absmiddle\" alt=\"Reviewable\"/>](https://reviewable.io/reviews/pallets/flask/2001)\n\n<!-- Reviewable:end -->\n"
}