{
    "url": "https://api.github.com/repos/pallets/flask/issues/2002",
    "repository_url": "https://api.github.com/repos/pallets/flask",
    "labels_url": "https://api.github.com/repos/pallets/flask/issues/2002/labels{/name}",
    "comments_url": "https://api.github.com/repos/pallets/flask/issues/2002/comments",
    "events_url": "https://api.github.com/repos/pallets/flask/issues/2002/events",
    "html_url": "https://github.com/pallets/flask/pull/2002",
    "id": 174600059,
    "node_id": "MDExOlB1bGxSZXF1ZXN0ODM2ODgwMjc=",
    "number": 2002,
    "title": "Clean up tutorial docs for installable app pattern with flaskr",
    "user": {
        "login": "wgwz",
        "id": 10120306,
        "node_id": "MDQ6VXNlcjEwMTIwMzA2",
        "avatar_url": "https://avatars2.githubusercontent.com/u/10120306?v=4",
        "gravatar_id": "",
        "url": "https://api.github.com/users/wgwz",
        "html_url": "https://github.com/wgwz",
        "followers_url": "https://api.github.com/users/wgwz/followers",
        "following_url": "https://api.github.com/users/wgwz/following{/other_user}",
        "gists_url": "https://api.github.com/users/wgwz/gists{/gist_id}",
        "starred_url": "https://api.github.com/users/wgwz/starred{/owner}{/repo}",
        "subscriptions_url": "https://api.github.com/users/wgwz/subscriptions",
        "organizations_url": "https://api.github.com/users/wgwz/orgs",
        "repos_url": "https://api.github.com/users/wgwz/repos",
        "events_url": "https://api.github.com/users/wgwz/events{/privacy}",
        "received_events_url": "https://api.github.com/users/wgwz/received_events",
        "type": "User",
        "site_admin": false
    },
    "labels": [],
    "state": "closed",
    "locked": false,
    "assignee": null,
    "assignees": [],
    "milestone": null,
    "comments": 7,
    "created_at": "2016-09-01T19:00:45Z",
    "updated_at": "2018-10-23T17:43:53Z",
    "closed_at": "2016-09-08T13:19:48Z",
    "author_association": "CONTRIBUTOR",
    "pull_request": {
        "url": "https://api.github.com/repos/pallets/flask/pulls/2002",
        "html_url": "https://github.com/pallets/flask/pull/2002",
        "diff_url": "https://github.com/pallets/flask/pull/2002.diff",
        "patch_url": "https://github.com/pallets/flask/pull/2002.patch"
    },
    "body": "- reading sequentially through the tutorial works.\n- fixes references to `export FLASK_APP=flaskr.flaskr`\n\n<!-- Reviewable:start -->\n\n---\n\nThis change is [<img src=\"https://reviewable.io/review_button.svg\" height=\"34\" align=\"absmiddle\" alt=\"Reviewable\"/>](https://reviewable.io/reviews/pallets/flask/2002)\n\n<!-- Reviewable:end -->\n",
    "comments_inline": [
        {
            "url": "https://api.github.com/repos/pallets/flask/issues/comments/244190716",
            "html_url": "https://github.com/pallets/flask/pull/2002#issuecomment-244190716",
            "issue_url": "https://api.github.com/repos/pallets/flask/issues/2002",
            "id": 244190716,
            "node_id": "MDEyOklzc3VlQ29tbWVudDI0NDE5MDcxNg==",
            "user": {
                "login": "davidism",
                "id": 1242887,
                "node_id": "MDQ6VXNlcjEyNDI4ODc=",
                "avatar_url": "https://avatars1.githubusercontent.com/u/1242887?v=4",
                "gravatar_id": "",
                "url": "https://api.github.com/users/davidism",
                "html_url": "https://github.com/davidism",
                "followers_url": "https://api.github.com/users/davidism/followers",
                "following_url": "https://api.github.com/users/davidism/following{/other_user}",
                "gists_url": "https://api.github.com/users/davidism/gists{/gist_id}",
                "starred_url": "https://api.github.com/users/davidism/starred{/owner}{/repo}",
                "subscriptions_url": "https://api.github.com/users/davidism/subscriptions",
                "organizations_url": "https://api.github.com/users/davidism/orgs",
                "repos_url": "https://api.github.com/users/davidism/repos",
                "events_url": "https://api.github.com/users/davidism/events{/privacy}",
                "received_events_url": "https://api.github.com/users/davidism/received_events",
                "type": "User",
                "site_admin": false
            },
            "created_at": "2016-09-01T19:46:38Z",
            "updated_at": "2016-09-01T19:47:12Z",
            "author_association": "MEMBER",
            "body": "It would be nice to link to https://packaging.python.org rather than mentioning setuptools directly, since it's the official comprehensive documentation on creating installable packages.\n"
        },
        {
            "url": "https://api.github.com/repos/pallets/flask/issues/comments/244248028",
            "html_url": "https://github.com/pallets/flask/pull/2002#issuecomment-244248028",
            "issue_url": "https://api.github.com/repos/pallets/flask/issues/2002",
            "id": 244248028,
            "node_id": "MDEyOklzc3VlQ29tbWVudDI0NDI0ODAyOA==",
            "user": {
                "login": "wgwz",
                "id": 10120306,
                "node_id": "MDQ6VXNlcjEwMTIwMzA2",
                "avatar_url": "https://avatars2.githubusercontent.com/u/10120306?v=4",
                "gravatar_id": "",
                "url": "https://api.github.com/users/wgwz",
                "html_url": "https://github.com/wgwz",
                "followers_url": "https://api.github.com/users/wgwz/followers",
                "following_url": "https://api.github.com/users/wgwz/following{/other_user}",
                "gists_url": "https://api.github.com/users/wgwz/gists{/gist_id}",
                "starred_url": "https://api.github.com/users/wgwz/starred{/owner}{/repo}",
                "subscriptions_url": "https://api.github.com/users/wgwz/subscriptions",
                "organizations_url": "https://api.github.com/users/wgwz/orgs",
                "repos_url": "https://api.github.com/users/wgwz/repos",
                "events_url": "https://api.github.com/users/wgwz/events{/privacy}",
                "received_events_url": "https://api.github.com/users/wgwz/received_events",
                "type": "User",
                "site_admin": false
            },
            "created_at": "2016-09-02T00:02:26Z",
            "updated_at": "2016-09-02T00:02:26Z",
            "author_association": "CONTRIBUTOR",
            "body": "@davidism does that mean you just want an extra sentence or two worked into the tutorial somewhere with that information? is there a particular instance of mentioning setuptools that you have in mind?\n"
        },
        {
            "url": "https://api.github.com/repos/pallets/flask/issues/comments/244249217",
            "html_url": "https://github.com/pallets/flask/pull/2002#issuecomment-244249217",
            "issue_url": "https://api.github.com/repos/pallets/flask/issues/2002",
            "id": 244249217,
            "node_id": "MDEyOklzc3VlQ29tbWVudDI0NDI0OTIxNw==",
            "user": {
                "login": "wgwz",
                "id": 10120306,
                "node_id": "MDQ6VXNlcjEwMTIwMzA2",
                "avatar_url": "https://avatars2.githubusercontent.com/u/10120306?v=4",
                "gravatar_id": "",
                "url": "https://api.github.com/users/wgwz",
                "html_url": "https://github.com/wgwz",
                "followers_url": "https://api.github.com/users/wgwz/followers",
                "following_url": "https://api.github.com/users/wgwz/following{/other_user}",
                "gists_url": "https://api.github.com/users/wgwz/gists{/gist_id}",
                "starred_url": "https://api.github.com/users/wgwz/starred{/owner}{/repo}",
                "subscriptions_url": "https://api.github.com/users/wgwz/subscriptions",
                "organizations_url": "https://api.github.com/users/wgwz/orgs",
                "repos_url": "https://api.github.com/users/wgwz/repos",
                "events_url": "https://api.github.com/users/wgwz/events{/privacy}",
                "received_events_url": "https://api.github.com/users/wgwz/received_events",
                "type": "User",
                "site_admin": false
            },
            "created_at": "2016-09-02T00:11:14Z",
            "updated_at": "2016-09-02T00:11:14Z",
            "author_association": "CONTRIBUTOR",
            "body": "@davidism i think i understand what you want. change the link for setuptools and then add a couple lines describing packaging.python.org.  \n"
        },
        {
            "url": "https://api.github.com/repos/pallets/flask/issues/comments/244704220",
            "html_url": "https://github.com/pallets/flask/pull/2002#issuecomment-244704220",
            "issue_url": "https://api.github.com/repos/pallets/flask/issues/2002",
            "id": 244704220,
            "node_id": "MDEyOklzc3VlQ29tbWVudDI0NDcwNDIyMA==",
            "user": {
                "login": "untitaker",
                "id": 837573,
                "node_id": "MDQ6VXNlcjgzNzU3Mw==",
                "avatar_url": "https://avatars0.githubusercontent.com/u/837573?v=4",
                "gravatar_id": "",
                "url": "https://api.github.com/users/untitaker",
                "html_url": "https://github.com/untitaker",
                "followers_url": "https://api.github.com/users/untitaker/followers",
                "following_url": "https://api.github.com/users/untitaker/following{/other_user}",
                "gists_url": "https://api.github.com/users/untitaker/gists{/gist_id}",
                "starred_url": "https://api.github.com/users/untitaker/starred{/owner}{/repo}",
                "subscriptions_url": "https://api.github.com/users/untitaker/subscriptions",
                "organizations_url": "https://api.github.com/users/untitaker/orgs",
                "repos_url": "https://api.github.com/users/untitaker/repos",
                "events_url": "https://api.github.com/users/untitaker/events{/privacy}",
                "received_events_url": "https://api.github.com/users/untitaker/received_events",
                "type": "User",
                "site_admin": false
            },
            "created_at": "2016-09-05T09:39:50Z",
            "updated_at": "2016-09-05T09:39:57Z",
            "author_association": "MEMBER",
            "body": "I'm a bit unhappy about how a lot of changes are squashed into one commit.\n"
        },
        {
            "url": "https://api.github.com/repos/pallets/flask/issues/comments/244754664",
            "html_url": "https://github.com/pallets/flask/pull/2002#issuecomment-244754664",
            "issue_url": "https://api.github.com/repos/pallets/flask/issues/2002",
            "id": 244754664,
            "node_id": "MDEyOklzc3VlQ29tbWVudDI0NDc1NDY2NA==",
            "user": {
                "login": "wgwz",
                "id": 10120306,
                "node_id": "MDQ6VXNlcjEwMTIwMzA2",
                "avatar_url": "https://avatars2.githubusercontent.com/u/10120306?v=4",
                "gravatar_id": "",
                "url": "https://api.github.com/users/wgwz",
                "html_url": "https://github.com/wgwz",
                "followers_url": "https://api.github.com/users/wgwz/followers",
                "following_url": "https://api.github.com/users/wgwz/following{/other_user}",
                "gists_url": "https://api.github.com/users/wgwz/gists{/gist_id}",
                "starred_url": "https://api.github.com/users/wgwz/starred{/owner}{/repo}",
                "subscriptions_url": "https://api.github.com/users/wgwz/subscriptions",
                "organizations_url": "https://api.github.com/users/wgwz/orgs",
                "repos_url": "https://api.github.com/users/wgwz/repos",
                "events_url": "https://api.github.com/users/wgwz/events{/privacy}",
                "received_events_url": "https://api.github.com/users/wgwz/received_events",
                "type": "User",
                "site_admin": false
            },
            "created_at": "2016-09-05T14:04:54Z",
            "updated_at": "2016-09-05T14:04:54Z",
            "author_association": "CONTRIBUTOR",
            "body": "@untitaker Thanks for the feedback, I'll definitely make the suggested changes. \n\n> I'm a bit unhappy about how a lot of changes are squashed into one commit.\n\nWhat should I do next time? One commit/file? I'm a bit confused, I've seen comments on other PRs suggesting to squash commits. Let me know if you would like me to refile the PR.\n"
        },
        {
            "url": "https://api.github.com/repos/pallets/flask/issues/comments/244755413",
            "html_url": "https://github.com/pallets/flask/pull/2002#issuecomment-244755413",
            "issue_url": "https://api.github.com/repos/pallets/flask/issues/2002",
            "id": 244755413,
            "node_id": "MDEyOklzc3VlQ29tbWVudDI0NDc1NTQxMw==",
            "user": {
                "login": "untitaker",
                "id": 837573,
                "node_id": "MDQ6VXNlcjgzNzU3Mw==",
                "avatar_url": "https://avatars0.githubusercontent.com/u/837573?v=4",
                "gravatar_id": "",
                "url": "https://api.github.com/users/untitaker",
                "html_url": "https://github.com/untitaker",
                "followers_url": "https://api.github.com/users/untitaker/followers",
                "following_url": "https://api.github.com/users/untitaker/following{/other_user}",
                "gists_url": "https://api.github.com/users/untitaker/gists{/gist_id}",
                "starred_url": "https://api.github.com/users/untitaker/starred{/owner}{/repo}",
                "subscriptions_url": "https://api.github.com/users/untitaker/subscriptions",
                "organizations_url": "https://api.github.com/users/untitaker/orgs",
                "repos_url": "https://api.github.com/users/untitaker/repos",
                "events_url": "https://api.github.com/users/untitaker/events{/privacy}",
                "received_events_url": "https://api.github.com/users/untitaker/received_events",
                "type": "User",
                "site_admin": false
            },
            "created_at": "2016-09-05T14:08:32Z",
            "updated_at": "2016-09-05T14:08:32Z",
            "author_association": "MEMBER",
            "body": "In principle it's better to have separate PRs for unrelated changes, and\nseparate commits for sligthly related or interdependent changes. Sometimes we\nask people to squash all commits because there are a lot of commits that fix\ntypos in previous ones, or make changes wished by the reviewer.\n\nOn Mon, Sep 05, 2016 at 07:05:05AM -0700, Kyle Lawlor wrote:\n\n> @untitaker Thanks for the feedback, I'll definitely make the suggested changes. \n> \n> > I'm a bit unhappy about how a lot of changes are squashed into one commit.\n> \n> What should I do next time? One commit/file? I'm a bit confused, I've seen comments on other PRs suggesting to squash commits. Let me know if you would like me to refile the PR.\n> \n> ## \n> \n> You are receiving this because you were mentioned.\n> Reply to this email directly or view it on GitHub:\n> https://github.com/pallets/flask/pull/2002#issuecomment-244754664\n"
        },
        {
            "url": "https://api.github.com/repos/pallets/flask/issues/comments/245594491",
            "html_url": "https://github.com/pallets/flask/pull/2002#issuecomment-245594491",
            "issue_url": "https://api.github.com/repos/pallets/flask/issues/2002",
            "id": 245594491,
            "node_id": "MDEyOklzc3VlQ29tbWVudDI0NTU5NDQ5MQ==",
            "user": {
                "login": "untitaker",
                "id": 837573,
                "node_id": "MDQ6VXNlcjgzNzU3Mw==",
                "avatar_url": "https://avatars0.githubusercontent.com/u/837573?v=4",
                "gravatar_id": "",
                "url": "https://api.github.com/users/untitaker",
                "html_url": "https://github.com/untitaker",
                "followers_url": "https://api.github.com/users/untitaker/followers",
                "following_url": "https://api.github.com/users/untitaker/following{/other_user}",
                "gists_url": "https://api.github.com/users/untitaker/gists{/gist_id}",
                "starred_url": "https://api.github.com/users/untitaker/starred{/owner}{/repo}",
                "subscriptions_url": "https://api.github.com/users/untitaker/subscriptions",
                "organizations_url": "https://api.github.com/users/untitaker/orgs",
                "repos_url": "https://api.github.com/users/untitaker/repos",
                "events_url": "https://api.github.com/users/untitaker/events{/privacy}",
                "received_events_url": "https://api.github.com/users/untitaker/received_events",
                "type": "User",
                "site_admin": false
            },
            "created_at": "2016-09-08T13:19:51Z",
            "updated_at": "2016-09-08T13:19:51Z",
            "author_association": "MEMBER",
            "body": "Thanks!\n"
        }
    ]
}