{
    "url": "https://api.github.com/repos/pallets/flask/issues/2003",
    "repository_url": "https://api.github.com/repos/pallets/flask",
    "labels_url": "https://api.github.com/repos/pallets/flask/issues/2003/labels{/name}",
    "comments_url": "https://api.github.com/repos/pallets/flask/issues/2003/comments",
    "events_url": "https://api.github.com/repos/pallets/flask/issues/2003/events",
    "html_url": "https://github.com/pallets/flask/pull/2003",
    "id": 174969712,
    "node_id": "MDExOlB1bGxSZXF1ZXN0ODM5MzQwMTA=",
    "number": 2003,
    "title": "Fix error in send_file helper",
    "user": {
        "login": "r-m-n",
        "id": 328776,
        "node_id": "MDQ6VXNlcjMyODc3Ng==",
        "avatar_url": "https://avatars1.githubusercontent.com/u/328776?v=4",
        "gravatar_id": "",
        "url": "https://api.github.com/users/r-m-n",
        "html_url": "https://github.com/r-m-n",
        "followers_url": "https://api.github.com/users/r-m-n/followers",
        "following_url": "https://api.github.com/users/r-m-n/following{/other_user}",
        "gists_url": "https://api.github.com/users/r-m-n/gists{/gist_id}",
        "starred_url": "https://api.github.com/users/r-m-n/starred{/owner}{/repo}",
        "subscriptions_url": "https://api.github.com/users/r-m-n/subscriptions",
        "organizations_url": "https://api.github.com/users/r-m-n/orgs",
        "repos_url": "https://api.github.com/users/r-m-n/repos",
        "events_url": "https://api.github.com/users/r-m-n/events{/privacy}",
        "received_events_url": "https://api.github.com/users/r-m-n/received_events",
        "type": "User",
        "site_admin": false
    },
    "labels": [],
    "state": "closed",
    "locked": false,
    "assignee": null,
    "assignees": [],
    "milestone": null,
    "comments": 0,
    "created_at": "2016-09-04T21:05:34Z",
    "updated_at": "2016-09-04T23:28:05Z",
    "closed_at": "2016-09-04T23:28:05Z",
    "author_association": "CONTRIBUTOR",
    "pull_request": {
        "url": "https://api.github.com/repos/pallets/flask/pulls/2003",
        "html_url": "https://github.com/pallets/flask/pull/2003",
        "diff_url": "https://github.com/pallets/flask/pull/2003.diff",
        "patch_url": "https://github.com/pallets/flask/pull/2003.patch"
    },
    "body": "`mimetype_filename` is not defined, it should be `attachment_filename`\n\n<!-- Reviewable:start -->\n\n---\n\nThis change is [<img src=\"https://reviewable.io/review_button.svg\" height=\"34\" align=\"absmiddle\" alt=\"Reviewable\"/>](https://reviewable.io/reviews/pallets/flask/2003)\n\n<!-- Reviewable:end -->\n"
}