{
    "url": "https://api.github.com/repos/pallets/flask/issues/2004",
    "repository_url": "https://api.github.com/repos/pallets/flask",
    "labels_url": "https://api.github.com/repos/pallets/flask/issues/2004/labels{/name}",
    "comments_url": "https://api.github.com/repos/pallets/flask/issues/2004/comments",
    "events_url": "https://api.github.com/repos/pallets/flask/issues/2004/events",
    "html_url": "https://github.com/pallets/flask/pull/2004",
    "id": 175083685,
    "node_id": "MDExOlB1bGxSZXF1ZXN0ODQwMTA4Nzk=",
    "number": 2004,
    "title": "Correcting Custom Test Client class docs",
    "user": {
        "login": "aqueiros",
        "id": 12710413,
        "node_id": "MDQ6VXNlcjEyNzEwNDEz",
        "avatar_url": "https://avatars2.githubusercontent.com/u/12710413?v=4",
        "gravatar_id": "",
        "url": "https://api.github.com/users/aqueiros",
        "html_url": "https://github.com/aqueiros",
        "followers_url": "https://api.github.com/users/aqueiros/followers",
        "following_url": "https://api.github.com/users/aqueiros/following{/other_user}",
        "gists_url": "https://api.github.com/users/aqueiros/gists{/gist_id}",
        "starred_url": "https://api.github.com/users/aqueiros/starred{/owner}{/repo}",
        "subscriptions_url": "https://api.github.com/users/aqueiros/subscriptions",
        "organizations_url": "https://api.github.com/users/aqueiros/orgs",
        "repos_url": "https://api.github.com/users/aqueiros/repos",
        "events_url": "https://api.github.com/users/aqueiros/events{/privacy}",
        "received_events_url": "https://api.github.com/users/aqueiros/received_events",
        "type": "User",
        "site_admin": false
    },
    "labels": [],
    "state": "closed",
    "locked": false,
    "assignee": null,
    "assignees": [],
    "milestone": null,
    "comments": 1,
    "created_at": "2016-09-05T14:33:09Z",
    "updated_at": "2018-10-23T17:43:53Z",
    "closed_at": "2016-09-05T14:57:00Z",
    "author_association": "CONTRIBUTOR",
    "pull_request": {
        "url": "https://api.github.com/repos/pallets/flask/pulls/2004",
        "html_url": "https://github.com/pallets/flask/pull/2004",
        "diff_url": "https://github.com/pallets/flask/pull/2004.diff",
        "patch_url": "https://github.com/pallets/flask/pull/2004.patch"
    },
    "body": "As it was written, that init could not work as Flask was still trying to call it with no authorization parameter.\n\n<!-- Reviewable:start -->\n\n---\n\nThis change is [<img src=\"https://reviewable.io/review_button.svg\" height=\"34\" align=\"absmiddle\" alt=\"Reviewable\"/>](https://reviewable.io/reviews/pallets/flask/2004)\n\n<!-- Reviewable:end -->\n",
    "comments_inline": [
        {
            "url": "https://api.github.com/repos/pallets/flask/issues/comments/244765669",
            "html_url": "https://github.com/pallets/flask/pull/2004#issuecomment-244765669",
            "issue_url": "https://api.github.com/repos/pallets/flask/issues/2004",
            "id": 244765669,
            "node_id": "MDEyOklzc3VlQ29tbWVudDI0NDc2NTY2OQ==",
            "user": {
                "login": "untitaker",
                "id": 837573,
                "node_id": "MDQ6VXNlcjgzNzU3Mw==",
                "avatar_url": "https://avatars0.githubusercontent.com/u/837573?v=4",
                "gravatar_id": "",
                "url": "https://api.github.com/users/untitaker",
                "html_url": "https://github.com/untitaker",
                "followers_url": "https://api.github.com/users/untitaker/followers",
                "following_url": "https://api.github.com/users/untitaker/following{/other_user}",
                "gists_url": "https://api.github.com/users/untitaker/gists{/gist_id}",
                "starred_url": "https://api.github.com/users/untitaker/starred{/owner}{/repo}",
                "subscriptions_url": "https://api.github.com/users/untitaker/subscriptions",
                "organizations_url": "https://api.github.com/users/untitaker/orgs",
                "repos_url": "https://api.github.com/users/untitaker/repos",
                "events_url": "https://api.github.com/users/untitaker/events{/privacy}",
                "received_events_url": "https://api.github.com/users/untitaker/received_events",
                "type": "User",
                "site_admin": false
            },
            "created_at": "2016-09-05T14:57:03Z",
            "updated_at": "2016-09-05T14:57:03Z",
            "author_association": "MEMBER",
            "body": "Thanks!\n"
        }
    ]
}