{
    "url": "https://api.github.com/repos/pallets/flask/issues/2005",
    "repository_url": "https://api.github.com/repos/pallets/flask",
    "labels_url": "https://api.github.com/repos/pallets/flask/issues/2005/labels{/name}",
    "comments_url": "https://api.github.com/repos/pallets/flask/issues/2005/comments",
    "events_url": "https://api.github.com/repos/pallets/flask/issues/2005/events",
    "html_url": "https://github.com/pallets/flask/issues/2005",
    "id": 175228022,
    "node_id": "MDU6SXNzdWUxNzUyMjgwMjI=",
    "number": 2005,
    "title": "AttributeError: 'DispatchingApp' object has no attribute 'config'",
    "user": {
        "login": "laerus",
        "id": 6930157,
        "node_id": "MDQ6VXNlcjY5MzAxNTc=",
        "avatar_url": "https://avatars0.githubusercontent.com/u/6930157?v=4",
        "gravatar_id": "",
        "url": "https://api.github.com/users/laerus",
        "html_url": "https://github.com/laerus",
        "followers_url": "https://api.github.com/users/laerus/followers",
        "following_url": "https://api.github.com/users/laerus/following{/other_user}",
        "gists_url": "https://api.github.com/users/laerus/gists{/gist_id}",
        "starred_url": "https://api.github.com/users/laerus/starred{/owner}{/repo}",
        "subscriptions_url": "https://api.github.com/users/laerus/subscriptions",
        "organizations_url": "https://api.github.com/users/laerus/orgs",
        "repos_url": "https://api.github.com/users/laerus/repos",
        "events_url": "https://api.github.com/users/laerus/events{/privacy}",
        "received_events_url": "https://api.github.com/users/laerus/received_events",
        "type": "User",
        "site_admin": false
    },
    "labels": [
        {
            "id": 130597497,
            "node_id": "MDU6TGFiZWwxMzA1OTc0OTc=",
            "url": "https://api.github.com/repos/pallets/flask/labels/blocker",
            "name": "blocker",
            "color": "b60205",
            "default": false,
            "description": null
        }
    ],
    "state": "closed",
    "locked": false,
    "assignee": {
        "login": "untitaker",
        "id": 837573,
        "node_id": "MDQ6VXNlcjgzNzU3Mw==",
        "avatar_url": "https://avatars0.githubusercontent.com/u/837573?v=4",
        "gravatar_id": "",
        "url": "https://api.github.com/users/untitaker",
        "html_url": "https://github.com/untitaker",
        "followers_url": "https://api.github.com/users/untitaker/followers",
        "following_url": "https://api.github.com/users/untitaker/following{/other_user}",
        "gists_url": "https://api.github.com/users/untitaker/gists{/gist_id}",
        "starred_url": "https://api.github.com/users/untitaker/starred{/owner}{/repo}",
        "subscriptions_url": "https://api.github.com/users/untitaker/subscriptions",
        "organizations_url": "https://api.github.com/users/untitaker/orgs",
        "repos_url": "https://api.github.com/users/untitaker/repos",
        "events_url": "https://api.github.com/users/untitaker/events{/privacy}",
        "received_events_url": "https://api.github.com/users/untitaker/received_events",
        "type": "User",
        "site_admin": false
    },
    "assignees": [
        {
            "login": "untitaker",
            "id": 837573,
            "node_id": "MDQ6VXNlcjgzNzU3Mw==",
            "avatar_url": "https://avatars0.githubusercontent.com/u/837573?v=4",
            "gravatar_id": "",
            "url": "https://api.github.com/users/untitaker",
            "html_url": "https://github.com/untitaker",
            "followers_url": "https://api.github.com/users/untitaker/followers",
            "following_url": "https://api.github.com/users/untitaker/following{/other_user}",
            "gists_url": "https://api.github.com/users/untitaker/gists{/gist_id}",
            "starred_url": "https://api.github.com/users/untitaker/starred{/owner}{/repo}",
            "subscriptions_url": "https://api.github.com/users/untitaker/subscriptions",
            "organizations_url": "https://api.github.com/users/untitaker/orgs",
            "repos_url": "https://api.github.com/users/untitaker/repos",
            "events_url": "https://api.github.com/users/untitaker/events{/privacy}",
            "received_events_url": "https://api.github.com/users/untitaker/received_events",
            "type": "User",
            "site_admin": false
        }
    ],
    "milestone": null,
    "comments": 1,
    "created_at": "2016-09-06T11:53:13Z",
    "updated_at": "2016-09-06T20:32:38Z",
    "closed_at": "2016-09-06T20:32:34Z",
    "author_association": "NONE",
    "body": "going through the tutorial on latest master, this exception is raised on `flask run`\n(running inside a virtualenv)\n\n```\n>>> flask --version\nFlask 0.11.2-dev\nPython 3.5.2+ (default, Aug  5 2016, 08:07:14) \n[GCC 6.1.1 20160724]\n>>> which -v flask\n/home/laerus/.venvs/flask/bin/flask (from PATH element 0)\n>>> flask run\n * Serving Flask app \"flaskr\"\n * Forcing debug mode off\nTraceback (most recent call last):\n  File \"/home/laerus/.venvs/flask/bin/flask\", line 9, in <module>\n    load_entry_point('Flask==0.11.2.dev0', 'console_scripts', 'flask')()\n  File \"/home/laerus/.venvs/flask/lib/python3.5/site-packages/flask/cli.py\", line 508, in main\n    cli.main(args=args, prog_name=name)\n  File \"/home/laerus/.venvs/flask/lib/python3.5/site-packages/flask/cli.py\", line 374, in main\n    return AppGroup.main(self, *args, **kwargs)\n  File \"/home/laerus/.venvs/flask/lib/python3.5/site-packages/click/core.py\", line 696, in main\n    rv = self.invoke(ctx)\n  File \"/home/laerus/.venvs/flask/lib/python3.5/site-packages/click/core.py\", line 1060, in invoke\n    return _process_result(sub_ctx.command.invoke(sub_ctx))\n  File \"/home/laerus/.venvs/flask/lib/python3.5/site-packages/click/core.py\", line 889, in invoke\n    return ctx.invoke(self.callback, **ctx.params)\n  File \"/home/laerus/.venvs/flask/lib/python3.5/site-packages/click/core.py\", line 534, in invoke\n    return callback(*args, **kwargs)\n  File \"/home/laerus/.venvs/flask/lib/python3.5/site-packages/click/decorators.py\", line 64, in new_func\n    return ctx.invoke(f, obj, *args[1:], **kwargs)\n  File \"/home/laerus/.venvs/flask/lib/python3.5/site-packages/click/core.py\", line 534, in invoke\n    return callback(*args, **kwargs)\n  File \"/home/laerus/.venvs/flask/lib/python3.5/site-packages/flask/cli.py\", line 433, in run_command\n    passthrough_errors=app.config['PROPAGATE_EXCEPTIONS'])\nAttributeError: 'DispatchingApp' object has no attribute 'config'\n```\n",
    "comments_inline": [
        {
            "url": "https://api.github.com/repos/pallets/flask/issues/comments/244935359",
            "html_url": "https://github.com/pallets/flask/issues/2005#issuecomment-244935359",
            "issue_url": "https://api.github.com/repos/pallets/flask/issues/2005",
            "id": 244935359,
            "node_id": "MDEyOklzc3VlQ29tbWVudDI0NDkzNTM1OQ==",
            "user": {
                "login": "laerus",
                "id": 6930157,
                "node_id": "MDQ6VXNlcjY5MzAxNTc=",
                "avatar_url": "https://avatars0.githubusercontent.com/u/6930157?v=4",
                "gravatar_id": "",
                "url": "https://api.github.com/users/laerus",
                "html_url": "https://github.com/laerus",
                "followers_url": "https://api.github.com/users/laerus/followers",
                "following_url": "https://api.github.com/users/laerus/following{/other_user}",
                "gists_url": "https://api.github.com/users/laerus/gists{/gist_id}",
                "starred_url": "https://api.github.com/users/laerus/starred{/owner}{/repo}",
                "subscriptions_url": "https://api.github.com/users/laerus/subscriptions",
                "organizations_url": "https://api.github.com/users/laerus/orgs",
                "repos_url": "https://api.github.com/users/laerus/repos",
                "events_url": "https://api.github.com/users/laerus/events{/privacy}",
                "received_events_url": "https://api.github.com/users/laerus/received_events",
                "type": "User",
                "site_admin": false
            },
            "created_at": "2016-09-06T12:31:00Z",
            "updated_at": "2016-09-06T12:31:28Z",
            "author_association": "NONE",
            "body": "git bisect points to 098ea0c8ca3b2f3c6715b1048bec6a42db6298e1\n\nedit: oh i see you're already on it, thanks!\n"
        }
    ]
}