{
    "url": "https://api.github.com/repos/pallets/flask/issues/2009",
    "repository_url": "https://api.github.com/repos/pallets/flask",
    "labels_url": "https://api.github.com/repos/pallets/flask/issues/2009/labels{/name}",
    "comments_url": "https://api.github.com/repos/pallets/flask/issues/2009/comments",
    "events_url": "https://api.github.com/repos/pallets/flask/issues/2009/events",
    "html_url": "https://github.com/pallets/flask/issues/2009",
    "id": 175408486,
    "node_id": "MDU6SXNzdWUxNzU0MDg0ODY=",
    "number": 2009,
    "title": "Document not updated after the removal of argument -a and --app",
    "user": {
        "login": "nalzok",
        "id": 13443062,
        "node_id": "MDQ6VXNlcjEzNDQzMDYy",
        "avatar_url": "https://avatars2.githubusercontent.com/u/13443062?v=4",
        "gravatar_id": "",
        "url": "https://api.github.com/users/nalzok",
        "html_url": "https://github.com/nalzok",
        "followers_url": "https://api.github.com/users/nalzok/followers",
        "following_url": "https://api.github.com/users/nalzok/following{/other_user}",
        "gists_url": "https://api.github.com/users/nalzok/gists{/gist_id}",
        "starred_url": "https://api.github.com/users/nalzok/starred{/owner}{/repo}",
        "subscriptions_url": "https://api.github.com/users/nalzok/subscriptions",
        "organizations_url": "https://api.github.com/users/nalzok/orgs",
        "repos_url": "https://api.github.com/users/nalzok/repos",
        "events_url": "https://api.github.com/users/nalzok/events{/privacy}",
        "received_events_url": "https://api.github.com/users/nalzok/received_events",
        "type": "User",
        "site_admin": false
    },
    "labels": [],
    "state": "closed",
    "locked": false,
    "assignee": null,
    "assignees": [],
    "milestone": null,
    "comments": 1,
    "created_at": "2016-09-07T04:07:30Z",
    "updated_at": "2016-10-06T01:03:38Z",
    "closed_at": "2016-10-06T01:03:38Z",
    "author_association": "NONE",
    "body": "In short, the documents(both [the online one](http://flask.pocoo.org/docs/0.11/quickstart/#invalid-import-name) and the output of `flask --help`) is not fully updated after CLI interface is [simplified](https://github.com/pallets/flask/commit/523e27118359425048541d92892f20ee048c0b76). The `-a`/`--app` argument has been removed, but the document is somewhat misleading.\n\nThis issue comes from [a SO post](http://stackoverflow.com/q/39360392/5399734).  Please read through the comments for more information.\n",
    "comments_inline": [
        {
            "url": "https://api.github.com/repos/pallets/flask/issues/comments/251834448",
            "html_url": "https://github.com/pallets/flask/issues/2009#issuecomment-251834448",
            "issue_url": "https://api.github.com/repos/pallets/flask/issues/2009",
            "id": 251834448,
            "node_id": "MDEyOklzc3VlQ29tbWVudDI1MTgzNDQ0OA==",
            "user": {
                "login": "mrecachinas",
                "id": 924243,
                "node_id": "MDQ6VXNlcjkyNDI0Mw==",
                "avatar_url": "https://avatars2.githubusercontent.com/u/924243?v=4",
                "gravatar_id": "",
                "url": "https://api.github.com/users/mrecachinas",
                "html_url": "https://github.com/mrecachinas",
                "followers_url": "https://api.github.com/users/mrecachinas/followers",
                "following_url": "https://api.github.com/users/mrecachinas/following{/other_user}",
                "gists_url": "https://api.github.com/users/mrecachinas/gists{/gist_id}",
                "starred_url": "https://api.github.com/users/mrecachinas/starred{/owner}{/repo}",
                "subscriptions_url": "https://api.github.com/users/mrecachinas/subscriptions",
                "organizations_url": "https://api.github.com/users/mrecachinas/orgs",
                "repos_url": "https://api.github.com/users/mrecachinas/repos",
                "events_url": "https://api.github.com/users/mrecachinas/events{/privacy}",
                "received_events_url": "https://api.github.com/users/mrecachinas/received_events",
                "type": "User",
                "site_admin": false
            },
            "created_at": "2016-10-06T00:06:49Z",
            "updated_at": "2016-10-06T00:06:55Z",
            "author_association": "CONTRIBUTOR",
            "body": "This issue can now be closed! \ud83d\ude04 \n"
        }
    ]
}