{
    "url": "https://api.github.com/repos/pallets/flask/issues/2166",
    "repository_url": "https://api.github.com/repos/pallets/flask",
    "labels_url": "https://api.github.com/repos/pallets/flask/issues/2166/labels{/name}",
    "comments_url": "https://api.github.com/repos/pallets/flask/issues/2166/comments",
    "events_url": "https://api.github.com/repos/pallets/flask/issues/2166/events",
    "html_url": "https://github.com/pallets/flask/issues/2166",
    "id": 204042385,
    "node_id": "MDU6SXNzdWUyMDQwNDIzODU=",
    "number": 2166,
    "title": "Sending POST requests with input data exceeding 10KB results in 400 Bad Request under WSGI",
    "user": {
        "login": "ilatypov",
        "id": 30419,
        "node_id": "MDQ6VXNlcjMwNDE5",
        "avatar_url": "https://avatars0.githubusercontent.com/u/30419?v=4",
        "gravatar_id": "",
        "url": "https://api.github.com/users/ilatypov",
        "html_url": "https://github.com/ilatypov",
        "followers_url": "https://api.github.com/users/ilatypov/followers",
        "following_url": "https://api.github.com/users/ilatypov/following{/other_user}",
        "gists_url": "https://api.github.com/users/ilatypov/gists{/gist_id}",
        "starred_url": "https://api.github.com/users/ilatypov/starred{/owner}{/repo}",
        "subscriptions_url": "https://api.github.com/users/ilatypov/subscriptions",
        "organizations_url": "https://api.github.com/users/ilatypov/orgs",
        "repos_url": "https://api.github.com/users/ilatypov/repos",
        "events_url": "https://api.github.com/users/ilatypov/events{/privacy}",
        "received_events_url": "https://api.github.com/users/ilatypov/received_events",
        "type": "User",
        "site_admin": false
    },
    "labels": [],
    "state": "closed",
    "locked": false,
    "assignee": null,
    "assignees": [],
    "milestone": null,
    "comments": 0,
    "created_at": "2017-01-30T15:32:04Z",
    "updated_at": "2017-01-30T15:37:56Z",
    "closed_at": "2017-01-30T15:37:56Z",
    "author_association": "NONE",
    "body": "Moved to https://github.com/pallets/werkzeug/issues/1068"
}