{
    "url": "https://api.github.com/repos/pallets/flask/issues/2168",
    "repository_url": "https://api.github.com/repos/pallets/flask",
    "labels_url": "https://api.github.com/repos/pallets/flask/issues/2168/labels{/name}",
    "comments_url": "https://api.github.com/repos/pallets/flask/issues/2168/comments",
    "events_url": "https://api.github.com/repos/pallets/flask/issues/2168/events",
    "html_url": "https://github.com/pallets/flask/issues/2168",
    "id": 205033353,
    "node_id": "MDU6SXNzdWUyMDUwMzMzNTM=",
    "number": 2168,
    "title": "Flask, mod_wsgi, and Apache: ImportError mysql ",
    "user": {
        "login": "crishmania",
        "id": 11847665,
        "node_id": "MDQ6VXNlcjExODQ3NjY1",
        "avatar_url": "https://avatars1.githubusercontent.com/u/11847665?v=4",
        "gravatar_id": "",
        "url": "https://api.github.com/users/crishmania",
        "html_url": "https://github.com/crishmania",
        "followers_url": "https://api.github.com/users/crishmania/followers",
        "following_url": "https://api.github.com/users/crishmania/following{/other_user}",
        "gists_url": "https://api.github.com/users/crishmania/gists{/gist_id}",
        "starred_url": "https://api.github.com/users/crishmania/starred{/owner}{/repo}",
        "subscriptions_url": "https://api.github.com/users/crishmania/subscriptions",
        "organizations_url": "https://api.github.com/users/crishmania/orgs",
        "repos_url": "https://api.github.com/users/crishmania/repos",
        "events_url": "https://api.github.com/users/crishmania/events{/privacy}",
        "received_events_url": "https://api.github.com/users/crishmania/received_events",
        "type": "User",
        "site_admin": false
    },
    "labels": [],
    "state": "closed",
    "locked": false,
    "assignee": null,
    "assignees": [],
    "milestone": null,
    "comments": 1,
    "created_at": "2017-02-02T23:52:51Z",
    "updated_at": "2017-02-03T01:53:25Z",
    "closed_at": "2017-02-02T23:53:56Z",
    "author_association": "NONE",
    "body": "when i am running python3 test.py it is working fine with mysql\r\nbut when i running on apache server i am getting **wsgi error no module name mysql**\r\n",
    "comments_inline": [
        {
            "url": "https://api.github.com/repos/pallets/flask/issues/comments/277123137",
            "html_url": "https://github.com/pallets/flask/issues/2168#issuecomment-277123137",
            "issue_url": "https://api.github.com/repos/pallets/flask/issues/2168",
            "id": 277123137,
            "node_id": "MDEyOklzc3VlQ29tbWVudDI3NzEyMzEzNw==",
            "user": {
                "login": "ThiefMaster",
                "id": 179599,
                "node_id": "MDQ6VXNlcjE3OTU5OQ==",
                "avatar_url": "https://avatars1.githubusercontent.com/u/179599?v=4",
                "gravatar_id": "",
                "url": "https://api.github.com/users/ThiefMaster",
                "html_url": "https://github.com/ThiefMaster",
                "followers_url": "https://api.github.com/users/ThiefMaster/followers",
                "following_url": "https://api.github.com/users/ThiefMaster/following{/other_user}",
                "gists_url": "https://api.github.com/users/ThiefMaster/gists{/gist_id}",
                "starred_url": "https://api.github.com/users/ThiefMaster/starred{/owner}{/repo}",
                "subscriptions_url": "https://api.github.com/users/ThiefMaster/subscriptions",
                "organizations_url": "https://api.github.com/users/ThiefMaster/orgs",
                "repos_url": "https://api.github.com/users/ThiefMaster/repos",
                "events_url": "https://api.github.com/users/ThiefMaster/events{/privacy}",
                "received_events_url": "https://api.github.com/users/ThiefMaster/received_events",
                "type": "User",
                "site_admin": false
            },
            "created_at": "2017-02-02T23:53:56Z",
            "updated_at": "2017-02-02T23:53:56Z",
            "author_association": "MEMBER",
            "body": "Please use Stack Overflow or IRC for support."
        }
    ]
}