{
    "url": "https://api.github.com/repos/pallets/flask/issues/2177",
    "repository_url": "https://api.github.com/repos/pallets/flask",
    "labels_url": "https://api.github.com/repos/pallets/flask/issues/2177/labels{/name}",
    "comments_url": "https://api.github.com/repos/pallets/flask/issues/2177/comments",
    "events_url": "https://api.github.com/repos/pallets/flask/issues/2177/events",
    "html_url": "https://github.com/pallets/flask/issues/2177",
    "id": 206523999,
    "node_id": "MDU6SXNzdWUyMDY1MjM5OTk=",
    "number": 2177,
    "title": "Possibly incorrect handling of from-data",
    "user": {
        "login": "NinnOgTonic",
        "id": 301172,
        "node_id": "MDQ6VXNlcjMwMTE3Mg==",
        "avatar_url": "https://avatars2.githubusercontent.com/u/301172?v=4",
        "gravatar_id": "",
        "url": "https://api.github.com/users/NinnOgTonic",
        "html_url": "https://github.com/NinnOgTonic",
        "followers_url": "https://api.github.com/users/NinnOgTonic/followers",
        "following_url": "https://api.github.com/users/NinnOgTonic/following{/other_user}",
        "gists_url": "https://api.github.com/users/NinnOgTonic/gists{/gist_id}",
        "starred_url": "https://api.github.com/users/NinnOgTonic/starred{/owner}{/repo}",
        "subscriptions_url": "https://api.github.com/users/NinnOgTonic/subscriptions",
        "organizations_url": "https://api.github.com/users/NinnOgTonic/orgs",
        "repos_url": "https://api.github.com/users/NinnOgTonic/repos",
        "events_url": "https://api.github.com/users/NinnOgTonic/events{/privacy}",
        "received_events_url": "https://api.github.com/users/NinnOgTonic/received_events",
        "type": "User",
        "site_admin": false
    },
    "labels": [],
    "state": "closed",
    "locked": false,
    "assignee": null,
    "assignees": [],
    "milestone": null,
    "comments": 1,
    "created_at": "2017-02-09T14:44:14Z",
    "updated_at": "2017-02-09T14:50:54Z",
    "closed_at": "2017-02-09T14:49:57Z",
    "author_association": "NONE",
    "body": "I found an issue in which Flask incorrectly handels the posted form-data when posted from Postman.\r\n\r\nThe issue can be seen in this test case:\r\n\r\n```\r\nfrom flask import Flask, request\r\n\r\napp = Flask(__name__)\r\n\r\n@app.route('/', methods=['POST'])\r\ndef hello_world():\r\n\r\n    f = request.values\r\n    for key in f.keys():\r\n        for value in f.getlist(key):\r\n            print key.__repr__(),\":\",value.__repr__()\r\n\r\n    return 'Hello'\r\n```\r\n\r\n\r\nIf we execute the Flask app, and attempt to post the following command we will *NOT* encounter an issue in request no. 1\r\n```\r\n$ curl -X POST -F 'username=davidwalsh' -F 'password=something' http://localhost:1234/\r\n127.0.0.1 - - [09/Feb/2017 15:27:06] \"POST / HTTP/1.1\" 200 -\r\n'username' : u'davidwalsh'\r\n'password' : u'something'\r\n```\r\n\r\nThis results in the following raw request:\r\n\r\n```\r\n$ nc -l 1234\r\nPOST / HTTP/1.1\r\nHost: localhost:1234\r\nUser-Agent: curl/7.51.0\r\nAccept: */*\r\nContent-Length: 259\r\nExpect: 100-continue\r\nContent-Type: multipart/form-data; boundary=------------------------45f852bd90f5d691\r\n\r\n--------------------------45f852bd90f5d691\r\nContent-Disposition: form-data; name=\"username\"\r\n\r\ndavidwalsh\r\n--------------------------45f852bd90f5d691\r\nContent-Disposition: form-data; name=\"password\"\r\n\r\nsomething\r\n--------------------------45f852bd90f5d691--\r\n```\r\n\r\n\r\nHow ever, if we utilise a tool like Chrome/Postman, flask seems to incorrectly handle the request form-data request [seen here](https://i.imgur.com/bmnnwpb.png) from postman:\r\n\r\n```\r\n'------WebKitFormBoundaryZBQ6HpTUMMXKs08S\\r\\nContent-Disposition: form-data; name' : u'\"username\"\\r\\n\\r\\ndavidwalsh\\r\\n------WebKitFormBoundaryZBQ6HpTUMMXKs08S\\r\\nContent-Disposition: form-data; name=\"password\"\\r\\n\\r\\nsomething\\r\\n------WebKitFormBoundaryZBQ6HpTUMMXKs08S--\\r\\n'\r\n\r\n```\r\n\r\nAnd the raw request for the 2nd case:\r\n```\r\nnc -l 1234\r\nPOST / HTTP/1.1\r\nHost: localhost:1234\r\nConnection: keep-alive\r\nContent-Length: 253\r\nPostman-Token: bc27dc7d-162c-5684-3c73-b4f5cd409a0d\r\nCache-Control: no-cache\r\nOrigin: chrome-extension://fhbjgbiflinjbdggehcddcbncdddomop\r\nUser-Agent: Mozilla/5.0 (Macintosh; Intel Mac OS X 10_12_3) AppleWebKit/537.36 (KHTML, like Gecko) Chrome/56.0.2924.87 Safari/537.36\r\nContent-Type: application/x-www-form-urlencoded\r\nAccept: */*\r\nAccept-Encoding: gzip, deflate, br\r\nAccept-Language: en-US,en;q=0.8,da;q=0.6\r\n\r\n------WebKitFormBoundaryeLtABWI0kqqXwQLL\r\nContent-Disposition: form-data; name=\"username\"\r\n\r\ndavidwalsh\r\n------WebKitFormBoundaryeLtABWI0kqqXwQLL\r\nContent-Disposition: form-data; name=\"password\"\r\n\r\nsomething\r\n------WebKitFormBoundaryeLtABWI0kqqXwQLL--\r\n```\r\n\r\nWhile I realise the Chrome/Postman formatting is slightly different, it should still be very much valid I believe?",
    "comments_inline": [
        {
            "url": "https://api.github.com/repos/pallets/flask/issues/comments/278663324",
            "html_url": "https://github.com/pallets/flask/issues/2177#issuecomment-278663324",
            "issue_url": "https://api.github.com/repos/pallets/flask/issues/2177",
            "id": 278663324,
            "node_id": "MDEyOklzc3VlQ29tbWVudDI3ODY2MzMyNA==",
            "user": {
                "login": "ThiefMaster",
                "id": 179599,
                "node_id": "MDQ6VXNlcjE3OTU5OQ==",
                "avatar_url": "https://avatars1.githubusercontent.com/u/179599?v=4",
                "gravatar_id": "",
                "url": "https://api.github.com/users/ThiefMaster",
                "html_url": "https://github.com/ThiefMaster",
                "followers_url": "https://api.github.com/users/ThiefMaster/followers",
                "following_url": "https://api.github.com/users/ThiefMaster/following{/other_user}",
                "gists_url": "https://api.github.com/users/ThiefMaster/gists{/gist_id}",
                "starred_url": "https://api.github.com/users/ThiefMaster/starred{/owner}{/repo}",
                "subscriptions_url": "https://api.github.com/users/ThiefMaster/subscriptions",
                "organizations_url": "https://api.github.com/users/ThiefMaster/orgs",
                "repos_url": "https://api.github.com/users/ThiefMaster/repos",
                "events_url": "https://api.github.com/users/ThiefMaster/events{/privacy}",
                "received_events_url": "https://api.github.com/users/ThiefMaster/received_events",
                "type": "User",
                "site_admin": false
            },
            "created_at": "2017-02-09T14:49:57Z",
            "updated_at": "2017-02-09T14:49:57Z",
            "author_association": "MEMBER",
            "body": "> Content-Type: application/x-www-form-urlencoded\r\n\r\nThat's the problem. You are sending multipart data but don't specify a `multipart/form-data` content type."
        }
    ]
}