{
    "url": "https://api.github.com/repos/pallets/flask/issues/2179",
    "repository_url": "https://api.github.com/repos/pallets/flask",
    "labels_url": "https://api.github.com/repos/pallets/flask/issues/2179/labels{/name}",
    "comments_url": "https://api.github.com/repos/pallets/flask/issues/2179/comments",
    "events_url": "https://api.github.com/repos/pallets/flask/issues/2179/events",
    "html_url": "https://github.com/pallets/flask/pull/2179",
    "id": 206742689,
    "node_id": "MDExOlB1bGxSZXF1ZXN0MTA1NTg5NjEx",
    "number": 2179,
    "title": "bdist_wheel replaces wheel",
    "user": {
        "login": "jeffwidman",
        "id": 483314,
        "node_id": "MDQ6VXNlcjQ4MzMxNA==",
        "avatar_url": "https://avatars2.githubusercontent.com/u/483314?v=4",
        "gravatar_id": "",
        "url": "https://api.github.com/users/jeffwidman",
        "html_url": "https://github.com/jeffwidman",
        "followers_url": "https://api.github.com/users/jeffwidman/followers",
        "following_url": "https://api.github.com/users/jeffwidman/following{/other_user}",
        "gists_url": "https://api.github.com/users/jeffwidman/gists{/gist_id}",
        "starred_url": "https://api.github.com/users/jeffwidman/starred{/owner}{/repo}",
        "subscriptions_url": "https://api.github.com/users/jeffwidman/subscriptions",
        "organizations_url": "https://api.github.com/users/jeffwidman/orgs",
        "repos_url": "https://api.github.com/users/jeffwidman/repos",
        "events_url": "https://api.github.com/users/jeffwidman/events{/privacy}",
        "received_events_url": "https://api.github.com/users/jeffwidman/received_events",
        "type": "User",
        "site_admin": false
    },
    "labels": [],
    "state": "closed",
    "locked": false,
    "assignee": null,
    "assignees": [],
    "milestone": null,
    "comments": 1,
    "created_at": "2017-02-10T09:06:46Z",
    "updated_at": "2017-02-10T11:20:04Z",
    "closed_at": "2017-02-10T11:20:00Z",
    "author_association": "MEMBER",
    "pull_request": {
        "url": "https://api.github.com/repos/pallets/flask/pulls/2179",
        "html_url": "https://github.com/pallets/flask/pull/2179",
        "diff_url": "https://github.com/pallets/flask/pull/2179.diff",
        "patch_url": "https://github.com/pallets/flask/pull/2179.patch"
    },
    "body": "https://packaging.python.org/distributing/#universal-wheels",
    "comments_inline": [
        {
            "url": "https://api.github.com/repos/pallets/flask/issues/comments/278919822",
            "html_url": "https://github.com/pallets/flask/pull/2179#issuecomment-278919822",
            "issue_url": "https://api.github.com/repos/pallets/flask/issues/2179",
            "id": 278919822,
            "node_id": "MDEyOklzc3VlQ29tbWVudDI3ODkxOTgyMg==",
            "user": {
                "login": "untitaker",
                "id": 837573,
                "node_id": "MDQ6VXNlcjgzNzU3Mw==",
                "avatar_url": "https://avatars0.githubusercontent.com/u/837573?v=4",
                "gravatar_id": "",
                "url": "https://api.github.com/users/untitaker",
                "html_url": "https://github.com/untitaker",
                "followers_url": "https://api.github.com/users/untitaker/followers",
                "following_url": "https://api.github.com/users/untitaker/following{/other_user}",
                "gists_url": "https://api.github.com/users/untitaker/gists{/gist_id}",
                "starred_url": "https://api.github.com/users/untitaker/starred{/owner}{/repo}",
                "subscriptions_url": "https://api.github.com/users/untitaker/subscriptions",
                "organizations_url": "https://api.github.com/users/untitaker/orgs",
                "repos_url": "https://api.github.com/users/untitaker/repos",
                "events_url": "https://api.github.com/users/untitaker/events{/privacy}",
                "received_events_url": "https://api.github.com/users/untitaker/received_events",
                "type": "User",
                "site_admin": false
            },
            "created_at": "2017-02-10T11:20:03Z",
            "updated_at": "2017-02-10T11:20:03Z",
            "author_association": "MEMBER",
            "body": "LGTM"
        }
    ]
}