{
    "url": "https://api.github.com/repos/pallets/flask/issues/218",
    "repository_url": "https://api.github.com/repos/pallets/flask",
    "labels_url": "https://api.github.com/repos/pallets/flask/issues/218/labels{/name}",
    "comments_url": "https://api.github.com/repos/pallets/flask/issues/218/comments",
    "events_url": "https://api.github.com/repos/pallets/flask/issues/218/events",
    "html_url": "https://github.com/pallets/flask/pull/218",
    "id": 783054,
    "node_id": "MDExOlB1bGxSZXF1ZXN0MTIwNjc2",
    "number": 218,
    "title": "Small fix in the docs for deploying behind a proxy",
    "user": {
        "login": "streety",
        "id": 736229,
        "node_id": "MDQ6VXNlcjczNjIyOQ==",
        "avatar_url": "https://avatars3.githubusercontent.com/u/736229?v=4",
        "gravatar_id": "",
        "url": "https://api.github.com/users/streety",
        "html_url": "https://github.com/streety",
        "followers_url": "https://api.github.com/users/streety/followers",
        "following_url": "https://api.github.com/users/streety/following{/other_user}",
        "gists_url": "https://api.github.com/users/streety/gists{/gist_id}",
        "starred_url": "https://api.github.com/users/streety/starred{/owner}{/repo}",
        "subscriptions_url": "https://api.github.com/users/streety/subscriptions",
        "organizations_url": "https://api.github.com/users/streety/orgs",
        "repos_url": "https://api.github.com/users/streety/repos",
        "events_url": "https://api.github.com/users/streety/events{/privacy}",
        "received_events_url": "https://api.github.com/users/streety/received_events",
        "type": "User",
        "site_admin": false
    },
    "labels": [],
    "state": "closed",
    "locked": false,
    "assignee": null,
    "assignees": [],
    "milestone": null,
    "comments": 1,
    "created_at": "2011-04-18T09:52:49Z",
    "updated_at": "2014-06-12T10:25:18Z",
    "closed_at": "2011-04-18T15:00:12Z",
    "author_association": "CONTRIBUTOR",
    "pull_request": {
        "url": "https://api.github.com/repos/pallets/flask/pulls/218",
        "html_url": "https://github.com/pallets/flask/pull/218",
        "diff_url": "https://github.com/pallets/flask/pull/218.diff",
        "patch_url": "https://github.com/pallets/flask/pull/218.patch"
    },
    "body": "Change to match headers in https://github.com/mitsuhiko/werkzeug/blob/master/werkzeug/contrib/fixers.py\n",
    "comments_inline": [
        {
            "url": "https://api.github.com/repos/pallets/flask/issues/comments/1021472",
            "html_url": "https://github.com/pallets/flask/pull/218#issuecomment-1021472",
            "issue_url": "https://api.github.com/repos/pallets/flask/issues/218",
            "id": 1021472,
            "node_id": "MDEyOklzc3VlQ29tbWVudDEwMjE0NzI=",
            "user": {
                "login": "mitsuhiko",
                "id": 7396,
                "node_id": "MDQ6VXNlcjczOTY=",
                "avatar_url": "https://avatars1.githubusercontent.com/u/7396?v=4",
                "gravatar_id": "",
                "url": "https://api.github.com/users/mitsuhiko",
                "html_url": "https://github.com/mitsuhiko",
                "followers_url": "https://api.github.com/users/mitsuhiko/followers",
                "following_url": "https://api.github.com/users/mitsuhiko/following{/other_user}",
                "gists_url": "https://api.github.com/users/mitsuhiko/gists{/gist_id}",
                "starred_url": "https://api.github.com/users/mitsuhiko/starred{/owner}{/repo}",
                "subscriptions_url": "https://api.github.com/users/mitsuhiko/subscriptions",
                "organizations_url": "https://api.github.com/users/mitsuhiko/orgs",
                "repos_url": "https://api.github.com/users/mitsuhiko/repos",
                "events_url": "https://api.github.com/users/mitsuhiko/events{/privacy}",
                "received_events_url": "https://api.github.com/users/mitsuhiko/received_events",
                "type": "User",
                "site_admin": false
            },
            "created_at": "2011-04-18T15:00:12Z",
            "updated_at": "2011-04-18T15:00:12Z",
            "author_association": "MEMBER",
            "body": "Thanks. Fixed.\n"
        }
    ]
}