{
    "url": "https://api.github.com/repos/pallets/flask/issues/2180",
    "repository_url": "https://api.github.com/repos/pallets/flask",
    "labels_url": "https://api.github.com/repos/pallets/flask/issues/2180/labels{/name}",
    "comments_url": "https://api.github.com/repos/pallets/flask/issues/2180/comments",
    "events_url": "https://api.github.com/repos/pallets/flask/issues/2180/events",
    "html_url": "https://github.com/pallets/flask/pull/2180",
    "id": 206965991,
    "node_id": "MDExOlB1bGxSZXF1ZXN0MTA1NzQ2MDgy",
    "number": 2180,
    "title": "Migrate various docs links to https",
    "user": {
        "login": "jeffwidman",
        "id": 483314,
        "node_id": "MDQ6VXNlcjQ4MzMxNA==",
        "avatar_url": "https://avatars2.githubusercontent.com/u/483314?v=4",
        "gravatar_id": "",
        "url": "https://api.github.com/users/jeffwidman",
        "html_url": "https://github.com/jeffwidman",
        "followers_url": "https://api.github.com/users/jeffwidman/followers",
        "following_url": "https://api.github.com/users/jeffwidman/following{/other_user}",
        "gists_url": "https://api.github.com/users/jeffwidman/gists{/gist_id}",
        "starred_url": "https://api.github.com/users/jeffwidman/starred{/owner}{/repo}",
        "subscriptions_url": "https://api.github.com/users/jeffwidman/subscriptions",
        "organizations_url": "https://api.github.com/users/jeffwidman/orgs",
        "repos_url": "https://api.github.com/users/jeffwidman/repos",
        "events_url": "https://api.github.com/users/jeffwidman/events{/privacy}",
        "received_events_url": "https://api.github.com/users/jeffwidman/received_events",
        "type": "User",
        "site_admin": false
    },
    "labels": [],
    "state": "closed",
    "locked": false,
    "assignee": null,
    "assignees": [],
    "milestone": null,
    "comments": 1,
    "created_at": "2017-02-11T07:53:34Z",
    "updated_at": "2017-02-11T09:43:15Z",
    "closed_at": "2017-02-11T09:43:11Z",
    "author_association": "MEMBER",
    "pull_request": {
        "url": "https://api.github.com/repos/pallets/flask/pulls/2180",
        "html_url": "https://github.com/pallets/flask/pull/2180",
        "diff_url": "https://github.com/pallets/flask/pull/2180.diff",
        "patch_url": "https://github.com/pallets/flask/pull/2180.patch"
    },
    "body": "Also fixed a few outdated links",
    "comments_inline": [
        {
            "url": "https://api.github.com/repos/pallets/flask/issues/comments/279133102",
            "html_url": "https://github.com/pallets/flask/pull/2180#issuecomment-279133102",
            "issue_url": "https://api.github.com/repos/pallets/flask/issues/2180",
            "id": 279133102,
            "node_id": "MDEyOklzc3VlQ29tbWVudDI3OTEzMzEwMg==",
            "user": {
                "login": "untitaker",
                "id": 837573,
                "node_id": "MDQ6VXNlcjgzNzU3Mw==",
                "avatar_url": "https://avatars0.githubusercontent.com/u/837573?v=4",
                "gravatar_id": "",
                "url": "https://api.github.com/users/untitaker",
                "html_url": "https://github.com/untitaker",
                "followers_url": "https://api.github.com/users/untitaker/followers",
                "following_url": "https://api.github.com/users/untitaker/following{/other_user}",
                "gists_url": "https://api.github.com/users/untitaker/gists{/gist_id}",
                "starred_url": "https://api.github.com/users/untitaker/starred{/owner}{/repo}",
                "subscriptions_url": "https://api.github.com/users/untitaker/subscriptions",
                "organizations_url": "https://api.github.com/users/untitaker/orgs",
                "repos_url": "https://api.github.com/users/untitaker/repos",
                "events_url": "https://api.github.com/users/untitaker/events{/privacy}",
                "received_events_url": "https://api.github.com/users/untitaker/received_events",
                "type": "User",
                "site_admin": false
            },
            "created_at": "2017-02-11T09:43:14Z",
            "updated_at": "2017-02-11T09:43:14Z",
            "author_association": "MEMBER",
            "body": "Thanks!"
        }
    ]
}