{
    "url": "https://api.github.com/repos/pallets/flask/issues/2181",
    "repository_url": "https://api.github.com/repos/pallets/flask",
    "labels_url": "https://api.github.com/repos/pallets/flask/issues/2181/labels{/name}",
    "comments_url": "https://api.github.com/repos/pallets/flask/issues/2181/comments",
    "events_url": "https://api.github.com/repos/pallets/flask/issues/2181/events",
    "html_url": "https://github.com/pallets/flask/issues/2181",
    "id": 207363617,
    "node_id": "MDU6SXNzdWUyMDczNjM2MTc=",
    "number": 2181,
    "title": "Inconsistent behaviour on request.get_json(cache=False)",
    "user": {
        "login": "migueleliasweb",
        "id": 1608212,
        "node_id": "MDQ6VXNlcjE2MDgyMTI=",
        "avatar_url": "https://avatars1.githubusercontent.com/u/1608212?v=4",
        "gravatar_id": "",
        "url": "https://api.github.com/users/migueleliasweb",
        "html_url": "https://github.com/migueleliasweb",
        "followers_url": "https://api.github.com/users/migueleliasweb/followers",
        "following_url": "https://api.github.com/users/migueleliasweb/following{/other_user}",
        "gists_url": "https://api.github.com/users/migueleliasweb/gists{/gist_id}",
        "starred_url": "https://api.github.com/users/migueleliasweb/starred{/owner}{/repo}",
        "subscriptions_url": "https://api.github.com/users/migueleliasweb/subscriptions",
        "organizations_url": "https://api.github.com/users/migueleliasweb/orgs",
        "repos_url": "https://api.github.com/users/migueleliasweb/repos",
        "events_url": "https://api.github.com/users/migueleliasweb/events{/privacy}",
        "received_events_url": "https://api.github.com/users/migueleliasweb/received_events",
        "type": "User",
        "site_admin": false
    },
    "labels": [
        {
            "id": 398831866,
            "node_id": "MDU6TGFiZWwzOTg4MzE4NjY=",
            "url": "https://api.github.com/repos/pallets/flask/labels/json",
            "name": "json",
            "color": "1d76db",
            "default": false,
            "description": null
        }
    ],
    "state": "closed",
    "locked": false,
    "assignee": null,
    "assignees": [],
    "milestone": {
        "url": "https://api.github.com/repos/pallets/flask/milestones/2",
        "html_url": "https://github.com/pallets/flask/milestone/2",
        "labels_url": "https://api.github.com/repos/pallets/flask/milestones/2/labels",
        "id": 795954,
        "node_id": "MDk6TWlsZXN0b25lNzk1OTU0",
        "number": 2,
        "title": "1.0",
        "description": "",
        "creator": {
            "login": "untitaker",
            "id": 837573,
            "node_id": "MDQ6VXNlcjgzNzU3Mw==",
            "avatar_url": "https://avatars0.githubusercontent.com/u/837573?v=4",
            "gravatar_id": "",
            "url": "https://api.github.com/users/untitaker",
            "html_url": "https://github.com/untitaker",
            "followers_url": "https://api.github.com/users/untitaker/followers",
            "following_url": "https://api.github.com/users/untitaker/following{/other_user}",
            "gists_url": "https://api.github.com/users/untitaker/gists{/gist_id}",
            "starred_url": "https://api.github.com/users/untitaker/starred{/owner}{/repo}",
            "subscriptions_url": "https://api.github.com/users/untitaker/subscriptions",
            "organizations_url": "https://api.github.com/users/untitaker/orgs",
            "repos_url": "https://api.github.com/users/untitaker/repos",
            "events_url": "https://api.github.com/users/untitaker/events{/privacy}",
            "received_events_url": "https://api.github.com/users/untitaker/received_events",
            "type": "User",
            "site_admin": false
        },
        "open_issues": 0,
        "closed_issues": 159,
        "state": "closed",
        "created_at": "2014-09-19T15:47:20Z",
        "updated_at": "2018-04-26T21:07:44Z",
        "due_on": "2018-04-26T07:00:00Z",
        "closed_at": "2018-04-26T21:07:44Z"
    },
    "comments": 1,
    "created_at": "2017-02-13T22:50:45Z",
    "updated_at": "2017-06-04T17:29:05Z",
    "closed_at": "2017-06-04T17:29:05Z",
    "author_association": "NONE",
    "body": "The behaviour of the following app should be pretty simple but it actually raises an unwanted exception.\r\n\r\n```python\r\n\r\n# flask_cache.py\r\nfrom flask import Flask, request\r\napp = Flask(__name__)\r\n\r\n@app.route('/', methods=[\"GET\", \"POST\"])\r\ndef hello_uncached():\r\n    json1 = request.get_json(cache=False)\r\n    request.data = '{\"abc\":123}'\r\n\r\n    #  exception here because get_json internally returns an empty string\r\n    #   to json.loads() which raises an BadRequest exception\r\n    json2 = request.get_json(cache=False)\r\n    return json1+'/'+json2\r\n\r\nif __name__ == \"__main__\":\r\n    app.run()\r\n```\r\n\r\n```bash\r\n$ mkvirtualenv flask_cache\r\n$ pip install flask\r\n$ python flask_cache.py\r\n$ curl -H \"Content-type: application/json\" -d '{\"foo\":\"bar\"}' localhost:5000\r\n```\r\n\r\nAs far as I could debug, the problem is located at [wrappers.get_data](https://github.com/pallets/flask/blob/0.12/flask/wrappers.py#L21). The get_data function \"fails\" silently because request does not has the \"get_data\" property and thus the returned string is empty.\r\nAfter that, since I passed cache=False, the json.loads(\"\") fails and everything gets airbourne.\r\n\r\nI could not understand this behaviour because if the request.data is suposed to be read-only, it should have been made in a way that `request.data = \"some data\" should not make any side effects, otherwise, we should be able to successfully run the above example code.\r\n\r\n\r\nIs this the wanted behaviour ? If no, can I proceed with a PR ?",
    "comments_inline": [
        {
            "url": "https://api.github.com/repos/pallets/flask/issues/comments/283016647",
            "html_url": "https://github.com/pallets/flask/issues/2181#issuecomment-283016647",
            "issue_url": "https://api.github.com/repos/pallets/flask/issues/2181",
            "id": 283016647,
            "node_id": "MDEyOklzc3VlQ29tbWVudDI4MzAxNjY0Nw==",
            "user": {
                "login": "untitaker",
                "id": 837573,
                "node_id": "MDQ6VXNlcjgzNzU3Mw==",
                "avatar_url": "https://avatars0.githubusercontent.com/u/837573?v=4",
                "gravatar_id": "",
                "url": "https://api.github.com/users/untitaker",
                "html_url": "https://github.com/untitaker",
                "followers_url": "https://api.github.com/users/untitaker/followers",
                "following_url": "https://api.github.com/users/untitaker/following{/other_user}",
                "gists_url": "https://api.github.com/users/untitaker/gists{/gist_id}",
                "starred_url": "https://api.github.com/users/untitaker/starred{/owner}{/repo}",
                "subscriptions_url": "https://api.github.com/users/untitaker/subscriptions",
                "organizations_url": "https://api.github.com/users/untitaker/orgs",
                "repos_url": "https://api.github.com/users/untitaker/repos",
                "events_url": "https://api.github.com/users/untitaker/events{/privacy}",
                "received_events_url": "https://api.github.com/users/untitaker/received_events",
                "type": "User",
                "site_admin": false
            },
            "created_at": "2017-02-28T11:36:43Z",
            "updated_at": "2017-02-28T11:36:43Z",
            "author_association": "MEMBER",
            "body": "What exactly do you expect to happen? If you use `cache=False`, the JSON data can only be read once."
        }
    ]
}