{
    "url": "https://api.github.com/repos/pallets/flask/issues/2182",
    "repository_url": "https://api.github.com/repos/pallets/flask",
    "labels_url": "https://api.github.com/repos/pallets/flask/issues/2182/labels{/name}",
    "comments_url": "https://api.github.com/repos/pallets/flask/issues/2182/comments",
    "events_url": "https://api.github.com/repos/pallets/flask/issues/2182/events",
    "html_url": "https://github.com/pallets/flask/pull/2182",
    "id": 207862494,
    "node_id": "MDExOlB1bGxSZXF1ZXN0MTA2MzUyNjQx",
    "number": 2182,
    "title": "Fixed typo in module header",
    "user": {
        "login": "nficano",
        "id": 65145,
        "node_id": "MDQ6VXNlcjY1MTQ1",
        "avatar_url": "https://avatars2.githubusercontent.com/u/65145?v=4",
        "gravatar_id": "",
        "url": "https://api.github.com/users/nficano",
        "html_url": "https://github.com/nficano",
        "followers_url": "https://api.github.com/users/nficano/followers",
        "following_url": "https://api.github.com/users/nficano/following{/other_user}",
        "gists_url": "https://api.github.com/users/nficano/gists{/gist_id}",
        "starred_url": "https://api.github.com/users/nficano/starred{/owner}{/repo}",
        "subscriptions_url": "https://api.github.com/users/nficano/subscriptions",
        "organizations_url": "https://api.github.com/users/nficano/orgs",
        "repos_url": "https://api.github.com/users/nficano/repos",
        "events_url": "https://api.github.com/users/nficano/events{/privacy}",
        "received_events_url": "https://api.github.com/users/nficano/received_events",
        "type": "User",
        "site_admin": false
    },
    "labels": [],
    "state": "closed",
    "locked": false,
    "assignee": null,
    "assignees": [],
    "milestone": null,
    "comments": 1,
    "created_at": "2017-02-15T16:54:43Z",
    "updated_at": "2017-02-15T16:59:01Z",
    "closed_at": "2017-02-15T16:55:57Z",
    "author_association": "CONTRIBUTOR",
    "pull_request": {
        "url": "https://api.github.com/repos/pallets/flask/pulls/2182",
        "html_url": "https://github.com/pallets/flask/pull/2182",
        "diff_url": "https://github.com/pallets/flask/pull/2182.diff",
        "patch_url": "https://github.com/pallets/flask/pull/2182.patch"
    },
    "body": "Super minor, but threw me for a second.",
    "comments_inline": [
        {
            "url": "https://api.github.com/repos/pallets/flask/issues/comments/280068909",
            "html_url": "https://github.com/pallets/flask/pull/2182#issuecomment-280068909",
            "issue_url": "https://api.github.com/repos/pallets/flask/issues/2182",
            "id": 280068909,
            "node_id": "MDEyOklzc3VlQ29tbWVudDI4MDA2ODkwOQ==",
            "user": {
                "login": "ThiefMaster",
                "id": 179599,
                "node_id": "MDQ6VXNlcjE3OTU5OQ==",
                "avatar_url": "https://avatars1.githubusercontent.com/u/179599?v=4",
                "gravatar_id": "",
                "url": "https://api.github.com/users/ThiefMaster",
                "html_url": "https://github.com/ThiefMaster",
                "followers_url": "https://api.github.com/users/ThiefMaster/followers",
                "following_url": "https://api.github.com/users/ThiefMaster/following{/other_user}",
                "gists_url": "https://api.github.com/users/ThiefMaster/gists{/gist_id}",
                "starred_url": "https://api.github.com/users/ThiefMaster/starred{/owner}{/repo}",
                "subscriptions_url": "https://api.github.com/users/ThiefMaster/subscriptions",
                "organizations_url": "https://api.github.com/users/ThiefMaster/orgs",
                "repos_url": "https://api.github.com/users/ThiefMaster/repos",
                "events_url": "https://api.github.com/users/ThiefMaster/events{/privacy}",
                "received_events_url": "https://api.github.com/users/ThiefMaster/received_events",
                "type": "User",
                "site_admin": false
            },
            "created_at": "2017-02-15T16:56:05Z",
            "updated_at": "2017-02-15T16:56:05Z",
            "author_association": "MEMBER",
            "body": "thanks!"
        }
    ]
}