{
    "url": "https://api.github.com/repos/pallets/flask/issues/2184",
    "repository_url": "https://api.github.com/repos/pallets/flask",
    "labels_url": "https://api.github.com/repos/pallets/flask/issues/2184/labels{/name}",
    "comments_url": "https://api.github.com/repos/pallets/flask/issues/2184/comments",
    "events_url": "https://api.github.com/repos/pallets/flask/issues/2184/events",
    "html_url": "https://github.com/pallets/flask/issues/2184",
    "id": 208347665,
    "node_id": "MDU6SXNzdWUyMDgzNDc2NjU=",
    "number": 2184,
    "title": "There is no way to add a link in flask.abort() function.",
    "user": {
        "login": "rahulbajaj0509",
        "id": 10976840,
        "node_id": "MDQ6VXNlcjEwOTc2ODQw",
        "avatar_url": "https://avatars2.githubusercontent.com/u/10976840?v=4",
        "gravatar_id": "",
        "url": "https://api.github.com/users/rahulbajaj0509",
        "html_url": "https://github.com/rahulbajaj0509",
        "followers_url": "https://api.github.com/users/rahulbajaj0509/followers",
        "following_url": "https://api.github.com/users/rahulbajaj0509/following{/other_user}",
        "gists_url": "https://api.github.com/users/rahulbajaj0509/gists{/gist_id}",
        "starred_url": "https://api.github.com/users/rahulbajaj0509/starred{/owner}{/repo}",
        "subscriptions_url": "https://api.github.com/users/rahulbajaj0509/subscriptions",
        "organizations_url": "https://api.github.com/users/rahulbajaj0509/orgs",
        "repos_url": "https://api.github.com/users/rahulbajaj0509/repos",
        "events_url": "https://api.github.com/users/rahulbajaj0509/events{/privacy}",
        "received_events_url": "https://api.github.com/users/rahulbajaj0509/received_events",
        "type": "User",
        "site_admin": false
    },
    "labels": [],
    "state": "closed",
    "locked": false,
    "assignee": null,
    "assignees": [],
    "milestone": null,
    "comments": 0,
    "created_at": "2017-02-17T06:19:00Z",
    "updated_at": "2017-02-17T13:04:57Z",
    "closed_at": "2017-02-17T13:04:57Z",
    "author_association": "NONE",
    "body": "I am new to flask and i am trying to add a link in flask.abort(). There is no way to add a link in flask.abort() function. If there is a way i guess it must be documented :)\r\n"
}