{
    "url": "https://api.github.com/repos/pallets/flask/issues/2186",
    "repository_url": "https://api.github.com/repos/pallets/flask",
    "labels_url": "https://api.github.com/repos/pallets/flask/issues/2186/labels{/name}",
    "comments_url": "https://api.github.com/repos/pallets/flask/issues/2186/comments",
    "events_url": "https://api.github.com/repos/pallets/flask/issues/2186/events",
    "html_url": "https://github.com/pallets/flask/pull/2186",
    "id": 208618791,
    "node_id": "MDExOlB1bGxSZXF1ZXN0MTA2ODUwOTk4",
    "number": 2186,
    "title": "Fix typo in docs/tutorial/templates.rst",
    "user": {
        "login": "combinatorist",
        "id": 10149067,
        "node_id": "MDQ6VXNlcjEwMTQ5MDY3",
        "avatar_url": "https://avatars3.githubusercontent.com/u/10149067?v=4",
        "gravatar_id": "",
        "url": "https://api.github.com/users/combinatorist",
        "html_url": "https://github.com/combinatorist",
        "followers_url": "https://api.github.com/users/combinatorist/followers",
        "following_url": "https://api.github.com/users/combinatorist/following{/other_user}",
        "gists_url": "https://api.github.com/users/combinatorist/gists{/gist_id}",
        "starred_url": "https://api.github.com/users/combinatorist/starred{/owner}{/repo}",
        "subscriptions_url": "https://api.github.com/users/combinatorist/subscriptions",
        "organizations_url": "https://api.github.com/users/combinatorist/orgs",
        "repos_url": "https://api.github.com/users/combinatorist/repos",
        "events_url": "https://api.github.com/users/combinatorist/events{/privacy}",
        "received_events_url": "https://api.github.com/users/combinatorist/received_events",
        "type": "User",
        "site_admin": false
    },
    "labels": [],
    "state": "closed",
    "locked": false,
    "assignee": null,
    "assignees": [],
    "milestone": null,
    "comments": 1,
    "created_at": "2017-02-18T06:32:10Z",
    "updated_at": "2017-02-18T06:42:10Z",
    "closed_at": "2017-02-18T06:41:59Z",
    "author_association": "CONTRIBUTOR",
    "pull_request": {
        "url": "https://api.github.com/repos/pallets/flask/pulls/2186",
        "html_url": "https://github.com/pallets/flask/pull/2186",
        "diff_url": "https://github.com/pallets/flask/pull/2186.diff",
        "patch_url": "https://github.com/pallets/flask/pull/2186.patch"
    },
    "body": "",
    "comments_inline": [
        {
            "url": "https://api.github.com/repos/pallets/flask/issues/comments/280826550",
            "html_url": "https://github.com/pallets/flask/pull/2186#issuecomment-280826550",
            "issue_url": "https://api.github.com/repos/pallets/flask/issues/2186",
            "id": 280826550,
            "node_id": "MDEyOklzc3VlQ29tbWVudDI4MDgyNjU1MA==",
            "user": {
                "login": "ThiefMaster",
                "id": 179599,
                "node_id": "MDQ6VXNlcjE3OTU5OQ==",
                "avatar_url": "https://avatars1.githubusercontent.com/u/179599?v=4",
                "gravatar_id": "",
                "url": "https://api.github.com/users/ThiefMaster",
                "html_url": "https://github.com/ThiefMaster",
                "followers_url": "https://api.github.com/users/ThiefMaster/followers",
                "following_url": "https://api.github.com/users/ThiefMaster/following{/other_user}",
                "gists_url": "https://api.github.com/users/ThiefMaster/gists{/gist_id}",
                "starred_url": "https://api.github.com/users/ThiefMaster/starred{/owner}{/repo}",
                "subscriptions_url": "https://api.github.com/users/ThiefMaster/subscriptions",
                "organizations_url": "https://api.github.com/users/ThiefMaster/orgs",
                "repos_url": "https://api.github.com/users/ThiefMaster/repos",
                "events_url": "https://api.github.com/users/ThiefMaster/events{/privacy}",
                "received_events_url": "https://api.github.com/users/ThiefMaster/received_events",
                "type": "User",
                "site_admin": false
            },
            "created_at": "2017-02-18T06:42:10Z",
            "updated_at": "2017-02-18T06:42:10Z",
            "author_association": "MEMBER",
            "body": "thanks!"
        }
    ]
}