{
    "url": "https://api.github.com/repos/pallets/flask/issues/2187",
    "repository_url": "https://api.github.com/repos/pallets/flask",
    "labels_url": "https://api.github.com/repos/pallets/flask/issues/2187/labels{/name}",
    "comments_url": "https://api.github.com/repos/pallets/flask/issues/2187/comments",
    "events_url": "https://api.github.com/repos/pallets/flask/issues/2187/events",
    "html_url": "https://github.com/pallets/flask/pull/2187",
    "id": 208698116,
    "node_id": "MDExOlB1bGxSZXF1ZXN0MTA2ODkwNDgw",
    "number": 2187,
    "title": "Fix non-working  setup.cfg in tutorial docs with working copy from sa\u2026",
    "user": {
        "login": "mitchjacksontech",
        "id": 16674329,
        "node_id": "MDQ6VXNlcjE2Njc0MzI5",
        "avatar_url": "https://avatars3.githubusercontent.com/u/16674329?v=4",
        "gravatar_id": "",
        "url": "https://api.github.com/users/mitchjacksontech",
        "html_url": "https://github.com/mitchjacksontech",
        "followers_url": "https://api.github.com/users/mitchjacksontech/followers",
        "following_url": "https://api.github.com/users/mitchjacksontech/following{/other_user}",
        "gists_url": "https://api.github.com/users/mitchjacksontech/gists{/gist_id}",
        "starred_url": "https://api.github.com/users/mitchjacksontech/starred{/owner}{/repo}",
        "subscriptions_url": "https://api.github.com/users/mitchjacksontech/subscriptions",
        "organizations_url": "https://api.github.com/users/mitchjacksontech/orgs",
        "repos_url": "https://api.github.com/users/mitchjacksontech/repos",
        "events_url": "https://api.github.com/users/mitchjacksontech/events{/privacy}",
        "received_events_url": "https://api.github.com/users/mitchjacksontech/received_events",
        "type": "User",
        "site_admin": false
    },
    "labels": [],
    "state": "closed",
    "locked": false,
    "assignee": null,
    "assignees": [],
    "milestone": null,
    "comments": 5,
    "created_at": "2017-02-19T06:28:20Z",
    "updated_at": "2017-02-21T20:15:33Z",
    "closed_at": "2017-02-19T18:48:34Z",
    "author_association": "NONE",
    "pull_request": {
        "url": "https://api.github.com/repos/pallets/flask/pulls/2187",
        "html_url": "https://github.com/pallets/flask/pull/2187",
        "diff_url": "https://github.com/pallets/flask/pull/2187.diff",
        "patch_url": "https://github.com/pallets/flask/pull/2187.patch"
    },
    "body": "I worked through the tutorial today, but ended up with code that wouldn't run.\r\nThe provided example code in the repo does run.  \r\nThis pull matches the code in the docs to the example code",
    "comments_inline": [
        {
            "url": "https://api.github.com/repos/pallets/flask/issues/comments/280939271",
            "html_url": "https://github.com/pallets/flask/pull/2187#issuecomment-280939271",
            "issue_url": "https://api.github.com/repos/pallets/flask/issues/2187",
            "id": 280939271,
            "node_id": "MDEyOklzc3VlQ29tbWVudDI4MDkzOTI3MQ==",
            "user": {
                "login": "davidism",
                "id": 1242887,
                "node_id": "MDQ6VXNlcjEyNDI4ODc=",
                "avatar_url": "https://avatars1.githubusercontent.com/u/1242887?v=4",
                "gravatar_id": "",
                "url": "https://api.github.com/users/davidism",
                "html_url": "https://github.com/davidism",
                "followers_url": "https://api.github.com/users/davidism/followers",
                "following_url": "https://api.github.com/users/davidism/following{/other_user}",
                "gists_url": "https://api.github.com/users/davidism/gists{/gist_id}",
                "starred_url": "https://api.github.com/users/davidism/starred{/owner}{/repo}",
                "subscriptions_url": "https://api.github.com/users/davidism/subscriptions",
                "organizations_url": "https://api.github.com/users/davidism/orgs",
                "repos_url": "https://api.github.com/users/davidism/repos",
                "events_url": "https://api.github.com/users/davidism/events{/privacy}",
                "received_events_url": "https://api.github.com/users/davidism/received_events",
                "type": "User",
                "site_admin": false
            },
            "created_at": "2017-02-19T18:48:34Z",
            "updated_at": "2017-02-19T18:48:34Z",
            "author_association": "MEMBER",
            "body": "An alias so that `test` runs `pytest` is valid."
        },
        {
            "url": "https://api.github.com/repos/pallets/flask/issues/comments/280947590",
            "html_url": "https://github.com/pallets/flask/pull/2187#issuecomment-280947590",
            "issue_url": "https://api.github.com/repos/pallets/flask/issues/2187",
            "id": 280947590,
            "node_id": "MDEyOklzc3VlQ29tbWVudDI4MDk0NzU5MA==",
            "user": {
                "login": "mitchjacksontech",
                "id": 16674329,
                "node_id": "MDQ6VXNlcjE2Njc0MzI5",
                "avatar_url": "https://avatars3.githubusercontent.com/u/16674329?v=4",
                "gravatar_id": "",
                "url": "https://api.github.com/users/mitchjacksontech",
                "html_url": "https://github.com/mitchjacksontech",
                "followers_url": "https://api.github.com/users/mitchjacksontech/followers",
                "following_url": "https://api.github.com/users/mitchjacksontech/following{/other_user}",
                "gists_url": "https://api.github.com/users/mitchjacksontech/gists{/gist_id}",
                "starred_url": "https://api.github.com/users/mitchjacksontech/starred{/owner}{/repo}",
                "subscriptions_url": "https://api.github.com/users/mitchjacksontech/subscriptions",
                "organizations_url": "https://api.github.com/users/mitchjacksontech/orgs",
                "repos_url": "https://api.github.com/users/mitchjacksontech/repos",
                "events_url": "https://api.github.com/users/mitchjacksontech/events{/privacy}",
                "received_events_url": "https://api.github.com/users/mitchjacksontech/received_events",
                "type": "User",
                "site_admin": false
            },
            "created_at": "2017-02-19T20:47:04Z",
            "updated_at": "2017-02-19T20:47:04Z",
            "author_association": "NONE",
            "body": "valid yet not working"
        },
        {
            "url": "https://api.github.com/repos/pallets/flask/issues/comments/280948359",
            "html_url": "https://github.com/pallets/flask/pull/2187#issuecomment-280948359",
            "issue_url": "https://api.github.com/repos/pallets/flask/issues/2187",
            "id": 280948359,
            "node_id": "MDEyOklzc3VlQ29tbWVudDI4MDk0ODM1OQ==",
            "user": {
                "login": "untitaker",
                "id": 837573,
                "node_id": "MDQ6VXNlcjgzNzU3Mw==",
                "avatar_url": "https://avatars0.githubusercontent.com/u/837573?v=4",
                "gravatar_id": "",
                "url": "https://api.github.com/users/untitaker",
                "html_url": "https://github.com/untitaker",
                "followers_url": "https://api.github.com/users/untitaker/followers",
                "following_url": "https://api.github.com/users/untitaker/following{/other_user}",
                "gists_url": "https://api.github.com/users/untitaker/gists{/gist_id}",
                "starred_url": "https://api.github.com/users/untitaker/starred{/owner}{/repo}",
                "subscriptions_url": "https://api.github.com/users/untitaker/subscriptions",
                "organizations_url": "https://api.github.com/users/untitaker/orgs",
                "repos_url": "https://api.github.com/users/untitaker/repos",
                "events_url": "https://api.github.com/users/untitaker/events{/privacy}",
                "received_events_url": "https://api.github.com/users/untitaker/received_events",
                "type": "User",
                "site_admin": false
            },
            "created_at": "2017-02-19T20:57:06Z",
            "updated_at": "2017-02-19T20:57:06Z",
            "author_association": "MEMBER",
            "body": "What do you mean with \"not working\". What exactly crashes?"
        },
        {
            "url": "https://api.github.com/repos/pallets/flask/issues/comments/280949705",
            "html_url": "https://github.com/pallets/flask/pull/2187#issuecomment-280949705",
            "issue_url": "https://api.github.com/repos/pallets/flask/issues/2187",
            "id": 280949705,
            "node_id": "MDEyOklzc3VlQ29tbWVudDI4MDk0OTcwNQ==",
            "user": {
                "login": "davidism",
                "id": 1242887,
                "node_id": "MDQ6VXNlcjEyNDI4ODc=",
                "avatar_url": "https://avatars1.githubusercontent.com/u/1242887?v=4",
                "gravatar_id": "",
                "url": "https://api.github.com/users/davidism",
                "html_url": "https://github.com/davidism",
                "followers_url": "https://api.github.com/users/davidism/followers",
                "following_url": "https://api.github.com/users/davidism/following{/other_user}",
                "gists_url": "https://api.github.com/users/davidism/gists{/gist_id}",
                "starred_url": "https://api.github.com/users/davidism/starred{/owner}{/repo}",
                "subscriptions_url": "https://api.github.com/users/davidism/subscriptions",
                "organizations_url": "https://api.github.com/users/davidism/orgs",
                "repos_url": "https://api.github.com/users/davidism/repos",
                "events_url": "https://api.github.com/users/davidism/events{/privacy}",
                "received_events_url": "https://api.github.com/users/davidism/received_events",
                "type": "User",
                "site_admin": false
            },
            "created_at": "2017-02-19T21:15:49Z",
            "updated_at": "2017-02-19T21:15:49Z",
            "author_association": "MEMBER",
            "body": "The change you made is invalid, no matter what behaviour you may be seeing. `test=pytest` is not a `pytest` config value. You'll need to describe the issue you're having in order for us to understand the problem."
        },
        {
            "url": "https://api.github.com/repos/pallets/flask/issues/comments/281466696",
            "html_url": "https://github.com/pallets/flask/pull/2187#issuecomment-281466696",
            "issue_url": "https://api.github.com/repos/pallets/flask/issues/2187",
            "id": 281466696,
            "node_id": "MDEyOklzc3VlQ29tbWVudDI4MTQ2NjY5Ng==",
            "user": {
                "login": "mitchjacksontech",
                "id": 16674329,
                "node_id": "MDQ6VXNlcjE2Njc0MzI5",
                "avatar_url": "https://avatars3.githubusercontent.com/u/16674329?v=4",
                "gravatar_id": "",
                "url": "https://api.github.com/users/mitchjacksontech",
                "html_url": "https://github.com/mitchjacksontech",
                "followers_url": "https://api.github.com/users/mitchjacksontech/followers",
                "following_url": "https://api.github.com/users/mitchjacksontech/following{/other_user}",
                "gists_url": "https://api.github.com/users/mitchjacksontech/gists{/gist_id}",
                "starred_url": "https://api.github.com/users/mitchjacksontech/starred{/owner}{/repo}",
                "subscriptions_url": "https://api.github.com/users/mitchjacksontech/subscriptions",
                "organizations_url": "https://api.github.com/users/mitchjacksontech/orgs",
                "repos_url": "https://api.github.com/users/mitchjacksontech/repos",
                "events_url": "https://api.github.com/users/mitchjacksontech/events{/privacy}",
                "received_events_url": "https://api.github.com/users/mitchjacksontech/received_events",
                "type": "User",
                "site_admin": false
            },
            "created_at": "2017-02-21T20:15:33Z",
            "updated_at": "2017-02-21T20:15:33Z",
            "author_association": "NONE",
            "body": "My apologizes, I must have misunderstood what I saw... I'll work through it from scratch and come back with full details."
        }
    ]
}