{
    "url": "https://api.github.com/repos/pallets/flask/issues/2189",
    "repository_url": "https://api.github.com/repos/pallets/flask",
    "labels_url": "https://api.github.com/repos/pallets/flask/issues/2189/labels{/name}",
    "comments_url": "https://api.github.com/repos/pallets/flask/issues/2189/comments",
    "events_url": "https://api.github.com/repos/pallets/flask/issues/2189/events",
    "html_url": "https://github.com/pallets/flask/issues/2189",
    "id": 209276420,
    "node_id": "MDU6SXNzdWUyMDkyNzY0MjA=",
    "number": 2189,
    "title": "Suggestion: Support callables as parameter for url_for",
    "user": {
        "login": "csachs",
        "id": 8251055,
        "node_id": "MDQ6VXNlcjgyNTEwNTU=",
        "avatar_url": "https://avatars1.githubusercontent.com/u/8251055?v=4",
        "gravatar_id": "",
        "url": "https://api.github.com/users/csachs",
        "html_url": "https://github.com/csachs",
        "followers_url": "https://api.github.com/users/csachs/followers",
        "following_url": "https://api.github.com/users/csachs/following{/other_user}",
        "gists_url": "https://api.github.com/users/csachs/gists{/gist_id}",
        "starred_url": "https://api.github.com/users/csachs/starred{/owner}{/repo}",
        "subscriptions_url": "https://api.github.com/users/csachs/subscriptions",
        "organizations_url": "https://api.github.com/users/csachs/orgs",
        "repos_url": "https://api.github.com/users/csachs/repos",
        "events_url": "https://api.github.com/users/csachs/events{/privacy}",
        "received_events_url": "https://api.github.com/users/csachs/received_events",
        "type": "User",
        "site_admin": false
    },
    "labels": [],
    "state": "closed",
    "locked": false,
    "assignee": null,
    "assignees": [],
    "milestone": null,
    "comments": 5,
    "created_at": "2017-02-21T21:22:04Z",
    "updated_at": "2017-02-21T22:29:09Z",
    "closed_at": "2017-02-21T21:25:00Z",
    "author_association": "NONE",
    "body": "I'd suggest enhancing the `url_for` function to accept callables as well, i.e. the function name unquoted; as this would help e.g. with code refactoring tools and auto completion.\r\n\r\nIt can easily be implemented with a few lines; if such a functionality would be desirable, I can prepare a PR with tests, etc.\r\n\r\nBest regards, Christian",
    "comments_inline": [
        {
            "url": "https://api.github.com/repos/pallets/flask/issues/comments/281485622",
            "html_url": "https://github.com/pallets/flask/issues/2189#issuecomment-281485622",
            "issue_url": "https://api.github.com/repos/pallets/flask/issues/2189",
            "id": 281485622,
            "node_id": "MDEyOklzc3VlQ29tbWVudDI4MTQ4NTYyMg==",
            "user": {
                "login": "ThiefMaster",
                "id": 179599,
                "node_id": "MDQ6VXNlcjE3OTU5OQ==",
                "avatar_url": "https://avatars1.githubusercontent.com/u/179599?v=4",
                "gravatar_id": "",
                "url": "https://api.github.com/users/ThiefMaster",
                "html_url": "https://github.com/ThiefMaster",
                "followers_url": "https://api.github.com/users/ThiefMaster/followers",
                "following_url": "https://api.github.com/users/ThiefMaster/following{/other_user}",
                "gists_url": "https://api.github.com/users/ThiefMaster/gists{/gist_id}",
                "starred_url": "https://api.github.com/users/ThiefMaster/starred{/owner}{/repo}",
                "subscriptions_url": "https://api.github.com/users/ThiefMaster/subscriptions",
                "organizations_url": "https://api.github.com/users/ThiefMaster/orgs",
                "repos_url": "https://api.github.com/users/ThiefMaster/repos",
                "events_url": "https://api.github.com/users/ThiefMaster/events{/privacy}",
                "received_events_url": "https://api.github.com/users/ThiefMaster/received_events",
                "type": "User",
                "site_admin": false
            },
            "created_at": "2017-02-21T21:25:00Z",
            "updated_at": "2017-02-21T21:25:00Z",
            "author_association": "MEMBER",
            "body": "I don't think this makes much sense - it'd just make it more likely for people to end up in import hell.\r\n\r\nFYI, the endpoint name doesn't even need to match the function name - this is just a default that works in many cases. Also, it is very common to use blueprints where you'd actually generate a url for `someblueprint.someendpoint`. Again, using the actual functions there would likely result in import hell."
        },
        {
            "url": "https://api.github.com/repos/pallets/flask/issues/comments/281487582",
            "html_url": "https://github.com/pallets/flask/issues/2189#issuecomment-281487582",
            "issue_url": "https://api.github.com/repos/pallets/flask/issues/2189",
            "id": 281487582,
            "node_id": "MDEyOklzc3VlQ29tbWVudDI4MTQ4NzU4Mg==",
            "user": {
                "login": "csachs",
                "id": 8251055,
                "node_id": "MDQ6VXNlcjgyNTEwNTU=",
                "avatar_url": "https://avatars1.githubusercontent.com/u/8251055?v=4",
                "gravatar_id": "",
                "url": "https://api.github.com/users/csachs",
                "html_url": "https://github.com/csachs",
                "followers_url": "https://api.github.com/users/csachs/followers",
                "following_url": "https://api.github.com/users/csachs/following{/other_user}",
                "gists_url": "https://api.github.com/users/csachs/gists{/gist_id}",
                "starred_url": "https://api.github.com/users/csachs/starred{/owner}{/repo}",
                "subscriptions_url": "https://api.github.com/users/csachs/subscriptions",
                "organizations_url": "https://api.github.com/users/csachs/orgs",
                "repos_url": "https://api.github.com/users/csachs/repos",
                "events_url": "https://api.github.com/users/csachs/events{/privacy}",
                "received_events_url": "https://api.github.com/users/csachs/received_events",
                "type": "User",
                "site_admin": false
            },
            "created_at": "2017-02-21T21:31:34Z",
            "updated_at": "2017-02-21T21:31:34Z",
            "author_association": "NONE",
            "body": "I'm monkey patching it in my projects and prefer it as cleaner, compared to cluttering strings everywhere, but OK\u2026"
        },
        {
            "url": "https://api.github.com/repos/pallets/flask/issues/comments/281488814",
            "html_url": "https://github.com/pallets/flask/issues/2189#issuecomment-281488814",
            "issue_url": "https://api.github.com/repos/pallets/flask/issues/2189",
            "id": 281488814,
            "node_id": "MDEyOklzc3VlQ29tbWVudDI4MTQ4ODgxNA==",
            "user": {
                "login": "untitaker",
                "id": 837573,
                "node_id": "MDQ6VXNlcjgzNzU3Mw==",
                "avatar_url": "https://avatars0.githubusercontent.com/u/837573?v=4",
                "gravatar_id": "",
                "url": "https://api.github.com/users/untitaker",
                "html_url": "https://github.com/untitaker",
                "followers_url": "https://api.github.com/users/untitaker/followers",
                "following_url": "https://api.github.com/users/untitaker/following{/other_user}",
                "gists_url": "https://api.github.com/users/untitaker/gists{/gist_id}",
                "starred_url": "https://api.github.com/users/untitaker/starred{/owner}{/repo}",
                "subscriptions_url": "https://api.github.com/users/untitaker/subscriptions",
                "organizations_url": "https://api.github.com/users/untitaker/orgs",
                "repos_url": "https://api.github.com/users/untitaker/repos",
                "events_url": "https://api.github.com/users/untitaker/events{/privacy}",
                "received_events_url": "https://api.github.com/users/untitaker/received_events",
                "type": "User",
                "site_admin": false
            },
            "created_at": "2017-02-21T21:36:12Z",
            "updated_at": "2017-02-21T21:36:12Z",
            "author_association": "MEMBER",
            "body": "@ThiefMaster gave you an argument why such behavior would be technically incorrect. You're right that this would help with tab-completion, but I don't think that's a good reason to mangle an API. If you want to use it in your own projects, that's totally fine. I don't think you need to monkeypatch anything though, because you can always just import your new `url_for` function and use that, no?"
        },
        {
            "url": "https://api.github.com/repos/pallets/flask/issues/comments/281489255",
            "html_url": "https://github.com/pallets/flask/issues/2189#issuecomment-281489255",
            "issue_url": "https://api.github.com/repos/pallets/flask/issues/2189",
            "id": 281489255,
            "node_id": "MDEyOklzc3VlQ29tbWVudDI4MTQ4OTI1NQ==",
            "user": {
                "login": "davidism",
                "id": 1242887,
                "node_id": "MDQ6VXNlcjEyNDI4ODc=",
                "avatar_url": "https://avatars1.githubusercontent.com/u/1242887?v=4",
                "gravatar_id": "",
                "url": "https://api.github.com/users/davidism",
                "html_url": "https://github.com/davidism",
                "followers_url": "https://api.github.com/users/davidism/followers",
                "following_url": "https://api.github.com/users/davidism/following{/other_user}",
                "gists_url": "https://api.github.com/users/davidism/gists{/gist_id}",
                "starred_url": "https://api.github.com/users/davidism/starred{/owner}{/repo}",
                "subscriptions_url": "https://api.github.com/users/davidism/subscriptions",
                "organizations_url": "https://api.github.com/users/davidism/orgs",
                "repos_url": "https://api.github.com/users/davidism/repos",
                "events_url": "https://api.github.com/users/davidism/events{/privacy}",
                "received_events_url": "https://api.github.com/users/davidism/received_events",
                "type": "User",
                "site_admin": false
            },
            "created_at": "2017-02-21T21:37:48Z",
            "updated_at": "2017-02-21T21:39:10Z",
            "author_association": "MEMBER",
            "body": "The same view function can be registered with multiple endpoint names. Which one should it reverse to in such a case? When using the endpoint names, it's unambiguous."
        },
        {
            "url": "https://api.github.com/repos/pallets/flask/issues/comments/281503064",
            "html_url": "https://github.com/pallets/flask/issues/2189#issuecomment-281503064",
            "issue_url": "https://api.github.com/repos/pallets/flask/issues/2189",
            "id": 281503064,
            "node_id": "MDEyOklzc3VlQ29tbWVudDI4MTUwMzA2NA==",
            "user": {
                "login": "csachs",
                "id": 8251055,
                "node_id": "MDQ6VXNlcjgyNTEwNTU=",
                "avatar_url": "https://avatars1.githubusercontent.com/u/8251055?v=4",
                "gravatar_id": "",
                "url": "https://api.github.com/users/csachs",
                "html_url": "https://github.com/csachs",
                "followers_url": "https://api.github.com/users/csachs/followers",
                "following_url": "https://api.github.com/users/csachs/following{/other_user}",
                "gists_url": "https://api.github.com/users/csachs/gists{/gist_id}",
                "starred_url": "https://api.github.com/users/csachs/starred{/owner}{/repo}",
                "subscriptions_url": "https://api.github.com/users/csachs/subscriptions",
                "organizations_url": "https://api.github.com/users/csachs/orgs",
                "repos_url": "https://api.github.com/users/csachs/repos",
                "events_url": "https://api.github.com/users/csachs/events{/privacy}",
                "received_events_url": "https://api.github.com/users/csachs/received_events",
                "type": "User",
                "site_admin": false
            },
            "created_at": "2017-02-21T22:29:09Z",
            "updated_at": "2017-02-21T22:29:09Z",
            "author_association": "NONE",
            "body": "I was not aware of an completely independent endpoint mapping distinct from the routing; so far I've only used routing decorators.\r\nDifferent blueprints could probably be accounted for by e.g. passing them as parameter as well\u2026\r\nThe possible ambiguity should not be much of a problem if the resulting URL leads to identical function calls upon request, and if someone wants to prevent ambiguity, they could always use the string variant, which I did not suggest to abandon."
        }
    ]
}