{
    "url": "https://api.github.com/repos/pallets/flask/issues/2328",
    "repository_url": "https://api.github.com/repos/pallets/flask",
    "labels_url": "https://api.github.com/repos/pallets/flask/issues/2328/labels{/name}",
    "comments_url": "https://api.github.com/repos/pallets/flask/issues/2328/comments",
    "events_url": "https://api.github.com/repos/pallets/flask/issues/2328/events",
    "html_url": "https://github.com/pallets/flask/issues/2328",
    "id": 231077809,
    "node_id": "MDU6SXNzdWUyMzEwNzc4MDk=",
    "number": 2328,
    "title": "How Can I Make Pagination In Flask??",
    "user": {
        "login": "MahbubAlom",
        "id": 27899295,
        "node_id": "MDQ6VXNlcjI3ODk5Mjk1",
        "avatar_url": "https://avatars1.githubusercontent.com/u/27899295?v=4",
        "gravatar_id": "",
        "url": "https://api.github.com/users/MahbubAlom",
        "html_url": "https://github.com/MahbubAlom",
        "followers_url": "https://api.github.com/users/MahbubAlom/followers",
        "following_url": "https://api.github.com/users/MahbubAlom/following{/other_user}",
        "gists_url": "https://api.github.com/users/MahbubAlom/gists{/gist_id}",
        "starred_url": "https://api.github.com/users/MahbubAlom/starred{/owner}{/repo}",
        "subscriptions_url": "https://api.github.com/users/MahbubAlom/subscriptions",
        "organizations_url": "https://api.github.com/users/MahbubAlom/orgs",
        "repos_url": "https://api.github.com/users/MahbubAlom/repos",
        "events_url": "https://api.github.com/users/MahbubAlom/events{/privacy}",
        "received_events_url": "https://api.github.com/users/MahbubAlom/received_events",
        "type": "User",
        "site_admin": false
    },
    "labels": [],
    "state": "closed",
    "locked": false,
    "assignee": null,
    "assignees": [],
    "milestone": null,
    "comments": 1,
    "created_at": "2017-05-24T15:21:12Z",
    "updated_at": "2017-05-24T15:21:54Z",
    "closed_at": "2017-05-24T15:21:54Z",
    "author_association": "NONE",
    "body": "The issue tracker is a tool to address bugs.\r\nPlease use the #pocoo IRC channel on freenode or Stack Overflow for questions.\r\nHow Can I Make Pagination In Flask??",
    "comments_inline": [
        {
            "url": "https://api.github.com/repos/pallets/flask/issues/comments/303758147",
            "html_url": "https://github.com/pallets/flask/issues/2328#issuecomment-303758147",
            "issue_url": "https://api.github.com/repos/pallets/flask/issues/2328",
            "id": 303758147,
            "node_id": "MDEyOklzc3VlQ29tbWVudDMwMzc1ODE0Nw==",
            "user": {
                "login": "ThiefMaster",
                "id": 179599,
                "node_id": "MDQ6VXNlcjE3OTU5OQ==",
                "avatar_url": "https://avatars1.githubusercontent.com/u/179599?v=4",
                "gravatar_id": "",
                "url": "https://api.github.com/users/ThiefMaster",
                "html_url": "https://github.com/ThiefMaster",
                "followers_url": "https://api.github.com/users/ThiefMaster/followers",
                "following_url": "https://api.github.com/users/ThiefMaster/following{/other_user}",
                "gists_url": "https://api.github.com/users/ThiefMaster/gists{/gist_id}",
                "starred_url": "https://api.github.com/users/ThiefMaster/starred{/owner}{/repo}",
                "subscriptions_url": "https://api.github.com/users/ThiefMaster/subscriptions",
                "organizations_url": "https://api.github.com/users/ThiefMaster/orgs",
                "repos_url": "https://api.github.com/users/ThiefMaster/repos",
                "events_url": "https://api.github.com/users/ThiefMaster/events{/privacy}",
                "received_events_url": "https://api.github.com/users/ThiefMaster/received_events",
                "type": "User",
                "site_admin": false
            },
            "created_at": "2017-05-24T15:21:54Z",
            "updated_at": "2017-05-24T15:21:54Z",
            "author_association": "MEMBER",
            "body": "> The issue tracker is a tool to address bugs.\r\n> Please use the #pocoo IRC channel on freenode or Stack Overflow for questions.\r\n\r\nDid you even read the pre-filled text  in the text area?"
        }
    ]
}