{
    "url": "https://api.github.com/repos/pallets/flask/issues/233",
    "repository_url": "https://api.github.com/repos/pallets/flask",
    "labels_url": "https://api.github.com/repos/pallets/flask/issues/233/labels{/name}",
    "comments_url": "https://api.github.com/repos/pallets/flask/issues/233/comments",
    "events_url": "https://api.github.com/repos/pallets/flask/issues/233/events",
    "html_url": "https://github.com/pallets/flask/pull/233",
    "id": 924404,
    "node_id": "MDExOlB1bGxSZXF1ZXN0MTUxODc2",
    "number": 233,
    "title": "Prevent runtime error wrt json formdata",
    "user": {
        "login": "slestak",
        "id": 79189,
        "node_id": "MDQ6VXNlcjc5MTg5",
        "avatar_url": "https://avatars0.githubusercontent.com/u/79189?v=4",
        "gravatar_id": "",
        "url": "https://api.github.com/users/slestak",
        "html_url": "https://github.com/slestak",
        "followers_url": "https://api.github.com/users/slestak/followers",
        "following_url": "https://api.github.com/users/slestak/following{/other_user}",
        "gists_url": "https://api.github.com/users/slestak/gists{/gist_id}",
        "starred_url": "https://api.github.com/users/slestak/starred{/owner}{/repo}",
        "subscriptions_url": "https://api.github.com/users/slestak/subscriptions",
        "organizations_url": "https://api.github.com/users/slestak/orgs",
        "repos_url": "https://api.github.com/users/slestak/repos",
        "events_url": "https://api.github.com/users/slestak/events{/privacy}",
        "received_events_url": "https://api.github.com/users/slestak/received_events",
        "type": "User",
        "site_admin": false
    },
    "labels": [],
    "state": "closed",
    "locked": false,
    "assignee": null,
    "assignees": [],
    "milestone": null,
    "comments": 5,
    "created_at": "2011-05-18T22:24:31Z",
    "updated_at": "2014-06-12T10:24:46Z",
    "closed_at": "2011-05-24T14:30:30Z",
    "author_association": "CONTRIBUTOR",
    "pull_request": {
        "url": "https://api.github.com/repos/pallets/flask/pulls/233",
        "html_url": "https://github.com/pallets/flask/pull/233",
        "diff_url": "https://github.com/pallets/flask/pull/233.diff",
        "patch_url": "https://github.com/pallets/flask/pull/233.patch"
    },
    "body": "Hello guys,\n\nI applied this change to my fork to alleviate an encoding problem.  I was sending http post with formadata jsonified.  The client machine uses iso-8859-1 and for most cases, I have to specify that encoding for xml and json work.\n\nThis works for my install, hopefully it will help others.\n\nRonnie and I discussed this in irc a while today.\n",
    "comments_inline": [
        {
            "url": "https://api.github.com/repos/pallets/flask/issues/comments/1201917",
            "html_url": "https://github.com/pallets/flask/pull/233#issuecomment-1201917",
            "issue_url": "https://api.github.com/repos/pallets/flask/issues/233",
            "id": 1201917,
            "node_id": "MDEyOklzc3VlQ29tbWVudDEyMDE5MTc=",
            "user": {
                "login": "mitsuhiko",
                "id": 7396,
                "node_id": "MDQ6VXNlcjczOTY=",
                "avatar_url": "https://avatars1.githubusercontent.com/u/7396?v=4",
                "gravatar_id": "",
                "url": "https://api.github.com/users/mitsuhiko",
                "html_url": "https://github.com/mitsuhiko",
                "followers_url": "https://api.github.com/users/mitsuhiko/followers",
                "following_url": "https://api.github.com/users/mitsuhiko/following{/other_user}",
                "gists_url": "https://api.github.com/users/mitsuhiko/gists{/gist_id}",
                "starred_url": "https://api.github.com/users/mitsuhiko/starred{/owner}{/repo}",
                "subscriptions_url": "https://api.github.com/users/mitsuhiko/subscriptions",
                "organizations_url": "https://api.github.com/users/mitsuhiko/orgs",
                "repos_url": "https://api.github.com/users/mitsuhiko/repos",
                "events_url": "https://api.github.com/users/mitsuhiko/events{/privacy}",
                "received_events_url": "https://api.github.com/users/mitsuhiko/received_events",
                "type": "User",
                "site_admin": false
            },
            "created_at": "2011-05-19T07:06:33Z",
            "updated_at": "2011-05-19T07:06:33Z",
            "author_association": "MEMBER",
            "body": "Looks good. But this will need a test case, can you provide one?\n"
        },
        {
            "url": "https://api.github.com/repos/pallets/flask/issues/comments/1202716",
            "html_url": "https://github.com/pallets/flask/pull/233#issuecomment-1202716",
            "issue_url": "https://api.github.com/repos/pallets/flask/issues/233",
            "id": 1202716,
            "node_id": "MDEyOklzc3VlQ29tbWVudDEyMDI3MTY=",
            "user": {
                "login": "slestak",
                "id": 79189,
                "node_id": "MDQ6VXNlcjc5MTg5",
                "avatar_url": "https://avatars0.githubusercontent.com/u/79189?v=4",
                "gravatar_id": "",
                "url": "https://api.github.com/users/slestak",
                "html_url": "https://github.com/slestak",
                "followers_url": "https://api.github.com/users/slestak/followers",
                "following_url": "https://api.github.com/users/slestak/following{/other_user}",
                "gists_url": "https://api.github.com/users/slestak/gists{/gist_id}",
                "starred_url": "https://api.github.com/users/slestak/starred{/owner}{/repo}",
                "subscriptions_url": "https://api.github.com/users/slestak/subscriptions",
                "organizations_url": "https://api.github.com/users/slestak/orgs",
                "repos_url": "https://api.github.com/users/slestak/repos",
                "events_url": "https://api.github.com/users/slestak/events{/privacy}",
                "received_events_url": "https://api.github.com/users/slestak/received_events",
                "type": "User",
                "site_admin": false
            },
            "created_at": "2011-05-19T10:35:10Z",
            "updated_at": "2011-05-19T10:35:10Z",
            "author_association": "CONTRIBUTOR",
            "body": "Yes sir, will get one today.\n\nOn Thu, May 19, 2011 at 3:06 AM, mitsuhiko\nreply@reply.github.com\nwrote:\n\n> Looks good. But this will need a test case, can you provide one?\n> \n> ## \n> \n> Reply to this email directly or view it on GitHub:\n> https://github.com/mitsuhiko/flask/pull/233#issuecomment-1201917\n"
        },
        {
            "url": "https://api.github.com/repos/pallets/flask/issues/comments/1203742",
            "html_url": "https://github.com/pallets/flask/pull/233#issuecomment-1203742",
            "issue_url": "https://api.github.com/repos/pallets/flask/issues/233",
            "id": 1203742,
            "node_id": "MDEyOklzc3VlQ29tbWVudDEyMDM3NDI=",
            "user": {
                "login": "slestak",
                "id": 79189,
                "node_id": "MDQ6VXNlcjc5MTg5",
                "avatar_url": "https://avatars0.githubusercontent.com/u/79189?v=4",
                "gravatar_id": "",
                "url": "https://api.github.com/users/slestak",
                "html_url": "https://github.com/slestak",
                "followers_url": "https://api.github.com/users/slestak/followers",
                "following_url": "https://api.github.com/users/slestak/following{/other_user}",
                "gists_url": "https://api.github.com/users/slestak/gists{/gist_id}",
                "starred_url": "https://api.github.com/users/slestak/starred{/owner}{/repo}",
                "subscriptions_url": "https://api.github.com/users/slestak/subscriptions",
                "organizations_url": "https://api.github.com/users/slestak/orgs",
                "repos_url": "https://api.github.com/users/slestak/repos",
                "events_url": "https://api.github.com/users/slestak/events{/privacy}",
                "received_events_url": "https://api.github.com/users/slestak/received_events",
                "type": "User",
                "site_admin": false
            },
            "created_at": "2011-05-19T14:32:41Z",
            "updated_at": "2011-05-19T14:32:41Z",
            "author_association": "CONTRIBUTOR",
            "body": "I need to put this away and clear some project work.  I will try to get a test case to you in a few days.  I have one started, but having some difficulty.\n"
        },
        {
            "url": "https://api.github.com/repos/pallets/flask/issues/comments/1225950",
            "html_url": "https://github.com/pallets/flask/pull/233#issuecomment-1225950",
            "issue_url": "https://api.github.com/repos/pallets/flask/issues/233",
            "id": 1225950,
            "node_id": "MDEyOklzc3VlQ29tbWVudDEyMjU5NTA=",
            "user": {
                "login": "slestak",
                "id": 79189,
                "node_id": "MDQ6VXNlcjc5MTg5",
                "avatar_url": "https://avatars0.githubusercontent.com/u/79189?v=4",
                "gravatar_id": "",
                "url": "https://api.github.com/users/slestak",
                "html_url": "https://github.com/slestak",
                "followers_url": "https://api.github.com/users/slestak/followers",
                "following_url": "https://api.github.com/users/slestak/following{/other_user}",
                "gists_url": "https://api.github.com/users/slestak/gists{/gist_id}",
                "starred_url": "https://api.github.com/users/slestak/starred{/owner}{/repo}",
                "subscriptions_url": "https://api.github.com/users/slestak/subscriptions",
                "organizations_url": "https://api.github.com/users/slestak/orgs",
                "repos_url": "https://api.github.com/users/slestak/repos",
                "events_url": "https://api.github.com/users/slestak/events{/privacy}",
                "received_events_url": "https://api.github.com/users/slestak/received_events",
                "type": "User",
                "site_admin": false
            },
            "created_at": "2011-05-24T04:13:43Z",
            "updated_at": "2011-05-24T04:14:29Z",
            "author_association": "CONTRIBUTOR",
            "body": "I am running into other issues on my project so I think I am out of time for creating the the test case.  Maybe if there is some divine intervention, but at this point I need to make up time.  I think the patch is valid, and it does allow me to post my json data, but I cannot prove it.\n"
        },
        {
            "url": "https://api.github.com/repos/pallets/flask/issues/comments/1228620",
            "html_url": "https://github.com/pallets/flask/pull/233#issuecomment-1228620",
            "issue_url": "https://api.github.com/repos/pallets/flask/issues/233",
            "id": 1228620,
            "node_id": "MDEyOklzc3VlQ29tbWVudDEyMjg2MjA=",
            "user": {
                "login": "mitsuhiko",
                "id": 7396,
                "node_id": "MDQ6VXNlcjczOTY=",
                "avatar_url": "https://avatars1.githubusercontent.com/u/7396?v=4",
                "gravatar_id": "",
                "url": "https://api.github.com/users/mitsuhiko",
                "html_url": "https://github.com/mitsuhiko",
                "followers_url": "https://api.github.com/users/mitsuhiko/followers",
                "following_url": "https://api.github.com/users/mitsuhiko/following{/other_user}",
                "gists_url": "https://api.github.com/users/mitsuhiko/gists{/gist_id}",
                "starred_url": "https://api.github.com/users/mitsuhiko/starred{/owner}{/repo}",
                "subscriptions_url": "https://api.github.com/users/mitsuhiko/subscriptions",
                "organizations_url": "https://api.github.com/users/mitsuhiko/orgs",
                "repos_url": "https://api.github.com/users/mitsuhiko/repos",
                "events_url": "https://api.github.com/users/mitsuhiko/events{/privacy}",
                "received_events_url": "https://api.github.com/users/mitsuhiko/received_events",
                "type": "User",
                "site_admin": false
            },
            "created_at": "2011-05-24T14:30:30Z",
            "updated_at": "2011-05-24T14:30:30Z",
            "author_association": "MEMBER",
            "body": "Merged and added test.\n"
        }
    ]
}