{
    "url": "https://api.github.com/repos/pallets/flask/issues/2330",
    "repository_url": "https://api.github.com/repos/pallets/flask",
    "labels_url": "https://api.github.com/repos/pallets/flask/issues/2330/labels{/name}",
    "comments_url": "https://api.github.com/repos/pallets/flask/issues/2330/comments",
    "events_url": "https://api.github.com/repos/pallets/flask/issues/2330/events",
    "html_url": "https://github.com/pallets/flask/pull/2330",
    "id": 231168787,
    "node_id": "MDExOlB1bGxSZXF1ZXN0MTIyMzIxNzg5",
    "number": 2330,
    "title": "Minor edits to tutorial for clarity.",
    "user": {
        "login": "openmorse",
        "id": 26353417,
        "node_id": "MDQ6VXNlcjI2MzUzNDE3",
        "avatar_url": "https://avatars1.githubusercontent.com/u/26353417?v=4",
        "gravatar_id": "",
        "url": "https://api.github.com/users/openmorse",
        "html_url": "https://github.com/openmorse",
        "followers_url": "https://api.github.com/users/openmorse/followers",
        "following_url": "https://api.github.com/users/openmorse/following{/other_user}",
        "gists_url": "https://api.github.com/users/openmorse/gists{/gist_id}",
        "starred_url": "https://api.github.com/users/openmorse/starred{/owner}{/repo}",
        "subscriptions_url": "https://api.github.com/users/openmorse/subscriptions",
        "organizations_url": "https://api.github.com/users/openmorse/orgs",
        "repos_url": "https://api.github.com/users/openmorse/repos",
        "events_url": "https://api.github.com/users/openmorse/events{/privacy}",
        "received_events_url": "https://api.github.com/users/openmorse/received_events",
        "type": "User",
        "site_admin": false
    },
    "labels": [
        {
            "id": 32876,
            "node_id": "MDU6TGFiZWwzMjg3Ng==",
            "url": "https://api.github.com/repos/pallets/flask/labels/docs",
            "name": "docs",
            "color": "0e8a16",
            "default": false,
            "description": null
        }
    ],
    "state": "closed",
    "locked": false,
    "assignee": {
        "login": "davidism",
        "id": 1242887,
        "node_id": "MDQ6VXNlcjEyNDI4ODc=",
        "avatar_url": "https://avatars1.githubusercontent.com/u/1242887?v=4",
        "gravatar_id": "",
        "url": "https://api.github.com/users/davidism",
        "html_url": "https://github.com/davidism",
        "followers_url": "https://api.github.com/users/davidism/followers",
        "following_url": "https://api.github.com/users/davidism/following{/other_user}",
        "gists_url": "https://api.github.com/users/davidism/gists{/gist_id}",
        "starred_url": "https://api.github.com/users/davidism/starred{/owner}{/repo}",
        "subscriptions_url": "https://api.github.com/users/davidism/subscriptions",
        "organizations_url": "https://api.github.com/users/davidism/orgs",
        "repos_url": "https://api.github.com/users/davidism/repos",
        "events_url": "https://api.github.com/users/davidism/events{/privacy}",
        "received_events_url": "https://api.github.com/users/davidism/received_events",
        "type": "User",
        "site_admin": false
    },
    "assignees": [
        {
            "login": "davidism",
            "id": 1242887,
            "node_id": "MDQ6VXNlcjEyNDI4ODc=",
            "avatar_url": "https://avatars1.githubusercontent.com/u/1242887?v=4",
            "gravatar_id": "",
            "url": "https://api.github.com/users/davidism",
            "html_url": "https://github.com/davidism",
            "followers_url": "https://api.github.com/users/davidism/followers",
            "following_url": "https://api.github.com/users/davidism/following{/other_user}",
            "gists_url": "https://api.github.com/users/davidism/gists{/gist_id}",
            "starred_url": "https://api.github.com/users/davidism/starred{/owner}{/repo}",
            "subscriptions_url": "https://api.github.com/users/davidism/subscriptions",
            "organizations_url": "https://api.github.com/users/davidism/orgs",
            "repos_url": "https://api.github.com/users/davidism/repos",
            "events_url": "https://api.github.com/users/davidism/events{/privacy}",
            "received_events_url": "https://api.github.com/users/davidism/received_events",
            "type": "User",
            "site_admin": false
        }
    ],
    "milestone": null,
    "comments": 0,
    "created_at": "2017-05-24T20:56:13Z",
    "updated_at": "2017-05-25T00:00:20Z",
    "closed_at": "2017-05-25T00:00:20Z",
    "author_association": "CONTRIBUTOR",
    "pull_request": {
        "url": "https://api.github.com/repos/pallets/flask/pulls/2330",
        "html_url": "https://github.com/pallets/flask/pull/2330",
        "diff_url": "https://github.com/pallets/flask/pull/2330.diff",
        "patch_url": "https://github.com/pallets/flask/pull/2330.patch"
    },
    "body": "Minor edits/formatting/add links in 8 files in the Flaskr tutorial pages.  Intended to aid newbies to follow."
}