{
    "url": "https://api.github.com/repos/pallets/flask/issues/2331",
    "repository_url": "https://api.github.com/repos/pallets/flask",
    "labels_url": "https://api.github.com/repos/pallets/flask/issues/2331/labels{/name}",
    "comments_url": "https://api.github.com/repos/pallets/flask/issues/2331/comments",
    "events_url": "https://api.github.com/repos/pallets/flask/issues/2331/events",
    "html_url": "https://github.com/pallets/flask/pull/2331",
    "id": 231192400,
    "node_id": "MDExOlB1bGxSZXF1ZXN0MTIyMzM5MjQz",
    "number": 2331,
    "title": "Reduce test envs, add coverage reports, other test fixups",
    "user": {
        "login": "davidism",
        "id": 1242887,
        "node_id": "MDQ6VXNlcjEyNDI4ODc=",
        "avatar_url": "https://avatars1.githubusercontent.com/u/1242887?v=4",
        "gravatar_id": "",
        "url": "https://api.github.com/users/davidism",
        "html_url": "https://github.com/davidism",
        "followers_url": "https://api.github.com/users/davidism/followers",
        "following_url": "https://api.github.com/users/davidism/following{/other_user}",
        "gists_url": "https://api.github.com/users/davidism/gists{/gist_id}",
        "starred_url": "https://api.github.com/users/davidism/starred{/owner}{/repo}",
        "subscriptions_url": "https://api.github.com/users/davidism/subscriptions",
        "organizations_url": "https://api.github.com/users/davidism/orgs",
        "repos_url": "https://api.github.com/users/davidism/repos",
        "events_url": "https://api.github.com/users/davidism/events{/privacy}",
        "received_events_url": "https://api.github.com/users/davidism/received_events",
        "type": "User",
        "site_admin": false
    },
    "labels": [
        {
            "id": 386620463,
            "node_id": "MDU6TGFiZWwzODY2MjA0NjM=",
            "url": "https://api.github.com/repos/pallets/flask/labels/testing",
            "name": "testing",
            "color": "006b75",
            "default": false,
            "description": null
        }
    ],
    "state": "closed",
    "locked": false,
    "assignee": {
        "login": "davidism",
        "id": 1242887,
        "node_id": "MDQ6VXNlcjEyNDI4ODc=",
        "avatar_url": "https://avatars1.githubusercontent.com/u/1242887?v=4",
        "gravatar_id": "",
        "url": "https://api.github.com/users/davidism",
        "html_url": "https://github.com/davidism",
        "followers_url": "https://api.github.com/users/davidism/followers",
        "following_url": "https://api.github.com/users/davidism/following{/other_user}",
        "gists_url": "https://api.github.com/users/davidism/gists{/gist_id}",
        "starred_url": "https://api.github.com/users/davidism/starred{/owner}{/repo}",
        "subscriptions_url": "https://api.github.com/users/davidism/subscriptions",
        "organizations_url": "https://api.github.com/users/davidism/orgs",
        "repos_url": "https://api.github.com/users/davidism/repos",
        "events_url": "https://api.github.com/users/davidism/events{/privacy}",
        "received_events_url": "https://api.github.com/users/davidism/received_events",
        "type": "User",
        "site_admin": false
    },
    "assignees": [
        {
            "login": "davidism",
            "id": 1242887,
            "node_id": "MDQ6VXNlcjEyNDI4ODc=",
            "avatar_url": "https://avatars1.githubusercontent.com/u/1242887?v=4",
            "gravatar_id": "",
            "url": "https://api.github.com/users/davidism",
            "html_url": "https://github.com/davidism",
            "followers_url": "https://api.github.com/users/davidism/followers",
            "following_url": "https://api.github.com/users/davidism/following{/other_user}",
            "gists_url": "https://api.github.com/users/davidism/gists{/gist_id}",
            "starred_url": "https://api.github.com/users/davidism/starred{/owner}{/repo}",
            "subscriptions_url": "https://api.github.com/users/davidism/subscriptions",
            "organizations_url": "https://api.github.com/users/davidism/orgs",
            "repos_url": "https://api.github.com/users/davidism/repos",
            "events_url": "https://api.github.com/users/davidism/events{/privacy}",
            "received_events_url": "https://api.github.com/users/davidism/received_events",
            "type": "User",
            "site_admin": false
        }
    ],
    "milestone": null,
    "comments": 1,
    "created_at": "2017-05-24T22:45:32Z",
    "updated_at": "2017-05-24T22:58:01Z",
    "closed_at": "2017-05-24T22:57:57Z",
    "author_association": "MEMBER",
    "pull_request": {
        "url": "https://api.github.com/repos/pallets/flask/pulls/2331",
        "html_url": "https://github.com/pallets/flask/pull/2331",
        "diff_url": "https://github.com/pallets/flask/pull/2331.diff",
        "patch_url": "https://github.com/pallets/flask/pull/2331.patch"
    },
    "body": "* reduce number of tox and travis envs, was taking way too long to run (~50 minutes)\r\n* bump minimum werkzeug version to fix tests. I don't find this particularly controversial, but someone else can bump it back down if 0.9 from 2013 is too recent.\r\n* use archive packages from github for devel, cloning was taking too long\r\n* cache pip pacakges on travis\r\n* collect branch coverage\r\n* collect coverage of test code\r\n* report coverage across envs\r\n* test building docs, don't linktest by default\r\n* enable codecov integration",
    "comments_inline": [
        {
            "url": "https://api.github.com/repos/pallets/flask/issues/comments/303875308",
            "html_url": "https://github.com/pallets/flask/pull/2331#issuecomment-303875308",
            "issue_url": "https://api.github.com/repos/pallets/flask/issues/2331",
            "id": 303875308,
            "node_id": "MDEyOklzc3VlQ29tbWVudDMwMzg3NTMwOA==",
            "user": {
                "login": "codecov-io",
                "id": 8655789,
                "node_id": "MDQ6VXNlcjg2NTU3ODk=",
                "avatar_url": "https://avatars0.githubusercontent.com/u/8655789?v=4",
                "gravatar_id": "",
                "url": "https://api.github.com/users/codecov-io",
                "html_url": "https://github.com/codecov-io",
                "followers_url": "https://api.github.com/users/codecov-io/followers",
                "following_url": "https://api.github.com/users/codecov-io/following{/other_user}",
                "gists_url": "https://api.github.com/users/codecov-io/gists{/gist_id}",
                "starred_url": "https://api.github.com/users/codecov-io/starred{/owner}{/repo}",
                "subscriptions_url": "https://api.github.com/users/codecov-io/subscriptions",
                "organizations_url": "https://api.github.com/users/codecov-io/orgs",
                "repos_url": "https://api.github.com/users/codecov-io/repos",
                "events_url": "https://api.github.com/users/codecov-io/events{/privacy}",
                "received_events_url": "https://api.github.com/users/codecov-io/received_events",
                "type": "User",
                "site_admin": false
            },
            "created_at": "2017-05-24T22:56:49Z",
            "updated_at": "2017-05-24T22:56:49Z",
            "author_association": "NONE",
            "body": "# [Codecov](https://codecov.io/gh/pallets/flask/pull/2331?src=pr&el=h1) Report\n> :exclamation: No coverage uploaded for pull request base (`master@c62b614`). [Click here to learn what that means](https://docs.codecov.io/docs/error-reference#section-missing-base-commit).\n> The diff coverage is `n/a`.\n\n[![Impacted file tree graph](https://codecov.io/gh/pallets/flask/pull/2331/graphs/tree.svg?height=150&width=650&token=Hvz3ovjQ9i&src=pr)](https://codecov.io/gh/pallets/flask/pull/2331?src=pr&el=tree)\n\n```diff\n@@            Coverage Diff            @@\n##             master    #2331   +/-   ##\n=========================================\n  Coverage          ?   92.94%           \n=========================================\n  Files             ?       45           \n  Lines             ?     6411           \n  Branches          ?      496           \n=========================================\n  Hits              ?     5959           \n  Misses            ?      333           \n  Partials          ?      119\n```\n\n\n\n------\n\n[Continue to review full report at Codecov](https://codecov.io/gh/pallets/flask/pull/2331?src=pr&el=continue).\n> **Legend** - [Click here to learn more](https://docs.codecov.io/docs/codecov-delta)\n> `\u0394 = absolute <relative> (impact)`, `\u00f8 = not affected`, `? = missing data`\n> Powered by [Codecov](https://codecov.io/gh/pallets/flask/pull/2331?src=pr&el=footer). Last update [c62b614...65b2292](https://codecov.io/gh/pallets/flask/pull/2331?src=pr&el=lastupdated). Read the [comment docs](https://docs.codecov.io/docs/pull-request-comments).\n"
        }
    ]
}