{
    "url": "https://api.github.com/repos/pallets/flask/issues/2332",
    "repository_url": "https://api.github.com/repos/pallets/flask",
    "labels_url": "https://api.github.com/repos/pallets/flask/issues/2332/labels{/name}",
    "comments_url": "https://api.github.com/repos/pallets/flask/issues/2332/comments",
    "events_url": "https://api.github.com/repos/pallets/flask/issues/2332/events",
    "html_url": "https://github.com/pallets/flask/pull/2332",
    "id": 231218815,
    "node_id": "MDExOlB1bGxSZXF1ZXN0MTIyMzU3NTc0",
    "number": 2332,
    "title": "PyCharm Run Configuration Guide",
    "user": {
        "login": "doobeh",
        "id": 470417,
        "node_id": "MDQ6VXNlcjQ3MDQxNw==",
        "avatar_url": "https://avatars2.githubusercontent.com/u/470417?v=4",
        "gravatar_id": "",
        "url": "https://api.github.com/users/doobeh",
        "html_url": "https://github.com/doobeh",
        "followers_url": "https://api.github.com/users/doobeh/followers",
        "following_url": "https://api.github.com/users/doobeh/following{/other_user}",
        "gists_url": "https://api.github.com/users/doobeh/gists{/gist_id}",
        "starred_url": "https://api.github.com/users/doobeh/starred{/owner}{/repo}",
        "subscriptions_url": "https://api.github.com/users/doobeh/subscriptions",
        "organizations_url": "https://api.github.com/users/doobeh/orgs",
        "repos_url": "https://api.github.com/users/doobeh/repos",
        "events_url": "https://api.github.com/users/doobeh/events{/privacy}",
        "received_events_url": "https://api.github.com/users/doobeh/received_events",
        "type": "User",
        "site_admin": false
    },
    "labels": [],
    "state": "closed",
    "locked": false,
    "assignee": null,
    "assignees": [],
    "milestone": null,
    "comments": 8,
    "created_at": "2017-05-25T01:54:12Z",
    "updated_at": "2018-06-06T10:56:40Z",
    "closed_at": "2017-05-25T16:52:47Z",
    "author_association": "CONTRIBUTOR",
    "pull_request": {
        "url": "https://api.github.com/repos/pallets/flask/pulls/2332",
        "html_url": "https://github.com/pallets/flask/pull/2332",
        "diff_url": "https://github.com/pallets/flask/pull/2332.diff",
        "patch_url": "https://github.com/pallets/flask/pull/2332.patch"
    },
    "body": "A guide showing how to get the `flask run` cli functionality directly within PyCharm-- addresses issue #2198. Even when PyCharm implements smoother integration, we're probably still going to need a variation of this to address factories/etc.",
    "comments_inline": [
        {
            "url": "https://api.github.com/repos/pallets/flask/issues/comments/303901999",
            "html_url": "https://github.com/pallets/flask/pull/2332#issuecomment-303901999",
            "issue_url": "https://api.github.com/repos/pallets/flask/issues/2332",
            "id": 303901999,
            "node_id": "MDEyOklzc3VlQ29tbWVudDMwMzkwMTk5OQ==",
            "user": {
                "login": "codecov[bot]",
                "id": 22429695,
                "node_id": "MDM6Qm90MjI0Mjk2OTU=",
                "avatar_url": "https://avatars2.githubusercontent.com/in/254?v=4",
                "gravatar_id": "",
                "url": "https://api.github.com/users/codecov%5Bbot%5D",
                "html_url": "https://github.com/apps/codecov",
                "followers_url": "https://api.github.com/users/codecov%5Bbot%5D/followers",
                "following_url": "https://api.github.com/users/codecov%5Bbot%5D/following{/other_user}",
                "gists_url": "https://api.github.com/users/codecov%5Bbot%5D/gists{/gist_id}",
                "starred_url": "https://api.github.com/users/codecov%5Bbot%5D/starred{/owner}{/repo}",
                "subscriptions_url": "https://api.github.com/users/codecov%5Bbot%5D/subscriptions",
                "organizations_url": "https://api.github.com/users/codecov%5Bbot%5D/orgs",
                "repos_url": "https://api.github.com/users/codecov%5Bbot%5D/repos",
                "events_url": "https://api.github.com/users/codecov%5Bbot%5D/events{/privacy}",
                "received_events_url": "https://api.github.com/users/codecov%5Bbot%5D/received_events",
                "type": "Bot",
                "site_admin": false
            },
            "created_at": "2017-05-25T02:03:42Z",
            "updated_at": "2017-05-25T02:04:08Z",
            "author_association": "NONE",
            "body": "# [Codecov](https://codecov.io/gh/pallets/flask/pull/2332?src=pr&el=h1) Report\n> Merging [#2332](https://codecov.io/gh/pallets/flask/pull/2332?src=pr&el=desc) into [master](https://codecov.io/gh/pallets/flask/commit/4ec1fbc9f52b4b3997a1978ab3390a5a1157ad6a?src=pr&el=desc) will **not change** coverage.\n> The diff coverage is `n/a`.\n\n[![Impacted file tree graph](https://codecov.io/gh/pallets/flask/pull/2332/graphs/tree.svg?height=150&width=650&token=Hvz3ovjQ9i&src=pr)](https://codecov.io/gh/pallets/flask/pull/2332?src=pr&el=tree)\n\n```diff\n@@           Coverage Diff           @@\n##           master    #2332   +/-   ##\n=======================================\n  Coverage   92.79%   92.79%           \n=======================================\n  Files          45       45           \n  Lines        6333     6333           \n  Branches      496      496           \n=======================================\n  Hits         5877     5877           \n  Misses        335      335           \n  Partials      121      121\n```\n\n\n\n------\n\n[Continue to review full report at Codecov](https://codecov.io/gh/pallets/flask/pull/2332?src=pr&el=continue).\n> **Legend** - [Click here to learn more](https://docs.codecov.io/docs/codecov-delta)\n> `\u0394 = absolute <relative> (impact)`, `\u00f8 = not affected`, `? = missing data`\n> Powered by [Codecov](https://codecov.io/gh/pallets/flask/pull/2332?src=pr&el=footer). Last update [4ec1fbc...f52f3ef](https://codecov.io/gh/pallets/flask/pull/2332?src=pr&el=lastupdated). Read the [comment docs](https://docs.codecov.io/docs/pull-request-comments).\n"
        },
        {
            "url": "https://api.github.com/repos/pallets/flask/issues/comments/311151493",
            "html_url": "https://github.com/pallets/flask/pull/2332#issuecomment-311151493",
            "issue_url": "https://api.github.com/repos/pallets/flask/issues/2332",
            "id": 311151493,
            "node_id": "MDEyOklzc3VlQ29tbWVudDMxMTE1MTQ5Mw==",
            "user": {
                "login": "pletnes",
                "id": 708553,
                "node_id": "MDQ6VXNlcjcwODU1Mw==",
                "avatar_url": "https://avatars3.githubusercontent.com/u/708553?v=4",
                "gravatar_id": "",
                "url": "https://api.github.com/users/pletnes",
                "html_url": "https://github.com/pletnes",
                "followers_url": "https://api.github.com/users/pletnes/followers",
                "following_url": "https://api.github.com/users/pletnes/following{/other_user}",
                "gists_url": "https://api.github.com/users/pletnes/gists{/gist_id}",
                "starred_url": "https://api.github.com/users/pletnes/starred{/owner}{/repo}",
                "subscriptions_url": "https://api.github.com/users/pletnes/subscriptions",
                "organizations_url": "https://api.github.com/users/pletnes/orgs",
                "repos_url": "https://api.github.com/users/pletnes/repos",
                "events_url": "https://api.github.com/users/pletnes/events{/privacy}",
                "received_events_url": "https://api.github.com/users/pletnes/received_events",
                "type": "User",
                "site_admin": false
            },
            "created_at": "2017-06-26T19:01:04Z",
            "updated_at": "2017-06-26T19:01:04Z",
            "author_association": "NONE",
            "body": "Not sure if this is the appropriate place to put this, but following these instructions on Windows 10, except putting `flask.exe` in place of just `flask`, yields this gibberish error message:\r\n\r\n```\r\nTraceback (most recent call last):\r\n  File \"C:\\Users\\paul\\Anaconda3\\envs\\sludd\\lib\\tokenize.py\", line 390, in find_cookie\r\n    line_string = line.decode('utf-8')\r\nUnicodeDecodeError: 'utf-8' codec can't decode byte 0x90 in position 2: invalid start byte\r\nDuring handling of the above exception, another exception occurred:\r\nTraceback (most recent call last):\r\n  File \"C:\\Program Files\\JetBrains\\PyCharm 2017.1.4\\helpers\\pydev\\pydev_run_in_console.py\", line 78, in <module>\r\n    globals = run_file(file, None, None)\r\n  File \"C:\\Program Files\\JetBrains\\PyCharm 2017.1.4\\helpers\\pydev\\pydev_run_in_console.py\", line 35, in run_file\r\n    pydev_imports.execfile(file, globals, locals)  # execute the script\r\n  File \"C:\\Program Files\\JetBrains\\PyCharm 2017.1.4\\helpers\\pydev\\_pydev_imps\\_pydev_execfile.py\", line 11, in execfile\r\n    stream = tokenize.open(file)  # @UndefinedVariable\r\n  File \"C:\\Users\\paul\\Anaconda3\\envs\\sludd\\lib\\tokenize.py\", line 454, in open\r\n    encoding, lines = detect_encoding(buffer.readline)\r\n  File \"C:\\Users\\paul\\Anaconda3\\envs\\sludd\\lib\\tokenize.py\", line 431, in detect_encoding\r\n    encoding = find_cookie(first)\r\n  File \"C:\\Users\\paul\\Anaconda3\\envs\\sludd\\lib\\tokenize.py\", line 395, in find_cookie\r\n    raise SyntaxError(msg)\r\nSyntaxError: invalid or missing encoding declaration for 'C:/Users/paul/Anaconda3/envs/sludd/Scripts/flask.exe'\r\n```"
        },
        {
            "url": "https://api.github.com/repos/pallets/flask/issues/comments/311152503",
            "html_url": "https://github.com/pallets/flask/pull/2332#issuecomment-311152503",
            "issue_url": "https://api.github.com/repos/pallets/flask/issues/2332",
            "id": 311152503,
            "node_id": "MDEyOklzc3VlQ29tbWVudDMxMTE1MjUwMw==",
            "user": {
                "login": "ThiefMaster",
                "id": 179599,
                "node_id": "MDQ6VXNlcjE3OTU5OQ==",
                "avatar_url": "https://avatars1.githubusercontent.com/u/179599?v=4",
                "gravatar_id": "",
                "url": "https://api.github.com/users/ThiefMaster",
                "html_url": "https://github.com/ThiefMaster",
                "followers_url": "https://api.github.com/users/ThiefMaster/followers",
                "following_url": "https://api.github.com/users/ThiefMaster/following{/other_user}",
                "gists_url": "https://api.github.com/users/ThiefMaster/gists{/gist_id}",
                "starred_url": "https://api.github.com/users/ThiefMaster/starred{/owner}{/repo}",
                "subscriptions_url": "https://api.github.com/users/ThiefMaster/subscriptions",
                "organizations_url": "https://api.github.com/users/ThiefMaster/orgs",
                "repos_url": "https://api.github.com/users/ThiefMaster/repos",
                "events_url": "https://api.github.com/users/ThiefMaster/events{/privacy}",
                "received_events_url": "https://api.github.com/users/ThiefMaster/received_events",
                "type": "User",
                "site_admin": false
            },
            "created_at": "2017-06-26T19:05:05Z",
            "updated_at": "2017-06-26T19:05:05Z",
            "author_association": "MEMBER",
            "body": "This sounds more like pycharm tried to execute/debug flask.exe as a python file (which obviously can't work)..."
        },
        {
            "url": "https://api.github.com/repos/pallets/flask/issues/comments/311152753",
            "html_url": "https://github.com/pallets/flask/pull/2332#issuecomment-311152753",
            "issue_url": "https://api.github.com/repos/pallets/flask/issues/2332",
            "id": 311152753,
            "node_id": "MDEyOklzc3VlQ29tbWVudDMxMTE1Mjc1Mw==",
            "user": {
                "login": "pletnes",
                "id": 708553,
                "node_id": "MDQ6VXNlcjcwODU1Mw==",
                "avatar_url": "https://avatars3.githubusercontent.com/u/708553?v=4",
                "gravatar_id": "",
                "url": "https://api.github.com/users/pletnes",
                "html_url": "https://github.com/pletnes",
                "followers_url": "https://api.github.com/users/pletnes/followers",
                "following_url": "https://api.github.com/users/pletnes/following{/other_user}",
                "gists_url": "https://api.github.com/users/pletnes/gists{/gist_id}",
                "starred_url": "https://api.github.com/users/pletnes/starred{/owner}{/repo}",
                "subscriptions_url": "https://api.github.com/users/pletnes/subscriptions",
                "organizations_url": "https://api.github.com/users/pletnes/orgs",
                "repos_url": "https://api.github.com/users/pletnes/repos",
                "events_url": "https://api.github.com/users/pletnes/events{/privacy}",
                "received_events_url": "https://api.github.com/users/pletnes/received_events",
                "type": "User",
                "site_admin": false
            },
            "created_at": "2017-06-26T19:06:11Z",
            "updated_at": "2017-06-26T19:06:11Z",
            "author_association": "NONE",
            "body": "Yeah, that is true, but it's what the instructions suggest. That is, I guess `flask` is an actual python script on non-windows OS-es."
        },
        {
            "url": "https://api.github.com/repos/pallets/flask/issues/comments/311153187",
            "html_url": "https://github.com/pallets/flask/pull/2332#issuecomment-311153187",
            "issue_url": "https://api.github.com/repos/pallets/flask/issues/2332",
            "id": 311153187,
            "node_id": "MDEyOklzc3VlQ29tbWVudDMxMTE1MzE4Nw==",
            "user": {
                "login": "pletnes",
                "id": 708553,
                "node_id": "MDQ6VXNlcjcwODU1Mw==",
                "avatar_url": "https://avatars3.githubusercontent.com/u/708553?v=4",
                "gravatar_id": "",
                "url": "https://api.github.com/users/pletnes",
                "html_url": "https://github.com/pletnes",
                "followers_url": "https://api.github.com/users/pletnes/followers",
                "following_url": "https://api.github.com/users/pletnes/following{/other_user}",
                "gists_url": "https://api.github.com/users/pletnes/gists{/gist_id}",
                "starred_url": "https://api.github.com/users/pletnes/starred{/owner}{/repo}",
                "subscriptions_url": "https://api.github.com/users/pletnes/subscriptions",
                "organizations_url": "https://api.github.com/users/pletnes/orgs",
                "repos_url": "https://api.github.com/users/pletnes/repos",
                "events_url": "https://api.github.com/users/pletnes/events{/privacy}",
                "received_events_url": "https://api.github.com/users/pletnes/received_events",
                "type": "User",
                "site_admin": false
            },
            "created_at": "2017-06-26T19:08:00Z",
            "updated_at": "2017-06-26T19:08:00Z",
            "author_association": "NONE",
            "body": "OK, after some fiddling, I found that `flask-script.py` resides next to `flask.exe` and can be used in its place. This could be noted in an update to these docs."
        },
        {
            "url": "https://api.github.com/repos/pallets/flask/issues/comments/311153243",
            "html_url": "https://github.com/pallets/flask/pull/2332#issuecomment-311153243",
            "issue_url": "https://api.github.com/repos/pallets/flask/issues/2332",
            "id": 311153243,
            "node_id": "MDEyOklzc3VlQ29tbWVudDMxMTE1MzI0Mw==",
            "user": {
                "login": "ThiefMaster",
                "id": 179599,
                "node_id": "MDQ6VXNlcjE3OTU5OQ==",
                "avatar_url": "https://avatars1.githubusercontent.com/u/179599?v=4",
                "gravatar_id": "",
                "url": "https://api.github.com/users/ThiefMaster",
                "html_url": "https://github.com/ThiefMaster",
                "followers_url": "https://api.github.com/users/ThiefMaster/followers",
                "following_url": "https://api.github.com/users/ThiefMaster/following{/other_user}",
                "gists_url": "https://api.github.com/users/ThiefMaster/gists{/gist_id}",
                "starred_url": "https://api.github.com/users/ThiefMaster/starred{/owner}{/repo}",
                "subscriptions_url": "https://api.github.com/users/ThiefMaster/subscriptions",
                "organizations_url": "https://api.github.com/users/ThiefMaster/orgs",
                "repos_url": "https://api.github.com/users/ThiefMaster/repos",
                "events_url": "https://api.github.com/users/ThiefMaster/events{/privacy}",
                "received_events_url": "https://api.github.com/users/ThiefMaster/received_events",
                "type": "User",
                "site_admin": false
            },
            "created_at": "2017-06-26T19:08:15Z",
            "updated_at": "2017-06-26T19:08:15Z",
            "author_association": "MEMBER",
            "body": "Yes, on Windows Python wraps CLI scripts in a .exe. Try using `-m flask` as the args instead (`flask` / `flask.exe` is equivalent to `python -m flask`)"
        },
        {
            "url": "https://api.github.com/repos/pallets/flask/issues/comments/311155583",
            "html_url": "https://github.com/pallets/flask/pull/2332#issuecomment-311155583",
            "issue_url": "https://api.github.com/repos/pallets/flask/issues/2332",
            "id": 311155583,
            "node_id": "MDEyOklzc3VlQ29tbWVudDMxMTE1NTU4Mw==",
            "user": {
                "login": "pletnes",
                "id": 708553,
                "node_id": "MDQ6VXNlcjcwODU1Mw==",
                "avatar_url": "https://avatars3.githubusercontent.com/u/708553?v=4",
                "gravatar_id": "",
                "url": "https://api.github.com/users/pletnes",
                "html_url": "https://github.com/pletnes",
                "followers_url": "https://api.github.com/users/pletnes/followers",
                "following_url": "https://api.github.com/users/pletnes/following{/other_user}",
                "gists_url": "https://api.github.com/users/pletnes/gists{/gist_id}",
                "starred_url": "https://api.github.com/users/pletnes/starred{/owner}{/repo}",
                "subscriptions_url": "https://api.github.com/users/pletnes/subscriptions",
                "organizations_url": "https://api.github.com/users/pletnes/orgs",
                "repos_url": "https://api.github.com/users/pletnes/repos",
                "events_url": "https://api.github.com/users/pletnes/events{/privacy}",
                "received_events_url": "https://api.github.com/users/pletnes/received_events",
                "type": "User",
                "site_admin": false
            },
            "created_at": "2017-06-26T19:18:14Z",
            "updated_at": "2017-06-26T19:18:14Z",
            "author_association": "NONE",
            "body": "Tried the `-m flask` trick already, that causes other issues with pycharm (would probably work in many other IDEs though)"
        },
        {
            "url": "https://api.github.com/repos/pallets/flask/issues/comments/395027971",
            "html_url": "https://github.com/pallets/flask/pull/2332#issuecomment-395027971",
            "issue_url": "https://api.github.com/repos/pallets/flask/issues/2332",
            "id": 395027971,
            "node_id": "MDEyOklzc3VlQ29tbWVudDM5NTAyNzk3MQ==",
            "user": {
                "login": "Nadav-Ruskin",
                "id": 18419714,
                "node_id": "MDQ6VXNlcjE4NDE5NzE0",
                "avatar_url": "https://avatars3.githubusercontent.com/u/18419714?v=4",
                "gravatar_id": "",
                "url": "https://api.github.com/users/Nadav-Ruskin",
                "html_url": "https://github.com/Nadav-Ruskin",
                "followers_url": "https://api.github.com/users/Nadav-Ruskin/followers",
                "following_url": "https://api.github.com/users/Nadav-Ruskin/following{/other_user}",
                "gists_url": "https://api.github.com/users/Nadav-Ruskin/gists{/gist_id}",
                "starred_url": "https://api.github.com/users/Nadav-Ruskin/starred{/owner}{/repo}",
                "subscriptions_url": "https://api.github.com/users/Nadav-Ruskin/subscriptions",
                "organizations_url": "https://api.github.com/users/Nadav-Ruskin/orgs",
                "repos_url": "https://api.github.com/users/Nadav-Ruskin/repos",
                "events_url": "https://api.github.com/users/Nadav-Ruskin/events{/privacy}",
                "received_events_url": "https://api.github.com/users/Nadav-Ruskin/received_events",
                "type": "User",
                "site_admin": false
            },
            "created_at": "2018-06-06T10:56:40Z",
            "updated_at": "2018-06-06T10:56:40Z",
            "author_association": "NONE",
            "body": "Windows user here, no `flask-script.py` found.\r\nI finally managed to get it to work using `flask` as a module name and `run` as a parameter."
        }
    ]
}