{
    "url": "https://api.github.com/repos/pallets/flask/issues/2333",
    "repository_url": "https://api.github.com/repos/pallets/flask",
    "labels_url": "https://api.github.com/repos/pallets/flask/issues/2333/labels{/name}",
    "comments_url": "https://api.github.com/repos/pallets/flask/issues/2333/comments",
    "events_url": "https://api.github.com/repos/pallets/flask/issues/2333/events",
    "html_url": "https://github.com/pallets/flask/pull/2333",
    "id": 231312728,
    "node_id": "MDExOlB1bGxSZXF1ZXN0MTIyNDIwOTA1",
    "number": 2333,
    "title": "Fixed typo in docs",
    "user": {
        "login": "D4D3VD4V3",
        "id": 16200286,
        "node_id": "MDQ6VXNlcjE2MjAwMjg2",
        "avatar_url": "https://avatars1.githubusercontent.com/u/16200286?v=4",
        "gravatar_id": "",
        "url": "https://api.github.com/users/D4D3VD4V3",
        "html_url": "https://github.com/D4D3VD4V3",
        "followers_url": "https://api.github.com/users/D4D3VD4V3/followers",
        "following_url": "https://api.github.com/users/D4D3VD4V3/following{/other_user}",
        "gists_url": "https://api.github.com/users/D4D3VD4V3/gists{/gist_id}",
        "starred_url": "https://api.github.com/users/D4D3VD4V3/starred{/owner}{/repo}",
        "subscriptions_url": "https://api.github.com/users/D4D3VD4V3/subscriptions",
        "organizations_url": "https://api.github.com/users/D4D3VD4V3/orgs",
        "repos_url": "https://api.github.com/users/D4D3VD4V3/repos",
        "events_url": "https://api.github.com/users/D4D3VD4V3/events{/privacy}",
        "received_events_url": "https://api.github.com/users/D4D3VD4V3/received_events",
        "type": "User",
        "site_admin": false
    },
    "labels": [],
    "state": "closed",
    "locked": false,
    "assignee": null,
    "assignees": [],
    "milestone": null,
    "comments": 0,
    "created_at": "2017-05-25T11:22:02Z",
    "updated_at": "2017-05-25T15:24:52Z",
    "closed_at": "2017-05-25T15:24:52Z",
    "author_association": "CONTRIBUTOR",
    "pull_request": {
        "url": "https://api.github.com/repos/pallets/flask/pulls/2333",
        "html_url": "https://github.com/pallets/flask/pull/2333",
        "diff_url": "https://github.com/pallets/flask/pull/2333.diff",
        "patch_url": "https://github.com/pallets/flask/pull/2333.patch"
    },
    "body": ""
}