{
    "url": "https://api.github.com/repos/pallets/flask/issues/2334",
    "repository_url": "https://api.github.com/repos/pallets/flask",
    "labels_url": "https://api.github.com/repos/pallets/flask/issues/2334/labels{/name}",
    "comments_url": "https://api.github.com/repos/pallets/flask/issues/2334/comments",
    "events_url": "https://api.github.com/repos/pallets/flask/issues/2334/events",
    "html_url": "https://github.com/pallets/flask/pull/2334",
    "id": 231396671,
    "node_id": "MDExOlB1bGxSZXF1ZXN0MTIyNDgwNDc5",
    "number": 2334,
    "title": "Docs sidebar missing space",
    "user": {
        "login": "zebpalmer",
        "id": 590415,
        "node_id": "MDQ6VXNlcjU5MDQxNQ==",
        "avatar_url": "https://avatars2.githubusercontent.com/u/590415?v=4",
        "gravatar_id": "",
        "url": "https://api.github.com/users/zebpalmer",
        "html_url": "https://github.com/zebpalmer",
        "followers_url": "https://api.github.com/users/zebpalmer/followers",
        "following_url": "https://api.github.com/users/zebpalmer/following{/other_user}",
        "gists_url": "https://api.github.com/users/zebpalmer/gists{/gist_id}",
        "starred_url": "https://api.github.com/users/zebpalmer/starred{/owner}{/repo}",
        "subscriptions_url": "https://api.github.com/users/zebpalmer/subscriptions",
        "organizations_url": "https://api.github.com/users/zebpalmer/orgs",
        "repos_url": "https://api.github.com/users/zebpalmer/repos",
        "events_url": "https://api.github.com/users/zebpalmer/events{/privacy}",
        "received_events_url": "https://api.github.com/users/zebpalmer/received_events",
        "type": "User",
        "site_admin": false
    },
    "labels": [],
    "state": "closed",
    "locked": false,
    "assignee": null,
    "assignees": [],
    "milestone": null,
    "comments": 0,
    "created_at": "2017-05-25T16:55:38Z",
    "updated_at": "2017-05-25T17:12:30Z",
    "closed_at": "2017-05-25T17:06:54Z",
    "author_association": "CONTRIBUTOR",
    "pull_request": {
        "url": "https://api.github.com/repos/pallets/flask/pulls/2334",
        "html_url": "https://github.com/pallets/flask/pull/2334",
        "diff_url": "https://github.com/pallets/flask/pull/2334.diff",
        "patch_url": "https://github.com/pallets/flask/pull/2334.patch"
    },
    "body": "Smallest PR ever, but that missing space has been annoying me for a very long time."
}