{
    "url": "https://api.github.com/repos/pallets/flask/issues/2335",
    "repository_url": "https://api.github.com/repos/pallets/flask",
    "labels_url": "https://api.github.com/repos/pallets/flask/issues/2335/labels{/name}",
    "comments_url": "https://api.github.com/repos/pallets/flask/issues/2335/comments",
    "events_url": "https://api.github.com/repos/pallets/flask/issues/2335/events",
    "html_url": "https://github.com/pallets/flask/issues/2335",
    "id": 231466437,
    "node_id": "MDU6SXNzdWUyMzE0NjY0Mzc=",
    "number": 2335,
    "title": "reduce the number of build targets in the travis matrix",
    "user": {
        "login": "kennethreitz",
        "id": 119893,
        "node_id": "MDQ6VXNlcjExOTg5Mw==",
        "avatar_url": "https://avatars2.githubusercontent.com/u/119893?v=4",
        "gravatar_id": "",
        "url": "https://api.github.com/users/kennethreitz",
        "html_url": "https://github.com/kennethreitz",
        "followers_url": "https://api.github.com/users/kennethreitz/followers",
        "following_url": "https://api.github.com/users/kennethreitz/following{/other_user}",
        "gists_url": "https://api.github.com/users/kennethreitz/gists{/gist_id}",
        "starred_url": "https://api.github.com/users/kennethreitz/starred{/owner}{/repo}",
        "subscriptions_url": "https://api.github.com/users/kennethreitz/subscriptions",
        "organizations_url": "https://api.github.com/users/kennethreitz/orgs",
        "repos_url": "https://api.github.com/users/kennethreitz/repos",
        "events_url": "https://api.github.com/users/kennethreitz/events{/privacy}",
        "received_events_url": "https://api.github.com/users/kennethreitz/received_events",
        "type": "User",
        "site_admin": false
    },
    "labels": [],
    "state": "closed",
    "locked": false,
    "assignee": {
        "login": "kennethreitz",
        "id": 119893,
        "node_id": "MDQ6VXNlcjExOTg5Mw==",
        "avatar_url": "https://avatars2.githubusercontent.com/u/119893?v=4",
        "gravatar_id": "",
        "url": "https://api.github.com/users/kennethreitz",
        "html_url": "https://github.com/kennethreitz",
        "followers_url": "https://api.github.com/users/kennethreitz/followers",
        "following_url": "https://api.github.com/users/kennethreitz/following{/other_user}",
        "gists_url": "https://api.github.com/users/kennethreitz/gists{/gist_id}",
        "starred_url": "https://api.github.com/users/kennethreitz/starred{/owner}{/repo}",
        "subscriptions_url": "https://api.github.com/users/kennethreitz/subscriptions",
        "organizations_url": "https://api.github.com/users/kennethreitz/orgs",
        "repos_url": "https://api.github.com/users/kennethreitz/repos",
        "events_url": "https://api.github.com/users/kennethreitz/events{/privacy}",
        "received_events_url": "https://api.github.com/users/kennethreitz/received_events",
        "type": "User",
        "site_admin": false
    },
    "assignees": [
        {
            "login": "kennethreitz",
            "id": 119893,
            "node_id": "MDQ6VXNlcjExOTg5Mw==",
            "avatar_url": "https://avatars2.githubusercontent.com/u/119893?v=4",
            "gravatar_id": "",
            "url": "https://api.github.com/users/kennethreitz",
            "html_url": "https://github.com/kennethreitz",
            "followers_url": "https://api.github.com/users/kennethreitz/followers",
            "following_url": "https://api.github.com/users/kennethreitz/following{/other_user}",
            "gists_url": "https://api.github.com/users/kennethreitz/gists{/gist_id}",
            "starred_url": "https://api.github.com/users/kennethreitz/starred{/owner}{/repo}",
            "subscriptions_url": "https://api.github.com/users/kennethreitz/subscriptions",
            "organizations_url": "https://api.github.com/users/kennethreitz/orgs",
            "repos_url": "https://api.github.com/users/kennethreitz/repos",
            "events_url": "https://api.github.com/users/kennethreitz/events{/privacy}",
            "received_events_url": "https://api.github.com/users/kennethreitz/received_events",
            "type": "User",
            "site_admin": false
        }
    ],
    "milestone": null,
    "comments": 1,
    "created_at": "2017-05-25T21:34:55Z",
    "updated_at": "2017-05-28T03:39:12Z",
    "closed_at": "2017-05-28T03:38:43Z",
    "author_association": "CONTRIBUTOR",
    "body": "https://travis-ci.org/pallets/flask/builds/236168998?utm_source=github_status&utm_medium=notification\r\n\r\nthere are currently 22 targets. There's no way those are all needed. ",
    "comments_inline": [
        {
            "url": "https://api.github.com/repos/pallets/flask/issues/comments/304490597",
            "html_url": "https://github.com/pallets/flask/issues/2335#issuecomment-304490597",
            "issue_url": "https://api.github.com/repos/pallets/flask/issues/2335",
            "id": 304490597,
            "node_id": "MDEyOklzc3VlQ29tbWVudDMwNDQ5MDU5Nw==",
            "user": {
                "login": "kennethreitz",
                "id": 119893,
                "node_id": "MDQ6VXNlcjExOTg5Mw==",
                "avatar_url": "https://avatars2.githubusercontent.com/u/119893?v=4",
                "gravatar_id": "",
                "url": "https://api.github.com/users/kennethreitz",
                "html_url": "https://github.com/kennethreitz",
                "followers_url": "https://api.github.com/users/kennethreitz/followers",
                "following_url": "https://api.github.com/users/kennethreitz/following{/other_user}",
                "gists_url": "https://api.github.com/users/kennethreitz/gists{/gist_id}",
                "starred_url": "https://api.github.com/users/kennethreitz/starred{/owner}{/repo}",
                "subscriptions_url": "https://api.github.com/users/kennethreitz/subscriptions",
                "organizations_url": "https://api.github.com/users/kennethreitz/orgs",
                "repos_url": "https://api.github.com/users/kennethreitz/repos",
                "events_url": "https://api.github.com/users/kennethreitz/events{/privacy}",
                "received_events_url": "https://api.github.com/users/kennethreitz/received_events",
                "type": "User",
                "site_admin": false
            },
            "created_at": "2017-05-28T03:39:12Z",
            "updated_at": "2017-05-28T03:39:12Z",
            "author_association": "CONTRIBUTOR",
            "body": "@davidism detox is awesome btw"
        }
    ]
}