{
    "url": "https://api.github.com/repos/pallets/flask/issues/2336",
    "repository_url": "https://api.github.com/repos/pallets/flask",
    "labels_url": "https://api.github.com/repos/pallets/flask/issues/2336/labels{/name}",
    "comments_url": "https://api.github.com/repos/pallets/flask/issues/2336/comments",
    "events_url": "https://api.github.com/repos/pallets/flask/issues/2336/events",
    "html_url": "https://github.com/pallets/flask/issues/2336",
    "id": 231466600,
    "node_id": "MDU6SXNzdWUyMzE0NjY2MDA=",
    "number": 2336,
    "title": "Switch theme to Alabaster",
    "user": {
        "login": "kennethreitz",
        "id": 119893,
        "node_id": "MDQ6VXNlcjExOTg5Mw==",
        "avatar_url": "https://avatars2.githubusercontent.com/u/119893?v=4",
        "gravatar_id": "",
        "url": "https://api.github.com/users/kennethreitz",
        "html_url": "https://github.com/kennethreitz",
        "followers_url": "https://api.github.com/users/kennethreitz/followers",
        "following_url": "https://api.github.com/users/kennethreitz/following{/other_user}",
        "gists_url": "https://api.github.com/users/kennethreitz/gists{/gist_id}",
        "starred_url": "https://api.github.com/users/kennethreitz/starred{/owner}{/repo}",
        "subscriptions_url": "https://api.github.com/users/kennethreitz/subscriptions",
        "organizations_url": "https://api.github.com/users/kennethreitz/orgs",
        "repos_url": "https://api.github.com/users/kennethreitz/repos",
        "events_url": "https://api.github.com/users/kennethreitz/events{/privacy}",
        "received_events_url": "https://api.github.com/users/kennethreitz/received_events",
        "type": "User",
        "site_admin": false
    },
    "labels": [],
    "state": "closed",
    "locked": false,
    "assignee": null,
    "assignees": [],
    "milestone": null,
    "comments": 1,
    "created_at": "2017-05-25T21:35:36Z",
    "updated_at": "2017-05-25T21:39:04Z",
    "closed_at": "2017-05-25T21:39:04Z",
    "author_association": "CONTRIBUTOR",
    "body": "",
    "comments_inline": [
        {
            "url": "https://api.github.com/repos/pallets/flask/issues/comments/304132000",
            "html_url": "https://github.com/pallets/flask/issues/2336#issuecomment-304132000",
            "issue_url": "https://api.github.com/repos/pallets/flask/issues/2336",
            "id": 304132000,
            "node_id": "MDEyOklzc3VlQ29tbWVudDMwNDEzMjAwMA==",
            "user": {
                "login": "kennethreitz",
                "id": 119893,
                "node_id": "MDQ6VXNlcjExOTg5Mw==",
                "avatar_url": "https://avatars2.githubusercontent.com/u/119893?v=4",
                "gravatar_id": "",
                "url": "https://api.github.com/users/kennethreitz",
                "html_url": "https://github.com/kennethreitz",
                "followers_url": "https://api.github.com/users/kennethreitz/followers",
                "following_url": "https://api.github.com/users/kennethreitz/following{/other_user}",
                "gists_url": "https://api.github.com/users/kennethreitz/gists{/gist_id}",
                "starred_url": "https://api.github.com/users/kennethreitz/starred{/owner}{/repo}",
                "subscriptions_url": "https://api.github.com/users/kennethreitz/subscriptions",
                "organizations_url": "https://api.github.com/users/kennethreitz/orgs",
                "repos_url": "https://api.github.com/users/kennethreitz/repos",
                "events_url": "https://api.github.com/users/kennethreitz/events{/privacy}",
                "received_events_url": "https://api.github.com/users/kennethreitz/received_events",
                "type": "User",
                "site_admin": false
            },
            "created_at": "2017-05-25T21:39:04Z",
            "updated_at": "2017-05-25T21:39:04Z",
            "author_association": "CONTRIBUTOR",
            "body": "done"
        }
    ]
}