{
    "url": "https://api.github.com/repos/pallets/flask/issues/2337",
    "repository_url": "https://api.github.com/repos/pallets/flask",
    "labels_url": "https://api.github.com/repos/pallets/flask/issues/2337/labels{/name}",
    "comments_url": "https://api.github.com/repos/pallets/flask/issues/2337/comments",
    "events_url": "https://api.github.com/repos/pallets/flask/issues/2337/events",
    "html_url": "https://github.com/pallets/flask/issues/2337",
    "id": 231601964,
    "node_id": "MDU6SXNzdWUyMzE2MDE5NjQ=",
    "number": 2337,
    "title": "flask mutable session (with flask-session RedisSessionInterface)",
    "user": {
        "login": "decentral1se",
        "id": 1991377,
        "node_id": "MDQ6VXNlcjE5OTEzNzc=",
        "avatar_url": "https://avatars1.githubusercontent.com/u/1991377?v=4",
        "gravatar_id": "",
        "url": "https://api.github.com/users/decentral1se",
        "html_url": "https://github.com/decentral1se",
        "followers_url": "https://api.github.com/users/decentral1se/followers",
        "following_url": "https://api.github.com/users/decentral1se/following{/other_user}",
        "gists_url": "https://api.github.com/users/decentral1se/gists{/gist_id}",
        "starred_url": "https://api.github.com/users/decentral1se/starred{/owner}{/repo}",
        "subscriptions_url": "https://api.github.com/users/decentral1se/subscriptions",
        "organizations_url": "https://api.github.com/users/decentral1se/orgs",
        "repos_url": "https://api.github.com/users/decentral1se/repos",
        "events_url": "https://api.github.com/users/decentral1se/events{/privacy}",
        "received_events_url": "https://api.github.com/users/decentral1se/received_events",
        "type": "User",
        "site_admin": false
    },
    "labels": [],
    "state": "closed",
    "locked": false,
    "assignee": null,
    "assignees": [],
    "milestone": null,
    "comments": 4,
    "created_at": "2017-05-26T11:31:50Z",
    "updated_at": "2017-05-29T20:28:10Z",
    "closed_at": "2017-05-29T18:42:56Z",
    "author_association": "NONE",
    "body": "I am using the [RedisSessionInterface](https://pythonhosted.org/Flask-Session/#flask.ext.session.RedisSessionInterface) of [flask-session](https://pythonhosted.org/Flask-Session/) to implement my server side sessions.  I have a test case that relies on mutating the session and I have read that this is possible [from the Flask documentation](http://flask.pocoo.org/docs/dev/testing/#accessing-and-modifying-sessions).\r\n\r\nHere's my test code (using [pytest](https://pytest.org/)):\r\n\r\n``` python\r\n\r\ndef test_code_already_used(app, client):\r\n    uri = url_for(\"login.username\")\r\n    response = client.get(uri)  # stores the initial state in the session\r\n    assert response.status_code == 302\r\n\r\n    query = urlparse(response.location).query\r\n    payload = dict(parse_qsl(query))\r\n    state = payload['state']  # get key for session state\r\n\r\n    with app.test_client() as context:\r\n        transaction = context.session_transaction()\r\n        with transaction as mutable_session:\r\n            mutable_session[state] = {'exchanged': True}  # mutates the session\r\n\r\n    # test code later fails becase the modification is not propagated\r\n```\r\n\r\nMy application relies on seeing `exchanged=True` but this change is not there.\r\n\r\nAny ideas!?",
    "comments_inline": [
        {
            "url": "https://api.github.com/repos/pallets/flask/issues/comments/304713757",
            "html_url": "https://github.com/pallets/flask/issues/2337#issuecomment-304713757",
            "issue_url": "https://api.github.com/repos/pallets/flask/issues/2337",
            "id": 304713757,
            "node_id": "MDEyOklzc3VlQ29tbWVudDMwNDcxMzc1Nw==",
            "user": {
                "login": "davidism",
                "id": 1242887,
                "node_id": "MDQ6VXNlcjEyNDI4ODc=",
                "avatar_url": "https://avatars1.githubusercontent.com/u/1242887?v=4",
                "gravatar_id": "",
                "url": "https://api.github.com/users/davidism",
                "html_url": "https://github.com/davidism",
                "followers_url": "https://api.github.com/users/davidism/followers",
                "following_url": "https://api.github.com/users/davidism/following{/other_user}",
                "gists_url": "https://api.github.com/users/davidism/gists{/gist_id}",
                "starred_url": "https://api.github.com/users/davidism/starred{/owner}{/repo}",
                "subscriptions_url": "https://api.github.com/users/davidism/subscriptions",
                "organizations_url": "https://api.github.com/users/davidism/orgs",
                "repos_url": "https://api.github.com/users/davidism/repos",
                "events_url": "https://api.github.com/users/davidism/events{/privacy}",
                "received_events_url": "https://api.github.com/users/davidism/received_events",
                "type": "User",
                "site_admin": false
            },
            "created_at": "2017-05-29T18:42:56Z",
            "updated_at": "2017-05-29T18:42:56Z",
            "author_association": "MEMBER",
            "body": "I can't reproduce your issue using the built-in session interface. If it is an issue with Flask-Session, you'll need to report it there.\r\n\r\n~~~python\r\nfrom flask import Flask, session\r\n\r\napp = Flask(__name__)\r\napp.secret_key = 'test'\r\n\r\n@app.route('/')\r\ndef index():\r\n    return session.get('test', 'none')\r\n\r\nwith app.test_client() as c:\r\n    with c.session_transaction() as s:\r\n        s['test'] = 'test'\r\n\r\n    r = c.get('/')\r\n    print(r.data)  # b'test'\r\n~~~"
        },
        {
            "url": "https://api.github.com/repos/pallets/flask/issues/comments/304725024",
            "html_url": "https://github.com/pallets/flask/issues/2337#issuecomment-304725024",
            "issue_url": "https://api.github.com/repos/pallets/flask/issues/2337",
            "id": 304725024,
            "node_id": "MDEyOklzc3VlQ29tbWVudDMwNDcyNTAyNA==",
            "user": {
                "login": "decentral1se",
                "id": 1991377,
                "node_id": "MDQ6VXNlcjE5OTEzNzc=",
                "avatar_url": "https://avatars1.githubusercontent.com/u/1991377?v=4",
                "gravatar_id": "",
                "url": "https://api.github.com/users/decentral1se",
                "html_url": "https://github.com/decentral1se",
                "followers_url": "https://api.github.com/users/decentral1se/followers",
                "following_url": "https://api.github.com/users/decentral1se/following{/other_user}",
                "gists_url": "https://api.github.com/users/decentral1se/gists{/gist_id}",
                "starred_url": "https://api.github.com/users/decentral1se/starred{/owner}{/repo}",
                "subscriptions_url": "https://api.github.com/users/decentral1se/subscriptions",
                "organizations_url": "https://api.github.com/users/decentral1se/orgs",
                "repos_url": "https://api.github.com/users/decentral1se/repos",
                "events_url": "https://api.github.com/users/decentral1se/events{/privacy}",
                "received_events_url": "https://api.github.com/users/decentral1se/received_events",
                "type": "User",
                "site_admin": false
            },
            "created_at": "2017-05-29T20:16:38Z",
            "updated_at": "2017-05-29T20:16:38Z",
            "author_association": "NONE",
            "body": "OK, thanks for taking a look @davidism!"
        },
        {
            "url": "https://api.github.com/repos/pallets/flask/issues/comments/304725250",
            "html_url": "https://github.com/pallets/flask/issues/2337#issuecomment-304725250",
            "issue_url": "https://api.github.com/repos/pallets/flask/issues/2337",
            "id": 304725250,
            "node_id": "MDEyOklzc3VlQ29tbWVudDMwNDcyNTI1MA==",
            "user": {
                "login": "decentral1se",
                "id": 1991377,
                "node_id": "MDQ6VXNlcjE5OTEzNzc=",
                "avatar_url": "https://avatars1.githubusercontent.com/u/1991377?v=4",
                "gravatar_id": "",
                "url": "https://api.github.com/users/decentral1se",
                "html_url": "https://github.com/decentral1se",
                "followers_url": "https://api.github.com/users/decentral1se/followers",
                "following_url": "https://api.github.com/users/decentral1se/following{/other_user}",
                "gists_url": "https://api.github.com/users/decentral1se/gists{/gist_id}",
                "starred_url": "https://api.github.com/users/decentral1se/starred{/owner}{/repo}",
                "subscriptions_url": "https://api.github.com/users/decentral1se/subscriptions",
                "organizations_url": "https://api.github.com/users/decentral1se/orgs",
                "repos_url": "https://api.github.com/users/decentral1se/repos",
                "events_url": "https://api.github.com/users/decentral1se/events{/privacy}",
                "received_events_url": "https://api.github.com/users/decentral1se/received_events",
                "type": "User",
                "site_admin": false
            },
            "created_at": "2017-05-29T20:18:38Z",
            "updated_at": "2017-05-29T20:18:38Z",
            "author_association": "NONE",
            "body": "I should note, the documentation says:\r\n\r\n> This works independently of the session backend used\r\n\r\nWhich, in this case, is not true (part of the reason I reported here). Should this be amended?"
        },
        {
            "url": "https://api.github.com/repos/pallets/flask/issues/comments/304726254",
            "html_url": "https://github.com/pallets/flask/issues/2337#issuecomment-304726254",
            "issue_url": "https://api.github.com/repos/pallets/flask/issues/2337",
            "id": 304726254,
            "node_id": "MDEyOklzc3VlQ29tbWVudDMwNDcyNjI1NA==",
            "user": {
                "login": "davidism",
                "id": 1242887,
                "node_id": "MDQ6VXNlcjEyNDI4ODc=",
                "avatar_url": "https://avatars1.githubusercontent.com/u/1242887?v=4",
                "gravatar_id": "",
                "url": "https://api.github.com/users/davidism",
                "html_url": "https://github.com/davidism",
                "followers_url": "https://api.github.com/users/davidism/followers",
                "following_url": "https://api.github.com/users/davidism/following{/other_user}",
                "gists_url": "https://api.github.com/users/davidism/gists{/gist_id}",
                "starred_url": "https://api.github.com/users/davidism/starred{/owner}{/repo}",
                "subscriptions_url": "https://api.github.com/users/davidism/subscriptions",
                "organizations_url": "https://api.github.com/users/davidism/orgs",
                "repos_url": "https://api.github.com/users/davidism/repos",
                "events_url": "https://api.github.com/users/davidism/events{/privacy}",
                "received_events_url": "https://api.github.com/users/davidism/received_events",
                "type": "User",
                "site_admin": false
            },
            "created_at": "2017-05-29T20:28:10Z",
            "updated_at": "2017-05-29T20:28:10Z",
            "author_association": "MEMBER",
            "body": "It does work independently. If it doesn't, it's either a problem with how you're using it or a problem with the backend."
        }
    ]
}