{
    "url": "https://api.github.com/repos/pallets/flask/issues/2338",
    "repository_url": "https://api.github.com/repos/pallets/flask",
    "labels_url": "https://api.github.com/repos/pallets/flask/issues/2338/labels{/name}",
    "comments_url": "https://api.github.com/repos/pallets/flask/issues/2338/comments",
    "events_url": "https://api.github.com/repos/pallets/flask/issues/2338/events",
    "html_url": "https://github.com/pallets/flask/pull/2338",
    "id": 231623991,
    "node_id": "MDExOlB1bGxSZXF1ZXN0MTIyNjQwODg2",
    "number": 2338,
    "title": "cleanup #2326",
    "user": {
        "login": "kennethreitz",
        "id": 119893,
        "node_id": "MDQ6VXNlcjExOTg5Mw==",
        "avatar_url": "https://avatars2.githubusercontent.com/u/119893?v=4",
        "gravatar_id": "",
        "url": "https://api.github.com/users/kennethreitz",
        "html_url": "https://github.com/kennethreitz",
        "followers_url": "https://api.github.com/users/kennethreitz/followers",
        "following_url": "https://api.github.com/users/kennethreitz/following{/other_user}",
        "gists_url": "https://api.github.com/users/kennethreitz/gists{/gist_id}",
        "starred_url": "https://api.github.com/users/kennethreitz/starred{/owner}{/repo}",
        "subscriptions_url": "https://api.github.com/users/kennethreitz/subscriptions",
        "organizations_url": "https://api.github.com/users/kennethreitz/orgs",
        "repos_url": "https://api.github.com/users/kennethreitz/repos",
        "events_url": "https://api.github.com/users/kennethreitz/events{/privacy}",
        "received_events_url": "https://api.github.com/users/kennethreitz/received_events",
        "type": "User",
        "site_admin": false
    },
    "labels": [],
    "state": "closed",
    "locked": false,
    "assignee": null,
    "assignees": [],
    "milestone": null,
    "comments": 1,
    "created_at": "2017-05-26T13:17:16Z",
    "updated_at": "2017-05-26T13:17:46Z",
    "closed_at": "2017-05-26T13:17:41Z",
    "author_association": "CONTRIBUTOR",
    "pull_request": {
        "url": "https://api.github.com/repos/pallets/flask/pulls/2338",
        "html_url": "https://github.com/pallets/flask/pull/2338",
        "diff_url": "https://github.com/pallets/flask/pull/2338.diff",
        "patch_url": "https://github.com/pallets/flask/pull/2338.patch"
    },
    "body": "",
    "comments_inline": [
        {
            "url": "https://api.github.com/repos/pallets/flask/issues/comments/304280016",
            "html_url": "https://github.com/pallets/flask/pull/2338#issuecomment-304280016",
            "issue_url": "https://api.github.com/repos/pallets/flask/issues/2338",
            "id": 304280016,
            "node_id": "MDEyOklzc3VlQ29tbWVudDMwNDI4MDAxNg==",
            "user": {
                "login": "kennethreitz",
                "id": 119893,
                "node_id": "MDQ6VXNlcjExOTg5Mw==",
                "avatar_url": "https://avatars2.githubusercontent.com/u/119893?v=4",
                "gravatar_id": "",
                "url": "https://api.github.com/users/kennethreitz",
                "html_url": "https://github.com/kennethreitz",
                "followers_url": "https://api.github.com/users/kennethreitz/followers",
                "following_url": "https://api.github.com/users/kennethreitz/following{/other_user}",
                "gists_url": "https://api.github.com/users/kennethreitz/gists{/gist_id}",
                "starred_url": "https://api.github.com/users/kennethreitz/starred{/owner}{/repo}",
                "subscriptions_url": "https://api.github.com/users/kennethreitz/subscriptions",
                "organizations_url": "https://api.github.com/users/kennethreitz/orgs",
                "repos_url": "https://api.github.com/users/kennethreitz/repos",
                "events_url": "https://api.github.com/users/kennethreitz/events{/privacy}",
                "received_events_url": "https://api.github.com/users/kennethreitz/received_events",
                "type": "User",
                "site_admin": false
            },
            "created_at": "2017-05-26T13:17:38Z",
            "updated_at": "2017-05-26T13:17:38Z",
            "author_association": "CONTRIBUTOR",
            "body": "Additional info may be needed here, but this is an improvement. "
        }
    ]
}