{
    "url": "https://api.github.com/repos/pallets/flask/issues/2339",
    "repository_url": "https://api.github.com/repos/pallets/flask",
    "labels_url": "https://api.github.com/repos/pallets/flask/issues/2339/labels{/name}",
    "comments_url": "https://api.github.com/repos/pallets/flask/issues/2339/comments",
    "events_url": "https://api.github.com/repos/pallets/flask/issues/2339/events",
    "html_url": "https://github.com/pallets/flask/issues/2339",
    "id": 231677288,
    "node_id": "MDU6SXNzdWUyMzE2NzcyODg=",
    "number": 2339,
    "title": "investigate build stages on travis",
    "user": {
        "login": "kennethreitz",
        "id": 119893,
        "node_id": "MDQ6VXNlcjExOTg5Mw==",
        "avatar_url": "https://avatars2.githubusercontent.com/u/119893?v=4",
        "gravatar_id": "",
        "url": "https://api.github.com/users/kennethreitz",
        "html_url": "https://github.com/kennethreitz",
        "followers_url": "https://api.github.com/users/kennethreitz/followers",
        "following_url": "https://api.github.com/users/kennethreitz/following{/other_user}",
        "gists_url": "https://api.github.com/users/kennethreitz/gists{/gist_id}",
        "starred_url": "https://api.github.com/users/kennethreitz/starred{/owner}{/repo}",
        "subscriptions_url": "https://api.github.com/users/kennethreitz/subscriptions",
        "organizations_url": "https://api.github.com/users/kennethreitz/orgs",
        "repos_url": "https://api.github.com/users/kennethreitz/repos",
        "events_url": "https://api.github.com/users/kennethreitz/events{/privacy}",
        "received_events_url": "https://api.github.com/users/kennethreitz/received_events",
        "type": "User",
        "site_admin": false
    },
    "labels": [],
    "state": "closed",
    "locked": false,
    "assignee": {
        "login": "davidism",
        "id": 1242887,
        "node_id": "MDQ6VXNlcjEyNDI4ODc=",
        "avatar_url": "https://avatars1.githubusercontent.com/u/1242887?v=4",
        "gravatar_id": "",
        "url": "https://api.github.com/users/davidism",
        "html_url": "https://github.com/davidism",
        "followers_url": "https://api.github.com/users/davidism/followers",
        "following_url": "https://api.github.com/users/davidism/following{/other_user}",
        "gists_url": "https://api.github.com/users/davidism/gists{/gist_id}",
        "starred_url": "https://api.github.com/users/davidism/starred{/owner}{/repo}",
        "subscriptions_url": "https://api.github.com/users/davidism/subscriptions",
        "organizations_url": "https://api.github.com/users/davidism/orgs",
        "repos_url": "https://api.github.com/users/davidism/repos",
        "events_url": "https://api.github.com/users/davidism/events{/privacy}",
        "received_events_url": "https://api.github.com/users/davidism/received_events",
        "type": "User",
        "site_admin": false
    },
    "assignees": [
        {
            "login": "davidism",
            "id": 1242887,
            "node_id": "MDQ6VXNlcjEyNDI4ODc=",
            "avatar_url": "https://avatars1.githubusercontent.com/u/1242887?v=4",
            "gravatar_id": "",
            "url": "https://api.github.com/users/davidism",
            "html_url": "https://github.com/davidism",
            "followers_url": "https://api.github.com/users/davidism/followers",
            "following_url": "https://api.github.com/users/davidism/following{/other_user}",
            "gists_url": "https://api.github.com/users/davidism/gists{/gist_id}",
            "starred_url": "https://api.github.com/users/davidism/starred{/owner}{/repo}",
            "subscriptions_url": "https://api.github.com/users/davidism/subscriptions",
            "organizations_url": "https://api.github.com/users/davidism/orgs",
            "repos_url": "https://api.github.com/users/davidism/repos",
            "events_url": "https://api.github.com/users/davidism/events{/privacy}",
            "received_events_url": "https://api.github.com/users/davidism/received_events",
            "type": "User",
            "site_admin": false
        }
    ],
    "milestone": null,
    "comments": 0,
    "created_at": "2017-05-26T16:39:17Z",
    "updated_at": "2017-05-27T18:30:05Z",
    "closed_at": "2017-05-27T18:30:05Z",
    "author_association": "CONTRIBUTOR",
    "body": "https://blog.travis-ci.com/2017-05-11-introducing-build-stages"
}