{
    "url": "https://api.github.com/repos/pallets/flask/issues/2340",
    "repository_url": "https://api.github.com/repos/pallets/flask",
    "labels_url": "https://api.github.com/repos/pallets/flask/issues/2340/labels{/name}",
    "comments_url": "https://api.github.com/repos/pallets/flask/issues/2340/comments",
    "events_url": "https://api.github.com/repos/pallets/flask/issues/2340/events",
    "html_url": "https://github.com/pallets/flask/pull/2340",
    "id": 231817113,
    "node_id": "MDExOlB1bGxSZXF1ZXN0MTIyNzY4OTcz",
    "number": 2340,
    "title": "Reduce ci matrix",
    "user": {
        "login": "kennethreitz",
        "id": 119893,
        "node_id": "MDQ6VXNlcjExOTg5Mw==",
        "avatar_url": "https://avatars2.githubusercontent.com/u/119893?v=4",
        "gravatar_id": "",
        "url": "https://api.github.com/users/kennethreitz",
        "html_url": "https://github.com/kennethreitz",
        "followers_url": "https://api.github.com/users/kennethreitz/followers",
        "following_url": "https://api.github.com/users/kennethreitz/following{/other_user}",
        "gists_url": "https://api.github.com/users/kennethreitz/gists{/gist_id}",
        "starred_url": "https://api.github.com/users/kennethreitz/starred{/owner}{/repo}",
        "subscriptions_url": "https://api.github.com/users/kennethreitz/subscriptions",
        "organizations_url": "https://api.github.com/users/kennethreitz/orgs",
        "repos_url": "https://api.github.com/users/kennethreitz/repos",
        "events_url": "https://api.github.com/users/kennethreitz/events{/privacy}",
        "received_events_url": "https://api.github.com/users/kennethreitz/received_events",
        "type": "User",
        "site_admin": false
    },
    "labels": [],
    "state": "closed",
    "locked": false,
    "assignee": null,
    "assignees": [],
    "milestone": null,
    "comments": 3,
    "created_at": "2017-05-27T17:44:23Z",
    "updated_at": "2017-05-27T18:27:10Z",
    "closed_at": "2017-05-27T17:52:46Z",
    "author_association": "CONTRIBUTOR",
    "pull_request": {
        "url": "https://api.github.com/repos/pallets/flask/pulls/2340",
        "html_url": "https://github.com/pallets/flask/pull/2340",
        "diff_url": "https://github.com/pallets/flask/pull/2340.diff",
        "patch_url": "https://github.com/pallets/flask/pull/2340.patch"
    },
    "body": "",
    "comments_inline": [
        {
            "url": "https://api.github.com/repos/pallets/flask/issues/comments/304466550",
            "html_url": "https://github.com/pallets/flask/pull/2340#issuecomment-304466550",
            "issue_url": "https://api.github.com/repos/pallets/flask/issues/2340",
            "id": 304466550,
            "node_id": "MDEyOklzc3VlQ29tbWVudDMwNDQ2NjU1MA==",
            "user": {
                "login": "codecov[bot]",
                "id": 22429695,
                "node_id": "MDM6Qm90MjI0Mjk2OTU=",
                "avatar_url": "https://avatars2.githubusercontent.com/in/254?v=4",
                "gravatar_id": "",
                "url": "https://api.github.com/users/codecov%5Bbot%5D",
                "html_url": "https://github.com/apps/codecov",
                "followers_url": "https://api.github.com/users/codecov%5Bbot%5D/followers",
                "following_url": "https://api.github.com/users/codecov%5Bbot%5D/following{/other_user}",
                "gists_url": "https://api.github.com/users/codecov%5Bbot%5D/gists{/gist_id}",
                "starred_url": "https://api.github.com/users/codecov%5Bbot%5D/starred{/owner}{/repo}",
                "subscriptions_url": "https://api.github.com/users/codecov%5Bbot%5D/subscriptions",
                "organizations_url": "https://api.github.com/users/codecov%5Bbot%5D/orgs",
                "repos_url": "https://api.github.com/users/codecov%5Bbot%5D/repos",
                "events_url": "https://api.github.com/users/codecov%5Bbot%5D/events{/privacy}",
                "received_events_url": "https://api.github.com/users/codecov%5Bbot%5D/received_events",
                "type": "Bot",
                "site_admin": false
            },
            "created_at": "2017-05-27T17:44:26Z",
            "updated_at": "2017-05-27T17:44:26Z",
            "author_association": "NONE",
            "body": "# [Codecov](https://codecov.io/gh/pallets/flask/pull/2340?src=pr&el=h1) Report\n> Merging [#2340](https://codecov.io/gh/pallets/flask/pull/2340?src=pr&el=desc) into [master](https://codecov.io/gh/pallets/flask/commit/d2a46dc56d9af45af2ea4eb43c23686b14a76b92?src=pr&el=desc) will **decrease** coverage by `0.27%`.\n> The diff coverage is `n/a`.\n\n[![Impacted file tree graph](https://codecov.io/gh/pallets/flask/pull/2340/graphs/tree.svg?token=Hvz3ovjQ9i&src=pr&height=150&width=650)](https://codecov.io/gh/pallets/flask/pull/2340?src=pr&el=tree)\n\n```diff\n@@            Coverage Diff             @@\n##           master    #2340      +/-   ##\n==========================================\n- Coverage   92.82%   92.54%   -0.28%     \n==========================================\n  Files          45       46       +1     \n  Lines        6355     6399      +44     \n  Branches      498      503       +5     \n==========================================\n+ Hits         5899     5922      +23     \n- Misses        335      354      +19     \n- Partials      121      123       +2\n```\n\n\n| [Impacted Files](https://codecov.io/gh/pallets/flask/pull/2340?src=pr&el=tree) | Coverage \u0394 | |\n|---|---|---|\n| [flask/\\_compat.py](https://codecov.io/gh/pallets/flask/pull/2340?src=pr&el=tree#diff-Zmxhc2svX2NvbXBhdC5weQ==) | `61.11% <0%> (-25.93%)` | :arrow_down: |\n| [tests/test\\_regression.py](https://codecov.io/gh/pallets/flask/pull/2340?src=pr&el=tree#diff-dGVzdHMvdGVzdF9yZWdyZXNzaW9uLnB5) | `94.54% <0%> (-1.82%)` | :arrow_down: |\n| [flask/helpers.py](https://codecov.io/gh/pallets/flask/pull/2340?src=pr&el=tree#diff-Zmxhc2svaGVscGVycy5weQ==) | `82.59% <0%> (-1.18%)` | :arrow_down: |\n| [tests/test\\_helpers.py](https://codecov.io/gh/pallets/flask/pull/2340?src=pr&el=tree#diff-dGVzdHMvdGVzdF9oZWxwZXJzLnB5) | `96.05% <0%> (-0.36%)` | :arrow_down: |\n| [tests/test\\_apps/cliapp/factory.py](https://codecov.io/gh/pallets/flask/pull/2340?src=pr&el=tree#diff-dGVzdHMvdGVzdF9hcHBzL2NsaWFwcC9mYWN0b3J5LnB5) | `100% <0%> (\u00f8)` | |\n| [tests/test\\_cli.py](https://codecov.io/gh/pallets/flask/pull/2340?src=pr&el=tree#diff-dGVzdHMvdGVzdF9jbGkucHk=) | `96.56% <0%> (+0.15%)` | :arrow_up: |\n| [flask/cli.py](https://codecov.io/gh/pallets/flask/pull/2340?src=pr&el=tree#diff-Zmxhc2svY2xpLnB5) | `70.4% <0%> (+2.71%)` | :arrow_up: |\n\n------\n\n[Continue to review full report at Codecov](https://codecov.io/gh/pallets/flask/pull/2340?src=pr&el=continue).\n> **Legend** - [Click here to learn more](https://docs.codecov.io/docs/codecov-delta)\n> `\u0394 = absolute <relative> (impact)`, `\u00f8 = not affected`, `? = missing data`\n> Powered by [Codecov](https://codecov.io/gh/pallets/flask/pull/2340?src=pr&el=footer). Last update [d2a46dc...fe2974b](https://codecov.io/gh/pallets/flask/pull/2340?src=pr&el=lastupdated). Read the [comment docs](https://docs.codecov.io/docs/pull-request-comments).\n"
        },
        {
            "url": "https://api.github.com/repos/pallets/flask/issues/comments/304466551",
            "html_url": "https://github.com/pallets/flask/pull/2340#issuecomment-304466551",
            "issue_url": "https://api.github.com/repos/pallets/flask/issues/2340",
            "id": 304466551,
            "node_id": "MDEyOklzc3VlQ29tbWVudDMwNDQ2NjU1MQ==",
            "user": {
                "login": "codecov[bot]",
                "id": 22429695,
                "node_id": "MDM6Qm90MjI0Mjk2OTU=",
                "avatar_url": "https://avatars2.githubusercontent.com/in/254?v=4",
                "gravatar_id": "",
                "url": "https://api.github.com/users/codecov%5Bbot%5D",
                "html_url": "https://github.com/apps/codecov",
                "followers_url": "https://api.github.com/users/codecov%5Bbot%5D/followers",
                "following_url": "https://api.github.com/users/codecov%5Bbot%5D/following{/other_user}",
                "gists_url": "https://api.github.com/users/codecov%5Bbot%5D/gists{/gist_id}",
                "starred_url": "https://api.github.com/users/codecov%5Bbot%5D/starred{/owner}{/repo}",
                "subscriptions_url": "https://api.github.com/users/codecov%5Bbot%5D/subscriptions",
                "organizations_url": "https://api.github.com/users/codecov%5Bbot%5D/orgs",
                "repos_url": "https://api.github.com/users/codecov%5Bbot%5D/repos",
                "events_url": "https://api.github.com/users/codecov%5Bbot%5D/events{/privacy}",
                "received_events_url": "https://api.github.com/users/codecov%5Bbot%5D/received_events",
                "type": "Bot",
                "site_admin": false
            },
            "created_at": "2017-05-27T17:44:27Z",
            "updated_at": "2017-05-27T17:55:12Z",
            "author_association": "NONE",
            "body": "# [Codecov](https://codecov.io/gh/pallets/flask/pull/2340?src=pr&el=h1) Report\n> :exclamation: No coverage uploaded for pull request base (`master@d2a46dc`). [Click here to learn what that means](https://docs.codecov.io/docs/error-reference#section-missing-base-commit).\n> The diff coverage is `n/a`.\n\n[![Impacted file tree graph](https://codecov.io/gh/pallets/flask/pull/2340/graphs/tree.svg?token=Hvz3ovjQ9i&src=pr&width=650&height=150)](https://codecov.io/gh/pallets/flask/pull/2340?src=pr&el=tree)\n\n```diff\n@@            Coverage Diff            @@\n##             master    #2340   +/-   ##\n=========================================\n  Coverage          ?   92.84%           \n=========================================\n  Files             ?       46           \n  Lines             ?     6399           \n  Branches          ?      503           \n=========================================\n  Hits              ?     5941           \n  Misses            ?      336           \n  Partials          ?      122\n```\n\n\n\n------\n\n[Continue to review full report at Codecov](https://codecov.io/gh/pallets/flask/pull/2340?src=pr&el=continue).\n> **Legend** - [Click here to learn more](https://docs.codecov.io/docs/codecov-delta)\n> `\u0394 = absolute <relative> (impact)`, `\u00f8 = not affected`, `? = missing data`\n> Powered by [Codecov](https://codecov.io/gh/pallets/flask/pull/2340?src=pr&el=footer). Last update [d2a46dc...1ee439a](https://codecov.io/gh/pallets/flask/pull/2340?src=pr&el=lastupdated). Read the [comment docs](https://docs.codecov.io/docs/pull-request-comments).\n"
        },
        {
            "url": "https://api.github.com/repos/pallets/flask/issues/comments/304468652",
            "html_url": "https://github.com/pallets/flask/pull/2340#issuecomment-304468652",
            "issue_url": "https://api.github.com/repos/pallets/flask/issues/2340",
            "id": 304468652,
            "node_id": "MDEyOklzc3VlQ29tbWVudDMwNDQ2ODY1Mg==",
            "user": {
                "login": "davidism",
                "id": 1242887,
                "node_id": "MDQ6VXNlcjEyNDI4ODc=",
                "avatar_url": "https://avatars1.githubusercontent.com/u/1242887?v=4",
                "gravatar_id": "",
                "url": "https://api.github.com/users/davidism",
                "html_url": "https://github.com/davidism",
                "followers_url": "https://api.github.com/users/davidism/followers",
                "following_url": "https://api.github.com/users/davidism/following{/other_user}",
                "gists_url": "https://api.github.com/users/davidism/gists{/gist_id}",
                "starred_url": "https://api.github.com/users/davidism/starred{/owner}{/repo}",
                "subscriptions_url": "https://api.github.com/users/davidism/subscriptions",
                "organizations_url": "https://api.github.com/users/davidism/orgs",
                "repos_url": "https://api.github.com/users/davidism/repos",
                "events_url": "https://api.github.com/users/davidism/events{/privacy}",
                "received_events_url": "https://api.github.com/users/davidism/received_events",
                "type": "User",
                "site_admin": false
            },
            "created_at": "2017-05-27T18:25:15Z",
            "updated_at": "2017-05-27T18:27:10Z",
            "author_association": "MEMBER",
            "body": "This reduces the number of jobs from 22 (previously 42) to 10, greatly reducing the wait time for Travis to test a PR. Periodically and before release, maintainers should run `tox` to get a much more comprehensive test report.\r\n\r\n[![xkcd compiling](https://imgs.xkcd.com/comics/compiling.png)](https://www.xkcd.com/303/)"
        }
    ]
}