{
    "url": "https://api.github.com/repos/pallets/flask/issues/2341",
    "repository_url": "https://api.github.com/repos/pallets/flask",
    "labels_url": "https://api.github.com/repos/pallets/flask/issues/2341/labels{/name}",
    "comments_url": "https://api.github.com/repos/pallets/flask/issues/2341/comments",
    "events_url": "https://api.github.com/repos/pallets/flask/issues/2341/events",
    "html_url": "https://github.com/pallets/flask/issues/2341",
    "id": 231829563,
    "node_id": "MDU6SXNzdWUyMzE4Mjk1NjM=",
    "number": 2341,
    "title": "If FLASK_APP accept one argument and I do not send it, the default value is not correct, instead I get a ScriptInfo object.",
    "user": {
        "login": "jrbaez01",
        "id": 11146130,
        "node_id": "MDQ6VXNlcjExMTQ2MTMw",
        "avatar_url": "https://avatars0.githubusercontent.com/u/11146130?v=4",
        "gravatar_id": "",
        "url": "https://api.github.com/users/jrbaez01",
        "html_url": "https://github.com/jrbaez01",
        "followers_url": "https://api.github.com/users/jrbaez01/followers",
        "following_url": "https://api.github.com/users/jrbaez01/following{/other_user}",
        "gists_url": "https://api.github.com/users/jrbaez01/gists{/gist_id}",
        "starred_url": "https://api.github.com/users/jrbaez01/starred{/owner}{/repo}",
        "subscriptions_url": "https://api.github.com/users/jrbaez01/subscriptions",
        "organizations_url": "https://api.github.com/users/jrbaez01/orgs",
        "repos_url": "https://api.github.com/users/jrbaez01/repos",
        "events_url": "https://api.github.com/users/jrbaez01/events{/privacy}",
        "received_events_url": "https://api.github.com/users/jrbaez01/received_events",
        "type": "User",
        "site_admin": false
    },
    "labels": [],
    "state": "closed",
    "locked": false,
    "assignee": null,
    "assignees": [],
    "milestone": null,
    "comments": 2,
    "created_at": "2017-05-27T21:36:21Z",
    "updated_at": "2017-05-28T01:10:08Z",
    "closed_at": "2017-05-28T01:10:08Z",
    "author_association": "CONTRIBUTOR",
    "body": "An example is in the Flickr app [link here](https://github.com/pallets/flask/blob/master/examples/flaskr/flaskr/factory.py#L19)\r\n\r\nAs a newcomer it is confusing when I follow the [README.md](https://github.com/pallets/flask/blob/master/examples/flaskr/README#L24), but the when running the app it results in the following error. \r\n![image](https://cloud.githubusercontent.com/assets/11146130/26524504/51b31274-4302-11e7-8dd6-21426b08bbbf.png)\r\n\r\n",
    "comments_inline": [
        {
            "url": "https://api.github.com/repos/pallets/flask/issues/comments/304479589",
            "html_url": "https://github.com/pallets/flask/issues/2341#issuecomment-304479589",
            "issue_url": "https://api.github.com/repos/pallets/flask/issues/2341",
            "id": 304479589,
            "node_id": "MDEyOklzc3VlQ29tbWVudDMwNDQ3OTU4OQ==",
            "user": {
                "login": "jrbaez01",
                "id": 11146130,
                "node_id": "MDQ6VXNlcjExMTQ2MTMw",
                "avatar_url": "https://avatars0.githubusercontent.com/u/11146130?v=4",
                "gravatar_id": "",
                "url": "https://api.github.com/users/jrbaez01",
                "html_url": "https://github.com/jrbaez01",
                "followers_url": "https://api.github.com/users/jrbaez01/followers",
                "following_url": "https://api.github.com/users/jrbaez01/following{/other_user}",
                "gists_url": "https://api.github.com/users/jrbaez01/gists{/gist_id}",
                "starred_url": "https://api.github.com/users/jrbaez01/starred{/owner}{/repo}",
                "subscriptions_url": "https://api.github.com/users/jrbaez01/subscriptions",
                "organizations_url": "https://api.github.com/users/jrbaez01/orgs",
                "repos_url": "https://api.github.com/users/jrbaez01/repos",
                "events_url": "https://api.github.com/users/jrbaez01/events{/privacy}",
                "received_events_url": "https://api.github.com/users/jrbaez01/received_events",
                "type": "User",
                "site_admin": false
            },
            "created_at": "2017-05-27T22:19:00Z",
            "updated_at": "2017-05-27T22:19:00Z",
            "author_association": "CONTRIBUTOR",
            "body": "Hello @davidism, \r\n\r\nSuggested solution to this issue: https://github.com/pallets/flask/pull/2342, hope it is useful.\r\n\r\nCheer."
        },
        {
            "url": "https://api.github.com/repos/pallets/flask/issues/comments/304485695",
            "html_url": "https://github.com/pallets/flask/issues/2341#issuecomment-304485695",
            "issue_url": "https://api.github.com/repos/pallets/flask/issues/2341",
            "id": 304485695,
            "node_id": "MDEyOklzc3VlQ29tbWVudDMwNDQ4NTY5NQ==",
            "user": {
                "login": "davidism",
                "id": 1242887,
                "node_id": "MDQ6VXNlcjEyNDI4ODc=",
                "avatar_url": "https://avatars1.githubusercontent.com/u/1242887?v=4",
                "gravatar_id": "",
                "url": "https://api.github.com/users/davidism",
                "html_url": "https://github.com/davidism",
                "followers_url": "https://api.github.com/users/davidism/followers",
                "following_url": "https://api.github.com/users/davidism/following{/other_user}",
                "gists_url": "https://api.github.com/users/davidism/gists{/gist_id}",
                "starred_url": "https://api.github.com/users/davidism/starred{/owner}{/repo}",
                "subscriptions_url": "https://api.github.com/users/davidism/subscriptions",
                "organizations_url": "https://api.github.com/users/davidism/orgs",
                "repos_url": "https://api.github.com/users/davidism/repos",
                "events_url": "https://api.github.com/users/davidism/events{/privacy}",
                "received_events_url": "https://api.github.com/users/davidism/received_events",
                "type": "User",
                "site_admin": false
            },
            "created_at": "2017-05-28T01:10:08Z",
            "updated_at": "2017-05-28T01:10:08Z",
            "author_association": "MEMBER",
            "body": "Closed by PR."
        }
    ]
}