{
    "url": "https://api.github.com/repos/pallets/flask/issues/2342",
    "repository_url": "https://api.github.com/repos/pallets/flask",
    "labels_url": "https://api.github.com/repos/pallets/flask/issues/2342/labels{/name}",
    "comments_url": "https://api.github.com/repos/pallets/flask/issues/2342/comments",
    "events_url": "https://api.github.com/repos/pallets/flask/issues/2342/events",
    "html_url": "https://github.com/pallets/flask/pull/2342",
    "id": 231830918,
    "node_id": "MDExOlB1bGxSZXF1ZXN0MTIyNzc2MDYy",
    "number": 2342,
    "title": "#2341: Accept default argument value when args lenght equal 1",
    "user": {
        "login": "jrbaez01",
        "id": 11146130,
        "node_id": "MDQ6VXNlcjExMTQ2MTMw",
        "avatar_url": "https://avatars0.githubusercontent.com/u/11146130?v=4",
        "gravatar_id": "",
        "url": "https://api.github.com/users/jrbaez01",
        "html_url": "https://github.com/jrbaez01",
        "followers_url": "https://api.github.com/users/jrbaez01/followers",
        "following_url": "https://api.github.com/users/jrbaez01/following{/other_user}",
        "gists_url": "https://api.github.com/users/jrbaez01/gists{/gist_id}",
        "starred_url": "https://api.github.com/users/jrbaez01/starred{/owner}{/repo}",
        "subscriptions_url": "https://api.github.com/users/jrbaez01/subscriptions",
        "organizations_url": "https://api.github.com/users/jrbaez01/orgs",
        "repos_url": "https://api.github.com/users/jrbaez01/repos",
        "events_url": "https://api.github.com/users/jrbaez01/events{/privacy}",
        "received_events_url": "https://api.github.com/users/jrbaez01/received_events",
        "type": "User",
        "site_admin": false
    },
    "labels": [],
    "state": "closed",
    "locked": false,
    "assignee": null,
    "assignees": [],
    "milestone": null,
    "comments": 2,
    "created_at": "2017-05-27T22:03:42Z",
    "updated_at": "2017-05-28T01:09:55Z",
    "closed_at": "2017-05-28T01:09:35Z",
    "author_association": "CONTRIBUTOR",
    "pull_request": {
        "url": "https://api.github.com/repos/pallets/flask/pulls/2342",
        "html_url": "https://github.com/pallets/flask/pull/2342",
        "diff_url": "https://github.com/pallets/flask/pull/2342.diff",
        "patch_url": "https://github.com/pallets/flask/pull/2342.patch"
    },
    "body": "Fix issue https://github.com/pallets/flask/issues/2341",
    "comments_inline": [
        {
            "url": "https://api.github.com/repos/pallets/flask/issues/comments/304479225",
            "html_url": "https://github.com/pallets/flask/pull/2342#issuecomment-304479225",
            "issue_url": "https://api.github.com/repos/pallets/flask/issues/2342",
            "id": 304479225,
            "node_id": "MDEyOklzc3VlQ29tbWVudDMwNDQ3OTIyNQ==",
            "user": {
                "login": "codecov[bot]",
                "id": 22429695,
                "node_id": "MDM6Qm90MjI0Mjk2OTU=",
                "avatar_url": "https://avatars2.githubusercontent.com/in/254?v=4",
                "gravatar_id": "",
                "url": "https://api.github.com/users/codecov%5Bbot%5D",
                "html_url": "https://github.com/apps/codecov",
                "followers_url": "https://api.github.com/users/codecov%5Bbot%5D/followers",
                "following_url": "https://api.github.com/users/codecov%5Bbot%5D/following{/other_user}",
                "gists_url": "https://api.github.com/users/codecov%5Bbot%5D/gists{/gist_id}",
                "starred_url": "https://api.github.com/users/codecov%5Bbot%5D/starred{/owner}{/repo}",
                "subscriptions_url": "https://api.github.com/users/codecov%5Bbot%5D/subscriptions",
                "organizations_url": "https://api.github.com/users/codecov%5Bbot%5D/orgs",
                "repos_url": "https://api.github.com/users/codecov%5Bbot%5D/repos",
                "events_url": "https://api.github.com/users/codecov%5Bbot%5D/events{/privacy}",
                "received_events_url": "https://api.github.com/users/codecov%5Bbot%5D/received_events",
                "type": "Bot",
                "site_admin": false
            },
            "created_at": "2017-05-27T22:08:54Z",
            "updated_at": "2017-05-27T22:09:26Z",
            "author_association": "NONE",
            "body": "# [Codecov](https://codecov.io/gh/pallets/flask/pull/2342?src=pr&el=h1) Report\n> Merging [#2342](https://codecov.io/gh/pallets/flask/pull/2342?src=pr&el=desc) into [master](https://codecov.io/gh/pallets/flask/commit/6a8c8c34844334d62bf56258cb0390f5999074c7?src=pr&el=desc) will **increase** coverage by `<.01%`.\n> The diff coverage is `100%`.\n\n[![Impacted file tree graph](https://codecov.io/gh/pallets/flask/pull/2342/graphs/tree.svg?token=Hvz3ovjQ9i&src=pr&height=150&width=650)](https://codecov.io/gh/pallets/flask/pull/2342?src=pr&el=tree)\n\n```diff\n@@            Coverage Diff             @@\n##           master    #2342      +/-   ##\n==========================================\n+ Coverage   92.84%   92.84%   +<.01%     \n==========================================\n  Files          46       46              \n  Lines        6399     6401       +2     \n  Branches      503      503              \n==========================================\n+ Hits         5941     5943       +2     \n  Misses        336      336              \n  Partials      122      122\n```\n\n\n| [Impacted Files](https://codecov.io/gh/pallets/flask/pull/2342?src=pr&el=tree) | Coverage \u0394 | |\n|---|---|---|\n| [flask/cli.py](https://codecov.io/gh/pallets/flask/pull/2342?src=pr&el=tree#diff-Zmxhc2svY2xpLnB5) | `70.58% <100%> (+0.18%)` | :arrow_up: |\n\n------\n\n[Continue to review full report at Codecov](https://codecov.io/gh/pallets/flask/pull/2342?src=pr&el=continue).\n> **Legend** - [Click here to learn more](https://docs.codecov.io/docs/codecov-delta)\n> `\u0394 = absolute <relative> (impact)`, `\u00f8 = not affected`, `? = missing data`\n> Powered by [Codecov](https://codecov.io/gh/pallets/flask/pull/2342?src=pr&el=footer). Last update [6a8c8c3...4f689c4](https://codecov.io/gh/pallets/flask/pull/2342?src=pr&el=lastupdated). Read the [comment docs](https://docs.codecov.io/docs/pull-request-comments).\n"
        },
        {
            "url": "https://api.github.com/repos/pallets/flask/issues/comments/304485686",
            "html_url": "https://github.com/pallets/flask/pull/2342#issuecomment-304485686",
            "issue_url": "https://api.github.com/repos/pallets/flask/issues/2342",
            "id": 304485686,
            "node_id": "MDEyOklzc3VlQ29tbWVudDMwNDQ4NTY4Ng==",
            "user": {
                "login": "davidism",
                "id": 1242887,
                "node_id": "MDQ6VXNlcjEyNDI4ODc=",
                "avatar_url": "https://avatars1.githubusercontent.com/u/1242887?v=4",
                "gravatar_id": "",
                "url": "https://api.github.com/users/davidism",
                "html_url": "https://github.com/davidism",
                "followers_url": "https://api.github.com/users/davidism/followers",
                "following_url": "https://api.github.com/users/davidism/following{/other_user}",
                "gists_url": "https://api.github.com/users/davidism/gists{/gist_id}",
                "starred_url": "https://api.github.com/users/davidism/starred{/owner}{/repo}",
                "subscriptions_url": "https://api.github.com/users/davidism/subscriptions",
                "organizations_url": "https://api.github.com/users/davidism/orgs",
                "repos_url": "https://api.github.com/users/davidism/repos",
                "events_url": "https://api.github.com/users/davidism/events{/privacy}",
                "received_events_url": "https://api.github.com/users/davidism/received_events",
                "type": "User",
                "site_admin": false
            },
            "created_at": "2017-05-28T01:09:55Z",
            "updated_at": "2017-05-28T01:09:55Z",
            "author_association": "MEMBER",
            "body": "Good catch, this makes sense. Thanks!"
        }
    ]
}