{
    "url": "https://api.github.com/repos/pallets/flask/issues/2343",
    "repository_url": "https://api.github.com/repos/pallets/flask",
    "labels_url": "https://api.github.com/repos/pallets/flask/issues/2343/labels{/name}",
    "comments_url": "https://api.github.com/repos/pallets/flask/issues/2343/comments",
    "events_url": "https://api.github.com/repos/pallets/flask/issues/2343/events",
    "html_url": "https://github.com/pallets/flask/pull/2343",
    "id": 231882354,
    "node_id": "MDExOlB1bGxSZXF1ZXN0MTIyODAyNTIw",
    "number": 2343,
    "title": "update development resources",
    "user": {
        "login": "davidism",
        "id": 1242887,
        "node_id": "MDQ6VXNlcjEyNDI4ODc=",
        "avatar_url": "https://avatars1.githubusercontent.com/u/1242887?v=4",
        "gravatar_id": "",
        "url": "https://api.github.com/users/davidism",
        "html_url": "https://github.com/davidism",
        "followers_url": "https://api.github.com/users/davidism/followers",
        "following_url": "https://api.github.com/users/davidism/following{/other_user}",
        "gists_url": "https://api.github.com/users/davidism/gists{/gist_id}",
        "starred_url": "https://api.github.com/users/davidism/starred{/owner}{/repo}",
        "subscriptions_url": "https://api.github.com/users/davidism/subscriptions",
        "organizations_url": "https://api.github.com/users/davidism/orgs",
        "repos_url": "https://api.github.com/users/davidism/repos",
        "events_url": "https://api.github.com/users/davidism/events{/privacy}",
        "received_events_url": "https://api.github.com/users/davidism/received_events",
        "type": "User",
        "site_admin": false
    },
    "labels": [
        {
            "id": 32876,
            "node_id": "MDU6TGFiZWwzMjg3Ng==",
            "url": "https://api.github.com/repos/pallets/flask/labels/docs",
            "name": "docs",
            "color": "0e8a16",
            "default": false,
            "description": null
        },
        {
            "id": 386620463,
            "node_id": "MDU6TGFiZWwzODY2MjA0NjM=",
            "url": "https://api.github.com/repos/pallets/flask/labels/testing",
            "name": "testing",
            "color": "006b75",
            "default": false,
            "description": null
        }
    ],
    "state": "closed",
    "locked": false,
    "assignee": {
        "login": "davidism",
        "id": 1242887,
        "node_id": "MDQ6VXNlcjEyNDI4ODc=",
        "avatar_url": "https://avatars1.githubusercontent.com/u/1242887?v=4",
        "gravatar_id": "",
        "url": "https://api.github.com/users/davidism",
        "html_url": "https://github.com/davidism",
        "followers_url": "https://api.github.com/users/davidism/followers",
        "following_url": "https://api.github.com/users/davidism/following{/other_user}",
        "gists_url": "https://api.github.com/users/davidism/gists{/gist_id}",
        "starred_url": "https://api.github.com/users/davidism/starred{/owner}{/repo}",
        "subscriptions_url": "https://api.github.com/users/davidism/subscriptions",
        "organizations_url": "https://api.github.com/users/davidism/orgs",
        "repos_url": "https://api.github.com/users/davidism/repos",
        "events_url": "https://api.github.com/users/davidism/events{/privacy}",
        "received_events_url": "https://api.github.com/users/davidism/received_events",
        "type": "User",
        "site_admin": false
    },
    "assignees": [
        {
            "login": "davidism",
            "id": 1242887,
            "node_id": "MDQ6VXNlcjEyNDI4ODc=",
            "avatar_url": "https://avatars1.githubusercontent.com/u/1242887?v=4",
            "gravatar_id": "",
            "url": "https://api.github.com/users/davidism",
            "html_url": "https://github.com/davidism",
            "followers_url": "https://api.github.com/users/davidism/followers",
            "following_url": "https://api.github.com/users/davidism/following{/other_user}",
            "gists_url": "https://api.github.com/users/davidism/gists{/gist_id}",
            "starred_url": "https://api.github.com/users/davidism/starred{/owner}{/repo}",
            "subscriptions_url": "https://api.github.com/users/davidism/subscriptions",
            "organizations_url": "https://api.github.com/users/davidism/orgs",
            "repos_url": "https://api.github.com/users/davidism/repos",
            "events_url": "https://api.github.com/users/davidism/events{/privacy}",
            "received_events_url": "https://api.github.com/users/davidism/received_events",
            "type": "User",
            "site_admin": false
        }
    ],
    "milestone": null,
    "comments": 1,
    "created_at": "2017-05-28T17:29:14Z",
    "updated_at": "2017-05-28T17:42:20Z",
    "closed_at": "2017-05-28T17:42:17Z",
    "author_association": "MEMBER",
    "pull_request": {
        "url": "https://api.github.com/repos/pallets/flask/pulls/2343",
        "html_url": "https://github.com/pallets/flask/pull/2343",
        "diff_url": "https://github.com/pallets/flask/pull/2343.diff",
        "patch_url": "https://github.com/pallets/flask/pull/2343.patch"
    },
    "body": "* fix tox to test examples again \ud83d\ude1e\r\n* add detox env for faster testing, `tox -e detox`, although sometimes there are weird failures that work fine with plain `tox`\r\n* clean up makefile, add tox target\r\n* add extra group for installing dev requirements, `pip install -e \".[dev]\"\r\n* clean up contributing doc, build with docs\r\n* expand issue template\r\n* add pull request template",
    "comments_inline": [
        {
            "url": "https://api.github.com/repos/pallets/flask/issues/comments/304528788",
            "html_url": "https://github.com/pallets/flask/pull/2343#issuecomment-304528788",
            "issue_url": "https://api.github.com/repos/pallets/flask/issues/2343",
            "id": 304528788,
            "node_id": "MDEyOklzc3VlQ29tbWVudDMwNDUyODc4OA==",
            "user": {
                "login": "codecov[bot]",
                "id": 22429695,
                "node_id": "MDM6Qm90MjI0Mjk2OTU=",
                "avatar_url": "https://avatars2.githubusercontent.com/in/254?v=4",
                "gravatar_id": "",
                "url": "https://api.github.com/users/codecov%5Bbot%5D",
                "html_url": "https://github.com/apps/codecov",
                "followers_url": "https://api.github.com/users/codecov%5Bbot%5D/followers",
                "following_url": "https://api.github.com/users/codecov%5Bbot%5D/following{/other_user}",
                "gists_url": "https://api.github.com/users/codecov%5Bbot%5D/gists{/gist_id}",
                "starred_url": "https://api.github.com/users/codecov%5Bbot%5D/starred{/owner}{/repo}",
                "subscriptions_url": "https://api.github.com/users/codecov%5Bbot%5D/subscriptions",
                "organizations_url": "https://api.github.com/users/codecov%5Bbot%5D/orgs",
                "repos_url": "https://api.github.com/users/codecov%5Bbot%5D/repos",
                "events_url": "https://api.github.com/users/codecov%5Bbot%5D/events{/privacy}",
                "received_events_url": "https://api.github.com/users/codecov%5Bbot%5D/received_events",
                "type": "Bot",
                "site_admin": false
            },
            "created_at": "2017-05-28T17:35:57Z",
            "updated_at": "2017-05-28T17:36:32Z",
            "author_association": "NONE",
            "body": "# [Codecov](https://codecov.io/gh/pallets/flask/pull/2343?src=pr&el=h1) Report\n> Merging [#2343](https://codecov.io/gh/pallets/flask/pull/2343?src=pr&el=desc) into [master](https://codecov.io/gh/pallets/flask/commit/a37f675ccb766c2d6050b5c812aa8aef71d85646?src=pr&el=desc) will **not change** coverage.\n> The diff coverage is `n/a`.\n\n[![Impacted file tree graph](https://codecov.io/gh/pallets/flask/pull/2343/graphs/tree.svg?src=pr&width=650&token=Hvz3ovjQ9i&height=150)](https://codecov.io/gh/pallets/flask/pull/2343?src=pr&el=tree)\n\n```diff\n@@           Coverage Diff           @@\n##           master    #2343   +/-   ##\n=======================================\n  Coverage   92.86%   92.86%           \n=======================================\n  Files          46       46           \n  Lines        6423     6423           \n  Branches      503      503           \n=======================================\n  Hits         5965     5965           \n  Misses        336      336           \n  Partials      122      122\n```\n\n\n\n------\n\n[Continue to review full report at Codecov](https://codecov.io/gh/pallets/flask/pull/2343?src=pr&el=continue).\n> **Legend** - [Click here to learn more](https://docs.codecov.io/docs/codecov-delta)\n> `\u0394 = absolute <relative> (impact)`, `\u00f8 = not affected`, `? = missing data`\n> Powered by [Codecov](https://codecov.io/gh/pallets/flask/pull/2343?src=pr&el=footer). Last update [a37f675...3c7625e](https://codecov.io/gh/pallets/flask/pull/2343?src=pr&el=lastupdated). Read the [comment docs](https://docs.codecov.io/docs/pull-request-comments).\n"
        }
    ]
}