{
    "url": "https://api.github.com/repos/pallets/flask/issues/2344",
    "repository_url": "https://api.github.com/repos/pallets/flask",
    "labels_url": "https://api.github.com/repos/pallets/flask/issues/2344/labels{/name}",
    "comments_url": "https://api.github.com/repos/pallets/flask/issues/2344/comments",
    "events_url": "https://api.github.com/repos/pallets/flask/issues/2344/events",
    "html_url": "https://github.com/pallets/flask/pull/2344",
    "id": 231895070,
    "node_id": "MDExOlB1bGxSZXF1ZXN0MTIyODA5MjU0",
    "number": 2344,
    "title": "APPLICATION_ROOT defaults to '/'",
    "user": {
        "login": "davidism",
        "id": 1242887,
        "node_id": "MDQ6VXNlcjEyNDI4ODc=",
        "avatar_url": "https://avatars1.githubusercontent.com/u/1242887?v=4",
        "gravatar_id": "",
        "url": "https://api.github.com/users/davidism",
        "html_url": "https://github.com/davidism",
        "followers_url": "https://api.github.com/users/davidism/followers",
        "following_url": "https://api.github.com/users/davidism/following{/other_user}",
        "gists_url": "https://api.github.com/users/davidism/gists{/gist_id}",
        "starred_url": "https://api.github.com/users/davidism/starred{/owner}{/repo}",
        "subscriptions_url": "https://api.github.com/users/davidism/subscriptions",
        "organizations_url": "https://api.github.com/users/davidism/orgs",
        "repos_url": "https://api.github.com/users/davidism/repos",
        "events_url": "https://api.github.com/users/davidism/events{/privacy}",
        "received_events_url": "https://api.github.com/users/davidism/received_events",
        "type": "User",
        "site_admin": false
    },
    "labels": [],
    "state": "closed",
    "locked": false,
    "assignee": {
        "login": "davidism",
        "id": 1242887,
        "node_id": "MDQ6VXNlcjEyNDI4ODc=",
        "avatar_url": "https://avatars1.githubusercontent.com/u/1242887?v=4",
        "gravatar_id": "",
        "url": "https://api.github.com/users/davidism",
        "html_url": "https://github.com/davidism",
        "followers_url": "https://api.github.com/users/davidism/followers",
        "following_url": "https://api.github.com/users/davidism/following{/other_user}",
        "gists_url": "https://api.github.com/users/davidism/gists{/gist_id}",
        "starred_url": "https://api.github.com/users/davidism/starred{/owner}{/repo}",
        "subscriptions_url": "https://api.github.com/users/davidism/subscriptions",
        "organizations_url": "https://api.github.com/users/davidism/orgs",
        "repos_url": "https://api.github.com/users/davidism/repos",
        "events_url": "https://api.github.com/users/davidism/events{/privacy}",
        "received_events_url": "https://api.github.com/users/davidism/received_events",
        "type": "User",
        "site_admin": false
    },
    "assignees": [
        {
            "login": "davidism",
            "id": 1242887,
            "node_id": "MDQ6VXNlcjEyNDI4ODc=",
            "avatar_url": "https://avatars1.githubusercontent.com/u/1242887?v=4",
            "gravatar_id": "",
            "url": "https://api.github.com/users/davidism",
            "html_url": "https://github.com/davidism",
            "followers_url": "https://api.github.com/users/davidism/followers",
            "following_url": "https://api.github.com/users/davidism/following{/other_user}",
            "gists_url": "https://api.github.com/users/davidism/gists{/gist_id}",
            "starred_url": "https://api.github.com/users/davidism/starred{/owner}{/repo}",
            "subscriptions_url": "https://api.github.com/users/davidism/subscriptions",
            "organizations_url": "https://api.github.com/users/davidism/orgs",
            "repos_url": "https://api.github.com/users/davidism/repos",
            "events_url": "https://api.github.com/users/davidism/events{/privacy}",
            "received_events_url": "https://api.github.com/users/davidism/received_events",
            "type": "User",
            "site_admin": false
        }
    ],
    "milestone": {
        "url": "https://api.github.com/repos/pallets/flask/milestones/2",
        "html_url": "https://github.com/pallets/flask/milestone/2",
        "labels_url": "https://api.github.com/repos/pallets/flask/milestones/2/labels",
        "id": 795954,
        "node_id": "MDk6TWlsZXN0b25lNzk1OTU0",
        "number": 2,
        "title": "1.0",
        "description": "",
        "creator": {
            "login": "untitaker",
            "id": 837573,
            "node_id": "MDQ6VXNlcjgzNzU3Mw==",
            "avatar_url": "https://avatars0.githubusercontent.com/u/837573?v=4",
            "gravatar_id": "",
            "url": "https://api.github.com/users/untitaker",
            "html_url": "https://github.com/untitaker",
            "followers_url": "https://api.github.com/users/untitaker/followers",
            "following_url": "https://api.github.com/users/untitaker/following{/other_user}",
            "gists_url": "https://api.github.com/users/untitaker/gists{/gist_id}",
            "starred_url": "https://api.github.com/users/untitaker/starred{/owner}{/repo}",
            "subscriptions_url": "https://api.github.com/users/untitaker/subscriptions",
            "organizations_url": "https://api.github.com/users/untitaker/orgs",
            "repos_url": "https://api.github.com/users/untitaker/repos",
            "events_url": "https://api.github.com/users/untitaker/events{/privacy}",
            "received_events_url": "https://api.github.com/users/untitaker/received_events",
            "type": "User",
            "site_admin": false
        },
        "open_issues": 0,
        "closed_issues": 159,
        "state": "closed",
        "created_at": "2014-09-19T15:47:20Z",
        "updated_at": "2018-04-26T21:07:44Z",
        "due_on": "2018-04-26T07:00:00Z",
        "closed_at": "2018-04-26T21:07:44Z"
    },
    "comments": 1,
    "created_at": "2017-05-28T21:12:27Z",
    "updated_at": "2017-07-31T15:56:12Z",
    "closed_at": "2017-05-28T21:17:57Z",
    "author_association": "MEMBER",
    "pull_request": {
        "url": "https://api.github.com/repos/pallets/flask/pulls/2344",
        "html_url": "https://github.com/pallets/flask/pull/2344",
        "diff_url": "https://github.com/pallets/flask/pull/2344.diff",
        "patch_url": "https://github.com/pallets/flask/pull/2344.patch"
    },
    "body": "All places that use `APPLICATION_ROOT` were using the pattern `app.config.get('APPLICATION_ROOT') or '/'`. This sets the default config to `'/'` to simplify things, since it was the implicit default and didn't do anything special if it wasn't set.",
    "comments_inline": [
        {
            "url": "https://api.github.com/repos/pallets/flask/issues/comments/304541061",
            "html_url": "https://github.com/pallets/flask/pull/2344#issuecomment-304541061",
            "issue_url": "https://api.github.com/repos/pallets/flask/issues/2344",
            "id": 304541061,
            "node_id": "MDEyOklzc3VlQ29tbWVudDMwNDU0MTA2MQ==",
            "user": {
                "login": "codecov[bot]",
                "id": 22429695,
                "node_id": "MDM6Qm90MjI0Mjk2OTU=",
                "avatar_url": "https://avatars2.githubusercontent.com/in/254?v=4",
                "gravatar_id": "",
                "url": "https://api.github.com/users/codecov%5Bbot%5D",
                "html_url": "https://github.com/apps/codecov",
                "followers_url": "https://api.github.com/users/codecov%5Bbot%5D/followers",
                "following_url": "https://api.github.com/users/codecov%5Bbot%5D/following{/other_user}",
                "gists_url": "https://api.github.com/users/codecov%5Bbot%5D/gists{/gist_id}",
                "starred_url": "https://api.github.com/users/codecov%5Bbot%5D/starred{/owner}{/repo}",
                "subscriptions_url": "https://api.github.com/users/codecov%5Bbot%5D/subscriptions",
                "organizations_url": "https://api.github.com/users/codecov%5Bbot%5D/orgs",
                "repos_url": "https://api.github.com/users/codecov%5Bbot%5D/repos",
                "events_url": "https://api.github.com/users/codecov%5Bbot%5D/events{/privacy}",
                "received_events_url": "https://api.github.com/users/codecov%5Bbot%5D/received_events",
                "type": "Bot",
                "site_admin": false
            },
            "created_at": "2017-05-28T21:18:42Z",
            "updated_at": "2017-05-28T21:18:42Z",
            "author_association": "NONE",
            "body": "# [Codecov](https://codecov.io/gh/pallets/flask/pull/2344?src=pr&el=h1) Report\n> Merging [#2344](https://codecov.io/gh/pallets/flask/pull/2344?src=pr&el=desc) into [master](https://codecov.io/gh/pallets/flask/commit/60feecc26c60b8b6ba5349baf8d4cca5cbfed223?src=pr&el=desc) will **not change** coverage.\n> The diff coverage is `100%`.\n\n[![Impacted file tree graph](https://codecov.io/gh/pallets/flask/pull/2344/graphs/tree.svg?src=pr&width=650&token=Hvz3ovjQ9i&height=150)](https://codecov.io/gh/pallets/flask/pull/2344?src=pr&el=tree)\n\n```diff\n@@           Coverage Diff           @@\n##           master    #2344   +/-   ##\n=======================================\n  Coverage   92.86%   92.86%           \n=======================================\n  Files          46       46           \n  Lines        6423     6423           \n  Branches      503      503           \n=======================================\n  Hits         5965     5965           \n  Misses        336      336           \n  Partials      122      122\n```\n\n\n| [Impacted Files](https://codecov.io/gh/pallets/flask/pull/2344?src=pr&el=tree) | Coverage \u0394 | |\n|---|---|---|\n| [flask/testing.py](https://codecov.io/gh/pallets/flask/pull/2344?src=pr&el=tree#diff-Zmxhc2svdGVzdGluZy5weQ==) | `92.64% <100%> (\u00f8)` | :arrow_up: |\n| [flask/sessions.py](https://codecov.io/gh/pallets/flask/pull/2344?src=pr&el=tree#diff-Zmxhc2svc2Vzc2lvbnMucHk=) | `95.73% <100%> (\u00f8)` | :arrow_up: |\n\n------\n\n[Continue to review full report at Codecov](https://codecov.io/gh/pallets/flask/pull/2344?src=pr&el=continue).\n> **Legend** - [Click here to learn more](https://docs.codecov.io/docs/codecov-delta)\n> `\u0394 = absolute <relative> (impact)`, `\u00f8 = not affected`, `? = missing data`\n> Powered by [Codecov](https://codecov.io/gh/pallets/flask/pull/2344?src=pr&el=footer). Last update [60feecc...4a53840](https://codecov.io/gh/pallets/flask/pull/2344?src=pr&el=lastupdated). Read the [comment docs](https://docs.codecov.io/docs/pull-request-comments).\n"
        }
    ]
}