{
    "url": "https://api.github.com/repos/pallets/flask/issues/2345",
    "repository_url": "https://api.github.com/repos/pallets/flask",
    "labels_url": "https://api.github.com/repos/pallets/flask/issues/2345/labels{/name}",
    "comments_url": "https://api.github.com/repos/pallets/flask/issues/2345/comments",
    "events_url": "https://api.github.com/repos/pallets/flask/issues/2345/events",
    "html_url": "https://github.com/pallets/flask/issues/2345",
    "id": 232055634,
    "node_id": "MDU6SXNzdWUyMzIwNTU2MzQ=",
    "number": 2345,
    "title": "Use existing response.vary property to set vary header",
    "user": {
        "login": "davidism",
        "id": 1242887,
        "node_id": "MDQ6VXNlcjEyNDI4ODc=",
        "avatar_url": "https://avatars1.githubusercontent.com/u/1242887?v=4",
        "gravatar_id": "",
        "url": "https://api.github.com/users/davidism",
        "html_url": "https://github.com/davidism",
        "followers_url": "https://api.github.com/users/davidism/followers",
        "following_url": "https://api.github.com/users/davidism/following{/other_user}",
        "gists_url": "https://api.github.com/users/davidism/gists{/gist_id}",
        "starred_url": "https://api.github.com/users/davidism/starred{/owner}{/repo}",
        "subscriptions_url": "https://api.github.com/users/davidism/subscriptions",
        "organizations_url": "https://api.github.com/users/davidism/orgs",
        "repos_url": "https://api.github.com/users/davidism/repos",
        "events_url": "https://api.github.com/users/davidism/events{/privacy}",
        "received_events_url": "https://api.github.com/users/davidism/received_events",
        "type": "User",
        "site_admin": false
    },
    "labels": [
        {
            "id": 398835124,
            "node_id": "MDU6TGFiZWwzOTg4MzUxMjQ=",
            "url": "https://api.github.com/repos/pallets/flask/labels/session",
            "name": "session",
            "color": "1d76db",
            "default": false,
            "description": null
        }
    ],
    "state": "closed",
    "locked": false,
    "assignee": {
        "login": "davidism",
        "id": 1242887,
        "node_id": "MDQ6VXNlcjEyNDI4ODc=",
        "avatar_url": "https://avatars1.githubusercontent.com/u/1242887?v=4",
        "gravatar_id": "",
        "url": "https://api.github.com/users/davidism",
        "html_url": "https://github.com/davidism",
        "followers_url": "https://api.github.com/users/davidism/followers",
        "following_url": "https://api.github.com/users/davidism/following{/other_user}",
        "gists_url": "https://api.github.com/users/davidism/gists{/gist_id}",
        "starred_url": "https://api.github.com/users/davidism/starred{/owner}{/repo}",
        "subscriptions_url": "https://api.github.com/users/davidism/subscriptions",
        "organizations_url": "https://api.github.com/users/davidism/orgs",
        "repos_url": "https://api.github.com/users/davidism/repos",
        "events_url": "https://api.github.com/users/davidism/events{/privacy}",
        "received_events_url": "https://api.github.com/users/davidism/received_events",
        "type": "User",
        "site_admin": false
    },
    "assignees": [
        {
            "login": "davidism",
            "id": 1242887,
            "node_id": "MDQ6VXNlcjEyNDI4ODc=",
            "avatar_url": "https://avatars1.githubusercontent.com/u/1242887?v=4",
            "gravatar_id": "",
            "url": "https://api.github.com/users/davidism",
            "html_url": "https://github.com/davidism",
            "followers_url": "https://api.github.com/users/davidism/followers",
            "following_url": "https://api.github.com/users/davidism/following{/other_user}",
            "gists_url": "https://api.github.com/users/davidism/gists{/gist_id}",
            "starred_url": "https://api.github.com/users/davidism/starred{/owner}{/repo}",
            "subscriptions_url": "https://api.github.com/users/davidism/subscriptions",
            "organizations_url": "https://api.github.com/users/davidism/orgs",
            "repos_url": "https://api.github.com/users/davidism/repos",
            "events_url": "https://api.github.com/users/davidism/events{/privacy}",
            "received_events_url": "https://api.github.com/users/davidism/received_events",
            "type": "User",
            "site_admin": false
        }
    ],
    "milestone": null,
    "comments": 0,
    "created_at": "2017-05-29T15:50:44Z",
    "updated_at": "2017-05-29T17:16:29Z",
    "closed_at": "2017-05-29T17:16:29Z",
    "author_association": "MEMBER",
    "body": "#2288 and #2322 added support for setting `Vary: Cookie` and not clobbering the existing `Vary` header. Unfortunately, there was already built-in support for that, we just missed it. Switch to this:\r\n\r\n~~~python\r\nresponse.vary.add('Cookie')\r\n~~~"
}