{
    "url": "https://api.github.com/repos/pallets/flask/issues/2346",
    "repository_url": "https://api.github.com/repos/pallets/flask",
    "labels_url": "https://api.github.com/repos/pallets/flask/issues/2346/labels{/name}",
    "comments_url": "https://api.github.com/repos/pallets/flask/issues/2346/comments",
    "events_url": "https://api.github.com/repos/pallets/flask/issues/2346/events",
    "html_url": "https://github.com/pallets/flask/pull/2346",
    "id": 232067710,
    "node_id": "MDExOlB1bGxSZXF1ZXN0MTIyOTI1NTky",
    "number": 2346,
    "title": "use existing response.vary property to set vary header",
    "user": {
        "login": "davidism",
        "id": 1242887,
        "node_id": "MDQ6VXNlcjEyNDI4ODc=",
        "avatar_url": "https://avatars1.githubusercontent.com/u/1242887?v=4",
        "gravatar_id": "",
        "url": "https://api.github.com/users/davidism",
        "html_url": "https://github.com/davidism",
        "followers_url": "https://api.github.com/users/davidism/followers",
        "following_url": "https://api.github.com/users/davidism/following{/other_user}",
        "gists_url": "https://api.github.com/users/davidism/gists{/gist_id}",
        "starred_url": "https://api.github.com/users/davidism/starred{/owner}{/repo}",
        "subscriptions_url": "https://api.github.com/users/davidism/subscriptions",
        "organizations_url": "https://api.github.com/users/davidism/orgs",
        "repos_url": "https://api.github.com/users/davidism/repos",
        "events_url": "https://api.github.com/users/davidism/events{/privacy}",
        "received_events_url": "https://api.github.com/users/davidism/received_events",
        "type": "User",
        "site_admin": false
    },
    "labels": [
        {
            "id": 398835124,
            "node_id": "MDU6TGFiZWwzOTg4MzUxMjQ=",
            "url": "https://api.github.com/repos/pallets/flask/labels/session",
            "name": "session",
            "color": "1d76db",
            "default": false,
            "description": null
        }
    ],
    "state": "closed",
    "locked": false,
    "assignee": {
        "login": "davidism",
        "id": 1242887,
        "node_id": "MDQ6VXNlcjEyNDI4ODc=",
        "avatar_url": "https://avatars1.githubusercontent.com/u/1242887?v=4",
        "gravatar_id": "",
        "url": "https://api.github.com/users/davidism",
        "html_url": "https://github.com/davidism",
        "followers_url": "https://api.github.com/users/davidism/followers",
        "following_url": "https://api.github.com/users/davidism/following{/other_user}",
        "gists_url": "https://api.github.com/users/davidism/gists{/gist_id}",
        "starred_url": "https://api.github.com/users/davidism/starred{/owner}{/repo}",
        "subscriptions_url": "https://api.github.com/users/davidism/subscriptions",
        "organizations_url": "https://api.github.com/users/davidism/orgs",
        "repos_url": "https://api.github.com/users/davidism/repos",
        "events_url": "https://api.github.com/users/davidism/events{/privacy}",
        "received_events_url": "https://api.github.com/users/davidism/received_events",
        "type": "User",
        "site_admin": false
    },
    "assignees": [
        {
            "login": "davidism",
            "id": 1242887,
            "node_id": "MDQ6VXNlcjEyNDI4ODc=",
            "avatar_url": "https://avatars1.githubusercontent.com/u/1242887?v=4",
            "gravatar_id": "",
            "url": "https://api.github.com/users/davidism",
            "html_url": "https://github.com/davidism",
            "followers_url": "https://api.github.com/users/davidism/followers",
            "following_url": "https://api.github.com/users/davidism/following{/other_user}",
            "gists_url": "https://api.github.com/users/davidism/gists{/gist_id}",
            "starred_url": "https://api.github.com/users/davidism/starred{/owner}{/repo}",
            "subscriptions_url": "https://api.github.com/users/davidism/subscriptions",
            "organizations_url": "https://api.github.com/users/davidism/orgs",
            "repos_url": "https://api.github.com/users/davidism/repos",
            "events_url": "https://api.github.com/users/davidism/events{/privacy}",
            "received_events_url": "https://api.github.com/users/davidism/received_events",
            "type": "User",
            "site_admin": false
        }
    ],
    "milestone": {
        "url": "https://api.github.com/repos/pallets/flask/milestones/2",
        "html_url": "https://github.com/pallets/flask/milestone/2",
        "labels_url": "https://api.github.com/repos/pallets/flask/milestones/2/labels",
        "id": 795954,
        "node_id": "MDk6TWlsZXN0b25lNzk1OTU0",
        "number": 2,
        "title": "1.0",
        "description": "",
        "creator": {
            "login": "untitaker",
            "id": 837573,
            "node_id": "MDQ6VXNlcjgzNzU3Mw==",
            "avatar_url": "https://avatars0.githubusercontent.com/u/837573?v=4",
            "gravatar_id": "",
            "url": "https://api.github.com/users/untitaker",
            "html_url": "https://github.com/untitaker",
            "followers_url": "https://api.github.com/users/untitaker/followers",
            "following_url": "https://api.github.com/users/untitaker/following{/other_user}",
            "gists_url": "https://api.github.com/users/untitaker/gists{/gist_id}",
            "starred_url": "https://api.github.com/users/untitaker/starred{/owner}{/repo}",
            "subscriptions_url": "https://api.github.com/users/untitaker/subscriptions",
            "organizations_url": "https://api.github.com/users/untitaker/orgs",
            "repos_url": "https://api.github.com/users/untitaker/repos",
            "events_url": "https://api.github.com/users/untitaker/events{/privacy}",
            "received_events_url": "https://api.github.com/users/untitaker/received_events",
            "type": "User",
            "site_admin": false
        },
        "open_issues": 0,
        "closed_issues": 159,
        "state": "closed",
        "created_at": "2014-09-19T15:47:20Z",
        "updated_at": "2018-04-26T21:07:44Z",
        "due_on": "2018-04-26T07:00:00Z",
        "closed_at": "2018-04-26T21:07:44Z"
    },
    "comments": 1,
    "created_at": "2017-05-29T17:10:30Z",
    "updated_at": "2017-07-31T15:56:12Z",
    "closed_at": "2017-05-29T17:16:29Z",
    "author_association": "MEMBER",
    "pull_request": {
        "url": "https://api.github.com/repos/pallets/flask/pulls/2346",
        "html_url": "https://github.com/pallets/flask/pull/2346",
        "diff_url": "https://github.com/pallets/flask/pull/2346.diff",
        "patch_url": "https://github.com/pallets/flask/pull/2346.patch"
    },
    "body": "closes #2345",
    "comments_inline": [
        {
            "url": "https://api.github.com/repos/pallets/flask/issues/comments/304703194",
            "html_url": "https://github.com/pallets/flask/pull/2346#issuecomment-304703194",
            "issue_url": "https://api.github.com/repos/pallets/flask/issues/2346",
            "id": 304703194,
            "node_id": "MDEyOklzc3VlQ29tbWVudDMwNDcwMzE5NA==",
            "user": {
                "login": "codecov[bot]",
                "id": 22429695,
                "node_id": "MDM6Qm90MjI0Mjk2OTU=",
                "avatar_url": "https://avatars2.githubusercontent.com/in/254?v=4",
                "gravatar_id": "",
                "url": "https://api.github.com/users/codecov%5Bbot%5D",
                "html_url": "https://github.com/apps/codecov",
                "followers_url": "https://api.github.com/users/codecov%5Bbot%5D/followers",
                "following_url": "https://api.github.com/users/codecov%5Bbot%5D/following{/other_user}",
                "gists_url": "https://api.github.com/users/codecov%5Bbot%5D/gists{/gist_id}",
                "starred_url": "https://api.github.com/users/codecov%5Bbot%5D/starred{/owner}{/repo}",
                "subscriptions_url": "https://api.github.com/users/codecov%5Bbot%5D/subscriptions",
                "organizations_url": "https://api.github.com/users/codecov%5Bbot%5D/orgs",
                "repos_url": "https://api.github.com/users/codecov%5Bbot%5D/repos",
                "events_url": "https://api.github.com/users/codecov%5Bbot%5D/events{/privacy}",
                "received_events_url": "https://api.github.com/users/codecov%5Bbot%5D/received_events",
                "type": "Bot",
                "site_admin": false
            },
            "created_at": "2017-05-29T17:15:45Z",
            "updated_at": "2017-05-29T17:16:16Z",
            "author_association": "NONE",
            "body": "# [Codecov](https://codecov.io/gh/pallets/flask/pull/2346?src=pr&el=h1) Report\n> Merging [#2346](https://codecov.io/gh/pallets/flask/pull/2346?src=pr&el=desc) into [master](https://codecov.io/gh/pallets/flask/commit/57974165444d551d281ae25171d4ec5e571c5ca7?src=pr&el=desc) will **decrease** coverage by `0.01%`.\n> The diff coverage is `100%`.\n\n[![Impacted file tree graph](https://codecov.io/gh/pallets/flask/pull/2346/graphs/tree.svg?src=pr&width=650&token=Hvz3ovjQ9i&height=150)](https://codecov.io/gh/pallets/flask/pull/2346?src=pr&el=tree)\n\n```diff\n@@            Coverage Diff             @@\n##           master    #2346      +/-   ##\n==========================================\n- Coverage   92.86%   92.85%   -0.02%     \n==========================================\n  Files          46       46              \n  Lines        6423     6414       -9     \n  Branches      503      501       -2     \n==========================================\n- Hits         5965     5956       -9     \n  Misses        336      336              \n  Partials      122      122\n```\n\n\n| [Impacted Files](https://codecov.io/gh/pallets/flask/pull/2346?src=pr&el=tree) | Coverage \u0394 | |\n|---|---|---|\n| [flask/helpers.py](https://codecov.io/gh/pallets/flask/pull/2346?src=pr&el=tree#diff-Zmxhc2svaGVscGVycy5weQ==) | `82.77% <\u00f8> (-0.41%)` | :arrow_down: |\n| [flask/sessions.py](https://codecov.io/gh/pallets/flask/pull/2346?src=pr&el=tree#diff-Zmxhc2svc2Vzc2lvbnMucHk=) | `95.7% <100%> (-0.03%)` | :arrow_down: |\n| [tests/test\\_basic.py](https://codecov.io/gh/pallets/flask/pull/2346?src=pr&el=tree#diff-dGVzdHMvdGVzdF9iYXNpYy5weQ==) | `96.5% <100%> (\u00f8)` | :arrow_up: |\n\n------\n\n[Continue to review full report at Codecov](https://codecov.io/gh/pallets/flask/pull/2346?src=pr&el=continue).\n> **Legend** - [Click here to learn more](https://docs.codecov.io/docs/codecov-delta)\n> `\u0394 = absolute <relative> (impact)`, `\u00f8 = not affected`, `? = missing data`\n> Powered by [Codecov](https://codecov.io/gh/pallets/flask/pull/2346?src=pr&el=footer). Last update [5797416...b8eba0a](https://codecov.io/gh/pallets/flask/pull/2346?src=pr&el=lastupdated). Read the [comment docs](https://docs.codecov.io/docs/pull-request-comments).\n"
        }
    ]
}