{
    "url": "https://api.github.com/repos/pallets/flask/issues/2348",
    "repository_url": "https://api.github.com/repos/pallets/flask",
    "labels_url": "https://api.github.com/repos/pallets/flask/issues/2348/labels{/name}",
    "comments_url": "https://api.github.com/repos/pallets/flask/issues/2348/comments",
    "events_url": "https://api.github.com/repos/pallets/flask/issues/2348/events",
    "html_url": "https://github.com/pallets/flask/pull/2348",
    "id": 232126154,
    "node_id": "MDExOlB1bGxSZXF1ZXN0MTIyOTYxMjg2",
    "number": 2348,
    "title": "make debugging bad key errors easier",
    "user": {
        "login": "davidism",
        "id": 1242887,
        "node_id": "MDQ6VXNlcjEyNDI4ODc=",
        "avatar_url": "https://avatars1.githubusercontent.com/u/1242887?v=4",
        "gravatar_id": "",
        "url": "https://api.github.com/users/davidism",
        "html_url": "https://github.com/davidism",
        "followers_url": "https://api.github.com/users/davidism/followers",
        "following_url": "https://api.github.com/users/davidism/following{/other_user}",
        "gists_url": "https://api.github.com/users/davidism/gists{/gist_id}",
        "starred_url": "https://api.github.com/users/davidism/starred{/owner}{/repo}",
        "subscriptions_url": "https://api.github.com/users/davidism/subscriptions",
        "organizations_url": "https://api.github.com/users/davidism/orgs",
        "repos_url": "https://api.github.com/users/davidism/repos",
        "events_url": "https://api.github.com/users/davidism/events{/privacy}",
        "received_events_url": "https://api.github.com/users/davidism/received_events",
        "type": "User",
        "site_admin": false
    },
    "labels": [],
    "state": "closed",
    "locked": false,
    "assignee": {
        "login": "davidism",
        "id": 1242887,
        "node_id": "MDQ6VXNlcjEyNDI4ODc=",
        "avatar_url": "https://avatars1.githubusercontent.com/u/1242887?v=4",
        "gravatar_id": "",
        "url": "https://api.github.com/users/davidism",
        "html_url": "https://github.com/davidism",
        "followers_url": "https://api.github.com/users/davidism/followers",
        "following_url": "https://api.github.com/users/davidism/following{/other_user}",
        "gists_url": "https://api.github.com/users/davidism/gists{/gist_id}",
        "starred_url": "https://api.github.com/users/davidism/starred{/owner}{/repo}",
        "subscriptions_url": "https://api.github.com/users/davidism/subscriptions",
        "organizations_url": "https://api.github.com/users/davidism/orgs",
        "repos_url": "https://api.github.com/users/davidism/repos",
        "events_url": "https://api.github.com/users/davidism/events{/privacy}",
        "received_events_url": "https://api.github.com/users/davidism/received_events",
        "type": "User",
        "site_admin": false
    },
    "assignees": [
        {
            "login": "davidism",
            "id": 1242887,
            "node_id": "MDQ6VXNlcjEyNDI4ODc=",
            "avatar_url": "https://avatars1.githubusercontent.com/u/1242887?v=4",
            "gravatar_id": "",
            "url": "https://api.github.com/users/davidism",
            "html_url": "https://github.com/davidism",
            "followers_url": "https://api.github.com/users/davidism/followers",
            "following_url": "https://api.github.com/users/davidism/following{/other_user}",
            "gists_url": "https://api.github.com/users/davidism/gists{/gist_id}",
            "starred_url": "https://api.github.com/users/davidism/starred{/owner}{/repo}",
            "subscriptions_url": "https://api.github.com/users/davidism/subscriptions",
            "organizations_url": "https://api.github.com/users/davidism/orgs",
            "repos_url": "https://api.github.com/users/davidism/repos",
            "events_url": "https://api.github.com/users/davidism/events{/privacy}",
            "received_events_url": "https://api.github.com/users/davidism/received_events",
            "type": "User",
            "site_admin": false
        }
    ],
    "milestone": {
        "url": "https://api.github.com/repos/pallets/flask/milestones/2",
        "html_url": "https://github.com/pallets/flask/milestone/2",
        "labels_url": "https://api.github.com/repos/pallets/flask/milestones/2/labels",
        "id": 795954,
        "node_id": "MDk6TWlsZXN0b25lNzk1OTU0",
        "number": 2,
        "title": "1.0",
        "description": "",
        "creator": {
            "login": "untitaker",
            "id": 837573,
            "node_id": "MDQ6VXNlcjgzNzU3Mw==",
            "avatar_url": "https://avatars0.githubusercontent.com/u/837573?v=4",
            "gravatar_id": "",
            "url": "https://api.github.com/users/untitaker",
            "html_url": "https://github.com/untitaker",
            "followers_url": "https://api.github.com/users/untitaker/followers",
            "following_url": "https://api.github.com/users/untitaker/following{/other_user}",
            "gists_url": "https://api.github.com/users/untitaker/gists{/gist_id}",
            "starred_url": "https://api.github.com/users/untitaker/starred{/owner}{/repo}",
            "subscriptions_url": "https://api.github.com/users/untitaker/subscriptions",
            "organizations_url": "https://api.github.com/users/untitaker/orgs",
            "repos_url": "https://api.github.com/users/untitaker/repos",
            "events_url": "https://api.github.com/users/untitaker/events{/privacy}",
            "received_events_url": "https://api.github.com/users/untitaker/received_events",
            "type": "User",
            "site_admin": false
        },
        "open_issues": 0,
        "closed_issues": 159,
        "state": "closed",
        "created_at": "2014-09-19T15:47:20Z",
        "updated_at": "2018-04-26T21:07:44Z",
        "due_on": "2018-04-26T07:00:00Z",
        "closed_at": "2018-04-26T21:07:44Z"
    },
    "comments": 0,
    "created_at": "2017-05-30T02:11:10Z",
    "updated_at": "2017-07-31T15:56:12Z",
    "closed_at": "2017-05-30T02:53:19Z",
    "author_association": "MEMBER",
    "pull_request": {
        "url": "https://api.github.com/repos/pallets/flask/pulls/2348",
        "html_url": "https://github.com/pallets/flask/pull/2348",
        "diff_url": "https://github.com/pallets/flask/pull/2348.diff",
        "patch_url": "https://github.com/pallets/flask/pull/2348.patch"
    },
    "body": "* `TRAP_BAD_REQUEST_ERRORS` is enabled by default in debug mode\r\n* `BadRequestKeyError` has the key in the description in debug mode\r\n\r\nIf `app.debug` is true but we're not running in the interactive debugger, this now raises a 500 error (the traceback in the console has the key error though). Can get the old behavior by setting `TRAP_BAD_REQUEST_ERRORS = False`.\r\n\r\nThis error is one of the most recurring questions about Flask on Stack Overflow. Making the error visible will hopefully answer a lot of questions before they're asked.\r\n\r\ncloses #382"
}