{
    "url": "https://api.github.com/repos/pallets/flask/issues/2349",
    "repository_url": "https://api.github.com/repos/pallets/flask",
    "labels_url": "https://api.github.com/repos/pallets/flask/issues/2349/labels{/name}",
    "comments_url": "https://api.github.com/repos/pallets/flask/issues/2349/comments",
    "events_url": "https://api.github.com/repos/pallets/flask/issues/2349/events",
    "html_url": "https://github.com/pallets/flask/issues/2349",
    "id": 232697429,
    "node_id": "MDU6SXNzdWUyMzI2OTc0Mjk=",
    "number": 2349,
    "title": "Adding Couchdb views from blueprint",
    "user": {
        "login": "pseudoPixels",
        "id": 17163665,
        "node_id": "MDQ6VXNlcjE3MTYzNjY1",
        "avatar_url": "https://avatars0.githubusercontent.com/u/17163665?v=4",
        "gravatar_id": "",
        "url": "https://api.github.com/users/pseudoPixels",
        "html_url": "https://github.com/pseudoPixels",
        "followers_url": "https://api.github.com/users/pseudoPixels/followers",
        "following_url": "https://api.github.com/users/pseudoPixels/following{/other_user}",
        "gists_url": "https://api.github.com/users/pseudoPixels/gists{/gist_id}",
        "starred_url": "https://api.github.com/users/pseudoPixels/starred{/owner}{/repo}",
        "subscriptions_url": "https://api.github.com/users/pseudoPixels/subscriptions",
        "organizations_url": "https://api.github.com/users/pseudoPixels/orgs",
        "repos_url": "https://api.github.com/users/pseudoPixels/repos",
        "events_url": "https://api.github.com/users/pseudoPixels/events{/privacy}",
        "received_events_url": "https://api.github.com/users/pseudoPixels/received_events",
        "type": "User",
        "site_admin": false
    },
    "labels": [],
    "state": "closed",
    "locked": false,
    "assignee": null,
    "assignees": [],
    "milestone": null,
    "comments": 1,
    "created_at": "2017-05-31T21:11:01Z",
    "updated_at": "2017-05-31T21:26:08Z",
    "closed_at": "2017-05-31T21:25:59Z",
    "author_association": "NONE",
    "body": "Adding Couchdb views from the blueprints are showing error... Tried with accessing the main app as 'current_app' but showing error 'RuntimeError: Working outside of application context.'\r\nMy Code from blueprint for adding/syncing couchdb views are as following:\r\n\r\n\r\n```python\r\nfrom flask import current_app as app\r\nmanager = CouchDBManager()\r\n\r\nwith app.app_context():\r\n    manager.setup(app.app_context())\r\n    manager.add_viewdef(my_couchdb_view_from_blueprint)\r\n    manager.sync(app.app_context())\r\n```\r\n\r\n\r\nThe error message is as following:\r\n\r\n\r\nRuntimeError: Working outside of application context.\r\nThis typically means that you attempted to use functionality that needed\r\nto interface with the current application object in a way.  To solve\r\nthis set up an application context with app.app_context().\r\n\r\n\r\n",
    "comments_inline": [
        {
            "url": "https://api.github.com/repos/pallets/flask/issues/comments/305322427",
            "html_url": "https://github.com/pallets/flask/issues/2349#issuecomment-305322427",
            "issue_url": "https://api.github.com/repos/pallets/flask/issues/2349",
            "id": 305322427,
            "node_id": "MDEyOklzc3VlQ29tbWVudDMwNTMyMjQyNw==",
            "user": {
                "login": "ThiefMaster",
                "id": 179599,
                "node_id": "MDQ6VXNlcjE3OTU5OQ==",
                "avatar_url": "https://avatars1.githubusercontent.com/u/179599?v=4",
                "gravatar_id": "",
                "url": "https://api.github.com/users/ThiefMaster",
                "html_url": "https://github.com/ThiefMaster",
                "followers_url": "https://api.github.com/users/ThiefMaster/followers",
                "following_url": "https://api.github.com/users/ThiefMaster/following{/other_user}",
                "gists_url": "https://api.github.com/users/ThiefMaster/gists{/gist_id}",
                "starred_url": "https://api.github.com/users/ThiefMaster/starred{/owner}{/repo}",
                "subscriptions_url": "https://api.github.com/users/ThiefMaster/subscriptions",
                "organizations_url": "https://api.github.com/users/ThiefMaster/orgs",
                "repos_url": "https://api.github.com/users/ThiefMaster/repos",
                "events_url": "https://api.github.com/users/ThiefMaster/events{/privacy}",
                "received_events_url": "https://api.github.com/users/ThiefMaster/received_events",
                "type": "User",
                "site_admin": false
            },
            "created_at": "2017-05-31T21:26:08Z",
            "updated_at": "2017-05-31T21:26:08Z",
            "author_association": "MEMBER",
            "body": "Please use IRC or Stack Overflow for support questions."
        }
    ]
}