{
    "url": "https://api.github.com/repos/pallets/flask/issues/235",
    "repository_url": "https://api.github.com/repos/pallets/flask",
    "labels_url": "https://api.github.com/repos/pallets/flask/issues/235/labels{/name}",
    "comments_url": "https://api.github.com/repos/pallets/flask/issues/235/comments",
    "events_url": "https://api.github.com/repos/pallets/flask/issues/235/events",
    "html_url": "https://github.com/pallets/flask/issues/235",
    "id": 945791,
    "node_id": "MDU6SXNzdWU5NDU3OTE=",
    "number": 235,
    "title": "website's twitter.py script requires optional keywords",
    "user": {
        "login": "meisterluk",
        "id": 358358,
        "node_id": "MDQ6VXNlcjM1ODM1OA==",
        "avatar_url": "https://avatars1.githubusercontent.com/u/358358?v=4",
        "gravatar_id": "",
        "url": "https://api.github.com/users/meisterluk",
        "html_url": "https://github.com/meisterluk",
        "followers_url": "https://api.github.com/users/meisterluk/followers",
        "following_url": "https://api.github.com/users/meisterluk/following{/other_user}",
        "gists_url": "https://api.github.com/users/meisterluk/gists{/gist_id}",
        "starred_url": "https://api.github.com/users/meisterluk/starred{/owner}{/repo}",
        "subscriptions_url": "https://api.github.com/users/meisterluk/subscriptions",
        "organizations_url": "https://api.github.com/users/meisterluk/orgs",
        "repos_url": "https://api.github.com/users/meisterluk/repos",
        "events_url": "https://api.github.com/users/meisterluk/events{/privacy}",
        "received_events_url": "https://api.github.com/users/meisterluk/received_events",
        "type": "User",
        "site_admin": false
    },
    "labels": [],
    "state": "closed",
    "locked": false,
    "assignee": null,
    "assignees": [],
    "milestone": null,
    "comments": 3,
    "created_at": "2011-05-24T07:53:27Z",
    "updated_at": "2011-05-24T18:01:41Z",
    "closed_at": "2011-05-24T14:21:44Z",
    "author_association": "NONE",
    "body": "**twitter.py lines 65--70**\n\n```\n        for word in self.required:\n            if word not in text:\n                return False\n        for word in self.optional:\n            if word in text:\n                return True\n        return False\n```\n\nTrue can only be returned, if optional keywords are given. Therefore I recommend returning True if none of the for loops returned a value.\n",
    "comments_inline": [
        {
            "url": "https://api.github.com/repos/pallets/flask/issues/comments/1228556",
            "html_url": "https://github.com/pallets/flask/issues/235#issuecomment-1228556",
            "issue_url": "https://api.github.com/repos/pallets/flask/issues/235",
            "id": 1228556,
            "node_id": "MDEyOklzc3VlQ29tbWVudDEyMjg1NTY=",
            "user": {
                "login": "mitsuhiko",
                "id": 7396,
                "node_id": "MDQ6VXNlcjczOTY=",
                "avatar_url": "https://avatars1.githubusercontent.com/u/7396?v=4",
                "gravatar_id": "",
                "url": "https://api.github.com/users/mitsuhiko",
                "html_url": "https://github.com/mitsuhiko",
                "followers_url": "https://api.github.com/users/mitsuhiko/followers",
                "following_url": "https://api.github.com/users/mitsuhiko/following{/other_user}",
                "gists_url": "https://api.github.com/users/mitsuhiko/gists{/gist_id}",
                "starred_url": "https://api.github.com/users/mitsuhiko/starred{/owner}{/repo}",
                "subscriptions_url": "https://api.github.com/users/mitsuhiko/subscriptions",
                "organizations_url": "https://api.github.com/users/mitsuhiko/orgs",
                "repos_url": "https://api.github.com/users/mitsuhiko/repos",
                "events_url": "https://api.github.com/users/mitsuhiko/events{/privacy}",
                "received_events_url": "https://api.github.com/users/mitsuhiko/received_events",
                "type": "User",
                "site_admin": false
            },
            "created_at": "2011-05-24T14:21:44Z",
            "updated_at": "2011-05-24T14:21:44Z",
            "author_association": "MEMBER",
            "body": "That's expected behavior. At least one optional one has to be in there.\n"
        },
        {
            "url": "https://api.github.com/repos/pallets/flask/issues/comments/1228557",
            "html_url": "https://github.com/pallets/flask/issues/235#issuecomment-1228557",
            "issue_url": "https://api.github.com/repos/pallets/flask/issues/235",
            "id": 1228557,
            "node_id": "MDEyOklzc3VlQ29tbWVudDEyMjg1NTc=",
            "user": {
                "login": "mitsuhiko",
                "id": 7396,
                "node_id": "MDQ6VXNlcjczOTY=",
                "avatar_url": "https://avatars1.githubusercontent.com/u/7396?v=4",
                "gravatar_id": "",
                "url": "https://api.github.com/users/mitsuhiko",
                "html_url": "https://github.com/mitsuhiko",
                "followers_url": "https://api.github.com/users/mitsuhiko/followers",
                "following_url": "https://api.github.com/users/mitsuhiko/following{/other_user}",
                "gists_url": "https://api.github.com/users/mitsuhiko/gists{/gist_id}",
                "starred_url": "https://api.github.com/users/mitsuhiko/starred{/owner}{/repo}",
                "subscriptions_url": "https://api.github.com/users/mitsuhiko/subscriptions",
                "organizations_url": "https://api.github.com/users/mitsuhiko/orgs",
                "repos_url": "https://api.github.com/users/mitsuhiko/repos",
                "events_url": "https://api.github.com/users/mitsuhiko/events{/privacy}",
                "received_events_url": "https://api.github.com/users/mitsuhiko/received_events",
                "type": "User",
                "site_admin": false
            },
            "created_at": "2011-05-24T14:21:56Z",
            "updated_at": "2011-05-24T14:21:56Z",
            "author_association": "MEMBER",
            "body": "I agree that the name for the parameter is not too nice though :D\n"
        },
        {
            "url": "https://api.github.com/repos/pallets/flask/issues/comments/1230097",
            "html_url": "https://github.com/pallets/flask/issues/235#issuecomment-1230097",
            "issue_url": "https://api.github.com/repos/pallets/flask/issues/235",
            "id": 1230097,
            "node_id": "MDEyOklzc3VlQ29tbWVudDEyMzAwOTc=",
            "user": {
                "login": "meisterluk",
                "id": 358358,
                "node_id": "MDQ6VXNlcjM1ODM1OA==",
                "avatar_url": "https://avatars1.githubusercontent.com/u/358358?v=4",
                "gravatar_id": "",
                "url": "https://api.github.com/users/meisterluk",
                "html_url": "https://github.com/meisterluk",
                "followers_url": "https://api.github.com/users/meisterluk/followers",
                "following_url": "https://api.github.com/users/meisterluk/following{/other_user}",
                "gists_url": "https://api.github.com/users/meisterluk/gists{/gist_id}",
                "starred_url": "https://api.github.com/users/meisterluk/starred{/owner}{/repo}",
                "subscriptions_url": "https://api.github.com/users/meisterluk/subscriptions",
                "organizations_url": "https://api.github.com/users/meisterluk/orgs",
                "repos_url": "https://api.github.com/users/meisterluk/repos",
                "events_url": "https://api.github.com/users/meisterluk/events{/privacy}",
                "received_events_url": "https://api.github.com/users/meisterluk/received_events",
                "type": "User",
                "site_admin": false
            },
            "created_at": "2011-05-24T18:01:41Z",
            "updated_at": "2011-05-24T18:01:41Z",
            "author_association": "NONE",
            "body": "Okay :D\n"
        }
    ]
}