{
    "url": "https://api.github.com/repos/pallets/flask/issues/2350",
    "repository_url": "https://api.github.com/repos/pallets/flask",
    "labels_url": "https://api.github.com/repos/pallets/flask/issues/2350/labels{/name}",
    "comments_url": "https://api.github.com/repos/pallets/flask/issues/2350/comments",
    "events_url": "https://api.github.com/repos/pallets/flask/issues/2350/events",
    "html_url": "https://github.com/pallets/flask/pull/2350",
    "id": 232739026,
    "node_id": "MDExOlB1bGxSZXF1ZXN0MTIzNDAwNTY4",
    "number": 2350,
    "title": "show nice message when registering error handler for unknown code",
    "user": {
        "login": "davidism",
        "id": 1242887,
        "node_id": "MDQ6VXNlcjEyNDI4ODc=",
        "avatar_url": "https://avatars1.githubusercontent.com/u/1242887?v=4",
        "gravatar_id": "",
        "url": "https://api.github.com/users/davidism",
        "html_url": "https://github.com/davidism",
        "followers_url": "https://api.github.com/users/davidism/followers",
        "following_url": "https://api.github.com/users/davidism/following{/other_user}",
        "gists_url": "https://api.github.com/users/davidism/gists{/gist_id}",
        "starred_url": "https://api.github.com/users/davidism/starred{/owner}{/repo}",
        "subscriptions_url": "https://api.github.com/users/davidism/subscriptions",
        "organizations_url": "https://api.github.com/users/davidism/orgs",
        "repos_url": "https://api.github.com/users/davidism/repos",
        "events_url": "https://api.github.com/users/davidism/events{/privacy}",
        "received_events_url": "https://api.github.com/users/davidism/received_events",
        "type": "User",
        "site_admin": false
    },
    "labels": [
        {
            "id": 32876,
            "node_id": "MDU6TGFiZWwzMjg3Ng==",
            "url": "https://api.github.com/repos/pallets/flask/labels/docs",
            "name": "docs",
            "color": "0e8a16",
            "default": false,
            "description": null
        }
    ],
    "state": "closed",
    "locked": false,
    "assignee": {
        "login": "davidism",
        "id": 1242887,
        "node_id": "MDQ6VXNlcjEyNDI4ODc=",
        "avatar_url": "https://avatars1.githubusercontent.com/u/1242887?v=4",
        "gravatar_id": "",
        "url": "https://api.github.com/users/davidism",
        "html_url": "https://github.com/davidism",
        "followers_url": "https://api.github.com/users/davidism/followers",
        "following_url": "https://api.github.com/users/davidism/following{/other_user}",
        "gists_url": "https://api.github.com/users/davidism/gists{/gist_id}",
        "starred_url": "https://api.github.com/users/davidism/starred{/owner}{/repo}",
        "subscriptions_url": "https://api.github.com/users/davidism/subscriptions",
        "organizations_url": "https://api.github.com/users/davidism/orgs",
        "repos_url": "https://api.github.com/users/davidism/repos",
        "events_url": "https://api.github.com/users/davidism/events{/privacy}",
        "received_events_url": "https://api.github.com/users/davidism/received_events",
        "type": "User",
        "site_admin": false
    },
    "assignees": [
        {
            "login": "davidism",
            "id": 1242887,
            "node_id": "MDQ6VXNlcjEyNDI4ODc=",
            "avatar_url": "https://avatars1.githubusercontent.com/u/1242887?v=4",
            "gravatar_id": "",
            "url": "https://api.github.com/users/davidism",
            "html_url": "https://github.com/davidism",
            "followers_url": "https://api.github.com/users/davidism/followers",
            "following_url": "https://api.github.com/users/davidism/following{/other_user}",
            "gists_url": "https://api.github.com/users/davidism/gists{/gist_id}",
            "starred_url": "https://api.github.com/users/davidism/starred{/owner}{/repo}",
            "subscriptions_url": "https://api.github.com/users/davidism/subscriptions",
            "organizations_url": "https://api.github.com/users/davidism/orgs",
            "repos_url": "https://api.github.com/users/davidism/repos",
            "events_url": "https://api.github.com/users/davidism/events{/privacy}",
            "received_events_url": "https://api.github.com/users/davidism/received_events",
            "type": "User",
            "site_admin": false
        }
    ],
    "milestone": {
        "url": "https://api.github.com/repos/pallets/flask/milestones/2",
        "html_url": "https://github.com/pallets/flask/milestone/2",
        "labels_url": "https://api.github.com/repos/pallets/flask/milestones/2/labels",
        "id": 795954,
        "node_id": "MDk6TWlsZXN0b25lNzk1OTU0",
        "number": 2,
        "title": "1.0",
        "description": "",
        "creator": {
            "login": "untitaker",
            "id": 837573,
            "node_id": "MDQ6VXNlcjgzNzU3Mw==",
            "avatar_url": "https://avatars0.githubusercontent.com/u/837573?v=4",
            "gravatar_id": "",
            "url": "https://api.github.com/users/untitaker",
            "html_url": "https://github.com/untitaker",
            "followers_url": "https://api.github.com/users/untitaker/followers",
            "following_url": "https://api.github.com/users/untitaker/following{/other_user}",
            "gists_url": "https://api.github.com/users/untitaker/gists{/gist_id}",
            "starred_url": "https://api.github.com/users/untitaker/starred{/owner}{/repo}",
            "subscriptions_url": "https://api.github.com/users/untitaker/subscriptions",
            "organizations_url": "https://api.github.com/users/untitaker/orgs",
            "repos_url": "https://api.github.com/users/untitaker/repos",
            "events_url": "https://api.github.com/users/untitaker/events{/privacy}",
            "received_events_url": "https://api.github.com/users/untitaker/received_events",
            "type": "User",
            "site_admin": false
        },
        "open_issues": 0,
        "closed_issues": 159,
        "state": "closed",
        "created_at": "2014-09-19T15:47:20Z",
        "updated_at": "2018-04-26T21:07:44Z",
        "due_on": "2018-04-26T07:00:00Z",
        "closed_at": "2018-04-26T21:07:44Z"
    },
    "comments": 1,
    "created_at": "2017-06-01T01:09:53Z",
    "updated_at": "2017-06-01T04:04:25Z",
    "closed_at": "2017-06-01T04:04:21Z",
    "author_association": "MEMBER",
    "pull_request": {
        "url": "https://api.github.com/repos/pallets/flask/pulls/2350",
        "html_url": "https://github.com/pallets/flask/pull/2350",
        "diff_url": "https://github.com/pallets/flask/pull/2350.diff",
        "patch_url": "https://github.com/pallets/flask/pull/2350.patch"
    },
    "body": "When registering an error handler for a code that's not registered in `werkzeug.exceptions`, a `KeyError` is raised. This changes the error to show a helpful \"use a HTTPException subclass\" as well. Documentation is updated to describe this behavior and other clean up.\r\n\r\nThe supported pattern for unknown codes is:\r\n\r\n~~~python\r\nclass UnknownError(HTTPException):\r\n    code = 999\r\n    description = \"A very large error occurred.\"\r\n\r\napp.register_error_handler(UnknownError, handle_999)\r\n\r\nraise UnknownError\r\n~~~\r\n\r\nIf a standard code does not work, submit a patch to add it to Werkzeug.\r\n\r\ncloses #1837",
    "comments_inline": [
        {
            "url": "https://api.github.com/repos/pallets/flask/issues/comments/305365542",
            "html_url": "https://github.com/pallets/flask/pull/2350#issuecomment-305365542",
            "issue_url": "https://api.github.com/repos/pallets/flask/issues/2350",
            "id": 305365542,
            "node_id": "MDEyOklzc3VlQ29tbWVudDMwNTM2NTU0Mg==",
            "user": {
                "login": "davidism",
                "id": 1242887,
                "node_id": "MDQ6VXNlcjEyNDI4ODc=",
                "avatar_url": "https://avatars1.githubusercontent.com/u/1242887?v=4",
                "gravatar_id": "",
                "url": "https://api.github.com/users/davidism",
                "html_url": "https://github.com/davidism",
                "followers_url": "https://api.github.com/users/davidism/followers",
                "following_url": "https://api.github.com/users/davidism/following{/other_user}",
                "gists_url": "https://api.github.com/users/davidism/gists{/gist_id}",
                "starred_url": "https://api.github.com/users/davidism/starred{/owner}{/repo}",
                "subscriptions_url": "https://api.github.com/users/davidism/subscriptions",
                "organizations_url": "https://api.github.com/users/davidism/orgs",
                "repos_url": "https://api.github.com/users/davidism/repos",
                "events_url": "https://api.github.com/users/davidism/events{/privacy}",
                "received_events_url": "https://api.github.com/users/davidism/received_events",
                "type": "User",
                "site_admin": false
            },
            "created_at": "2017-06-01T01:44:29Z",
            "updated_at": "2017-06-01T04:04:14Z",
            "author_association": "MEMBER",
            "body": "~Waiting for setuptools to release a fix for the build failure.~ Running the tests manually shows no errors, merging."
        }
    ]
}