{
    "url": "https://api.github.com/repos/pallets/flask/issues/2353",
    "repository_url": "https://api.github.com/repos/pallets/flask",
    "labels_url": "https://api.github.com/repos/pallets/flask/issues/2353/labels{/name}",
    "comments_url": "https://api.github.com/repos/pallets/flask/issues/2353/comments",
    "events_url": "https://api.github.com/repos/pallets/flask/issues/2353/events",
    "html_url": "https://github.com/pallets/flask/pull/2353",
    "id": 233230590,
    "node_id": "MDExOlB1bGxSZXF1ZXN0MTIzNzUwNzE3",
    "number": 2353,
    "title": "Clarify documentation for json parsing",
    "user": {
        "login": "grantwwu",
        "id": 4212965,
        "node_id": "MDQ6VXNlcjQyMTI5NjU=",
        "avatar_url": "https://avatars0.githubusercontent.com/u/4212965?v=4",
        "gravatar_id": "",
        "url": "https://api.github.com/users/grantwwu",
        "html_url": "https://github.com/grantwwu",
        "followers_url": "https://api.github.com/users/grantwwu/followers",
        "following_url": "https://api.github.com/users/grantwwu/following{/other_user}",
        "gists_url": "https://api.github.com/users/grantwwu/gists{/gist_id}",
        "starred_url": "https://api.github.com/users/grantwwu/starred{/owner}{/repo}",
        "subscriptions_url": "https://api.github.com/users/grantwwu/subscriptions",
        "organizations_url": "https://api.github.com/users/grantwwu/orgs",
        "repos_url": "https://api.github.com/users/grantwwu/repos",
        "events_url": "https://api.github.com/users/grantwwu/events{/privacy}",
        "received_events_url": "https://api.github.com/users/grantwwu/received_events",
        "type": "User",
        "site_admin": false
    },
    "labels": [],
    "state": "closed",
    "locked": false,
    "assignee": null,
    "assignees": [],
    "milestone": null,
    "comments": 4,
    "created_at": "2017-06-02T16:08:37Z",
    "updated_at": "2017-06-02T17:37:32Z",
    "closed_at": "2017-06-02T17:23:52Z",
    "author_association": "CONTRIBUTOR",
    "pull_request": {
        "url": "https://api.github.com/repos/pallets/flask/pulls/2353",
        "html_url": "https://github.com/pallets/flask/pull/2353",
        "diff_url": "https://github.com/pallets/flask/pull/2353.diff",
        "patch_url": "https://github.com/pallets/flask/pull/2353.patch"
    },
    "body": "Documentation does not currently mention that is_json accepts mimetypes that are not strictly application/json.",
    "comments_inline": [
        {
            "url": "https://api.github.com/repos/pallets/flask/issues/comments/305836170",
            "html_url": "https://github.com/pallets/flask/pull/2353#issuecomment-305836170",
            "issue_url": "https://api.github.com/repos/pallets/flask/issues/2353",
            "id": 305836170,
            "node_id": "MDEyOklzc3VlQ29tbWVudDMwNTgzNjE3MA==",
            "user": {
                "login": "davidism",
                "id": 1242887,
                "node_id": "MDQ6VXNlcjEyNDI4ODc=",
                "avatar_url": "https://avatars1.githubusercontent.com/u/1242887?v=4",
                "gravatar_id": "",
                "url": "https://api.github.com/users/davidism",
                "html_url": "https://github.com/davidism",
                "followers_url": "https://api.github.com/users/davidism/followers",
                "following_url": "https://api.github.com/users/davidism/following{/other_user}",
                "gists_url": "https://api.github.com/users/davidism/gists{/gist_id}",
                "starred_url": "https://api.github.com/users/davidism/starred{/owner}{/repo}",
                "subscriptions_url": "https://api.github.com/users/davidism/subscriptions",
                "organizations_url": "https://api.github.com/users/davidism/orgs",
                "repos_url": "https://api.github.com/users/davidism/repos",
                "events_url": "https://api.github.com/users/davidism/events{/privacy}",
                "received_events_url": "https://api.github.com/users/davidism/received_events",
                "type": "User",
                "site_admin": false
            },
            "created_at": "2017-06-02T16:17:47Z",
            "updated_at": "2017-06-02T16:17:47Z",
            "author_association": "MEMBER",
            "body": "I think this actually loses clarity. The number one bug with people trying to read JSON is that they didn't set `Content-Type: application/json`, and now it's not mentioned next to the methods that require it. Mentioning `is_json` is good, but removing the other info is not."
        },
        {
            "url": "https://api.github.com/repos/pallets/flask/issues/comments/305836365",
            "html_url": "https://github.com/pallets/flask/pull/2353#issuecomment-305836365",
            "issue_url": "https://api.github.com/repos/pallets/flask/issues/2353",
            "id": 305836365,
            "node_id": "MDEyOklzc3VlQ29tbWVudDMwNTgzNjM2NQ==",
            "user": {
                "login": "davidism",
                "id": 1242887,
                "node_id": "MDQ6VXNlcjEyNDI4ODc=",
                "avatar_url": "https://avatars1.githubusercontent.com/u/1242887?v=4",
                "gravatar_id": "",
                "url": "https://api.github.com/users/davidism",
                "html_url": "https://github.com/davidism",
                "followers_url": "https://api.github.com/users/davidism/followers",
                "following_url": "https://api.github.com/users/davidism/following{/other_user}",
                "gists_url": "https://api.github.com/users/davidism/gists{/gist_id}",
                "starred_url": "https://api.github.com/users/davidism/starred{/owner}{/repo}",
                "subscriptions_url": "https://api.github.com/users/davidism/subscriptions",
                "organizations_url": "https://api.github.com/users/davidism/orgs",
                "repos_url": "https://api.github.com/users/davidism/repos",
                "events_url": "https://api.github.com/users/davidism/events{/privacy}",
                "received_events_url": "https://api.github.com/users/davidism/received_events",
                "type": "User",
                "site_admin": false
            },
            "created_at": "2017-06-02T16:18:36Z",
            "updated_at": "2017-06-02T16:18:36Z",
            "author_association": "MEMBER",
            "body": "Please use the following syntax for methods:\r\n\r\n    :meth:`is_json`"
        },
        {
            "url": "https://api.github.com/repos/pallets/flask/issues/comments/305857255",
            "html_url": "https://github.com/pallets/flask/pull/2353#issuecomment-305857255",
            "issue_url": "https://api.github.com/repos/pallets/flask/issues/2353",
            "id": 305857255,
            "node_id": "MDEyOklzc3VlQ29tbWVudDMwNTg1NzI1NQ==",
            "user": {
                "login": "davidism",
                "id": 1242887,
                "node_id": "MDQ6VXNlcjEyNDI4ODc=",
                "avatar_url": "https://avatars1.githubusercontent.com/u/1242887?v=4",
                "gravatar_id": "",
                "url": "https://api.github.com/users/davidism",
                "html_url": "https://github.com/davidism",
                "followers_url": "https://api.github.com/users/davidism/followers",
                "following_url": "https://api.github.com/users/davidism/following{/other_user}",
                "gists_url": "https://api.github.com/users/davidism/gists{/gist_id}",
                "starred_url": "https://api.github.com/users/davidism/starred{/owner}{/repo}",
                "subscriptions_url": "https://api.github.com/users/davidism/subscriptions",
                "organizations_url": "https://api.github.com/users/davidism/orgs",
                "repos_url": "https://api.github.com/users/davidism/repos",
                "events_url": "https://api.github.com/users/davidism/events{/privacy}",
                "received_events_url": "https://api.github.com/users/davidism/received_events",
                "type": "User",
                "site_admin": false
            },
            "created_at": "2017-06-02T17:23:49Z",
            "updated_at": "2017-06-02T17:23:49Z",
            "author_association": "MEMBER",
            "body": "Thanks, I adjusted this to mention both the mimetype and the method."
        },
        {
            "url": "https://api.github.com/repos/pallets/flask/issues/comments/305860840",
            "html_url": "https://github.com/pallets/flask/pull/2353#issuecomment-305860840",
            "issue_url": "https://api.github.com/repos/pallets/flask/issues/2353",
            "id": 305860840,
            "node_id": "MDEyOklzc3VlQ29tbWVudDMwNTg2MDg0MA==",
            "user": {
                "login": "grantwwu",
                "id": 4212965,
                "node_id": "MDQ6VXNlcjQyMTI5NjU=",
                "avatar_url": "https://avatars0.githubusercontent.com/u/4212965?v=4",
                "gravatar_id": "",
                "url": "https://api.github.com/users/grantwwu",
                "html_url": "https://github.com/grantwwu",
                "followers_url": "https://api.github.com/users/grantwwu/followers",
                "following_url": "https://api.github.com/users/grantwwu/following{/other_user}",
                "gists_url": "https://api.github.com/users/grantwwu/gists{/gist_id}",
                "starred_url": "https://api.github.com/users/grantwwu/starred{/owner}{/repo}",
                "subscriptions_url": "https://api.github.com/users/grantwwu/subscriptions",
                "organizations_url": "https://api.github.com/users/grantwwu/orgs",
                "repos_url": "https://api.github.com/users/grantwwu/repos",
                "events_url": "https://api.github.com/users/grantwwu/events{/privacy}",
                "received_events_url": "https://api.github.com/users/grantwwu/received_events",
                "type": "User",
                "site_admin": false
            },
            "created_at": "2017-06-02T17:37:18Z",
            "updated_at": "2017-06-02T17:37:18Z",
            "author_association": "CONTRIBUTOR",
            "body": "Oh, sorry.  I thought about mentioning both application/json and is_json, but wasn't sure and decided to make a PR for feedback.\r\n\r\nI see you got this done while I was at lunch, thanks!"
        }
    ]
}