{
    "url": "https://api.github.com/repos/pallets/flask/issues/2356",
    "repository_url": "https://api.github.com/repos/pallets/flask",
    "labels_url": "https://api.github.com/repos/pallets/flask/issues/2356/labels{/name}",
    "comments_url": "https://api.github.com/repos/pallets/flask/issues/2356/comments",
    "events_url": "https://api.github.com/repos/pallets/flask/issues/2356/events",
    "html_url": "https://github.com/pallets/flask/pull/2356",
    "id": 233355824,
    "node_id": "MDExOlB1bGxSZXF1ZXN0MTIzODM0OTU5",
    "number": 2356,
    "title": "doc: following web standards",
    "user": {
        "login": "DingGGu",
        "id": 2981443,
        "node_id": "MDQ6VXNlcjI5ODE0NDM=",
        "avatar_url": "https://avatars3.githubusercontent.com/u/2981443?v=4",
        "gravatar_id": "",
        "url": "https://api.github.com/users/DingGGu",
        "html_url": "https://github.com/DingGGu",
        "followers_url": "https://api.github.com/users/DingGGu/followers",
        "following_url": "https://api.github.com/users/DingGGu/following{/other_user}",
        "gists_url": "https://api.github.com/users/DingGGu/gists{/gist_id}",
        "starred_url": "https://api.github.com/users/DingGGu/starred{/owner}{/repo}",
        "subscriptions_url": "https://api.github.com/users/DingGGu/subscriptions",
        "organizations_url": "https://api.github.com/users/DingGGu/orgs",
        "repos_url": "https://api.github.com/users/DingGGu/repos",
        "events_url": "https://api.github.com/users/DingGGu/events{/privacy}",
        "received_events_url": "https://api.github.com/users/DingGGu/received_events",
        "type": "User",
        "site_admin": false
    },
    "labels": [],
    "state": "closed",
    "locked": false,
    "assignee": null,
    "assignees": [],
    "milestone": null,
    "comments": 2,
    "created_at": "2017-06-03T08:33:49Z",
    "updated_at": "2017-06-03T19:28:00Z",
    "closed_at": "2017-06-03T14:33:43Z",
    "author_association": "NONE",
    "pull_request": {
        "url": "https://api.github.com/repos/pallets/flask/pulls/2356",
        "html_url": "https://github.com/pallets/flask/pull/2356",
        "diff_url": "https://github.com/pallets/flask/pull/2356.diff",
        "patch_url": "https://github.com/pallets/flask/pull/2356.patch"
    },
    "body": "Add double quotation marks on documents for following web standards.\r\n\r\nhttps://www.w3.org/TR/html4/intro/sgmltut.html#h-3.2.2",
    "comments_inline": [
        {
            "url": "https://api.github.com/repos/pallets/flask/issues/comments/305978650",
            "html_url": "https://github.com/pallets/flask/pull/2356#issuecomment-305978650",
            "issue_url": "https://api.github.com/repos/pallets/flask/issues/2356",
            "id": 305978650,
            "node_id": "MDEyOklzc3VlQ29tbWVudDMwNTk3ODY1MA==",
            "user": {
                "login": "davidism",
                "id": 1242887,
                "node_id": "MDQ6VXNlcjEyNDI4ODc=",
                "avatar_url": "https://avatars1.githubusercontent.com/u/1242887?v=4",
                "gravatar_id": "",
                "url": "https://api.github.com/users/davidism",
                "html_url": "https://github.com/davidism",
                "followers_url": "https://api.github.com/users/davidism/followers",
                "following_url": "https://api.github.com/users/davidism/following{/other_user}",
                "gists_url": "https://api.github.com/users/davidism/gists{/gist_id}",
                "starred_url": "https://api.github.com/users/davidism/starred{/owner}{/repo}",
                "subscriptions_url": "https://api.github.com/users/davidism/subscriptions",
                "organizations_url": "https://api.github.com/users/davidism/orgs",
                "repos_url": "https://api.github.com/users/davidism/repos",
                "events_url": "https://api.github.com/users/davidism/events{/privacy}",
                "received_events_url": "https://api.github.com/users/davidism/received_events",
                "type": "User",
                "site_admin": false
            },
            "created_at": "2017-06-03T14:33:43Z",
            "updated_at": "2017-06-03T19:28:00Z",
            "author_association": "MEMBER",
            "body": "That's not the standard, either is accepted. Armin's style choice is to leave them off when unnecessary."
        },
        {
            "url": "https://api.github.com/repos/pallets/flask/issues/comments/305996226",
            "html_url": "https://github.com/pallets/flask/pull/2356#issuecomment-305996226",
            "issue_url": "https://api.github.com/repos/pallets/flask/issues/2356",
            "id": 305996226,
            "node_id": "MDEyOklzc3VlQ29tbWVudDMwNTk5NjIyNg==",
            "user": {
                "login": "ThiefMaster",
                "id": 179599,
                "node_id": "MDQ6VXNlcjE3OTU5OQ==",
                "avatar_url": "https://avatars1.githubusercontent.com/u/179599?v=4",
                "gravatar_id": "",
                "url": "https://api.github.com/users/ThiefMaster",
                "html_url": "https://github.com/ThiefMaster",
                "followers_url": "https://api.github.com/users/ThiefMaster/followers",
                "following_url": "https://api.github.com/users/ThiefMaster/following{/other_user}",
                "gists_url": "https://api.github.com/users/ThiefMaster/gists{/gist_id}",
                "starred_url": "https://api.github.com/users/ThiefMaster/starred{/owner}{/repo}",
                "subscriptions_url": "https://api.github.com/users/ThiefMaster/subscriptions",
                "organizations_url": "https://api.github.com/users/ThiefMaster/orgs",
                "repos_url": "https://api.github.com/users/ThiefMaster/repos",
                "events_url": "https://api.github.com/users/ThiefMaster/events{/privacy}",
                "received_events_url": "https://api.github.com/users/ThiefMaster/received_events",
                "type": "User",
                "site_admin": false
            },
            "created_at": "2017-06-03T19:27:23Z",
            "updated_at": "2017-06-03T19:27:23Z",
            "author_association": "MEMBER",
            "body": "Just FYI, you linked to a rather ancient standard (HTML4). Read the HTML5 spec instead ;)"
        }
    ]
}