{
    "url": "https://api.github.com/repos/pallets/flask/issues/2357",
    "repository_url": "https://api.github.com/repos/pallets/flask",
    "labels_url": "https://api.github.com/repos/pallets/flask/issues/2357/labels{/name}",
    "comments_url": "https://api.github.com/repos/pallets/flask/issues/2357/comments",
    "events_url": "https://api.github.com/repos/pallets/flask/issues/2357/events",
    "html_url": "https://github.com/pallets/flask/issues/2357",
    "id": 233443398,
    "node_id": "MDU6SXNzdWUyMzM0NDMzOTg=",
    "number": 2357,
    "title": "python -m flask run raises RuntimeWarning",
    "user": {
        "login": "ybakos",
        "id": 5502,
        "node_id": "MDQ6VXNlcjU1MDI=",
        "avatar_url": "https://avatars2.githubusercontent.com/u/5502?v=4",
        "gravatar_id": "",
        "url": "https://api.github.com/users/ybakos",
        "html_url": "https://github.com/ybakos",
        "followers_url": "https://api.github.com/users/ybakos/followers",
        "following_url": "https://api.github.com/users/ybakos/following{/other_user}",
        "gists_url": "https://api.github.com/users/ybakos/gists{/gist_id}",
        "starred_url": "https://api.github.com/users/ybakos/starred{/owner}{/repo}",
        "subscriptions_url": "https://api.github.com/users/ybakos/subscriptions",
        "organizations_url": "https://api.github.com/users/ybakos/orgs",
        "repos_url": "https://api.github.com/users/ybakos/repos",
        "events_url": "https://api.github.com/users/ybakos/events{/privacy}",
        "received_events_url": "https://api.github.com/users/ybakos/received_events",
        "type": "User",
        "site_admin": false
    },
    "labels": [
        {
            "id": 380608249,
            "node_id": "MDU6TGFiZWwzODA2MDgyNDk=",
            "url": "https://api.github.com/repos/pallets/flask/labels/cli",
            "name": "cli",
            "color": "1d76db",
            "default": false,
            "description": null
        }
    ],
    "state": "closed",
    "locked": false,
    "assignee": {
        "login": "davidism",
        "id": 1242887,
        "node_id": "MDQ6VXNlcjEyNDI4ODc=",
        "avatar_url": "https://avatars1.githubusercontent.com/u/1242887?v=4",
        "gravatar_id": "",
        "url": "https://api.github.com/users/davidism",
        "html_url": "https://github.com/davidism",
        "followers_url": "https://api.github.com/users/davidism/followers",
        "following_url": "https://api.github.com/users/davidism/following{/other_user}",
        "gists_url": "https://api.github.com/users/davidism/gists{/gist_id}",
        "starred_url": "https://api.github.com/users/davidism/starred{/owner}{/repo}",
        "subscriptions_url": "https://api.github.com/users/davidism/subscriptions",
        "organizations_url": "https://api.github.com/users/davidism/orgs",
        "repos_url": "https://api.github.com/users/davidism/repos",
        "events_url": "https://api.github.com/users/davidism/events{/privacy}",
        "received_events_url": "https://api.github.com/users/davidism/received_events",
        "type": "User",
        "site_admin": false
    },
    "assignees": [
        {
            "login": "davidism",
            "id": 1242887,
            "node_id": "MDQ6VXNlcjEyNDI4ODc=",
            "avatar_url": "https://avatars1.githubusercontent.com/u/1242887?v=4",
            "gravatar_id": "",
            "url": "https://api.github.com/users/davidism",
            "html_url": "https://github.com/davidism",
            "followers_url": "https://api.github.com/users/davidism/followers",
            "following_url": "https://api.github.com/users/davidism/following{/other_user}",
            "gists_url": "https://api.github.com/users/davidism/gists{/gist_id}",
            "starred_url": "https://api.github.com/users/davidism/starred{/owner}{/repo}",
            "subscriptions_url": "https://api.github.com/users/davidism/subscriptions",
            "organizations_url": "https://api.github.com/users/davidism/orgs",
            "repos_url": "https://api.github.com/users/davidism/repos",
            "events_url": "https://api.github.com/users/davidism/events{/privacy}",
            "received_events_url": "https://api.github.com/users/davidism/received_events",
            "type": "User",
            "site_admin": false
        }
    ],
    "milestone": {
        "url": "https://api.github.com/repos/pallets/flask/milestones/2",
        "html_url": "https://github.com/pallets/flask/milestone/2",
        "labels_url": "https://api.github.com/repos/pallets/flask/milestones/2/labels",
        "id": 795954,
        "node_id": "MDk6TWlsZXN0b25lNzk1OTU0",
        "number": 2,
        "title": "1.0",
        "description": "",
        "creator": {
            "login": "untitaker",
            "id": 837573,
            "node_id": "MDQ6VXNlcjgzNzU3Mw==",
            "avatar_url": "https://avatars0.githubusercontent.com/u/837573?v=4",
            "gravatar_id": "",
            "url": "https://api.github.com/users/untitaker",
            "html_url": "https://github.com/untitaker",
            "followers_url": "https://api.github.com/users/untitaker/followers",
            "following_url": "https://api.github.com/users/untitaker/following{/other_user}",
            "gists_url": "https://api.github.com/users/untitaker/gists{/gist_id}",
            "starred_url": "https://api.github.com/users/untitaker/starred{/owner}{/repo}",
            "subscriptions_url": "https://api.github.com/users/untitaker/subscriptions",
            "organizations_url": "https://api.github.com/users/untitaker/orgs",
            "repos_url": "https://api.github.com/users/untitaker/repos",
            "events_url": "https://api.github.com/users/untitaker/events{/privacy}",
            "received_events_url": "https://api.github.com/users/untitaker/received_events",
            "type": "User",
            "site_admin": false
        },
        "open_issues": 0,
        "closed_issues": 159,
        "state": "closed",
        "created_at": "2014-09-19T15:47:20Z",
        "updated_at": "2018-04-26T21:07:44Z",
        "due_on": "2018-04-26T07:00:00Z",
        "closed_at": "2018-04-26T21:07:44Z"
    },
    "comments": 15,
    "created_at": "2017-06-04T16:20:14Z",
    "updated_at": "2017-06-04T19:38:34Z",
    "closed_at": "2017-06-04T19:38:34Z",
    "author_association": "NONE",
    "body": "### Expected Behavior\r\n\r\nGiven a project with the following structure:\r\n\r\n```\r\nproject/\r\n    my_cool_app/\r\n        __init__.py\r\n```\r\n\r\n```python\r\nfrom flask import Flask\r\n\r\napp = Flask(__name__)\r\n```\r\n\r\nRunning the following should work without warnings:\r\n\r\n```\r\nFLASK_DEBUG=1 FLASK_APP=my_cool_app python -m flask run\r\n```\r\n\r\nI use `python -m flask run` in order to not need `my_cool_app/__init__.py` as `FLASK_APP`, per the discussion around [this issue](https://github.com/pallets/flask/issues/1847).\r\n\r\n### Actual Behavior\r\n\r\nA warning is printed on the console when using the reloader:\r\n\r\n```\r\n/Library/Frameworks/Python.framework/Versions/3.6/lib/python3.6/runpy.py:125:\r\nRuntimeWarning: 'flask.cli' found in sys.modules after import of package 'flask',\r\nbut prior to execution of 'flask.cli'; this may result in unpredictable behaviour\r\n```\r\n\r\n### Environment\r\n\r\n* Python version: 3.6.1 (MacOS 10.12.5)\r\n* Flask version: 0.12.2\r\n* Werkzeug version: 0.12.2\r\n",
    "comments_inline": [
        {
            "url": "https://api.github.com/repos/pallets/flask/issues/comments/306052251",
            "html_url": "https://github.com/pallets/flask/issues/2357#issuecomment-306052251",
            "issue_url": "https://api.github.com/repos/pallets/flask/issues/2357",
            "id": 306052251,
            "node_id": "MDEyOklzc3VlQ29tbWVudDMwNjA1MjI1MQ==",
            "user": {
                "login": "wgwz",
                "id": 10120306,
                "node_id": "MDQ6VXNlcjEwMTIwMzA2",
                "avatar_url": "https://avatars2.githubusercontent.com/u/10120306?v=4",
                "gravatar_id": "",
                "url": "https://api.github.com/users/wgwz",
                "html_url": "https://github.com/wgwz",
                "followers_url": "https://api.github.com/users/wgwz/followers",
                "following_url": "https://api.github.com/users/wgwz/following{/other_user}",
                "gists_url": "https://api.github.com/users/wgwz/gists{/gist_id}",
                "starred_url": "https://api.github.com/users/wgwz/starred{/owner}{/repo}",
                "subscriptions_url": "https://api.github.com/users/wgwz/subscriptions",
                "organizations_url": "https://api.github.com/users/wgwz/orgs",
                "repos_url": "https://api.github.com/users/wgwz/repos",
                "events_url": "https://api.github.com/users/wgwz/events{/privacy}",
                "received_events_url": "https://api.github.com/users/wgwz/received_events",
                "type": "User",
                "site_admin": false
            },
            "created_at": "2017-06-04T16:54:54Z",
            "updated_at": "2017-06-04T16:54:54Z",
            "author_association": "CONTRIBUTOR",
            "body": "Are you using a virtualenv? If not, give it a try and see if you still get the same error. "
        },
        {
            "url": "https://api.github.com/repos/pallets/flask/issues/comments/306052780",
            "html_url": "https://github.com/pallets/flask/issues/2357#issuecomment-306052780",
            "issue_url": "https://api.github.com/repos/pallets/flask/issues/2357",
            "id": 306052780,
            "node_id": "MDEyOklzc3VlQ29tbWVudDMwNjA1Mjc4MA==",
            "user": {
                "login": "davidism",
                "id": 1242887,
                "node_id": "MDQ6VXNlcjEyNDI4ODc=",
                "avatar_url": "https://avatars1.githubusercontent.com/u/1242887?v=4",
                "gravatar_id": "",
                "url": "https://api.github.com/users/davidism",
                "html_url": "https://github.com/davidism",
                "followers_url": "https://api.github.com/users/davidism/followers",
                "following_url": "https://api.github.com/users/davidism/following{/other_user}",
                "gists_url": "https://api.github.com/users/davidism/gists{/gist_id}",
                "starred_url": "https://api.github.com/users/davidism/starred{/owner}{/repo}",
                "subscriptions_url": "https://api.github.com/users/davidism/subscriptions",
                "organizations_url": "https://api.github.com/users/davidism/orgs",
                "repos_url": "https://api.github.com/users/davidism/repos",
                "events_url": "https://api.github.com/users/davidism/events{/privacy}",
                "received_events_url": "https://api.github.com/users/davidism/received_events",
                "type": "User",
                "site_admin": false
            },
            "created_at": "2017-06-04T17:03:41Z",
            "updated_at": "2017-06-04T19:19:52Z",
            "author_association": "MEMBER",
            "body": "~I can't reproduce this on 0.12 or master. `runpy.py` will indeed raise this warning in some situations, but I just can't trigger it. Given that it's unlikely to actually cause a problem in this case, I'm inclined to close this.~ It's reproducible when using the reloader, which wasn't specified originally."
        },
        {
            "url": "https://api.github.com/repos/pallets/flask/issues/comments/306052952",
            "html_url": "https://github.com/pallets/flask/issues/2357#issuecomment-306052952",
            "issue_url": "https://api.github.com/repos/pallets/flask/issues/2357",
            "id": 306052952,
            "node_id": "MDEyOklzc3VlQ29tbWVudDMwNjA1Mjk1Mg==",
            "user": {
                "login": "davidism",
                "id": 1242887,
                "node_id": "MDQ6VXNlcjEyNDI4ODc=",
                "avatar_url": "https://avatars1.githubusercontent.com/u/1242887?v=4",
                "gravatar_id": "",
                "url": "https://api.github.com/users/davidism",
                "html_url": "https://github.com/davidism",
                "followers_url": "https://api.github.com/users/davidism/followers",
                "following_url": "https://api.github.com/users/davidism/following{/other_user}",
                "gists_url": "https://api.github.com/users/davidism/gists{/gist_id}",
                "starred_url": "https://api.github.com/users/davidism/starred{/owner}{/repo}",
                "subscriptions_url": "https://api.github.com/users/davidism/subscriptions",
                "organizations_url": "https://api.github.com/users/davidism/orgs",
                "repos_url": "https://api.github.com/users/davidism/repos",
                "events_url": "https://api.github.com/users/davidism/events{/privacy}",
                "received_events_url": "https://api.github.com/users/davidism/received_events",
                "type": "User",
                "site_admin": false
            },
            "created_at": "2017-06-04T17:06:29Z",
            "updated_at": "2017-06-04T17:07:55Z",
            "author_association": "MEMBER",
            "body": "Also, installing your app as a package in a virtualenv allows you to use `FLASK_APP=my_cool_app flask run`, which is the preferred method."
        },
        {
            "url": "https://api.github.com/repos/pallets/flask/issues/comments/306057318",
            "html_url": "https://github.com/pallets/flask/issues/2357#issuecomment-306057318",
            "issue_url": "https://api.github.com/repos/pallets/flask/issues/2357",
            "id": 306057318,
            "node_id": "MDEyOklzc3VlQ29tbWVudDMwNjA1NzMxOA==",
            "user": {
                "login": "ybakos",
                "id": 5502,
                "node_id": "MDQ6VXNlcjU1MDI=",
                "avatar_url": "https://avatars2.githubusercontent.com/u/5502?v=4",
                "gravatar_id": "",
                "url": "https://api.github.com/users/ybakos",
                "html_url": "https://github.com/ybakos",
                "followers_url": "https://api.github.com/users/ybakos/followers",
                "following_url": "https://api.github.com/users/ybakos/following{/other_user}",
                "gists_url": "https://api.github.com/users/ybakos/gists{/gist_id}",
                "starred_url": "https://api.github.com/users/ybakos/starred{/owner}{/repo}",
                "subscriptions_url": "https://api.github.com/users/ybakos/subscriptions",
                "organizations_url": "https://api.github.com/users/ybakos/orgs",
                "repos_url": "https://api.github.com/users/ybakos/repos",
                "events_url": "https://api.github.com/users/ybakos/events{/privacy}",
                "received_events_url": "https://api.github.com/users/ybakos/received_events",
                "type": "User",
                "site_admin": false
            },
            "created_at": "2017-06-04T18:19:48Z",
            "updated_at": "2017-06-04T18:19:48Z",
            "author_association": "NONE",
            "body": "@wgwz I am indeed using virtualenv.\r\n@davidism Ok, but forgive my ignorance here: doesn't installing my app as a package pollute my requirements.txt?"
        },
        {
            "url": "https://api.github.com/repos/pallets/flask/issues/comments/306057370",
            "html_url": "https://github.com/pallets/flask/issues/2357#issuecomment-306057370",
            "issue_url": "https://api.github.com/repos/pallets/flask/issues/2357",
            "id": 306057370,
            "node_id": "MDEyOklzc3VlQ29tbWVudDMwNjA1NzM3MA==",
            "user": {
                "login": "davidism",
                "id": 1242887,
                "node_id": "MDQ6VXNlcjEyNDI4ODc=",
                "avatar_url": "https://avatars1.githubusercontent.com/u/1242887?v=4",
                "gravatar_id": "",
                "url": "https://api.github.com/users/davidism",
                "html_url": "https://github.com/davidism",
                "followers_url": "https://api.github.com/users/davidism/followers",
                "following_url": "https://api.github.com/users/davidism/following{/other_user}",
                "gists_url": "https://api.github.com/users/davidism/gists{/gist_id}",
                "starred_url": "https://api.github.com/users/davidism/starred{/owner}{/repo}",
                "subscriptions_url": "https://api.github.com/users/davidism/subscriptions",
                "organizations_url": "https://api.github.com/users/davidism/orgs",
                "repos_url": "https://api.github.com/users/davidism/repos",
                "events_url": "https://api.github.com/users/davidism/events{/privacy}",
                "received_events_url": "https://api.github.com/users/davidism/received_events",
                "type": "User",
                "site_admin": false
            },
            "created_at": "2017-06-04T18:20:40Z",
            "updated_at": "2017-06-04T18:20:53Z",
            "author_association": "MEMBER",
            "body": "Don't put in in your requirements file, that file describes the dependencies of your package. Your package is not a dependency of itself."
        },
        {
            "url": "https://api.github.com/repos/pallets/flask/issues/comments/306057420",
            "html_url": "https://github.com/pallets/flask/issues/2357#issuecomment-306057420",
            "issue_url": "https://api.github.com/repos/pallets/flask/issues/2357",
            "id": 306057420,
            "node_id": "MDEyOklzc3VlQ29tbWVudDMwNjA1NzQyMA==",
            "user": {
                "login": "ybakos",
                "id": 5502,
                "node_id": "MDQ6VXNlcjU1MDI=",
                "avatar_url": "https://avatars2.githubusercontent.com/u/5502?v=4",
                "gravatar_id": "",
                "url": "https://api.github.com/users/ybakos",
                "html_url": "https://github.com/ybakos",
                "followers_url": "https://api.github.com/users/ybakos/followers",
                "following_url": "https://api.github.com/users/ybakos/following{/other_user}",
                "gists_url": "https://api.github.com/users/ybakos/gists{/gist_id}",
                "starred_url": "https://api.github.com/users/ybakos/starred{/owner}{/repo}",
                "subscriptions_url": "https://api.github.com/users/ybakos/subscriptions",
                "organizations_url": "https://api.github.com/users/ybakos/orgs",
                "repos_url": "https://api.github.com/users/ybakos/repos",
                "events_url": "https://api.github.com/users/ybakos/events{/privacy}",
                "received_events_url": "https://api.github.com/users/ybakos/received_events",
                "type": "User",
                "site_admin": false
            },
            "created_at": "2017-06-04T18:21:28Z",
            "updated_at": "2017-06-04T18:21:28Z",
            "author_association": "NONE",
            "body": "But if I install it as a package, when I `pip freeze > requirements.txt` my application would be in the list."
        },
        {
            "url": "https://api.github.com/repos/pallets/flask/issues/comments/306057436",
            "html_url": "https://github.com/pallets/flask/issues/2357#issuecomment-306057436",
            "issue_url": "https://api.github.com/repos/pallets/flask/issues/2357",
            "id": 306057436,
            "node_id": "MDEyOklzc3VlQ29tbWVudDMwNjA1NzQzNg==",
            "user": {
                "login": "ybakos",
                "id": 5502,
                "node_id": "MDQ6VXNlcjU1MDI=",
                "avatar_url": "https://avatars2.githubusercontent.com/u/5502?v=4",
                "gravatar_id": "",
                "url": "https://api.github.com/users/ybakos",
                "html_url": "https://github.com/ybakos",
                "followers_url": "https://api.github.com/users/ybakos/followers",
                "following_url": "https://api.github.com/users/ybakos/following{/other_user}",
                "gists_url": "https://api.github.com/users/ybakos/gists{/gist_id}",
                "starred_url": "https://api.github.com/users/ybakos/starred{/owner}{/repo}",
                "subscriptions_url": "https://api.github.com/users/ybakos/subscriptions",
                "organizations_url": "https://api.github.com/users/ybakos/orgs",
                "repos_url": "https://api.github.com/users/ybakos/repos",
                "events_url": "https://api.github.com/users/ybakos/events{/privacy}",
                "received_events_url": "https://api.github.com/users/ybakos/received_events",
                "type": "User",
                "site_admin": false
            },
            "created_at": "2017-06-04T18:21:44Z",
            "updated_at": "2017-06-04T18:21:44Z",
            "author_association": "NONE",
            "body": "FWIW, the warning is printed after `Restarting with stat`.\r\n"
        },
        {
            "url": "https://api.github.com/repos/pallets/flask/issues/comments/306057527",
            "html_url": "https://github.com/pallets/flask/issues/2357#issuecomment-306057527",
            "issue_url": "https://api.github.com/repos/pallets/flask/issues/2357",
            "id": 306057527,
            "node_id": "MDEyOklzc3VlQ29tbWVudDMwNjA1NzUyNw==",
            "user": {
                "login": "ybakos",
                "id": 5502,
                "node_id": "MDQ6VXNlcjU1MDI=",
                "avatar_url": "https://avatars2.githubusercontent.com/u/5502?v=4",
                "gravatar_id": "",
                "url": "https://api.github.com/users/ybakos",
                "html_url": "https://github.com/ybakos",
                "followers_url": "https://api.github.com/users/ybakos/followers",
                "following_url": "https://api.github.com/users/ybakos/following{/other_user}",
                "gists_url": "https://api.github.com/users/ybakos/gists{/gist_id}",
                "starred_url": "https://api.github.com/users/ybakos/starred{/owner}{/repo}",
                "subscriptions_url": "https://api.github.com/users/ybakos/subscriptions",
                "organizations_url": "https://api.github.com/users/ybakos/orgs",
                "repos_url": "https://api.github.com/users/ybakos/repos",
                "events_url": "https://api.github.com/users/ybakos/events{/privacy}",
                "received_events_url": "https://api.github.com/users/ybakos/received_events",
                "type": "User",
                "site_admin": false
            },
            "created_at": "2017-06-04T18:23:01Z",
            "updated_at": "2017-06-04T18:23:01Z",
            "author_association": "NONE",
            "body": "And the specific flask app has a repo here: https://github.com/osu-cascades/iot-lab-inventory\r\n"
        },
        {
            "url": "https://api.github.com/repos/pallets/flask/issues/comments/306057673",
            "html_url": "https://github.com/pallets/flask/issues/2357#issuecomment-306057673",
            "issue_url": "https://api.github.com/repos/pallets/flask/issues/2357",
            "id": 306057673,
            "node_id": "MDEyOklzc3VlQ29tbWVudDMwNjA1NzY3Mw==",
            "user": {
                "login": "davidism",
                "id": 1242887,
                "node_id": "MDQ6VXNlcjEyNDI4ODc=",
                "avatar_url": "https://avatars1.githubusercontent.com/u/1242887?v=4",
                "gravatar_id": "",
                "url": "https://api.github.com/users/davidism",
                "html_url": "https://github.com/davidism",
                "followers_url": "https://api.github.com/users/davidism/followers",
                "following_url": "https://api.github.com/users/davidism/following{/other_user}",
                "gists_url": "https://api.github.com/users/davidism/gists{/gist_id}",
                "starred_url": "https://api.github.com/users/davidism/starred{/owner}{/repo}",
                "subscriptions_url": "https://api.github.com/users/davidism/subscriptions",
                "organizations_url": "https://api.github.com/users/davidism/orgs",
                "repos_url": "https://api.github.com/users/davidism/repos",
                "events_url": "https://api.github.com/users/davidism/events{/privacy}",
                "received_events_url": "https://api.github.com/users/davidism/received_events",
                "type": "User",
                "site_admin": false
            },
            "created_at": "2017-06-04T18:25:28Z",
            "updated_at": "2017-06-04T18:25:28Z",
            "author_association": "MEMBER",
            "body": "Then remove it if you insist on using `pip freeze` to populate your requirements. For what it's worth, I'm against `requirements.txt`, but that's a style thing."
        },
        {
            "url": "https://api.github.com/repos/pallets/flask/issues/comments/306057874",
            "html_url": "https://github.com/pallets/flask/issues/2357#issuecomment-306057874",
            "issue_url": "https://api.github.com/repos/pallets/flask/issues/2357",
            "id": 306057874,
            "node_id": "MDEyOklzc3VlQ29tbWVudDMwNjA1Nzg3NA==",
            "user": {
                "login": "davidism",
                "id": 1242887,
                "node_id": "MDQ6VXNlcjEyNDI4ODc=",
                "avatar_url": "https://avatars1.githubusercontent.com/u/1242887?v=4",
                "gravatar_id": "",
                "url": "https://api.github.com/users/davidism",
                "html_url": "https://github.com/davidism",
                "followers_url": "https://api.github.com/users/davidism/followers",
                "following_url": "https://api.github.com/users/davidism/following{/other_user}",
                "gists_url": "https://api.github.com/users/davidism/gists{/gist_id}",
                "starred_url": "https://api.github.com/users/davidism/starred{/owner}{/repo}",
                "subscriptions_url": "https://api.github.com/users/davidism/subscriptions",
                "organizations_url": "https://api.github.com/users/davidism/orgs",
                "repos_url": "https://api.github.com/users/davidism/repos",
                "events_url": "https://api.github.com/users/davidism/events{/privacy}",
                "received_events_url": "https://api.github.com/users/davidism/received_events",
                "type": "User",
                "site_admin": false
            },
            "created_at": "2017-06-04T18:28:45Z",
            "updated_at": "2017-06-04T18:29:00Z",
            "author_association": "MEMBER",
            "body": "Installing your project in develop mode is good practice. The fact that `pip freeze` doesn't understand it is a problem with pip, although I don't know how they'd be able to avoid it, since they can't know which editable package is the current project. That's not an argument against installing in develop mode though."
        },
        {
            "url": "https://api.github.com/repos/pallets/flask/issues/comments/306058018",
            "html_url": "https://github.com/pallets/flask/issues/2357#issuecomment-306058018",
            "issue_url": "https://api.github.com/repos/pallets/flask/issues/2357",
            "id": 306058018,
            "node_id": "MDEyOklzc3VlQ29tbWVudDMwNjA1ODAxOA==",
            "user": {
                "login": "ybakos",
                "id": 5502,
                "node_id": "MDQ6VXNlcjU1MDI=",
                "avatar_url": "https://avatars2.githubusercontent.com/u/5502?v=4",
                "gravatar_id": "",
                "url": "https://api.github.com/users/ybakos",
                "html_url": "https://github.com/ybakos",
                "followers_url": "https://api.github.com/users/ybakos/followers",
                "following_url": "https://api.github.com/users/ybakos/following{/other_user}",
                "gists_url": "https://api.github.com/users/ybakos/gists{/gist_id}",
                "starred_url": "https://api.github.com/users/ybakos/starred{/owner}{/repo}",
                "subscriptions_url": "https://api.github.com/users/ybakos/subscriptions",
                "organizations_url": "https://api.github.com/users/ybakos/orgs",
                "repos_url": "https://api.github.com/users/ybakos/repos",
                "events_url": "https://api.github.com/users/ybakos/events{/privacy}",
                "received_events_url": "https://api.github.com/users/ybakos/received_events",
                "type": "User",
                "site_admin": false
            },
            "created_at": "2017-06-04T18:30:55Z",
            "updated_at": "2017-06-04T18:31:55Z",
            "author_association": "NONE",
            "body": "BTW, I don't get any kind of warning when `FLASK_APP=my_cool_app/__init__.py` and I run with `flask run`. (But my goal in the first place is to set `FLASK_APP=my_cool_app`."
        },
        {
            "url": "https://api.github.com/repos/pallets/flask/issues/comments/306058147",
            "html_url": "https://github.com/pallets/flask/issues/2357#issuecomment-306058147",
            "issue_url": "https://api.github.com/repos/pallets/flask/issues/2357",
            "id": 306058147,
            "node_id": "MDEyOklzc3VlQ29tbWVudDMwNjA1ODE0Nw==",
            "user": {
                "login": "davidism",
                "id": 1242887,
                "node_id": "MDQ6VXNlcjEyNDI4ODc=",
                "avatar_url": "https://avatars1.githubusercontent.com/u/1242887?v=4",
                "gravatar_id": "",
                "url": "https://api.github.com/users/davidism",
                "html_url": "https://github.com/davidism",
                "followers_url": "https://api.github.com/users/davidism/followers",
                "following_url": "https://api.github.com/users/davidism/following{/other_user}",
                "gists_url": "https://api.github.com/users/davidism/gists{/gist_id}",
                "starred_url": "https://api.github.com/users/davidism/starred{/owner}{/repo}",
                "subscriptions_url": "https://api.github.com/users/davidism/subscriptions",
                "organizations_url": "https://api.github.com/users/davidism/orgs",
                "repos_url": "https://api.github.com/users/davidism/repos",
                "events_url": "https://api.github.com/users/davidism/events{/privacy}",
                "received_events_url": "https://api.github.com/users/davidism/received_events",
                "type": "User",
                "site_admin": false
            },
            "created_at": "2017-06-04T18:33:18Z",
            "updated_at": "2017-06-04T18:33:32Z",
            "author_association": "MEMBER",
            "body": "Yes, because `python -m` does weird stuff and it's hard to write the reloader to support that. I recommend using the `flask` command whether you choose to install as a package or not."
        },
        {
            "url": "https://api.github.com/repos/pallets/flask/issues/comments/306059749",
            "html_url": "https://github.com/pallets/flask/issues/2357#issuecomment-306059749",
            "issue_url": "https://api.github.com/repos/pallets/flask/issues/2357",
            "id": 306059749,
            "node_id": "MDEyOklzc3VlQ29tbWVudDMwNjA1OTc0OQ==",
            "user": {
                "login": "ybakos",
                "id": 5502,
                "node_id": "MDQ6VXNlcjU1MDI=",
                "avatar_url": "https://avatars2.githubusercontent.com/u/5502?v=4",
                "gravatar_id": "",
                "url": "https://api.github.com/users/ybakos",
                "html_url": "https://github.com/ybakos",
                "followers_url": "https://api.github.com/users/ybakos/followers",
                "following_url": "https://api.github.com/users/ybakos/following{/other_user}",
                "gists_url": "https://api.github.com/users/ybakos/gists{/gist_id}",
                "starred_url": "https://api.github.com/users/ybakos/starred{/owner}{/repo}",
                "subscriptions_url": "https://api.github.com/users/ybakos/subscriptions",
                "organizations_url": "https://api.github.com/users/ybakos/orgs",
                "repos_url": "https://api.github.com/users/ybakos/repos",
                "events_url": "https://api.github.com/users/ybakos/events{/privacy}",
                "received_events_url": "https://api.github.com/users/ybakos/received_events",
                "type": "User",
                "site_admin": false
            },
            "created_at": "2017-06-04T18:59:17Z",
            "updated_at": "2017-06-04T18:59:17Z",
            "author_association": "NONE",
            "body": "Thanks @davidism (and thanks for all things Flask), feel free to close. As long as the warned \"unpredictable behavior\" isn't really a concern, I'll live with the verbose output.\r\n"
        },
        {
            "url": "https://api.github.com/repos/pallets/flask/issues/comments/306060820",
            "html_url": "https://github.com/pallets/flask/issues/2357#issuecomment-306060820",
            "issue_url": "https://api.github.com/repos/pallets/flask/issues/2357",
            "id": 306060820,
            "node_id": "MDEyOklzc3VlQ29tbWVudDMwNjA2MDgyMA==",
            "user": {
                "login": "davidism",
                "id": 1242887,
                "node_id": "MDQ6VXNlcjEyNDI4ODc=",
                "avatar_url": "https://avatars1.githubusercontent.com/u/1242887?v=4",
                "gravatar_id": "",
                "url": "https://api.github.com/users/davidism",
                "html_url": "https://github.com/davidism",
                "followers_url": "https://api.github.com/users/davidism/followers",
                "following_url": "https://api.github.com/users/davidism/following{/other_user}",
                "gists_url": "https://api.github.com/users/davidism/gists{/gist_id}",
                "starred_url": "https://api.github.com/users/davidism/starred{/owner}{/repo}",
                "subscriptions_url": "https://api.github.com/users/davidism/subscriptions",
                "organizations_url": "https://api.github.com/users/davidism/orgs",
                "repos_url": "https://api.github.com/users/davidism/repos",
                "events_url": "https://api.github.com/users/davidism/events{/privacy}",
                "received_events_url": "https://api.github.com/users/davidism/received_events",
                "type": "User",
                "site_admin": false
            },
            "created_at": "2017-06-04T19:17:06Z",
            "updated_at": "2017-06-04T19:17:06Z",
            "author_association": "MEMBER",
            "body": "I think we can actually get rid of the warning, it looks like `flask.cli.main` can be smarter about choosing the name. It all comes from trying to support 2.6. \ud83d\ude22 "
        },
        {
            "url": "https://api.github.com/repos/pallets/flask/issues/comments/306061977",
            "html_url": "https://github.com/pallets/flask/issues/2357#issuecomment-306061977",
            "issue_url": "https://api.github.com/repos/pallets/flask/issues/2357",
            "id": 306061977,
            "node_id": "MDEyOklzc3VlQ29tbWVudDMwNjA2MTk3Nw==",
            "user": {
                "login": "ybakos",
                "id": 5502,
                "node_id": "MDQ6VXNlcjU1MDI=",
                "avatar_url": "https://avatars2.githubusercontent.com/u/5502?v=4",
                "gravatar_id": "",
                "url": "https://api.github.com/users/ybakos",
                "html_url": "https://github.com/ybakos",
                "followers_url": "https://api.github.com/users/ybakos/followers",
                "following_url": "https://api.github.com/users/ybakos/following{/other_user}",
                "gists_url": "https://api.github.com/users/ybakos/gists{/gist_id}",
                "starred_url": "https://api.github.com/users/ybakos/starred{/owner}{/repo}",
                "subscriptions_url": "https://api.github.com/users/ybakos/subscriptions",
                "organizations_url": "https://api.github.com/users/ybakos/orgs",
                "repos_url": "https://api.github.com/users/ybakos/repos",
                "events_url": "https://api.github.com/users/ybakos/events{/privacy}",
                "received_events_url": "https://api.github.com/users/ybakos/received_events",
                "type": "User",
                "site_admin": false
            },
            "created_at": "2017-06-04T19:37:10Z",
            "updated_at": "2017-06-04T19:37:10Z",
            "author_association": "NONE",
            "body": "Glad this wasn't a total distraction. \ud83d\ude04 "
        }
    ]
}