{
    "url": "https://api.github.com/repos/pallets/flask/issues/2358",
    "repository_url": "https://api.github.com/repos/pallets/flask",
    "labels_url": "https://api.github.com/repos/pallets/flask/issues/2358/labels{/name}",
    "comments_url": "https://api.github.com/repos/pallets/flask/issues/2358/comments",
    "events_url": "https://api.github.com/repos/pallets/flask/issues/2358/events",
    "html_url": "https://github.com/pallets/flask/pull/2358",
    "id": 233452304,
    "node_id": "MDExOlB1bGxSZXF1ZXN0MTIzODg4MDU3",
    "number": 2358,
    "title": "JSON support for test client and Response",
    "user": {
        "login": "davidism",
        "id": 1242887,
        "node_id": "MDQ6VXNlcjEyNDI4ODc=",
        "avatar_url": "https://avatars1.githubusercontent.com/u/1242887?v=4",
        "gravatar_id": "",
        "url": "https://api.github.com/users/davidism",
        "html_url": "https://github.com/davidism",
        "followers_url": "https://api.github.com/users/davidism/followers",
        "following_url": "https://api.github.com/users/davidism/following{/other_user}",
        "gists_url": "https://api.github.com/users/davidism/gists{/gist_id}",
        "starred_url": "https://api.github.com/users/davidism/starred{/owner}{/repo}",
        "subscriptions_url": "https://api.github.com/users/davidism/subscriptions",
        "organizations_url": "https://api.github.com/users/davidism/orgs",
        "repos_url": "https://api.github.com/users/davidism/repos",
        "events_url": "https://api.github.com/users/davidism/events{/privacy}",
        "received_events_url": "https://api.github.com/users/davidism/received_events",
        "type": "User",
        "site_admin": false
    },
    "labels": [
        {
            "id": 398831866,
            "node_id": "MDU6TGFiZWwzOTg4MzE4NjY=",
            "url": "https://api.github.com/repos/pallets/flask/labels/json",
            "name": "json",
            "color": "1d76db",
            "default": false,
            "description": null
        },
        {
            "id": 386620463,
            "node_id": "MDU6TGFiZWwzODY2MjA0NjM=",
            "url": "https://api.github.com/repos/pallets/flask/labels/testing",
            "name": "testing",
            "color": "006b75",
            "default": false,
            "description": null
        }
    ],
    "state": "closed",
    "locked": false,
    "assignee": {
        "login": "davidism",
        "id": 1242887,
        "node_id": "MDQ6VXNlcjEyNDI4ODc=",
        "avatar_url": "https://avatars1.githubusercontent.com/u/1242887?v=4",
        "gravatar_id": "",
        "url": "https://api.github.com/users/davidism",
        "html_url": "https://github.com/davidism",
        "followers_url": "https://api.github.com/users/davidism/followers",
        "following_url": "https://api.github.com/users/davidism/following{/other_user}",
        "gists_url": "https://api.github.com/users/davidism/gists{/gist_id}",
        "starred_url": "https://api.github.com/users/davidism/starred{/owner}{/repo}",
        "subscriptions_url": "https://api.github.com/users/davidism/subscriptions",
        "organizations_url": "https://api.github.com/users/davidism/orgs",
        "repos_url": "https://api.github.com/users/davidism/repos",
        "events_url": "https://api.github.com/users/davidism/events{/privacy}",
        "received_events_url": "https://api.github.com/users/davidism/received_events",
        "type": "User",
        "site_admin": false
    },
    "assignees": [
        {
            "login": "davidism",
            "id": 1242887,
            "node_id": "MDQ6VXNlcjEyNDI4ODc=",
            "avatar_url": "https://avatars1.githubusercontent.com/u/1242887?v=4",
            "gravatar_id": "",
            "url": "https://api.github.com/users/davidism",
            "html_url": "https://github.com/davidism",
            "followers_url": "https://api.github.com/users/davidism/followers",
            "following_url": "https://api.github.com/users/davidism/following{/other_user}",
            "gists_url": "https://api.github.com/users/davidism/gists{/gist_id}",
            "starred_url": "https://api.github.com/users/davidism/starred{/owner}{/repo}",
            "subscriptions_url": "https://api.github.com/users/davidism/subscriptions",
            "organizations_url": "https://api.github.com/users/davidism/orgs",
            "repos_url": "https://api.github.com/users/davidism/repos",
            "events_url": "https://api.github.com/users/davidism/events{/privacy}",
            "received_events_url": "https://api.github.com/users/davidism/received_events",
            "type": "User",
            "site_admin": false
        }
    ],
    "milestone": {
        "url": "https://api.github.com/repos/pallets/flask/milestones/2",
        "html_url": "https://github.com/pallets/flask/milestone/2",
        "labels_url": "https://api.github.com/repos/pallets/flask/milestones/2/labels",
        "id": 795954,
        "node_id": "MDk6TWlsZXN0b25lNzk1OTU0",
        "number": 2,
        "title": "1.0",
        "description": "",
        "creator": {
            "login": "untitaker",
            "id": 837573,
            "node_id": "MDQ6VXNlcjgzNzU3Mw==",
            "avatar_url": "https://avatars0.githubusercontent.com/u/837573?v=4",
            "gravatar_id": "",
            "url": "https://api.github.com/users/untitaker",
            "html_url": "https://github.com/untitaker",
            "followers_url": "https://api.github.com/users/untitaker/followers",
            "following_url": "https://api.github.com/users/untitaker/following{/other_user}",
            "gists_url": "https://api.github.com/users/untitaker/gists{/gist_id}",
            "starred_url": "https://api.github.com/users/untitaker/starred{/owner}{/repo}",
            "subscriptions_url": "https://api.github.com/users/untitaker/subscriptions",
            "organizations_url": "https://api.github.com/users/untitaker/orgs",
            "repos_url": "https://api.github.com/users/untitaker/repos",
            "events_url": "https://api.github.com/users/untitaker/events{/privacy}",
            "received_events_url": "https://api.github.com/users/untitaker/received_events",
            "type": "User",
            "site_admin": false
        },
        "open_issues": 0,
        "closed_issues": 159,
        "state": "closed",
        "created_at": "2014-09-19T15:47:20Z",
        "updated_at": "2018-04-26T21:07:44Z",
        "due_on": "2018-04-26T07:00:00Z",
        "closed_at": "2018-04-26T21:07:44Z"
    },
    "comments": 3,
    "created_at": "2017-06-04T18:55:06Z",
    "updated_at": "2017-12-31T22:53:09Z",
    "closed_at": "2017-06-04T19:02:41Z",
    "author_association": "MEMBER",
    "pull_request": {
        "url": "https://api.github.com/repos/pallets/flask/pulls/2358",
        "html_url": "https://github.com/pallets/flask/pull/2358",
        "diff_url": "https://github.com/pallets/flask/pull/2358.diff",
        "patch_url": "https://github.com/pallets/flask/pull/2358.patch"
    },
    "body": "Continues #1984.\r\n\r\n* `json` argument to test client request methods serializes data as JSON and sets content type.\r\n* Extract request JSON methods to mixin, apply to Response.",
    "comments_inline": [
        {
            "url": "https://api.github.com/repos/pallets/flask/issues/comments/306059996",
            "html_url": "https://github.com/pallets/flask/pull/2358#issuecomment-306059996",
            "issue_url": "https://api.github.com/repos/pallets/flask/issues/2358",
            "id": 306059996,
            "node_id": "MDEyOklzc3VlQ29tbWVudDMwNjA1OTk5Ng==",
            "user": {
                "login": "davidism",
                "id": 1242887,
                "node_id": "MDQ6VXNlcjEyNDI4ODc=",
                "avatar_url": "https://avatars1.githubusercontent.com/u/1242887?v=4",
                "gravatar_id": "",
                "url": "https://api.github.com/users/davidism",
                "html_url": "https://github.com/davidism",
                "followers_url": "https://api.github.com/users/davidism/followers",
                "following_url": "https://api.github.com/users/davidism/following{/other_user}",
                "gists_url": "https://api.github.com/users/davidism/gists{/gist_id}",
                "starred_url": "https://api.github.com/users/davidism/starred{/owner}{/repo}",
                "subscriptions_url": "https://api.github.com/users/davidism/subscriptions",
                "organizations_url": "https://api.github.com/users/davidism/orgs",
                "repos_url": "https://api.github.com/users/davidism/repos",
                "events_url": "https://api.github.com/users/davidism/events{/privacy}",
                "received_events_url": "https://api.github.com/users/davidism/received_events",
                "type": "User",
                "site_admin": false
            },
            "created_at": "2017-06-04T19:03:19Z",
            "updated_at": "2017-06-04T19:03:19Z",
            "author_association": "MEMBER",
            "body": "Thanks for the good work @adambyrtek, it's finally in! \ud83c\udf89 "
        },
        {
            "url": "https://api.github.com/repos/pallets/flask/issues/comments/331429122",
            "html_url": "https://github.com/pallets/flask/pull/2358#issuecomment-331429122",
            "issue_url": "https://api.github.com/repos/pallets/flask/issues/2358",
            "id": 331429122,
            "node_id": "MDEyOklzc3VlQ29tbWVudDMzMTQyOTEyMg==",
            "user": {
                "login": "homeworkprod",
                "id": 95277,
                "node_id": "MDQ6VXNlcjk1Mjc3",
                "avatar_url": "https://avatars0.githubusercontent.com/u/95277?v=4",
                "gravatar_id": "",
                "url": "https://api.github.com/users/homeworkprod",
                "html_url": "https://github.com/homeworkprod",
                "followers_url": "https://api.github.com/users/homeworkprod/followers",
                "following_url": "https://api.github.com/users/homeworkprod/following{/other_user}",
                "gists_url": "https://api.github.com/users/homeworkprod/gists{/gist_id}",
                "starred_url": "https://api.github.com/users/homeworkprod/starred{/owner}{/repo}",
                "subscriptions_url": "https://api.github.com/users/homeworkprod/subscriptions",
                "organizations_url": "https://api.github.com/users/homeworkprod/orgs",
                "repos_url": "https://api.github.com/users/homeworkprod/repos",
                "events_url": "https://api.github.com/users/homeworkprod/events{/privacy}",
                "received_events_url": "https://api.github.com/users/homeworkprod/received_events",
                "type": "User",
                "site_admin": false
            },
            "created_at": "2017-09-22T12:07:40Z",
            "updated_at": "2017-09-22T12:07:40Z",
            "author_association": "CONTRIBUTOR",
            "body": "Thanks to everyone involved! Looking forward to its release in v0.13 :)"
        },
        {
            "url": "https://api.github.com/repos/pallets/flask/issues/comments/354626996",
            "html_url": "https://github.com/pallets/flask/pull/2358#issuecomment-354626996",
            "issue_url": "https://api.github.com/repos/pallets/flask/issues/2358",
            "id": 354626996,
            "node_id": "MDEyOklzc3VlQ29tbWVudDM1NDYyNjk5Ng==",
            "user": {
                "login": "adambyrtek",
                "id": 8214,
                "node_id": "MDQ6VXNlcjgyMTQ=",
                "avatar_url": "https://avatars0.githubusercontent.com/u/8214?v=4",
                "gravatar_id": "",
                "url": "https://api.github.com/users/adambyrtek",
                "html_url": "https://github.com/adambyrtek",
                "followers_url": "https://api.github.com/users/adambyrtek/followers",
                "following_url": "https://api.github.com/users/adambyrtek/following{/other_user}",
                "gists_url": "https://api.github.com/users/adambyrtek/gists{/gist_id}",
                "starred_url": "https://api.github.com/users/adambyrtek/starred{/owner}{/repo}",
                "subscriptions_url": "https://api.github.com/users/adambyrtek/subscriptions",
                "organizations_url": "https://api.github.com/users/adambyrtek/orgs",
                "repos_url": "https://api.github.com/users/adambyrtek/repos",
                "events_url": "https://api.github.com/users/adambyrtek/events{/privacy}",
                "received_events_url": "https://api.github.com/users/adambyrtek/received_events",
                "type": "User",
                "site_admin": false
            },
            "created_at": "2017-12-31T22:53:09Z",
            "updated_at": "2017-12-31T22:53:09Z",
            "author_association": "CONTRIBUTOR",
            "body": "Thanks for your help @untitaker and @davidism :)"
        }
    ]
}