{
    "url": "https://api.github.com/repos/pallets/flask/issues/2499",
    "repository_url": "https://api.github.com/repos/pallets/flask",
    "labels_url": "https://api.github.com/repos/pallets/flask/issues/2499/labels{/name}",
    "comments_url": "https://api.github.com/repos/pallets/flask/issues/2499/comments",
    "events_url": "https://api.github.com/repos/pallets/flask/issues/2499/events",
    "html_url": "https://github.com/pallets/flask/pull/2499",
    "id": 266800683,
    "node_id": "MDExOlB1bGxSZXF1ZXN0MTQ3NTI0NjEz",
    "number": 2499,
    "title": "doron-test - ignore please",
    "user": {
        "login": "doronlh",
        "id": 23455317,
        "node_id": "MDQ6VXNlcjIzNDU1MzE3",
        "avatar_url": "https://avatars3.githubusercontent.com/u/23455317?v=4",
        "gravatar_id": "",
        "url": "https://api.github.com/users/doronlh",
        "html_url": "https://github.com/doronlh",
        "followers_url": "https://api.github.com/users/doronlh/followers",
        "following_url": "https://api.github.com/users/doronlh/following{/other_user}",
        "gists_url": "https://api.github.com/users/doronlh/gists{/gist_id}",
        "starred_url": "https://api.github.com/users/doronlh/starred{/owner}{/repo}",
        "subscriptions_url": "https://api.github.com/users/doronlh/subscriptions",
        "organizations_url": "https://api.github.com/users/doronlh/orgs",
        "repos_url": "https://api.github.com/users/doronlh/repos",
        "events_url": "https://api.github.com/users/doronlh/events{/privacy}",
        "received_events_url": "https://api.github.com/users/doronlh/received_events",
        "type": "User",
        "site_admin": false
    },
    "labels": [],
    "state": "closed",
    "locked": false,
    "assignee": null,
    "assignees": [],
    "milestone": null,
    "comments": 0,
    "created_at": "2017-10-19T10:52:35Z",
    "updated_at": "2017-10-19T10:53:17Z",
    "closed_at": "2017-10-19T10:52:44Z",
    "author_association": "NONE",
    "pull_request": {
        "url": "https://api.github.com/repos/pallets/flask/pulls/2499",
        "html_url": "https://github.com/pallets/flask/pull/2499",
        "diff_url": "https://github.com/pallets/flask/pull/2499.diff",
        "patch_url": "https://github.com/pallets/flask/pull/2499.patch"
    },
    "body": "Describe what this patch does to fix the issue.\r\n\r\nLink to any relevant issues or pull requests.\r\n\r\n<!--\r\nCommit checklist:\r\n\r\n* add tests that fail without the patch\r\n* ensure all tests pass with ``pytest``\r\n* add documentation to the relevant docstrings or pages\r\n* add ``versionadded`` or ``versionchanged`` directives to relevant docstrings\r\n* add a changelog entry if this patch changes code\r\n\r\nTests, coverage, and docs will be run automatically when you submit the pull\r\nrequest, but running them yourself can save time.\r\n-->\r\n"
}