{
    "url": "https://api.github.com/repos/pallets/flask/issues/25",
    "repository_url": "https://api.github.com/repos/pallets/flask",
    "labels_url": "https://api.github.com/repos/pallets/flask/issues/25/labels{/name}",
    "comments_url": "https://api.github.com/repos/pallets/flask/issues/25/comments",
    "events_url": "https://api.github.com/repos/pallets/flask/issues/25/events",
    "html_url": "https://github.com/pallets/flask/issues/25",
    "id": 185870,
    "node_id": "MDU6SXNzdWUxODU4NzA=",
    "number": 25,
    "title": "Per-module processors",
    "user": {
        "login": "mitsuhiko",
        "id": 7396,
        "node_id": "MDQ6VXNlcjczOTY=",
        "avatar_url": "https://avatars1.githubusercontent.com/u/7396?v=4",
        "gravatar_id": "",
        "url": "https://api.github.com/users/mitsuhiko",
        "html_url": "https://github.com/mitsuhiko",
        "followers_url": "https://api.github.com/users/mitsuhiko/followers",
        "following_url": "https://api.github.com/users/mitsuhiko/following{/other_user}",
        "gists_url": "https://api.github.com/users/mitsuhiko/gists{/gist_id}",
        "starred_url": "https://api.github.com/users/mitsuhiko/starred{/owner}{/repo}",
        "subscriptions_url": "https://api.github.com/users/mitsuhiko/subscriptions",
        "organizations_url": "https://api.github.com/users/mitsuhiko/orgs",
        "repos_url": "https://api.github.com/users/mitsuhiko/repos",
        "events_url": "https://api.github.com/users/mitsuhiko/events{/privacy}",
        "received_events_url": "https://api.github.com/users/mitsuhiko/received_events",
        "type": "User",
        "site_admin": false
    },
    "labels": [],
    "state": "closed",
    "locked": false,
    "assignee": null,
    "assignees": [],
    "milestone": null,
    "comments": 1,
    "created_at": "2010-05-03T22:09:47Z",
    "updated_at": "2010-05-04T09:51:31Z",
    "closed_at": "2010-05-04T09:51:31Z",
    "author_association": "MEMBER",
    "body": "There should be a @context_processor decorator for modules, so that a processor can be added on a per-module basis, in the same way as @before_request. A processor function defined this way would only be executed in the module space.\n\n[from the mailinglist]\n",
    "comments_inline": [
        {
            "url": "https://api.github.com/repos/pallets/flask/issues/comments/229196",
            "html_url": "https://github.com/pallets/flask/issues/25#issuecomment-229196",
            "issue_url": "https://api.github.com/repos/pallets/flask/issues/25",
            "id": 229196,
            "node_id": "MDEyOklzc3VlQ29tbWVudDIyOTE5Ng==",
            "user": {
                "login": "mitsuhiko",
                "id": 7396,
                "node_id": "MDQ6VXNlcjczOTY=",
                "avatar_url": "https://avatars1.githubusercontent.com/u/7396?v=4",
                "gravatar_id": "",
                "url": "https://api.github.com/users/mitsuhiko",
                "html_url": "https://github.com/mitsuhiko",
                "followers_url": "https://api.github.com/users/mitsuhiko/followers",
                "following_url": "https://api.github.com/users/mitsuhiko/following{/other_user}",
                "gists_url": "https://api.github.com/users/mitsuhiko/gists{/gist_id}",
                "starred_url": "https://api.github.com/users/mitsuhiko/starred{/owner}{/repo}",
                "subscriptions_url": "https://api.github.com/users/mitsuhiko/subscriptions",
                "organizations_url": "https://api.github.com/users/mitsuhiko/orgs",
                "repos_url": "https://api.github.com/users/mitsuhiko/repos",
                "events_url": "https://api.github.com/users/mitsuhiko/events{/privacy}",
                "received_events_url": "https://api.github.com/users/mitsuhiko/received_events",
                "type": "User",
                "site_admin": false
            },
            "created_at": "2010-05-04T09:51:31Z",
            "updated_at": "2010-05-04T09:51:31Z",
            "author_association": "MEMBER",
            "body": "Added missing decorators for module wide context processors.\n\nThis closed by 745638e774063de206aae930df71789de13e7c73.\n"
        }
    ]
}