{
    "url": "https://api.github.com/repos/pallets/flask/issues/250",
    "repository_url": "https://api.github.com/repos/pallets/flask",
    "labels_url": "https://api.github.com/repos/pallets/flask/issues/250/labels{/name}",
    "comments_url": "https://api.github.com/repos/pallets/flask/issues/250/comments",
    "events_url": "https://api.github.com/repos/pallets/flask/issues/250/events",
    "html_url": "https://github.com/pallets/flask/pull/250",
    "id": 1092320,
    "node_id": "MDExOlB1bGxSZXF1ZXN0MTkxNjQy",
    "number": 250,
    "title": "Deploying with Fabric fabfile bugfix",
    "user": {
        "login": "wilsaj",
        "id": 303866,
        "node_id": "MDQ6VXNlcjMwMzg2Ng==",
        "avatar_url": "https://avatars1.githubusercontent.com/u/303866?v=4",
        "gravatar_id": "",
        "url": "https://api.github.com/users/wilsaj",
        "html_url": "https://github.com/wilsaj",
        "followers_url": "https://api.github.com/users/wilsaj/followers",
        "following_url": "https://api.github.com/users/wilsaj/following{/other_user}",
        "gists_url": "https://api.github.com/users/wilsaj/gists{/gist_id}",
        "starred_url": "https://api.github.com/users/wilsaj/starred{/owner}{/repo}",
        "subscriptions_url": "https://api.github.com/users/wilsaj/subscriptions",
        "organizations_url": "https://api.github.com/users/wilsaj/orgs",
        "repos_url": "https://api.github.com/users/wilsaj/repos",
        "events_url": "https://api.github.com/users/wilsaj/events{/privacy}",
        "received_events_url": "https://api.github.com/users/wilsaj/received_events",
        "type": "User",
        "site_admin": false
    },
    "labels": [],
    "state": "closed",
    "locked": false,
    "assignee": null,
    "assignees": [],
    "milestone": null,
    "comments": 1,
    "created_at": "2011-06-21T15:07:03Z",
    "updated_at": "2014-06-13T00:23:42Z",
    "closed_at": "2011-06-21T15:12:44Z",
    "author_association": "CONTRIBUTOR",
    "pull_request": {
        "url": "https://api.github.com/repos/pallets/flask/pulls/250",
        "html_url": "https://github.com/pallets/flask/pull/250",
        "diff_url": "https://github.com/pallets/flask/pull/250.diff",
        "patch_url": "https://github.com/pallets/flask/pull/250.patch"
    },
    "body": "Bug fix in the documentation for Deploying with Fabric: as of Fabric 1.0, in the local() function capture=False by default, so it must be explicitly set to capture=True so it returns a python string \nquick link to docs: http://docs.fabfile.org/en/1.0.1/api/core/operations.html#fabric.operations.local\n",
    "comments_inline": [
        {
            "url": "https://api.github.com/repos/pallets/flask/issues/comments/1411025",
            "html_url": "https://github.com/pallets/flask/pull/250#issuecomment-1411025",
            "issue_url": "https://api.github.com/repos/pallets/flask/issues/250",
            "id": 1411025,
            "node_id": "MDEyOklzc3VlQ29tbWVudDE0MTEwMjU=",
            "user": {
                "login": "rduplain",
                "id": 36428,
                "node_id": "MDQ6VXNlcjM2NDI4",
                "avatar_url": "https://avatars1.githubusercontent.com/u/36428?v=4",
                "gravatar_id": "",
                "url": "https://api.github.com/users/rduplain",
                "html_url": "https://github.com/rduplain",
                "followers_url": "https://api.github.com/users/rduplain/followers",
                "following_url": "https://api.github.com/users/rduplain/following{/other_user}",
                "gists_url": "https://api.github.com/users/rduplain/gists{/gist_id}",
                "starred_url": "https://api.github.com/users/rduplain/starred{/owner}{/repo}",
                "subscriptions_url": "https://api.github.com/users/rduplain/subscriptions",
                "organizations_url": "https://api.github.com/users/rduplain/orgs",
                "repos_url": "https://api.github.com/users/rduplain/repos",
                "events_url": "https://api.github.com/users/rduplain/events{/privacy}",
                "received_events_url": "https://api.github.com/users/rduplain/received_events",
                "type": "User",
                "site_admin": false
            },
            "created_at": "2011-06-21T15:13:18Z",
            "updated_at": "2011-06-21T15:13:18Z",
            "author_association": "CONTRIBUTOR",
            "body": "Thanks!\n"
        }
    ]
}