{
    "url": "https://api.github.com/repos/pallets/flask/issues/2500",
    "repository_url": "https://api.github.com/repos/pallets/flask",
    "labels_url": "https://api.github.com/repos/pallets/flask/issues/2500/labels{/name}",
    "comments_url": "https://api.github.com/repos/pallets/flask/issues/2500/comments",
    "events_url": "https://api.github.com/repos/pallets/flask/issues/2500/events",
    "html_url": "https://github.com/pallets/flask/pull/2500",
    "id": 266965762,
    "node_id": "MDExOlB1bGxSZXF1ZXN0MTQ3NjQ4NzA4",
    "number": 2500,
    "title": "Improvements in the final sections of appfactories.rst",
    "user": {
        "login": "BogdanAlexandru",
        "id": 5050074,
        "node_id": "MDQ6VXNlcjUwNTAwNzQ=",
        "avatar_url": "https://avatars2.githubusercontent.com/u/5050074?v=4",
        "gravatar_id": "",
        "url": "https://api.github.com/users/BogdanAlexandru",
        "html_url": "https://github.com/BogdanAlexandru",
        "followers_url": "https://api.github.com/users/BogdanAlexandru/followers",
        "following_url": "https://api.github.com/users/BogdanAlexandru/following{/other_user}",
        "gists_url": "https://api.github.com/users/BogdanAlexandru/gists{/gist_id}",
        "starred_url": "https://api.github.com/users/BogdanAlexandru/starred{/owner}{/repo}",
        "subscriptions_url": "https://api.github.com/users/BogdanAlexandru/subscriptions",
        "organizations_url": "https://api.github.com/users/BogdanAlexandru/orgs",
        "repos_url": "https://api.github.com/users/BogdanAlexandru/repos",
        "events_url": "https://api.github.com/users/BogdanAlexandru/events{/privacy}",
        "received_events_url": "https://api.github.com/users/BogdanAlexandru/received_events",
        "type": "User",
        "site_admin": false
    },
    "labels": [],
    "state": "closed",
    "locked": false,
    "assignee": null,
    "assignees": [],
    "milestone": null,
    "comments": 0,
    "created_at": "2017-10-19T19:47:53Z",
    "updated_at": "2017-10-30T20:50:43Z",
    "closed_at": "2017-10-30T20:48:29Z",
    "author_association": "CONTRIBUTOR",
    "pull_request": {
        "url": "https://api.github.com/repos/pallets/flask/pulls/2500",
        "html_url": "https://github.com/pallets/flask/pull/2500",
        "diff_url": "https://github.com/pallets/flask/pull/2500.diff",
        "patch_url": "https://github.com/pallets/flask/pull/2500.patch"
    },
    "body": "This fixes a self-reported issue.\r\n\r\nThe final sections of `appfactories.rst` stood out to me while I was going through the docs.\r\n\r\nMade some minor changes to sentences so that they flow better.\r\nThe punctuation is also more consistent now (in the final list).\r\n\r\nWith regards to:\r\n\r\n> The following changes are straightforward and possible:\r\n\r\n\"possible\" was removed because it felt like it was implied in the context (why suggest them if they're not possible?). I did not get the same feeling about the implementation part, so I added an explicit \"to implement\" (because that's what the straightforwardness refers to)."
}