{
    "url": "https://api.github.com/repos/pallets/flask/issues/2501",
    "repository_url": "https://api.github.com/repos/pallets/flask",
    "labels_url": "https://api.github.com/repos/pallets/flask/issues/2501/labels{/name}",
    "comments_url": "https://api.github.com/repos/pallets/flask/issues/2501/comments",
    "events_url": "https://api.github.com/repos/pallets/flask/issues/2501/events",
    "html_url": "https://github.com/pallets/flask/issues/2501",
    "id": 267887887,
    "node_id": "MDU6SXNzdWUyNjc4ODc4ODc=",
    "number": 2501,
    "title": "Add CODE OF CONDUCT",
    "user": {
        "login": "ajiteshr7",
        "id": 16607284,
        "node_id": "MDQ6VXNlcjE2NjA3Mjg0",
        "avatar_url": "https://avatars2.githubusercontent.com/u/16607284?v=4",
        "gravatar_id": "",
        "url": "https://api.github.com/users/ajiteshr7",
        "html_url": "https://github.com/ajiteshr7",
        "followers_url": "https://api.github.com/users/ajiteshr7/followers",
        "following_url": "https://api.github.com/users/ajiteshr7/following{/other_user}",
        "gists_url": "https://api.github.com/users/ajiteshr7/gists{/gist_id}",
        "starred_url": "https://api.github.com/users/ajiteshr7/starred{/owner}{/repo}",
        "subscriptions_url": "https://api.github.com/users/ajiteshr7/subscriptions",
        "organizations_url": "https://api.github.com/users/ajiteshr7/orgs",
        "repos_url": "https://api.github.com/users/ajiteshr7/repos",
        "events_url": "https://api.github.com/users/ajiteshr7/events{/privacy}",
        "received_events_url": "https://api.github.com/users/ajiteshr7/received_events",
        "type": "User",
        "site_admin": false
    },
    "labels": [],
    "state": "closed",
    "locked": false,
    "assignee": null,
    "assignees": [],
    "milestone": null,
    "comments": 1,
    "created_at": "2017-10-24T03:45:52Z",
    "updated_at": "2017-10-24T04:20:38Z",
    "closed_at": "2017-10-24T04:19:02Z",
    "author_association": "NONE",
    "body": "It is recommended by GitHub as a part of its [community standards](https://opensource.guide/).\r\nAs it facilitates healthy and constructive community behavior.\r\nMore on this [here](https://opensource.guide/code-of-conduct/).",
    "comments_inline": [
        {
            "url": "https://api.github.com/repos/pallets/flask/issues/comments/338868995",
            "html_url": "https://github.com/pallets/flask/issues/2501#issuecomment-338868995",
            "issue_url": "https://api.github.com/repos/pallets/flask/issues/2501",
            "id": 338868995,
            "node_id": "MDEyOklzc3VlQ29tbWVudDMzODg2ODk5NQ==",
            "user": {
                "login": "davidism",
                "id": 1242887,
                "node_id": "MDQ6VXNlcjEyNDI4ODc=",
                "avatar_url": "https://avatars1.githubusercontent.com/u/1242887?v=4",
                "gravatar_id": "",
                "url": "https://api.github.com/users/davidism",
                "html_url": "https://github.com/davidism",
                "followers_url": "https://api.github.com/users/davidism/followers",
                "following_url": "https://api.github.com/users/davidism/following{/other_user}",
                "gists_url": "https://api.github.com/users/davidism/gists{/gist_id}",
                "starred_url": "https://api.github.com/users/davidism/starred{/owner}{/repo}",
                "subscriptions_url": "https://api.github.com/users/davidism/subscriptions",
                "organizations_url": "https://api.github.com/users/davidism/orgs",
                "repos_url": "https://api.github.com/users/davidism/repos",
                "events_url": "https://api.github.com/users/davidism/events{/privacy}",
                "received_events_url": "https://api.github.com/users/davidism/received_events",
                "type": "User",
                "site_admin": false
            },
            "created_at": "2017-10-24T04:20:38Z",
            "updated_at": "2017-10-24T04:20:38Z",
            "author_association": "MEMBER",
            "body": "https://www.palletsprojects.com/governance/rules-of-engagement/"
        }
    ]
}