{
    "url": "https://api.github.com/repos/pallets/flask/issues/2502",
    "repository_url": "https://api.github.com/repos/pallets/flask",
    "labels_url": "https://api.github.com/repos/pallets/flask/issues/2502/labels{/name}",
    "comments_url": "https://api.github.com/repos/pallets/flask/issues/2502/comments",
    "events_url": "https://api.github.com/repos/pallets/flask/issues/2502/events",
    "html_url": "https://github.com/pallets/flask/pull/2502",
    "id": 267908653,
    "node_id": "MDExOlB1bGxSZXF1ZXN0MTQ4MzA1MjY4",
    "number": 2502,
    "title": "Fix typo in cli.py",
    "user": {
        "login": "roysc",
        "id": 30845198,
        "node_id": "MDQ6VXNlcjMwODQ1MTk4",
        "avatar_url": "https://avatars1.githubusercontent.com/u/30845198?v=4",
        "gravatar_id": "",
        "url": "https://api.github.com/users/roysc",
        "html_url": "https://github.com/roysc",
        "followers_url": "https://api.github.com/users/roysc/followers",
        "following_url": "https://api.github.com/users/roysc/following{/other_user}",
        "gists_url": "https://api.github.com/users/roysc/gists{/gist_id}",
        "starred_url": "https://api.github.com/users/roysc/starred{/owner}{/repo}",
        "subscriptions_url": "https://api.github.com/users/roysc/subscriptions",
        "organizations_url": "https://api.github.com/users/roysc/orgs",
        "repos_url": "https://api.github.com/users/roysc/repos",
        "events_url": "https://api.github.com/users/roysc/events{/privacy}",
        "received_events_url": "https://api.github.com/users/roysc/received_events",
        "type": "User",
        "site_admin": false
    },
    "labels": [],
    "state": "closed",
    "locked": false,
    "assignee": null,
    "assignees": [],
    "milestone": null,
    "comments": 0,
    "created_at": "2017-10-24T06:09:40Z",
    "updated_at": "2017-10-24T06:10:13Z",
    "closed_at": "2017-10-24T06:10:13Z",
    "author_association": "CONTRIBUTOR",
    "pull_request": {
        "url": "https://api.github.com/repos/pallets/flask/pulls/2502",
        "html_url": "https://github.com/pallets/flask/pull/2502",
        "diff_url": "https://github.com/pallets/flask/pull/2502.diff",
        "patch_url": "https://github.com/pallets/flask/pull/2502.patch"
    },
    "body": "Fix typo in documentation."
}