{
    "url": "https://api.github.com/repos/pallets/flask/issues/2504",
    "repository_url": "https://api.github.com/repos/pallets/flask",
    "labels_url": "https://api.github.com/repos/pallets/flask/issues/2504/labels{/name}",
    "comments_url": "https://api.github.com/repos/pallets/flask/issues/2504/comments",
    "events_url": "https://api.github.com/repos/pallets/flask/issues/2504/events",
    "html_url": "https://github.com/pallets/flask/pull/2504",
    "id": 268275325,
    "node_id": "MDExOlB1bGxSZXF1ZXN0MTQ4NTc2Nzcx",
    "number": 2504,
    "title": "Remove IRC notifications from Travis CI",
    "user": {
        "login": "hugovk",
        "id": 1324225,
        "node_id": "MDQ6VXNlcjEzMjQyMjU=",
        "avatar_url": "https://avatars2.githubusercontent.com/u/1324225?v=4",
        "gravatar_id": "",
        "url": "https://api.github.com/users/hugovk",
        "html_url": "https://github.com/hugovk",
        "followers_url": "https://api.github.com/users/hugovk/followers",
        "following_url": "https://api.github.com/users/hugovk/following{/other_user}",
        "gists_url": "https://api.github.com/users/hugovk/gists{/gist_id}",
        "starred_url": "https://api.github.com/users/hugovk/starred{/owner}{/repo}",
        "subscriptions_url": "https://api.github.com/users/hugovk/subscriptions",
        "organizations_url": "https://api.github.com/users/hugovk/orgs",
        "repos_url": "https://api.github.com/users/hugovk/repos",
        "events_url": "https://api.github.com/users/hugovk/events{/privacy}",
        "received_events_url": "https://api.github.com/users/hugovk/received_events",
        "type": "User",
        "site_admin": false
    },
    "labels": [],
    "state": "closed",
    "locked": false,
    "assignee": null,
    "assignees": [],
    "milestone": null,
    "comments": 0,
    "created_at": "2017-10-25T05:59:57Z",
    "updated_at": "2017-10-25T11:29:57Z",
    "closed_at": "2017-10-25T11:09:42Z",
    "author_association": "CONTRIBUTOR",
    "pull_request": {
        "url": "https://api.github.com/repos/pallets/flask/pulls/2504",
        "html_url": "https://github.com/pallets/flask/pull/2504",
        "diff_url": "https://github.com/pallets/flask/pull/2504.diff",
        "patch_url": "https://github.com/pallets/flask/pull/2504.patch"
    },
    "body": "Fixes #2481.\r\n\r\n\r\n<!--\r\nCommit checklist:\r\n\r\n* add tests that fail without the patch\r\n* ensure all tests pass with ``pytest``\r\n* add documentation to the relevant docstrings or pages\r\n* add ``versionadded`` or ``versionchanged`` directives to relevant docstrings\r\n* add a changelog entry if this patch changes code\r\n\r\nTests, coverage, and docs will be run automatically when you submit the pull\r\nrequest, but running them yourself can save time.\r\n-->\r\n"
}