{
    "url": "https://api.github.com/repos/pallets/flask/issues/2505",
    "repository_url": "https://api.github.com/repos/pallets/flask",
    "labels_url": "https://api.github.com/repos/pallets/flask/issues/2505/labels{/name}",
    "comments_url": "https://api.github.com/repos/pallets/flask/issues/2505/comments",
    "events_url": "https://api.github.com/repos/pallets/flask/issues/2505/events",
    "html_url": "https://github.com/pallets/flask/issues/2505",
    "id": 268865036,
    "node_id": "MDU6SXNzdWUyNjg4NjUwMzY=",
    "number": 2505,
    "title": "Flask server not running on Arch Linux",
    "user": {
        "login": "robsonsilv4",
        "id": 17673296,
        "node_id": "MDQ6VXNlcjE3NjczMjk2",
        "avatar_url": "https://avatars0.githubusercontent.com/u/17673296?v=4",
        "gravatar_id": "",
        "url": "https://api.github.com/users/robsonsilv4",
        "html_url": "https://github.com/robsonsilv4",
        "followers_url": "https://api.github.com/users/robsonsilv4/followers",
        "following_url": "https://api.github.com/users/robsonsilv4/following{/other_user}",
        "gists_url": "https://api.github.com/users/robsonsilv4/gists{/gist_id}",
        "starred_url": "https://api.github.com/users/robsonsilv4/starred{/owner}{/repo}",
        "subscriptions_url": "https://api.github.com/users/robsonsilv4/subscriptions",
        "organizations_url": "https://api.github.com/users/robsonsilv4/orgs",
        "repos_url": "https://api.github.com/users/robsonsilv4/repos",
        "events_url": "https://api.github.com/users/robsonsilv4/events{/privacy}",
        "received_events_url": "https://api.github.com/users/robsonsilv4/received_events",
        "type": "User",
        "site_admin": false
    },
    "labels": [],
    "state": "closed",
    "locked": false,
    "assignee": null,
    "assignees": [],
    "milestone": null,
    "comments": 1,
    "created_at": "2017-10-26T18:32:59Z",
    "updated_at": "2017-10-26T19:48:33Z",
    "closed_at": "2017-10-26T19:48:33Z",
    "author_association": "NONE",
    "body": "I get this error with: python -m app.py\r\n**Error while finding module specification for 'app.py' (AttributeError: module 'app' has no attribute '__path__')**\r\n\r\nand with python app.py nothing happening, either in venv or system.",
    "comments_inline": [
        {
            "url": "https://api.github.com/repos/pallets/flask/issues/comments/339780419",
            "html_url": "https://github.com/pallets/flask/issues/2505#issuecomment-339780419",
            "issue_url": "https://api.github.com/repos/pallets/flask/issues/2505",
            "id": 339780419,
            "node_id": "MDEyOklzc3VlQ29tbWVudDMzOTc4MDQxOQ==",
            "user": {
                "login": "davidism",
                "id": 1242887,
                "node_id": "MDQ6VXNlcjEyNDI4ODc=",
                "avatar_url": "https://avatars1.githubusercontent.com/u/1242887?v=4",
                "gravatar_id": "",
                "url": "https://api.github.com/users/davidism",
                "html_url": "https://github.com/davidism",
                "followers_url": "https://api.github.com/users/davidism/followers",
                "following_url": "https://api.github.com/users/davidism/following{/other_user}",
                "gists_url": "https://api.github.com/users/davidism/gists{/gist_id}",
                "starred_url": "https://api.github.com/users/davidism/starred{/owner}{/repo}",
                "subscriptions_url": "https://api.github.com/users/davidism/subscriptions",
                "organizations_url": "https://api.github.com/users/davidism/orgs",
                "repos_url": "https://api.github.com/users/davidism/repos",
                "events_url": "https://api.github.com/users/davidism/events{/privacy}",
                "received_events_url": "https://api.github.com/users/davidism/received_events",
                "type": "User",
                "site_admin": false
            },
            "created_at": "2017-10-26T19:48:33Z",
            "updated_at": "2017-10-26T19:48:33Z",
            "author_association": "MEMBER",
            "body": "Please use Stack Overflow for questions about your own code. This tracker is for issues related to the project itself. Be sure to include a [minimal, complete, and verifiable example](https://stackoverflow.com/help/mcve)."
        }
    ]
}