{
    "url": "https://api.github.com/repos/pallets/flask/issues/2506",
    "repository_url": "https://api.github.com/repos/pallets/flask",
    "labels_url": "https://api.github.com/repos/pallets/flask/issues/2506/labels{/name}",
    "comments_url": "https://api.github.com/repos/pallets/flask/issues/2506/comments",
    "events_url": "https://api.github.com/repos/pallets/flask/issues/2506/events",
    "html_url": "https://github.com/pallets/flask/pull/2506",
    "id": 269266308,
    "node_id": "MDExOlB1bGxSZXF1ZXN0MTQ5MzA3NTMw",
    "number": 2506,
    "title": "add option to use None config for later evaluation",
    "user": {
        "login": "AdamGS",
        "id": 6495257,
        "node_id": "MDQ6VXNlcjY0OTUyNTc=",
        "avatar_url": "https://avatars3.githubusercontent.com/u/6495257?v=4",
        "gravatar_id": "",
        "url": "https://api.github.com/users/AdamGS",
        "html_url": "https://github.com/AdamGS",
        "followers_url": "https://api.github.com/users/AdamGS/followers",
        "following_url": "https://api.github.com/users/AdamGS/following{/other_user}",
        "gists_url": "https://api.github.com/users/AdamGS/gists{/gist_id}",
        "starred_url": "https://api.github.com/users/AdamGS/starred{/owner}{/repo}",
        "subscriptions_url": "https://api.github.com/users/AdamGS/subscriptions",
        "organizations_url": "https://api.github.com/users/AdamGS/orgs",
        "repos_url": "https://api.github.com/users/AdamGS/repos",
        "events_url": "https://api.github.com/users/AdamGS/events{/privacy}",
        "received_events_url": "https://api.github.com/users/AdamGS/received_events",
        "type": "User",
        "site_admin": false
    },
    "labels": [],
    "state": "closed",
    "locked": false,
    "assignee": null,
    "assignees": [],
    "milestone": null,
    "comments": 1,
    "created_at": "2017-10-27T23:58:10Z",
    "updated_at": "2017-10-30T20:47:05Z",
    "closed_at": "2017-10-30T20:47:05Z",
    "author_association": "NONE",
    "pull_request": {
        "url": "https://api.github.com/repos/pallets/flask/pulls/2506",
        "html_url": "https://github.com/pallets/flask/pull/2506",
        "diff_url": "https://github.com/pallets/flask/pull/2506.diff",
        "patch_url": "https://github.com/pallets/flask/pull/2506.patch"
    },
    "body": "Allows to create \"empty\" configuration object in order to initialize it in later during runtime. #2495",
    "comments_inline": [
        {
            "url": "https://api.github.com/repos/pallets/flask/issues/comments/340579203",
            "html_url": "https://github.com/pallets/flask/pull/2506#issuecomment-340579203",
            "issue_url": "https://api.github.com/repos/pallets/flask/issues/2506",
            "id": 340579203,
            "node_id": "MDEyOklzc3VlQ29tbWVudDM0MDU3OTIwMw==",
            "user": {
                "login": "davidism",
                "id": 1242887,
                "node_id": "MDQ6VXNlcjEyNDI4ODc=",
                "avatar_url": "https://avatars1.githubusercontent.com/u/1242887?v=4",
                "gravatar_id": "",
                "url": "https://api.github.com/users/davidism",
                "html_url": "https://github.com/davidism",
                "followers_url": "https://api.github.com/users/davidism/followers",
                "following_url": "https://api.github.com/users/davidism/following{/other_user}",
                "gists_url": "https://api.github.com/users/davidism/gists{/gist_id}",
                "starred_url": "https://api.github.com/users/davidism/starred{/owner}{/repo}",
                "subscriptions_url": "https://api.github.com/users/davidism/subscriptions",
                "organizations_url": "https://api.github.com/users/davidism/orgs",
                "repos_url": "https://api.github.com/users/davidism/repos",
                "events_url": "https://api.github.com/users/davidism/events{/privacy}",
                "received_events_url": "https://api.github.com/users/davidism/received_events",
                "type": "User",
                "site_admin": false
            },
            "created_at": "2017-10-30T20:47:05Z",
            "updated_at": "2017-10-30T20:47:05Z",
            "author_association": "MEMBER",
            "body": "Thanks for doing this, but I'd rather users explicitly pass an empty string if that's what they want."
        }
    ]
}