{
    "url": "https://api.github.com/repos/pallets/flask/issues/2508",
    "repository_url": "https://api.github.com/repos/pallets/flask",
    "labels_url": "https://api.github.com/repos/pallets/flask/issues/2508/labels{/name}",
    "comments_url": "https://api.github.com/repos/pallets/flask/issues/2508/comments",
    "events_url": "https://api.github.com/repos/pallets/flask/issues/2508/events",
    "html_url": "https://github.com/pallets/flask/issues/2508",
    "id": 270689900,
    "node_id": "MDU6SXNzdWUyNzA2ODk5MDA=",
    "number": 2508,
    "title": "Provide a \"media\" route",
    "user": {
        "login": "davidism",
        "id": 1242887,
        "node_id": "MDQ6VXNlcjEyNDI4ODc=",
        "avatar_url": "https://avatars1.githubusercontent.com/u/1242887?v=4",
        "gravatar_id": "",
        "url": "https://api.github.com/users/davidism",
        "html_url": "https://github.com/davidism",
        "followers_url": "https://api.github.com/users/davidism/followers",
        "following_url": "https://api.github.com/users/davidism/following{/other_user}",
        "gists_url": "https://api.github.com/users/davidism/gists{/gist_id}",
        "starred_url": "https://api.github.com/users/davidism/starred{/owner}{/repo}",
        "subscriptions_url": "https://api.github.com/users/davidism/subscriptions",
        "organizations_url": "https://api.github.com/users/davidism/orgs",
        "repos_url": "https://api.github.com/users/davidism/repos",
        "events_url": "https://api.github.com/users/davidism/events{/privacy}",
        "received_events_url": "https://api.github.com/users/davidism/received_events",
        "type": "User",
        "site_admin": false
    },
    "labels": [],
    "state": "closed",
    "locked": false,
    "assignee": null,
    "assignees": [],
    "milestone": null,
    "comments": 7,
    "created_at": "2017-11-02T15:10:27Z",
    "updated_at": "2018-01-06T16:54:52Z",
    "closed_at": "2018-01-06T16:42:54Z",
    "author_association": "MEMBER",
    "body": "Similar to the static route, add configuration and a route to serve uploaded files. Default to `os.path.join(app.instance_path, 'uploads')` and `/media/<path:filename>`. I've observed new developers thinking they should place user uploads in the static folder, which is not a good pattern (since that would be modifying package assets). A separate media folder will hopefully help with this.",
    "comments_inline": [
        {
            "url": "https://api.github.com/repos/pallets/flask/issues/comments/341453088",
            "html_url": "https://github.com/pallets/flask/issues/2508#issuecomment-341453088",
            "issue_url": "https://api.github.com/repos/pallets/flask/issues/2508",
            "id": 341453088,
            "node_id": "MDEyOklzc3VlQ29tbWVudDM0MTQ1MzA4OA==",
            "user": {
                "login": "ThiefMaster",
                "id": 179599,
                "node_id": "MDQ6VXNlcjE3OTU5OQ==",
                "avatar_url": "https://avatars1.githubusercontent.com/u/179599?v=4",
                "gravatar_id": "",
                "url": "https://api.github.com/users/ThiefMaster",
                "html_url": "https://github.com/ThiefMaster",
                "followers_url": "https://api.github.com/users/ThiefMaster/followers",
                "following_url": "https://api.github.com/users/ThiefMaster/following{/other_user}",
                "gists_url": "https://api.github.com/users/ThiefMaster/gists{/gist_id}",
                "starred_url": "https://api.github.com/users/ThiefMaster/starred{/owner}{/repo}",
                "subscriptions_url": "https://api.github.com/users/ThiefMaster/subscriptions",
                "organizations_url": "https://api.github.com/users/ThiefMaster/orgs",
                "repos_url": "https://api.github.com/users/ThiefMaster/repos",
                "events_url": "https://api.github.com/users/ThiefMaster/events{/privacy}",
                "received_events_url": "https://api.github.com/users/ThiefMaster/received_events",
                "type": "User",
                "site_admin": false
            },
            "created_at": "2017-11-02T15:11:33Z",
            "updated_at": "2017-11-02T15:11:33Z",
            "author_association": "MEMBER",
            "body": "Not sure if that's useful to have built-in. I'd rather improve the docs and make it clear that uploaded files should go somewhere else..."
        },
        {
            "url": "https://api.github.com/repos/pallets/flask/issues/comments/341458032",
            "html_url": "https://github.com/pallets/flask/issues/2508#issuecomment-341458032",
            "issue_url": "https://api.github.com/repos/pallets/flask/issues/2508",
            "id": 341458032,
            "node_id": "MDEyOklzc3VlQ29tbWVudDM0MTQ1ODAzMg==",
            "user": {
                "login": "RonnyPfannschmidt",
                "id": 156838,
                "node_id": "MDQ6VXNlcjE1NjgzOA==",
                "avatar_url": "https://avatars1.githubusercontent.com/u/156838?v=4",
                "gravatar_id": "",
                "url": "https://api.github.com/users/RonnyPfannschmidt",
                "html_url": "https://github.com/RonnyPfannschmidt",
                "followers_url": "https://api.github.com/users/RonnyPfannschmidt/followers",
                "following_url": "https://api.github.com/users/RonnyPfannschmidt/following{/other_user}",
                "gists_url": "https://api.github.com/users/RonnyPfannschmidt/gists{/gist_id}",
                "starred_url": "https://api.github.com/users/RonnyPfannschmidt/starred{/owner}{/repo}",
                "subscriptions_url": "https://api.github.com/users/RonnyPfannschmidt/subscriptions",
                "organizations_url": "https://api.github.com/users/RonnyPfannschmidt/orgs",
                "repos_url": "https://api.github.com/users/RonnyPfannschmidt/repos",
                "events_url": "https://api.github.com/users/RonnyPfannschmidt/events{/privacy}",
                "received_events_url": "https://api.github.com/users/RonnyPfannschmidt/received_events",
                "type": "User",
                "site_admin": false
            },
            "created_at": "2017-11-02T15:26:26Z",
            "updated_at": "2017-11-02T15:26:26Z",
            "author_association": "CONTRIBUTOR",
            "body": "@ThiefMaster i think its a good idea to have something like this as a opt out, since it removes a pretty nasty mistake vector for beginners - it also should be noted that not everyone is keen on the docs - features that when misused pose a security risk should be set up in a way that by default you dont create a risk"
        },
        {
            "url": "https://api.github.com/repos/pallets/flask/issues/comments/341460185",
            "html_url": "https://github.com/pallets/flask/issues/2508#issuecomment-341460185",
            "issue_url": "https://api.github.com/repos/pallets/flask/issues/2508",
            "id": 341460185,
            "node_id": "MDEyOklzc3VlQ29tbWVudDM0MTQ2MDE4NQ==",
            "user": {
                "login": "davidism",
                "id": 1242887,
                "node_id": "MDQ6VXNlcjEyNDI4ODc=",
                "avatar_url": "https://avatars1.githubusercontent.com/u/1242887?v=4",
                "gravatar_id": "",
                "url": "https://api.github.com/users/davidism",
                "html_url": "https://github.com/davidism",
                "followers_url": "https://api.github.com/users/davidism/followers",
                "following_url": "https://api.github.com/users/davidism/following{/other_user}",
                "gists_url": "https://api.github.com/users/davidism/gists{/gist_id}",
                "starred_url": "https://api.github.com/users/davidism/starred{/owner}{/repo}",
                "subscriptions_url": "https://api.github.com/users/davidism/subscriptions",
                "organizations_url": "https://api.github.com/users/davidism/orgs",
                "repos_url": "https://api.github.com/users/davidism/repos",
                "events_url": "https://api.github.com/users/davidism/events{/privacy}",
                "received_events_url": "https://api.github.com/users/davidism/received_events",
                "type": "User",
                "site_admin": false
            },
            "created_at": "2017-11-02T15:32:59Z",
            "updated_at": "2017-11-02T16:51:08Z",
            "author_association": "MEMBER",
            "body": "Django does this (but that's not justification on its own :wink:). This seems natural since you're always going to need a way to serve / generate urls for saved uploads. I always end up writing this route."
        },
        {
            "url": "https://api.github.com/repos/pallets/flask/issues/comments/341878267",
            "html_url": "https://github.com/pallets/flask/issues/2508#issuecomment-341878267",
            "issue_url": "https://api.github.com/repos/pallets/flask/issues/2508",
            "id": 341878267,
            "node_id": "MDEyOklzc3VlQ29tbWVudDM0MTg3ODI2Nw==",
            "user": {
                "login": "lepture",
                "id": 290496,
                "node_id": "MDQ6VXNlcjI5MDQ5Ng==",
                "avatar_url": "https://avatars2.githubusercontent.com/u/290496?v=4",
                "gravatar_id": "",
                "url": "https://api.github.com/users/lepture",
                "html_url": "https://github.com/lepture",
                "followers_url": "https://api.github.com/users/lepture/followers",
                "following_url": "https://api.github.com/users/lepture/following{/other_user}",
                "gists_url": "https://api.github.com/users/lepture/gists{/gist_id}",
                "starred_url": "https://api.github.com/users/lepture/starred{/owner}{/repo}",
                "subscriptions_url": "https://api.github.com/users/lepture/subscriptions",
                "organizations_url": "https://api.github.com/users/lepture/orgs",
                "repos_url": "https://api.github.com/users/lepture/repos",
                "events_url": "https://api.github.com/users/lepture/events{/privacy}",
                "received_events_url": "https://api.github.com/users/lepture/received_events",
                "type": "User",
                "site_admin": false
            },
            "created_at": "2017-11-04T07:34:57Z",
            "updated_at": "2017-11-04T07:34:57Z",
            "author_association": "MEMBER",
            "body": "Not sure if it is needed. I always create the routes to upload media into S3 or Google Storage."
        },
        {
            "url": "https://api.github.com/repos/pallets/flask/issues/comments/355758528",
            "html_url": "https://github.com/pallets/flask/issues/2508#issuecomment-355758528",
            "issue_url": "https://api.github.com/repos/pallets/flask/issues/2508",
            "id": 355758528,
            "node_id": "MDEyOklzc3VlQ29tbWVudDM1NTc1ODUyOA==",
            "user": {
                "login": "lepture",
                "id": 290496,
                "node_id": "MDQ6VXNlcjI5MDQ5Ng==",
                "avatar_url": "https://avatars2.githubusercontent.com/u/290496?v=4",
                "gravatar_id": "",
                "url": "https://api.github.com/users/lepture",
                "html_url": "https://github.com/lepture",
                "followers_url": "https://api.github.com/users/lepture/followers",
                "following_url": "https://api.github.com/users/lepture/following{/other_user}",
                "gists_url": "https://api.github.com/users/lepture/gists{/gist_id}",
                "starred_url": "https://api.github.com/users/lepture/starred{/owner}{/repo}",
                "subscriptions_url": "https://api.github.com/users/lepture/subscriptions",
                "organizations_url": "https://api.github.com/users/lepture/orgs",
                "repos_url": "https://api.github.com/users/lepture/repos",
                "events_url": "https://api.github.com/users/lepture/events{/privacy}",
                "received_events_url": "https://api.github.com/users/lepture/received_events",
                "type": "User",
                "site_admin": false
            },
            "created_at": "2018-01-06T16:37:51Z",
            "updated_at": "2018-01-06T16:38:02Z",
            "author_association": "MEMBER",
            "body": "I don't think it is a good idea to have a built-in `media` route which is not useful for production.\r\n\r\n@davidism can we close it?\r\n\r\n>  I always end up writing this route.\r\n\r\nIn this case, you can create an extension for it.\r\n  "
        },
        {
            "url": "https://api.github.com/repos/pallets/flask/issues/comments/355758913",
            "html_url": "https://github.com/pallets/flask/issues/2508#issuecomment-355758913",
            "issue_url": "https://api.github.com/repos/pallets/flask/issues/2508",
            "id": 355758913,
            "node_id": "MDEyOklzc3VlQ29tbWVudDM1NTc1ODkxMw==",
            "user": {
                "login": "davidism",
                "id": 1242887,
                "node_id": "MDQ6VXNlcjEyNDI4ODc=",
                "avatar_url": "https://avatars1.githubusercontent.com/u/1242887?v=4",
                "gravatar_id": "",
                "url": "https://api.github.com/users/davidism",
                "html_url": "https://github.com/davidism",
                "followers_url": "https://api.github.com/users/davidism/followers",
                "following_url": "https://api.github.com/users/davidism/following{/other_user}",
                "gists_url": "https://api.github.com/users/davidism/gists{/gist_id}",
                "starred_url": "https://api.github.com/users/davidism/starred{/owner}{/repo}",
                "subscriptions_url": "https://api.github.com/users/davidism/subscriptions",
                "organizations_url": "https://api.github.com/users/davidism/orgs",
                "repos_url": "https://api.github.com/users/davidism/repos",
                "events_url": "https://api.github.com/users/davidism/events{/privacy}",
                "received_events_url": "https://api.github.com/users/davidism/received_events",
                "type": "User",
                "site_admin": false
            },
            "created_at": "2018-01-06T16:42:54Z",
            "updated_at": "2018-01-06T16:42:54Z",
            "author_association": "MEMBER",
            "body": "Yeah, I think that's a better idea."
        },
        {
            "url": "https://api.github.com/repos/pallets/flask/issues/comments/355759735",
            "html_url": "https://github.com/pallets/flask/issues/2508#issuecomment-355759735",
            "issue_url": "https://api.github.com/repos/pallets/flask/issues/2508",
            "id": 355759735,
            "node_id": "MDEyOklzc3VlQ29tbWVudDM1NTc1OTczNQ==",
            "user": {
                "login": "davidism",
                "id": 1242887,
                "node_id": "MDQ6VXNlcjEyNDI4ODc=",
                "avatar_url": "https://avatars1.githubusercontent.com/u/1242887?v=4",
                "gravatar_id": "",
                "url": "https://api.github.com/users/davidism",
                "html_url": "https://github.com/davidism",
                "followers_url": "https://api.github.com/users/davidism/followers",
                "following_url": "https://api.github.com/users/davidism/following{/other_user}",
                "gists_url": "https://api.github.com/users/davidism/gists{/gist_id}",
                "starred_url": "https://api.github.com/users/davidism/starred{/owner}{/repo}",
                "subscriptions_url": "https://api.github.com/users/davidism/subscriptions",
                "organizations_url": "https://api.github.com/users/davidism/orgs",
                "repos_url": "https://api.github.com/users/davidism/repos",
                "events_url": "https://api.github.com/users/davidism/events{/privacy}",
                "received_events_url": "https://api.github.com/users/davidism/received_events",
                "type": "User",
                "site_admin": false
            },
            "created_at": "2018-01-06T16:54:52Z",
            "updated_at": "2018-01-06T16:54:52Z",
            "author_association": "MEMBER",
            "body": "@lepture perhaps this would fit in your Flask-Storage extension?"
        }
    ]
}