{
    "url": "https://api.github.com/repos/pallets/flask/issues/2509",
    "repository_url": "https://api.github.com/repos/pallets/flask",
    "labels_url": "https://api.github.com/repos/pallets/flask/issues/2509/labels{/name}",
    "comments_url": "https://api.github.com/repos/pallets/flask/issues/2509/comments",
    "events_url": "https://api.github.com/repos/pallets/flask/issues/2509/events",
    "html_url": "https://github.com/pallets/flask/pull/2509",
    "id": 270778465,
    "node_id": "MDExOlB1bGxSZXF1ZXN0MTUwMzgyNDA1",
    "number": 2509,
    "title": "Fixed typo in docs",
    "user": {
        "login": "faheel",
        "id": 11466676,
        "node_id": "MDQ6VXNlcjExNDY2Njc2",
        "avatar_url": "https://avatars2.githubusercontent.com/u/11466676?v=4",
        "gravatar_id": "",
        "url": "https://api.github.com/users/faheel",
        "html_url": "https://github.com/faheel",
        "followers_url": "https://api.github.com/users/faheel/followers",
        "following_url": "https://api.github.com/users/faheel/following{/other_user}",
        "gists_url": "https://api.github.com/users/faheel/gists{/gist_id}",
        "starred_url": "https://api.github.com/users/faheel/starred{/owner}{/repo}",
        "subscriptions_url": "https://api.github.com/users/faheel/subscriptions",
        "organizations_url": "https://api.github.com/users/faheel/orgs",
        "repos_url": "https://api.github.com/users/faheel/repos",
        "events_url": "https://api.github.com/users/faheel/events{/privacy}",
        "received_events_url": "https://api.github.com/users/faheel/received_events",
        "type": "User",
        "site_admin": false
    },
    "labels": [],
    "state": "closed",
    "locked": false,
    "assignee": null,
    "assignees": [],
    "milestone": null,
    "comments": 3,
    "created_at": "2017-11-02T19:25:21Z",
    "updated_at": "2017-11-04T06:06:38Z",
    "closed_at": "2017-11-02T19:30:10Z",
    "author_association": "NONE",
    "pull_request": {
        "url": "https://api.github.com/repos/pallets/flask/pulls/2509",
        "html_url": "https://github.com/pallets/flask/pull/2509",
        "diff_url": "https://github.com/pallets/flask/pull/2509.diff",
        "patch_url": "https://github.com/pallets/flask/pull/2509.patch"
    },
    "body": "Changed \"when\" to \"how\" as the subsequent text talks about \"how to store data on the `g` object\".\r\n<!--\r\nCommit checklist:\r\n\r\n* add tests that fail without the patch\r\n* ensure all tests pass with ``pytest``\r\n* add documentation to the relevant docstrings or pages\r\n* add ``versionadded`` or ``versionchanged`` directives to relevant docstrings\r\n* add a changelog entry if this patch changes code\r\n\r\nTests, coverage, and docs will be run automatically when you submit the pull\r\nrequest, but running them yourself can save time.\r\n-->\r\n",
    "comments_inline": [
        {
            "url": "https://api.github.com/repos/pallets/flask/issues/comments/341532961",
            "html_url": "https://github.com/pallets/flask/pull/2509#issuecomment-341532961",
            "issue_url": "https://api.github.com/repos/pallets/flask/issues/2509",
            "id": 341532961,
            "node_id": "MDEyOklzc3VlQ29tbWVudDM0MTUzMjk2MQ==",
            "user": {
                "login": "davidism",
                "id": 1242887,
                "node_id": "MDQ6VXNlcjEyNDI4ODc=",
                "avatar_url": "https://avatars1.githubusercontent.com/u/1242887?v=4",
                "gravatar_id": "",
                "url": "https://api.github.com/users/davidism",
                "html_url": "https://github.com/davidism",
                "followers_url": "https://api.github.com/users/davidism/followers",
                "following_url": "https://api.github.com/users/davidism/following{/other_user}",
                "gists_url": "https://api.github.com/users/davidism/gists{/gist_id}",
                "starred_url": "https://api.github.com/users/davidism/starred{/owner}{/repo}",
                "subscriptions_url": "https://api.github.com/users/davidism/subscriptions",
                "organizations_url": "https://api.github.com/users/davidism/orgs",
                "repos_url": "https://api.github.com/users/davidism/repos",
                "events_url": "https://api.github.com/users/davidism/events{/privacy}",
                "received_events_url": "https://api.github.com/users/davidism/received_events",
                "type": "User",
                "site_admin": false
            },
            "created_at": "2017-11-02T19:30:10Z",
            "updated_at": "2017-11-02T19:30:10Z",
            "author_association": "MEMBER",
            "body": "Thanks, but I'm completely rewriting the tutorial so this won't be relevant."
        },
        {
            "url": "https://api.github.com/repos/pallets/flask/issues/comments/341762390",
            "html_url": "https://github.com/pallets/flask/pull/2509#issuecomment-341762390",
            "issue_url": "https://api.github.com/repos/pallets/flask/issues/2509",
            "id": 341762390,
            "node_id": "MDEyOklzc3VlQ29tbWVudDM0MTc2MjM5MA==",
            "user": {
                "login": "davidism",
                "id": 1242887,
                "node_id": "MDQ6VXNlcjEyNDI4ODc=",
                "avatar_url": "https://avatars1.githubusercontent.com/u/1242887?v=4",
                "gravatar_id": "",
                "url": "https://api.github.com/users/davidism",
                "html_url": "https://github.com/davidism",
                "followers_url": "https://api.github.com/users/davidism/followers",
                "following_url": "https://api.github.com/users/davidism/following{/other_user}",
                "gists_url": "https://api.github.com/users/davidism/gists{/gist_id}",
                "starred_url": "https://api.github.com/users/davidism/starred{/owner}{/repo}",
                "subscriptions_url": "https://api.github.com/users/davidism/subscriptions",
                "organizations_url": "https://api.github.com/users/davidism/orgs",
                "repos_url": "https://api.github.com/users/davidism/repos",
                "events_url": "https://api.github.com/users/davidism/events{/privacy}",
                "received_events_url": "https://api.github.com/users/davidism/received_events",
                "type": "User",
                "site_admin": false
            },
            "created_at": "2017-11-03T16:50:59Z",
            "updated_at": "2017-11-03T16:50:59Z",
            "author_association": "MEMBER",
            "body": "BTW, the PR itself was fine, thanks for making it. If you run into any other documentation fixes, please submit them! \ud83d\udc4d "
        },
        {
            "url": "https://api.github.com/repos/pallets/flask/issues/comments/341874998",
            "html_url": "https://github.com/pallets/flask/pull/2509#issuecomment-341874998",
            "issue_url": "https://api.github.com/repos/pallets/flask/issues/2509",
            "id": 341874998,
            "node_id": "MDEyOklzc3VlQ29tbWVudDM0MTg3NDk5OA==",
            "user": {
                "login": "faheel",
                "id": 11466676,
                "node_id": "MDQ6VXNlcjExNDY2Njc2",
                "avatar_url": "https://avatars2.githubusercontent.com/u/11466676?v=4",
                "gravatar_id": "",
                "url": "https://api.github.com/users/faheel",
                "html_url": "https://github.com/faheel",
                "followers_url": "https://api.github.com/users/faheel/followers",
                "following_url": "https://api.github.com/users/faheel/following{/other_user}",
                "gists_url": "https://api.github.com/users/faheel/gists{/gist_id}",
                "starred_url": "https://api.github.com/users/faheel/starred{/owner}{/repo}",
                "subscriptions_url": "https://api.github.com/users/faheel/subscriptions",
                "organizations_url": "https://api.github.com/users/faheel/orgs",
                "repos_url": "https://api.github.com/users/faheel/repos",
                "events_url": "https://api.github.com/users/faheel/events{/privacy}",
                "received_events_url": "https://api.github.com/users/faheel/received_events",
                "type": "User",
                "site_admin": false
            },
            "created_at": "2017-11-04T06:06:38Z",
            "updated_at": "2017-11-04T06:06:38Z",
            "author_association": "NONE",
            "body": "Sure :+1: "
        }
    ]
}