{
    "url": "https://api.github.com/repos/pallets/flask/issues/2510",
    "repository_url": "https://api.github.com/repos/pallets/flask",
    "labels_url": "https://api.github.com/repos/pallets/flask/issues/2510/labels{/name}",
    "comments_url": "https://api.github.com/repos/pallets/flask/issues/2510/comments",
    "events_url": "https://api.github.com/repos/pallets/flask/issues/2510/events",
    "html_url": "https://github.com/pallets/flask/issues/2510",
    "id": 271258629,
    "node_id": "MDU6SXNzdWUyNzEyNTg2Mjk=",
    "number": 2510,
    "title": "Improve README for flaskr example",
    "user": {
        "login": "Bubblemelon",
        "id": 12985181,
        "node_id": "MDQ6VXNlcjEyOTg1MTgx",
        "avatar_url": "https://avatars1.githubusercontent.com/u/12985181?v=4",
        "gravatar_id": "",
        "url": "https://api.github.com/users/Bubblemelon",
        "html_url": "https://github.com/Bubblemelon",
        "followers_url": "https://api.github.com/users/Bubblemelon/followers",
        "following_url": "https://api.github.com/users/Bubblemelon/following{/other_user}",
        "gists_url": "https://api.github.com/users/Bubblemelon/gists{/gist_id}",
        "starred_url": "https://api.github.com/users/Bubblemelon/starred{/owner}{/repo}",
        "subscriptions_url": "https://api.github.com/users/Bubblemelon/subscriptions",
        "organizations_url": "https://api.github.com/users/Bubblemelon/orgs",
        "repos_url": "https://api.github.com/users/Bubblemelon/repos",
        "events_url": "https://api.github.com/users/Bubblemelon/events{/privacy}",
        "received_events_url": "https://api.github.com/users/Bubblemelon/received_events",
        "type": "User",
        "site_admin": false
    },
    "labels": [
        {
            "id": 32876,
            "node_id": "MDU6TGFiZWwzMjg3Ng==",
            "url": "https://api.github.com/repos/pallets/flask/labels/docs",
            "name": "docs",
            "color": "0e8a16",
            "default": false,
            "description": null
        }
    ],
    "state": "closed",
    "locked": true,
    "assignee": null,
    "assignees": [],
    "milestone": null,
    "comments": 2,
    "created_at": "2017-11-05T09:53:57Z",
    "updated_at": "2017-11-08T20:37:18Z",
    "closed_at": "2017-11-08T20:37:05Z",
    "author_association": "NONE",
    "body": "Please improve the [readme file](https://github.com/pallets/flask/blob/master/examples/flaskr/README) for the flaskr example.\r\n\r\nInclude more details on how to set it up, **especially for step 1**.  \r\n\r\nI could not get step 3 to work probably because I didn't get step 1 to work. This is the error I'm getting:\r\n`$ export FLASK_APP=flaskr.factory:create_app() `\r\n`-bash: syntax error near unexpected token `(' `\r\n\r\nThanks !\r\n\r\n",
    "comments_inline": [
        {
            "url": "https://api.github.com/repos/pallets/flask/issues/comments/342824485",
            "html_url": "https://github.com/pallets/flask/issues/2510#issuecomment-342824485",
            "issue_url": "https://api.github.com/repos/pallets/flask/issues/2510",
            "id": 342824485,
            "node_id": "MDEyOklzc3VlQ29tbWVudDM0MjgyNDQ4NQ==",
            "user": {
                "login": "tropiano",
                "id": 4938142,
                "node_id": "MDQ6VXNlcjQ5MzgxNDI=",
                "avatar_url": "https://avatars1.githubusercontent.com/u/4938142?v=4",
                "gravatar_id": "",
                "url": "https://api.github.com/users/tropiano",
                "html_url": "https://github.com/tropiano",
                "followers_url": "https://api.github.com/users/tropiano/followers",
                "following_url": "https://api.github.com/users/tropiano/following{/other_user}",
                "gists_url": "https://api.github.com/users/tropiano/gists{/gist_id}",
                "starred_url": "https://api.github.com/users/tropiano/starred{/owner}{/repo}",
                "subscriptions_url": "https://api.github.com/users/tropiano/subscriptions",
                "organizations_url": "https://api.github.com/users/tropiano/orgs",
                "repos_url": "https://api.github.com/users/tropiano/repos",
                "events_url": "https://api.github.com/users/tropiano/events{/privacy}",
                "received_events_url": "https://api.github.com/users/tropiano/received_events",
                "type": "User",
                "site_admin": false
            },
            "created_at": "2017-11-08T13:56:39Z",
            "updated_at": "2017-11-08T13:56:39Z",
            "author_association": "NONE",
            "body": "You are right, It should work with \r\n`export FLASK_APP=\"flaskr.factory:create_app()\"`"
        },
        {
            "url": "https://api.github.com/repos/pallets/flask/issues/comments/342951218",
            "html_url": "https://github.com/pallets/flask/issues/2510#issuecomment-342951218",
            "issue_url": "https://api.github.com/repos/pallets/flask/issues/2510",
            "id": 342951218,
            "node_id": "MDEyOklzc3VlQ29tbWVudDM0Mjk1MTIxOA==",
            "user": {
                "login": "davidism",
                "id": 1242887,
                "node_id": "MDQ6VXNlcjEyNDI4ODc=",
                "avatar_url": "https://avatars1.githubusercontent.com/u/1242887?v=4",
                "gravatar_id": "",
                "url": "https://api.github.com/users/davidism",
                "html_url": "https://github.com/davidism",
                "followers_url": "https://api.github.com/users/davidism/followers",
                "following_url": "https://api.github.com/users/davidism/following{/other_user}",
                "gists_url": "https://api.github.com/users/davidism/gists{/gist_id}",
                "starred_url": "https://api.github.com/users/davidism/starred{/owner}{/repo}",
                "subscriptions_url": "https://api.github.com/users/davidism/subscriptions",
                "organizations_url": "https://api.github.com/users/davidism/orgs",
                "repos_url": "https://api.github.com/users/davidism/repos",
                "events_url": "https://api.github.com/users/davidism/events{/privacy}",
                "received_events_url": "https://api.github.com/users/davidism/received_events",
                "type": "User",
                "site_admin": false
            },
            "created_at": "2017-11-08T20:37:05Z",
            "updated_at": "2017-11-08T20:37:05Z",
            "author_association": "MEMBER",
            "body": "continued in #2513"
        }
    ]
}