{
    "url": "https://api.github.com/repos/pallets/flask/issues/2513",
    "repository_url": "https://api.github.com/repos/pallets/flask",
    "labels_url": "https://api.github.com/repos/pallets/flask/issues/2513/labels{/name}",
    "comments_url": "https://api.github.com/repos/pallets/flask/issues/2513/comments",
    "events_url": "https://api.github.com/repos/pallets/flask/issues/2513/events",
    "html_url": "https://github.com/pallets/flask/issues/2513",
    "id": 272339842,
    "node_id": "MDU6SXNzdWUyNzIzMzk4NDI=",
    "number": 2513,
    "title": "Rewrite tutorial and example",
    "user": {
        "login": "davidism",
        "id": 1242887,
        "node_id": "MDQ6VXNlcjEyNDI4ODc=",
        "avatar_url": "https://avatars1.githubusercontent.com/u/1242887?v=4",
        "gravatar_id": "",
        "url": "https://api.github.com/users/davidism",
        "html_url": "https://github.com/davidism",
        "followers_url": "https://api.github.com/users/davidism/followers",
        "following_url": "https://api.github.com/users/davidism/following{/other_user}",
        "gists_url": "https://api.github.com/users/davidism/gists{/gist_id}",
        "starred_url": "https://api.github.com/users/davidism/starred{/owner}{/repo}",
        "subscriptions_url": "https://api.github.com/users/davidism/subscriptions",
        "organizations_url": "https://api.github.com/users/davidism/orgs",
        "repos_url": "https://api.github.com/users/davidism/repos",
        "events_url": "https://api.github.com/users/davidism/events{/privacy}",
        "received_events_url": "https://api.github.com/users/davidism/received_events",
        "type": "User",
        "site_admin": false
    },
    "labels": [
        {
            "id": 32876,
            "node_id": "MDU6TGFiZWwzMjg3Ng==",
            "url": "https://api.github.com/repos/pallets/flask/labels/docs",
            "name": "docs",
            "color": "0e8a16",
            "default": false,
            "description": null
        }
    ],
    "state": "closed",
    "locked": true,
    "assignee": {
        "login": "davidism",
        "id": 1242887,
        "node_id": "MDQ6VXNlcjEyNDI4ODc=",
        "avatar_url": "https://avatars1.githubusercontent.com/u/1242887?v=4",
        "gravatar_id": "",
        "url": "https://api.github.com/users/davidism",
        "html_url": "https://github.com/davidism",
        "followers_url": "https://api.github.com/users/davidism/followers",
        "following_url": "https://api.github.com/users/davidism/following{/other_user}",
        "gists_url": "https://api.github.com/users/davidism/gists{/gist_id}",
        "starred_url": "https://api.github.com/users/davidism/starred{/owner}{/repo}",
        "subscriptions_url": "https://api.github.com/users/davidism/subscriptions",
        "organizations_url": "https://api.github.com/users/davidism/orgs",
        "repos_url": "https://api.github.com/users/davidism/repos",
        "events_url": "https://api.github.com/users/davidism/events{/privacy}",
        "received_events_url": "https://api.github.com/users/davidism/received_events",
        "type": "User",
        "site_admin": false
    },
    "assignees": [
        {
            "login": "davidism",
            "id": 1242887,
            "node_id": "MDQ6VXNlcjEyNDI4ODc=",
            "avatar_url": "https://avatars1.githubusercontent.com/u/1242887?v=4",
            "gravatar_id": "",
            "url": "https://api.github.com/users/davidism",
            "html_url": "https://github.com/davidism",
            "followers_url": "https://api.github.com/users/davidism/followers",
            "following_url": "https://api.github.com/users/davidism/following{/other_user}",
            "gists_url": "https://api.github.com/users/davidism/gists{/gist_id}",
            "starred_url": "https://api.github.com/users/davidism/starred{/owner}{/repo}",
            "subscriptions_url": "https://api.github.com/users/davidism/subscriptions",
            "organizations_url": "https://api.github.com/users/davidism/orgs",
            "repos_url": "https://api.github.com/users/davidism/repos",
            "events_url": "https://api.github.com/users/davidism/events{/privacy}",
            "received_events_url": "https://api.github.com/users/davidism/received_events",
            "type": "User",
            "site_admin": false
        }
    ],
    "milestone": {
        "url": "https://api.github.com/repos/pallets/flask/milestones/2",
        "html_url": "https://github.com/pallets/flask/milestone/2",
        "labels_url": "https://api.github.com/repos/pallets/flask/milestones/2/labels",
        "id": 795954,
        "node_id": "MDk6TWlsZXN0b25lNzk1OTU0",
        "number": 2,
        "title": "1.0",
        "description": "",
        "creator": {
            "login": "untitaker",
            "id": 837573,
            "node_id": "MDQ6VXNlcjgzNzU3Mw==",
            "avatar_url": "https://avatars0.githubusercontent.com/u/837573?v=4",
            "gravatar_id": "",
            "url": "https://api.github.com/users/untitaker",
            "html_url": "https://github.com/untitaker",
            "followers_url": "https://api.github.com/users/untitaker/followers",
            "following_url": "https://api.github.com/users/untitaker/following{/other_user}",
            "gists_url": "https://api.github.com/users/untitaker/gists{/gist_id}",
            "starred_url": "https://api.github.com/users/untitaker/starred{/owner}{/repo}",
            "subscriptions_url": "https://api.github.com/users/untitaker/subscriptions",
            "organizations_url": "https://api.github.com/users/untitaker/orgs",
            "repos_url": "https://api.github.com/users/untitaker/repos",
            "events_url": "https://api.github.com/users/untitaker/events{/privacy}",
            "received_events_url": "https://api.github.com/users/untitaker/received_events",
            "type": "User",
            "site_admin": false
        },
        "open_issues": 0,
        "closed_issues": 159,
        "state": "closed",
        "created_at": "2014-09-19T15:47:20Z",
        "updated_at": "2018-04-26T21:07:44Z",
        "due_on": "2018-04-26T07:00:00Z",
        "closed_at": "2018-04-26T21:07:44Z"
    },
    "comments": 19,
    "created_at": "2017-11-08T20:34:02Z",
    "updated_at": "2018-09-15T13:06:56Z",
    "closed_at": "2018-04-09T08:09:04Z",
    "author_association": "MEMBER",
    "body": "Rewrite the tutorial and corresponding example, taking into account new and common patterns for Flask.\r\n\r\n- [x] example\r\n- [x] tutorial",
    "comments_inline": [
        {
            "url": "https://api.github.com/repos/pallets/flask/issues/comments/342950566",
            "html_url": "https://github.com/pallets/flask/issues/2513#issuecomment-342950566",
            "issue_url": "https://api.github.com/repos/pallets/flask/issues/2513",
            "id": 342950566,
            "node_id": "MDEyOklzc3VlQ29tbWVudDM0Mjk1MDU2Ng==",
            "user": {
                "login": "davidism",
                "id": 1242887,
                "node_id": "MDQ6VXNlcjEyNDI4ODc=",
                "avatar_url": "https://avatars1.githubusercontent.com/u/1242887?v=4",
                "gravatar_id": "",
                "url": "https://api.github.com/users/davidism",
                "html_url": "https://github.com/davidism",
                "followers_url": "https://api.github.com/users/davidism/followers",
                "following_url": "https://api.github.com/users/davidism/following{/other_user}",
                "gists_url": "https://api.github.com/users/davidism/gists{/gist_id}",
                "starred_url": "https://api.github.com/users/davidism/starred{/owner}{/repo}",
                "subscriptions_url": "https://api.github.com/users/davidism/subscriptions",
                "organizations_url": "https://api.github.com/users/davidism/orgs",
                "repos_url": "https://api.github.com/users/davidism/repos",
                "events_url": "https://api.github.com/users/davidism/events{/privacy}",
                "received_events_url": "https://api.github.com/users/davidism/received_events",
                "type": "User",
                "site_admin": false
            },
            "created_at": "2017-11-08T20:34:40Z",
            "updated_at": "2017-11-08T20:34:40Z",
            "author_association": "MEMBER",
            "body": "I'm working on this. I will take into account the feedback on other issues, but I am closing them so there is a single point of discussion about the tutorial."
        },
        {
            "url": "https://api.github.com/repos/pallets/flask/issues/comments/342955890",
            "html_url": "https://github.com/pallets/flask/issues/2513#issuecomment-342955890",
            "issue_url": "https://api.github.com/repos/pallets/flask/issues/2513",
            "id": 342955890,
            "node_id": "MDEyOklzc3VlQ29tbWVudDM0Mjk1NTg5MA==",
            "user": {
                "login": "changeling",
                "id": 400894,
                "node_id": "MDQ6VXNlcjQwMDg5NA==",
                "avatar_url": "https://avatars2.githubusercontent.com/u/400894?v=4",
                "gravatar_id": "",
                "url": "https://api.github.com/users/changeling",
                "html_url": "https://github.com/changeling",
                "followers_url": "https://api.github.com/users/changeling/followers",
                "following_url": "https://api.github.com/users/changeling/following{/other_user}",
                "gists_url": "https://api.github.com/users/changeling/gists{/gist_id}",
                "starred_url": "https://api.github.com/users/changeling/starred{/owner}{/repo}",
                "subscriptions_url": "https://api.github.com/users/changeling/subscriptions",
                "organizations_url": "https://api.github.com/users/changeling/orgs",
                "repos_url": "https://api.github.com/users/changeling/repos",
                "events_url": "https://api.github.com/users/changeling/events{/privacy}",
                "received_events_url": "https://api.github.com/users/changeling/received_events",
                "type": "User",
                "site_admin": false
            },
            "created_at": "2017-11-08T20:53:19Z",
            "updated_at": "2017-11-08T20:53:19Z",
            "author_association": "NONE",
            "body": "Thanks, @davidism. I posted over there thinking it was the single point of discussion. Your issue does a better job of consolidation.\r\n\r\nTo be clear, my comment (https://github.com/pallets/flask/issues/1374#issuecomment-342945368) isn't addressing differences between the repo and the release or even the release code. Only problems in the currently released docs (0.12.x) via http://flask.pocoo.org/docs/0.12/."
        },
        {
            "url": "https://api.github.com/repos/pallets/flask/issues/comments/343095501",
            "html_url": "https://github.com/pallets/flask/issues/2513#issuecomment-343095501",
            "issue_url": "https://api.github.com/repos/pallets/flask/issues/2513",
            "id": 343095501,
            "node_id": "MDEyOklzc3VlQ29tbWVudDM0MzA5NTUwMQ==",
            "user": {
                "login": "wlongxiang",
                "id": 10107120,
                "node_id": "MDQ6VXNlcjEwMTA3MTIw",
                "avatar_url": "https://avatars3.githubusercontent.com/u/10107120?v=4",
                "gravatar_id": "",
                "url": "https://api.github.com/users/wlongxiang",
                "html_url": "https://github.com/wlongxiang",
                "followers_url": "https://api.github.com/users/wlongxiang/followers",
                "following_url": "https://api.github.com/users/wlongxiang/following{/other_user}",
                "gists_url": "https://api.github.com/users/wlongxiang/gists{/gist_id}",
                "starred_url": "https://api.github.com/users/wlongxiang/starred{/owner}{/repo}",
                "subscriptions_url": "https://api.github.com/users/wlongxiang/subscriptions",
                "organizations_url": "https://api.github.com/users/wlongxiang/orgs",
                "repos_url": "https://api.github.com/users/wlongxiang/repos",
                "events_url": "https://api.github.com/users/wlongxiang/events{/privacy}",
                "received_events_url": "https://api.github.com/users/wlongxiang/received_events",
                "type": "User",
                "site_admin": false
            },
            "created_at": "2017-11-09T09:22:56Z",
            "updated_at": "2017-11-09T09:22:56Z",
            "author_association": "NONE",
            "body": "Hi, I am currently using flask to build a small web service, and I was looking at this doc page about \"deploying flask using setuptools\", and found a minor issue.\r\nIn this chapter: [Tagging Builds](http://flask.pocoo.org/docs/0.12/patterns/distribute/),\r\nthere is a missing double quote about the aliases settings, also it might be better to have newlines.\r\n\r\n\r\n"
        },
        {
            "url": "https://api.github.com/repos/pallets/flask/issues/comments/349480124",
            "html_url": "https://github.com/pallets/flask/issues/2513#issuecomment-349480124",
            "issue_url": "https://api.github.com/repos/pallets/flask/issues/2513",
            "id": 349480124,
            "node_id": "MDEyOklzc3VlQ29tbWVudDM0OTQ4MDEyNA==",
            "user": {
                "login": "morenoh149",
                "id": 587438,
                "node_id": "MDQ6VXNlcjU4NzQzOA==",
                "avatar_url": "https://avatars2.githubusercontent.com/u/587438?v=4",
                "gravatar_id": "",
                "url": "https://api.github.com/users/morenoh149",
                "html_url": "https://github.com/morenoh149",
                "followers_url": "https://api.github.com/users/morenoh149/followers",
                "following_url": "https://api.github.com/users/morenoh149/following{/other_user}",
                "gists_url": "https://api.github.com/users/morenoh149/gists{/gist_id}",
                "starred_url": "https://api.github.com/users/morenoh149/starred{/owner}{/repo}",
                "subscriptions_url": "https://api.github.com/users/morenoh149/subscriptions",
                "organizations_url": "https://api.github.com/users/morenoh149/orgs",
                "repos_url": "https://api.github.com/users/morenoh149/repos",
                "events_url": "https://api.github.com/users/morenoh149/events{/privacy}",
                "received_events_url": "https://api.github.com/users/morenoh149/received_events",
                "type": "User",
                "site_admin": false
            },
            "created_at": "2017-12-05T23:47:42Z",
            "updated_at": "2017-12-05T23:47:42Z",
            "author_association": "CONTRIBUTOR",
            "body": "@wlongxiang that would probably be better as a separate issue and if @davidism chooses to address in their PR they can close it."
        },
        {
            "url": "https://api.github.com/repos/pallets/flask/issues/comments/350257670",
            "html_url": "https://github.com/pallets/flask/issues/2513#issuecomment-350257670",
            "issue_url": "https://api.github.com/repos/pallets/flask/issues/2513",
            "id": 350257670,
            "node_id": "MDEyOklzc3VlQ29tbWVudDM1MDI1NzY3MA==",
            "user": {
                "login": "pbouda",
                "id": 477192,
                "node_id": "MDQ6VXNlcjQ3NzE5Mg==",
                "avatar_url": "https://avatars1.githubusercontent.com/u/477192?v=4",
                "gravatar_id": "",
                "url": "https://api.github.com/users/pbouda",
                "html_url": "https://github.com/pbouda",
                "followers_url": "https://api.github.com/users/pbouda/followers",
                "following_url": "https://api.github.com/users/pbouda/following{/other_user}",
                "gists_url": "https://api.github.com/users/pbouda/gists{/gist_id}",
                "starred_url": "https://api.github.com/users/pbouda/starred{/owner}{/repo}",
                "subscriptions_url": "https://api.github.com/users/pbouda/subscriptions",
                "organizations_url": "https://api.github.com/users/pbouda/orgs",
                "repos_url": "https://api.github.com/users/pbouda/repos",
                "events_url": "https://api.github.com/users/pbouda/events{/privacy}",
                "received_events_url": "https://api.github.com/users/pbouda/received_events",
                "type": "User",
                "site_admin": false
            },
            "created_at": "2017-12-08T13:01:11Z",
            "updated_at": "2017-12-08T13:01:11Z",
            "author_association": "NONE",
            "body": "To run the current flaskr app I had to change:\r\n\r\n    export FLASK_APP=\"flaskr.factory:create_app()\"\r\n\r\nto:\r\n\r\n    export FLASK_APP=\"flaskr.factory:create_app\""
        },
        {
            "url": "https://api.github.com/repos/pallets/flask/issues/comments/350260509",
            "html_url": "https://github.com/pallets/flask/issues/2513#issuecomment-350260509",
            "issue_url": "https://api.github.com/repos/pallets/flask/issues/2513",
            "id": 350260509,
            "node_id": "MDEyOklzc3VlQ29tbWVudDM1MDI2MDUwOQ==",
            "user": {
                "login": "pbouda",
                "id": 477192,
                "node_id": "MDQ6VXNlcjQ3NzE5Mg==",
                "avatar_url": "https://avatars1.githubusercontent.com/u/477192?v=4",
                "gravatar_id": "",
                "url": "https://api.github.com/users/pbouda",
                "html_url": "https://github.com/pbouda",
                "followers_url": "https://api.github.com/users/pbouda/followers",
                "following_url": "https://api.github.com/users/pbouda/following{/other_user}",
                "gists_url": "https://api.github.com/users/pbouda/gists{/gist_id}",
                "starred_url": "https://api.github.com/users/pbouda/starred{/owner}{/repo}",
                "subscriptions_url": "https://api.github.com/users/pbouda/subscriptions",
                "organizations_url": "https://api.github.com/users/pbouda/orgs",
                "repos_url": "https://api.github.com/users/pbouda/repos",
                "events_url": "https://api.github.com/users/pbouda/events{/privacy}",
                "received_events_url": "https://api.github.com/users/pbouda/received_events",
                "type": "User",
                "site_admin": false
            },
            "created_at": "2017-12-08T13:16:35Z",
            "updated_at": "2017-12-08T13:16:49Z",
            "author_association": "NONE",
            "body": "Actually I was wrong, that did not solve my problem. What I did is adding a line to the factory:\r\n\r\n    app = create_app()\r\n\r\nThen:\r\n\r\n    export FLASK_APP=\"flaskr.factory:app\"\r\n\r\nThe basic problem is that the flask cli does not find any attribute \"create_app()\" if you specify the attribute with the brackets. It seems like this is solved in current master...?"
        },
        {
            "url": "https://api.github.com/repos/pallets/flask/issues/comments/350260822",
            "html_url": "https://github.com/pallets/flask/issues/2513#issuecomment-350260822",
            "issue_url": "https://api.github.com/repos/pallets/flask/issues/2513",
            "id": 350260822,
            "node_id": "MDEyOklzc3VlQ29tbWVudDM1MDI2MDgyMg==",
            "user": {
                "login": "ThiefMaster",
                "id": 179599,
                "node_id": "MDQ6VXNlcjE3OTU5OQ==",
                "avatar_url": "https://avatars1.githubusercontent.com/u/179599?v=4",
                "gravatar_id": "",
                "url": "https://api.github.com/users/ThiefMaster",
                "html_url": "https://github.com/ThiefMaster",
                "followers_url": "https://api.github.com/users/ThiefMaster/followers",
                "following_url": "https://api.github.com/users/ThiefMaster/following{/other_user}",
                "gists_url": "https://api.github.com/users/ThiefMaster/gists{/gist_id}",
                "starred_url": "https://api.github.com/users/ThiefMaster/starred{/owner}{/repo}",
                "subscriptions_url": "https://api.github.com/users/ThiefMaster/subscriptions",
                "organizations_url": "https://api.github.com/users/ThiefMaster/orgs",
                "repos_url": "https://api.github.com/users/ThiefMaster/repos",
                "events_url": "https://api.github.com/users/ThiefMaster/events{/privacy}",
                "received_events_url": "https://api.github.com/users/ThiefMaster/received_events",
                "type": "User",
                "site_admin": false
            },
            "created_at": "2017-12-08T13:18:05Z",
            "updated_at": "2017-12-08T13:18:05Z",
            "author_association": "MEMBER",
            "body": "If you use the 'latest' docs  you need to use the latest (git master) flask. Use the 'stable' docs otherwise."
        },
        {
            "url": "https://api.github.com/repos/pallets/flask/issues/comments/350261675",
            "html_url": "https://github.com/pallets/flask/issues/2513#issuecomment-350261675",
            "issue_url": "https://api.github.com/repos/pallets/flask/issues/2513",
            "id": 350261675,
            "node_id": "MDEyOklzc3VlQ29tbWVudDM1MDI2MTY3NQ==",
            "user": {
                "login": "pbouda",
                "id": 477192,
                "node_id": "MDQ6VXNlcjQ3NzE5Mg==",
                "avatar_url": "https://avatars1.githubusercontent.com/u/477192?v=4",
                "gravatar_id": "",
                "url": "https://api.github.com/users/pbouda",
                "html_url": "https://github.com/pbouda",
                "followers_url": "https://api.github.com/users/pbouda/followers",
                "following_url": "https://api.github.com/users/pbouda/following{/other_user}",
                "gists_url": "https://api.github.com/users/pbouda/gists{/gist_id}",
                "starred_url": "https://api.github.com/users/pbouda/starred{/owner}{/repo}",
                "subscriptions_url": "https://api.github.com/users/pbouda/subscriptions",
                "organizations_url": "https://api.github.com/users/pbouda/orgs",
                "repos_url": "https://api.github.com/users/pbouda/repos",
                "events_url": "https://api.github.com/users/pbouda/events{/privacy}",
                "received_events_url": "https://api.github.com/users/pbouda/received_events",
                "type": "User",
                "site_admin": false
            },
            "created_at": "2017-12-08T13:22:15Z",
            "updated_at": "2017-12-08T13:22:15Z",
            "author_association": "NONE",
            "body": "Understand. I browsed the docs on github, so I used the latest doc. But then I installed just as described in the README, and that installed the flask/cli stable. This does not work atm."
        },
        {
            "url": "https://api.github.com/repos/pallets/flask/issues/comments/350263649",
            "html_url": "https://github.com/pallets/flask/issues/2513#issuecomment-350263649",
            "issue_url": "https://api.github.com/repos/pallets/flask/issues/2513",
            "id": 350263649,
            "node_id": "MDEyOklzc3VlQ29tbWVudDM1MDI2MzY0OQ==",
            "user": {
                "login": "davidism",
                "id": 1242887,
                "node_id": "MDQ6VXNlcjEyNDI4ODc=",
                "avatar_url": "https://avatars1.githubusercontent.com/u/1242887?v=4",
                "gravatar_id": "",
                "url": "https://api.github.com/users/davidism",
                "html_url": "https://github.com/davidism",
                "followers_url": "https://api.github.com/users/davidism/followers",
                "following_url": "https://api.github.com/users/davidism/following{/other_user}",
                "gists_url": "https://api.github.com/users/davidism/gists{/gist_id}",
                "starred_url": "https://api.github.com/users/davidism/starred{/owner}{/repo}",
                "subscriptions_url": "https://api.github.com/users/davidism/subscriptions",
                "organizations_url": "https://api.github.com/users/davidism/orgs",
                "repos_url": "https://api.github.com/users/davidism/repos",
                "events_url": "https://api.github.com/users/davidism/events{/privacy}",
                "received_events_url": "https://api.github.com/users/davidism/received_events",
                "type": "User",
                "site_admin": false
            },
            "created_at": "2017-12-08T13:31:28Z",
            "updated_at": "2017-12-08T13:31:28Z",
            "author_association": "MEMBER",
            "body": "That's already been addressed in one of the linked issues. You need to install flask from master, then flaskr from master, then follow the docs from master."
        },
        {
            "url": "https://api.github.com/repos/pallets/flask/issues/comments/353747808",
            "html_url": "https://github.com/pallets/flask/issues/2513#issuecomment-353747808",
            "issue_url": "https://api.github.com/repos/pallets/flask/issues/2513",
            "id": 353747808,
            "node_id": "MDEyOklzc3VlQ29tbWVudDM1Mzc0NzgwOA==",
            "user": {
                "login": "wgwz",
                "id": 10120306,
                "node_id": "MDQ6VXNlcjEwMTIwMzA2",
                "avatar_url": "https://avatars2.githubusercontent.com/u/10120306?v=4",
                "gravatar_id": "",
                "url": "https://api.github.com/users/wgwz",
                "html_url": "https://github.com/wgwz",
                "followers_url": "https://api.github.com/users/wgwz/followers",
                "following_url": "https://api.github.com/users/wgwz/following{/other_user}",
                "gists_url": "https://api.github.com/users/wgwz/gists{/gist_id}",
                "starred_url": "https://api.github.com/users/wgwz/starred{/owner}{/repo}",
                "subscriptions_url": "https://api.github.com/users/wgwz/subscriptions",
                "organizations_url": "https://api.github.com/users/wgwz/orgs",
                "repos_url": "https://api.github.com/users/wgwz/repos",
                "events_url": "https://api.github.com/users/wgwz/events{/privacy}",
                "received_events_url": "https://api.github.com/users/wgwz/received_events",
                "type": "User",
                "site_admin": false
            },
            "created_at": "2017-12-23T20:58:11Z",
            "updated_at": "2017-12-23T20:58:29Z",
            "author_association": "CONTRIBUTOR",
            "body": "Hey, @davidism. Do you have branch set up for this? I am interested in helping."
        },
        {
            "url": "https://api.github.com/repos/pallets/flask/issues/comments/353749204",
            "html_url": "https://github.com/pallets/flask/issues/2513#issuecomment-353749204",
            "issue_url": "https://api.github.com/repos/pallets/flask/issues/2513",
            "id": 353749204,
            "node_id": "MDEyOklzc3VlQ29tbWVudDM1Mzc0OTIwNA==",
            "user": {
                "login": "davidism",
                "id": 1242887,
                "node_id": "MDQ6VXNlcjEyNDI4ODc=",
                "avatar_url": "https://avatars1.githubusercontent.com/u/1242887?v=4",
                "gravatar_id": "",
                "url": "https://api.github.com/users/davidism",
                "html_url": "https://github.com/davidism",
                "followers_url": "https://api.github.com/users/davidism/followers",
                "following_url": "https://api.github.com/users/davidism/following{/other_user}",
                "gists_url": "https://api.github.com/users/davidism/gists{/gist_id}",
                "starred_url": "https://api.github.com/users/davidism/starred{/owner}{/repo}",
                "subscriptions_url": "https://api.github.com/users/davidism/subscriptions",
                "organizations_url": "https://api.github.com/users/davidism/orgs",
                "repos_url": "https://api.github.com/users/davidism/repos",
                "events_url": "https://api.github.com/users/davidism/events{/privacy}",
                "received_events_url": "https://api.github.com/users/davidism/received_events",
                "type": "User",
                "site_admin": false
            },
            "created_at": "2017-12-23T21:28:05Z",
            "updated_at": "2017-12-23T21:28:05Z",
            "author_association": "MEMBER",
            "body": "I can push it soon, traveling right now. If you want to look at something related, the patterns directory could probably use a refresh."
        },
        {
            "url": "https://api.github.com/repos/pallets/flask/issues/comments/355853058",
            "html_url": "https://github.com/pallets/flask/issues/2513#issuecomment-355853058",
            "issue_url": "https://api.github.com/repos/pallets/flask/issues/2513",
            "id": 355853058,
            "node_id": "MDEyOklzc3VlQ29tbWVudDM1NTg1MzA1OA==",
            "user": {
                "login": "nanomosfet",
                "id": 21000341,
                "node_id": "MDQ6VXNlcjIxMDAwMzQx",
                "avatar_url": "https://avatars0.githubusercontent.com/u/21000341?v=4",
                "gravatar_id": "",
                "url": "https://api.github.com/users/nanomosfet",
                "html_url": "https://github.com/nanomosfet",
                "followers_url": "https://api.github.com/users/nanomosfet/followers",
                "following_url": "https://api.github.com/users/nanomosfet/following{/other_user}",
                "gists_url": "https://api.github.com/users/nanomosfet/gists{/gist_id}",
                "starred_url": "https://api.github.com/users/nanomosfet/starred{/owner}{/repo}",
                "subscriptions_url": "https://api.github.com/users/nanomosfet/subscriptions",
                "organizations_url": "https://api.github.com/users/nanomosfet/orgs",
                "repos_url": "https://api.github.com/users/nanomosfet/repos",
                "events_url": "https://api.github.com/users/nanomosfet/events{/privacy}",
                "received_events_url": "https://api.github.com/users/nanomosfet/received_events",
                "type": "User",
                "site_admin": false
            },
            "created_at": "2018-01-07T21:12:14Z",
            "updated_at": "2018-01-07T21:12:14Z",
            "author_association": "NONE",
            "body": "Will this include using blueprints in the tutorial? I'm guessing the answer is yes because the example on the repository uses blueprints. @davidism I wouldn't mind helping on this if help is needed."
        },
        {
            "url": "https://api.github.com/repos/pallets/flask/issues/comments/362018310",
            "html_url": "https://github.com/pallets/flask/issues/2513#issuecomment-362018310",
            "issue_url": "https://api.github.com/repos/pallets/flask/issues/2513",
            "id": 362018310,
            "node_id": "MDEyOklzc3VlQ29tbWVudDM2MjAxODMxMA==",
            "user": {
                "login": "ErwinBaeyens",
                "id": 15808295,
                "node_id": "MDQ6VXNlcjE1ODA4Mjk1",
                "avatar_url": "https://avatars1.githubusercontent.com/u/15808295?v=4",
                "gravatar_id": "",
                "url": "https://api.github.com/users/ErwinBaeyens",
                "html_url": "https://github.com/ErwinBaeyens",
                "followers_url": "https://api.github.com/users/ErwinBaeyens/followers",
                "following_url": "https://api.github.com/users/ErwinBaeyens/following{/other_user}",
                "gists_url": "https://api.github.com/users/ErwinBaeyens/gists{/gist_id}",
                "starred_url": "https://api.github.com/users/ErwinBaeyens/starred{/owner}{/repo}",
                "subscriptions_url": "https://api.github.com/users/ErwinBaeyens/subscriptions",
                "organizations_url": "https://api.github.com/users/ErwinBaeyens/orgs",
                "repos_url": "https://api.github.com/users/ErwinBaeyens/repos",
                "events_url": "https://api.github.com/users/ErwinBaeyens/events{/privacy}",
                "received_events_url": "https://api.github.com/users/ErwinBaeyens/received_events",
                "type": "User",
                "site_admin": false
            },
            "created_at": "2018-01-31T18:03:12Z",
            "updated_at": "2018-02-09T14:41:15Z",
            "author_association": "NONE",
            "body": "I'm trying to follow the tutorial on the flask website.  I got to step 5 Creating the database. Despite checking several times if I got everything right running flask initdb  keeps reporting that there is no command initdb.  When followed the link to your github account to check for errors, it seems that the code in here is very different from the one on the website e.g:  the main file here is called factory.py instead of flaskr.py.  in it there is an import statement containing workzeug which is not in the website.\r\n"
        },
        {
            "url": "https://api.github.com/repos/pallets/flask/issues/comments/362026411",
            "html_url": "https://github.com/pallets/flask/issues/2513#issuecomment-362026411",
            "issue_url": "https://api.github.com/repos/pallets/flask/issues/2513",
            "id": 362026411,
            "node_id": "MDEyOklzc3VlQ29tbWVudDM2MjAyNjQxMQ==",
            "user": {
                "login": "davidism",
                "id": 1242887,
                "node_id": "MDQ6VXNlcjEyNDI4ODc=",
                "avatar_url": "https://avatars1.githubusercontent.com/u/1242887?v=4",
                "gravatar_id": "",
                "url": "https://api.github.com/users/davidism",
                "html_url": "https://github.com/davidism",
                "followers_url": "https://api.github.com/users/davidism/followers",
                "following_url": "https://api.github.com/users/davidism/following{/other_user}",
                "gists_url": "https://api.github.com/users/davidism/gists{/gist_id}",
                "starred_url": "https://api.github.com/users/davidism/starred{/owner}{/repo}",
                "subscriptions_url": "https://api.github.com/users/davidism/subscriptions",
                "organizations_url": "https://api.github.com/users/davidism/orgs",
                "repos_url": "https://api.github.com/users/davidism/repos",
                "events_url": "https://api.github.com/users/davidism/events{/privacy}",
                "received_events_url": "https://api.github.com/users/davidism/received_events",
                "type": "User",
                "site_admin": false
            },
            "created_at": "2018-01-31T18:30:59Z",
            "updated_at": "2018-01-31T18:31:15Z",
            "author_association": "MEMBER",
            "body": "You're looking at the master version of the repository, but the latest release for the docs. Look at the same versions on both. This specific issue has been addressed in master already."
        },
        {
            "url": "https://api.github.com/repos/pallets/flask/issues/comments/366148234",
            "html_url": "https://github.com/pallets/flask/issues/2513#issuecomment-366148234",
            "issue_url": "https://api.github.com/repos/pallets/flask/issues/2513",
            "id": 366148234,
            "node_id": "MDEyOklzc3VlQ29tbWVudDM2NjE0ODIzNA==",
            "user": {
                "login": "davidism",
                "id": 1242887,
                "node_id": "MDQ6VXNlcjEyNDI4ODc=",
                "avatar_url": "https://avatars1.githubusercontent.com/u/1242887?v=4",
                "gravatar_id": "",
                "url": "https://api.github.com/users/davidism",
                "html_url": "https://github.com/davidism",
                "followers_url": "https://api.github.com/users/davidism/followers",
                "following_url": "https://api.github.com/users/davidism/following{/other_user}",
                "gists_url": "https://api.github.com/users/davidism/gists{/gist_id}",
                "starred_url": "https://api.github.com/users/davidism/starred{/owner}{/repo}",
                "subscriptions_url": "https://api.github.com/users/davidism/subscriptions",
                "organizations_url": "https://api.github.com/users/davidism/orgs",
                "repos_url": "https://api.github.com/users/davidism/repos",
                "events_url": "https://api.github.com/users/davidism/events{/privacy}",
                "received_events_url": "https://api.github.com/users/davidism/received_events",
                "type": "User",
                "site_admin": false
            },
            "created_at": "2018-02-16T05:33:36Z",
            "updated_at": "2018-02-16T05:35:33Z",
            "author_association": "MEMBER",
            "body": "@lepture @ThiefMaster here's the new tutorial example: https://github.com/davidism/flask/tree/examples/examples/tutorial\r\n\r\nI think it demonstrates a good structure and most common patterns. There's of course more it could do but I didn't want to get more complicated, it's already a lot of code, especially if we count the 100% test coverage. Still need to finish the CSS and readme.\r\n\r\nGive it a look and let me know what you think. I'm going to write the tutorial based on it."
        },
        {
            "url": "https://api.github.com/repos/pallets/flask/issues/comments/366160050",
            "html_url": "https://github.com/pallets/flask/issues/2513#issuecomment-366160050",
            "issue_url": "https://api.github.com/repos/pallets/flask/issues/2513",
            "id": 366160050,
            "node_id": "MDEyOklzc3VlQ29tbWVudDM2NjE2MDA1MA==",
            "user": {
                "login": "ThiefMaster",
                "id": 179599,
                "node_id": "MDQ6VXNlcjE3OTU5OQ==",
                "avatar_url": "https://avatars1.githubusercontent.com/u/179599?v=4",
                "gravatar_id": "",
                "url": "https://api.github.com/users/ThiefMaster",
                "html_url": "https://github.com/ThiefMaster",
                "followers_url": "https://api.github.com/users/ThiefMaster/followers",
                "following_url": "https://api.github.com/users/ThiefMaster/following{/other_user}",
                "gists_url": "https://api.github.com/users/ThiefMaster/gists{/gist_id}",
                "starred_url": "https://api.github.com/users/ThiefMaster/starred{/owner}{/repo}",
                "subscriptions_url": "https://api.github.com/users/ThiefMaster/subscriptions",
                "organizations_url": "https://api.github.com/users/ThiefMaster/orgs",
                "repos_url": "https://api.github.com/users/ThiefMaster/repos",
                "events_url": "https://api.github.com/users/ThiefMaster/events{/privacy}",
                "received_events_url": "https://api.github.com/users/ThiefMaster/received_events",
                "type": "User",
                "site_admin": false
            },
            "created_at": "2018-02-16T07:09:14Z",
            "updated_at": "2018-02-16T07:09:14Z",
            "author_association": "MEMBER",
            "body": "I'll have a look later. the one thing I found so far is lack of `include_package_data=True` and a `MANIFEST.in`, so right now you couldn't build a wheel (or well, you could, but it would not contain templates etc). I think if you have a setup.py, it makes sense to have this as well so it's usable not only in editable/develop mode."
        },
        {
            "url": "https://api.github.com/repos/pallets/flask/issues/comments/366185564",
            "html_url": "https://github.com/pallets/flask/issues/2513#issuecomment-366185564",
            "issue_url": "https://api.github.com/repos/pallets/flask/issues/2513",
            "id": 366185564,
            "node_id": "MDEyOklzc3VlQ29tbWVudDM2NjE4NTU2NA==",
            "user": {
                "login": "ThiefMaster",
                "id": 179599,
                "node_id": "MDQ6VXNlcjE3OTU5OQ==",
                "avatar_url": "https://avatars1.githubusercontent.com/u/179599?v=4",
                "gravatar_id": "",
                "url": "https://api.github.com/users/ThiefMaster",
                "html_url": "https://github.com/ThiefMaster",
                "followers_url": "https://api.github.com/users/ThiefMaster/followers",
                "following_url": "https://api.github.com/users/ThiefMaster/following{/other_user}",
                "gists_url": "https://api.github.com/users/ThiefMaster/gists{/gist_id}",
                "starred_url": "https://api.github.com/users/ThiefMaster/starred{/owner}{/repo}",
                "subscriptions_url": "https://api.github.com/users/ThiefMaster/subscriptions",
                "organizations_url": "https://api.github.com/users/ThiefMaster/orgs",
                "repos_url": "https://api.github.com/users/ThiefMaster/repos",
                "events_url": "https://api.github.com/users/ThiefMaster/events{/privacy}",
                "received_events_url": "https://api.github.com/users/ThiefMaster/received_events",
                "type": "User",
                "site_admin": false
            },
            "created_at": "2018-02-16T09:32:03Z",
            "updated_at": "2018-02-16T09:35:07Z",
            "author_association": "MEMBER",
            "body": ".gitignore: add trailing slashes for things that are always directories (e.g. `.idea/`)? also `*.swp` (vim swap files) is missing in there, `*~` as well (emacs backups iirc.)\r\n\r\nsetup.py: `zip_safe=False`? Not sure if any recent pip/wheel versions even look at it. But if they do, better add it.\r\n\r\nWould it make sense to have the app context as a fixture? I think most test cases will require one. Usually I even go as far as having it as `autouse=True`.\r\n\r\nWhat about adding a decorator to require login?\r\n\r\n`update()` is huge and I would split it into smaller functions (e.g. `_get_post(id)`)\r\n\r\n> create a temporary file to isolate the database for each test\r\n\r\nWe should make it clear that this is fine for a small app but a bigger (sqlalchemy-based) app should use other ways of separation (e.g. nested transactions) to avoid the - somewhat slow - `create_all()` during all tests\r\n\r\n>  `os.makedirs(app.instance_path, exist_ok=True)`\r\n\r\n`exist_ok=True` is Python3-only\r\n\r\n> `app.add_url_rule('/', view_func=blog.index)`\r\n\r\nThat's gonna be duplicate content. Why not redirect instead?"
        },
        {
            "url": "https://api.github.com/repos/pallets/flask/issues/comments/366347879",
            "html_url": "https://github.com/pallets/flask/issues/2513#issuecomment-366347879",
            "issue_url": "https://api.github.com/repos/pallets/flask/issues/2513",
            "id": 366347879,
            "node_id": "MDEyOklzc3VlQ29tbWVudDM2NjM0Nzg3OQ==",
            "user": {
                "login": "davidism",
                "id": 1242887,
                "node_id": "MDQ6VXNlcjEyNDI4ODc=",
                "avatar_url": "https://avatars1.githubusercontent.com/u/1242887?v=4",
                "gravatar_id": "",
                "url": "https://api.github.com/users/davidism",
                "html_url": "https://github.com/davidism",
                "followers_url": "https://api.github.com/users/davidism/followers",
                "following_url": "https://api.github.com/users/davidism/following{/other_user}",
                "gists_url": "https://api.github.com/users/davidism/gists{/gist_id}",
                "starred_url": "https://api.github.com/users/davidism/starred{/owner}{/repo}",
                "subscriptions_url": "https://api.github.com/users/davidism/subscriptions",
                "organizations_url": "https://api.github.com/users/davidism/orgs",
                "repos_url": "https://api.github.com/users/davidism/repos",
                "events_url": "https://api.github.com/users/davidism/events{/privacy}",
                "received_events_url": "https://api.github.com/users/davidism/received_events",
                "type": "User",
                "site_admin": false
            },
            "created_at": "2018-02-16T20:22:17Z",
            "updated_at": "2018-02-16T20:22:17Z",
            "author_association": "MEMBER",
            "body": "Re: `zip_safe`: I can add it, but I don't think it's needed. It only affects `bdist_egg`, autodetection sets `False` when it finds data files, and `pip` always unzips packages.\r\n\r\nRe: temporary database: I realized while training an intern recently that Flask-SQLAlchemy, Flask-WTF, and most extensions don't have a section on testing patterns. I think those projects' docs should be improved instead. If you can think of a clean way to do it with plain SQLite, I'll add it, but it's pretty complex even with SQLAlchemy."
        },
        {
            "url": "https://api.github.com/repos/pallets/flask/issues/comments/421533882",
            "html_url": "https://github.com/pallets/flask/issues/2513#issuecomment-421533882",
            "issue_url": "https://api.github.com/repos/pallets/flask/issues/2513",
            "id": 421533882,
            "node_id": "MDEyOklzc3VlQ29tbWVudDQyMTUzMzg4Mg==",
            "user": {
                "login": "gpbaculio",
                "id": 17801912,
                "node_id": "MDQ6VXNlcjE3ODAxOTEy",
                "avatar_url": "https://avatars0.githubusercontent.com/u/17801912?v=4",
                "gravatar_id": "",
                "url": "https://api.github.com/users/gpbaculio",
                "html_url": "https://github.com/gpbaculio",
                "followers_url": "https://api.github.com/users/gpbaculio/followers",
                "following_url": "https://api.github.com/users/gpbaculio/following{/other_user}",
                "gists_url": "https://api.github.com/users/gpbaculio/gists{/gist_id}",
                "starred_url": "https://api.github.com/users/gpbaculio/starred{/owner}{/repo}",
                "subscriptions_url": "https://api.github.com/users/gpbaculio/subscriptions",
                "organizations_url": "https://api.github.com/users/gpbaculio/orgs",
                "repos_url": "https://api.github.com/users/gpbaculio/repos",
                "events_url": "https://api.github.com/users/gpbaculio/events{/privacy}",
                "received_events_url": "https://api.github.com/users/gpbaculio/received_events",
                "type": "User",
                "site_admin": false
            },
            "created_at": "2018-09-15T05:59:04Z",
            "updated_at": "2018-09-15T13:06:45Z",
            "author_association": "NONE",
            "body": "I have followed the readme on the master but failed on windows 10"
        }
    ]
}