{
    "url": "https://api.github.com/repos/pallets/flask/issues/2514",
    "repository_url": "https://api.github.com/repos/pallets/flask",
    "labels_url": "https://api.github.com/repos/pallets/flask/issues/2514/labels{/name}",
    "comments_url": "https://api.github.com/repos/pallets/flask/issues/2514/comments",
    "events_url": "https://api.github.com/repos/pallets/flask/issues/2514/events",
    "html_url": "https://github.com/pallets/flask/issues/2514",
    "id": 272459422,
    "node_id": "MDU6SXNzdWUyNzI0NTk0MjI=",
    "number": 2514,
    "title": "Unable to generate the PDF version of the documentation",
    "user": {
        "login": "matrixise",
        "id": 38737,
        "node_id": "MDQ6VXNlcjM4NzM3",
        "avatar_url": "https://avatars2.githubusercontent.com/u/38737?v=4",
        "gravatar_id": "",
        "url": "https://api.github.com/users/matrixise",
        "html_url": "https://github.com/matrixise",
        "followers_url": "https://api.github.com/users/matrixise/followers",
        "following_url": "https://api.github.com/users/matrixise/following{/other_user}",
        "gists_url": "https://api.github.com/users/matrixise/gists{/gist_id}",
        "starred_url": "https://api.github.com/users/matrixise/starred{/owner}{/repo}",
        "subscriptions_url": "https://api.github.com/users/matrixise/subscriptions",
        "organizations_url": "https://api.github.com/users/matrixise/orgs",
        "repos_url": "https://api.github.com/users/matrixise/repos",
        "events_url": "https://api.github.com/users/matrixise/events{/privacy}",
        "received_events_url": "https://api.github.com/users/matrixise/received_events",
        "type": "User",
        "site_admin": false
    },
    "labels": [],
    "state": "closed",
    "locked": false,
    "assignee": null,
    "assignees": [],
    "milestone": null,
    "comments": 5,
    "created_at": "2017-11-09T07:00:59Z",
    "updated_at": "2018-05-09T16:53:52Z",
    "closed_at": "2018-05-09T16:36:27Z",
    "author_association": "CONTRIBUTOR",
    "body": "commit rev: 470112dd6e708a18eb4ec1daa10c4ea276620dbf\r\npython: 3.6.2\r\n\r\nin the `docs` directory, just execute `make latexpdf`, there are issues with `\\maketitle` and an unicode char.\r\n```\r\n(/usr/share/texlive/texmf-dist/tex/latex/hyperref/nameref.sty\r\n(/usr/share/texlive/texmf-dist/tex/generic/oberdiek/gettitlestring.sty))\r\n! Undefined control sequence.\r\n\\maketitle ...tnoterule \\relax \\ifsphinxpdfoutput \r\n                                                  \\begingroup \\def \\\\{, } \\p...\r\nl.66 \\maketitle\r\n               \r\n? \r\n```\r\n\r\n```\r\n! Package inputenc Error: Unicode char \ud83c\udf89 (U+1F389)\r\n(inputenc)                not set up for use with LaTeX.\r\n\r\nSee the inputenc package documentation for explanation.\r\nType  H <return>  for immediate help.\r\n ...                                              \r\n                                                  \r\nl.20767 Celebrate \ud83c\udf89\r\n                      \r\n? \r\n```\r\n\r\n```\r\nCollected error summary (may duplicate other messages):\r\n  pdflatex: Command for 'pdflatex' gave return code 1\r\n      Refer to 'Flask.log' for details\r\nLatexmk: Use the -f option to force complete processing,\r\n unless error was exceeding maximum runs of latex/pdflatex.\r\nmake[1]: *** [Makefile:33: Flask.pdf] Error 12\r\nmake[1]\u00a0: on quitte le r\u00e9pertoire \u00ab\u00a0/home/stephane/src/github.com/pallets/flask/docs/_build/latex\u00a0\u00bb\r\nmake: *** [Makefile:101: latexpdf] Error 2\r\n```",
    "comments_inline": [
        {
            "url": "https://api.github.com/repos/pallets/flask/issues/comments/343182580",
            "html_url": "https://github.com/pallets/flask/issues/2514#issuecomment-343182580",
            "issue_url": "https://api.github.com/repos/pallets/flask/issues/2514",
            "id": 343182580,
            "node_id": "MDEyOklzc3VlQ29tbWVudDM0MzE4MjU4MA==",
            "user": {
                "login": "davidism",
                "id": 1242887,
                "node_id": "MDQ6VXNlcjEyNDI4ODc=",
                "avatar_url": "https://avatars1.githubusercontent.com/u/1242887?v=4",
                "gravatar_id": "",
                "url": "https://api.github.com/users/davidism",
                "html_url": "https://github.com/davidism",
                "followers_url": "https://api.github.com/users/davidism/followers",
                "following_url": "https://api.github.com/users/davidism/following{/other_user}",
                "gists_url": "https://api.github.com/users/davidism/gists{/gist_id}",
                "starred_url": "https://api.github.com/users/davidism/starred{/owner}{/repo}",
                "subscriptions_url": "https://api.github.com/users/davidism/subscriptions",
                "organizations_url": "https://api.github.com/users/davidism/orgs",
                "repos_url": "https://api.github.com/users/davidism/repos",
                "events_url": "https://api.github.com/users/davidism/events{/privacy}",
                "received_events_url": "https://api.github.com/users/davidism/received_events",
                "type": "User",
                "site_admin": false
            },
            "created_at": "2017-11-09T15:06:39Z",
            "updated_at": "2017-11-09T15:07:23Z",
            "author_association": "MEMBER",
            "body": "I run into this and other Latex issues constantly when building new docs. We can't run the automatic doc builder because it gets stuck, so I have to manually run it on new releases and skip through all the error prompts. We are switching to Read The Docs (pallets/meta#15), but if anyone understands Latex and wants to take a look before then it would be appreciated."
        },
        {
            "url": "https://api.github.com/repos/pallets/flask/issues/comments/361914984",
            "html_url": "https://github.com/pallets/flask/issues/2514#issuecomment-361914984",
            "issue_url": "https://api.github.com/repos/pallets/flask/issues/2514",
            "id": 361914984,
            "node_id": "MDEyOklzc3VlQ29tbWVudDM2MTkxNDk4NA==",
            "user": {
                "login": "lepture",
                "id": 290496,
                "node_id": "MDQ6VXNlcjI5MDQ5Ng==",
                "avatar_url": "https://avatars2.githubusercontent.com/u/290496?v=4",
                "gravatar_id": "",
                "url": "https://api.github.com/users/lepture",
                "html_url": "https://github.com/lepture",
                "followers_url": "https://api.github.com/users/lepture/followers",
                "following_url": "https://api.github.com/users/lepture/following{/other_user}",
                "gists_url": "https://api.github.com/users/lepture/gists{/gist_id}",
                "starred_url": "https://api.github.com/users/lepture/starred{/owner}{/repo}",
                "subscriptions_url": "https://api.github.com/users/lepture/subscriptions",
                "organizations_url": "https://api.github.com/users/lepture/orgs",
                "repos_url": "https://api.github.com/users/lepture/repos",
                "events_url": "https://api.github.com/users/lepture/events{/privacy}",
                "received_events_url": "https://api.github.com/users/lepture/received_events",
                "type": "User",
                "site_admin": false
            },
            "created_at": "2018-01-31T12:15:12Z",
            "updated_at": "2018-01-31T12:15:12Z",
            "author_association": "MEMBER",
            "body": "We shouldn't care about things like this.\r\n\r\n@mitsuhiko is there a certain reason that we don't use RTD?"
        },
        {
            "url": "https://api.github.com/repos/pallets/flask/issues/comments/361924922",
            "html_url": "https://github.com/pallets/flask/issues/2514#issuecomment-361924922",
            "issue_url": "https://api.github.com/repos/pallets/flask/issues/2514",
            "id": 361924922,
            "node_id": "MDEyOklzc3VlQ29tbWVudDM2MTkyNDkyMg==",
            "user": {
                "login": "davidism",
                "id": 1242887,
                "node_id": "MDQ6VXNlcjEyNDI4ODc=",
                "avatar_url": "https://avatars1.githubusercontent.com/u/1242887?v=4",
                "gravatar_id": "",
                "url": "https://api.github.com/users/davidism",
                "html_url": "https://github.com/davidism",
                "followers_url": "https://api.github.com/users/davidism/followers",
                "following_url": "https://api.github.com/users/davidism/following{/other_user}",
                "gists_url": "https://api.github.com/users/davidism/gists{/gist_id}",
                "starred_url": "https://api.github.com/users/davidism/starred{/owner}{/repo}",
                "subscriptions_url": "https://api.github.com/users/davidism/subscriptions",
                "organizations_url": "https://api.github.com/users/davidism/orgs",
                "repos_url": "https://api.github.com/users/davidism/repos",
                "events_url": "https://api.github.com/users/davidism/events{/privacy}",
                "received_events_url": "https://api.github.com/users/davidism/received_events",
                "type": "User",
                "site_admin": false
            },
            "created_at": "2018-01-31T12:59:59Z",
            "updated_at": "2018-01-31T12:59:59Z",
            "author_association": "MEMBER",
            "body": "There is some internal discussion going on about that, but I'd still like to fix it."
        },
        {
            "url": "https://api.github.com/repos/pallets/flask/issues/comments/387797545",
            "html_url": "https://github.com/pallets/flask/issues/2514#issuecomment-387797545",
            "issue_url": "https://api.github.com/repos/pallets/flask/issues/2514",
            "id": 387797545,
            "node_id": "MDEyOklzc3VlQ29tbWVudDM4Nzc5NzU0NQ==",
            "user": {
                "login": "danielopitz",
                "id": 1937970,
                "node_id": "MDQ6VXNlcjE5Mzc5NzA=",
                "avatar_url": "https://avatars2.githubusercontent.com/u/1937970?v=4",
                "gravatar_id": "",
                "url": "https://api.github.com/users/danielopitz",
                "html_url": "https://github.com/danielopitz",
                "followers_url": "https://api.github.com/users/danielopitz/followers",
                "following_url": "https://api.github.com/users/danielopitz/following{/other_user}",
                "gists_url": "https://api.github.com/users/danielopitz/gists{/gist_id}",
                "starred_url": "https://api.github.com/users/danielopitz/starred{/owner}{/repo}",
                "subscriptions_url": "https://api.github.com/users/danielopitz/subscriptions",
                "organizations_url": "https://api.github.com/users/danielopitz/orgs",
                "repos_url": "https://api.github.com/users/danielopitz/repos",
                "events_url": "https://api.github.com/users/danielopitz/events{/privacy}",
                "received_events_url": "https://api.github.com/users/danielopitz/received_events",
                "type": "User",
                "site_admin": false
            },
            "created_at": "2018-05-09T16:29:40Z",
            "updated_at": "2018-05-09T16:29:40Z",
            "author_association": "CONTRIBUTOR",
            "body": "This should be working now :)"
        },
        {
            "url": "https://api.github.com/repos/pallets/flask/issues/comments/387804570",
            "html_url": "https://github.com/pallets/flask/issues/2514#issuecomment-387804570",
            "issue_url": "https://api.github.com/repos/pallets/flask/issues/2514",
            "id": 387804570,
            "node_id": "MDEyOklzc3VlQ29tbWVudDM4NzgwNDU3MA==",
            "user": {
                "login": "matrixise",
                "id": 38737,
                "node_id": "MDQ6VXNlcjM4NzM3",
                "avatar_url": "https://avatars2.githubusercontent.com/u/38737?v=4",
                "gravatar_id": "",
                "url": "https://api.github.com/users/matrixise",
                "html_url": "https://github.com/matrixise",
                "followers_url": "https://api.github.com/users/matrixise/followers",
                "following_url": "https://api.github.com/users/matrixise/following{/other_user}",
                "gists_url": "https://api.github.com/users/matrixise/gists{/gist_id}",
                "starred_url": "https://api.github.com/users/matrixise/starred{/owner}{/repo}",
                "subscriptions_url": "https://api.github.com/users/matrixise/subscriptions",
                "organizations_url": "https://api.github.com/users/matrixise/orgs",
                "repos_url": "https://api.github.com/users/matrixise/repos",
                "events_url": "https://api.github.com/users/matrixise/events{/privacy}",
                "received_events_url": "https://api.github.com/users/matrixise/received_events",
                "type": "User",
                "site_admin": false
            },
            "created_at": "2018-05-09T16:53:52Z",
            "updated_at": "2018-05-09T16:53:52Z",
            "author_association": "CONTRIBUTOR",
            "body": "Ok I will try ;-)\n\n> On 9 May 2018, at 12:37, David Lord <notifications@github.com> wrote:\n> \n> Closed #2514.\n> \n> \u2014\n> You are receiving this because you authored the thread.\n> Reply to this email directly, view it on GitHub, or mute the thread.\n> \n"
        }
    ]
}