{
    "url": "https://api.github.com/repos/pallets/flask/issues/2515",
    "repository_url": "https://api.github.com/repos/pallets/flask",
    "labels_url": "https://api.github.com/repos/pallets/flask/issues/2515/labels{/name}",
    "comments_url": "https://api.github.com/repos/pallets/flask/issues/2515/comments",
    "events_url": "https://api.github.com/repos/pallets/flask/issues/2515/events",
    "html_url": "https://github.com/pallets/flask/pull/2515",
    "id": 272740170,
    "node_id": "MDExOlB1bGxSZXF1ZXN0MTUxNzc0NDA3",
    "number": 2515,
    "title": "Minor fix in flaskr example README",
    "user": {
        "login": "domandinho",
        "id": 10546072,
        "node_id": "MDQ6VXNlcjEwNTQ2MDcy",
        "avatar_url": "https://avatars0.githubusercontent.com/u/10546072?v=4",
        "gravatar_id": "",
        "url": "https://api.github.com/users/domandinho",
        "html_url": "https://github.com/domandinho",
        "followers_url": "https://api.github.com/users/domandinho/followers",
        "following_url": "https://api.github.com/users/domandinho/following{/other_user}",
        "gists_url": "https://api.github.com/users/domandinho/gists{/gist_id}",
        "starred_url": "https://api.github.com/users/domandinho/starred{/owner}{/repo}",
        "subscriptions_url": "https://api.github.com/users/domandinho/subscriptions",
        "organizations_url": "https://api.github.com/users/domandinho/orgs",
        "repos_url": "https://api.github.com/users/domandinho/repos",
        "events_url": "https://api.github.com/users/domandinho/events{/privacy}",
        "received_events_url": "https://api.github.com/users/domandinho/received_events",
        "type": "User",
        "site_admin": false
    },
    "labels": [],
    "state": "closed",
    "locked": false,
    "assignee": null,
    "assignees": [],
    "milestone": null,
    "comments": 0,
    "created_at": "2017-11-09T22:01:58Z",
    "updated_at": "2017-11-09T22:16:18Z",
    "closed_at": "2017-11-09T22:10:10Z",
    "author_association": "CONTRIBUTOR",
    "pull_request": {
        "url": "https://api.github.com/repos/pallets/flask/pulls/2515",
        "html_url": "https://github.com/pallets/flask/pull/2515",
        "diff_url": "https://github.com/pallets/flask/pull/2515.diff",
        "patch_url": "https://github.com/pallets/flask/pull/2515.patch"
    },
    "body": "Describe what this patch does to fix the issue.\r\nExport of FLASK_APP ends with success.\r\n"
}