{
    "url": "https://api.github.com/repos/pallets/flask/issues/2516",
    "repository_url": "https://api.github.com/repos/pallets/flask",
    "labels_url": "https://api.github.com/repos/pallets/flask/issues/2516/labels{/name}",
    "comments_url": "https://api.github.com/repos/pallets/flask/issues/2516/comments",
    "events_url": "https://api.github.com/repos/pallets/flask/issues/2516/events",
    "html_url": "https://github.com/pallets/flask/issues/2516",
    "id": 272740228,
    "node_id": "MDU6SXNzdWUyNzI3NDAyMjg=",
    "number": 2516,
    "title": "Minor bug in examples/flaskr/README",
    "user": {
        "login": "domandinho",
        "id": 10546072,
        "node_id": "MDQ6VXNlcjEwNTQ2MDcy",
        "avatar_url": "https://avatars0.githubusercontent.com/u/10546072?v=4",
        "gravatar_id": "",
        "url": "https://api.github.com/users/domandinho",
        "html_url": "https://github.com/domandinho",
        "followers_url": "https://api.github.com/users/domandinho/followers",
        "following_url": "https://api.github.com/users/domandinho/following{/other_user}",
        "gists_url": "https://api.github.com/users/domandinho/gists{/gist_id}",
        "starred_url": "https://api.github.com/users/domandinho/starred{/owner}{/repo}",
        "subscriptions_url": "https://api.github.com/users/domandinho/subscriptions",
        "organizations_url": "https://api.github.com/users/domandinho/orgs",
        "repos_url": "https://api.github.com/users/domandinho/repos",
        "events_url": "https://api.github.com/users/domandinho/events{/privacy}",
        "received_events_url": "https://api.github.com/users/domandinho/received_events",
        "type": "User",
        "site_admin": false
    },
    "labels": [],
    "state": "closed",
    "locked": false,
    "assignee": null,
    "assignees": [],
    "milestone": null,
    "comments": 0,
    "created_at": "2017-11-09T22:02:10Z",
    "updated_at": "2017-11-09T22:10:18Z",
    "closed_at": "2017-11-09T22:10:18Z",
    "author_association": "CONTRIBUTOR",
    "body": "### Expected Behavior\r\nLine which exports FLASK_APP ends with success.\r\n\r\n### Actual Behavior\r\nLine which exports FLASK_APP ends with error:\r\nbash syntax error near unexpected token ('\r\n\r\nPR: https://github.com/pallets/flask/pull/2515"
}