{
    "url": "https://api.github.com/repos/pallets/flask/issues/2518",
    "repository_url": "https://api.github.com/repos/pallets/flask",
    "labels_url": "https://api.github.com/repos/pallets/flask/issues/2518/labels{/name}",
    "comments_url": "https://api.github.com/repos/pallets/flask/issues/2518/comments",
    "events_url": "https://api.github.com/repos/pallets/flask/issues/2518/events",
    "html_url": "https://github.com/pallets/flask/issues/2518",
    "id": 273296281,
    "node_id": "MDU6SXNzdWUyNzMyOTYyODE=",
    "number": 2518,
    "title": "A strange error when a \u201c/a/b/c\u201d route render to a template",
    "user": {
        "login": "MrKiven",
        "id": 4526759,
        "node_id": "MDQ6VXNlcjQ1MjY3NTk=",
        "avatar_url": "https://avatars0.githubusercontent.com/u/4526759?v=4",
        "gravatar_id": "",
        "url": "https://api.github.com/users/MrKiven",
        "html_url": "https://github.com/MrKiven",
        "followers_url": "https://api.github.com/users/MrKiven/followers",
        "following_url": "https://api.github.com/users/MrKiven/following{/other_user}",
        "gists_url": "https://api.github.com/users/MrKiven/gists{/gist_id}",
        "starred_url": "https://api.github.com/users/MrKiven/starred{/owner}{/repo}",
        "subscriptions_url": "https://api.github.com/users/MrKiven/subscriptions",
        "organizations_url": "https://api.github.com/users/MrKiven/orgs",
        "repos_url": "https://api.github.com/users/MrKiven/repos",
        "events_url": "https://api.github.com/users/MrKiven/events{/privacy}",
        "received_events_url": "https://api.github.com/users/MrKiven/received_events",
        "type": "User",
        "site_admin": false
    },
    "labels": [],
    "state": "closed",
    "locked": false,
    "assignee": null,
    "assignees": [],
    "milestone": null,
    "comments": 1,
    "created_at": "2017-11-13T02:58:00Z",
    "updated_at": "2017-11-13T05:12:58Z",
    "closed_at": "2017-11-13T05:12:58Z",
    "author_association": "NONE",
    "body": "MacOS\r\n* Python version: 2.7.10\r\n* Flask version: 0.12.2\r\n* Werkzeug version: 0.12.2 \r\n\r\nI have a view function that render a html template named \"MyViewFunc\", then I add a route rule to this function ```app.add_url_rule(\"/a/b/c\", \"MyViewFunc\", MyViewFunc)```.\r\n\r\nThis caused a strange mistake in browser:\r\n![snip20171113_2](https://user-images.githubusercontent.com/4526759/32707800-ff513d84-c7eb-11e7-8fa9-995cf2fd6eaf.png)\r\n\r\nBut when write as ```app.add_url_rule(\"/a\", \"MyViewFunc\", MyViewFunc)```, it's ok\r\n\r\n",
    "comments_inline": [
        {
            "url": "https://api.github.com/repos/pallets/flask/issues/comments/343815632",
            "html_url": "https://github.com/pallets/flask/issues/2518#issuecomment-343815632",
            "issue_url": "https://api.github.com/repos/pallets/flask/issues/2518",
            "id": 343815632,
            "node_id": "MDEyOklzc3VlQ29tbWVudDM0MzgxNTYzMg==",
            "user": {
                "login": "davidism",
                "id": 1242887,
                "node_id": "MDQ6VXNlcjEyNDI4ODc=",
                "avatar_url": "https://avatars1.githubusercontent.com/u/1242887?v=4",
                "gravatar_id": "",
                "url": "https://api.github.com/users/davidism",
                "html_url": "https://github.com/davidism",
                "followers_url": "https://api.github.com/users/davidism/followers",
                "following_url": "https://api.github.com/users/davidism/following{/other_user}",
                "gists_url": "https://api.github.com/users/davidism/gists{/gist_id}",
                "starred_url": "https://api.github.com/users/davidism/starred{/owner}{/repo}",
                "subscriptions_url": "https://api.github.com/users/davidism/subscriptions",
                "organizations_url": "https://api.github.com/users/davidism/orgs",
                "repos_url": "https://api.github.com/users/davidism/repos",
                "events_url": "https://api.github.com/users/davidism/events{/privacy}",
                "received_events_url": "https://api.github.com/users/davidism/received_events",
                "type": "User",
                "site_admin": false
            },
            "created_at": "2017-11-13T05:12:58Z",
            "updated_at": "2017-11-13T05:12:58Z",
            "author_association": "MEMBER",
            "body": "Those are JavaScript errors, not Python / Flask errors. Please use Stack Overflow for questions about your own code. This tracker is for issues related to the project itself. Be sure to include a [minimal, complete, and verifiable example](https://stackoverflow.com/help/mcve)."
        }
    ]
}