{
    "url": "https://api.github.com/repos/pallets/flask/issues/252",
    "repository_url": "https://api.github.com/repos/pallets/flask",
    "labels_url": "https://api.github.com/repos/pallets/flask/issues/252/labels{/name}",
    "comments_url": "https://api.github.com/repos/pallets/flask/issues/252/comments",
    "events_url": "https://api.github.com/repos/pallets/flask/issues/252/events",
    "html_url": "https://github.com/pallets/flask/pull/252",
    "id": 1105418,
    "node_id": "MDExOlB1bGxSZXF1ZXN0MTk1MjM0",
    "number": 252,
    "title": "Added HTTPBin to Apps List",
    "user": {
        "login": "kennethreitz",
        "id": 119893,
        "node_id": "MDQ6VXNlcjExOTg5Mw==",
        "avatar_url": "https://avatars2.githubusercontent.com/u/119893?v=4",
        "gravatar_id": "",
        "url": "https://api.github.com/users/kennethreitz",
        "html_url": "https://github.com/kennethreitz",
        "followers_url": "https://api.github.com/users/kennethreitz/followers",
        "following_url": "https://api.github.com/users/kennethreitz/following{/other_user}",
        "gists_url": "https://api.github.com/users/kennethreitz/gists{/gist_id}",
        "starred_url": "https://api.github.com/users/kennethreitz/starred{/owner}{/repo}",
        "subscriptions_url": "https://api.github.com/users/kennethreitz/subscriptions",
        "organizations_url": "https://api.github.com/users/kennethreitz/orgs",
        "repos_url": "https://api.github.com/users/kennethreitz/repos",
        "events_url": "https://api.github.com/users/kennethreitz/events{/privacy}",
        "received_events_url": "https://api.github.com/users/kennethreitz/received_events",
        "type": "User",
        "site_admin": false
    },
    "labels": [],
    "state": "closed",
    "locked": false,
    "assignee": null,
    "assignees": [],
    "milestone": null,
    "comments": 1,
    "created_at": "2011-06-23T17:16:04Z",
    "updated_at": "2014-06-13T00:23:35Z",
    "closed_at": "2011-06-23T17:29:12Z",
    "author_association": "CONTRIBUTOR",
    "pull_request": {
        "url": "https://api.github.com/repos/pallets/flask/pulls/252",
        "html_url": "https://github.com/pallets/flask/pull/252",
        "diff_url": "https://github.com/pallets/flask/pull/252.diff",
        "patch_url": "https://github.com/pallets/flask/pull/252.patch"
    },
    "body": "Thanks!\n",
    "comments_inline": [
        {
            "url": "https://api.github.com/repos/pallets/flask/issues/comments/1426900",
            "html_url": "https://github.com/pallets/flask/pull/252#issuecomment-1426900",
            "issue_url": "https://api.github.com/repos/pallets/flask/issues/252",
            "id": 1426900,
            "node_id": "MDEyOklzc3VlQ29tbWVudDE0MjY5MDA=",
            "user": {
                "login": "mitsuhiko",
                "id": 7396,
                "node_id": "MDQ6VXNlcjczOTY=",
                "avatar_url": "https://avatars1.githubusercontent.com/u/7396?v=4",
                "gravatar_id": "",
                "url": "https://api.github.com/users/mitsuhiko",
                "html_url": "https://github.com/mitsuhiko",
                "followers_url": "https://api.github.com/users/mitsuhiko/followers",
                "following_url": "https://api.github.com/users/mitsuhiko/following{/other_user}",
                "gists_url": "https://api.github.com/users/mitsuhiko/gists{/gist_id}",
                "starred_url": "https://api.github.com/users/mitsuhiko/starred{/owner}{/repo}",
                "subscriptions_url": "https://api.github.com/users/mitsuhiko/subscriptions",
                "organizations_url": "https://api.github.com/users/mitsuhiko/orgs",
                "repos_url": "https://api.github.com/users/mitsuhiko/repos",
                "events_url": "https://api.github.com/users/mitsuhiko/events{/privacy}",
                "received_events_url": "https://api.github.com/users/mitsuhiko/received_events",
                "type": "User",
                "site_admin": false
            },
            "created_at": "2011-06-23T17:29:25Z",
            "updated_at": "2011-06-23T17:29:25Z",
            "author_association": "MEMBER",
            "body": "Thanks and online :)\n"
        }
    ]
}