{
    "url": "https://api.github.com/repos/pallets/flask/issues/2522",
    "repository_url": "https://api.github.com/repos/pallets/flask",
    "labels_url": "https://api.github.com/repos/pallets/flask/issues/2522/labels{/name}",
    "comments_url": "https://api.github.com/repos/pallets/flask/issues/2522/comments",
    "events_url": "https://api.github.com/repos/pallets/flask/issues/2522/events",
    "html_url": "https://github.com/pallets/flask/pull/2522",
    "id": 274132026,
    "node_id": "MDExOlB1bGxSZXF1ZXN0MTUyNzU2MzU0",
    "number": 2522,
    "title": "doc: add a pattern doc for Dramatiq",
    "user": {
        "login": "Bogdanp",
        "id": 43347,
        "node_id": "MDQ6VXNlcjQzMzQ3",
        "avatar_url": "https://avatars2.githubusercontent.com/u/43347?v=4",
        "gravatar_id": "",
        "url": "https://api.github.com/users/Bogdanp",
        "html_url": "https://github.com/Bogdanp",
        "followers_url": "https://api.github.com/users/Bogdanp/followers",
        "following_url": "https://api.github.com/users/Bogdanp/following{/other_user}",
        "gists_url": "https://api.github.com/users/Bogdanp/gists{/gist_id}",
        "starred_url": "https://api.github.com/users/Bogdanp/starred{/owner}{/repo}",
        "subscriptions_url": "https://api.github.com/users/Bogdanp/subscriptions",
        "organizations_url": "https://api.github.com/users/Bogdanp/orgs",
        "repos_url": "https://api.github.com/users/Bogdanp/repos",
        "events_url": "https://api.github.com/users/Bogdanp/events{/privacy}",
        "received_events_url": "https://api.github.com/users/Bogdanp/received_events",
        "type": "User",
        "site_admin": false
    },
    "labels": [],
    "state": "closed",
    "locked": false,
    "assignee": null,
    "assignees": [],
    "milestone": null,
    "comments": 10,
    "created_at": "2017-11-15T12:02:01Z",
    "updated_at": "2018-01-06T16:34:26Z",
    "closed_at": "2018-01-06T09:41:58Z",
    "author_association": "NONE",
    "pull_request": {
        "url": "https://api.github.com/repos/pallets/flask/pulls/2522",
        "html_url": "https://github.com/pallets/flask/pull/2522",
        "diff_url": "https://github.com/pallets/flask/pull/2522.diff",
        "patch_url": "https://github.com/pallets/flask/pull/2522.patch"
    },
    "body": "This adds an entry to the patterns section for [Dramatiq]. Let me know if there's anything I should change! \r\n\r\n[Dramatiq]: https://dramatiq.io",
    "comments_inline": [
        {
            "url": "https://api.github.com/repos/pallets/flask/issues/comments/344572650",
            "html_url": "https://github.com/pallets/flask/pull/2522#issuecomment-344572650",
            "issue_url": "https://api.github.com/repos/pallets/flask/issues/2522",
            "id": 344572650,
            "node_id": "MDEyOklzc3VlQ29tbWVudDM0NDU3MjY1MA==",
            "user": {
                "login": "ThiefMaster",
                "id": 179599,
                "node_id": "MDQ6VXNlcjE3OTU5OQ==",
                "avatar_url": "https://avatars1.githubusercontent.com/u/179599?v=4",
                "gravatar_id": "",
                "url": "https://api.github.com/users/ThiefMaster",
                "html_url": "https://github.com/ThiefMaster",
                "followers_url": "https://api.github.com/users/ThiefMaster/followers",
                "following_url": "https://api.github.com/users/ThiefMaster/following{/other_user}",
                "gists_url": "https://api.github.com/users/ThiefMaster/gists{/gist_id}",
                "starred_url": "https://api.github.com/users/ThiefMaster/starred{/owner}{/repo}",
                "subscriptions_url": "https://api.github.com/users/ThiefMaster/subscriptions",
                "organizations_url": "https://api.github.com/users/ThiefMaster/orgs",
                "repos_url": "https://api.github.com/users/ThiefMaster/repos",
                "events_url": "https://api.github.com/users/ThiefMaster/events{/privacy}",
                "received_events_url": "https://api.github.com/users/ThiefMaster/received_events",
                "type": "User",
                "site_admin": false
            },
            "created_at": "2017-11-15T12:03:05Z",
            "updated_at": "2017-11-15T12:03:05Z",
            "author_association": "MEMBER",
            "body": "This doesn't seem to be running the tasks inside an app context."
        },
        {
            "url": "https://api.github.com/repos/pallets/flask/issues/comments/344574270",
            "html_url": "https://github.com/pallets/flask/pull/2522#issuecomment-344574270",
            "issue_url": "https://api.github.com/repos/pallets/flask/issues/2522",
            "id": 344574270,
            "node_id": "MDEyOklzc3VlQ29tbWVudDM0NDU3NDI3MA==",
            "user": {
                "login": "Bogdanp",
                "id": 43347,
                "node_id": "MDQ6VXNlcjQzMzQ3",
                "avatar_url": "https://avatars2.githubusercontent.com/u/43347?v=4",
                "gravatar_id": "",
                "url": "https://api.github.com/users/Bogdanp",
                "html_url": "https://github.com/Bogdanp",
                "followers_url": "https://api.github.com/users/Bogdanp/followers",
                "following_url": "https://api.github.com/users/Bogdanp/following{/other_user}",
                "gists_url": "https://api.github.com/users/Bogdanp/gists{/gist_id}",
                "starred_url": "https://api.github.com/users/Bogdanp/starred{/owner}{/repo}",
                "subscriptions_url": "https://api.github.com/users/Bogdanp/subscriptions",
                "organizations_url": "https://api.github.com/users/Bogdanp/orgs",
                "repos_url": "https://api.github.com/users/Bogdanp/repos",
                "events_url": "https://api.github.com/users/Bogdanp/events{/privacy}",
                "received_events_url": "https://api.github.com/users/Bogdanp/received_events",
                "type": "User",
                "site_admin": false
            },
            "created_at": "2017-11-15T12:11:11Z",
            "updated_at": "2017-11-15T12:11:11Z",
            "author_association": "NONE",
            "body": "You're right, it isn't. I didn't occur to me to do it for such a simple example. I'll add a section on how to automatically wrap tasks inside an app context in a bit."
        },
        {
            "url": "https://api.github.com/repos/pallets/flask/issues/comments/344588892",
            "html_url": "https://github.com/pallets/flask/pull/2522#issuecomment-344588892",
            "issue_url": "https://api.github.com/repos/pallets/flask/issues/2522",
            "id": 344588892,
            "node_id": "MDEyOklzc3VlQ29tbWVudDM0NDU4ODg5Mg==",
            "user": {
                "login": "davidism",
                "id": 1242887,
                "node_id": "MDQ6VXNlcjEyNDI4ODc=",
                "avatar_url": "https://avatars1.githubusercontent.com/u/1242887?v=4",
                "gravatar_id": "",
                "url": "https://api.github.com/users/davidism",
                "html_url": "https://github.com/davidism",
                "followers_url": "https://api.github.com/users/davidism/followers",
                "following_url": "https://api.github.com/users/davidism/following{/other_user}",
                "gists_url": "https://api.github.com/users/davidism/gists{/gist_id}",
                "starred_url": "https://api.github.com/users/davidism/starred{/owner}{/repo}",
                "subscriptions_url": "https://api.github.com/users/davidism/subscriptions",
                "organizations_url": "https://api.github.com/users/davidism/orgs",
                "repos_url": "https://api.github.com/users/davidism/repos",
                "events_url": "https://api.github.com/users/davidism/events{/privacy}",
                "received_events_url": "https://api.github.com/users/davidism/received_events",
                "type": "User",
                "site_admin": false
            },
            "created_at": "2017-11-15T13:15:38Z",
            "updated_at": "2017-11-15T13:15:38Z",
            "author_association": "MEMBER",
            "body": "This seems like the exact same as the celery pattern. Why do we need another doc?"
        },
        {
            "url": "https://api.github.com/repos/pallets/flask/issues/comments/344591377",
            "html_url": "https://github.com/pallets/flask/pull/2522#issuecomment-344591377",
            "issue_url": "https://api.github.com/repos/pallets/flask/issues/2522",
            "id": 344591377,
            "node_id": "MDEyOklzc3VlQ29tbWVudDM0NDU5MTM3Nw==",
            "user": {
                "login": "wgwz",
                "id": 10120306,
                "node_id": "MDQ6VXNlcjEwMTIwMzA2",
                "avatar_url": "https://avatars2.githubusercontent.com/u/10120306?v=4",
                "gravatar_id": "",
                "url": "https://api.github.com/users/wgwz",
                "html_url": "https://github.com/wgwz",
                "followers_url": "https://api.github.com/users/wgwz/followers",
                "following_url": "https://api.github.com/users/wgwz/following{/other_user}",
                "gists_url": "https://api.github.com/users/wgwz/gists{/gist_id}",
                "starred_url": "https://api.github.com/users/wgwz/starred{/owner}{/repo}",
                "subscriptions_url": "https://api.github.com/users/wgwz/subscriptions",
                "organizations_url": "https://api.github.com/users/wgwz/orgs",
                "repos_url": "https://api.github.com/users/wgwz/repos",
                "events_url": "https://api.github.com/users/wgwz/events{/privacy}",
                "received_events_url": "https://api.github.com/users/wgwz/received_events",
                "type": "User",
                "site_admin": false
            },
            "created_at": "2017-11-15T13:25:49Z",
            "updated_at": "2017-11-15T13:25:49Z",
            "author_association": "CONTRIBUTOR",
            "body": "There's also the issue of maintenance. Keeping this up to date will fall on the Flask community. Maybe it's better to make a mention of Dramatiq and link to the project documentation specific to Flask?"
        },
        {
            "url": "https://api.github.com/repos/pallets/flask/issues/comments/344592852",
            "html_url": "https://github.com/pallets/flask/pull/2522#issuecomment-344592852",
            "issue_url": "https://api.github.com/repos/pallets/flask/issues/2522",
            "id": 344592852,
            "node_id": "MDEyOklzc3VlQ29tbWVudDM0NDU5Mjg1Mg==",
            "user": {
                "login": "Bogdanp",
                "id": 43347,
                "node_id": "MDQ6VXNlcjQzMzQ3",
                "avatar_url": "https://avatars2.githubusercontent.com/u/43347?v=4",
                "gravatar_id": "",
                "url": "https://api.github.com/users/Bogdanp",
                "html_url": "https://github.com/Bogdanp",
                "followers_url": "https://api.github.com/users/Bogdanp/followers",
                "following_url": "https://api.github.com/users/Bogdanp/following{/other_user}",
                "gists_url": "https://api.github.com/users/Bogdanp/gists{/gist_id}",
                "starred_url": "https://api.github.com/users/Bogdanp/starred{/owner}{/repo}",
                "subscriptions_url": "https://api.github.com/users/Bogdanp/subscriptions",
                "organizations_url": "https://api.github.com/users/Bogdanp/orgs",
                "repos_url": "https://api.github.com/users/Bogdanp/repos",
                "events_url": "https://api.github.com/users/Bogdanp/events{/privacy}",
                "received_events_url": "https://api.github.com/users/Bogdanp/received_events",
                "type": "User",
                "site_admin": false
            },
            "created_at": "2017-11-15T13:31:52Z",
            "updated_at": "2017-11-15T13:31:52Z",
            "author_association": "NONE",
            "body": "I've added info about how to set up the app context.\r\n\r\n> This seems like the exact same as the celery pattern. Why do we need another doc?\r\n\r\nThey are indeed very close. I figured this'd be useful to someone trying to decide what to use, but if it isn't that's OK too. :)\r\n\r\n> There's also the issue of maintenance. Keeping this up to date will fall on the Flask community. Maybe it's better to make a mention of Dramatiq and link to the project documentation specific to Flask?\r\n\r\n@wgwz The APIs documented here are unlikely to change, but you make a valid point. I'd be happy to maintain it though I realise that doesn't mean much from a first-time contributor. What would be a good place to put that mention if we go that route?\r\n\r\nI also forgot to leave a disclaimer in my OP, sorry about that! I am the creator of Dramatiq.\r\n"
        },
        {
            "url": "https://api.github.com/repos/pallets/flask/issues/comments/344606481",
            "html_url": "https://github.com/pallets/flask/pull/2522#issuecomment-344606481",
            "issue_url": "https://api.github.com/repos/pallets/flask/issues/2522",
            "id": 344606481,
            "node_id": "MDEyOklzc3VlQ29tbWVudDM0NDYwNjQ4MQ==",
            "user": {
                "login": "wgwz",
                "id": 10120306,
                "node_id": "MDQ6VXNlcjEwMTIwMzA2",
                "avatar_url": "https://avatars2.githubusercontent.com/u/10120306?v=4",
                "gravatar_id": "",
                "url": "https://api.github.com/users/wgwz",
                "html_url": "https://github.com/wgwz",
                "followers_url": "https://api.github.com/users/wgwz/followers",
                "following_url": "https://api.github.com/users/wgwz/following{/other_user}",
                "gists_url": "https://api.github.com/users/wgwz/gists{/gist_id}",
                "starred_url": "https://api.github.com/users/wgwz/starred{/owner}{/repo}",
                "subscriptions_url": "https://api.github.com/users/wgwz/subscriptions",
                "organizations_url": "https://api.github.com/users/wgwz/orgs",
                "repos_url": "https://api.github.com/users/wgwz/repos",
                "events_url": "https://api.github.com/users/wgwz/events{/privacy}",
                "received_events_url": "https://api.github.com/users/wgwz/received_events",
                "type": "User",
                "site_admin": false
            },
            "created_at": "2017-11-15T14:21:51Z",
            "updated_at": "2017-11-15T14:22:33Z",
            "author_association": "CONTRIBUTOR",
            "body": "The current [pattern](http://flask.pocoo.org/docs/0.12/patterns/celery/) could be made somewhat tool agnostic. Then it could mention \"here are different ways to handle background tasks\". It could even start from threading like is done [here](https://blog.miguelgrinberg.com/post/the-flask-mega-tutorial-part-xi-email-support) for emails, and extending into more advanced cases. I think the Celery snippet is important to keep, because it is widely used and the Celery docs don't have anything specific to Flask. So in this case you could add a link potentially as \"Here are more tools for task handling\". \r\n\r\nBut I'm not regular contributor, so we will have to see what others think. :) "
        },
        {
            "url": "https://api.github.com/repos/pallets/flask/issues/comments/355735593",
            "html_url": "https://github.com/pallets/flask/pull/2522#issuecomment-355735593",
            "issue_url": "https://api.github.com/repos/pallets/flask/issues/2522",
            "id": 355735593,
            "node_id": "MDEyOklzc3VlQ29tbWVudDM1NTczNTU5Mw==",
            "user": {
                "login": "lepture",
                "id": 290496,
                "node_id": "MDQ6VXNlcjI5MDQ5Ng==",
                "avatar_url": "https://avatars2.githubusercontent.com/u/290496?v=4",
                "gravatar_id": "",
                "url": "https://api.github.com/users/lepture",
                "html_url": "https://github.com/lepture",
                "followers_url": "https://api.github.com/users/lepture/followers",
                "following_url": "https://api.github.com/users/lepture/following{/other_user}",
                "gists_url": "https://api.github.com/users/lepture/gists{/gist_id}",
                "starred_url": "https://api.github.com/users/lepture/starred{/owner}{/repo}",
                "subscriptions_url": "https://api.github.com/users/lepture/subscriptions",
                "organizations_url": "https://api.github.com/users/lepture/orgs",
                "repos_url": "https://api.github.com/users/lepture/repos",
                "events_url": "https://api.github.com/users/lepture/events{/privacy}",
                "received_events_url": "https://api.github.com/users/lepture/received_events",
                "type": "User",
                "site_admin": false
            },
            "created_at": "2018-01-06T09:41:09Z",
            "updated_at": "2018-01-06T09:41:09Z",
            "author_association": "MEMBER",
            "body": "It is a burden for Flask community to maintain this piece of documentation."
        },
        {
            "url": "https://api.github.com/repos/pallets/flask/issues/comments/355735660",
            "html_url": "https://github.com/pallets/flask/pull/2522#issuecomment-355735660",
            "issue_url": "https://api.github.com/repos/pallets/flask/issues/2522",
            "id": 355735660,
            "node_id": "MDEyOklzc3VlQ29tbWVudDM1NTczNTY2MA==",
            "user": {
                "login": "lepture",
                "id": 290496,
                "node_id": "MDQ6VXNlcjI5MDQ5Ng==",
                "avatar_url": "https://avatars2.githubusercontent.com/u/290496?v=4",
                "gravatar_id": "",
                "url": "https://api.github.com/users/lepture",
                "html_url": "https://github.com/lepture",
                "followers_url": "https://api.github.com/users/lepture/followers",
                "following_url": "https://api.github.com/users/lepture/following{/other_user}",
                "gists_url": "https://api.github.com/users/lepture/gists{/gist_id}",
                "starred_url": "https://api.github.com/users/lepture/starred{/owner}{/repo}",
                "subscriptions_url": "https://api.github.com/users/lepture/subscriptions",
                "organizations_url": "https://api.github.com/users/lepture/orgs",
                "repos_url": "https://api.github.com/users/lepture/repos",
                "events_url": "https://api.github.com/users/lepture/events{/privacy}",
                "received_events_url": "https://api.github.com/users/lepture/received_events",
                "type": "User",
                "site_admin": false
            },
            "created_at": "2018-01-06T09:43:00Z",
            "updated_at": "2018-01-06T09:43:00Z",
            "author_association": "MEMBER",
            "body": "@mitsuhiko @ThiefMaster @untitaker @davidism \r\n\r\nClose it for now. If you find it is useful, you can reopen it."
        },
        {
            "url": "https://api.github.com/repos/pallets/flask/issues/comments/355754563",
            "html_url": "https://github.com/pallets/flask/pull/2522#issuecomment-355754563",
            "issue_url": "https://api.github.com/repos/pallets/flask/issues/2522",
            "id": 355754563,
            "node_id": "MDEyOklzc3VlQ29tbWVudDM1NTc1NDU2Mw==",
            "user": {
                "login": "davidism",
                "id": 1242887,
                "node_id": "MDQ6VXNlcjEyNDI4ODc=",
                "avatar_url": "https://avatars1.githubusercontent.com/u/1242887?v=4",
                "gravatar_id": "",
                "url": "https://api.github.com/users/davidism",
                "html_url": "https://github.com/davidism",
                "followers_url": "https://api.github.com/users/davidism/followers",
                "following_url": "https://api.github.com/users/davidism/following{/other_user}",
                "gists_url": "https://api.github.com/users/davidism/gists{/gist_id}",
                "starred_url": "https://api.github.com/users/davidism/starred{/owner}{/repo}",
                "subscriptions_url": "https://api.github.com/users/davidism/subscriptions",
                "organizations_url": "https://api.github.com/users/davidism/orgs",
                "repos_url": "https://api.github.com/users/davidism/repos",
                "events_url": "https://api.github.com/users/davidism/events{/privacy}",
                "received_events_url": "https://api.github.com/users/davidism/received_events",
                "type": "User",
                "site_admin": false
            },
            "created_at": "2018-01-06T15:36:11Z",
            "updated_at": "2018-01-06T15:36:11Z",
            "author_association": "MEMBER",
            "body": "I just want to say, I do like that there are more queue solutions out there. Celery definitely needs competition!"
        },
        {
            "url": "https://api.github.com/repos/pallets/flask/issues/comments/355758293",
            "html_url": "https://github.com/pallets/flask/pull/2522#issuecomment-355758293",
            "issue_url": "https://api.github.com/repos/pallets/flask/issues/2522",
            "id": 355758293,
            "node_id": "MDEyOklzc3VlQ29tbWVudDM1NTc1ODI5Mw==",
            "user": {
                "login": "lepture",
                "id": 290496,
                "node_id": "MDQ6VXNlcjI5MDQ5Ng==",
                "avatar_url": "https://avatars2.githubusercontent.com/u/290496?v=4",
                "gravatar_id": "",
                "url": "https://api.github.com/users/lepture",
                "html_url": "https://github.com/lepture",
                "followers_url": "https://api.github.com/users/lepture/followers",
                "following_url": "https://api.github.com/users/lepture/following{/other_user}",
                "gists_url": "https://api.github.com/users/lepture/gists{/gist_id}",
                "starred_url": "https://api.github.com/users/lepture/starred{/owner}{/repo}",
                "subscriptions_url": "https://api.github.com/users/lepture/subscriptions",
                "organizations_url": "https://api.github.com/users/lepture/orgs",
                "repos_url": "https://api.github.com/users/lepture/repos",
                "events_url": "https://api.github.com/users/lepture/events{/privacy}",
                "received_events_url": "https://api.github.com/users/lepture/received_events",
                "type": "User",
                "site_admin": false
            },
            "created_at": "2018-01-06T16:34:26Z",
            "updated_at": "2018-01-06T16:34:26Z",
            "author_association": "MEMBER",
            "body": "I'd like @Bogdanp to keep the documentation on his own project. And Flask adds a link ref to his documentation."
        }
    ]
}