{
    "url": "https://api.github.com/repos/pallets/flask/issues/2523",
    "repository_url": "https://api.github.com/repos/pallets/flask",
    "labels_url": "https://api.github.com/repos/pallets/flask/issues/2523/labels{/name}",
    "comments_url": "https://api.github.com/repos/pallets/flask/issues/2523/comments",
    "events_url": "https://api.github.com/repos/pallets/flask/issues/2523/events",
    "html_url": "https://github.com/pallets/flask/issues/2523",
    "id": 274935512,
    "node_id": "MDU6SXNzdWUyNzQ5MzU1MTI=",
    "number": 2523,
    "title": "Missing import statement in \"Uploading Files\" doc section",
    "user": {
        "login": "wrznr",
        "id": 26707219,
        "node_id": "MDQ6VXNlcjI2NzA3MjE5",
        "avatar_url": "https://avatars1.githubusercontent.com/u/26707219?v=4",
        "gravatar_id": "",
        "url": "https://api.github.com/users/wrznr",
        "html_url": "https://github.com/wrznr",
        "followers_url": "https://api.github.com/users/wrznr/followers",
        "following_url": "https://api.github.com/users/wrznr/following{/other_user}",
        "gists_url": "https://api.github.com/users/wrznr/gists{/gist_id}",
        "starred_url": "https://api.github.com/users/wrznr/starred{/owner}{/repo}",
        "subscriptions_url": "https://api.github.com/users/wrznr/subscriptions",
        "organizations_url": "https://api.github.com/users/wrznr/orgs",
        "repos_url": "https://api.github.com/users/wrznr/repos",
        "events_url": "https://api.github.com/users/wrznr/events{/privacy}",
        "received_events_url": "https://api.github.com/users/wrznr/received_events",
        "type": "User",
        "site_admin": false
    },
    "labels": [
        {
            "id": 32876,
            "node_id": "MDU6TGFiZWwzMjg3Ng==",
            "url": "https://api.github.com/repos/pallets/flask/labels/docs",
            "name": "docs",
            "color": "0e8a16",
            "default": false,
            "description": null
        },
        {
            "id": 170296925,
            "node_id": "MDU6TGFiZWwxNzAyOTY5MjU=",
            "url": "https://api.github.com/repos/pallets/flask/labels/good%20first%20issue",
            "name": "good first issue",
            "color": "fbca04",
            "default": true,
            "description": null
        }
    ],
    "state": "closed",
    "locked": false,
    "assignee": null,
    "assignees": [],
    "milestone": null,
    "comments": 3,
    "created_at": "2017-11-17T17:14:36Z",
    "updated_at": "2017-11-17T20:05:35Z",
    "closed_at": "2017-11-17T20:05:35Z",
    "author_association": "NONE",
    "body": "### Expected Behavior\r\n\r\nExamples in the documentation should be running after copying them. In this case the import statement for the `flash` function is missing in the example code.\r\n\r\n### Actual Behavior\r\n\r\nRunning the example from [Uploading Files](http://flask.pocoo.org/docs/0.12/patterns/fileuploads/) results in\r\n```console\r\nNameError: global name 'flash' is not defined\r\n```\r\n",
    "comments_inline": [
        {
            "url": "https://api.github.com/repos/pallets/flask/issues/comments/345314219",
            "html_url": "https://github.com/pallets/flask/issues/2523#issuecomment-345314219",
            "issue_url": "https://api.github.com/repos/pallets/flask/issues/2523",
            "id": 345314219,
            "node_id": "MDEyOklzc3VlQ29tbWVudDM0NTMxNDIxOQ==",
            "user": {
                "login": "davidism",
                "id": 1242887,
                "node_id": "MDQ6VXNlcjEyNDI4ODc=",
                "avatar_url": "https://avatars1.githubusercontent.com/u/1242887?v=4",
                "gravatar_id": "",
                "url": "https://api.github.com/users/davidism",
                "html_url": "https://github.com/davidism",
                "followers_url": "https://api.github.com/users/davidism/followers",
                "following_url": "https://api.github.com/users/davidism/following{/other_user}",
                "gists_url": "https://api.github.com/users/davidism/gists{/gist_id}",
                "starred_url": "https://api.github.com/users/davidism/starred{/owner}{/repo}",
                "subscriptions_url": "https://api.github.com/users/davidism/subscriptions",
                "organizations_url": "https://api.github.com/users/davidism/orgs",
                "repos_url": "https://api.github.com/users/davidism/repos",
                "events_url": "https://api.github.com/users/davidism/events{/privacy}",
                "received_events_url": "https://api.github.com/users/davidism/received_events",
                "type": "User",
                "site_admin": false
            },
            "created_at": "2017-11-17T17:47:56Z",
            "updated_at": "2017-11-17T17:47:56Z",
            "author_association": "MEMBER",
            "body": "PRs welcome"
        },
        {
            "url": "https://api.github.com/repos/pallets/flask/issues/comments/345351908",
            "html_url": "https://github.com/pallets/flask/issues/2523#issuecomment-345351908",
            "issue_url": "https://api.github.com/repos/pallets/flask/issues/2523",
            "id": 345351908,
            "node_id": "MDEyOklzc3VlQ29tbWVudDM0NTM1MTkwOA==",
            "user": {
                "login": "raynae",
                "id": 3433657,
                "node_id": "MDQ6VXNlcjM0MzM2NTc=",
                "avatar_url": "https://avatars3.githubusercontent.com/u/3433657?v=4",
                "gravatar_id": "",
                "url": "https://api.github.com/users/raynae",
                "html_url": "https://github.com/raynae",
                "followers_url": "https://api.github.com/users/raynae/followers",
                "following_url": "https://api.github.com/users/raynae/following{/other_user}",
                "gists_url": "https://api.github.com/users/raynae/gists{/gist_id}",
                "starred_url": "https://api.github.com/users/raynae/starred{/owner}{/repo}",
                "subscriptions_url": "https://api.github.com/users/raynae/subscriptions",
                "organizations_url": "https://api.github.com/users/raynae/orgs",
                "repos_url": "https://api.github.com/users/raynae/repos",
                "events_url": "https://api.github.com/users/raynae/events{/privacy}",
                "received_events_url": "https://api.github.com/users/raynae/received_events",
                "type": "User",
                "site_admin": false
            },
            "created_at": "2017-11-17T20:04:11Z",
            "updated_at": "2017-11-17T20:04:11Z",
            "author_association": "NONE",
            "body": "I was planning to make this edit, but it looks like this may have been fixed in #2230"
        },
        {
            "url": "https://api.github.com/repos/pallets/flask/issues/comments/345352234",
            "html_url": "https://github.com/pallets/flask/issues/2523#issuecomment-345352234",
            "issue_url": "https://api.github.com/repos/pallets/flask/issues/2523",
            "id": 345352234,
            "node_id": "MDEyOklzc3VlQ29tbWVudDM0NTM1MjIzNA==",
            "user": {
                "login": "davidism",
                "id": 1242887,
                "node_id": "MDQ6VXNlcjEyNDI4ODc=",
                "avatar_url": "https://avatars1.githubusercontent.com/u/1242887?v=4",
                "gravatar_id": "",
                "url": "https://api.github.com/users/davidism",
                "html_url": "https://github.com/davidism",
                "followers_url": "https://api.github.com/users/davidism/followers",
                "following_url": "https://api.github.com/users/davidism/following{/other_user}",
                "gists_url": "https://api.github.com/users/davidism/gists{/gist_id}",
                "starred_url": "https://api.github.com/users/davidism/starred{/owner}{/repo}",
                "subscriptions_url": "https://api.github.com/users/davidism/subscriptions",
                "organizations_url": "https://api.github.com/users/davidism/orgs",
                "repos_url": "https://api.github.com/users/davidism/repos",
                "events_url": "https://api.github.com/users/davidism/events{/privacy}",
                "received_events_url": "https://api.github.com/users/davidism/received_events",
                "type": "User",
                "site_admin": false
            },
            "created_at": "2017-11-17T20:05:35Z",
            "updated_at": "2017-11-17T20:05:35Z",
            "author_association": "MEMBER",
            "body": "Thanks for checking @raynae, didn't notice that the link wasn't to the dev version."
        }
    ]
}