{
    "url": "https://api.github.com/repos/pallets/flask/issues/2525",
    "repository_url": "https://api.github.com/repos/pallets/flask",
    "labels_url": "https://api.github.com/repos/pallets/flask/issues/2525/labels{/name}",
    "comments_url": "https://api.github.com/repos/pallets/flask/issues/2525/comments",
    "events_url": "https://api.github.com/repos/pallets/flask/issues/2525/events",
    "html_url": "https://github.com/pallets/flask/pull/2525",
    "id": 276212718,
    "node_id": "MDExOlB1bGxSZXF1ZXN0MTU0MjYxMzcz",
    "number": 2525,
    "title": "Docs: update Twisted Web example",
    "user": {
        "login": "proog",
        "id": 1532409,
        "node_id": "MDQ6VXNlcjE1MzI0MDk=",
        "avatar_url": "https://avatars1.githubusercontent.com/u/1532409?v=4",
        "gravatar_id": "",
        "url": "https://api.github.com/users/proog",
        "html_url": "https://github.com/proog",
        "followers_url": "https://api.github.com/users/proog/followers",
        "following_url": "https://api.github.com/users/proog/following{/other_user}",
        "gists_url": "https://api.github.com/users/proog/gists{/gist_id}",
        "starred_url": "https://api.github.com/users/proog/starred{/owner}{/repo}",
        "subscriptions_url": "https://api.github.com/users/proog/subscriptions",
        "organizations_url": "https://api.github.com/users/proog/orgs",
        "repos_url": "https://api.github.com/users/proog/repos",
        "events_url": "https://api.github.com/users/proog/events{/privacy}",
        "received_events_url": "https://api.github.com/users/proog/received_events",
        "type": "User",
        "site_admin": false
    },
    "labels": [],
    "state": "closed",
    "locked": false,
    "assignee": null,
    "assignees": [],
    "milestone": null,
    "comments": 0,
    "created_at": "2017-11-22T21:45:23Z",
    "updated_at": "2017-11-23T00:35:47Z",
    "closed_at": "2017-11-23T00:35:47Z",
    "author_association": "CONTRIBUTOR",
    "pull_request": {
        "url": "https://api.github.com/repos/pallets/flask/pulls/2525",
        "html_url": "https://github.com/pallets/flask/pull/2525",
        "diff_url": "https://github.com/pallets/flask/pull/2525.diff",
        "patch_url": "https://github.com/pallets/flask/pull/2525.patch"
    },
    "body": "In recent versions of Twisted Web, the `--port` option syntax has changed, and it is now necessary to specify the protocol along with the port."
}