{
    "url": "https://api.github.com/repos/pallets/flask/issues/2527",
    "repository_url": "https://api.github.com/repos/pallets/flask",
    "labels_url": "https://api.github.com/repos/pallets/flask/issues/2527/labels{/name}",
    "comments_url": "https://api.github.com/repos/pallets/flask/issues/2527/comments",
    "events_url": "https://api.github.com/repos/pallets/flask/issues/2527/events",
    "html_url": "https://github.com/pallets/flask/pull/2527",
    "id": 276310038,
    "node_id": "MDExOlB1bGxSZXF1ZXN0MTU0MzI5Njc4",
    "number": 2527,
    "title": "Fix ValueError for some invalid Range requests",
    "user": {
        "login": "ThiefMaster",
        "id": 179599,
        "node_id": "MDQ6VXNlcjE3OTU5OQ==",
        "avatar_url": "https://avatars1.githubusercontent.com/u/179599?v=4",
        "gravatar_id": "",
        "url": "https://api.github.com/users/ThiefMaster",
        "html_url": "https://github.com/ThiefMaster",
        "followers_url": "https://api.github.com/users/ThiefMaster/followers",
        "following_url": "https://api.github.com/users/ThiefMaster/following{/other_user}",
        "gists_url": "https://api.github.com/users/ThiefMaster/gists{/gist_id}",
        "starred_url": "https://api.github.com/users/ThiefMaster/starred{/owner}{/repo}",
        "subscriptions_url": "https://api.github.com/users/ThiefMaster/subscriptions",
        "organizations_url": "https://api.github.com/users/ThiefMaster/orgs",
        "repos_url": "https://api.github.com/users/ThiefMaster/repos",
        "events_url": "https://api.github.com/users/ThiefMaster/events{/privacy}",
        "received_events_url": "https://api.github.com/users/ThiefMaster/received_events",
        "type": "User",
        "site_admin": false
    },
    "labels": [],
    "state": "closed",
    "locked": false,
    "assignee": null,
    "assignees": [],
    "milestone": null,
    "comments": 2,
    "created_at": "2017-11-23T09:33:14Z",
    "updated_at": "2017-11-24T23:37:54Z",
    "closed_at": "2017-11-24T23:37:50Z",
    "author_association": "MEMBER",
    "pull_request": {
        "url": "https://api.github.com/repos/pallets/flask/pulls/2527",
        "html_url": "https://github.com/pallets/flask/pull/2527",
        "diff_url": "https://github.com/pallets/flask/pull/2527.diff",
        "patch_url": "https://github.com/pallets/flask/pull/2527.patch"
    },
    "body": "",
    "comments_inline": [
        {
            "url": "https://api.github.com/repos/pallets/flask/issues/comments/346570861",
            "html_url": "https://github.com/pallets/flask/pull/2527#issuecomment-346570861",
            "issue_url": "https://api.github.com/repos/pallets/flask/issues/2527",
            "id": 346570861,
            "node_id": "MDEyOklzc3VlQ29tbWVudDM0NjU3MDg2MQ==",
            "user": {
                "login": "ThiefMaster",
                "id": 179599,
                "node_id": "MDQ6VXNlcjE3OTU5OQ==",
                "avatar_url": "https://avatars1.githubusercontent.com/u/179599?v=4",
                "gravatar_id": "",
                "url": "https://api.github.com/users/ThiefMaster",
                "html_url": "https://github.com/ThiefMaster",
                "followers_url": "https://api.github.com/users/ThiefMaster/followers",
                "following_url": "https://api.github.com/users/ThiefMaster/following{/other_user}",
                "gists_url": "https://api.github.com/users/ThiefMaster/gists{/gist_id}",
                "starred_url": "https://api.github.com/users/ThiefMaster/starred{/owner}{/repo}",
                "subscriptions_url": "https://api.github.com/users/ThiefMaster/subscriptions",
                "organizations_url": "https://api.github.com/users/ThiefMaster/orgs",
                "repos_url": "https://api.github.com/users/ThiefMaster/repos",
                "events_url": "https://api.github.com/users/ThiefMaster/events{/privacy}",
                "received_events_url": "https://api.github.com/users/ThiefMaster/received_events",
                "type": "User",
                "site_admin": false
            },
            "created_at": "2017-11-23T09:44:35Z",
            "updated_at": "2017-11-23T09:44:35Z",
            "author_association": "MEMBER",
            "body": "Test failures are unrelated."
        },
        {
            "url": "https://api.github.com/repos/pallets/flask/issues/comments/346906375",
            "html_url": "https://github.com/pallets/flask/pull/2527#issuecomment-346906375",
            "issue_url": "https://api.github.com/repos/pallets/flask/issues/2527",
            "id": 346906375,
            "node_id": "MDEyOklzc3VlQ29tbWVudDM0NjkwNjM3NQ==",
            "user": {
                "login": "davidism",
                "id": 1242887,
                "node_id": "MDQ6VXNlcjEyNDI4ODc=",
                "avatar_url": "https://avatars1.githubusercontent.com/u/1242887?v=4",
                "gravatar_id": "",
                "url": "https://api.github.com/users/davidism",
                "html_url": "https://github.com/davidism",
                "followers_url": "https://api.github.com/users/davidism/followers",
                "following_url": "https://api.github.com/users/davidism/following{/other_user}",
                "gists_url": "https://api.github.com/users/davidism/gists{/gist_id}",
                "starred_url": "https://api.github.com/users/davidism/starred{/owner}{/repo}",
                "subscriptions_url": "https://api.github.com/users/davidism/subscriptions",
                "organizations_url": "https://api.github.com/users/davidism/orgs",
                "repos_url": "https://api.github.com/users/davidism/repos",
                "events_url": "https://api.github.com/users/davidism/events{/privacy}",
                "received_events_url": "https://api.github.com/users/davidism/received_events",
                "type": "User",
                "site_admin": false
            },
            "created_at": "2017-11-24T23:34:49Z",
            "updated_at": "2017-11-24T23:34:49Z",
            "author_association": "MEMBER",
            "body": "Just remember to merge this to master after merging here."
        }
    ]
}