{
    "url": "https://api.github.com/repos/pallets/flask/issues/2528",
    "repository_url": "https://api.github.com/repos/pallets/flask",
    "labels_url": "https://api.github.com/repos/pallets/flask/issues/2528/labels{/name}",
    "comments_url": "https://api.github.com/repos/pallets/flask/issues/2528/comments",
    "events_url": "https://api.github.com/repos/pallets/flask/issues/2528/events",
    "html_url": "https://github.com/pallets/flask/pull/2528",
    "id": 276689627,
    "node_id": "MDExOlB1bGxSZXF1ZXN0MTU0NjAxNTky",
    "number": 2528,
    "title": "Adding more examples",
    "user": {
        "login": "EricSchles",
        "id": 928957,
        "node_id": "MDQ6VXNlcjkyODk1Nw==",
        "avatar_url": "https://avatars2.githubusercontent.com/u/928957?v=4",
        "gravatar_id": "",
        "url": "https://api.github.com/users/EricSchles",
        "html_url": "https://github.com/EricSchles",
        "followers_url": "https://api.github.com/users/EricSchles/followers",
        "following_url": "https://api.github.com/users/EricSchles/following{/other_user}",
        "gists_url": "https://api.github.com/users/EricSchles/gists{/gist_id}",
        "starred_url": "https://api.github.com/users/EricSchles/starred{/owner}{/repo}",
        "subscriptions_url": "https://api.github.com/users/EricSchles/subscriptions",
        "organizations_url": "https://api.github.com/users/EricSchles/orgs",
        "repos_url": "https://api.github.com/users/EricSchles/repos",
        "events_url": "https://api.github.com/users/EricSchles/events{/privacy}",
        "received_events_url": "https://api.github.com/users/EricSchles/received_events",
        "type": "User",
        "site_admin": false
    },
    "labels": [],
    "state": "closed",
    "locked": false,
    "assignee": null,
    "assignees": [],
    "milestone": null,
    "comments": 0,
    "created_at": "2017-11-24T19:44:45Z",
    "updated_at": "2017-11-24T19:48:45Z",
    "closed_at": "2017-11-24T19:45:58Z",
    "author_association": "NONE",
    "pull_request": {
        "url": "https://api.github.com/repos/pallets/flask/pulls/2528",
        "html_url": "https://github.com/pallets/flask/pull/2528",
        "diff_url": "https://github.com/pallets/flask/pull/2528.diff",
        "patch_url": "https://github.com/pallets/flask/pull/2528.patch"
    },
    "body": "Describe what this patch does to fix the issue.\r\n\r\nLink to any relevant issues or pull requests.\r\n\r\n<!--\r\nCommit checklist:\r\n\r\n* add tests that fail without the patch\r\n* ensure all tests pass with ``pytest``\r\n* add documentation to the relevant docstrings or pages\r\n* add ``versionadded`` or ``versionchanged`` directives to relevant docstrings\r\n* add a changelog entry if this patch changes code\r\n\r\nTests, coverage, and docs will be run automatically when you submit the pull\r\nrequest, but running them yourself can save time.\r\n-->\r\n"
}