{
    "url": "https://api.github.com/repos/pallets/flask/issues/2529",
    "repository_url": "https://api.github.com/repos/pallets/flask",
    "labels_url": "https://api.github.com/repos/pallets/flask/issues/2529/labels{/name}",
    "comments_url": "https://api.github.com/repos/pallets/flask/issues/2529/comments",
    "events_url": "https://api.github.com/repos/pallets/flask/issues/2529/events",
    "html_url": "https://github.com/pallets/flask/pull/2529",
    "id": 276707641,
    "node_id": "MDExOlB1bGxSZXF1ZXN0MTU0NjEzNzM0",
    "number": 2529,
    "title": "Enable threads by default for the dev server",
    "user": {
        "login": "mitsuhiko",
        "id": 7396,
        "node_id": "MDQ6VXNlcjczOTY=",
        "avatar_url": "https://avatars1.githubusercontent.com/u/7396?v=4",
        "gravatar_id": "",
        "url": "https://api.github.com/users/mitsuhiko",
        "html_url": "https://github.com/mitsuhiko",
        "followers_url": "https://api.github.com/users/mitsuhiko/followers",
        "following_url": "https://api.github.com/users/mitsuhiko/following{/other_user}",
        "gists_url": "https://api.github.com/users/mitsuhiko/gists{/gist_id}",
        "starred_url": "https://api.github.com/users/mitsuhiko/starred{/owner}{/repo}",
        "subscriptions_url": "https://api.github.com/users/mitsuhiko/subscriptions",
        "organizations_url": "https://api.github.com/users/mitsuhiko/orgs",
        "repos_url": "https://api.github.com/users/mitsuhiko/repos",
        "events_url": "https://api.github.com/users/mitsuhiko/events{/privacy}",
        "received_events_url": "https://api.github.com/users/mitsuhiko/received_events",
        "type": "User",
        "site_admin": false
    },
    "labels": [],
    "state": "closed",
    "locked": false,
    "assignee": null,
    "assignees": [],
    "milestone": null,
    "comments": 8,
    "created_at": "2017-11-24T22:49:02Z",
    "updated_at": "2018-01-26T12:32:23Z",
    "closed_at": "2017-11-24T23:17:09Z",
    "author_association": "MEMBER",
    "pull_request": {
        "url": "https://api.github.com/repos/pallets/flask/pulls/2529",
        "html_url": "https://github.com/pallets/flask/pull/2529",
        "diff_url": "https://github.com/pallets/flask/pull/2529.diff",
        "patch_url": "https://github.com/pallets/flask/pull/2529.patch"
    },
    "body": "It's way too easy currently to deadlock the server with background resource\nfetching.  We really should have threads enabled by default now in my mind.",
    "comments_inline": [
        {
            "url": "https://api.github.com/repos/pallets/flask/issues/comments/346905332",
            "html_url": "https://github.com/pallets/flask/pull/2529#issuecomment-346905332",
            "issue_url": "https://api.github.com/repos/pallets/flask/issues/2529",
            "id": 346905332,
            "node_id": "MDEyOklzc3VlQ29tbWVudDM0NjkwNTMzMg==",
            "user": {
                "login": "davidism",
                "id": 1242887,
                "node_id": "MDQ6VXNlcjEyNDI4ODc=",
                "avatar_url": "https://avatars1.githubusercontent.com/u/1242887?v=4",
                "gravatar_id": "",
                "url": "https://api.github.com/users/davidism",
                "html_url": "https://github.com/davidism",
                "followers_url": "https://api.github.com/users/davidism/followers",
                "following_url": "https://api.github.com/users/davidism/following{/other_user}",
                "gists_url": "https://api.github.com/users/davidism/gists{/gist_id}",
                "starred_url": "https://api.github.com/users/davidism/starred{/owner}{/repo}",
                "subscriptions_url": "https://api.github.com/users/davidism/subscriptions",
                "organizations_url": "https://api.github.com/users/davidism/orgs",
                "repos_url": "https://api.github.com/users/davidism/repos",
                "events_url": "https://api.github.com/users/davidism/events{/privacy}",
                "received_events_url": "https://api.github.com/users/davidism/received_events",
                "type": "User",
                "site_admin": false
            },
            "created_at": "2017-11-24T23:15:35Z",
            "updated_at": "2017-11-24T23:15:35Z",
            "author_association": "MEMBER",
            "body": "Are there any issues using the debugger with threads, or is that just processes?"
        },
        {
            "url": "https://api.github.com/repos/pallets/flask/issues/comments/346905367",
            "html_url": "https://github.com/pallets/flask/pull/2529#issuecomment-346905367",
            "issue_url": "https://api.github.com/repos/pallets/flask/issues/2529",
            "id": 346905367,
            "node_id": "MDEyOklzc3VlQ29tbWVudDM0NjkwNTM2Nw==",
            "user": {
                "login": "ThiefMaster",
                "id": 179599,
                "node_id": "MDQ6VXNlcjE3OTU5OQ==",
                "avatar_url": "https://avatars1.githubusercontent.com/u/179599?v=4",
                "gravatar_id": "",
                "url": "https://api.github.com/users/ThiefMaster",
                "html_url": "https://github.com/ThiefMaster",
                "followers_url": "https://api.github.com/users/ThiefMaster/followers",
                "following_url": "https://api.github.com/users/ThiefMaster/following{/other_user}",
                "gists_url": "https://api.github.com/users/ThiefMaster/gists{/gist_id}",
                "starred_url": "https://api.github.com/users/ThiefMaster/starred{/owner}{/repo}",
                "subscriptions_url": "https://api.github.com/users/ThiefMaster/subscriptions",
                "organizations_url": "https://api.github.com/users/ThiefMaster/orgs",
                "repos_url": "https://api.github.com/users/ThiefMaster/repos",
                "events_url": "https://api.github.com/users/ThiefMaster/events{/privacy}",
                "received_events_url": "https://api.github.com/users/ThiefMaster/received_events",
                "type": "User",
                "site_admin": false
            },
            "created_at": "2017-11-24T23:16:12Z",
            "updated_at": "2017-11-24T23:16:12Z",
            "author_association": "MEMBER",
            "body": "At least I never had problems with the debugger with threads."
        },
        {
            "url": "https://api.github.com/repos/pallets/flask/issues/comments/346905404",
            "html_url": "https://github.com/pallets/flask/pull/2529#issuecomment-346905404",
            "issue_url": "https://api.github.com/repos/pallets/flask/issues/2529",
            "id": 346905404,
            "node_id": "MDEyOklzc3VlQ29tbWVudDM0NjkwNTQwNA==",
            "user": {
                "login": "mitsuhiko",
                "id": 7396,
                "node_id": "MDQ6VXNlcjczOTY=",
                "avatar_url": "https://avatars1.githubusercontent.com/u/7396?v=4",
                "gravatar_id": "",
                "url": "https://api.github.com/users/mitsuhiko",
                "html_url": "https://github.com/mitsuhiko",
                "followers_url": "https://api.github.com/users/mitsuhiko/followers",
                "following_url": "https://api.github.com/users/mitsuhiko/following{/other_user}",
                "gists_url": "https://api.github.com/users/mitsuhiko/gists{/gist_id}",
                "starred_url": "https://api.github.com/users/mitsuhiko/starred{/owner}{/repo}",
                "subscriptions_url": "https://api.github.com/users/mitsuhiko/subscriptions",
                "organizations_url": "https://api.github.com/users/mitsuhiko/orgs",
                "repos_url": "https://api.github.com/users/mitsuhiko/repos",
                "events_url": "https://api.github.com/users/mitsuhiko/events{/privacy}",
                "received_events_url": "https://api.github.com/users/mitsuhiko/received_events",
                "type": "User",
                "site_admin": false
            },
            "created_at": "2017-11-24T23:16:50Z",
            "updated_at": "2017-11-24T23:16:50Z",
            "author_association": "MEMBER",
            "body": "The debugger is threadsafe, so it should be fine."
        },
        {
            "url": "https://api.github.com/repos/pallets/flask/issues/comments/346923260",
            "html_url": "https://github.com/pallets/flask/pull/2529#issuecomment-346923260",
            "issue_url": "https://api.github.com/repos/pallets/flask/issues/2529",
            "id": 346923260,
            "node_id": "MDEyOklzc3VlQ29tbWVudDM0NjkyMzI2MA==",
            "user": {
                "login": "miguelgrinberg",
                "id": 2715854,
                "node_id": "MDQ6VXNlcjI3MTU4NTQ=",
                "avatar_url": "https://avatars0.githubusercontent.com/u/2715854?v=4",
                "gravatar_id": "",
                "url": "https://api.github.com/users/miguelgrinberg",
                "html_url": "https://github.com/miguelgrinberg",
                "followers_url": "https://api.github.com/users/miguelgrinberg/followers",
                "following_url": "https://api.github.com/users/miguelgrinberg/following{/other_user}",
                "gists_url": "https://api.github.com/users/miguelgrinberg/gists{/gist_id}",
                "starred_url": "https://api.github.com/users/miguelgrinberg/starred{/owner}{/repo}",
                "subscriptions_url": "https://api.github.com/users/miguelgrinberg/subscriptions",
                "organizations_url": "https://api.github.com/users/miguelgrinberg/orgs",
                "repos_url": "https://api.github.com/users/miguelgrinberg/repos",
                "events_url": "https://api.github.com/users/miguelgrinberg/events{/privacy}",
                "received_events_url": "https://api.github.com/users/miguelgrinberg/received_events",
                "type": "User",
                "site_admin": false
            },
            "created_at": "2017-11-25T07:01:15Z",
            "updated_at": "2017-11-25T07:01:43Z",
            "author_association": "MEMBER",
            "body": "The threaded Werkzeug server often locked for me as a result of hitting Ctrl-C to stop it, so I had to kill it from another terminal. A user of my Flask-SocketIO extension (which requires threads when running under Werkzeug) reported this as well (https://github.com/miguelgrinberg/Flask-SocketIO/issues/199). I never investigated the problem in detail, since the vast majority of my Socket.IO users use eventlet or gevent.\r\n\r\nIn any case, I'm +1 on enabling threads, but be aware that it might uncover some exit cleanup issues."
        },
        {
            "url": "https://api.github.com/repos/pallets/flask/issues/comments/346925826",
            "html_url": "https://github.com/pallets/flask/pull/2529#issuecomment-346925826",
            "issue_url": "https://api.github.com/repos/pallets/flask/issues/2529",
            "id": 346925826,
            "node_id": "MDEyOklzc3VlQ29tbWVudDM0NjkyNTgyNg==",
            "user": {
                "login": "mitsuhiko",
                "id": 7396,
                "node_id": "MDQ6VXNlcjczOTY=",
                "avatar_url": "https://avatars1.githubusercontent.com/u/7396?v=4",
                "gravatar_id": "",
                "url": "https://api.github.com/users/mitsuhiko",
                "html_url": "https://github.com/mitsuhiko",
                "followers_url": "https://api.github.com/users/mitsuhiko/followers",
                "following_url": "https://api.github.com/users/mitsuhiko/following{/other_user}",
                "gists_url": "https://api.github.com/users/mitsuhiko/gists{/gist_id}",
                "starred_url": "https://api.github.com/users/mitsuhiko/starred{/owner}{/repo}",
                "subscriptions_url": "https://api.github.com/users/mitsuhiko/subscriptions",
                "organizations_url": "https://api.github.com/users/mitsuhiko/orgs",
                "repos_url": "https://api.github.com/users/mitsuhiko/repos",
                "events_url": "https://api.github.com/users/mitsuhiko/events{/privacy}",
                "received_events_url": "https://api.github.com/users/mitsuhiko/received_events",
                "type": "User",
                "site_admin": false
            },
            "created_at": "2017-11-25T08:10:06Z",
            "updated_at": "2017-11-25T08:10:06Z",
            "author_association": "MEMBER",
            "body": "@miguelgrinberg the ctrl+c most likely is that a random greenlet captures the signal and does not pass it to the main one."
        },
        {
            "url": "https://api.github.com/repos/pallets/flask/issues/comments/346953494",
            "html_url": "https://github.com/pallets/flask/pull/2529#issuecomment-346953494",
            "issue_url": "https://api.github.com/repos/pallets/flask/issues/2529",
            "id": 346953494,
            "node_id": "MDEyOklzc3VlQ29tbWVudDM0Njk1MzQ5NA==",
            "user": {
                "login": "miguelgrinberg",
                "id": 2715854,
                "node_id": "MDQ6VXNlcjI3MTU4NTQ=",
                "avatar_url": "https://avatars0.githubusercontent.com/u/2715854?v=4",
                "gravatar_id": "",
                "url": "https://api.github.com/users/miguelgrinberg",
                "html_url": "https://github.com/miguelgrinberg",
                "followers_url": "https://api.github.com/users/miguelgrinberg/followers",
                "following_url": "https://api.github.com/users/miguelgrinberg/following{/other_user}",
                "gists_url": "https://api.github.com/users/miguelgrinberg/gists{/gist_id}",
                "starred_url": "https://api.github.com/users/miguelgrinberg/starred{/owner}{/repo}",
                "subscriptions_url": "https://api.github.com/users/miguelgrinberg/subscriptions",
                "organizations_url": "https://api.github.com/users/miguelgrinberg/orgs",
                "repos_url": "https://api.github.com/users/miguelgrinberg/repos",
                "events_url": "https://api.github.com/users/miguelgrinberg/events{/privacy}",
                "received_events_url": "https://api.github.com/users/miguelgrinberg/received_events",
                "type": "User",
                "site_admin": false
            },
            "created_at": "2017-11-25T17:14:33Z",
            "updated_at": "2017-11-25T17:14:33Z",
            "author_association": "MEMBER",
            "body": "@mitsuhiko After looking through the last couple of years worth of commits to Werkzeug, I'm going to make a guess that https://github.com/pallets/werkzeug/commit/4afd141368384dd1925fcc75a245a649dc4233a3 addressed the problem I've seen. Thanks."
        },
        {
            "url": "https://api.github.com/repos/pallets/flask/issues/comments/360763944",
            "html_url": "https://github.com/pallets/flask/pull/2529#issuecomment-360763944",
            "issue_url": "https://api.github.com/repos/pallets/flask/issues/2529",
            "id": 360763944,
            "node_id": "MDEyOklzc3VlQ29tbWVudDM2MDc2Mzk0NA==",
            "user": {
                "login": "Davidrjx",
                "id": 4284791,
                "node_id": "MDQ6VXNlcjQyODQ3OTE=",
                "avatar_url": "https://avatars0.githubusercontent.com/u/4284791?v=4",
                "gravatar_id": "",
                "url": "https://api.github.com/users/Davidrjx",
                "html_url": "https://github.com/Davidrjx",
                "followers_url": "https://api.github.com/users/Davidrjx/followers",
                "following_url": "https://api.github.com/users/Davidrjx/following{/other_user}",
                "gists_url": "https://api.github.com/users/Davidrjx/gists{/gist_id}",
                "starred_url": "https://api.github.com/users/Davidrjx/starred{/owner}{/repo}",
                "subscriptions_url": "https://api.github.com/users/Davidrjx/subscriptions",
                "organizations_url": "https://api.github.com/users/Davidrjx/orgs",
                "repos_url": "https://api.github.com/users/Davidrjx/repos",
                "events_url": "https://api.github.com/users/Davidrjx/events{/privacy}",
                "received_events_url": "https://api.github.com/users/Davidrjx/received_events",
                "type": "User",
                "site_admin": false
            },
            "created_at": "2018-01-26T11:41:16Z",
            "updated_at": "2018-01-26T11:41:16Z",
            "author_association": "NONE",
            "body": "as @mitsuhiko and @ThiefMaster commented, in debug mode no such keyboardinterrupt error when to quit flask app via ctrl plus c. now that the issue is about thread under werKzeug, are there any solutions to deal with app closing/quit for non-debug/development mode"
        },
        {
            "url": "https://api.github.com/repos/pallets/flask/issues/comments/360773127",
            "html_url": "https://github.com/pallets/flask/pull/2529#issuecomment-360773127",
            "issue_url": "https://api.github.com/repos/pallets/flask/issues/2529",
            "id": 360773127,
            "node_id": "MDEyOklzc3VlQ29tbWVudDM2MDc3MzEyNw==",
            "user": {
                "login": "Davidrjx",
                "id": 4284791,
                "node_id": "MDQ6VXNlcjQyODQ3OTE=",
                "avatar_url": "https://avatars0.githubusercontent.com/u/4284791?v=4",
                "gravatar_id": "",
                "url": "https://api.github.com/users/Davidrjx",
                "html_url": "https://github.com/Davidrjx",
                "followers_url": "https://api.github.com/users/Davidrjx/followers",
                "following_url": "https://api.github.com/users/Davidrjx/following{/other_user}",
                "gists_url": "https://api.github.com/users/Davidrjx/gists{/gist_id}",
                "starred_url": "https://api.github.com/users/Davidrjx/starred{/owner}{/repo}",
                "subscriptions_url": "https://api.github.com/users/Davidrjx/subscriptions",
                "organizations_url": "https://api.github.com/users/Davidrjx/orgs",
                "repos_url": "https://api.github.com/users/Davidrjx/repos",
                "events_url": "https://api.github.com/users/Davidrjx/events{/privacy}",
                "received_events_url": "https://api.github.com/users/Davidrjx/received_events",
                "type": "User",
                "site_admin": false
            },
            "created_at": "2018-01-26T12:32:23Z",
            "updated_at": "2018-01-26T12:32:23Z",
            "author_association": "NONE",
            "body": "@mitsuhiko your guess seems wrong, my werkzeug is v0.14.1 but problem still there"
        }
    ]
}