{
    "url": "https://api.github.com/repos/pallets/flask/issues/277",
    "repository_url": "https://api.github.com/repos/pallets/flask",
    "labels_url": "https://api.github.com/repos/pallets/flask/issues/277/labels{/name}",
    "comments_url": "https://api.github.com/repos/pallets/flask/issues/277/comments",
    "events_url": "https://api.github.com/repos/pallets/flask/issues/277/events",
    "html_url": "https://github.com/pallets/flask/pull/277",
    "id": 1211019,
    "node_id": "MDExOlB1bGxSZXF1ZXN0MjIwMTYw",
    "number": 277,
    "title": "Don't use deprecated flask.session in flask.ctx.",
    "user": {
        "login": "embe",
        "id": 109666,
        "node_id": "MDQ6VXNlcjEwOTY2Ng==",
        "avatar_url": "https://avatars1.githubusercontent.com/u/109666?v=4",
        "gravatar_id": "",
        "url": "https://api.github.com/users/embe",
        "html_url": "https://github.com/embe",
        "followers_url": "https://api.github.com/users/embe/followers",
        "following_url": "https://api.github.com/users/embe/following{/other_user}",
        "gists_url": "https://api.github.com/users/embe/gists{/gist_id}",
        "starred_url": "https://api.github.com/users/embe/starred{/owner}{/repo}",
        "subscriptions_url": "https://api.github.com/users/embe/subscriptions",
        "organizations_url": "https://api.github.com/users/embe/orgs",
        "repos_url": "https://api.github.com/users/embe/repos",
        "events_url": "https://api.github.com/users/embe/events{/privacy}",
        "received_events_url": "https://api.github.com/users/embe/received_events",
        "type": "User",
        "site_admin": false
    },
    "labels": [],
    "state": "closed",
    "locked": false,
    "assignee": null,
    "assignees": [],
    "milestone": null,
    "comments": 1,
    "created_at": "2011-07-12T19:58:26Z",
    "updated_at": "2014-06-13T00:27:59Z",
    "closed_at": "2011-07-12T20:54:55Z",
    "author_association": "CONTRIBUTOR",
    "pull_request": {
        "url": "https://api.github.com/repos/pallets/flask/pulls/277",
        "html_url": "https://github.com/pallets/flask/pull/277",
        "diff_url": "https://github.com/pallets/flask/pull/277.diff",
        "patch_url": "https://github.com/pallets/flask/pull/277.patch"
    },
    "body": "",
    "comments_inline": [
        {
            "url": "https://api.github.com/repos/pallets/flask/issues/comments/1557693",
            "html_url": "https://github.com/pallets/flask/pull/277#issuecomment-1557693",
            "issue_url": "https://api.github.com/repos/pallets/flask/issues/277",
            "id": 1557693,
            "node_id": "MDEyOklzc3VlQ29tbWVudDE1NTc2OTM=",
            "user": {
                "login": "mitsuhiko",
                "id": 7396,
                "node_id": "MDQ6VXNlcjczOTY=",
                "avatar_url": "https://avatars1.githubusercontent.com/u/7396?v=4",
                "gravatar_id": "",
                "url": "https://api.github.com/users/mitsuhiko",
                "html_url": "https://github.com/mitsuhiko",
                "followers_url": "https://api.github.com/users/mitsuhiko/followers",
                "following_url": "https://api.github.com/users/mitsuhiko/following{/other_user}",
                "gists_url": "https://api.github.com/users/mitsuhiko/gists{/gist_id}",
                "starred_url": "https://api.github.com/users/mitsuhiko/starred{/owner}{/repo}",
                "subscriptions_url": "https://api.github.com/users/mitsuhiko/subscriptions",
                "organizations_url": "https://api.github.com/users/mitsuhiko/orgs",
                "repos_url": "https://api.github.com/users/mitsuhiko/repos",
                "events_url": "https://api.github.com/users/mitsuhiko/events{/privacy}",
                "received_events_url": "https://api.github.com/users/mitsuhiko/received_events",
                "type": "User",
                "site_admin": false
            },
            "created_at": "2011-07-12T20:55:05Z",
            "updated_at": "2011-07-12T20:55:05Z",
            "author_association": "MEMBER",
            "body": "Indeed. Thanks.\n"
        }
    ]
}