{
    "url": "https://api.github.com/repos/pallets/flask/issues/2782",
    "repository_url": "https://api.github.com/repos/pallets/flask",
    "labels_url": "https://api.github.com/repos/pallets/flask/issues/2782/labels{/name}",
    "comments_url": "https://api.github.com/repos/pallets/flask/issues/2782/comments",
    "events_url": "https://api.github.com/repos/pallets/flask/issues/2782/events",
    "html_url": "https://github.com/pallets/flask/pull/2782",
    "id": 322905053,
    "node_id": "MDExOlB1bGxSZXF1ZXN0MTg3ODkzOTE1",
    "number": 2782,
    "title": "Adding documentation about precautions about custom error handlers fo\u2026",
    "user": {
        "login": "sgunturu5",
        "id": 39142141,
        "node_id": "MDQ6VXNlcjM5MTQyMTQx",
        "avatar_url": "https://avatars0.githubusercontent.com/u/39142141?v=4",
        "gravatar_id": "",
        "url": "https://api.github.com/users/sgunturu5",
        "html_url": "https://github.com/sgunturu5",
        "followers_url": "https://api.github.com/users/sgunturu5/followers",
        "following_url": "https://api.github.com/users/sgunturu5/following{/other_user}",
        "gists_url": "https://api.github.com/users/sgunturu5/gists{/gist_id}",
        "starred_url": "https://api.github.com/users/sgunturu5/starred{/owner}{/repo}",
        "subscriptions_url": "https://api.github.com/users/sgunturu5/subscriptions",
        "organizations_url": "https://api.github.com/users/sgunturu5/orgs",
        "repos_url": "https://api.github.com/users/sgunturu5/repos",
        "events_url": "https://api.github.com/users/sgunturu5/events{/privacy}",
        "received_events_url": "https://api.github.com/users/sgunturu5/received_events",
        "type": "User",
        "site_admin": false
    },
    "labels": [],
    "state": "closed",
    "locked": false,
    "assignee": null,
    "assignees": [],
    "milestone": null,
    "comments": 1,
    "created_at": "2018-05-14T17:13:03Z",
    "updated_at": "2018-10-23T17:44:21Z",
    "closed_at": "2018-05-18T17:01:33Z",
    "author_association": "NONE",
    "pull_request": {
        "url": "https://api.github.com/repos/pallets/flask/pulls/2782",
        "html_url": "https://github.com/pallets/flask/pull/2782",
        "diff_url": "https://github.com/pallets/flask/pull/2782.diff",
        "patch_url": "https://github.com/pallets/flask/pull/2782.patch"
    },
    "body": "Updating the documentation for error handling for writing custom error handlers for HTTPException and Internal Server Error.\r\n\r\nClarification for https://github.com/pallets/flask/issues/2778",
    "comments_inline": [
        {
            "url": "https://api.github.com/repos/pallets/flask/issues/comments/390270023",
            "html_url": "https://github.com/pallets/flask/pull/2782#issuecomment-390270023",
            "issue_url": "https://api.github.com/repos/pallets/flask/issues/2782",
            "id": 390270023,
            "node_id": "MDEyOklzc3VlQ29tbWVudDM5MDI3MDAyMw==",
            "user": {
                "login": "davidism",
                "id": 1242887,
                "node_id": "MDQ6VXNlcjEyNDI4ODc=",
                "avatar_url": "https://avatars1.githubusercontent.com/u/1242887?v=4",
                "gravatar_id": "",
                "url": "https://api.github.com/users/davidism",
                "html_url": "https://github.com/davidism",
                "followers_url": "https://api.github.com/users/davidism/followers",
                "following_url": "https://api.github.com/users/davidism/following{/other_user}",
                "gists_url": "https://api.github.com/users/davidism/gists{/gist_id}",
                "starred_url": "https://api.github.com/users/davidism/starred{/owner}{/repo}",
                "subscriptions_url": "https://api.github.com/users/davidism/subscriptions",
                "organizations_url": "https://api.github.com/users/davidism/orgs",
                "repos_url": "https://api.github.com/users/davidism/repos",
                "events_url": "https://api.github.com/users/davidism/events{/privacy}",
                "received_events_url": "https://api.github.com/users/davidism/received_events",
                "type": "User",
                "site_admin": false
            },
            "created_at": "2018-05-18T17:01:33Z",
            "updated_at": "2018-05-18T17:01:33Z",
            "author_association": "MEMBER",
            "body": "Closing this as I agree with @ThiefMaster in #2778 that we should not pass errors that don't match the registered error."
        }
    ]
}