{
    "url": "https://api.github.com/repos/pallets/flask/issues/2783",
    "repository_url": "https://api.github.com/repos/pallets/flask",
    "labels_url": "https://api.github.com/repos/pallets/flask/issues/2783/labels{/name}",
    "comments_url": "https://api.github.com/repos/pallets/flask/issues/2783/comments",
    "events_url": "https://api.github.com/repos/pallets/flask/issues/2783/events",
    "html_url": "https://github.com/pallets/flask/pull/2783",
    "id": 322924273,
    "node_id": "MDExOlB1bGxSZXF1ZXN0MTg3OTA4MzUz",
    "number": 2783,
    "title": "2778 processes inappropriate exceptions",
    "user": {
        "login": "tullyrankin",
        "id": 1717898,
        "node_id": "MDQ6VXNlcjE3MTc4OTg=",
        "avatar_url": "https://avatars2.githubusercontent.com/u/1717898?v=4",
        "gravatar_id": "",
        "url": "https://api.github.com/users/tullyrankin",
        "html_url": "https://github.com/tullyrankin",
        "followers_url": "https://api.github.com/users/tullyrankin/followers",
        "following_url": "https://api.github.com/users/tullyrankin/following{/other_user}",
        "gists_url": "https://api.github.com/users/tullyrankin/gists{/gist_id}",
        "starred_url": "https://api.github.com/users/tullyrankin/starred{/owner}{/repo}",
        "subscriptions_url": "https://api.github.com/users/tullyrankin/subscriptions",
        "organizations_url": "https://api.github.com/users/tullyrankin/orgs",
        "repos_url": "https://api.github.com/users/tullyrankin/repos",
        "events_url": "https://api.github.com/users/tullyrankin/events{/privacy}",
        "received_events_url": "https://api.github.com/users/tullyrankin/received_events",
        "type": "User",
        "site_admin": false
    },
    "labels": [],
    "state": "closed",
    "locked": false,
    "assignee": null,
    "assignees": [],
    "milestone": null,
    "comments": 1,
    "created_at": "2018-05-14T18:12:26Z",
    "updated_at": "2018-05-24T13:40:15Z",
    "closed_at": "2018-05-24T13:40:15Z",
    "author_association": "CONTRIBUTOR",
    "pull_request": {
        "url": "https://api.github.com/repos/pallets/flask/pulls/2783",
        "html_url": "https://github.com/pallets/flask/pull/2783",
        "diff_url": "https://github.com/pallets/flask/pull/2783.diff",
        "patch_url": "https://github.com/pallets/flask/pull/2783.patch"
    },
    "body": "This MR fixes issue with custom error handler not being called when exception is raised.\r\n\r\nIssue #2778",
    "comments_inline": [
        {
            "url": "https://api.github.com/repos/pallets/flask/issues/comments/390270493",
            "html_url": "https://github.com/pallets/flask/pull/2783#issuecomment-390270493",
            "issue_url": "https://api.github.com/repos/pallets/flask/issues/2783",
            "id": 390270493,
            "node_id": "MDEyOklzc3VlQ29tbWVudDM5MDI3MDQ5Mw==",
            "user": {
                "login": "davidism",
                "id": 1242887,
                "node_id": "MDQ6VXNlcjEyNDI4ODc=",
                "avatar_url": "https://avatars1.githubusercontent.com/u/1242887?v=4",
                "gravatar_id": "",
                "url": "https://api.github.com/users/davidism",
                "html_url": "https://github.com/davidism",
                "followers_url": "https://api.github.com/users/davidism/followers",
                "following_url": "https://api.github.com/users/davidism/following{/other_user}",
                "gists_url": "https://api.github.com/users/davidism/gists{/gist_id}",
                "starred_url": "https://api.github.com/users/davidism/starred{/owner}{/repo}",
                "subscriptions_url": "https://api.github.com/users/davidism/subscriptions",
                "organizations_url": "https://api.github.com/users/davidism/orgs",
                "repos_url": "https://api.github.com/users/davidism/repos",
                "events_url": "https://api.github.com/users/davidism/events{/privacy}",
                "received_events_url": "https://api.github.com/users/davidism/received_events",
                "type": "User",
                "site_admin": false
            },
            "created_at": "2018-05-18T17:03:15Z",
            "updated_at": "2018-05-18T17:03:15Z",
            "author_association": "MEMBER",
            "body": "I'm not really clear what this change is doing. How does this address the linked issue?"
        }
    ]
}