{
    "url": "https://api.github.com/repos/pallets/flask/issues/2785",
    "repository_url": "https://api.github.com/repos/pallets/flask",
    "labels_url": "https://api.github.com/repos/pallets/flask/issues/2785/labels{/name}",
    "comments_url": "https://api.github.com/repos/pallets/flask/issues/2785/comments",
    "events_url": "https://api.github.com/repos/pallets/flask/issues/2785/events",
    "html_url": "https://github.com/pallets/flask/issues/2785",
    "id": 323499197,
    "node_id": "MDU6SXNzdWUzMjM0OTkxOTc=",
    "number": 2785,
    "title": "Issues run flask tutorial",
    "user": {
        "login": "laipham",
        "id": 16377162,
        "node_id": "MDQ6VXNlcjE2Mzc3MTYy",
        "avatar_url": "https://avatars2.githubusercontent.com/u/16377162?v=4",
        "gravatar_id": "",
        "url": "https://api.github.com/users/laipham",
        "html_url": "https://github.com/laipham",
        "followers_url": "https://api.github.com/users/laipham/followers",
        "following_url": "https://api.github.com/users/laipham/following{/other_user}",
        "gists_url": "https://api.github.com/users/laipham/gists{/gist_id}",
        "starred_url": "https://api.github.com/users/laipham/starred{/owner}{/repo}",
        "subscriptions_url": "https://api.github.com/users/laipham/subscriptions",
        "organizations_url": "https://api.github.com/users/laipham/orgs",
        "repos_url": "https://api.github.com/users/laipham/repos",
        "events_url": "https://api.github.com/users/laipham/events{/privacy}",
        "received_events_url": "https://api.github.com/users/laipham/received_events",
        "type": "User",
        "site_admin": false
    },
    "labels": [],
    "state": "closed",
    "locked": false,
    "assignee": null,
    "assignees": [],
    "milestone": null,
    "comments": 3,
    "created_at": "2018-05-16T07:27:56Z",
    "updated_at": "2018-05-16T19:19:19Z",
    "closed_at": "2018-05-16T19:17:43Z",
    "author_association": "NONE",
    "body": "Hi,\r\nI follow readme in tutorial.\r\nset FLASK_APP=flaskr\r\nset FLASK_ENV=development\r\nflask run\r\nBut i got \r\n**Error: Failed to find application in module \"flaskr\". Are you sure it contains a Flask application? Maybe you wrapped it in a WSGI middleware or you are using a factory function.**\r\n\r\nI try to read many fixed issues about that and follow carefully http://flask.pocoo.org/docs/0.12/ but :(\r\n",
    "comments_inline": [
        {
            "url": "https://api.github.com/repos/pallets/flask/issues/comments/389440941",
            "html_url": "https://github.com/pallets/flask/issues/2785#issuecomment-389440941",
            "issue_url": "https://api.github.com/repos/pallets/flask/issues/2785",
            "id": 389440941,
            "node_id": "MDEyOklzc3VlQ29tbWVudDM4OTQ0MDk0MQ==",
            "user": {
                "login": "TimotheeJeannin",
                "id": 1969368,
                "node_id": "MDQ6VXNlcjE5NjkzNjg=",
                "avatar_url": "https://avatars1.githubusercontent.com/u/1969368?v=4",
                "gravatar_id": "",
                "url": "https://api.github.com/users/TimotheeJeannin",
                "html_url": "https://github.com/TimotheeJeannin",
                "followers_url": "https://api.github.com/users/TimotheeJeannin/followers",
                "following_url": "https://api.github.com/users/TimotheeJeannin/following{/other_user}",
                "gists_url": "https://api.github.com/users/TimotheeJeannin/gists{/gist_id}",
                "starred_url": "https://api.github.com/users/TimotheeJeannin/starred{/owner}{/repo}",
                "subscriptions_url": "https://api.github.com/users/TimotheeJeannin/subscriptions",
                "organizations_url": "https://api.github.com/users/TimotheeJeannin/orgs",
                "repos_url": "https://api.github.com/users/TimotheeJeannin/repos",
                "events_url": "https://api.github.com/users/TimotheeJeannin/events{/privacy}",
                "received_events_url": "https://api.github.com/users/TimotheeJeannin/received_events",
                "type": "User",
                "site_admin": false
            },
            "created_at": "2018-05-16T08:37:15Z",
            "updated_at": "2018-05-16T08:37:15Z",
            "author_association": "NONE",
            "body": "Are you sure you have the correct version of Flask installed ? \r\nThe docs you are refering too are for version `0.12` but the latest version is `1.0.2`.\r\nSee here : https://pypi.org/project/Flask/#description"
        },
        {
            "url": "https://api.github.com/repos/pallets/flask/issues/comments/389558606",
            "html_url": "https://github.com/pallets/flask/issues/2785#issuecomment-389558606",
            "issue_url": "https://api.github.com/repos/pallets/flask/issues/2785",
            "id": 389558606,
            "node_id": "MDEyOklzc3VlQ29tbWVudDM4OTU1ODYwNg==",
            "user": {
                "login": "laipham",
                "id": 16377162,
                "node_id": "MDQ6VXNlcjE2Mzc3MTYy",
                "avatar_url": "https://avatars2.githubusercontent.com/u/16377162?v=4",
                "gravatar_id": "",
                "url": "https://api.github.com/users/laipham",
                "html_url": "https://github.com/laipham",
                "followers_url": "https://api.github.com/users/laipham/followers",
                "following_url": "https://api.github.com/users/laipham/following{/other_user}",
                "gists_url": "https://api.github.com/users/laipham/gists{/gist_id}",
                "starred_url": "https://api.github.com/users/laipham/starred{/owner}{/repo}",
                "subscriptions_url": "https://api.github.com/users/laipham/subscriptions",
                "organizations_url": "https://api.github.com/users/laipham/orgs",
                "repos_url": "https://api.github.com/users/laipham/repos",
                "events_url": "https://api.github.com/users/laipham/events{/privacy}",
                "received_events_url": "https://api.github.com/users/laipham/received_events",
                "type": "User",
                "site_admin": false
            },
            "created_at": "2018-05-16T15:21:22Z",
            "updated_at": "2018-05-16T15:21:22Z",
            "author_association": "NONE",
            "body": "I follow step by step and got trouble in \r\nset FLASK_APP=flaskr\r\nset FLASK_ENV=development\r\nflask run \r\nin this tutorial \r\nhttp://flask.pocoo.org/docs/1.0/tutorial/factory/"
        },
        {
            "url": "https://api.github.com/repos/pallets/flask/issues/comments/389634693",
            "html_url": "https://github.com/pallets/flask/issues/2785#issuecomment-389634693",
            "issue_url": "https://api.github.com/repos/pallets/flask/issues/2785",
            "id": 389634693,
            "node_id": "MDEyOklzc3VlQ29tbWVudDM4OTYzNDY5Mw==",
            "user": {
                "login": "davidism",
                "id": 1242887,
                "node_id": "MDQ6VXNlcjEyNDI4ODc=",
                "avatar_url": "https://avatars1.githubusercontent.com/u/1242887?v=4",
                "gravatar_id": "",
                "url": "https://api.github.com/users/davidism",
                "html_url": "https://github.com/davidism",
                "followers_url": "https://api.github.com/users/davidism/followers",
                "following_url": "https://api.github.com/users/davidism/following{/other_user}",
                "gists_url": "https://api.github.com/users/davidism/gists{/gist_id}",
                "starred_url": "https://api.github.com/users/davidism/starred{/owner}{/repo}",
                "subscriptions_url": "https://api.github.com/users/davidism/subscriptions",
                "organizations_url": "https://api.github.com/users/davidism/orgs",
                "repos_url": "https://api.github.com/users/davidism/repos",
                "events_url": "https://api.github.com/users/davidism/events{/privacy}",
                "received_events_url": "https://api.github.com/users/davidism/received_events",
                "type": "User",
                "site_admin": false
            },
            "created_at": "2018-05-16T19:17:43Z",
            "updated_at": "2018-05-16T19:19:19Z",
            "author_association": "MEMBER",
            "body": "I know the tutorial works as written, so please carefully review that you followed all the steps. Ensure you have Flask 1.0 installed. The error message you've shown is part of Flask 0.12, but you're following the tutorial for 1.0.\r\n\r\nPlease use Stack Overflow for questions about your own code. This tracker is for issues related to the project itself. Be sure to include a [minimal, complete, and verifiable example](https://stackoverflow.com/help/mcve)."
        }
    ]
}