{
    "url": "https://api.github.com/repos/pallets/flask/issues/2786",
    "repository_url": "https://api.github.com/repos/pallets/flask",
    "labels_url": "https://api.github.com/repos/pallets/flask/issues/2786/labels{/name}",
    "comments_url": "https://api.github.com/repos/pallets/flask/issues/2786/comments",
    "events_url": "https://api.github.com/repos/pallets/flask/issues/2786/events",
    "html_url": "https://github.com/pallets/flask/pull/2786",
    "id": 323575647,
    "node_id": "MDExOlB1bGxSZXF1ZXN0MTg4Mzk3ODQ4",
    "number": 2786,
    "title": "[Docs] Make super() compatible for Python2",
    "user": {
        "login": "greyli",
        "id": 12967000,
        "node_id": "MDQ6VXNlcjEyOTY3MDAw",
        "avatar_url": "https://avatars3.githubusercontent.com/u/12967000?v=4",
        "gravatar_id": "",
        "url": "https://api.github.com/users/greyli",
        "html_url": "https://github.com/greyli",
        "followers_url": "https://api.github.com/users/greyli/followers",
        "following_url": "https://api.github.com/users/greyli/following{/other_user}",
        "gists_url": "https://api.github.com/users/greyli/gists{/gist_id}",
        "starred_url": "https://api.github.com/users/greyli/starred{/owner}{/repo}",
        "subscriptions_url": "https://api.github.com/users/greyli/subscriptions",
        "organizations_url": "https://api.github.com/users/greyli/orgs",
        "repos_url": "https://api.github.com/users/greyli/repos",
        "events_url": "https://api.github.com/users/greyli/events{/privacy}",
        "received_events_url": "https://api.github.com/users/greyli/received_events",
        "type": "User",
        "site_admin": false
    },
    "labels": [],
    "state": "closed",
    "locked": false,
    "assignee": null,
    "assignees": [],
    "milestone": null,
    "comments": 1,
    "created_at": "2018-05-16T11:14:22Z",
    "updated_at": "2018-05-17T03:57:36Z",
    "closed_at": "2018-05-16T15:44:52Z",
    "author_association": "MEMBER",
    "pull_request": {
        "url": "https://api.github.com/repos/pallets/flask/pulls/2786",
        "html_url": "https://github.com/pallets/flask/pull/2786",
        "diff_url": "https://github.com/pallets/flask/pull/2786.diff",
        "patch_url": "https://github.com/pallets/flask/pull/2786.patch"
    },
    "body": "Using `super()` with arguments for backward compatible.",
    "comments_inline": [
        {
            "url": "https://api.github.com/repos/pallets/flask/issues/comments/389567181",
            "html_url": "https://github.com/pallets/flask/pull/2786#issuecomment-389567181",
            "issue_url": "https://api.github.com/repos/pallets/flask/issues/2786",
            "id": 389567181,
            "node_id": "MDEyOklzc3VlQ29tbWVudDM4OTU2NzE4MQ==",
            "user": {
                "login": "lepture",
                "id": 290496,
                "node_id": "MDQ6VXNlcjI5MDQ5Ng==",
                "avatar_url": "https://avatars2.githubusercontent.com/u/290496?v=4",
                "gravatar_id": "",
                "url": "https://api.github.com/users/lepture",
                "html_url": "https://github.com/lepture",
                "followers_url": "https://api.github.com/users/lepture/followers",
                "following_url": "https://api.github.com/users/lepture/following{/other_user}",
                "gists_url": "https://api.github.com/users/lepture/gists{/gist_id}",
                "starred_url": "https://api.github.com/users/lepture/starred{/owner}{/repo}",
                "subscriptions_url": "https://api.github.com/users/lepture/subscriptions",
                "organizations_url": "https://api.github.com/users/lepture/orgs",
                "repos_url": "https://api.github.com/users/lepture/repos",
                "events_url": "https://api.github.com/users/lepture/events{/privacy}",
                "received_events_url": "https://api.github.com/users/lepture/received_events",
                "type": "User",
                "site_admin": false
            },
            "created_at": "2018-05-16T15:44:39Z",
            "updated_at": "2018-05-16T15:44:39Z",
            "author_association": "MEMBER",
            "body": "Since we are still supporting Python 2, I'm going to merge it."
        }
    ]
}