{
    "url": "https://api.github.com/repos/pallets/flask/issues/279",
    "repository_url": "https://api.github.com/repos/pallets/flask",
    "labels_url": "https://api.github.com/repos/pallets/flask/issues/279/labels{/name}",
    "comments_url": "https://api.github.com/repos/pallets/flask/issues/279/comments",
    "events_url": "https://api.github.com/repos/pallets/flask/issues/279/events",
    "html_url": "https://github.com/pallets/flask/issues/279",
    "id": 1223073,
    "node_id": "MDU6SXNzdWUxMjIzMDcz",
    "number": 279,
    "title": "route / add_url_rule Documentation",
    "user": {
        "login": "mitsuhiko",
        "id": 7396,
        "node_id": "MDQ6VXNlcjczOTY=",
        "avatar_url": "https://avatars1.githubusercontent.com/u/7396?v=4",
        "gravatar_id": "",
        "url": "https://api.github.com/users/mitsuhiko",
        "html_url": "https://github.com/mitsuhiko",
        "followers_url": "https://api.github.com/users/mitsuhiko/followers",
        "following_url": "https://api.github.com/users/mitsuhiko/following{/other_user}",
        "gists_url": "https://api.github.com/users/mitsuhiko/gists{/gist_id}",
        "starred_url": "https://api.github.com/users/mitsuhiko/starred{/owner}{/repo}",
        "subscriptions_url": "https://api.github.com/users/mitsuhiko/subscriptions",
        "organizations_url": "https://api.github.com/users/mitsuhiko/orgs",
        "repos_url": "https://api.github.com/users/mitsuhiko/repos",
        "events_url": "https://api.github.com/users/mitsuhiko/events{/privacy}",
        "received_events_url": "https://api.github.com/users/mitsuhiko/received_events",
        "type": "User",
        "site_admin": false
    },
    "labels": [],
    "state": "closed",
    "locked": false,
    "assignee": null,
    "assignees": [],
    "milestone": null,
    "comments": 3,
    "created_at": "2011-07-14T13:00:50Z",
    "updated_at": "2011-09-25T16:49:15Z",
    "closed_at": "2011-09-25T16:49:15Z",
    "author_association": "MEMBER",
    "body": "The docs are kinda inconsistent between route() and add_url_rule. The former should be documented as a decorator version of the latter which is true since Flask 0.3 at least.\n\nAlso with 0.7 and 0.8 we have some attributes on view functions that can have meanings attached. These now have a separate headline in the API docs, but I guess it would make sense to tidy this up a bit.\n",
    "comments_inline": [
        {
            "url": "https://api.github.com/repos/pallets/flask/issues/comments/1751187",
            "html_url": "https://github.com/pallets/flask/issues/279#issuecomment-1751187",
            "issue_url": "https://api.github.com/repos/pallets/flask/issues/279",
            "id": 1751187,
            "node_id": "MDEyOklzc3VlQ29tbWVudDE3NTExODc=",
            "user": {
                "login": "Poincare",
                "id": 217352,
                "node_id": "MDQ6VXNlcjIxNzM1Mg==",
                "avatar_url": "https://avatars2.githubusercontent.com/u/217352?v=4",
                "gravatar_id": "",
                "url": "https://api.github.com/users/Poincare",
                "html_url": "https://github.com/Poincare",
                "followers_url": "https://api.github.com/users/Poincare/followers",
                "following_url": "https://api.github.com/users/Poincare/following{/other_user}",
                "gists_url": "https://api.github.com/users/Poincare/gists{/gist_id}",
                "starred_url": "https://api.github.com/users/Poincare/starred{/owner}{/repo}",
                "subscriptions_url": "https://api.github.com/users/Poincare/subscriptions",
                "organizations_url": "https://api.github.com/users/Poincare/orgs",
                "repos_url": "https://api.github.com/users/Poincare/repos",
                "events_url": "https://api.github.com/users/Poincare/events{/privacy}",
                "received_events_url": "https://api.github.com/users/Poincare/received_events",
                "type": "User",
                "site_admin": false
            },
            "created_at": "2011-08-08T02:38:41Z",
            "updated_at": "2011-08-08T02:38:41Z",
            "author_association": "NONE",
            "body": "I don't think I quite understand you. In the documentation, it clearly shows an example of the difference between route() (as a decorator) and add_url_rule as a function, or, am I missing something?\n"
        },
        {
            "url": "https://api.github.com/repos/pallets/flask/issues/comments/1752287",
            "html_url": "https://github.com/pallets/flask/issues/279#issuecomment-1752287",
            "issue_url": "https://api.github.com/repos/pallets/flask/issues/279",
            "id": 1752287,
            "node_id": "MDEyOklzc3VlQ29tbWVudDE3NTIyODc=",
            "user": {
                "login": "mitsuhiko",
                "id": 7396,
                "node_id": "MDQ6VXNlcjczOTY=",
                "avatar_url": "https://avatars1.githubusercontent.com/u/7396?v=4",
                "gravatar_id": "",
                "url": "https://api.github.com/users/mitsuhiko",
                "html_url": "https://github.com/mitsuhiko",
                "followers_url": "https://api.github.com/users/mitsuhiko/followers",
                "following_url": "https://api.github.com/users/mitsuhiko/following{/other_user}",
                "gists_url": "https://api.github.com/users/mitsuhiko/gists{/gist_id}",
                "starred_url": "https://api.github.com/users/mitsuhiko/starred{/owner}{/repo}",
                "subscriptions_url": "https://api.github.com/users/mitsuhiko/subscriptions",
                "organizations_url": "https://api.github.com/users/mitsuhiko/orgs",
                "repos_url": "https://api.github.com/users/mitsuhiko/repos",
                "events_url": "https://api.github.com/users/mitsuhiko/events{/privacy}",
                "received_events_url": "https://api.github.com/users/mitsuhiko/received_events",
                "type": "User",
                "site_admin": false
            },
            "created_at": "2011-08-08T08:05:56Z",
            "updated_at": "2011-08-08T08:05:56Z",
            "author_association": "MEMBER",
            "body": "It does, but both accept the same options and they are inconsistently mentioned. One should be documented as invoking the other (which is what happens) and that both accept the same options.\n"
        },
        {
            "url": "https://api.github.com/repos/pallets/flask/issues/comments/1753006",
            "html_url": "https://github.com/pallets/flask/issues/279#issuecomment-1753006",
            "issue_url": "https://api.github.com/repos/pallets/flask/issues/279",
            "id": 1753006,
            "node_id": "MDEyOklzc3VlQ29tbWVudDE3NTMwMDY=",
            "user": {
                "login": "Poincare",
                "id": 217352,
                "node_id": "MDQ6VXNlcjIxNzM1Mg==",
                "avatar_url": "https://avatars2.githubusercontent.com/u/217352?v=4",
                "gravatar_id": "",
                "url": "https://api.github.com/users/Poincare",
                "html_url": "https://github.com/Poincare",
                "followers_url": "https://api.github.com/users/Poincare/followers",
                "following_url": "https://api.github.com/users/Poincare/following{/other_user}",
                "gists_url": "https://api.github.com/users/Poincare/gists{/gist_id}",
                "starred_url": "https://api.github.com/users/Poincare/starred{/owner}{/repo}",
                "subscriptions_url": "https://api.github.com/users/Poincare/subscriptions",
                "organizations_url": "https://api.github.com/users/Poincare/orgs",
                "repos_url": "https://api.github.com/users/Poincare/repos",
                "events_url": "https://api.github.com/users/Poincare/events{/privacy}",
                "received_events_url": "https://api.github.com/users/Poincare/received_events",
                "type": "User",
                "site_admin": false
            },
            "created_at": "2011-08-08T10:20:21Z",
            "updated_at": "2011-08-08T10:20:21Z",
            "author_association": "NONE",
            "body": "Oh, okay.\n\nOn Mon, Aug 8, 2011 at 4:05 AM, mitsuhiko <\nreply@reply.github.com>wrote:\n\n> It does, but both accept the same options and they are inconsistently\n> mentioned. One should be documented as invoking the other (which is what\n> happens) and that both accept the same options.\n> \n> ## \n> \n> Reply to this email directly or view it on GitHub:\n> https://github.com/mitsuhiko/flask/issues/279#issuecomment-1752287\n"
        }
    ]
}