{
    "url": "https://api.github.com/repos/pallets/flask/issues/2792",
    "repository_url": "https://api.github.com/repos/pallets/flask",
    "labels_url": "https://api.github.com/repos/pallets/flask/issues/2792/labels{/name}",
    "comments_url": "https://api.github.com/repos/pallets/flask/issues/2792/comments",
    "events_url": "https://api.github.com/repos/pallets/flask/issues/2792/events",
    "html_url": "https://github.com/pallets/flask/pull/2792",
    "id": 324768458,
    "node_id": "MDExOlB1bGxSZXF1ZXN0MTg5MjY5Mzc1",
    "number": 2792,
    "title": "Fix typos in CHANGES.rst",
    "user": {
        "login": "greyli",
        "id": 12967000,
        "node_id": "MDQ6VXNlcjEyOTY3MDAw",
        "avatar_url": "https://avatars3.githubusercontent.com/u/12967000?v=4",
        "gravatar_id": "",
        "url": "https://api.github.com/users/greyli",
        "html_url": "https://github.com/greyli",
        "followers_url": "https://api.github.com/users/greyli/followers",
        "following_url": "https://api.github.com/users/greyli/following{/other_user}",
        "gists_url": "https://api.github.com/users/greyli/gists{/gist_id}",
        "starred_url": "https://api.github.com/users/greyli/starred{/owner}{/repo}",
        "subscriptions_url": "https://api.github.com/users/greyli/subscriptions",
        "organizations_url": "https://api.github.com/users/greyli/orgs",
        "repos_url": "https://api.github.com/users/greyli/repos",
        "events_url": "https://api.github.com/users/greyli/events{/privacy}",
        "received_events_url": "https://api.github.com/users/greyli/received_events",
        "type": "User",
        "site_admin": false
    },
    "labels": [],
    "state": "closed",
    "locked": false,
    "assignee": null,
    "assignees": [],
    "milestone": null,
    "comments": 0,
    "created_at": "2018-05-21T02:27:12Z",
    "updated_at": "2018-05-21T06:05:29Z",
    "closed_at": "2018-05-21T04:28:26Z",
    "author_association": "MEMBER",
    "pull_request": {
        "url": "https://api.github.com/repos/pallets/flask/pulls/2792",
        "html_url": "https://github.com/pallets/flask/pull/2792",
        "diff_url": "https://github.com/pallets/flask/pull/2792.diff",
        "patch_url": "https://github.com/pallets/flask/pull/2792.patch"
    },
    "body": ""
}