{
    "url": "https://api.github.com/repos/pallets/flask/issues/2793",
    "repository_url": "https://api.github.com/repos/pallets/flask",
    "labels_url": "https://api.github.com/repos/pallets/flask/issues/2793/labels{/name}",
    "comments_url": "https://api.github.com/repos/pallets/flask/issues/2793/comments",
    "events_url": "https://api.github.com/repos/pallets/flask/issues/2793/events",
    "html_url": "https://github.com/pallets/flask/pull/2793",
    "id": 324798843,
    "node_id": "MDExOlB1bGxSZXF1ZXN0MTg5MjkwOTEy",
    "number": 2793,
    "title": "Update gevent wsgi documentation",
    "user": {
        "login": "tiagocoutinho",
        "id": 2684070,
        "node_id": "MDQ6VXNlcjI2ODQwNzA=",
        "avatar_url": "https://avatars3.githubusercontent.com/u/2684070?v=4",
        "gravatar_id": "",
        "url": "https://api.github.com/users/tiagocoutinho",
        "html_url": "https://github.com/tiagocoutinho",
        "followers_url": "https://api.github.com/users/tiagocoutinho/followers",
        "following_url": "https://api.github.com/users/tiagocoutinho/following{/other_user}",
        "gists_url": "https://api.github.com/users/tiagocoutinho/gists{/gist_id}",
        "starred_url": "https://api.github.com/users/tiagocoutinho/starred{/owner}{/repo}",
        "subscriptions_url": "https://api.github.com/users/tiagocoutinho/subscriptions",
        "organizations_url": "https://api.github.com/users/tiagocoutinho/orgs",
        "repos_url": "https://api.github.com/users/tiagocoutinho/repos",
        "events_url": "https://api.github.com/users/tiagocoutinho/events{/privacy}",
        "received_events_url": "https://api.github.com/users/tiagocoutinho/received_events",
        "type": "User",
        "site_admin": false
    },
    "labels": [],
    "state": "closed",
    "locked": false,
    "assignee": null,
    "assignees": [],
    "milestone": null,
    "comments": 1,
    "created_at": "2018-05-21T06:11:04Z",
    "updated_at": "2018-05-21T06:57:14Z",
    "closed_at": "2018-05-21T06:57:11Z",
    "author_association": "CONTRIBUTOR",
    "pull_request": {
        "url": "https://api.github.com/repos/pallets/flask/pulls/2793",
        "html_url": "https://github.com/pallets/flask/pull/2793",
        "diff_url": "https://github.com/pallets/flask/pull/2793.diff",
        "patch_url": "https://github.com/pallets/flask/pull/2793.patch"
    },
    "body": "gevent.wsgi is deprecated since gevent 1.1 and removed in gevent 1.3. \r\ngevent.pywsgi should be used instead",
    "comments_inline": [
        {
            "url": "https://api.github.com/repos/pallets/flask/issues/comments/390569858",
            "html_url": "https://github.com/pallets/flask/pull/2793#issuecomment-390569858",
            "issue_url": "https://api.github.com/repos/pallets/flask/issues/2793",
            "id": 390569858,
            "node_id": "MDEyOklzc3VlQ29tbWVudDM5MDU2OTg1OA==",
            "user": {
                "login": "lepture",
                "id": 290496,
                "node_id": "MDQ6VXNlcjI5MDQ5Ng==",
                "avatar_url": "https://avatars2.githubusercontent.com/u/290496?v=4",
                "gravatar_id": "",
                "url": "https://api.github.com/users/lepture",
                "html_url": "https://github.com/lepture",
                "followers_url": "https://api.github.com/users/lepture/followers",
                "following_url": "https://api.github.com/users/lepture/following{/other_user}",
                "gists_url": "https://api.github.com/users/lepture/gists{/gist_id}",
                "starred_url": "https://api.github.com/users/lepture/starred{/owner}{/repo}",
                "subscriptions_url": "https://api.github.com/users/lepture/subscriptions",
                "organizations_url": "https://api.github.com/users/lepture/orgs",
                "repos_url": "https://api.github.com/users/lepture/repos",
                "events_url": "https://api.github.com/users/lepture/events{/privacy}",
                "received_events_url": "https://api.github.com/users/lepture/received_events",
                "type": "User",
                "site_admin": false
            },
            "created_at": "2018-05-21T06:57:14Z",
            "updated_at": "2018-05-21T06:57:14Z",
            "author_association": "MEMBER",
            "body": "Thanks"
        }
    ]
}