{
    "url": "https://api.github.com/repos/pallets/flask/issues/2795",
    "repository_url": "https://api.github.com/repos/pallets/flask",
    "labels_url": "https://api.github.com/repos/pallets/flask/issues/2795/labels{/name}",
    "comments_url": "https://api.github.com/repos/pallets/flask/issues/2795/comments",
    "events_url": "https://api.github.com/repos/pallets/flask/issues/2795/events",
    "html_url": "https://github.com/pallets/flask/pull/2795",
    "id": 325237305,
    "node_id": "MDExOlB1bGxSZXF1ZXN0MTg5NjE5MDUx",
    "number": 2795,
    "title": "Update CHANGES.rst",
    "user": {
        "login": "dayiguizhen",
        "id": 9543865,
        "node_id": "MDQ6VXNlcjk1NDM4NjU=",
        "avatar_url": "https://avatars3.githubusercontent.com/u/9543865?v=4",
        "gravatar_id": "",
        "url": "https://api.github.com/users/dayiguizhen",
        "html_url": "https://github.com/dayiguizhen",
        "followers_url": "https://api.github.com/users/dayiguizhen/followers",
        "following_url": "https://api.github.com/users/dayiguizhen/following{/other_user}",
        "gists_url": "https://api.github.com/users/dayiguizhen/gists{/gist_id}",
        "starred_url": "https://api.github.com/users/dayiguizhen/starred{/owner}{/repo}",
        "subscriptions_url": "https://api.github.com/users/dayiguizhen/subscriptions",
        "organizations_url": "https://api.github.com/users/dayiguizhen/orgs",
        "repos_url": "https://api.github.com/users/dayiguizhen/repos",
        "events_url": "https://api.github.com/users/dayiguizhen/events{/privacy}",
        "received_events_url": "https://api.github.com/users/dayiguizhen/received_events",
        "type": "User",
        "site_admin": false
    },
    "labels": [],
    "state": "closed",
    "locked": false,
    "assignee": null,
    "assignees": [],
    "milestone": null,
    "comments": 1,
    "created_at": "2018-05-22T10:41:34Z",
    "updated_at": "2018-06-03T09:39:18Z",
    "closed_at": "2018-06-03T09:39:18Z",
    "author_association": "NONE",
    "pull_request": {
        "url": "https://api.github.com/repos/pallets/flask/pulls/2795",
        "html_url": "https://github.com/pallets/flask/pull/2795",
        "diff_url": "https://github.com/pallets/flask/pull/2795.diff",
        "patch_url": "https://github.com/pallets/flask/pull/2795.patch"
    },
    "body": "Add the link of pull so that it\u2019s easy for readers to check the changes in code.",
    "comments_inline": [
        {
            "url": "https://api.github.com/repos/pallets/flask/issues/comments/394149681",
            "html_url": "https://github.com/pallets/flask/pull/2795#issuecomment-394149681",
            "issue_url": "https://api.github.com/repos/pallets/flask/issues/2795",
            "id": 394149681,
            "node_id": "MDEyOklzc3VlQ29tbWVudDM5NDE0OTY4MQ==",
            "user": {
                "login": "lepture",
                "id": 290496,
                "node_id": "MDQ6VXNlcjI5MDQ5Ng==",
                "avatar_url": "https://avatars2.githubusercontent.com/u/290496?v=4",
                "gravatar_id": "",
                "url": "https://api.github.com/users/lepture",
                "html_url": "https://github.com/lepture",
                "followers_url": "https://api.github.com/users/lepture/followers",
                "following_url": "https://api.github.com/users/lepture/following{/other_user}",
                "gists_url": "https://api.github.com/users/lepture/gists{/gist_id}",
                "starred_url": "https://api.github.com/users/lepture/starred{/owner}{/repo}",
                "subscriptions_url": "https://api.github.com/users/lepture/subscriptions",
                "organizations_url": "https://api.github.com/users/lepture/orgs",
                "repos_url": "https://api.github.com/users/lepture/repos",
                "events_url": "https://api.github.com/users/lepture/events{/privacy}",
                "received_events_url": "https://api.github.com/users/lepture/received_events",
                "type": "User",
                "site_admin": false
            },
            "created_at": "2018-06-03T09:39:11Z",
            "updated_at": "2018-06-03T09:39:11Z",
            "author_association": "MEMBER",
            "body": "It seems no harm to add these links. I'm merging it."
        }
    ]
}