{
    "url": "https://api.github.com/repos/pallets/flask/issues/2797",
    "repository_url": "https://api.github.com/repos/pallets/flask",
    "labels_url": "https://api.github.com/repos/pallets/flask/issues/2797/labels{/name}",
    "comments_url": "https://api.github.com/repos/pallets/flask/issues/2797/comments",
    "events_url": "https://api.github.com/repos/pallets/flask/issues/2797/events",
    "html_url": "https://github.com/pallets/flask/pull/2797",
    "id": 325538735,
    "node_id": "MDExOlB1bGxSZXF1ZXN0MTg5ODQ4OTQ4",
    "number": 2797,
    "title": "Update cli.py",
    "user": {
        "login": "dayiguizhen",
        "id": 9543865,
        "node_id": "MDQ6VXNlcjk1NDM4NjU=",
        "avatar_url": "https://avatars3.githubusercontent.com/u/9543865?v=4",
        "gravatar_id": "",
        "url": "https://api.github.com/users/dayiguizhen",
        "html_url": "https://github.com/dayiguizhen",
        "followers_url": "https://api.github.com/users/dayiguizhen/followers",
        "following_url": "https://api.github.com/users/dayiguizhen/following{/other_user}",
        "gists_url": "https://api.github.com/users/dayiguizhen/gists{/gist_id}",
        "starred_url": "https://api.github.com/users/dayiguizhen/starred{/owner}{/repo}",
        "subscriptions_url": "https://api.github.com/users/dayiguizhen/subscriptions",
        "organizations_url": "https://api.github.com/users/dayiguizhen/orgs",
        "repos_url": "https://api.github.com/users/dayiguizhen/repos",
        "events_url": "https://api.github.com/users/dayiguizhen/events{/privacy}",
        "received_events_url": "https://api.github.com/users/dayiguizhen/received_events",
        "type": "User",
        "site_admin": false
    },
    "labels": [],
    "state": "closed",
    "locked": false,
    "assignee": null,
    "assignees": [],
    "milestone": null,
    "comments": 1,
    "created_at": "2018-05-23T03:44:13Z",
    "updated_at": "2018-05-23T04:19:56Z",
    "closed_at": "2018-05-23T04:19:56Z",
    "author_association": "NONE",
    "pull_request": {
        "url": "https://api.github.com/repos/pallets/flask/pulls/2797",
        "html_url": "https://github.com/pallets/flask/pull/2797",
        "diff_url": "https://github.com/pallets/flask/pull/2797.diff",
        "patch_url": "https://github.com/pallets/flask/pull/2797.patch"
    },
    "body": "SSLContext was introduced in 2.7.9.",
    "comments_inline": [
        {
            "url": "https://api.github.com/repos/pallets/flask/issues/comments/391215441",
            "html_url": "https://github.com/pallets/flask/pull/2797#issuecomment-391215441",
            "issue_url": "https://api.github.com/repos/pallets/flask/issues/2797",
            "id": 391215441,
            "node_id": "MDEyOklzc3VlQ29tbWVudDM5MTIxNTQ0MQ==",
            "user": {
                "login": "davidism",
                "id": 1242887,
                "node_id": "MDQ6VXNlcjEyNDI4ODc=",
                "avatar_url": "https://avatars1.githubusercontent.com/u/1242887?v=4",
                "gravatar_id": "",
                "url": "https://api.github.com/users/davidism",
                "html_url": "https://github.com/davidism",
                "followers_url": "https://api.github.com/users/davidism/followers",
                "following_url": "https://api.github.com/users/davidism/following{/other_user}",
                "gists_url": "https://api.github.com/users/davidism/gists{/gist_id}",
                "starred_url": "https://api.github.com/users/davidism/starred{/owner}{/repo}",
                "subscriptions_url": "https://api.github.com/users/davidism/subscriptions",
                "organizations_url": "https://api.github.com/users/davidism/orgs",
                "repos_url": "https://api.github.com/users/davidism/repos",
                "events_url": "https://api.github.com/users/davidism/events{/privacy}",
                "received_events_url": "https://api.github.com/users/davidism/received_events",
                "type": "User",
                "site_admin": false
            },
            "created_at": "2018-05-23T04:19:56Z",
            "updated_at": "2018-05-23T04:19:56Z",
            "author_association": "MEMBER",
            "body": "Nice catch, but this was already fixed in #2789, just haven't merged in 1.0-maintenance to master yet."
        }
    ]
}