{
    "url": "https://api.github.com/repos/pallets/flask/issues/2798",
    "repository_url": "https://api.github.com/repos/pallets/flask",
    "labels_url": "https://api.github.com/repos/pallets/flask/issues/2798/labels{/name}",
    "comments_url": "https://api.github.com/repos/pallets/flask/issues/2798/comments",
    "events_url": "https://api.github.com/repos/pallets/flask/issues/2798/events",
    "html_url": "https://github.com/pallets/flask/issues/2798",
    "id": 326057956,
    "node_id": "MDU6SXNzdWUzMjYwNTc5NTY=",
    "number": 2798,
    "title": "International URLs Implementation",
    "user": {
        "login": "ufo911",
        "id": 17232189,
        "node_id": "MDQ6VXNlcjE3MjMyMTg5",
        "avatar_url": "https://avatars1.githubusercontent.com/u/17232189?v=4",
        "gravatar_id": "",
        "url": "https://api.github.com/users/ufo911",
        "html_url": "https://github.com/ufo911",
        "followers_url": "https://api.github.com/users/ufo911/followers",
        "following_url": "https://api.github.com/users/ufo911/following{/other_user}",
        "gists_url": "https://api.github.com/users/ufo911/gists{/gist_id}",
        "starred_url": "https://api.github.com/users/ufo911/starred{/owner}{/repo}",
        "subscriptions_url": "https://api.github.com/users/ufo911/subscriptions",
        "organizations_url": "https://api.github.com/users/ufo911/orgs",
        "repos_url": "https://api.github.com/users/ufo911/repos",
        "events_url": "https://api.github.com/users/ufo911/events{/privacy}",
        "received_events_url": "https://api.github.com/users/ufo911/received_events",
        "type": "User",
        "site_admin": false
    },
    "labels": [],
    "state": "closed",
    "locked": false,
    "assignee": null,
    "assignees": [],
    "milestone": null,
    "comments": 0,
    "created_at": "2018-05-24T10:23:11Z",
    "updated_at": "2018-05-24T12:06:37Z",
    "closed_at": "2018-05-24T12:06:37Z",
    "author_association": "NONE",
    "body": "I have already done some coding and get app with 3 lang urls but it may not be clear\r\nhttps://stackoverflow.com/questions/49496761/two-language-flask-site-with-or-without-blueprints/49948870#49948870\r\n\r\n\r\nhttp://flask.pocoo.org/docs/1.0/patterns/deferredcallbacks/\r\n\r\ndocumentation for this is not clear too \r\n\r\nCan anyone put the full example for international URLs in documentation ? and also using it in jinja and switching between languages and also using it without Babel\r\n"
}