{
    "url": "https://api.github.com/repos/pallets/flask/issues/2799",
    "repository_url": "https://api.github.com/repos/pallets/flask",
    "labels_url": "https://api.github.com/repos/pallets/flask/issues/2799/labels{/name}",
    "comments_url": "https://api.github.com/repos/pallets/flask/issues/2799/comments",
    "events_url": "https://api.github.com/repos/pallets/flask/issues/2799/events",
    "html_url": "https://github.com/pallets/flask/pull/2799",
    "id": 326109010,
    "node_id": "MDExOlB1bGxSZXF1ZXN0MTkwMjc5NzMz",
    "number": 2799,
    "title": "set FLASK_APP via env for portability across shells",
    "user": {
        "login": "bast",
        "id": 5120679,
        "node_id": "MDQ6VXNlcjUxMjA2Nzk=",
        "avatar_url": "https://avatars2.githubusercontent.com/u/5120679?v=4",
        "gravatar_id": "",
        "url": "https://api.github.com/users/bast",
        "html_url": "https://github.com/bast",
        "followers_url": "https://api.github.com/users/bast/followers",
        "following_url": "https://api.github.com/users/bast/following{/other_user}",
        "gists_url": "https://api.github.com/users/bast/gists{/gist_id}",
        "starred_url": "https://api.github.com/users/bast/starred{/owner}{/repo}",
        "subscriptions_url": "https://api.github.com/users/bast/subscriptions",
        "organizations_url": "https://api.github.com/users/bast/orgs",
        "repos_url": "https://api.github.com/users/bast/repos",
        "events_url": "https://api.github.com/users/bast/events{/privacy}",
        "received_events_url": "https://api.github.com/users/bast/received_events",
        "type": "User",
        "site_admin": false
    },
    "labels": [],
    "state": "closed",
    "locked": false,
    "assignee": null,
    "assignees": [],
    "milestone": null,
    "comments": 0,
    "created_at": "2018-05-24T12:55:25Z",
    "updated_at": "2018-05-24T13:39:14Z",
    "closed_at": "2018-05-24T13:39:14Z",
    "author_association": "CONTRIBUTOR",
    "pull_request": {
        "url": "https://api.github.com/repos/pallets/flask/pulls/2799",
        "html_url": "https://github.com/pallets/flask/pull/2799",
        "diff_url": "https://github.com/pallets/flask/pull/2799.diff",
        "patch_url": "https://github.com/pallets/flask/pull/2799.patch"
    },
    "body": "this does not work on fish (https://fishshell.com):\r\n```shell\r\n$ FLASK_APP=hello.py flask run\r\n```\r\n\r\nwhile this works (hopefully) on any shell:\r\n```shell\r\n$ env FLASK_APP=hello.py flask run\r\n```"
}