{
    "url": "https://api.github.com/repos/pallets/flask/issues/2939",
    "repository_url": "https://api.github.com/repos/pallets/flask",
    "labels_url": "https://api.github.com/repos/pallets/flask/issues/2939/labels{/name}",
    "comments_url": "https://api.github.com/repos/pallets/flask/issues/2939/comments",
    "events_url": "https://api.github.com/repos/pallets/flask/issues/2939/events",
    "html_url": "https://github.com/pallets/flask/pull/2939",
    "id": 369091926,
    "node_id": "MDExOlB1bGxSZXF1ZXN0MjIyMTE0NzM2",
    "number": 2939,
    "title": "Fix #2937: Ensure the consistency in load_dotenv's return type",
    "user": {
        "login": "sharmaadarsh563",
        "id": 13647152,
        "node_id": "MDQ6VXNlcjEzNjQ3MTUy",
        "avatar_url": "https://avatars3.githubusercontent.com/u/13647152?v=4",
        "gravatar_id": "",
        "url": "https://api.github.com/users/sharmaadarsh563",
        "html_url": "https://github.com/sharmaadarsh563",
        "followers_url": "https://api.github.com/users/sharmaadarsh563/followers",
        "following_url": "https://api.github.com/users/sharmaadarsh563/following{/other_user}",
        "gists_url": "https://api.github.com/users/sharmaadarsh563/gists{/gist_id}",
        "starred_url": "https://api.github.com/users/sharmaadarsh563/starred{/owner}{/repo}",
        "subscriptions_url": "https://api.github.com/users/sharmaadarsh563/subscriptions",
        "organizations_url": "https://api.github.com/users/sharmaadarsh563/orgs",
        "repos_url": "https://api.github.com/users/sharmaadarsh563/repos",
        "events_url": "https://api.github.com/users/sharmaadarsh563/events{/privacy}",
        "received_events_url": "https://api.github.com/users/sharmaadarsh563/received_events",
        "type": "User",
        "site_admin": false
    },
    "labels": [
        {
            "id": 380608249,
            "node_id": "MDU6TGFiZWwzODA2MDgyNDk=",
            "url": "https://api.github.com/repos/pallets/flask/labels/cli",
            "name": "cli",
            "color": "1d76db",
            "default": false,
            "description": null
        }
    ],
    "state": "closed",
    "locked": false,
    "assignee": null,
    "assignees": [],
    "milestone": {
        "url": "https://api.github.com/repos/pallets/flask/milestones/3",
        "html_url": "https://github.com/pallets/flask/milestone/3",
        "labels_url": "https://api.github.com/repos/pallets/flask/milestones/3/labels",
        "id": 3093266,
        "node_id": "MDk6TWlsZXN0b25lMzA5MzI2Ng==",
        "number": 3,
        "title": "1.1.0",
        "description": "",
        "creator": {
            "login": "davidism",
            "id": 1242887,
            "node_id": "MDQ6VXNlcjEyNDI4ODc=",
            "avatar_url": "https://avatars1.githubusercontent.com/u/1242887?v=4",
            "gravatar_id": "",
            "url": "https://api.github.com/users/davidism",
            "html_url": "https://github.com/davidism",
            "followers_url": "https://api.github.com/users/davidism/followers",
            "following_url": "https://api.github.com/users/davidism/following{/other_user}",
            "gists_url": "https://api.github.com/users/davidism/gists{/gist_id}",
            "starred_url": "https://api.github.com/users/davidism/starred{/owner}{/repo}",
            "subscriptions_url": "https://api.github.com/users/davidism/subscriptions",
            "organizations_url": "https://api.github.com/users/davidism/orgs",
            "repos_url": "https://api.github.com/users/davidism/repos",
            "events_url": "https://api.github.com/users/davidism/events{/privacy}",
            "received_events_url": "https://api.github.com/users/davidism/received_events",
            "type": "User",
            "site_admin": false
        },
        "open_issues": 0,
        "closed_issues": 48,
        "state": "closed",
        "created_at": "2018-02-06T16:14:43Z",
        "updated_at": "2019-07-06T22:03:23Z",
        "due_on": null,
        "closed_at": "2019-07-06T22:03:23Z"
    },
    "comments": 1,
    "created_at": "2018-10-11T12:13:39Z",
    "updated_at": "2019-06-13T10:25:00Z",
    "closed_at": "2019-05-19T19:03:46Z",
    "author_association": "CONTRIBUTOR",
    "pull_request": {
        "url": "https://api.github.com/repos/pallets/flask/pulls/2939",
        "html_url": "https://github.com/pallets/flask/pull/2939",
        "diff_url": "https://github.com/pallets/flask/pull/2939.diff",
        "patch_url": "https://github.com/pallets/flask/pull/2939.patch"
    },
    "body": "In the ``flask.cli`` module, the ``load_dotenv`` function is not consistent in its return type. It should either return True or False depending on whether it has loaded the file or not, respectively.\r\n\r\nfixes https://github.com/pallets/flask/issues/2937\r\n\r\nCommit checklist:\r\n\r\n- [x] add tests that fail without the patch\r\n\r\n- [x] ensure all tests pass with ``pytest``\r\n\r\n- [x] add documentation to the relevant docstrings or pages\r\n\r\n- [x] add ``versionadded`` or ``versionchanged`` directives to relevant docstrings\r\n\r\n- [x] add a changelog entry if this patch changes code\r\n",
    "comments_inline": [
        {
            "url": "https://api.github.com/repos/pallets/flask/issues/comments/455789009",
            "html_url": "https://github.com/pallets/flask/pull/2939#issuecomment-455789009",
            "issue_url": "https://api.github.com/repos/pallets/flask/issues/2939",
            "id": 455789009,
            "node_id": "MDEyOklzc3VlQ29tbWVudDQ1NTc4OTAwOQ==",
            "user": {
                "login": "nmilo",
                "id": 43938295,
                "node_id": "MDQ6VXNlcjQzOTM4Mjk1",
                "avatar_url": "https://avatars1.githubusercontent.com/u/43938295?v=4",
                "gravatar_id": "",
                "url": "https://api.github.com/users/nmilo",
                "html_url": "https://github.com/nmilo",
                "followers_url": "https://api.github.com/users/nmilo/followers",
                "following_url": "https://api.github.com/users/nmilo/following{/other_user}",
                "gists_url": "https://api.github.com/users/nmilo/gists{/gist_id}",
                "starred_url": "https://api.github.com/users/nmilo/starred{/owner}{/repo}",
                "subscriptions_url": "https://api.github.com/users/nmilo/subscriptions",
                "organizations_url": "https://api.github.com/users/nmilo/orgs",
                "repos_url": "https://api.github.com/users/nmilo/repos",
                "events_url": "https://api.github.com/users/nmilo/events{/privacy}",
                "received_events_url": "https://api.github.com/users/nmilo/received_events",
                "type": "User",
                "site_admin": false
            },
            "created_at": "2019-01-19T15:19:42Z",
            "updated_at": "2019-01-19T16:37:40Z",
            "author_association": "NONE",
            "body": "Why is this not merged yet?"
        }
    ]
}