{
    "url": "https://api.github.com/repos/pallets/flask/issues/294",
    "repository_url": "https://api.github.com/repos/pallets/flask",
    "labels_url": "https://api.github.com/repos/pallets/flask/issues/294/labels{/name}",
    "comments_url": "https://api.github.com/repos/pallets/flask/issues/294/comments",
    "events_url": "https://api.github.com/repos/pallets/flask/issues/294/events",
    "html_url": "https://github.com/pallets/flask/issues/294",
    "id": 1349945,
    "node_id": "MDU6SXNzdWUxMzQ5OTQ1",
    "number": 294,
    "title": "Traceback logs not available for POST requests",
    "user": {
        "login": "garyshi",
        "id": 754744,
        "node_id": "MDQ6VXNlcjc1NDc0NA==",
        "avatar_url": "https://avatars3.githubusercontent.com/u/754744?v=4",
        "gravatar_id": "",
        "url": "https://api.github.com/users/garyshi",
        "html_url": "https://github.com/garyshi",
        "followers_url": "https://api.github.com/users/garyshi/followers",
        "following_url": "https://api.github.com/users/garyshi/following{/other_user}",
        "gists_url": "https://api.github.com/users/garyshi/gists{/gist_id}",
        "starred_url": "https://api.github.com/users/garyshi/starred{/owner}{/repo}",
        "subscriptions_url": "https://api.github.com/users/garyshi/subscriptions",
        "organizations_url": "https://api.github.com/users/garyshi/orgs",
        "repos_url": "https://api.github.com/users/garyshi/repos",
        "events_url": "https://api.github.com/users/garyshi/events{/privacy}",
        "received_events_url": "https://api.github.com/users/garyshi/received_events",
        "type": "User",
        "site_admin": false
    },
    "labels": [],
    "state": "closed",
    "locked": false,
    "assignee": null,
    "assignees": [],
    "milestone": null,
    "comments": 5,
    "created_at": "2011-08-05T09:09:29Z",
    "updated_at": "2013-05-22T12:47:43Z",
    "closed_at": "2011-08-05T10:36:04Z",
    "author_association": "NONE",
    "body": "When the app runs in debug mode, exceptions in handling GET requests would be displayed on the page and logging output. But for POST requests, it only returns \"400 Bad Request\", without any traceback, making debugging difficult. If it's a bad idea to display the traceback in web page, at least it should be displayed in the logging output.\n",
    "comments_inline": [
        {
            "url": "https://api.github.com/repos/pallets/flask/issues/comments/1734338",
            "html_url": "https://github.com/pallets/flask/issues/294#issuecomment-1734338",
            "issue_url": "https://api.github.com/repos/pallets/flask/issues/294",
            "id": 1734338,
            "node_id": "MDEyOklzc3VlQ29tbWVudDE3MzQzMzg=",
            "user": {
                "login": "mitsuhiko",
                "id": 7396,
                "node_id": "MDQ6VXNlcjczOTY=",
                "avatar_url": "https://avatars1.githubusercontent.com/u/7396?v=4",
                "gravatar_id": "",
                "url": "https://api.github.com/users/mitsuhiko",
                "html_url": "https://github.com/mitsuhiko",
                "followers_url": "https://api.github.com/users/mitsuhiko/followers",
                "following_url": "https://api.github.com/users/mitsuhiko/following{/other_user}",
                "gists_url": "https://api.github.com/users/mitsuhiko/gists{/gist_id}",
                "starred_url": "https://api.github.com/users/mitsuhiko/starred{/owner}{/repo}",
                "subscriptions_url": "https://api.github.com/users/mitsuhiko/subscriptions",
                "organizations_url": "https://api.github.com/users/mitsuhiko/orgs",
                "repos_url": "https://api.github.com/users/mitsuhiko/repos",
                "events_url": "https://api.github.com/users/mitsuhiko/events{/privacy}",
                "received_events_url": "https://api.github.com/users/mitsuhiko/received_events",
                "type": "User",
                "site_admin": false
            },
            "created_at": "2011-08-05T10:37:00Z",
            "updated_at": "2011-08-05T10:37:00Z",
            "author_association": "MEMBER",
            "body": "That's a different issue. If you try to access form data that does not exist you get a key error that is also a bad request exception which is directly passed through as http exception. I modified Flask 0.8 so that you can now trap these exceptions and they show up in the traceback normally.\n\nthe `TRAP_BAD_REQUEST_KEY_ERRORS` config key can be set to `True` to help locating your particular problem, `TRAP_HTTP_EXCEPTIONS` will disable all HTTP error handlers altogether which can help pinpointing unexpected 404 errors and more.\n"
        },
        {
            "url": "https://api.github.com/repos/pallets/flask/issues/comments/1734481",
            "html_url": "https://github.com/pallets/flask/issues/294#issuecomment-1734481",
            "issue_url": "https://api.github.com/repos/pallets/flask/issues/294",
            "id": 1734481,
            "node_id": "MDEyOklzc3VlQ29tbWVudDE3MzQ0ODE=",
            "user": {
                "login": "garyshi",
                "id": 754744,
                "node_id": "MDQ6VXNlcjc1NDc0NA==",
                "avatar_url": "https://avatars3.githubusercontent.com/u/754744?v=4",
                "gravatar_id": "",
                "url": "https://api.github.com/users/garyshi",
                "html_url": "https://github.com/garyshi",
                "followers_url": "https://api.github.com/users/garyshi/followers",
                "following_url": "https://api.github.com/users/garyshi/following{/other_user}",
                "gists_url": "https://api.github.com/users/garyshi/gists{/gist_id}",
                "starred_url": "https://api.github.com/users/garyshi/starred{/owner}{/repo}",
                "subscriptions_url": "https://api.github.com/users/garyshi/subscriptions",
                "organizations_url": "https://api.github.com/users/garyshi/orgs",
                "repos_url": "https://api.github.com/users/garyshi/repos",
                "events_url": "https://api.github.com/users/garyshi/events{/privacy}",
                "received_events_url": "https://api.github.com/users/garyshi/received_events",
                "type": "User",
                "site_admin": false
            },
            "created_at": "2011-08-05T11:07:34Z",
            "updated_at": "2011-08-05T11:07:34Z",
            "author_association": "NONE",
            "body": "Ah, really. First time I get this problem by accessing non-exist form data,\nlater I tried to trigger another exception it returned 400 too. So I think\nit's the POST problem. But now I can't trigger it again, it really is form\nkey error, even for request.args. Thank you mitsuhiko.\n\nOn Fri, Aug 5, 2011 at 6:37 PM, mitsuhiko <\nreply@reply.github.com>wrote:\n\n> That's a different issue. If you try to access form data that does not\n> exist you get a key error that is also a bad request exception which is\n> directly passed through as http exception. I modified Flask 0.8 so that you\n> can now trap these exceptions and they show up in the traceback normally.\n> \n> the `TRAP_BAD_REQUEST_KEY_ERRORS` config key can be set to `True` to help\n> locating your particular problem, `TRAP_HTTP_EXCEPTIONS` will disable all\n> HTTP error handlers altogether which can help pinpointing unexpected 404\n> errors and more.\n> \n> ## \n> \n> Reply to this email directly or view it on GitHub:\n> https://github.com/mitsuhiko/flask/issues/294#issuecomment-1734338\n\n## \n\nregards,\nGary Shi\n"
        },
        {
            "url": "https://api.github.com/repos/pallets/flask/issues/comments/18117695",
            "html_url": "https://github.com/pallets/flask/issues/294#issuecomment-18117695",
            "issue_url": "https://api.github.com/repos/pallets/flask/issues/294",
            "id": 18117695,
            "node_id": "MDEyOklzc3VlQ29tbWVudDE4MTE3Njk1",
            "user": {
                "login": "rbpasker",
                "id": 87866,
                "node_id": "MDQ6VXNlcjg3ODY2",
                "avatar_url": "https://avatars1.githubusercontent.com/u/87866?v=4",
                "gravatar_id": "",
                "url": "https://api.github.com/users/rbpasker",
                "html_url": "https://github.com/rbpasker",
                "followers_url": "https://api.github.com/users/rbpasker/followers",
                "following_url": "https://api.github.com/users/rbpasker/following{/other_user}",
                "gists_url": "https://api.github.com/users/rbpasker/gists{/gist_id}",
                "starred_url": "https://api.github.com/users/rbpasker/starred{/owner}{/repo}",
                "subscriptions_url": "https://api.github.com/users/rbpasker/subscriptions",
                "organizations_url": "https://api.github.com/users/rbpasker/orgs",
                "repos_url": "https://api.github.com/users/rbpasker/repos",
                "events_url": "https://api.github.com/users/rbpasker/events{/privacy}",
                "received_events_url": "https://api.github.com/users/rbpasker/received_events",
                "type": "User",
                "site_admin": false
            },
            "created_at": "2013-05-19T13:32:53Z",
            "updated_at": "2013-05-22T12:47:36Z",
            "author_association": "NONE",
            "body": "the pythonic way to handle KeyErrors gracefully is  `request.args.get('q', \"a default value\"))`, instead of `request.args['q'])` \n"
        },
        {
            "url": "https://api.github.com/repos/pallets/flask/issues/comments/18275413",
            "html_url": "https://github.com/pallets/flask/issues/294#issuecomment-18275413",
            "issue_url": "https://api.github.com/repos/pallets/flask/issues/294",
            "id": 18275413,
            "node_id": "MDEyOklzc3VlQ29tbWVudDE4Mjc1NDEz",
            "user": {
                "login": "ghost",
                "id": 10137,
                "node_id": "MDQ6VXNlcjEwMTM3",
                "avatar_url": "https://avatars3.githubusercontent.com/u/10137?v=4",
                "gravatar_id": "",
                "url": "https://api.github.com/users/ghost",
                "html_url": "https://github.com/ghost",
                "followers_url": "https://api.github.com/users/ghost/followers",
                "following_url": "https://api.github.com/users/ghost/following{/other_user}",
                "gists_url": "https://api.github.com/users/ghost/gists{/gist_id}",
                "starred_url": "https://api.github.com/users/ghost/starred{/owner}{/repo}",
                "subscriptions_url": "https://api.github.com/users/ghost/subscriptions",
                "organizations_url": "https://api.github.com/users/ghost/orgs",
                "repos_url": "https://api.github.com/users/ghost/repos",
                "events_url": "https://api.github.com/users/ghost/events{/privacy}",
                "received_events_url": "https://api.github.com/users/ghost/received_events",
                "type": "User",
                "site_admin": false
            },
            "created_at": "2013-05-22T12:43:19Z",
            "updated_at": "2013-05-22T12:43:19Z",
            "author_association": "NONE",
            "body": "@rbpasker You probably wanted to write `request.args['q']`\n"
        },
        {
            "url": "https://api.github.com/repos/pallets/flask/issues/comments/18275625",
            "html_url": "https://github.com/pallets/flask/issues/294#issuecomment-18275625",
            "issue_url": "https://api.github.com/repos/pallets/flask/issues/294",
            "id": 18275625,
            "node_id": "MDEyOklzc3VlQ29tbWVudDE4Mjc1NjI1",
            "user": {
                "login": "rbpasker",
                "id": 87866,
                "node_id": "MDQ6VXNlcjg3ODY2",
                "avatar_url": "https://avatars1.githubusercontent.com/u/87866?v=4",
                "gravatar_id": "",
                "url": "https://api.github.com/users/rbpasker",
                "html_url": "https://github.com/rbpasker",
                "followers_url": "https://api.github.com/users/rbpasker/followers",
                "following_url": "https://api.github.com/users/rbpasker/following{/other_user}",
                "gists_url": "https://api.github.com/users/rbpasker/gists{/gist_id}",
                "starred_url": "https://api.github.com/users/rbpasker/starred{/owner}{/repo}",
                "subscriptions_url": "https://api.github.com/users/rbpasker/subscriptions",
                "organizations_url": "https://api.github.com/users/rbpasker/orgs",
                "repos_url": "https://api.github.com/users/rbpasker/repos",
                "events_url": "https://api.github.com/users/rbpasker/events{/privacy}",
                "received_events_url": "https://api.github.com/users/rbpasker/received_events",
                "type": "User",
                "site_admin": false
            },
            "created_at": "2013-05-22T12:47:43Z",
            "updated_at": "2013-05-22T12:47:43Z",
            "author_association": "NONE",
            "body": "thanks, fixed!\n"
        }
    ]
}