{
    "url": "https://api.github.com/repos/pallets/flask/issues/2940",
    "repository_url": "https://api.github.com/repos/pallets/flask",
    "labels_url": "https://api.github.com/repos/pallets/flask/issues/2940/labels{/name}",
    "comments_url": "https://api.github.com/repos/pallets/flask/issues/2940/comments",
    "events_url": "https://api.github.com/repos/pallets/flask/issues/2940/events",
    "html_url": "https://github.com/pallets/flask/pull/2940",
    "id": 369821731,
    "node_id": "MDExOlB1bGxSZXF1ZXN0MjIyNjYyODY1",
    "number": 2940,
    "title": "Fixed typo in app.py",
    "user": {
        "login": "olujedai",
        "id": 9518833,
        "node_id": "MDQ6VXNlcjk1MTg4MzM=",
        "avatar_url": "https://avatars1.githubusercontent.com/u/9518833?v=4",
        "gravatar_id": "",
        "url": "https://api.github.com/users/olujedai",
        "html_url": "https://github.com/olujedai",
        "followers_url": "https://api.github.com/users/olujedai/followers",
        "following_url": "https://api.github.com/users/olujedai/following{/other_user}",
        "gists_url": "https://api.github.com/users/olujedai/gists{/gist_id}",
        "starred_url": "https://api.github.com/users/olujedai/starred{/owner}{/repo}",
        "subscriptions_url": "https://api.github.com/users/olujedai/subscriptions",
        "organizations_url": "https://api.github.com/users/olujedai/orgs",
        "repos_url": "https://api.github.com/users/olujedai/repos",
        "events_url": "https://api.github.com/users/olujedai/events{/privacy}",
        "received_events_url": "https://api.github.com/users/olujedai/received_events",
        "type": "User",
        "site_admin": false
    },
    "labels": [],
    "state": "closed",
    "locked": false,
    "assignee": null,
    "assignees": [],
    "milestone": null,
    "comments": 3,
    "created_at": "2018-10-13T17:12:54Z",
    "updated_at": "2018-10-13T18:56:17Z",
    "closed_at": "2018-10-13T18:56:17Z",
    "author_association": "CONTRIBUTOR",
    "pull_request": {
        "url": "https://api.github.com/repos/pallets/flask/pulls/2940",
        "html_url": "https://github.com/pallets/flask/pull/2940",
        "diff_url": "https://github.com/pallets/flask/pull/2940.diff",
        "patch_url": "https://github.com/pallets/flask/pull/2940.patch"
    },
    "body": "This patch fixes a typo in the \"handle_user_exception\" method in app.py.\r\n\r\n<!--\r\nLink to any relevant issues or pull requests.\r\n\r\nCommit checklist:\r\n\r\n* add tests that fail without the patch\r\n* ensure all tests pass with ``pytest``\r\n* add documentation to the relevant docstrings or pages\r\n* add ``versionadded`` or ``versionchanged`` directives to relevant docstrings\r\n* add a changelog entry if this patch changes code\r\n\r\nTests, coverage, and docs will be run automatically when you submit the pull\r\nrequest, but running them yourself can save time.\r\n-->\r\n",
    "comments_inline": [
        {
            "url": "https://api.github.com/repos/pallets/flask/issues/comments/429562724",
            "html_url": "https://github.com/pallets/flask/pull/2940#issuecomment-429562724",
            "issue_url": "https://api.github.com/repos/pallets/flask/issues/2940",
            "id": 429562724,
            "node_id": "MDEyOklzc3VlQ29tbWVudDQyOTU2MjcyNA==",
            "user": {
                "login": "ThiefMaster",
                "id": 179599,
                "node_id": "MDQ6VXNlcjE3OTU5OQ==",
                "avatar_url": "https://avatars1.githubusercontent.com/u/179599?v=4",
                "gravatar_id": "",
                "url": "https://api.github.com/users/ThiefMaster",
                "html_url": "https://github.com/ThiefMaster",
                "followers_url": "https://api.github.com/users/ThiefMaster/followers",
                "following_url": "https://api.github.com/users/ThiefMaster/following{/other_user}",
                "gists_url": "https://api.github.com/users/ThiefMaster/gists{/gist_id}",
                "starred_url": "https://api.github.com/users/ThiefMaster/starred{/owner}{/repo}",
                "subscriptions_url": "https://api.github.com/users/ThiefMaster/subscriptions",
                "organizations_url": "https://api.github.com/users/ThiefMaster/orgs",
                "repos_url": "https://api.github.com/users/ThiefMaster/repos",
                "events_url": "https://api.github.com/users/ThiefMaster/events{/privacy}",
                "received_events_url": "https://api.github.com/users/ThiefMaster/received_events",
                "type": "User",
                "site_admin": false
            },
            "created_at": "2018-10-13T18:04:09Z",
            "updated_at": "2018-10-13T18:04:09Z",
            "author_association": "MEMBER",
            "body": "Thanks! The commit (or rather its email address) is currently not associated with your GitHub account. Do you want to fix (and if necessary forcepush) that before the PR is merged?"
        },
        {
            "url": "https://api.github.com/repos/pallets/flask/issues/comments/429566346",
            "html_url": "https://github.com/pallets/flask/pull/2940#issuecomment-429566346",
            "issue_url": "https://api.github.com/repos/pallets/flask/issues/2940",
            "id": 429566346,
            "node_id": "MDEyOklzc3VlQ29tbWVudDQyOTU2NjM0Ng==",
            "user": {
                "login": "olujedai",
                "id": 9518833,
                "node_id": "MDQ6VXNlcjk1MTg4MzM=",
                "avatar_url": "https://avatars1.githubusercontent.com/u/9518833?v=4",
                "gravatar_id": "",
                "url": "https://api.github.com/users/olujedai",
                "html_url": "https://github.com/olujedai",
                "followers_url": "https://api.github.com/users/olujedai/followers",
                "following_url": "https://api.github.com/users/olujedai/following{/other_user}",
                "gists_url": "https://api.github.com/users/olujedai/gists{/gist_id}",
                "starred_url": "https://api.github.com/users/olujedai/starred{/owner}{/repo}",
                "subscriptions_url": "https://api.github.com/users/olujedai/subscriptions",
                "organizations_url": "https://api.github.com/users/olujedai/orgs",
                "repos_url": "https://api.github.com/users/olujedai/repos",
                "events_url": "https://api.github.com/users/olujedai/events{/privacy}",
                "received_events_url": "https://api.github.com/users/olujedai/received_events",
                "type": "User",
                "site_admin": false
            },
            "created_at": "2018-10-13T18:53:22Z",
            "updated_at": "2018-10-13T18:53:22Z",
            "author_association": "CONTRIBUTOR",
            "body": "I've fixed this now.\r\n"
        },
        {
            "url": "https://api.github.com/repos/pallets/flask/issues/comments/429566502",
            "html_url": "https://github.com/pallets/flask/pull/2940#issuecomment-429566502",
            "issue_url": "https://api.github.com/repos/pallets/flask/issues/2940",
            "id": 429566502,
            "node_id": "MDEyOklzc3VlQ29tbWVudDQyOTU2NjUwMg==",
            "user": {
                "login": "ThiefMaster",
                "id": 179599,
                "node_id": "MDQ6VXNlcjE3OTU5OQ==",
                "avatar_url": "https://avatars1.githubusercontent.com/u/179599?v=4",
                "gravatar_id": "",
                "url": "https://api.github.com/users/ThiefMaster",
                "html_url": "https://github.com/ThiefMaster",
                "followers_url": "https://api.github.com/users/ThiefMaster/followers",
                "following_url": "https://api.github.com/users/ThiefMaster/following{/other_user}",
                "gists_url": "https://api.github.com/users/ThiefMaster/gists{/gist_id}",
                "starred_url": "https://api.github.com/users/ThiefMaster/starred{/owner}{/repo}",
                "subscriptions_url": "https://api.github.com/users/ThiefMaster/subscriptions",
                "organizations_url": "https://api.github.com/users/ThiefMaster/orgs",
                "repos_url": "https://api.github.com/users/ThiefMaster/repos",
                "events_url": "https://api.github.com/users/ThiefMaster/events{/privacy}",
                "received_events_url": "https://api.github.com/users/ThiefMaster/received_events",
                "type": "User",
                "site_admin": false
            },
            "created_at": "2018-10-13T18:55:24Z",
            "updated_at": "2018-10-13T18:55:24Z",
            "author_association": "MEMBER",
            "body": "Now you have some mess with a merge commit. Anyway, I'll see if merging this in squash&merge move keeps the proper authorship.."
        }
    ]
}