{
    "url": "https://api.github.com/repos/pallets/flask/issues/2942",
    "repository_url": "https://api.github.com/repos/pallets/flask",
    "labels_url": "https://api.github.com/repos/pallets/flask/issues/2942/labels{/name}",
    "comments_url": "https://api.github.com/repos/pallets/flask/issues/2942/comments",
    "events_url": "https://api.github.com/repos/pallets/flask/issues/2942/events",
    "html_url": "https://github.com/pallets/flask/pull/2942",
    "id": 370092875,
    "node_id": "MDExOlB1bGxSZXF1ZXN0MjIyODUxODk3",
    "number": 2942,
    "title": "Allow positional arguments to @login_required decorator in tutorial",
    "user": {
        "login": "hoheinzollern",
        "id": 253462,
        "node_id": "MDQ6VXNlcjI1MzQ2Mg==",
        "avatar_url": "https://avatars0.githubusercontent.com/u/253462?v=4",
        "gravatar_id": "",
        "url": "https://api.github.com/users/hoheinzollern",
        "html_url": "https://github.com/hoheinzollern",
        "followers_url": "https://api.github.com/users/hoheinzollern/followers",
        "following_url": "https://api.github.com/users/hoheinzollern/following{/other_user}",
        "gists_url": "https://api.github.com/users/hoheinzollern/gists{/gist_id}",
        "starred_url": "https://api.github.com/users/hoheinzollern/starred{/owner}{/repo}",
        "subscriptions_url": "https://api.github.com/users/hoheinzollern/subscriptions",
        "organizations_url": "https://api.github.com/users/hoheinzollern/orgs",
        "repos_url": "https://api.github.com/users/hoheinzollern/repos",
        "events_url": "https://api.github.com/users/hoheinzollern/events{/privacy}",
        "received_events_url": "https://api.github.com/users/hoheinzollern/received_events",
        "type": "User",
        "site_admin": false
    },
    "labels": [],
    "state": "closed",
    "locked": false,
    "assignee": null,
    "assignees": [],
    "milestone": null,
    "comments": 3,
    "created_at": "2018-10-15T10:15:05Z",
    "updated_at": "2018-10-15T10:30:57Z",
    "closed_at": "2018-10-15T10:30:57Z",
    "author_association": "NONE",
    "pull_request": {
        "url": "https://api.github.com/repos/pallets/flask/pulls/2942",
        "html_url": "https://github.com/pallets/flask/pull/2942",
        "diff_url": "https://github.com/pallets/flask/pull/2942.diff",
        "patch_url": "https://github.com/pallets/flask/pull/2942.patch"
    },
    "body": "Updating posts was not working due to a positional argument not playing well with the @login_required function (using Python 3.6).\r\n\r\nI changed the function to accept positional arugments, which fixes the problem.",
    "comments_inline": [
        {
            "url": "https://api.github.com/repos/pallets/flask/issues/comments/429789584",
            "html_url": "https://github.com/pallets/flask/pull/2942#issuecomment-429789584",
            "issue_url": "https://api.github.com/repos/pallets/flask/issues/2942",
            "id": 429789584,
            "node_id": "MDEyOklzc3VlQ29tbWVudDQyOTc4OTU4NA==",
            "user": {
                "login": "ThiefMaster",
                "id": 179599,
                "node_id": "MDQ6VXNlcjE3OTU5OQ==",
                "avatar_url": "https://avatars1.githubusercontent.com/u/179599?v=4",
                "gravatar_id": "",
                "url": "https://api.github.com/users/ThiefMaster",
                "html_url": "https://github.com/ThiefMaster",
                "followers_url": "https://api.github.com/users/ThiefMaster/followers",
                "following_url": "https://api.github.com/users/ThiefMaster/following{/other_user}",
                "gists_url": "https://api.github.com/users/ThiefMaster/gists{/gist_id}",
                "starred_url": "https://api.github.com/users/ThiefMaster/starred{/owner}{/repo}",
                "subscriptions_url": "https://api.github.com/users/ThiefMaster/subscriptions",
                "organizations_url": "https://api.github.com/users/ThiefMaster/orgs",
                "repos_url": "https://api.github.com/users/ThiefMaster/repos",
                "events_url": "https://api.github.com/users/ThiefMaster/events{/privacy}",
                "received_events_url": "https://api.github.com/users/ThiefMaster/received_events",
                "type": "User",
                "site_admin": false
            },
            "created_at": "2018-10-15T10:16:36Z",
            "updated_at": "2018-10-15T10:16:36Z",
            "author_association": "MEMBER",
            "body": "Can I see a traceback of it failing withour your change? Flask view functions only use kwargs but no posargs."
        },
        {
            "url": "https://api.github.com/repos/pallets/flask/issues/comments/429794437",
            "html_url": "https://github.com/pallets/flask/pull/2942#issuecomment-429794437",
            "issue_url": "https://api.github.com/repos/pallets/flask/issues/2942",
            "id": 429794437,
            "node_id": "MDEyOklzc3VlQ29tbWVudDQyOTc5NDQzNw==",
            "user": {
                "login": "hoheinzollern",
                "id": 253462,
                "node_id": "MDQ6VXNlcjI1MzQ2Mg==",
                "avatar_url": "https://avatars0.githubusercontent.com/u/253462?v=4",
                "gravatar_id": "",
                "url": "https://api.github.com/users/hoheinzollern",
                "html_url": "https://github.com/hoheinzollern",
                "followers_url": "https://api.github.com/users/hoheinzollern/followers",
                "following_url": "https://api.github.com/users/hoheinzollern/following{/other_user}",
                "gists_url": "https://api.github.com/users/hoheinzollern/gists{/gist_id}",
                "starred_url": "https://api.github.com/users/hoheinzollern/starred{/owner}{/repo}",
                "subscriptions_url": "https://api.github.com/users/hoheinzollern/subscriptions",
                "organizations_url": "https://api.github.com/users/hoheinzollern/orgs",
                "repos_url": "https://api.github.com/users/hoheinzollern/repos",
                "events_url": "https://api.github.com/users/hoheinzollern/events{/privacy}",
                "received_events_url": "https://api.github.com/users/hoheinzollern/received_events",
                "type": "User",
                "site_admin": false
            },
            "created_at": "2018-10-15T10:30:17Z",
            "updated_at": "2018-10-15T10:30:17Z",
            "author_association": "NONE",
            "body": "Ok, that was my bad, sorry. I added @login_required to the get_post function to do some testing, which had a positional argument. If I keep that decoration then I can show a trace.\r\nNot sure whether that makes sense to keep or not."
        },
        {
            "url": "https://api.github.com/repos/pallets/flask/issues/comments/429794797",
            "html_url": "https://github.com/pallets/flask/pull/2942#issuecomment-429794797",
            "issue_url": "https://api.github.com/repos/pallets/flask/issues/2942",
            "id": 429794797,
            "node_id": "MDEyOklzc3VlQ29tbWVudDQyOTc5NDc5Nw==",
            "user": {
                "login": "ThiefMaster",
                "id": 179599,
                "node_id": "MDQ6VXNlcjE3OTU5OQ==",
                "avatar_url": "https://avatars1.githubusercontent.com/u/179599?v=4",
                "gravatar_id": "",
                "url": "https://api.github.com/users/ThiefMaster",
                "html_url": "https://github.com/ThiefMaster",
                "followers_url": "https://api.github.com/users/ThiefMaster/followers",
                "following_url": "https://api.github.com/users/ThiefMaster/following{/other_user}",
                "gists_url": "https://api.github.com/users/ThiefMaster/gists{/gist_id}",
                "starred_url": "https://api.github.com/users/ThiefMaster/starred{/owner}{/repo}",
                "subscriptions_url": "https://api.github.com/users/ThiefMaster/subscriptions",
                "organizations_url": "https://api.github.com/users/ThiefMaster/orgs",
                "repos_url": "https://api.github.com/users/ThiefMaster/repos",
                "events_url": "https://api.github.com/users/ThiefMaster/events{/privacy}",
                "received_events_url": "https://api.github.com/users/ThiefMaster/received_events",
                "type": "User",
                "site_admin": false
            },
            "created_at": "2018-10-15T10:30:57Z",
            "updated_at": "2018-10-15T10:30:57Z",
            "author_association": "MEMBER",
            "body": "I think the decorator only makes sense on view functions."
        }
    ]
}