{
    "url": "https://api.github.com/repos/pallets/flask/issues/2944",
    "repository_url": "https://api.github.com/repos/pallets/flask",
    "labels_url": "https://api.github.com/repos/pallets/flask/issues/2944/labels{/name}",
    "comments_url": "https://api.github.com/repos/pallets/flask/issues/2944/comments",
    "events_url": "https://api.github.com/repos/pallets/flask/issues/2944/events",
    "html_url": "https://github.com/pallets/flask/pull/2944",
    "id": 370200859,
    "node_id": "MDExOlB1bGxSZXF1ZXN0MjIyOTM0OTY5",
    "number": 2944,
    "title": "Docs: add warning about custom commands with Click v7.x turning underscores to dashes",
    "user": {
        "login": "zoltan-fedor",
        "id": 3887295,
        "node_id": "MDQ6VXNlcjM4ODcyOTU=",
        "avatar_url": "https://avatars2.githubusercontent.com/u/3887295?v=4",
        "gravatar_id": "",
        "url": "https://api.github.com/users/zoltan-fedor",
        "html_url": "https://github.com/zoltan-fedor",
        "followers_url": "https://api.github.com/users/zoltan-fedor/followers",
        "following_url": "https://api.github.com/users/zoltan-fedor/following{/other_user}",
        "gists_url": "https://api.github.com/users/zoltan-fedor/gists{/gist_id}",
        "starred_url": "https://api.github.com/users/zoltan-fedor/starred{/owner}{/repo}",
        "subscriptions_url": "https://api.github.com/users/zoltan-fedor/subscriptions",
        "organizations_url": "https://api.github.com/users/zoltan-fedor/orgs",
        "repos_url": "https://api.github.com/users/zoltan-fedor/repos",
        "events_url": "https://api.github.com/users/zoltan-fedor/events{/privacy}",
        "received_events_url": "https://api.github.com/users/zoltan-fedor/received_events",
        "type": "User",
        "site_admin": false
    },
    "labels": [],
    "state": "closed",
    "locked": false,
    "assignee": null,
    "assignees": [],
    "milestone": null,
    "comments": 2,
    "created_at": "2018-10-15T14:51:06Z",
    "updated_at": "2018-10-15T15:16:19Z",
    "closed_at": "2018-10-15T15:05:57Z",
    "author_association": "NONE",
    "pull_request": {
        "url": "https://api.github.com/repos/pallets/flask/pulls/2944",
        "html_url": "https://github.com/pallets/flask/pull/2944",
        "diff_url": "https://github.com/pallets/flask/pull/2944.diff",
        "patch_url": "https://github.com/pallets/flask/pull/2944.patch"
    },
    "body": "Starting Click v7.0 subcommands that are named by the function automatically have underscores replaced with dash (see the 4th item from the bottom for the changelog of Click v7.0 at http://click.palletsprojects.com/en/7.x/changelog/).\r\n\r\nThis caused the Custom Commands example in the documentation not working with Click v7.x, so I have added a warning for the Click v7.x users.",
    "comments_inline": [
        {
            "url": "https://api.github.com/repos/pallets/flask/issues/comments/429891178",
            "html_url": "https://github.com/pallets/flask/pull/2944#issuecomment-429891178",
            "issue_url": "https://api.github.com/repos/pallets/flask/issues/2944",
            "id": 429891178,
            "node_id": "MDEyOklzc3VlQ29tbWVudDQyOTg5MTE3OA==",
            "user": {
                "login": "davidism",
                "id": 1242887,
                "node_id": "MDQ6VXNlcjEyNDI4ODc=",
                "avatar_url": "https://avatars1.githubusercontent.com/u/1242887?v=4",
                "gravatar_id": "",
                "url": "https://api.github.com/users/davidism",
                "html_url": "https://github.com/davidism",
                "followers_url": "https://api.github.com/users/davidism/followers",
                "following_url": "https://api.github.com/users/davidism/following{/other_user}",
                "gists_url": "https://api.github.com/users/davidism/gists{/gist_id}",
                "starred_url": "https://api.github.com/users/davidism/starred{/owner}{/repo}",
                "subscriptions_url": "https://api.github.com/users/davidism/subscriptions",
                "organizations_url": "https://api.github.com/users/davidism/orgs",
                "repos_url": "https://api.github.com/users/davidism/repos",
                "events_url": "https://api.github.com/users/davidism/events{/privacy}",
                "received_events_url": "https://api.github.com/users/davidism/received_events",
                "type": "User",
                "site_admin": false
            },
            "created_at": "2018-10-15T15:05:56Z",
            "updated_at": "2018-10-15T15:07:47Z",
            "author_association": "MEMBER",
            "body": "Thanks, but I'd rather get a release of Click that addresses that well before these Flask docs changes would ever be published. See pallets/click#1123.\r\n\r\nThe docs should be updated, but to just use dashes instead of underscores."
        },
        {
            "url": "https://api.github.com/repos/pallets/flask/issues/comments/429895613",
            "html_url": "https://github.com/pallets/flask/pull/2944#issuecomment-429895613",
            "issue_url": "https://api.github.com/repos/pallets/flask/issues/2944",
            "id": 429895613,
            "node_id": "MDEyOklzc3VlQ29tbWVudDQyOTg5NTYxMw==",
            "user": {
                "login": "zoltan-fedor",
                "id": 3887295,
                "node_id": "MDQ6VXNlcjM4ODcyOTU=",
                "avatar_url": "https://avatars2.githubusercontent.com/u/3887295?v=4",
                "gravatar_id": "",
                "url": "https://api.github.com/users/zoltan-fedor",
                "html_url": "https://github.com/zoltan-fedor",
                "followers_url": "https://api.github.com/users/zoltan-fedor/followers",
                "following_url": "https://api.github.com/users/zoltan-fedor/following{/other_user}",
                "gists_url": "https://api.github.com/users/zoltan-fedor/gists{/gist_id}",
                "starred_url": "https://api.github.com/users/zoltan-fedor/starred{/owner}{/repo}",
                "subscriptions_url": "https://api.github.com/users/zoltan-fedor/subscriptions",
                "organizations_url": "https://api.github.com/users/zoltan-fedor/orgs",
                "repos_url": "https://api.github.com/users/zoltan-fedor/repos",
                "events_url": "https://api.github.com/users/zoltan-fedor/events{/privacy}",
                "received_events_url": "https://api.github.com/users/zoltan-fedor/received_events",
                "type": "User",
                "site_admin": false
            },
            "created_at": "2018-10-15T15:16:19Z",
            "updated_at": "2018-10-15T15:16:19Z",
            "author_association": "NONE",
            "body": "I thought it is better to put in a warning instead of just changing the example to `flask create-user admin` , as I assume many are still using pre-v7.0 version of Click, where the underscores don't get replaced with dashes, so if the docs are updated simply stating that the command is now with dashes, then that wouldn't work for anybody still using Click 6.x (which I assume is still substantial number of users).\r\n\r\nBut if you prefer, I can make a PR just to having `flask create-user admin` instead of `flask create_user admin` without the warning for the Click version.\r\n\r\nThanks"
        }
    ]
}