{
    "url": "https://api.github.com/repos/pallets/flask/issues/2946",
    "repository_url": "https://api.github.com/repos/pallets/flask",
    "labels_url": "https://api.github.com/repos/pallets/flask/issues/2946/labels{/name}",
    "comments_url": "https://api.github.com/repos/pallets/flask/issues/2946/comments",
    "events_url": "https://api.github.com/repos/pallets/flask/issues/2946/events",
    "html_url": "https://github.com/pallets/flask/issues/2946",
    "id": 370856452,
    "node_id": "MDU6SXNzdWUzNzA4NTY0NTI=",
    "number": 2946,
    "title": "the app start run error",
    "user": {
        "login": "davidzhang9990",
        "id": 23019715,
        "node_id": "MDQ6VXNlcjIzMDE5NzE1",
        "avatar_url": "https://avatars1.githubusercontent.com/u/23019715?v=4",
        "gravatar_id": "",
        "url": "https://api.github.com/users/davidzhang9990",
        "html_url": "https://github.com/davidzhang9990",
        "followers_url": "https://api.github.com/users/davidzhang9990/followers",
        "following_url": "https://api.github.com/users/davidzhang9990/following{/other_user}",
        "gists_url": "https://api.github.com/users/davidzhang9990/gists{/gist_id}",
        "starred_url": "https://api.github.com/users/davidzhang9990/starred{/owner}{/repo}",
        "subscriptions_url": "https://api.github.com/users/davidzhang9990/subscriptions",
        "organizations_url": "https://api.github.com/users/davidzhang9990/orgs",
        "repos_url": "https://api.github.com/users/davidzhang9990/repos",
        "events_url": "https://api.github.com/users/davidzhang9990/events{/privacy}",
        "received_events_url": "https://api.github.com/users/davidzhang9990/received_events",
        "type": "User",
        "site_admin": false
    },
    "labels": [],
    "state": "closed",
    "locked": false,
    "assignee": null,
    "assignees": [],
    "milestone": null,
    "comments": 1,
    "created_at": "2018-10-17T00:58:13Z",
    "updated_at": "2018-10-17T01:43:57Z",
    "closed_at": "2018-10-17T01:43:56Z",
    "author_association": "NONE",
    "body": "async_mode = None\r\napp = Flask(__name__)\r\napp.config['SECRET_KEY'] = 'secret!'\r\nsocketio = SocketIO(app, async_mode=async_mode)\r\nthread = None\r\n\r\n@app.route('/')\r\ndef index():\r\n    emit('response', {'code': '200', 'msg': 'start to process...'})\r\n    return render_template('index.html')\r\n\r\nif __name__ == \"__main__\":\r\n    socketio.run(app, host='0.0.0.0', debug=True, port=5001)\r\n\r\n---\r\n\r\n### Expected Behavior\r\n\r\nWebSocket transport not available. Install eventlet or gevent and gevent-websocket for improved performance.\r\nE:\\Project\\JDGoods\\venv\\lib\\site-packages\\flask_socketio\\__init__.py:496: Warning: Silently ignoring app.run() because the application is run from the flask command line executable.  Consider putting app.run() behind an if __name__ == \"__main__\" guard to silence this warning.\r\n  use_reloader=use_reloader, **kwargs)\r\n\r\n### Environment\r\n\r\n* Python version:  2.7\r\n* Flask version: 1.0.2\r\n* Werkzeug version:1.0\r\n* Flask-SocketIO version 3.0.2\r\n",
    "comments_inline": [
        {
            "url": "https://api.github.com/repos/pallets/flask/issues/comments/430459725",
            "html_url": "https://github.com/pallets/flask/issues/2946#issuecomment-430459725",
            "issue_url": "https://api.github.com/repos/pallets/flask/issues/2946",
            "id": 430459725,
            "node_id": "MDEyOklzc3VlQ29tbWVudDQzMDQ1OTcyNQ==",
            "user": {
                "login": "davidism",
                "id": 1242887,
                "node_id": "MDQ6VXNlcjEyNDI4ODc=",
                "avatar_url": "https://avatars1.githubusercontent.com/u/1242887?v=4",
                "gravatar_id": "",
                "url": "https://api.github.com/users/davidism",
                "html_url": "https://github.com/davidism",
                "followers_url": "https://api.github.com/users/davidism/followers",
                "following_url": "https://api.github.com/users/davidism/following{/other_user}",
                "gists_url": "https://api.github.com/users/davidism/gists{/gist_id}",
                "starred_url": "https://api.github.com/users/davidism/starred{/owner}{/repo}",
                "subscriptions_url": "https://api.github.com/users/davidism/subscriptions",
                "organizations_url": "https://api.github.com/users/davidism/orgs",
                "repos_url": "https://api.github.com/users/davidism/repos",
                "events_url": "https://api.github.com/users/davidism/events{/privacy}",
                "received_events_url": "https://api.github.com/users/davidism/received_events",
                "type": "User",
                "site_admin": false
            },
            "created_at": "2018-10-17T01:43:56Z",
            "updated_at": "2018-10-17T01:43:56Z",
            "author_association": "MEMBER",
            "body": "Please use Stack Overflow for questions about your own code. This tracker is for issues related to the project itself. Be sure to include a [minimal, complete, and verifiable example](https://stackoverflow.com/help/mcve)."
        }
    ]
}