{
    "url": "https://api.github.com/repos/pallets/flask/issues/2947",
    "repository_url": "https://api.github.com/repos/pallets/flask",
    "labels_url": "https://api.github.com/repos/pallets/flask/issues/2947/labels{/name}",
    "comments_url": "https://api.github.com/repos/pallets/flask/issues/2947/comments",
    "events_url": "https://api.github.com/repos/pallets/flask/issues/2947/events",
    "html_url": "https://github.com/pallets/flask/issues/2947",
    "id": 370925847,
    "node_id": "MDU6SXNzdWUzNzA5MjU4NDc=",
    "number": 2947,
    "title": "Review Flask-MailboxValidator extension for listing",
    "user": {
        "login": "MailboxValidator",
        "id": 15919571,
        "node_id": "MDQ6VXNlcjE1OTE5NTcx",
        "avatar_url": "https://avatars0.githubusercontent.com/u/15919571?v=4",
        "gravatar_id": "",
        "url": "https://api.github.com/users/MailboxValidator",
        "html_url": "https://github.com/MailboxValidator",
        "followers_url": "https://api.github.com/users/MailboxValidator/followers",
        "following_url": "https://api.github.com/users/MailboxValidator/following{/other_user}",
        "gists_url": "https://api.github.com/users/MailboxValidator/gists{/gist_id}",
        "starred_url": "https://api.github.com/users/MailboxValidator/starred{/owner}{/repo}",
        "subscriptions_url": "https://api.github.com/users/MailboxValidator/subscriptions",
        "organizations_url": "https://api.github.com/users/MailboxValidator/orgs",
        "repos_url": "https://api.github.com/users/MailboxValidator/repos",
        "events_url": "https://api.github.com/users/MailboxValidator/events{/privacy}",
        "received_events_url": "https://api.github.com/users/MailboxValidator/received_events",
        "type": "User",
        "site_admin": false
    },
    "labels": [],
    "state": "closed",
    "locked": false,
    "assignee": null,
    "assignees": [],
    "milestone": null,
    "comments": 2,
    "created_at": "2018-10-17T07:01:20Z",
    "updated_at": "2018-10-18T03:30:28Z",
    "closed_at": "2018-10-17T13:52:13Z",
    "author_association": "NONE",
    "body": "Dear Flask Team,\r\n\r\nMailboxValidator had introduced a new Flask extension that can help Flask users to validate email in various purpose. We would like to submit this extension for listing in the Flask Extension Registry.\r\n\r\nExtension Name: Flask_MailboxValidator\r\nPYPI link: https://pypi.org/project/flask-MailboxValidator/ \r\nVersion: 1.0.1\r\nMaintainer: MailboxValidator <support@mailboxvalidator.com>\r\nRepository: https://github.com/MailboxValidator/Flask_MailboxValidator\r\nLicense: MIT\r\nDocumentation link: https://flask-mailboxvalidator.readthedocs.io/en/latest/\r\n\r\nThank You.\r\n",
    "comments_inline": [
        {
            "url": "https://api.github.com/repos/pallets/flask/issues/comments/430636940",
            "html_url": "https://github.com/pallets/flask/issues/2947#issuecomment-430636940",
            "issue_url": "https://api.github.com/repos/pallets/flask/issues/2947",
            "id": 430636940,
            "node_id": "MDEyOklzc3VlQ29tbWVudDQzMDYzNjk0MA==",
            "user": {
                "login": "davidism",
                "id": 1242887,
                "node_id": "MDQ6VXNlcjEyNDI4ODc=",
                "avatar_url": "https://avatars1.githubusercontent.com/u/1242887?v=4",
                "gravatar_id": "",
                "url": "https://api.github.com/users/davidism",
                "html_url": "https://github.com/davidism",
                "followers_url": "https://api.github.com/users/davidism/followers",
                "following_url": "https://api.github.com/users/davidism/following{/other_user}",
                "gists_url": "https://api.github.com/users/davidism/gists{/gist_id}",
                "starred_url": "https://api.github.com/users/davidism/starred{/owner}{/repo}",
                "subscriptions_url": "https://api.github.com/users/davidism/subscriptions",
                "organizations_url": "https://api.github.com/users/davidism/orgs",
                "repos_url": "https://api.github.com/users/davidism/repos",
                "events_url": "https://api.github.com/users/davidism/events{/privacy}",
                "received_events_url": "https://api.github.com/users/davidism/received_events",
                "type": "User",
                "site_admin": false
            },
            "created_at": "2018-10-17T13:52:13Z",
            "updated_at": "2018-10-17T13:52:13Z",
            "author_association": "MEMBER",
            "body": "Extensions are added by submitting a pr to the https://github.com/pallets/flask-website repo. Note that I'm not currently deploying new versions of that site (I'm working towards a new process), but please submit a PR anyway so I can keep track. Thank you!"
        },
        {
            "url": "https://api.github.com/repos/pallets/flask/issues/comments/430863510",
            "html_url": "https://github.com/pallets/flask/issues/2947#issuecomment-430863510",
            "issue_url": "https://api.github.com/repos/pallets/flask/issues/2947",
            "id": 430863510,
            "node_id": "MDEyOklzc3VlQ29tbWVudDQzMDg2MzUxMA==",
            "user": {
                "login": "MailboxValidator",
                "id": 15919571,
                "node_id": "MDQ6VXNlcjE1OTE5NTcx",
                "avatar_url": "https://avatars0.githubusercontent.com/u/15919571?v=4",
                "gravatar_id": "",
                "url": "https://api.github.com/users/MailboxValidator",
                "html_url": "https://github.com/MailboxValidator",
                "followers_url": "https://api.github.com/users/MailboxValidator/followers",
                "following_url": "https://api.github.com/users/MailboxValidator/following{/other_user}",
                "gists_url": "https://api.github.com/users/MailboxValidator/gists{/gist_id}",
                "starred_url": "https://api.github.com/users/MailboxValidator/starred{/owner}{/repo}",
                "subscriptions_url": "https://api.github.com/users/MailboxValidator/subscriptions",
                "organizations_url": "https://api.github.com/users/MailboxValidator/orgs",
                "repos_url": "https://api.github.com/users/MailboxValidator/repos",
                "events_url": "https://api.github.com/users/MailboxValidator/events{/privacy}",
                "received_events_url": "https://api.github.com/users/MailboxValidator/received_events",
                "type": "User",
                "site_admin": false
            },
            "created_at": "2018-10-18T03:30:28Z",
            "updated_at": "2018-10-18T03:30:28Z",
            "author_association": "NONE",
            "body": "OK, I have created the PR. Thanks!"
        }
    ]
}