{
    "url": "https://api.github.com/repos/pallets/flask/issues/295",
    "repository_url": "https://api.github.com/repos/pallets/flask",
    "labels_url": "https://api.github.com/repos/pallets/flask/issues/295/labels{/name}",
    "comments_url": "https://api.github.com/repos/pallets/flask/issues/295/comments",
    "events_url": "https://api.github.com/repos/pallets/flask/issues/295/events",
    "html_url": "https://github.com/pallets/flask/pull/295",
    "id": 1350375,
    "node_id": "MDExOlB1bGxSZXF1ZXN0MjU2NzA4",
    "number": 295,
    "title": "Added some very small changes",
    "user": {
        "login": "Poincare",
        "id": 217352,
        "node_id": "MDQ6VXNlcjIxNzM1Mg==",
        "avatar_url": "https://avatars2.githubusercontent.com/u/217352?v=4",
        "gravatar_id": "",
        "url": "https://api.github.com/users/Poincare",
        "html_url": "https://github.com/Poincare",
        "followers_url": "https://api.github.com/users/Poincare/followers",
        "following_url": "https://api.github.com/users/Poincare/following{/other_user}",
        "gists_url": "https://api.github.com/users/Poincare/gists{/gist_id}",
        "starred_url": "https://api.github.com/users/Poincare/starred{/owner}{/repo}",
        "subscriptions_url": "https://api.github.com/users/Poincare/subscriptions",
        "organizations_url": "https://api.github.com/users/Poincare/orgs",
        "repos_url": "https://api.github.com/users/Poincare/repos",
        "events_url": "https://api.github.com/users/Poincare/events{/privacy}",
        "received_events_url": "https://api.github.com/users/Poincare/received_events",
        "type": "User",
        "site_admin": false
    },
    "labels": [],
    "state": "closed",
    "locked": false,
    "assignee": null,
    "assignees": [],
    "milestone": null,
    "comments": 0,
    "created_at": "2011-08-05T10:55:16Z",
    "updated_at": "2014-06-13T00:27:55Z",
    "closed_at": "2011-08-05T11:30:00Z",
    "author_association": "NONE",
    "pull_request": {
        "url": "https://api.github.com/repos/pallets/flask/pulls/295",
        "html_url": "https://github.com/pallets/flask/pull/295",
        "diff_url": "https://github.com/pallets/flask/pull/295.diff",
        "patch_url": "https://github.com/pallets/flask/pull/295.patch"
    },
    "body": "Added comments. \n"
}