{
    "url": "https://api.github.com/repos/pallets/flask/issues/2950",
    "repository_url": "https://api.github.com/repos/pallets/flask",
    "labels_url": "https://api.github.com/repos/pallets/flask/issues/2950/labels{/name}",
    "comments_url": "https://api.github.com/repos/pallets/flask/issues/2950/comments",
    "events_url": "https://api.github.com/repos/pallets/flask/issues/2950/events",
    "html_url": "https://github.com/pallets/flask/issues/2950",
    "id": 371412387,
    "node_id": "MDU6SXNzdWUzNzE0MTIzODc=",
    "number": 2950,
    "title": "Questions: why do we need if __name__ == '__main__'?",
    "user": {
        "login": "jingsong-liu",
        "id": 10648096,
        "node_id": "MDQ6VXNlcjEwNjQ4MDk2",
        "avatar_url": "https://avatars1.githubusercontent.com/u/10648096?v=4",
        "gravatar_id": "",
        "url": "https://api.github.com/users/jingsong-liu",
        "html_url": "https://github.com/jingsong-liu",
        "followers_url": "https://api.github.com/users/jingsong-liu/followers",
        "following_url": "https://api.github.com/users/jingsong-liu/following{/other_user}",
        "gists_url": "https://api.github.com/users/jingsong-liu/gists{/gist_id}",
        "starred_url": "https://api.github.com/users/jingsong-liu/starred{/owner}{/repo}",
        "subscriptions_url": "https://api.github.com/users/jingsong-liu/subscriptions",
        "organizations_url": "https://api.github.com/users/jingsong-liu/orgs",
        "repos_url": "https://api.github.com/users/jingsong-liu/repos",
        "events_url": "https://api.github.com/users/jingsong-liu/events{/privacy}",
        "received_events_url": "https://api.github.com/users/jingsong-liu/received_events",
        "type": "User",
        "site_admin": false
    },
    "labels": [],
    "state": "closed",
    "locked": false,
    "assignee": null,
    "assignees": [],
    "milestone": null,
    "comments": 1,
    "created_at": "2018-10-18T08:18:08Z",
    "updated_at": "2018-10-18T08:21:00Z",
    "closed_at": "2018-10-18T08:20:59Z",
    "author_association": "NONE",
    "body": "https://github.com/pallets/flask/blob/673772cac931fea88b6134e57643bba9f0b27d44/flask/__main__.py#L12\r\n\r\nIt's always true.\r\nBecause of usual practice?",
    "comments_inline": [
        {
            "url": "https://api.github.com/repos/pallets/flask/issues/comments/430919291",
            "html_url": "https://github.com/pallets/flask/issues/2950#issuecomment-430919291",
            "issue_url": "https://api.github.com/repos/pallets/flask/issues/2950",
            "id": 430919291,
            "node_id": "MDEyOklzc3VlQ29tbWVudDQzMDkxOTI5MQ==",
            "user": {
                "login": "ThiefMaster",
                "id": 179599,
                "node_id": "MDQ6VXNlcjE3OTU5OQ==",
                "avatar_url": "https://avatars1.githubusercontent.com/u/179599?v=4",
                "gravatar_id": "",
                "url": "https://api.github.com/users/ThiefMaster",
                "html_url": "https://github.com/ThiefMaster",
                "followers_url": "https://api.github.com/users/ThiefMaster/followers",
                "following_url": "https://api.github.com/users/ThiefMaster/following{/other_user}",
                "gists_url": "https://api.github.com/users/ThiefMaster/gists{/gist_id}",
                "starred_url": "https://api.github.com/users/ThiefMaster/starred{/owner}{/repo}",
                "subscriptions_url": "https://api.github.com/users/ThiefMaster/subscriptions",
                "organizations_url": "https://api.github.com/users/ThiefMaster/orgs",
                "repos_url": "https://api.github.com/users/ThiefMaster/repos",
                "events_url": "https://api.github.com/users/ThiefMaster/events{/privacy}",
                "received_events_url": "https://api.github.com/users/ThiefMaster/received_events",
                "type": "User",
                "site_admin": false
            },
            "created_at": "2018-10-18T08:20:59Z",
            "updated_at": "2018-10-18T08:20:59Z",
            "author_association": "MEMBER",
            "body": "https://stackoverflow.com/questions/419163/what-does-if-name-main-do"
        }
    ]
}