{
    "url": "https://api.github.com/repos/pallets/flask/issues/2951",
    "repository_url": "https://api.github.com/repos/pallets/flask",
    "labels_url": "https://api.github.com/repos/pallets/flask/issues/2951/labels{/name}",
    "comments_url": "https://api.github.com/repos/pallets/flask/issues/2951/comments",
    "events_url": "https://api.github.com/repos/pallets/flask/issues/2951/events",
    "html_url": "https://github.com/pallets/flask/issues/2951",
    "id": 371514752,
    "node_id": "MDU6SXNzdWUzNzE1MTQ3NTI=",
    "number": 2951,
    "title": "Serial port give access denied when running flask in debug",
    "user": {
        "login": "diogorolo",
        "id": 3449660,
        "node_id": "MDQ6VXNlcjM0NDk2NjA=",
        "avatar_url": "https://avatars0.githubusercontent.com/u/3449660?v=4",
        "gravatar_id": "",
        "url": "https://api.github.com/users/diogorolo",
        "html_url": "https://github.com/diogorolo",
        "followers_url": "https://api.github.com/users/diogorolo/followers",
        "following_url": "https://api.github.com/users/diogorolo/following{/other_user}",
        "gists_url": "https://api.github.com/users/diogorolo/gists{/gist_id}",
        "starred_url": "https://api.github.com/users/diogorolo/starred{/owner}{/repo}",
        "subscriptions_url": "https://api.github.com/users/diogorolo/subscriptions",
        "organizations_url": "https://api.github.com/users/diogorolo/orgs",
        "repos_url": "https://api.github.com/users/diogorolo/repos",
        "events_url": "https://api.github.com/users/diogorolo/events{/privacy}",
        "received_events_url": "https://api.github.com/users/diogorolo/received_events",
        "type": "User",
        "site_admin": false
    },
    "labels": [],
    "state": "closed",
    "locked": false,
    "assignee": null,
    "assignees": [],
    "milestone": null,
    "comments": 2,
    "created_at": "2018-10-18T12:51:04Z",
    "updated_at": "2018-10-18T12:59:30Z",
    "closed_at": "2018-10-18T12:54:07Z",
    "author_association": "NONE",
    "body": "\r\n### Expected Behavior\r\n\r\nThis snippet should open a serial port and start flask in debug mode.\r\n\r\n```python\r\nfrom flask import Flask\r\nimport serial \r\n\r\nser = serial.Serial('\\\\\\\\.\\\\COM3',9600)\r\napp = Flask(__name__)\r\n\r\napp.run(debug=True)\r\n```\r\n\r\n### Actual Behavior\r\n\r\nAn exception is thrown saying that the serial port is in use.\r\nThis only happens if debug=True is present.\r\nIt works as expected if I only have app.run()\r\n\r\n\r\n### Environment\r\n\r\n* Python version:  3.6.5\r\n* Flask version: 1.0.2'\r\n",
    "comments_inline": [
        {
            "url": "https://api.github.com/repos/pallets/flask/issues/comments/430997048",
            "html_url": "https://github.com/pallets/flask/issues/2951#issuecomment-430997048",
            "issue_url": "https://api.github.com/repos/pallets/flask/issues/2951",
            "id": 430997048,
            "node_id": "MDEyOklzc3VlQ29tbWVudDQzMDk5NzA0OA==",
            "user": {
                "login": "ThiefMaster",
                "id": 179599,
                "node_id": "MDQ6VXNlcjE3OTU5OQ==",
                "avatar_url": "https://avatars1.githubusercontent.com/u/179599?v=4",
                "gravatar_id": "",
                "url": "https://api.github.com/users/ThiefMaster",
                "html_url": "https://github.com/ThiefMaster",
                "followers_url": "https://api.github.com/users/ThiefMaster/followers",
                "following_url": "https://api.github.com/users/ThiefMaster/following{/other_user}",
                "gists_url": "https://api.github.com/users/ThiefMaster/gists{/gist_id}",
                "starred_url": "https://api.github.com/users/ThiefMaster/starred{/owner}{/repo}",
                "subscriptions_url": "https://api.github.com/users/ThiefMaster/subscriptions",
                "organizations_url": "https://api.github.com/users/ThiefMaster/orgs",
                "repos_url": "https://api.github.com/users/ThiefMaster/repos",
                "events_url": "https://api.github.com/users/ThiefMaster/events{/privacy}",
                "received_events_url": "https://api.github.com/users/ThiefMaster/received_events",
                "type": "User",
                "site_admin": false
            },
            "created_at": "2018-10-18T12:54:06Z",
            "updated_at": "2018-10-18T12:54:06Z",
            "author_association": "MEMBER",
            "body": "You open the port (and thus lock it), then the reloader kicks in and starts the instance of your app that will actually serve requests, but since the port is already open it cannot open it as well.\r\n\r\nInstead, connect from `before_first_request` or even open it in each request that needs it."
        },
        {
            "url": "https://api.github.com/repos/pallets/flask/issues/comments/430998699",
            "html_url": "https://github.com/pallets/flask/issues/2951#issuecomment-430998699",
            "issue_url": "https://api.github.com/repos/pallets/flask/issues/2951",
            "id": 430998699,
            "node_id": "MDEyOklzc3VlQ29tbWVudDQzMDk5ODY5OQ==",
            "user": {
                "login": "diogorolo",
                "id": 3449660,
                "node_id": "MDQ6VXNlcjM0NDk2NjA=",
                "avatar_url": "https://avatars0.githubusercontent.com/u/3449660?v=4",
                "gravatar_id": "",
                "url": "https://api.github.com/users/diogorolo",
                "html_url": "https://github.com/diogorolo",
                "followers_url": "https://api.github.com/users/diogorolo/followers",
                "following_url": "https://api.github.com/users/diogorolo/following{/other_user}",
                "gists_url": "https://api.github.com/users/diogorolo/gists{/gist_id}",
                "starred_url": "https://api.github.com/users/diogorolo/starred{/owner}{/repo}",
                "subscriptions_url": "https://api.github.com/users/diogorolo/subscriptions",
                "organizations_url": "https://api.github.com/users/diogorolo/orgs",
                "repos_url": "https://api.github.com/users/diogorolo/repos",
                "events_url": "https://api.github.com/users/diogorolo/events{/privacy}",
                "received_events_url": "https://api.github.com/users/diogorolo/received_events",
                "type": "User",
                "site_admin": false
            },
            "created_at": "2018-10-18T12:59:30Z",
            "updated_at": "2018-10-18T12:59:30Z",
            "author_association": "NONE",
            "body": "Thanks, that was it.\r\nSetting use_reloader=False also fixes the issue."
        }
    ]
}