{
    "url": "https://api.github.com/repos/pallets/flask/issues/2953",
    "repository_url": "https://api.github.com/repos/pallets/flask",
    "labels_url": "https://api.github.com/repos/pallets/flask/issues/2953/labels{/name}",
    "comments_url": "https://api.github.com/repos/pallets/flask/issues/2953/comments",
    "events_url": "https://api.github.com/repos/pallets/flask/issues/2953/events",
    "html_url": "https://github.com/pallets/flask/pull/2953",
    "id": 371935284,
    "node_id": "MDExOlB1bGxSZXF1ZXN0MjI0MjY5NzMx",
    "number": 2953,
    "title": "Fix #2952: Pin itsdangerous to below v1",
    "user": {
        "login": "benvand",
        "id": 3469840,
        "node_id": "MDQ6VXNlcjM0Njk4NDA=",
        "avatar_url": "https://avatars0.githubusercontent.com/u/3469840?v=4",
        "gravatar_id": "",
        "url": "https://api.github.com/users/benvand",
        "html_url": "https://github.com/benvand",
        "followers_url": "https://api.github.com/users/benvand/followers",
        "following_url": "https://api.github.com/users/benvand/following{/other_user}",
        "gists_url": "https://api.github.com/users/benvand/gists{/gist_id}",
        "starred_url": "https://api.github.com/users/benvand/starred{/owner}{/repo}",
        "subscriptions_url": "https://api.github.com/users/benvand/subscriptions",
        "organizations_url": "https://api.github.com/users/benvand/orgs",
        "repos_url": "https://api.github.com/users/benvand/repos",
        "events_url": "https://api.github.com/users/benvand/events{/privacy}",
        "received_events_url": "https://api.github.com/users/benvand/received_events",
        "type": "User",
        "site_admin": false
    },
    "labels": [],
    "state": "closed",
    "locked": false,
    "assignee": null,
    "assignees": [],
    "milestone": null,
    "comments": 7,
    "created_at": "2018-10-19T12:24:22Z",
    "updated_at": "2018-10-19T13:25:07Z",
    "closed_at": "2018-10-19T12:34:43Z",
    "author_association": "NONE",
    "pull_request": {
        "url": "https://api.github.com/repos/pallets/flask/pulls/2953",
        "html_url": "https://github.com/pallets/flask/pull/2953",
        "diff_url": "https://github.com/pallets/flask/pull/2953.diff",
        "patch_url": "https://github.com/pallets/flask/pull/2953.patch"
    },
    "body": "itsdangerous v1 has a breaking change that changes the session hashing algorithm.\r\n\r\nUsers would be signed out when an build of flask that has depended on the new itsdangerous v1.0 is released.\r\n\r\nhttps://github.com/pallets/flask/issues/2952\r\n\r\n",
    "comments_inline": [
        {
            "url": "https://api.github.com/repos/pallets/flask/issues/comments/431345970",
            "html_url": "https://github.com/pallets/flask/pull/2953#issuecomment-431345970",
            "issue_url": "https://api.github.com/repos/pallets/flask/issues/2953",
            "id": 431345970,
            "node_id": "MDEyOklzc3VlQ29tbWVudDQzMTM0NTk3MA==",
            "user": {
                "login": "ThiefMaster",
                "id": 179599,
                "node_id": "MDQ6VXNlcjE3OTU5OQ==",
                "avatar_url": "https://avatars1.githubusercontent.com/u/179599?v=4",
                "gravatar_id": "",
                "url": "https://api.github.com/users/ThiefMaster",
                "html_url": "https://github.com/ThiefMaster",
                "followers_url": "https://api.github.com/users/ThiefMaster/followers",
                "following_url": "https://api.github.com/users/ThiefMaster/following{/other_user}",
                "gists_url": "https://api.github.com/users/ThiefMaster/gists{/gist_id}",
                "starred_url": "https://api.github.com/users/ThiefMaster/starred{/owner}{/repo}",
                "subscriptions_url": "https://api.github.com/users/ThiefMaster/subscriptions",
                "organizations_url": "https://api.github.com/users/ThiefMaster/orgs",
                "repos_url": "https://api.github.com/users/ThiefMaster/repos",
                "events_url": "https://api.github.com/users/ThiefMaster/events{/privacy}",
                "received_events_url": "https://api.github.com/users/ThiefMaster/received_events",
                "type": "User",
                "site_admin": false
            },
            "created_at": "2018-10-19T12:26:45Z",
            "updated_at": "2018-10-19T12:26:45Z",
            "author_association": "MEMBER",
            "body": "I'm not sure if \"sessions are cleared once\" is worth pinning to an older version, especially since it's useless without doing a new release."
        },
        {
            "url": "https://api.github.com/repos/pallets/flask/issues/comments/431346221",
            "html_url": "https://github.com/pallets/flask/pull/2953#issuecomment-431346221",
            "issue_url": "https://api.github.com/repos/pallets/flask/issues/2953",
            "id": 431346221,
            "node_id": "MDEyOklzc3VlQ29tbWVudDQzMTM0NjIyMQ==",
            "user": {
                "login": "benvand",
                "id": 3469840,
                "node_id": "MDQ6VXNlcjM0Njk4NDA=",
                "avatar_url": "https://avatars0.githubusercontent.com/u/3469840?v=4",
                "gravatar_id": "",
                "url": "https://api.github.com/users/benvand",
                "html_url": "https://github.com/benvand",
                "followers_url": "https://api.github.com/users/benvand/followers",
                "following_url": "https://api.github.com/users/benvand/following{/other_user}",
                "gists_url": "https://api.github.com/users/benvand/gists{/gist_id}",
                "starred_url": "https://api.github.com/users/benvand/starred{/owner}{/repo}",
                "subscriptions_url": "https://api.github.com/users/benvand/subscriptions",
                "organizations_url": "https://api.github.com/users/benvand/orgs",
                "repos_url": "https://api.github.com/users/benvand/repos",
                "events_url": "https://api.github.com/users/benvand/events{/privacy}",
                "received_events_url": "https://api.github.com/users/benvand/received_events",
                "type": "User",
                "site_admin": false
            },
            "created_at": "2018-10-19T12:27:48Z",
            "updated_at": "2018-10-19T12:27:48Z",
            "author_association": "NONE",
            "body": "@ThiefMaster  If you're running multiple apps that share a session then the app sessions are incompatible between the apps. That's how we found out."
        },
        {
            "url": "https://api.github.com/repos/pallets/flask/issues/comments/431347614",
            "html_url": "https://github.com/pallets/flask/pull/2953#issuecomment-431347614",
            "issue_url": "https://api.github.com/repos/pallets/flask/issues/2953",
            "id": 431347614,
            "node_id": "MDEyOklzc3VlQ29tbWVudDQzMTM0NzYxNA==",
            "user": {
                "login": "ThiefMaster",
                "id": 179599,
                "node_id": "MDQ6VXNlcjE3OTU5OQ==",
                "avatar_url": "https://avatars1.githubusercontent.com/u/179599?v=4",
                "gravatar_id": "",
                "url": "https://api.github.com/users/ThiefMaster",
                "html_url": "https://github.com/ThiefMaster",
                "followers_url": "https://api.github.com/users/ThiefMaster/followers",
                "following_url": "https://api.github.com/users/ThiefMaster/following{/other_user}",
                "gists_url": "https://api.github.com/users/ThiefMaster/gists{/gist_id}",
                "starred_url": "https://api.github.com/users/ThiefMaster/starred{/owner}{/repo}",
                "subscriptions_url": "https://api.github.com/users/ThiefMaster/subscriptions",
                "organizations_url": "https://api.github.com/users/ThiefMaster/orgs",
                "repos_url": "https://api.github.com/users/ThiefMaster/repos",
                "events_url": "https://api.github.com/users/ThiefMaster/events{/privacy}",
                "received_events_url": "https://api.github.com/users/ThiefMaster/received_events",
                "type": "User",
                "site_admin": false
            },
            "created_at": "2018-10-19T12:33:16Z",
            "updated_at": "2018-10-19T12:33:16Z",
            "author_association": "MEMBER",
            "body": "Updating all apps to the latest itsdangerous should help.\r\n\r\nAnyway, while I still don't think we need to do a new Flask release, I do think we should pin *all* our dependencies to the current major versions to require an explicit Flask update to get a major version change in a dependency."
        },
        {
            "url": "https://api.github.com/repos/pallets/flask/issues/comments/431347972",
            "html_url": "https://github.com/pallets/flask/pull/2953#issuecomment-431347972",
            "issue_url": "https://api.github.com/repos/pallets/flask/issues/2953",
            "id": 431347972,
            "node_id": "MDEyOklzc3VlQ29tbWVudDQzMTM0Nzk3Mg==",
            "user": {
                "login": "davidism",
                "id": 1242887,
                "node_id": "MDQ6VXNlcjEyNDI4ODc=",
                "avatar_url": "https://avatars1.githubusercontent.com/u/1242887?v=4",
                "gravatar_id": "",
                "url": "https://api.github.com/users/davidism",
                "html_url": "https://github.com/davidism",
                "followers_url": "https://api.github.com/users/davidism/followers",
                "following_url": "https://api.github.com/users/davidism/following{/other_user}",
                "gists_url": "https://api.github.com/users/davidism/gists{/gist_id}",
                "starred_url": "https://api.github.com/users/davidism/starred{/owner}{/repo}",
                "subscriptions_url": "https://api.github.com/users/davidism/subscriptions",
                "organizations_url": "https://api.github.com/users/davidism/orgs",
                "repos_url": "https://api.github.com/users/davidism/repos",
                "events_url": "https://api.github.com/users/davidism/events{/privacy}",
                "received_events_url": "https://api.github.com/users/davidism/received_events",
                "type": "User",
                "site_admin": false
            },
            "created_at": "2018-10-19T12:34:43Z",
            "updated_at": "2018-10-19T12:34:43Z",
            "author_association": "MEMBER",
            "body": "Closing, see linked issue for response."
        },
        {
            "url": "https://api.github.com/repos/pallets/flask/issues/comments/431348542",
            "html_url": "https://github.com/pallets/flask/pull/2953#issuecomment-431348542",
            "issue_url": "https://api.github.com/repos/pallets/flask/issues/2953",
            "id": 431348542,
            "node_id": "MDEyOklzc3VlQ29tbWVudDQzMTM0ODU0Mg==",
            "user": {
                "login": "davidism",
                "id": 1242887,
                "node_id": "MDQ6VXNlcjEyNDI4ODc=",
                "avatar_url": "https://avatars1.githubusercontent.com/u/1242887?v=4",
                "gravatar_id": "",
                "url": "https://api.github.com/users/davidism",
                "html_url": "https://github.com/davidism",
                "followers_url": "https://api.github.com/users/davidism/followers",
                "following_url": "https://api.github.com/users/davidism/following{/other_user}",
                "gists_url": "https://api.github.com/users/davidism/gists{/gist_id}",
                "starred_url": "https://api.github.com/users/davidism/starred{/owner}{/repo}",
                "subscriptions_url": "https://api.github.com/users/davidism/subscriptions",
                "organizations_url": "https://api.github.com/users/davidism/orgs",
                "repos_url": "https://api.github.com/users/davidism/repos",
                "events_url": "https://api.github.com/users/davidism/events{/privacy}",
                "received_events_url": "https://api.github.com/users/davidism/received_events",
                "type": "User",
                "site_admin": false
            },
            "created_at": "2018-10-19T12:36:51Z",
            "updated_at": "2018-10-19T12:38:51Z",
            "author_association": "MEMBER",
            "body": "@ThiefMaster we can discuss version pinning policies in a new issue on pallets/meta if you'd like."
        },
        {
            "url": "https://api.github.com/repos/pallets/flask/issues/comments/431351704",
            "html_url": "https://github.com/pallets/flask/pull/2953#issuecomment-431351704",
            "issue_url": "https://api.github.com/repos/pallets/flask/issues/2953",
            "id": 431351704,
            "node_id": "MDEyOklzc3VlQ29tbWVudDQzMTM1MTcwNA==",
            "user": {
                "login": "benvand",
                "id": 3469840,
                "node_id": "MDQ6VXNlcjM0Njk4NDA=",
                "avatar_url": "https://avatars0.githubusercontent.com/u/3469840?v=4",
                "gravatar_id": "",
                "url": "https://api.github.com/users/benvand",
                "html_url": "https://github.com/benvand",
                "followers_url": "https://api.github.com/users/benvand/followers",
                "following_url": "https://api.github.com/users/benvand/following{/other_user}",
                "gists_url": "https://api.github.com/users/benvand/gists{/gist_id}",
                "starred_url": "https://api.github.com/users/benvand/starred{/owner}{/repo}",
                "subscriptions_url": "https://api.github.com/users/benvand/subscriptions",
                "organizations_url": "https://api.github.com/users/benvand/orgs",
                "repos_url": "https://api.github.com/users/benvand/repos",
                "events_url": "https://api.github.com/users/benvand/events{/privacy}",
                "received_events_url": "https://api.github.com/users/benvand/received_events",
                "type": "User",
                "site_admin": false
            },
            "created_at": "2018-10-19T12:48:40Z",
            "updated_at": "2018-10-19T12:48:40Z",
            "author_association": "NONE",
            "body": "@ThiefMaster Totally agree about pinning deps\r\nWe have a complex environment of multiple apps and allowing flasks dependencies to have breaking changes damages the interoperability of those apps."
        },
        {
            "url": "https://api.github.com/repos/pallets/flask/issues/comments/431362060",
            "html_url": "https://github.com/pallets/flask/pull/2953#issuecomment-431362060",
            "issue_url": "https://api.github.com/repos/pallets/flask/issues/2953",
            "id": 431362060,
            "node_id": "MDEyOklzc3VlQ29tbWVudDQzMTM2MjA2MA==",
            "user": {
                "login": "benvand",
                "id": 3469840,
                "node_id": "MDQ6VXNlcjM0Njk4NDA=",
                "avatar_url": "https://avatars0.githubusercontent.com/u/3469840?v=4",
                "gravatar_id": "",
                "url": "https://api.github.com/users/benvand",
                "html_url": "https://github.com/benvand",
                "followers_url": "https://api.github.com/users/benvand/followers",
                "following_url": "https://api.github.com/users/benvand/following{/other_user}",
                "gists_url": "https://api.github.com/users/benvand/gists{/gist_id}",
                "starred_url": "https://api.github.com/users/benvand/starred{/owner}{/repo}",
                "subscriptions_url": "https://api.github.com/users/benvand/subscriptions",
                "organizations_url": "https://api.github.com/users/benvand/orgs",
                "repos_url": "https://api.github.com/users/benvand/repos",
                "events_url": "https://api.github.com/users/benvand/events{/privacy}",
                "received_events_url": "https://api.github.com/users/benvand/received_events",
                "type": "User",
                "site_admin": false
            },
            "created_at": "2018-10-19T13:25:07Z",
            "updated_at": "2018-10-19T13:25:07Z",
            "author_association": "NONE",
            "body": "Continued: https://github.com/pallets/meta/issues/25"
        }
    ]
}