{
    "url": "https://api.github.com/repos/pallets/flask/issues/2954",
    "repository_url": "https://api.github.com/repos/pallets/flask",
    "labels_url": "https://api.github.com/repos/pallets/flask/issues/2954/labels{/name}",
    "comments_url": "https://api.github.com/repos/pallets/flask/issues/2954/comments",
    "events_url": "https://api.github.com/repos/pallets/flask/issues/2954/events",
    "html_url": "https://github.com/pallets/flask/issues/2954",
    "id": 371940775,
    "node_id": "MDU6SXNzdWUzNzE5NDA3NzU=",
    "number": 2954,
    "title": "Pin versions to avoid major updates of dependencies",
    "user": {
        "login": "ThiefMaster",
        "id": 179599,
        "node_id": "MDQ6VXNlcjE3OTU5OQ==",
        "avatar_url": "https://avatars1.githubusercontent.com/u/179599?v=4",
        "gravatar_id": "",
        "url": "https://api.github.com/users/ThiefMaster",
        "html_url": "https://github.com/ThiefMaster",
        "followers_url": "https://api.github.com/users/ThiefMaster/followers",
        "following_url": "https://api.github.com/users/ThiefMaster/following{/other_user}",
        "gists_url": "https://api.github.com/users/ThiefMaster/gists{/gist_id}",
        "starred_url": "https://api.github.com/users/ThiefMaster/starred{/owner}{/repo}",
        "subscriptions_url": "https://api.github.com/users/ThiefMaster/subscriptions",
        "organizations_url": "https://api.github.com/users/ThiefMaster/orgs",
        "repos_url": "https://api.github.com/users/ThiefMaster/repos",
        "events_url": "https://api.github.com/users/ThiefMaster/events{/privacy}",
        "received_events_url": "https://api.github.com/users/ThiefMaster/received_events",
        "type": "User",
        "site_admin": false
    },
    "labels": [],
    "state": "closed",
    "locked": true,
    "assignee": null,
    "assignees": [],
    "milestone": null,
    "comments": 1,
    "created_at": "2018-10-19T12:41:18Z",
    "updated_at": "2018-10-19T13:13:25Z",
    "closed_at": "2018-10-19T13:09:12Z",
    "author_association": "MEMBER",
    "body": "Currently we set minimum versions only, with no maximum version requirement. Should we prevent implicit updates to new major versions of any of our dependencies?",
    "comments_inline": [
        {
            "url": "https://api.github.com/repos/pallets/flask/issues/comments/431357420",
            "html_url": "https://github.com/pallets/flask/issues/2954#issuecomment-431357420",
            "issue_url": "https://api.github.com/repos/pallets/flask/issues/2954",
            "id": 431357420,
            "node_id": "MDEyOklzc3VlQ29tbWVudDQzMTM1NzQyMA==",
            "user": {
                "login": "davidism",
                "id": 1242887,
                "node_id": "MDQ6VXNlcjEyNDI4ODc=",
                "avatar_url": "https://avatars1.githubusercontent.com/u/1242887?v=4",
                "gravatar_id": "",
                "url": "https://api.github.com/users/davidism",
                "html_url": "https://github.com/davidism",
                "followers_url": "https://api.github.com/users/davidism/followers",
                "following_url": "https://api.github.com/users/davidism/following{/other_user}",
                "gists_url": "https://api.github.com/users/davidism/gists{/gist_id}",
                "starred_url": "https://api.github.com/users/davidism/starred{/owner}{/repo}",
                "subscriptions_url": "https://api.github.com/users/davidism/subscriptions",
                "organizations_url": "https://api.github.com/users/davidism/orgs",
                "repos_url": "https://api.github.com/users/davidism/repos",
                "events_url": "https://api.github.com/users/davidism/events{/privacy}",
                "received_events_url": "https://api.github.com/users/davidism/received_events",
                "type": "User",
                "site_admin": false
            },
            "created_at": "2018-10-19T13:09:12Z",
            "updated_at": "2018-10-19T13:09:12Z",
            "author_association": "MEMBER",
            "body": "Moved to pallets/meta#25"
        }
    ]
}