{
    "url": "https://api.github.com/repos/pallets/flask/issues/2955",
    "repository_url": "https://api.github.com/repos/pallets/flask",
    "labels_url": "https://api.github.com/repos/pallets/flask/issues/2955/labels{/name}",
    "comments_url": "https://api.github.com/repos/pallets/flask/issues/2955/comments",
    "events_url": "https://api.github.com/repos/pallets/flask/issues/2955/events",
    "html_url": "https://github.com/pallets/flask/pull/2955",
    "id": 371983050,
    "node_id": "MDExOlB1bGxSZXF1ZXN0MjI0MzA3MTAx",
    "number": 2955,
    "title": "add 3 dot",
    "user": {
        "login": "ndhanh96",
        "id": 8610547,
        "node_id": "MDQ6VXNlcjg2MTA1NDc=",
        "avatar_url": "https://avatars3.githubusercontent.com/u/8610547?v=4",
        "gravatar_id": "",
        "url": "https://api.github.com/users/ndhanh96",
        "html_url": "https://github.com/ndhanh96",
        "followers_url": "https://api.github.com/users/ndhanh96/followers",
        "following_url": "https://api.github.com/users/ndhanh96/following{/other_user}",
        "gists_url": "https://api.github.com/users/ndhanh96/gists{/gist_id}",
        "starred_url": "https://api.github.com/users/ndhanh96/starred{/owner}{/repo}",
        "subscriptions_url": "https://api.github.com/users/ndhanh96/subscriptions",
        "organizations_url": "https://api.github.com/users/ndhanh96/orgs",
        "repos_url": "https://api.github.com/users/ndhanh96/repos",
        "events_url": "https://api.github.com/users/ndhanh96/events{/privacy}",
        "received_events_url": "https://api.github.com/users/ndhanh96/received_events",
        "type": "User",
        "site_admin": false
    },
    "labels": [
        {
            "id": 1097195323,
            "node_id": "MDU6TGFiZWwxMDk3MTk1MzIz",
            "url": "https://api.github.com/repos/pallets/flask/labels/Invalid",
            "name": "Invalid",
            "color": "ffaaff",
            "default": false,
            "description": "Hacktoberfest: Very low quality PRs (or spam)"
        }
    ],
    "state": "closed",
    "locked": false,
    "assignee": null,
    "assignees": [],
    "milestone": null,
    "comments": 1,
    "created_at": "2018-10-19T14:31:00Z",
    "updated_at": "2018-10-19T14:33:20Z",
    "closed_at": "2018-10-19T14:32:21Z",
    "author_association": "NONE",
    "pull_request": {
        "url": "https://api.github.com/repos/pallets/flask/pulls/2955",
        "html_url": "https://github.com/pallets/flask/pull/2955",
        "diff_url": "https://github.com/pallets/flask/pull/2955.diff",
        "patch_url": "https://github.com/pallets/flask/pull/2955.patch"
    },
    "body": "Describe what this patch does to fix the issue.\r\n\r\nLink to any relevant issues or pull requests.\r\n\r\n<!--\r\nCommit checklist:\r\n\r\n* add tests that fail without the patch\r\n* ensure all tests pass with ``pytest``\r\n* add documentation to the relevant docstrings or pages\r\n* add ``versionadded`` or ``versionchanged`` directives to relevant docstrings\r\n* add a changelog entry if this patch changes code\r\n\r\nTests, coverage, and docs will be run automatically when you submit the pull\r\nrequest, but running them yourself can save time.\r\n-->\r\n",
    "comments_inline": [
        {
            "url": "https://api.github.com/repos/pallets/flask/issues/comments/431383446",
            "html_url": "https://github.com/pallets/flask/pull/2955#issuecomment-431383446",
            "issue_url": "https://api.github.com/repos/pallets/flask/issues/2955",
            "id": 431383446,
            "node_id": "MDEyOklzc3VlQ29tbWVudDQzMTM4MzQ0Ng==",
            "user": {
                "login": "ThiefMaster",
                "id": 179599,
                "node_id": "MDQ6VXNlcjE3OTU5OQ==",
                "avatar_url": "https://avatars1.githubusercontent.com/u/179599?v=4",
                "gravatar_id": "",
                "url": "https://api.github.com/users/ThiefMaster",
                "html_url": "https://github.com/ThiefMaster",
                "followers_url": "https://api.github.com/users/ThiefMaster/followers",
                "following_url": "https://api.github.com/users/ThiefMaster/following{/other_user}",
                "gists_url": "https://api.github.com/users/ThiefMaster/gists{/gist_id}",
                "starred_url": "https://api.github.com/users/ThiefMaster/starred{/owner}{/repo}",
                "subscriptions_url": "https://api.github.com/users/ThiefMaster/subscriptions",
                "organizations_url": "https://api.github.com/users/ThiefMaster/orgs",
                "repos_url": "https://api.github.com/users/ThiefMaster/repos",
                "events_url": "https://api.github.com/users/ThiefMaster/events{/privacy}",
                "received_events_url": "https://api.github.com/users/ThiefMaster/received_events",
                "type": "User",
                "site_admin": false
            },
            "created_at": "2018-10-19T14:32:21Z",
            "updated_at": "2018-10-19T14:33:20Z",
            "author_association": "MEMBER",
            "body": "Was this an attempt at getting a Hacktoberfest PR? If yes, it failed. This PR won't count."
        }
    ]
}