{
    "url": "https://api.github.com/repos/pallets/flask/issues/2956",
    "repository_url": "https://api.github.com/repos/pallets/flask",
    "labels_url": "https://api.github.com/repos/pallets/flask/issues/2956/labels{/name}",
    "comments_url": "https://api.github.com/repos/pallets/flask/issues/2956/comments",
    "events_url": "https://api.github.com/repos/pallets/flask/issues/2956/events",
    "html_url": "https://github.com/pallets/flask/issues/2956",
    "id": 372086216,
    "node_id": "MDU6SXNzdWUzNzIwODYyMTY=",
    "number": 2956,
    "title": "saving session raises an exception from itsdangerous",
    "user": {
        "login": "rasteroid",
        "id": 2041689,
        "node_id": "MDQ6VXNlcjIwNDE2ODk=",
        "avatar_url": "https://avatars2.githubusercontent.com/u/2041689?v=4",
        "gravatar_id": "",
        "url": "https://api.github.com/users/rasteroid",
        "html_url": "https://github.com/rasteroid",
        "followers_url": "https://api.github.com/users/rasteroid/followers",
        "following_url": "https://api.github.com/users/rasteroid/following{/other_user}",
        "gists_url": "https://api.github.com/users/rasteroid/gists{/gist_id}",
        "starred_url": "https://api.github.com/users/rasteroid/starred{/owner}{/repo}",
        "subscriptions_url": "https://api.github.com/users/rasteroid/subscriptions",
        "organizations_url": "https://api.github.com/users/rasteroid/orgs",
        "repos_url": "https://api.github.com/users/rasteroid/repos",
        "events_url": "https://api.github.com/users/rasteroid/events{/privacy}",
        "received_events_url": "https://api.github.com/users/rasteroid/received_events",
        "type": "User",
        "site_admin": false
    },
    "labels": [],
    "state": "closed",
    "locked": false,
    "assignee": null,
    "assignees": [],
    "milestone": null,
    "comments": 3,
    "created_at": "2018-10-19T19:25:36Z",
    "updated_at": "2018-10-19T20:36:21Z",
    "closed_at": "2018-10-19T20:36:20Z",
    "author_association": "NONE",
    "body": "### Expected Behavior\r\n\r\nLogin form is rendered correctly\r\n\r\n```python\r\nreturn render_template('login.html', form=LoginForm())\r\n```\r\n\r\n### Actual Behavior\r\n\r\nWe've reviewed this using pdb; it seems that the return value from dumps isn't always bytes, and when serializing the csrf_token on the second pass it comes back as dict.\r\n\r\n```pytb\r\nTraceback (most recent call last):\r\n  File \"C:\\Users\\jburke\\AppData\\Local\\Continuum\\anaconda3\\lib\\site-packages\\flask\\app.py\", line 2308, in __call__\r\n    return self.wsgi_app(environ, start_response)\r\n  File \"C:\\Users\\jburke\\AppData\\Local\\Continuum\\anaconda3\\lib\\site-packages\\beaker\\middleware.py\", line 156, in __call__\r\n    return self.wrap_app(environ, session_start_response)\r\n  File \"C:\\Users\\jburke\\AppData\\Local\\Continuum\\anaconda3\\lib\\site-packages\\flask\\app.py\", line 2294, in wsgi_app\r\n    response = self.handle_exception(e)\r\n  File \"C:\\Users\\jburke\\AppData\\Local\\Continuum\\anaconda3\\lib\\site-packages\\flask\\app.py\", line 1739, in handle_exception\r\n    reraise(exc_type, exc_value, tb)\r\n  File \"C:\\Users\\jburke\\AppData\\Local\\Continuum\\anaconda3\\lib\\site-packages\\flask\\_compat.py\", line 35, in reraise\r\n    raise value\r\n  File \"C:\\Users\\jburke\\AppData\\Local\\Continuum\\anaconda3\\lib\\site-packages\\flask\\app.py\", line 2291, in wsgi_app\r\n    response = self.full_dispatch_request()\r\n  File \"C:\\Users\\jburke\\AppData\\Local\\Continuum\\anaconda3\\lib\\site-packages\\flask\\app.py\", line 1815, in full_dispatch_request\r\n    return self.finalize_request(rv)\r\n  File \"C:\\Users\\jburke\\AppData\\Local\\Continuum\\anaconda3\\lib\\site-packages\\flask\\app.py\", line 1832, in finalize_request\r\n    response = self.process_response(response)\r\n  File \"C:\\Users\\jburke\\AppData\\Local\\Continuum\\anaconda3\\lib\\site-packages\\flask\\app.py\", line 2113, in process_response\r\n    self.session_interface.save_session(self, ctx.session, response)\r\n  File \"C:\\Users\\jburke\\AppData\\Local\\Continuum\\anaconda3\\lib\\site-packages\\flask\\sessions.py\", line 375, in save_session\r\n    val = self.get_signing_serializer(app).dumps(dict(session))\r\n  File \"C:\\Users\\jburke\\AppData\\Local\\Continuum\\anaconda3\\lib\\site-packages\\itsdangerous\\serializer.py\", line 114, in dumps\r\n    payload = want_bytes(self.dump_payload(obj))\r\n  File \"C:\\Users\\jburke\\AppData\\Local\\Continuum\\anaconda3\\lib\\site-packages\\itsdangerous\\url_safe.py\", line 45, in dump_payload\r\n    compressed = zlib.compress(json)\r\nTypeError: a bytes-like object is required, not 'dict'\r\n```\r\n\r\nThe problem is the return from:\r\n\r\n```python\r\njson = super(URLSafeSerializerMixin, self).dump_payload(obj)\r\n```\r\n\r\nand as mentioned above we see the key serialized with one serializer (`TaggedJSONSerializer`) which returns bytes, while the value itself appears to be serialized with another(`_CompactJSON`) which fails.\r\n\r\n### Environment\r\n\r\n* Python version: 3.6.5\r\n* Flask version: 1.0.2/1.1dev0\r\n* Werkzeug version: 0.14.1\r\n",
    "comments_inline": [
        {
            "url": "https://api.github.com/repos/pallets/flask/issues/comments/431475593",
            "html_url": "https://github.com/pallets/flask/issues/2956#issuecomment-431475593",
            "issue_url": "https://api.github.com/repos/pallets/flask/issues/2956",
            "id": 431475593,
            "node_id": "MDEyOklzc3VlQ29tbWVudDQzMTQ3NTU5Mw==",
            "user": {
                "login": "rasteroid",
                "id": 2041689,
                "node_id": "MDQ6VXNlcjIwNDE2ODk=",
                "avatar_url": "https://avatars2.githubusercontent.com/u/2041689?v=4",
                "gravatar_id": "",
                "url": "https://api.github.com/users/rasteroid",
                "html_url": "https://github.com/rasteroid",
                "followers_url": "https://api.github.com/users/rasteroid/followers",
                "following_url": "https://api.github.com/users/rasteroid/following{/other_user}",
                "gists_url": "https://api.github.com/users/rasteroid/gists{/gist_id}",
                "starred_url": "https://api.github.com/users/rasteroid/starred{/owner}{/repo}",
                "subscriptions_url": "https://api.github.com/users/rasteroid/subscriptions",
                "organizations_url": "https://api.github.com/users/rasteroid/orgs",
                "repos_url": "https://api.github.com/users/rasteroid/repos",
                "events_url": "https://api.github.com/users/rasteroid/events{/privacy}",
                "received_events_url": "https://api.github.com/users/rasteroid/received_events",
                "type": "User",
                "site_admin": false
            },
            "created_at": "2018-10-19T19:37:09Z",
            "updated_at": "2018-10-19T19:37:50Z",
            "author_association": "NONE",
            "body": "oops, \"...while the _value_ itself appears to be serialized with another...\""
        },
        {
            "url": "https://api.github.com/repos/pallets/flask/issues/comments/431477051",
            "html_url": "https://github.com/pallets/flask/issues/2956#issuecomment-431477051",
            "issue_url": "https://api.github.com/repos/pallets/flask/issues/2956",
            "id": 431477051,
            "node_id": "MDEyOklzc3VlQ29tbWVudDQzMTQ3NzA1MQ==",
            "user": {
                "login": "davidism",
                "id": 1242887,
                "node_id": "MDQ6VXNlcjEyNDI4ODc=",
                "avatar_url": "https://avatars1.githubusercontent.com/u/1242887?v=4",
                "gravatar_id": "",
                "url": "https://api.github.com/users/davidism",
                "html_url": "https://github.com/davidism",
                "followers_url": "https://api.github.com/users/davidism/followers",
                "following_url": "https://api.github.com/users/davidism/following{/other_user}",
                "gists_url": "https://api.github.com/users/davidism/gists{/gist_id}",
                "starred_url": "https://api.github.com/users/davidism/starred{/owner}{/repo}",
                "subscriptions_url": "https://api.github.com/users/davidism/subscriptions",
                "organizations_url": "https://api.github.com/users/davidism/orgs",
                "repos_url": "https://api.github.com/users/davidism/repos",
                "events_url": "https://api.github.com/users/davidism/events{/privacy}",
                "received_events_url": "https://api.github.com/users/davidism/received_events",
                "type": "User",
                "site_admin": false
            },
            "created_at": "2018-10-19T19:42:50Z",
            "updated_at": "2018-10-19T19:42:50Z",
            "author_association": "MEMBER",
            "body": "I can't reproduce this issue with a minimal example using the session. Flask's tests still pass with itsdangerous 1.0. Please include a minimal example that reproduces this issue."
        },
        {
            "url": "https://api.github.com/repos/pallets/flask/issues/comments/431491483",
            "html_url": "https://github.com/pallets/flask/issues/2956#issuecomment-431491483",
            "issue_url": "https://api.github.com/repos/pallets/flask/issues/2956",
            "id": 431491483,
            "node_id": "MDEyOklzc3VlQ29tbWVudDQzMTQ5MTQ4Mw==",
            "user": {
                "login": "rasteroid",
                "id": 2041689,
                "node_id": "MDQ6VXNlcjIwNDE2ODk=",
                "avatar_url": "https://avatars2.githubusercontent.com/u/2041689?v=4",
                "gravatar_id": "",
                "url": "https://api.github.com/users/rasteroid",
                "html_url": "https://github.com/rasteroid",
                "followers_url": "https://api.github.com/users/rasteroid/followers",
                "following_url": "https://api.github.com/users/rasteroid/following{/other_user}",
                "gists_url": "https://api.github.com/users/rasteroid/gists{/gist_id}",
                "starred_url": "https://api.github.com/users/rasteroid/starred{/owner}{/repo}",
                "subscriptions_url": "https://api.github.com/users/rasteroid/subscriptions",
                "organizations_url": "https://api.github.com/users/rasteroid/orgs",
                "repos_url": "https://api.github.com/users/rasteroid/repos",
                "events_url": "https://api.github.com/users/rasteroid/events{/privacy}",
                "received_events_url": "https://api.github.com/users/rasteroid/received_events",
                "type": "User",
                "site_admin": false
            },
            "created_at": "2018-10-19T20:36:20Z",
            "updated_at": "2018-10-19T20:36:20Z",
            "author_association": "NONE",
            "body": "Hi, I'm going to close this as it appears to be a problem with a custom JSONEncoder (still new to Flask). Thanks"
        }
    ]
}