{
    "url": "https://api.github.com/repos/pallets/flask/issues/2957",
    "repository_url": "https://api.github.com/repos/pallets/flask",
    "labels_url": "https://api.github.com/repos/pallets/flask/issues/2957/labels{/name}",
    "comments_url": "https://api.github.com/repos/pallets/flask/issues/2957/comments",
    "events_url": "https://api.github.com/repos/pallets/flask/issues/2957/events",
    "html_url": "https://github.com/pallets/flask/pull/2957",
    "id": 372238425,
    "node_id": "MDExOlB1bGxSZXF1ZXN0MjI0NDkxODI2",
    "number": 2957,
    "title": "Fix #2943: Allow bytesio partial content",
    "user": {
        "login": "IgnasiBosch",
        "id": 7078953,
        "node_id": "MDQ6VXNlcjcwNzg5NTM=",
        "avatar_url": "https://avatars0.githubusercontent.com/u/7078953?v=4",
        "gravatar_id": "",
        "url": "https://api.github.com/users/IgnasiBosch",
        "html_url": "https://github.com/IgnasiBosch",
        "followers_url": "https://api.github.com/users/IgnasiBosch/followers",
        "following_url": "https://api.github.com/users/IgnasiBosch/following{/other_user}",
        "gists_url": "https://api.github.com/users/IgnasiBosch/gists{/gist_id}",
        "starred_url": "https://api.github.com/users/IgnasiBosch/starred{/owner}{/repo}",
        "subscriptions_url": "https://api.github.com/users/IgnasiBosch/subscriptions",
        "organizations_url": "https://api.github.com/users/IgnasiBosch/orgs",
        "repos_url": "https://api.github.com/users/IgnasiBosch/repos",
        "events_url": "https://api.github.com/users/IgnasiBosch/events{/privacy}",
        "received_events_url": "https://api.github.com/users/IgnasiBosch/received_events",
        "type": "User",
        "site_admin": false
    },
    "labels": [],
    "state": "closed",
    "locked": false,
    "assignee": null,
    "assignees": [],
    "milestone": {
        "url": "https://api.github.com/repos/pallets/flask/milestones/3",
        "html_url": "https://github.com/pallets/flask/milestone/3",
        "labels_url": "https://api.github.com/repos/pallets/flask/milestones/3/labels",
        "id": 3093266,
        "node_id": "MDk6TWlsZXN0b25lMzA5MzI2Ng==",
        "number": 3,
        "title": "1.1.0",
        "description": "",
        "creator": {
            "login": "davidism",
            "id": 1242887,
            "node_id": "MDQ6VXNlcjEyNDI4ODc=",
            "avatar_url": "https://avatars1.githubusercontent.com/u/1242887?v=4",
            "gravatar_id": "",
            "url": "https://api.github.com/users/davidism",
            "html_url": "https://github.com/davidism",
            "followers_url": "https://api.github.com/users/davidism/followers",
            "following_url": "https://api.github.com/users/davidism/following{/other_user}",
            "gists_url": "https://api.github.com/users/davidism/gists{/gist_id}",
            "starred_url": "https://api.github.com/users/davidism/starred{/owner}{/repo}",
            "subscriptions_url": "https://api.github.com/users/davidism/subscriptions",
            "organizations_url": "https://api.github.com/users/davidism/orgs",
            "repos_url": "https://api.github.com/users/davidism/repos",
            "events_url": "https://api.github.com/users/davidism/events{/privacy}",
            "received_events_url": "https://api.github.com/users/davidism/received_events",
            "type": "User",
            "site_admin": false
        },
        "open_issues": 0,
        "closed_issues": 48,
        "state": "closed",
        "created_at": "2018-02-06T16:14:43Z",
        "updated_at": "2019-07-06T22:03:23Z",
        "due_on": null,
        "closed_at": "2019-07-06T22:03:23Z"
    },
    "comments": 0,
    "created_at": "2018-10-20T18:16:01Z",
    "updated_at": "2019-01-07T15:02:04Z",
    "closed_at": "2019-01-07T15:02:03Z",
    "author_association": "CONTRIBUTOR",
    "pull_request": {
        "url": "https://api.github.com/repos/pallets/flask/pulls/2957",
        "html_url": "https://github.com/pallets/flask/pull/2957",
        "diff_url": "https://github.com/pallets/flask/pull/2957.diff",
        "patch_url": "https://github.com/pallets/flask/pull/2957.patch"
    },
    "body": "In `helpers.py` when `file` is a `BytesIO`, `fsize` was not setted. It should be setted.\r\n\r\nIssue: https://github.com/pallets/flask/issues/2943\r\n\r\n- [x] add tests that fail without the patch\r\n- [x] ensure all tests pass with ``pytest``\r\n- [x] add documentation to the relevant docstrings or pages\r\n- [x] add ``versionadded`` or ``versionchanged`` directives to relevant docstrings\r\n- [x] add a changelog entry if this patch changes code\r\n\r\n"
}