{
    "url": "https://api.github.com/repos/pallets/flask/issues/2958",
    "repository_url": "https://api.github.com/repos/pallets/flask",
    "labels_url": "https://api.github.com/repos/pallets/flask/issues/2958/labels{/name}",
    "comments_url": "https://api.github.com/repos/pallets/flask/issues/2958/comments",
    "events_url": "https://api.github.com/repos/pallets/flask/issues/2958/events",
    "html_url": "https://github.com/pallets/flask/issues/2958",
    "id": 372357319,
    "node_id": "MDU6SXNzdWUzNzIzNTczMTk=",
    "number": 2958,
    "title": "Bug in the Tutorial Testing - Resolved",
    "user": {
        "login": "flibedin",
        "id": 5840870,
        "node_id": "MDQ6VXNlcjU4NDA4NzA=",
        "avatar_url": "https://avatars2.githubusercontent.com/u/5840870?v=4",
        "gravatar_id": "",
        "url": "https://api.github.com/users/flibedin",
        "html_url": "https://github.com/flibedin",
        "followers_url": "https://api.github.com/users/flibedin/followers",
        "following_url": "https://api.github.com/users/flibedin/following{/other_user}",
        "gists_url": "https://api.github.com/users/flibedin/gists{/gist_id}",
        "starred_url": "https://api.github.com/users/flibedin/starred{/owner}{/repo}",
        "subscriptions_url": "https://api.github.com/users/flibedin/subscriptions",
        "organizations_url": "https://api.github.com/users/flibedin/orgs",
        "repos_url": "https://api.github.com/users/flibedin/repos",
        "events_url": "https://api.github.com/users/flibedin/events{/privacy}",
        "received_events_url": "https://api.github.com/users/flibedin/received_events",
        "type": "User",
        "site_admin": false
    },
    "labels": [],
    "state": "closed",
    "locked": true,
    "assignee": null,
    "assignees": [],
    "milestone": null,
    "comments": 1,
    "created_at": "2018-10-21T21:10:05Z",
    "updated_at": "2018-10-21T21:23:48Z",
    "closed_at": "2018-10-21T21:22:13Z",
    "author_association": "NONE",
    "body": "**This issue tracker is a tool to address bugs in Flask itself.\r\nPlease use the #pocoo IRC channel on freenode or Stack Overflow for general\r\nquestions about using Flask or issues not related to Flask.**\r\n\r\nIf you'd like to report a bug in Flask, fill out the template below. Provide\r\nany extra information that may be useful / related to your problem.\r\nIdeally, create an [MCVE](http://stackoverflow.com/help/mcve), which helps us\r\nunderstand the problem and helps check that it is not caused by something in\r\nyour code.\r\n\r\n---\r\n\r\n### Expected Behavior\r\n\r\nFollowing the Tutorial step by step I received errors when testing HTTP requests.\r\nThe errors where  caused for a missing 'WTF_CSRF_ENABLED' in the app config.\r\n\r\nin file conftest.py changed the create_app to:\r\n\r\napp = create_app({\r\n        'TESTING': True,\r\n        'DATABASE': db_path,\r\n        'WTF_CSRF_ENABLED': False       # this solved the problem\r\n    })\r\n\r\n```python\r\nPaste a minimal example that causes the problem.\r\n```\r\n\r\n### Actual Behavior\r\n\r\nTell us what happens instead.\r\n\r\n```pytb\r\nPaste the full traceback if there was an exception.\r\n```\r\n\r\n### Environment\r\n\r\n* Python version: 3.7\r\n* Flask version: 1.0.2\r\n* Werkzeug version:\r\n",
    "comments_inline": [
        {
            "url": "https://api.github.com/repos/pallets/flask/issues/comments/431705149",
            "html_url": "https://github.com/pallets/flask/issues/2958#issuecomment-431705149",
            "issue_url": "https://api.github.com/repos/pallets/flask/issues/2958",
            "id": 431705149,
            "node_id": "MDEyOklzc3VlQ29tbWVudDQzMTcwNTE0OQ==",
            "user": {
                "login": "davidism",
                "id": 1242887,
                "node_id": "MDQ6VXNlcjEyNDI4ODc=",
                "avatar_url": "https://avatars1.githubusercontent.com/u/1242887?v=4",
                "gravatar_id": "",
                "url": "https://api.github.com/users/davidism",
                "html_url": "https://github.com/davidism",
                "followers_url": "https://api.github.com/users/davidism/followers",
                "following_url": "https://api.github.com/users/davidism/following{/other_user}",
                "gists_url": "https://api.github.com/users/davidism/gists{/gist_id}",
                "starred_url": "https://api.github.com/users/davidism/starred{/owner}{/repo}",
                "subscriptions_url": "https://api.github.com/users/davidism/subscriptions",
                "organizations_url": "https://api.github.com/users/davidism/orgs",
                "repos_url": "https://api.github.com/users/davidism/repos",
                "events_url": "https://api.github.com/users/davidism/events{/privacy}",
                "received_events_url": "https://api.github.com/users/davidism/received_events",
                "type": "User",
                "site_admin": false
            },
            "created_at": "2018-10-21T21:22:13Z",
            "updated_at": "2018-10-21T21:23:42Z",
            "author_association": "MEMBER",
            "body": "\"Following the Tutorial step by step\" No step involves Flask-WTF. You're following a different tutorial, report it to the relevant project.\r\n\r\nSee the Flask-WTF docs and tests for example of how to test views that require CSRF."
        }
    ]
}