{
    "url": "https://api.github.com/repos/pallets/flask/issues/2959",
    "repository_url": "https://api.github.com/repos/pallets/flask",
    "labels_url": "https://api.github.com/repos/pallets/flask/issues/2959/labels{/name}",
    "comments_url": "https://api.github.com/repos/pallets/flask/issues/2959/comments",
    "events_url": "https://api.github.com/repos/pallets/flask/issues/2959/events",
    "html_url": "https://github.com/pallets/flask/issues/2959",
    "id": 372714597,
    "node_id": "MDU6SXNzdWUzNzI3MTQ1OTc=",
    "number": 2959,
    "title": "Tutorial coverage section needs update",
    "user": {
        "login": "cheeseinvert",
        "id": 564114,
        "node_id": "MDQ6VXNlcjU2NDExNA==",
        "avatar_url": "https://avatars2.githubusercontent.com/u/564114?v=4",
        "gravatar_id": "",
        "url": "https://api.github.com/users/cheeseinvert",
        "html_url": "https://github.com/cheeseinvert",
        "followers_url": "https://api.github.com/users/cheeseinvert/followers",
        "following_url": "https://api.github.com/users/cheeseinvert/following{/other_user}",
        "gists_url": "https://api.github.com/users/cheeseinvert/gists{/gist_id}",
        "starred_url": "https://api.github.com/users/cheeseinvert/starred{/owner}{/repo}",
        "subscriptions_url": "https://api.github.com/users/cheeseinvert/subscriptions",
        "organizations_url": "https://api.github.com/users/cheeseinvert/orgs",
        "repos_url": "https://api.github.com/users/cheeseinvert/repos",
        "events_url": "https://api.github.com/users/cheeseinvert/events{/privacy}",
        "received_events_url": "https://api.github.com/users/cheeseinvert/received_events",
        "type": "User",
        "site_admin": false
    },
    "labels": [],
    "state": "closed",
    "locked": true,
    "assignee": null,
    "assignees": [],
    "milestone": null,
    "comments": 4,
    "created_at": "2018-10-22T21:46:33Z",
    "updated_at": "2018-10-24T01:56:25Z",
    "closed_at": "2018-10-24T01:00:28Z",
    "author_association": "NONE",
    "body": "**This issue tracker is a tool to address bugs in Flask itself.\r\nPlease use the #pocoo IRC channel on freenode or Stack Overflow for general\r\nquestions about using Flask or issues not related to Flask.**\r\n\r\nIf you'd like to report a bug in Flask, fill out the template below. Provide\r\nany extra information that may be useful / related to your problem.\r\nIdeally, create an [MCVE](http://stackoverflow.com/help/mcve), which helps us\r\nunderstand the problem and helps check that it is not caused by something in\r\nyour code.\r\n\r\n---\r\n\r\n### Expected Behavior\r\n\r\n```flask-tutorial\r\n$ coverage run -m pytest\r\nName                 Stmts   Miss Branch BrPart  Cover\r\n------------------------------------------------------\r\nflaskr/__init__.py      22      0      2      0   100%\r\nflaskr/auth.py          54      0     22      0   100%\r\nflaskr/blog.py          54      0     16      0   100%\r\nflaskr/db.py            24      0      4      0   100%\r\n------------------------------------------------------\r\nTOTAL                  154      0     44      0   100%\r\n```\r\n\r\n### Actual Behavior\r\n\r\n```flask-tutorial\r\n$ coverage run -m pytest\r\n============================================================== test session starts ==============================================================\r\nplatform darwin -- Python 2.7.10, pytest-3.9.1, py-1.7.0, pluggy-0.8.0\r\nrootdir: /Users/adamg9999/Development/flask-tutorial, inifile: setup.cfg\r\ncollected 24 items\r\n\r\ntests/test_auth.py ........                                                                                                               [ 33%]\r\ntests/test_blog.py ............                                                                                                           [ 83%]\r\ntests/test_db.py ..                                                                                                                       [ 91%]\r\ntests/test_factory.py ..                                                                                                                  [100%]\r\n\r\n=========================================================== 24 passed in 1.15 seconds ===========================================================\r\n```\r\n\r\nfor coverage > 4.0 need to first run `coverage run -m pytest` this will print the pytest output to STDOUT, then a followup `coverage report` will output the expected report:\r\n\r\n```$ coverage report\r\nName                 Stmts   Miss Branch BrPart  Cover\r\n------------------------------------------------------\r\nflaskr/__init__.py      22      0      2      0   100%\r\nflaskr/auth.py          54      0     22      0   100%\r\nflaskr/blog.py          54      0     16      0   100%\r\nflaskr/db.py            24      0      4      0   100%\r\n------------------------------------------------------\r\nTOTAL                  154      0     44      0   100%```\r\n\r\n### Environment\r\n\r\n$ python --version\r\nPython 2.7.10 :: Continuum Analytics, Inc.\r\n(py2.7.10) adamg9999 flask-tutorial\r\n$ flask --version\r\nFlask 1.0.2\r\n$ coverage --version\r\nCoverage.py, version 4.5.1 with C extension\r\n",
    "comments_inline": [
        {
            "url": "https://api.github.com/repos/pallets/flask/issues/comments/432042698",
            "html_url": "https://github.com/pallets/flask/issues/2959#issuecomment-432042698",
            "issue_url": "https://api.github.com/repos/pallets/flask/issues/2959",
            "id": 432042698,
            "node_id": "MDEyOklzc3VlQ29tbWVudDQzMjA0MjY5OA==",
            "user": {
                "login": "greyli",
                "id": 12967000,
                "node_id": "MDQ6VXNlcjEyOTY3MDAw",
                "avatar_url": "https://avatars3.githubusercontent.com/u/12967000?v=4",
                "gravatar_id": "",
                "url": "https://api.github.com/users/greyli",
                "html_url": "https://github.com/greyli",
                "followers_url": "https://api.github.com/users/greyli/followers",
                "following_url": "https://api.github.com/users/greyli/following{/other_user}",
                "gists_url": "https://api.github.com/users/greyli/gists{/gist_id}",
                "starred_url": "https://api.github.com/users/greyli/starred{/owner}{/repo}",
                "subscriptions_url": "https://api.github.com/users/greyli/subscriptions",
                "organizations_url": "https://api.github.com/users/greyli/orgs",
                "repos_url": "https://api.github.com/users/greyli/repos",
                "events_url": "https://api.github.com/users/greyli/events{/privacy}",
                "received_events_url": "https://api.github.com/users/greyli/received_events",
                "type": "User",
                "site_admin": false
            },
            "created_at": "2018-10-23T00:48:18Z",
            "updated_at": "2018-10-23T00:48:18Z",
            "author_association": "MEMBER",
            "body": "IMO, `coverage run` $ `coverage report` is the normal usage.\r\n\r\nSee [ Coverage documentation](https://coverage.readthedocs.io/en/v4.5.x/) for more detail."
        },
        {
            "url": "https://api.github.com/repos/pallets/flask/issues/comments/432478397",
            "html_url": "https://github.com/pallets/flask/issues/2959#issuecomment-432478397",
            "issue_url": "https://api.github.com/repos/pallets/flask/issues/2959",
            "id": 432478397,
            "node_id": "MDEyOklzc3VlQ29tbWVudDQzMjQ3ODM5Nw==",
            "user": {
                "login": "greyli",
                "id": 12967000,
                "node_id": "MDQ6VXNlcjEyOTY3MDAw",
                "avatar_url": "https://avatars3.githubusercontent.com/u/12967000?v=4",
                "gravatar_id": "",
                "url": "https://api.github.com/users/greyli",
                "html_url": "https://github.com/greyli",
                "followers_url": "https://api.github.com/users/greyli/followers",
                "following_url": "https://api.github.com/users/greyli/following{/other_user}",
                "gists_url": "https://api.github.com/users/greyli/gists{/gist_id}",
                "starred_url": "https://api.github.com/users/greyli/starred{/owner}{/repo}",
                "subscriptions_url": "https://api.github.com/users/greyli/subscriptions",
                "organizations_url": "https://api.github.com/users/greyli/orgs",
                "repos_url": "https://api.github.com/users/greyli/repos",
                "events_url": "https://api.github.com/users/greyli/events{/privacy}",
                "received_events_url": "https://api.github.com/users/greyli/received_events",
                "type": "User",
                "site_admin": false
            },
            "created_at": "2018-10-24T01:23:50Z",
            "updated_at": "2018-10-24T01:23:50Z",
            "author_association": "MEMBER",
            "body": "I didn't receive your reply and it's one day long, so I closed this. BTW, you can reopen it anytime at your will. Sorry for the inconvenience, so what do you mean actually? "
        },
        {
            "url": "https://api.github.com/repos/pallets/flask/issues/comments/432479230",
            "html_url": "https://github.com/pallets/flask/issues/2959#issuecomment-432479230",
            "issue_url": "https://api.github.com/repos/pallets/flask/issues/2959",
            "id": 432479230,
            "node_id": "MDEyOklzc3VlQ29tbWVudDQzMjQ3OTIzMA==",
            "user": {
                "login": "cheeseinvert",
                "id": 564114,
                "node_id": "MDQ6VXNlcjU2NDExNA==",
                "avatar_url": "https://avatars2.githubusercontent.com/u/564114?v=4",
                "gravatar_id": "",
                "url": "https://api.github.com/users/cheeseinvert",
                "html_url": "https://github.com/cheeseinvert",
                "followers_url": "https://api.github.com/users/cheeseinvert/followers",
                "following_url": "https://api.github.com/users/cheeseinvert/following{/other_user}",
                "gists_url": "https://api.github.com/users/cheeseinvert/gists{/gist_id}",
                "starred_url": "https://api.github.com/users/cheeseinvert/starred{/owner}{/repo}",
                "subscriptions_url": "https://api.github.com/users/cheeseinvert/subscriptions",
                "organizations_url": "https://api.github.com/users/cheeseinvert/orgs",
                "repos_url": "https://api.github.com/users/cheeseinvert/repos",
                "events_url": "https://api.github.com/users/cheeseinvert/events{/privacy}",
                "received_events_url": "https://api.github.com/users/cheeseinvert/received_events",
                "type": "User",
                "site_admin": false
            },
            "created_at": "2018-10-24T01:28:58Z",
            "updated_at": "2018-10-24T01:28:58Z",
            "author_association": "NONE",
            "body": "The roles of \u201cexpected\u201d & \u201cactual\u201d are reversed in context of the tutorial.\nThe tutorial needs update according to your comment.\n\nOn Tue, Oct 23, 2018 at 6:24 PM Grey Li <notifications@github.com> wrote:\n\n> I didn't receive your reply and it's one day long, so I closed this. BTW,\n> you can reopen it anytime at your will. Sorry for the inconvenience, so\n> what do you mean actually?\n>\n> \u2014\n> You are receiving this because you authored the thread.\n> Reply to this email directly, view it on GitHub\n> <https://github.com/pallets/flask/issues/2959#issuecomment-432478397>, or mute\n> the thread\n> <https://github.com/notifications/unsubscribe-auth/AAibkk-0ta5DbrlreZLnT-ttz_Jh4sbWks5un8FSgaJpZM4X0RJS>\n> .\n>\n"
        },
        {
            "url": "https://api.github.com/repos/pallets/flask/issues/comments/432482730",
            "html_url": "https://github.com/pallets/flask/issues/2959#issuecomment-432482730",
            "issue_url": "https://api.github.com/repos/pallets/flask/issues/2959",
            "id": 432482730,
            "node_id": "MDEyOklzc3VlQ29tbWVudDQzMjQ4MjczMA==",
            "user": {
                "login": "garenchan",
                "id": 13200012,
                "node_id": "MDQ6VXNlcjEzMjAwMDEy",
                "avatar_url": "https://avatars2.githubusercontent.com/u/13200012?v=4",
                "gravatar_id": "",
                "url": "https://api.github.com/users/garenchan",
                "html_url": "https://github.com/garenchan",
                "followers_url": "https://api.github.com/users/garenchan/followers",
                "following_url": "https://api.github.com/users/garenchan/following{/other_user}",
                "gists_url": "https://api.github.com/users/garenchan/gists{/gist_id}",
                "starred_url": "https://api.github.com/users/garenchan/starred{/owner}{/repo}",
                "subscriptions_url": "https://api.github.com/users/garenchan/subscriptions",
                "organizations_url": "https://api.github.com/users/garenchan/orgs",
                "repos_url": "https://api.github.com/users/garenchan/repos",
                "events_url": "https://api.github.com/users/garenchan/events{/privacy}",
                "received_events_url": "https://api.github.com/users/garenchan/received_events",
                "type": "User",
                "site_admin": false
            },
            "created_at": "2018-10-24T01:49:26Z",
            "updated_at": "2018-10-24T01:49:26Z",
            "author_association": "CONTRIBUTOR",
            "body": "The behavior described by the [document ](http://flask.pocoo.org/docs/1.0/tutorial/tests/#running-the-tests) seems to be consistent with what you describe. Are you reading the latest documentation\uff1f\r\n\r\n![image](https://user-images.githubusercontent.com/13200012/47400969-f8c90500-d771-11e8-8b9b-42948239141f.png)\r\n"
        }
    ]
}