{
    "url": "https://api.github.com/repos/pallets/flask/issues/296",
    "repository_url": "https://api.github.com/repos/pallets/flask",
    "labels_url": "https://api.github.com/repos/pallets/flask/issues/296/labels{/name}",
    "comments_url": "https://api.github.com/repos/pallets/flask/issues/296/comments",
    "events_url": "https://api.github.com/repos/pallets/flask/issues/296/events",
    "html_url": "https://github.com/pallets/flask/pull/296",
    "id": 1350495,
    "node_id": "MDExOlB1bGxSZXF1ZXN0MjU2NzU1",
    "number": 296,
    "title": "Added decorators",
    "user": {
        "login": "Poincare",
        "id": 217352,
        "node_id": "MDQ6VXNlcjIxNzM1Mg==",
        "avatar_url": "https://avatars2.githubusercontent.com/u/217352?v=4",
        "gravatar_id": "",
        "url": "https://api.github.com/users/Poincare",
        "html_url": "https://github.com/Poincare",
        "followers_url": "https://api.github.com/users/Poincare/followers",
        "following_url": "https://api.github.com/users/Poincare/following{/other_user}",
        "gists_url": "https://api.github.com/users/Poincare/gists{/gist_id}",
        "starred_url": "https://api.github.com/users/Poincare/starred{/owner}{/repo}",
        "subscriptions_url": "https://api.github.com/users/Poincare/subscriptions",
        "organizations_url": "https://api.github.com/users/Poincare/orgs",
        "repos_url": "https://api.github.com/users/Poincare/repos",
        "events_url": "https://api.github.com/users/Poincare/events{/privacy}",
        "received_events_url": "https://api.github.com/users/Poincare/received_events",
        "type": "User",
        "site_admin": false
    },
    "labels": [],
    "state": "closed",
    "locked": false,
    "assignee": null,
    "assignees": [],
    "milestone": null,
    "comments": 3,
    "created_at": "2011-08-05T11:31:27Z",
    "updated_at": "2014-06-13T00:27:54Z",
    "closed_at": "2011-08-05T11:37:32Z",
    "author_association": "NONE",
    "pull_request": {
        "url": "https://api.github.com/repos/pallets/flask/pulls/296",
        "html_url": "https://github.com/pallets/flask/pull/296",
        "diff_url": "https://github.com/pallets/flask/pull/296.diff",
        "patch_url": "https://github.com/pallets/flask/pull/296.patch"
    },
    "body": "I have added decorators for before_request and after_request, please ignore the README changes, they were errors I had trouble reversing. If it doesn't apply cleanly, please tell me so I can fix it. \n\nAlso, keep up the excellent work, I love flask.\n",
    "comments_inline": [
        {
            "url": "https://api.github.com/repos/pallets/flask/issues/comments/1734635",
            "html_url": "https://github.com/pallets/flask/pull/296#issuecomment-1734635",
            "issue_url": "https://api.github.com/repos/pallets/flask/issues/296",
            "id": 1734635,
            "node_id": "MDEyOklzc3VlQ29tbWVudDE3MzQ2MzU=",
            "user": {
                "login": "mitsuhiko",
                "id": 7396,
                "node_id": "MDQ6VXNlcjczOTY=",
                "avatar_url": "https://avatars1.githubusercontent.com/u/7396?v=4",
                "gravatar_id": "",
                "url": "https://api.github.com/users/mitsuhiko",
                "html_url": "https://github.com/mitsuhiko",
                "followers_url": "https://api.github.com/users/mitsuhiko/followers",
                "following_url": "https://api.github.com/users/mitsuhiko/following{/other_user}",
                "gists_url": "https://api.github.com/users/mitsuhiko/gists{/gist_id}",
                "starred_url": "https://api.github.com/users/mitsuhiko/starred{/owner}{/repo}",
                "subscriptions_url": "https://api.github.com/users/mitsuhiko/subscriptions",
                "organizations_url": "https://api.github.com/users/mitsuhiko/orgs",
                "repos_url": "https://api.github.com/users/mitsuhiko/repos",
                "events_url": "https://api.github.com/users/mitsuhiko/events{/privacy}",
                "received_events_url": "https://api.github.com/users/mitsuhiko/received_events",
                "type": "User",
                "site_admin": false
            },
            "created_at": "2011-08-05T11:35:46Z",
            "updated_at": "2011-08-05T11:36:13Z",
            "author_association": "MEMBER",
            "body": "before_request can already be used as a decorator:\n\n``` python\n@app.before_request\ndef my_function():\n    ...\n```\n"
        },
        {
            "url": "https://api.github.com/repos/pallets/flask/issues/comments/1734641",
            "html_url": "https://github.com/pallets/flask/pull/296#issuecomment-1734641",
            "issue_url": "https://api.github.com/repos/pallets/flask/issues/296",
            "id": 1734641,
            "node_id": "MDEyOklzc3VlQ29tbWVudDE3MzQ2NDE=",
            "user": {
                "login": "mitsuhiko",
                "id": 7396,
                "node_id": "MDQ6VXNlcjczOTY=",
                "avatar_url": "https://avatars1.githubusercontent.com/u/7396?v=4",
                "gravatar_id": "",
                "url": "https://api.github.com/users/mitsuhiko",
                "html_url": "https://github.com/mitsuhiko",
                "followers_url": "https://api.github.com/users/mitsuhiko/followers",
                "following_url": "https://api.github.com/users/mitsuhiko/following{/other_user}",
                "gists_url": "https://api.github.com/users/mitsuhiko/gists{/gist_id}",
                "starred_url": "https://api.github.com/users/mitsuhiko/starred{/owner}{/repo}",
                "subscriptions_url": "https://api.github.com/users/mitsuhiko/subscriptions",
                "organizations_url": "https://api.github.com/users/mitsuhiko/orgs",
                "repos_url": "https://api.github.com/users/mitsuhiko/repos",
                "events_url": "https://api.github.com/users/mitsuhiko/events{/privacy}",
                "received_events_url": "https://api.github.com/users/mitsuhiko/received_events",
                "type": "User",
                "site_admin": false
            },
            "created_at": "2011-08-05T11:37:32Z",
            "updated_at": "2011-08-05T11:37:32Z",
            "author_association": "MEMBER",
            "body": "Also, our whitespace rules are consistent: two spaces after fullstops in preformatted text.\n"
        },
        {
            "url": "https://api.github.com/repos/pallets/flask/issues/comments/1734648",
            "html_url": "https://github.com/pallets/flask/pull/296#issuecomment-1734648",
            "issue_url": "https://api.github.com/repos/pallets/flask/issues/296",
            "id": 1734648,
            "node_id": "MDEyOklzc3VlQ29tbWVudDE3MzQ2NDg=",
            "user": {
                "login": "Poincare",
                "id": 217352,
                "node_id": "MDQ6VXNlcjIxNzM1Mg==",
                "avatar_url": "https://avatars2.githubusercontent.com/u/217352?v=4",
                "gravatar_id": "",
                "url": "https://api.github.com/users/Poincare",
                "html_url": "https://github.com/Poincare",
                "followers_url": "https://api.github.com/users/Poincare/followers",
                "following_url": "https://api.github.com/users/Poincare/following{/other_user}",
                "gists_url": "https://api.github.com/users/Poincare/gists{/gist_id}",
                "starred_url": "https://api.github.com/users/Poincare/starred{/owner}{/repo}",
                "subscriptions_url": "https://api.github.com/users/Poincare/subscriptions",
                "organizations_url": "https://api.github.com/users/Poincare/orgs",
                "repos_url": "https://api.github.com/users/Poincare/repos",
                "events_url": "https://api.github.com/users/Poincare/events{/privacy}",
                "received_events_url": "https://api.github.com/users/Poincare/received_events",
                "type": "User",
                "site_admin": false
            },
            "created_at": "2011-08-05T11:39:35Z",
            "updated_at": "2011-08-05T11:39:35Z",
            "author_association": "NONE",
            "body": "Ah, I see thanks for telling me.\n"
        }
    ]
}