{
    "url": "https://api.github.com/repos/pallets/flask/issues/2961",
    "repository_url": "https://api.github.com/repos/pallets/flask",
    "labels_url": "https://api.github.com/repos/pallets/flask/issues/2961/labels{/name}",
    "comments_url": "https://api.github.com/repos/pallets/flask/issues/2961/comments",
    "events_url": "https://api.github.com/repos/pallets/flask/issues/2961/events",
    "html_url": "https://github.com/pallets/flask/issues/2961",
    "id": 372968920,
    "node_id": "MDU6SXNzdWUzNzI5Njg5MjA=",
    "number": 2961,
    "title": "Flask doens't run when APP is specified with full path",
    "user": {
        "login": "stillesjo",
        "id": 2507506,
        "node_id": "MDQ6VXNlcjI1MDc1MDY=",
        "avatar_url": "https://avatars0.githubusercontent.com/u/2507506?v=4",
        "gravatar_id": "",
        "url": "https://api.github.com/users/stillesjo",
        "html_url": "https://github.com/stillesjo",
        "followers_url": "https://api.github.com/users/stillesjo/followers",
        "following_url": "https://api.github.com/users/stillesjo/following{/other_user}",
        "gists_url": "https://api.github.com/users/stillesjo/gists{/gist_id}",
        "starred_url": "https://api.github.com/users/stillesjo/starred{/owner}{/repo}",
        "subscriptions_url": "https://api.github.com/users/stillesjo/subscriptions",
        "organizations_url": "https://api.github.com/users/stillesjo/orgs",
        "repos_url": "https://api.github.com/users/stillesjo/repos",
        "events_url": "https://api.github.com/users/stillesjo/events{/privacy}",
        "received_events_url": "https://api.github.com/users/stillesjo/received_events",
        "type": "User",
        "site_admin": false
    },
    "labels": [
        {
            "id": 380608249,
            "node_id": "MDU6TGFiZWwzODA2MDgyNDk=",
            "url": "https://api.github.com/repos/pallets/flask/labels/cli",
            "name": "cli",
            "color": "1d76db",
            "default": false,
            "description": null
        }
    ],
    "state": "closed",
    "locked": false,
    "assignee": null,
    "assignees": [],
    "milestone": null,
    "comments": 4,
    "created_at": "2018-10-23T12:15:47Z",
    "updated_at": "2018-10-24T16:07:06Z",
    "closed_at": "2018-10-24T16:07:06Z",
    "author_association": "NONE",
    "body": "### Expected Behavior\r\nPreviously in our development environment we ran flask app from vscode but after we updated to the latest version of flask we started experiencing problems. After some investigation I found out that in our run configuration we specify the whole path to the app.py-file. Changing to just referencing it directly (i.e. app.py instead of C:\\Path\\To\\My\\app.py) I got it to work.\r\n\r\nI recreated the fault in another simpler environment:\r\n\r\nThe following command runs \r\n``` env \"FLASK_APP=`pwd`/app.py\" \"FLASK_ENV=Development\" \"FLASK_DEBUG=1\" env/Scripts/python.exe -m flask run```\r\n\r\nbut when you try to access localhost:5000/ you get the following error\r\n\r\n```Traceback (most recent call last):\r\n  File \"C:\\Users\\AlexanderS\\code\\flask-bugg\\env\\lib\\site-packages\\flask\\cli.py\", line 330, in __call__\r\n    rv = self._load_unlocked()\r\n  File \"C:\\Users\\AlexanderS\\code\\flask-bugg\\env\\lib\\site-packages\\flask\\cli.py\", line 317, in _load_unlocked\r\n    self._app = rv = self.loader()\r\n  File \"C:\\Users\\AlexanderS\\code\\flask-bugg\\env\\lib\\site-packages\\flask\\cli.py\", line 372, in load_app\r\n    app = locate_app(self, import_name, name)\r\n  File \"C:\\Users\\AlexanderS\\code\\flask-bugg\\env\\lib\\site-packages\\flask\\cli.py\", line 246, in locate_app\r\n    'Could not import \"{name}\".'.format(name=module_name)\r\nflask.cli.NoAppException: Could not import \"C\".\r\n```\r\n\r\n\r\n### Actual Behavior\r\nThe application should run without errors.\r\n\r\n### Environment\r\n\r\n* Python version: 3.6.5\r\n* Flask version: 1.0.2\r\n* Werkzeug version: 0.14.1\r\n\r\nRecreated the bug with the follow app.py\r\n\r\n```python\r\nfrom flask import Flask\r\n\r\napp = Flask(__name__)\r\n\r\n@app.route('/')\r\ndef hello_world():\r\n    return 'Hello world2'\r\n```\r\n",
    "comments_inline": [
        {
            "url": "https://api.github.com/repos/pallets/flask/issues/comments/432234588",
            "html_url": "https://github.com/pallets/flask/issues/2961#issuecomment-432234588",
            "issue_url": "https://api.github.com/repos/pallets/flask/issues/2961",
            "id": 432234588,
            "node_id": "MDEyOklzc3VlQ29tbWVudDQzMjIzNDU4OA==",
            "user": {
                "login": "garenchan",
                "id": 13200012,
                "node_id": "MDQ6VXNlcjEzMjAwMDEy",
                "avatar_url": "https://avatars2.githubusercontent.com/u/13200012?v=4",
                "gravatar_id": "",
                "url": "https://api.github.com/users/garenchan",
                "html_url": "https://github.com/garenchan",
                "followers_url": "https://api.github.com/users/garenchan/followers",
                "following_url": "https://api.github.com/users/garenchan/following{/other_user}",
                "gists_url": "https://api.github.com/users/garenchan/gists{/gist_id}",
                "starred_url": "https://api.github.com/users/garenchan/starred{/owner}{/repo}",
                "subscriptions_url": "https://api.github.com/users/garenchan/subscriptions",
                "organizations_url": "https://api.github.com/users/garenchan/orgs",
                "repos_url": "https://api.github.com/users/garenchan/repos",
                "events_url": "https://api.github.com/users/garenchan/events{/privacy}",
                "received_events_url": "https://api.github.com/users/garenchan/received_events",
                "type": "User",
                "site_admin": false
            },
            "created_at": "2018-10-23T12:54:37Z",
            "updated_at": "2018-10-23T13:05:29Z",
            "author_association": "CONTRIBUTOR",
            "body": "It doesn't seem to be supported to import an app through a path with disk driver under Windows.\r\n\r\nFlask supports importing app through a combination of module path **that does not contain a colon** and app variable name, such as 'module_path **:** my_app'. So if you set `FLASK_APP` to a path with a colon, the error you described above will be raised.\r\n"
        },
        {
            "url": "https://api.github.com/repos/pallets/flask/issues/comments/432275095",
            "html_url": "https://github.com/pallets/flask/issues/2961#issuecomment-432275095",
            "issue_url": "https://api.github.com/repos/pallets/flask/issues/2961",
            "id": 432275095,
            "node_id": "MDEyOklzc3VlQ29tbWVudDQzMjI3NTA5NQ==",
            "user": {
                "login": "ThiefMaster",
                "id": 179599,
                "node_id": "MDQ6VXNlcjE3OTU5OQ==",
                "avatar_url": "https://avatars1.githubusercontent.com/u/179599?v=4",
                "gravatar_id": "",
                "url": "https://api.github.com/users/ThiefMaster",
                "html_url": "https://github.com/ThiefMaster",
                "followers_url": "https://api.github.com/users/ThiefMaster/followers",
                "following_url": "https://api.github.com/users/ThiefMaster/following{/other_user}",
                "gists_url": "https://api.github.com/users/ThiefMaster/gists{/gist_id}",
                "starred_url": "https://api.github.com/users/ThiefMaster/starred{/owner}{/repo}",
                "subscriptions_url": "https://api.github.com/users/ThiefMaster/subscriptions",
                "organizations_url": "https://api.github.com/users/ThiefMaster/orgs",
                "repos_url": "https://api.github.com/users/ThiefMaster/repos",
                "events_url": "https://api.github.com/users/ThiefMaster/events{/privacy}",
                "received_events_url": "https://api.github.com/users/ThiefMaster/received_events",
                "type": "User",
                "site_admin": false
            },
            "created_at": "2018-10-23T14:40:38Z",
            "updated_at": "2018-10-23T14:40:38Z",
            "author_association": "MEMBER",
            "body": "Maybe we should use a regex to split this to avoid splitting on `:/` and `:\\`?"
        },
        {
            "url": "https://api.github.com/repos/pallets/flask/issues/comments/432576036",
            "html_url": "https://github.com/pallets/flask/issues/2961#issuecomment-432576036",
            "issue_url": "https://api.github.com/repos/pallets/flask/issues/2961",
            "id": 432576036,
            "node_id": "MDEyOklzc3VlQ29tbWVudDQzMjU3NjAzNg==",
            "user": {
                "login": "stillesjo",
                "id": 2507506,
                "node_id": "MDQ6VXNlcjI1MDc1MDY=",
                "avatar_url": "https://avatars0.githubusercontent.com/u/2507506?v=4",
                "gravatar_id": "",
                "url": "https://api.github.com/users/stillesjo",
                "html_url": "https://github.com/stillesjo",
                "followers_url": "https://api.github.com/users/stillesjo/followers",
                "following_url": "https://api.github.com/users/stillesjo/following{/other_user}",
                "gists_url": "https://api.github.com/users/stillesjo/gists{/gist_id}",
                "starred_url": "https://api.github.com/users/stillesjo/starred{/owner}{/repo}",
                "subscriptions_url": "https://api.github.com/users/stillesjo/subscriptions",
                "organizations_url": "https://api.github.com/users/stillesjo/orgs",
                "repos_url": "https://api.github.com/users/stillesjo/repos",
                "events_url": "https://api.github.com/users/stillesjo/events{/privacy}",
                "received_events_url": "https://api.github.com/users/stillesjo/received_events",
                "type": "User",
                "site_admin": false
            },
            "created_at": "2018-10-24T09:05:13Z",
            "updated_at": "2018-10-24T09:05:13Z",
            "author_association": "NONE",
            "body": "Thanks for the responses. I believe that this is something that never worked but vscode/vscode-python changed how they handle the launch configurations. I believe that perhaps [this issue is related](https://github.com/Microsoft/vscode-python/issues/2747)\r\n\r\nUnless you think that this should be handled I'm OK with closing the issue."
        },
        {
            "url": "https://api.github.com/repos/pallets/flask/issues/comments/432721512",
            "html_url": "https://github.com/pallets/flask/issues/2961#issuecomment-432721512",
            "issue_url": "https://api.github.com/repos/pallets/flask/issues/2961",
            "id": 432721512,
            "node_id": "MDEyOklzc3VlQ29tbWVudDQzMjcyMTUxMg==",
            "user": {
                "login": "davidism",
                "id": 1242887,
                "node_id": "MDQ6VXNlcjEyNDI4ODc=",
                "avatar_url": "https://avatars1.githubusercontent.com/u/1242887?v=4",
                "gravatar_id": "",
                "url": "https://api.github.com/users/davidism",
                "html_url": "https://github.com/davidism",
                "followers_url": "https://api.github.com/users/davidism/followers",
                "following_url": "https://api.github.com/users/davidism/following{/other_user}",
                "gists_url": "https://api.github.com/users/davidism/gists{/gist_id}",
                "starred_url": "https://api.github.com/users/davidism/starred{/owner}{/repo}",
                "subscriptions_url": "https://api.github.com/users/davidism/subscriptions",
                "organizations_url": "https://api.github.com/users/davidism/orgs",
                "repos_url": "https://api.github.com/users/davidism/repos",
                "events_url": "https://api.github.com/users/davidism/events{/privacy}",
                "received_events_url": "https://api.github.com/users/davidism/received_events",
                "type": "User",
                "site_admin": false
            },
            "created_at": "2018-10-24T16:07:05Z",
            "updated_at": "2018-10-24T16:07:05Z",
            "author_association": "MEMBER",
            "body": "closed by #2963 "
        }
    ]
}