{
    "url": "https://api.github.com/repos/pallets/flask/issues/435",
    "repository_url": "https://api.github.com/repos/pallets/flask",
    "labels_url": "https://api.github.com/repos/pallets/flask/issues/435/labels{/name}",
    "comments_url": "https://api.github.com/repos/pallets/flask/issues/435/comments",
    "events_url": "https://api.github.com/repos/pallets/flask/issues/435/events",
    "html_url": "https://github.com/pallets/flask/pull/435",
    "id": 3615953,
    "node_id": "MDExOlB1bGxSZXF1ZXN0OTY4ODAz",
    "number": 435,
    "title": "Doc grammar fix from pycon sprints.",
    "user": {
        "login": "mattd",
        "id": 119057,
        "node_id": "MDQ6VXNlcjExOTA1Nw==",
        "avatar_url": "https://avatars2.githubusercontent.com/u/119057?v=4",
        "gravatar_id": "",
        "url": "https://api.github.com/users/mattd",
        "html_url": "https://github.com/mattd",
        "followers_url": "https://api.github.com/users/mattd/followers",
        "following_url": "https://api.github.com/users/mattd/following{/other_user}",
        "gists_url": "https://api.github.com/users/mattd/gists{/gist_id}",
        "starred_url": "https://api.github.com/users/mattd/starred{/owner}{/repo}",
        "subscriptions_url": "https://api.github.com/users/mattd/subscriptions",
        "organizations_url": "https://api.github.com/users/mattd/orgs",
        "repos_url": "https://api.github.com/users/mattd/repos",
        "events_url": "https://api.github.com/users/mattd/events{/privacy}",
        "received_events_url": "https://api.github.com/users/mattd/received_events",
        "type": "User",
        "site_admin": false
    },
    "labels": [],
    "state": "closed",
    "locked": false,
    "assignee": null,
    "assignees": [],
    "milestone": null,
    "comments": 0,
    "created_at": "2012-03-12T18:03:23Z",
    "updated_at": "2014-06-13T04:11:54Z",
    "closed_at": "2012-03-12T18:33:43Z",
    "author_association": "CONTRIBUTOR",
    "pull_request": {
        "url": "https://api.github.com/repos/pallets/flask/pulls/435",
        "html_url": "https://github.com/pallets/flask/pull/435",
        "diff_url": "https://github.com/pallets/flask/pull/435.diff",
        "patch_url": "https://github.com/pallets/flask/pull/435.patch"
    },
    "body": "Minor grammar fix.\n"
}