{
    "url": "https://api.github.com/repos/pallets/flask/issues/440",
    "repository_url": "https://api.github.com/repos/pallets/flask",
    "labels_url": "https://api.github.com/repos/pallets/flask/issues/440/labels{/name}",
    "comments_url": "https://api.github.com/repos/pallets/flask/issues/440/comments",
    "events_url": "https://api.github.com/repos/pallets/flask/issues/440/events",
    "html_url": "https://github.com/pallets/flask/pull/440",
    "id": 3621418,
    "node_id": "MDExOlB1bGxSZXF1ZXN0OTcxMTgy",
    "number": 440,
    "title": "Reword the docs for writing a flask extension",
    "user": {
        "login": "jamesls",
        "id": 368057,
        "node_id": "MDQ6VXNlcjM2ODA1Nw==",
        "avatar_url": "https://avatars0.githubusercontent.com/u/368057?v=4",
        "gravatar_id": "",
        "url": "https://api.github.com/users/jamesls",
        "html_url": "https://github.com/jamesls",
        "followers_url": "https://api.github.com/users/jamesls/followers",
        "following_url": "https://api.github.com/users/jamesls/following{/other_user}",
        "gists_url": "https://api.github.com/users/jamesls/gists{/gist_id}",
        "starred_url": "https://api.github.com/users/jamesls/starred{/owner}{/repo}",
        "subscriptions_url": "https://api.github.com/users/jamesls/subscriptions",
        "organizations_url": "https://api.github.com/users/jamesls/orgs",
        "repos_url": "https://api.github.com/users/jamesls/repos",
        "events_url": "https://api.github.com/users/jamesls/events{/privacy}",
        "received_events_url": "https://api.github.com/users/jamesls/received_events",
        "type": "User",
        "site_admin": false
    },
    "labels": [],
    "state": "closed",
    "locked": false,
    "assignee": null,
    "assignees": [],
    "milestone": null,
    "comments": 0,
    "created_at": "2012-03-12T23:41:41Z",
    "updated_at": "2014-06-13T04:11:41Z",
    "closed_at": "2012-03-14T00:00:18Z",
    "author_association": "CONTRIBUTOR",
    "pull_request": {
        "url": "https://api.github.com/repos/pallets/flask/pulls/440",
        "html_url": "https://github.com/pallets/flask/pull/440",
        "diff_url": "https://github.com/pallets/flask/pull/440.diff",
        "patch_url": "https://github.com/pallets/flask/pull/440.patch"
    },
    "body": "There was a minor bug in the example extension that's\nbeen fixed.\n\nI also updated the description of the fixed code accordingly, and\nexpanded on the usage of _request_ctx_stack.top for adding data\nthat should be accesible to view functions.\n\nI verified that the existing code as is works as expected.\n"
}