{
    "url": "https://api.github.com/repos/pallets/flask/issues/441",
    "repository_url": "https://api.github.com/repos/pallets/flask",
    "labels_url": "https://api.github.com/repos/pallets/flask/issues/441/labels{/name}",
    "comments_url": "https://api.github.com/repos/pallets/flask/issues/441/comments",
    "events_url": "https://api.github.com/repos/pallets/flask/issues/441/events",
    "html_url": "https://github.com/pallets/flask/pull/441",
    "id": 3621509,
    "node_id": "MDExOlB1bGxSZXF1ZXN0OTcxMjI5",
    "number": 441,
    "title": "docfix: wrong converter name: unicode -> string  fixes #364",
    "user": {
        "login": "wilsaj",
        "id": 303866,
        "node_id": "MDQ6VXNlcjMwMzg2Ng==",
        "avatar_url": "https://avatars1.githubusercontent.com/u/303866?v=4",
        "gravatar_id": "",
        "url": "https://api.github.com/users/wilsaj",
        "html_url": "https://github.com/wilsaj",
        "followers_url": "https://api.github.com/users/wilsaj/followers",
        "following_url": "https://api.github.com/users/wilsaj/following{/other_user}",
        "gists_url": "https://api.github.com/users/wilsaj/gists{/gist_id}",
        "starred_url": "https://api.github.com/users/wilsaj/starred{/owner}{/repo}",
        "subscriptions_url": "https://api.github.com/users/wilsaj/subscriptions",
        "organizations_url": "https://api.github.com/users/wilsaj/orgs",
        "repos_url": "https://api.github.com/users/wilsaj/repos",
        "events_url": "https://api.github.com/users/wilsaj/events{/privacy}",
        "received_events_url": "https://api.github.com/users/wilsaj/received_events",
        "type": "User",
        "site_admin": false
    },
    "labels": [],
    "state": "closed",
    "locked": false,
    "assignee": null,
    "assignees": [],
    "milestone": null,
    "comments": 0,
    "created_at": "2012-03-12T23:50:29Z",
    "updated_at": "2014-06-13T04:11:39Z",
    "closed_at": "2012-03-14T00:00:35Z",
    "author_association": "CONTRIBUTOR",
    "pull_request": {
        "url": "https://api.github.com/repos/pallets/flask/pulls/441",
        "html_url": "https://github.com/pallets/flask/pull/441",
        "diff_url": "https://github.com/pallets/flask/pull/441.diff",
        "patch_url": "https://github.com/pallets/flask/pull/441.patch"
    },
    "body": null
}