{
    "url": "https://api.github.com/repos/pallets/flask/issues/446",
    "repository_url": "https://api.github.com/repos/pallets/flask",
    "labels_url": "https://api.github.com/repos/pallets/flask/issues/446/labels{/name}",
    "comments_url": "https://api.github.com/repos/pallets/flask/issues/446/comments",
    "events_url": "https://api.github.com/repos/pallets/flask/issues/446/events",
    "html_url": "https://github.com/pallets/flask/pull/446",
    "id": 3679141,
    "node_id": "MDExOlB1bGxSZXF1ZXN0OTk1MTIx",
    "number": 446,
    "title": "Debug example with run_simple and flask app.",
    "user": {
        "login": "jtsoi",
        "id": 809328,
        "node_id": "MDQ6VXNlcjgwOTMyOA==",
        "avatar_url": "https://avatars3.githubusercontent.com/u/809328?v=4",
        "gravatar_id": "",
        "url": "https://api.github.com/users/jtsoi",
        "html_url": "https://github.com/jtsoi",
        "followers_url": "https://api.github.com/users/jtsoi/followers",
        "following_url": "https://api.github.com/users/jtsoi/following{/other_user}",
        "gists_url": "https://api.github.com/users/jtsoi/gists{/gist_id}",
        "starred_url": "https://api.github.com/users/jtsoi/starred{/owner}{/repo}",
        "subscriptions_url": "https://api.github.com/users/jtsoi/subscriptions",
        "organizations_url": "https://api.github.com/users/jtsoi/orgs",
        "repos_url": "https://api.github.com/users/jtsoi/repos",
        "events_url": "https://api.github.com/users/jtsoi/events{/privacy}",
        "received_events_url": "https://api.github.com/users/jtsoi/received_events",
        "type": "User",
        "site_admin": false
    },
    "labels": [],
    "state": "closed",
    "locked": false,
    "assignee": null,
    "assignees": [],
    "milestone": null,
    "comments": 1,
    "created_at": "2012-03-16T08:40:02Z",
    "updated_at": "2014-06-13T04:11:23Z",
    "closed_at": "2012-04-01T15:37:44Z",
    "author_association": "CONTRIBUTOR",
    "pull_request": {
        "url": "https://api.github.com/repos/pallets/flask/pulls/446",
        "html_url": "https://github.com/pallets/flask/pull/446",
        "diff_url": "https://github.com/pallets/flask/pull/446.diff",
        "patch_url": "https://github.com/pallets/flask/pull/446.patch"
    },
    "body": "Added an example of how to configure debugging with run_simple, it has to be enabled both for the Flask app and the Werkzeug server. Took me a while to figure this one out, might be useful to other folks.\n",
    "comments_inline": [
        {
            "url": "https://api.github.com/repos/pallets/flask/issues/comments/4867055",
            "html_url": "https://github.com/pallets/flask/pull/446#issuecomment-4867055",
            "issue_url": "https://api.github.com/repos/pallets/flask/issues/446",
            "id": 4867055,
            "node_id": "MDEyOklzc3VlQ29tbWVudDQ4NjcwNTU=",
            "user": {
                "login": "rduplain",
                "id": 36428,
                "node_id": "MDQ6VXNlcjM2NDI4",
                "avatar_url": "https://avatars1.githubusercontent.com/u/36428?v=4",
                "gravatar_id": "",
                "url": "https://api.github.com/users/rduplain",
                "html_url": "https://github.com/rduplain",
                "followers_url": "https://api.github.com/users/rduplain/followers",
                "following_url": "https://api.github.com/users/rduplain/following{/other_user}",
                "gists_url": "https://api.github.com/users/rduplain/gists{/gist_id}",
                "starred_url": "https://api.github.com/users/rduplain/starred{/owner}{/repo}",
                "subscriptions_url": "https://api.github.com/users/rduplain/subscriptions",
                "organizations_url": "https://api.github.com/users/rduplain/orgs",
                "repos_url": "https://api.github.com/users/rduplain/repos",
                "events_url": "https://api.github.com/users/rduplain/events{/privacy}",
                "received_events_url": "https://api.github.com/users/rduplain/received_events",
                "type": "User",
                "site_admin": false
            },
            "created_at": "2012-04-01T15:41:21Z",
            "updated_at": "2012-04-01T15:41:21Z",
            "author_association": "CONTRIBUTOR",
            "body": "Thanks\n"
        }
    ]
}