{
    "url": "https://api.github.com/repos/pallets/flask/issues/452",
    "repository_url": "https://api.github.com/repos/pallets/flask",
    "labels_url": "https://api.github.com/repos/pallets/flask/issues/452/labels{/name}",
    "comments_url": "https://api.github.com/repos/pallets/flask/issues/452/comments",
    "events_url": "https://api.github.com/repos/pallets/flask/issues/452/events",
    "html_url": "https://github.com/pallets/flask/issues/452",
    "id": 3703561,
    "node_id": "MDU6SXNzdWUzNzAzNTYx",
    "number": 452,
    "title": "\"Example code leaked\" on all but Python 2.7",
    "user": {
        "login": "SimonSapin",
        "id": 291359,
        "node_id": "MDQ6VXNlcjI5MTM1OQ==",
        "avatar_url": "https://avatars0.githubusercontent.com/u/291359?v=4",
        "gravatar_id": "",
        "url": "https://api.github.com/users/SimonSapin",
        "html_url": "https://github.com/SimonSapin",
        "followers_url": "https://api.github.com/users/SimonSapin/followers",
        "following_url": "https://api.github.com/users/SimonSapin/following{/other_user}",
        "gists_url": "https://api.github.com/users/SimonSapin/gists{/gist_id}",
        "starred_url": "https://api.github.com/users/SimonSapin/starred{/owner}{/repo}",
        "subscriptions_url": "https://api.github.com/users/SimonSapin/subscriptions",
        "organizations_url": "https://api.github.com/users/SimonSapin/orgs",
        "repos_url": "https://api.github.com/users/SimonSapin/repos",
        "events_url": "https://api.github.com/users/SimonSapin/events{/privacy}",
        "received_events_url": "https://api.github.com/users/SimonSapin/received_events",
        "type": "User",
        "site_admin": false
    },
    "labels": [],
    "state": "closed",
    "locked": false,
    "assignee": null,
    "assignees": [],
    "milestone": {
        "url": "https://api.github.com/repos/pallets/flask/milestones/1",
        "html_url": "https://github.com/pallets/flask/milestone/1",
        "labels_url": "https://api.github.com/repos/pallets/flask/milestones/1/labels",
        "id": 105809,
        "node_id": "MDk6TWlsZXN0b25lMTA1ODA5",
        "number": 1,
        "title": "0.11",
        "description": "This milestone tracks the next major release. This might be 1.0, but I'd like to have a clear distinction from things that break backwards compat.",
        "creator": {
            "login": "mitsuhiko",
            "id": 7396,
            "node_id": "MDQ6VXNlcjczOTY=",
            "avatar_url": "https://avatars1.githubusercontent.com/u/7396?v=4",
            "gravatar_id": "",
            "url": "https://api.github.com/users/mitsuhiko",
            "html_url": "https://github.com/mitsuhiko",
            "followers_url": "https://api.github.com/users/mitsuhiko/followers",
            "following_url": "https://api.github.com/users/mitsuhiko/following{/other_user}",
            "gists_url": "https://api.github.com/users/mitsuhiko/gists{/gist_id}",
            "starred_url": "https://api.github.com/users/mitsuhiko/starred{/owner}{/repo}",
            "subscriptions_url": "https://api.github.com/users/mitsuhiko/subscriptions",
            "organizations_url": "https://api.github.com/users/mitsuhiko/orgs",
            "repos_url": "https://api.github.com/users/mitsuhiko/repos",
            "events_url": "https://api.github.com/users/mitsuhiko/events{/privacy}",
            "received_events_url": "https://api.github.com/users/mitsuhiko/received_events",
            "type": "User",
            "site_admin": false
        },
        "open_issues": 0,
        "closed_issues": 11,
        "state": "closed",
        "created_at": "2012-04-09T17:04:23Z",
        "updated_at": "2016-06-01T21:17:37Z",
        "due_on": null,
        "closed_at": "2016-06-01T21:17:37Z"
    },
    "comments": 4,
    "created_at": "2012-03-19T00:07:35Z",
    "updated_at": "2012-04-24T01:37:32Z",
    "closed_at": "2012-04-24T01:37:32Z",
    "author_association": "CONTRIBUTOR",
    "body": "Running tox, I get the following error for Python 2.5, 2.6 and PyPy, but not 2.7. I have no idea where the real problem is. Is it in CPython/PyPy rather than Flask?\n\n```\nFAIL: test_memory_consumption (flask.testsuite.regression.MemoryTestCase)\n----------------------------------------------------------------------\nTraceback (most recent call last):\n  File \"/home/simon/dev/projects/flask/flask/testsuite/regression.py\", line 77, in test_memory_consumption\n    fire()\n  File \"/home/simon/dev/projects/flask/flask/testsuite/regression.py\", line 50, in __exit__\n    self.testcase.fail('Example code leaked')\nAssertionError: Example code leaked\n```\n",
    "comments_inline": [
        {
            "url": "https://api.github.com/repos/pallets/flask/issues/comments/4565759",
            "html_url": "https://github.com/pallets/flask/issues/452#issuecomment-4565759",
            "issue_url": "https://api.github.com/repos/pallets/flask/issues/452",
            "id": 4565759,
            "node_id": "MDEyOklzc3VlQ29tbWVudDQ1NjU3NTk=",
            "user": {
                "login": "mitsuhiko",
                "id": 7396,
                "node_id": "MDQ6VXNlcjczOTY=",
                "avatar_url": "https://avatars1.githubusercontent.com/u/7396?v=4",
                "gravatar_id": "",
                "url": "https://api.github.com/users/mitsuhiko",
                "html_url": "https://github.com/mitsuhiko",
                "followers_url": "https://api.github.com/users/mitsuhiko/followers",
                "following_url": "https://api.github.com/users/mitsuhiko/following{/other_user}",
                "gists_url": "https://api.github.com/users/mitsuhiko/gists{/gist_id}",
                "starred_url": "https://api.github.com/users/mitsuhiko/starred{/owner}{/repo}",
                "subscriptions_url": "https://api.github.com/users/mitsuhiko/subscriptions",
                "organizations_url": "https://api.github.com/users/mitsuhiko/orgs",
                "repos_url": "https://api.github.com/users/mitsuhiko/repos",
                "events_url": "https://api.github.com/users/mitsuhiko/events{/privacy}",
                "received_events_url": "https://api.github.com/users/mitsuhiko/received_events",
                "type": "User",
                "site_admin": false
            },
            "created_at": "2012-03-19T00:08:49Z",
            "updated_at": "2012-03-19T00:08:49Z",
            "author_association": "MEMBER",
            "body": "That's because Python's allocation optimizations interfere with this test. This can be ignored, i just want to keep this test as a general indication if we're safe under reference counting on some cpython versions.\n"
        },
        {
            "url": "https://api.github.com/repos/pallets/flask/issues/comments/4566146",
            "html_url": "https://github.com/pallets/flask/issues/452#issuecomment-4566146",
            "issue_url": "https://api.github.com/repos/pallets/flask/issues/452",
            "id": 4566146,
            "node_id": "MDEyOklzc3VlQ29tbWVudDQ1NjYxNDY=",
            "user": {
                "login": "rduplain",
                "id": 36428,
                "node_id": "MDQ6VXNlcjM2NDI4",
                "avatar_url": "https://avatars1.githubusercontent.com/u/36428?v=4",
                "gravatar_id": "",
                "url": "https://api.github.com/users/rduplain",
                "html_url": "https://github.com/rduplain",
                "followers_url": "https://api.github.com/users/rduplain/followers",
                "following_url": "https://api.github.com/users/rduplain/following{/other_user}",
                "gists_url": "https://api.github.com/users/rduplain/gists{/gist_id}",
                "starred_url": "https://api.github.com/users/rduplain/starred{/owner}{/repo}",
                "subscriptions_url": "https://api.github.com/users/rduplain/subscriptions",
                "organizations_url": "https://api.github.com/users/rduplain/orgs",
                "repos_url": "https://api.github.com/users/rduplain/repos",
                "events_url": "https://api.github.com/users/rduplain/events{/privacy}",
                "received_events_url": "https://api.github.com/users/rduplain/received_events",
                "type": "User",
                "site_admin": false
            },
            "created_at": "2012-03-19T00:50:21Z",
            "updated_at": "2012-03-19T00:50:21Z",
            "author_association": "CONTRIBUTOR",
            "body": "I'd like to skip this test for 2.5 and 2.6.  I don't like ignoring failures.\n"
        },
        {
            "url": "https://api.github.com/repos/pallets/flask/issues/comments/4867175",
            "html_url": "https://github.com/pallets/flask/issues/452#issuecomment-4867175",
            "issue_url": "https://api.github.com/repos/pallets/flask/issues/452",
            "id": 4867175,
            "node_id": "MDEyOklzc3VlQ29tbWVudDQ4NjcxNzU=",
            "user": {
                "login": "rduplain",
                "id": 36428,
                "node_id": "MDQ6VXNlcjM2NDI4",
                "avatar_url": "https://avatars1.githubusercontent.com/u/36428?v=4",
                "gravatar_id": "",
                "url": "https://api.github.com/users/rduplain",
                "html_url": "https://github.com/rduplain",
                "followers_url": "https://api.github.com/users/rduplain/followers",
                "following_url": "https://api.github.com/users/rduplain/following{/other_user}",
                "gists_url": "https://api.github.com/users/rduplain/gists{/gist_id}",
                "starred_url": "https://api.github.com/users/rduplain/starred{/owner}{/repo}",
                "subscriptions_url": "https://api.github.com/users/rduplain/subscriptions",
                "organizations_url": "https://api.github.com/users/rduplain/orgs",
                "repos_url": "https://api.github.com/users/rduplain/repos",
                "events_url": "https://api.github.com/users/rduplain/events{/privacy}",
                "received_events_url": "https://api.github.com/users/rduplain/received_events",
                "type": "User",
                "site_admin": false
            },
            "created_at": "2012-04-01T15:59:05Z",
            "updated_at": "2012-04-01T15:59:05Z",
            "author_association": "CONTRIBUTOR",
            "body": "@mitsuhiko could we skip this test except on CPython 2.7?  I would skip based on sys.version_info, but that won't work on PyPy (where it also breaks).\n"
        },
        {
            "url": "https://api.github.com/repos/pallets/flask/issues/comments/5019318",
            "html_url": "https://github.com/pallets/flask/issues/452#issuecomment-5019318",
            "issue_url": "https://api.github.com/repos/pallets/flask/issues/452",
            "id": 5019318,
            "node_id": "MDEyOklzc3VlQ29tbWVudDUwMTkzMTg=",
            "user": {
                "login": "dmishe",
                "id": 99983,
                "node_id": "MDQ6VXNlcjk5OTgz",
                "avatar_url": "https://avatars0.githubusercontent.com/u/99983?v=4",
                "gravatar_id": "",
                "url": "https://api.github.com/users/dmishe",
                "html_url": "https://github.com/dmishe",
                "followers_url": "https://api.github.com/users/dmishe/followers",
                "following_url": "https://api.github.com/users/dmishe/following{/other_user}",
                "gists_url": "https://api.github.com/users/dmishe/gists{/gist_id}",
                "starred_url": "https://api.github.com/users/dmishe/starred{/owner}{/repo}",
                "subscriptions_url": "https://api.github.com/users/dmishe/subscriptions",
                "organizations_url": "https://api.github.com/users/dmishe/orgs",
                "repos_url": "https://api.github.com/users/dmishe/repos",
                "events_url": "https://api.github.com/users/dmishe/events{/privacy}",
                "received_events_url": "https://api.github.com/users/dmishe/received_events",
                "type": "User",
                "site_admin": false
            },
            "created_at": "2012-04-08T23:36:52Z",
            "updated_at": "2012-04-08T23:36:52Z",
            "author_association": "CONTRIBUTOR",
            "body": "according to #pypy you can test for it like\n\n```\nhasattr(sys, 'pypy_translation_info')\n```\n"
        }
    ]
}