{
    "url": "https://api.github.com/repos/pallets/flask/issues/453",
    "repository_url": "https://api.github.com/repos/pallets/flask",
    "labels_url": "https://api.github.com/repos/pallets/flask/issues/453/labels{/name}",
    "comments_url": "https://api.github.com/repos/pallets/flask/issues/453/comments",
    "events_url": "https://api.github.com/repos/pallets/flask/issues/453/events",
    "html_url": "https://github.com/pallets/flask/pull/453",
    "id": 3705272,
    "node_id": "MDExOlB1bGxSZXF1ZXN0MTAwNDYyNw==",
    "number": 453,
    "title": "fix blohg and pidsim-web urls in powered-by list.",
    "user": {
        "login": "rafaelmartins",
        "id": 26305,
        "node_id": "MDQ6VXNlcjI2MzA1",
        "avatar_url": "https://avatars2.githubusercontent.com/u/26305?v=4",
        "gravatar_id": "",
        "url": "https://api.github.com/users/rafaelmartins",
        "html_url": "https://github.com/rafaelmartins",
        "followers_url": "https://api.github.com/users/rafaelmartins/followers",
        "following_url": "https://api.github.com/users/rafaelmartins/following{/other_user}",
        "gists_url": "https://api.github.com/users/rafaelmartins/gists{/gist_id}",
        "starred_url": "https://api.github.com/users/rafaelmartins/starred{/owner}{/repo}",
        "subscriptions_url": "https://api.github.com/users/rafaelmartins/subscriptions",
        "organizations_url": "https://api.github.com/users/rafaelmartins/orgs",
        "repos_url": "https://api.github.com/users/rafaelmartins/repos",
        "events_url": "https://api.github.com/users/rafaelmartins/events{/privacy}",
        "received_events_url": "https://api.github.com/users/rafaelmartins/received_events",
        "type": "User",
        "site_admin": false
    },
    "labels": [],
    "state": "closed",
    "locked": false,
    "assignee": null,
    "assignees": [],
    "milestone": null,
    "comments": 1,
    "created_at": "2012-03-19T05:15:18Z",
    "updated_at": "2014-06-13T05:50:09Z",
    "closed_at": "2012-03-21T01:55:47Z",
    "author_association": "NONE",
    "pull_request": {
        "url": "https://api.github.com/repos/pallets/flask/pulls/453",
        "html_url": "https://github.com/pallets/flask/pull/453",
        "diff_url": "https://github.com/pallets/flask/pull/453.diff",
        "patch_url": "https://github.com/pallets/flask/pull/453.patch"
    },
    "body": "as summary says.\n",
    "comments_inline": [
        {
            "url": "https://api.github.com/repos/pallets/flask/issues/comments/4609630",
            "html_url": "https://github.com/pallets/flask/pull/453#issuecomment-4609630",
            "issue_url": "https://api.github.com/repos/pallets/flask/issues/453",
            "id": 4609630,
            "node_id": "MDEyOklzc3VlQ29tbWVudDQ2MDk2MzA=",
            "user": {
                "login": "kennethreitz",
                "id": 119893,
                "node_id": "MDQ6VXNlcjExOTg5Mw==",
                "avatar_url": "https://avatars2.githubusercontent.com/u/119893?v=4",
                "gravatar_id": "",
                "url": "https://api.github.com/users/kennethreitz",
                "html_url": "https://github.com/kennethreitz",
                "followers_url": "https://api.github.com/users/kennethreitz/followers",
                "following_url": "https://api.github.com/users/kennethreitz/following{/other_user}",
                "gists_url": "https://api.github.com/users/kennethreitz/gists{/gist_id}",
                "starred_url": "https://api.github.com/users/kennethreitz/starred{/owner}{/repo}",
                "subscriptions_url": "https://api.github.com/users/kennethreitz/subscriptions",
                "organizations_url": "https://api.github.com/users/kennethreitz/orgs",
                "repos_url": "https://api.github.com/users/kennethreitz/repos",
                "events_url": "https://api.github.com/users/kennethreitz/events{/privacy}",
                "received_events_url": "https://api.github.com/users/kennethreitz/received_events",
                "type": "User",
                "site_admin": false
            },
            "created_at": "2012-03-21T01:55:15Z",
            "updated_at": "2012-03-21T01:55:15Z",
            "author_association": "CONTRIBUTOR",
            "body": "Thanks!\n"
        }
    ]
}