{
    "url": "https://api.github.com/repos/pallets/flask/issues/454",
    "repository_url": "https://api.github.com/repos/pallets/flask",
    "labels_url": "https://api.github.com/repos/pallets/flask/issues/454/labels{/name}",
    "comments_url": "https://api.github.com/repos/pallets/flask/issues/454/comments",
    "events_url": "https://api.github.com/repos/pallets/flask/issues/454/events",
    "html_url": "https://github.com/pallets/flask/issues/454",
    "id": 3711880,
    "node_id": "MDU6SXNzdWUzNzExODgw",
    "number": 454,
    "title": "not clear how to set charset for static json",
    "user": {
        "login": "siznax",
        "id": 44357,
        "node_id": "MDQ6VXNlcjQ0MzU3",
        "avatar_url": "https://avatars2.githubusercontent.com/u/44357?v=4",
        "gravatar_id": "",
        "url": "https://api.github.com/users/siznax",
        "html_url": "https://github.com/siznax",
        "followers_url": "https://api.github.com/users/siznax/followers",
        "following_url": "https://api.github.com/users/siznax/following{/other_user}",
        "gists_url": "https://api.github.com/users/siznax/gists{/gist_id}",
        "starred_url": "https://api.github.com/users/siznax/starred{/owner}{/repo}",
        "subscriptions_url": "https://api.github.com/users/siznax/subscriptions",
        "organizations_url": "https://api.github.com/users/siznax/orgs",
        "repos_url": "https://api.github.com/users/siznax/repos",
        "events_url": "https://api.github.com/users/siznax/events{/privacy}",
        "received_events_url": "https://api.github.com/users/siznax/received_events",
        "type": "User",
        "site_admin": false
    },
    "labels": [],
    "state": "closed",
    "locked": false,
    "assignee": null,
    "assignees": [],
    "milestone": null,
    "comments": 4,
    "created_at": "2012-03-19T15:38:38Z",
    "updated_at": "2014-10-02T23:19:13Z",
    "closed_at": "2012-03-19T16:59:54Z",
    "author_association": "NONE",
    "body": "i can't get a charset in json responses with my Flask app \nrunning wsgi under apache.\n\nfor static json files outside of my Flask app with httpd.conf:\n\n```\nAddDefaultCharset UTF-8\nAddType 'application/json; charset=UTF-8' .json\n```\n\ni get the proper response:\n\n```\nContent-Type:application/json; charset=utf-8\n```\n\nbut in my Flask app i still get only:\n\n```\nContent-Type:application/json\n```\n\nis there a way to fix this without moving my json files outside \nof my app, or creating a view just for them? that would be silly,\nwouldn't it?\n",
    "comments_inline": [
        {
            "url": "https://api.github.com/repos/pallets/flask/issues/comments/4578200",
            "html_url": "https://github.com/pallets/flask/issues/454#issuecomment-4578200",
            "issue_url": "https://api.github.com/repos/pallets/flask/issues/454",
            "id": 4578200,
            "node_id": "MDEyOklzc3VlQ29tbWVudDQ1NzgyMDA=",
            "user": {
                "login": "mitsuhiko",
                "id": 7396,
                "node_id": "MDQ6VXNlcjczOTY=",
                "avatar_url": "https://avatars1.githubusercontent.com/u/7396?v=4",
                "gravatar_id": "",
                "url": "https://api.github.com/users/mitsuhiko",
                "html_url": "https://github.com/mitsuhiko",
                "followers_url": "https://api.github.com/users/mitsuhiko/followers",
                "following_url": "https://api.github.com/users/mitsuhiko/following{/other_user}",
                "gists_url": "https://api.github.com/users/mitsuhiko/gists{/gist_id}",
                "starred_url": "https://api.github.com/users/mitsuhiko/starred{/owner}{/repo}",
                "subscriptions_url": "https://api.github.com/users/mitsuhiko/subscriptions",
                "organizations_url": "https://api.github.com/users/mitsuhiko/orgs",
                "repos_url": "https://api.github.com/users/mitsuhiko/repos",
                "events_url": "https://api.github.com/users/mitsuhiko/events{/privacy}",
                "received_events_url": "https://api.github.com/users/mitsuhiko/received_events",
                "type": "User",
                "site_admin": false
            },
            "created_at": "2012-03-19T16:59:54Z",
            "updated_at": "2012-03-19T16:59:54Z",
            "author_association": "MEMBER",
            "body": "Why is this all that popular all the sudden. application/json _DOES NOT_ accept a charset header. It's hardcoded to utf-8/utf-16/utf-32 which are all detectable from the first bytes.\n\nThis is like the third time someone asks for this to be changed. Why? Is there something that breaks otherwise? Then I would file the bug there.\n"
        },
        {
            "url": "https://api.github.com/repos/pallets/flask/issues/comments/4579952",
            "html_url": "https://github.com/pallets/flask/issues/454#issuecomment-4579952",
            "issue_url": "https://api.github.com/repos/pallets/flask/issues/454",
            "id": 4579952,
            "node_id": "MDEyOklzc3VlQ29tbWVudDQ1Nzk5NTI=",
            "user": {
                "login": "siznax",
                "id": 44357,
                "node_id": "MDQ6VXNlcjQ0MzU3",
                "avatar_url": "https://avatars2.githubusercontent.com/u/44357?v=4",
                "gravatar_id": "",
                "url": "https://api.github.com/users/siznax",
                "html_url": "https://github.com/siznax",
                "followers_url": "https://api.github.com/users/siznax/followers",
                "following_url": "https://api.github.com/users/siznax/following{/other_user}",
                "gists_url": "https://api.github.com/users/siznax/gists{/gist_id}",
                "starred_url": "https://api.github.com/users/siznax/starred{/owner}{/repo}",
                "subscriptions_url": "https://api.github.com/users/siznax/subscriptions",
                "organizations_url": "https://api.github.com/users/siznax/orgs",
                "repos_url": "https://api.github.com/users/siznax/repos",
                "events_url": "https://api.github.com/users/siznax/events{/privacy}",
                "received_events_url": "https://api.github.com/users/siznax/received_events",
                "type": "User",
                "site_admin": false
            },
            "created_at": "2012-03-19T18:15:27Z",
            "updated_at": "2012-03-19T18:15:27Z",
            "author_association": "NONE",
            "body": "hmm, i guess because in Flask, the client doesn't get a charset recommendation.\n\ni guess this was the wrong place to ask about it.\n\nthanks for your comment though. \n"
        },
        {
            "url": "https://api.github.com/repos/pallets/flask/issues/comments/4593196",
            "html_url": "https://github.com/pallets/flask/issues/454#issuecomment-4593196",
            "issue_url": "https://api.github.com/repos/pallets/flask/issues/454",
            "id": 4593196,
            "node_id": "MDEyOklzc3VlQ29tbWVudDQ1OTMxOTY=",
            "user": {
                "login": "mitsuhiko",
                "id": 7396,
                "node_id": "MDQ6VXNlcjczOTY=",
                "avatar_url": "https://avatars1.githubusercontent.com/u/7396?v=4",
                "gravatar_id": "",
                "url": "https://api.github.com/users/mitsuhiko",
                "html_url": "https://github.com/mitsuhiko",
                "followers_url": "https://api.github.com/users/mitsuhiko/followers",
                "following_url": "https://api.github.com/users/mitsuhiko/following{/other_user}",
                "gists_url": "https://api.github.com/users/mitsuhiko/gists{/gist_id}",
                "starred_url": "https://api.github.com/users/mitsuhiko/starred{/owner}{/repo}",
                "subscriptions_url": "https://api.github.com/users/mitsuhiko/subscriptions",
                "organizations_url": "https://api.github.com/users/mitsuhiko/orgs",
                "repos_url": "https://api.github.com/users/mitsuhiko/repos",
                "events_url": "https://api.github.com/users/mitsuhiko/events{/privacy}",
                "received_events_url": "https://api.github.com/users/mitsuhiko/received_events",
                "type": "User",
                "site_admin": false
            },
            "created_at": "2012-03-20T11:17:07Z",
            "updated_at": "2012-03-20T11:17:07Z",
            "author_association": "MEMBER",
            "body": "Just to put the reference here:\n\n```\n   The MIME media type for JSON text is application/json.\n\n   Type name: application\n\n   Subtype name: json\n\n   Required parameters: n/a\n\n   Optional parameters: n/a\n\n   Encoding considerations: 8bit if UTF-8; binary if UTF-16 or UTF-32\n\n      JSON may be represented using UTF-8, UTF-16, or UTF-32.  When JSON\n      is written in UTF-8, JSON is 8bit compatible.  When JSON is\n      written in UTF-16 or UTF-32, the binary content-transfer-encoding\n      must be used.\n```\n"
        },
        {
            "url": "https://api.github.com/repos/pallets/flask/issues/comments/4621412",
            "html_url": "https://github.com/pallets/flask/issues/454#issuecomment-4621412",
            "issue_url": "https://api.github.com/repos/pallets/flask/issues/454",
            "id": 4621412,
            "node_id": "MDEyOklzc3VlQ29tbWVudDQ2MjE0MTI=",
            "user": {
                "login": "siznax",
                "id": 44357,
                "node_id": "MDQ6VXNlcjQ0MzU3",
                "avatar_url": "https://avatars2.githubusercontent.com/u/44357?v=4",
                "gravatar_id": "",
                "url": "https://api.github.com/users/siznax",
                "html_url": "https://github.com/siznax",
                "followers_url": "https://api.github.com/users/siznax/followers",
                "following_url": "https://api.github.com/users/siznax/following{/other_user}",
                "gists_url": "https://api.github.com/users/siznax/gists{/gist_id}",
                "starred_url": "https://api.github.com/users/siznax/starred{/owner}{/repo}",
                "subscriptions_url": "https://api.github.com/users/siznax/subscriptions",
                "organizations_url": "https://api.github.com/users/siznax/orgs",
                "repos_url": "https://api.github.com/users/siznax/repos",
                "events_url": "https://api.github.com/users/siznax/events{/privacy}",
                "received_events_url": "https://api.github.com/users/siznax/received_events",
                "type": "User",
                "site_admin": false
            },
            "created_at": "2012-03-21T16:40:47Z",
            "updated_at": "2012-03-21T16:40:47Z",
            "author_association": "NONE",
            "body": "heh, thanks. you're absolutely right. i was just hoping there was a way to do it so I could continue being lazy. \n"
        }
    ]
}