{
    "url": "https://api.github.com/repos/pallets/flask/issues/455",
    "repository_url": "https://api.github.com/repos/pallets/flask",
    "labels_url": "https://api.github.com/repos/pallets/flask/issues/455/labels{/name}",
    "comments_url": "https://api.github.com/repos/pallets/flask/issues/455/comments",
    "events_url": "https://api.github.com/repos/pallets/flask/issues/455/events",
    "html_url": "https://github.com/pallets/flask/pull/455",
    "id": 3723064,
    "node_id": "MDExOlB1bGxSZXF1ZXN0MTAxMTc4Mw==",
    "number": 455,
    "title": "Remove an unused iteration variable.",
    "user": {
        "login": "jparise",
        "id": 10311,
        "node_id": "MDQ6VXNlcjEwMzEx",
        "avatar_url": "https://avatars1.githubusercontent.com/u/10311?v=4",
        "gravatar_id": "",
        "url": "https://api.github.com/users/jparise",
        "html_url": "https://github.com/jparise",
        "followers_url": "https://api.github.com/users/jparise/followers",
        "following_url": "https://api.github.com/users/jparise/following{/other_user}",
        "gists_url": "https://api.github.com/users/jparise/gists{/gist_id}",
        "starred_url": "https://api.github.com/users/jparise/starred{/owner}{/repo}",
        "subscriptions_url": "https://api.github.com/users/jparise/subscriptions",
        "organizations_url": "https://api.github.com/users/jparise/orgs",
        "repos_url": "https://api.github.com/users/jparise/repos",
        "events_url": "https://api.github.com/users/jparise/events{/privacy}",
        "received_events_url": "https://api.github.com/users/jparise/received_events",
        "type": "User",
        "site_admin": false
    },
    "labels": [],
    "state": "closed",
    "locked": false,
    "assignee": null,
    "assignees": [],
    "milestone": null,
    "comments": 1,
    "created_at": "2012-03-20T05:35:33Z",
    "updated_at": "2014-06-13T05:50:06Z",
    "closed_at": "2012-03-28T08:51:26Z",
    "author_association": "CONTRIBUTOR",
    "pull_request": {
        "url": "https://api.github.com/repos/pallets/flask/pulls/455",
        "html_url": "https://github.com/pallets/flask/pull/455",
        "diff_url": "https://github.com/pallets/flask/pull/455.diff",
        "patch_url": "https://github.com/pallets/flask/pull/455.patch"
    },
    "body": "We can just iterate over the namespace dictionary's keys here.  We\ndon't need its values.\n",
    "comments_inline": [
        {
            "url": "https://api.github.com/repos/pallets/flask/issues/comments/4751083",
            "html_url": "https://github.com/pallets/flask/pull/455#issuecomment-4751083",
            "issue_url": "https://api.github.com/repos/pallets/flask/issues/455",
            "id": 4751083,
            "node_id": "MDEyOklzc3VlQ29tbWVudDQ3NTEwODM=",
            "user": {
                "login": "mitsuhiko",
                "id": 7396,
                "node_id": "MDQ6VXNlcjczOTY=",
                "avatar_url": "https://avatars1.githubusercontent.com/u/7396?v=4",
                "gravatar_id": "",
                "url": "https://api.github.com/users/mitsuhiko",
                "html_url": "https://github.com/mitsuhiko",
                "followers_url": "https://api.github.com/users/mitsuhiko/followers",
                "following_url": "https://api.github.com/users/mitsuhiko/following{/other_user}",
                "gists_url": "https://api.github.com/users/mitsuhiko/gists{/gist_id}",
                "starred_url": "https://api.github.com/users/mitsuhiko/starred{/owner}{/repo}",
                "subscriptions_url": "https://api.github.com/users/mitsuhiko/subscriptions",
                "organizations_url": "https://api.github.com/users/mitsuhiko/orgs",
                "repos_url": "https://api.github.com/users/mitsuhiko/repos",
                "events_url": "https://api.github.com/users/mitsuhiko/events{/privacy}",
                "received_events_url": "https://api.github.com/users/mitsuhiko/received_events",
                "type": "User",
                "site_admin": false
            },
            "created_at": "2012-03-28T08:51:23Z",
            "updated_at": "2012-03-28T08:51:23Z",
            "author_association": "MEMBER",
            "body": "Agreed.\n"
        }
    ]
}