{
    "url": "https://api.github.com/repos/pallets/flask/issues/457",
    "repository_url": "https://api.github.com/repos/pallets/flask",
    "labels_url": "https://api.github.com/repos/pallets/flask/issues/457/labels{/name}",
    "comments_url": "https://api.github.com/repos/pallets/flask/issues/457/comments",
    "events_url": "https://api.github.com/repos/pallets/flask/issues/457/events",
    "html_url": "https://github.com/pallets/flask/pull/457",
    "id": 3735871,
    "node_id": "MDExOlB1bGxSZXF1ZXN0MTAxNzI5Mg==",
    "number": 457,
    "title": "Update docs/patterns/packages.rst",
    "user": {
        "login": "merjadok",
        "id": 58171,
        "node_id": "MDQ6VXNlcjU4MTcx",
        "avatar_url": "https://avatars0.githubusercontent.com/u/58171?v=4",
        "gravatar_id": "",
        "url": "https://api.github.com/users/merjadok",
        "html_url": "https://github.com/merjadok",
        "followers_url": "https://api.github.com/users/merjadok/followers",
        "following_url": "https://api.github.com/users/merjadok/following{/other_user}",
        "gists_url": "https://api.github.com/users/merjadok/gists{/gist_id}",
        "starred_url": "https://api.github.com/users/merjadok/starred{/owner}{/repo}",
        "subscriptions_url": "https://api.github.com/users/merjadok/subscriptions",
        "organizations_url": "https://api.github.com/users/merjadok/orgs",
        "repos_url": "https://api.github.com/users/merjadok/repos",
        "events_url": "https://api.github.com/users/merjadok/events{/privacy}",
        "received_events_url": "https://api.github.com/users/merjadok/received_events",
        "type": "User",
        "site_admin": false
    },
    "labels": [],
    "state": "closed",
    "locked": false,
    "assignee": null,
    "assignees": [],
    "milestone": null,
    "comments": 1,
    "created_at": "2012-03-20T21:13:07Z",
    "updated_at": "2014-06-13T05:50:03Z",
    "closed_at": "2012-03-21T01:50:39Z",
    "author_association": "CONTRIBUTOR",
    "pull_request": {
        "url": "https://api.github.com/repos/pallets/flask/pulls/457",
        "html_url": "https://github.com/pallets/flask/pull/457",
        "diff_url": "https://github.com/pallets/flask/pull/457.diff",
        "patch_url": "https://github.com/pallets/flask/pull/457.patch"
    },
    "body": "Fixed small typo (I assume) in documentation about Large applications.\nMaybe some explanation of why it is needed to import all view functions in **init**.py should be added (note: I would propose something myself but as a total Flask noob I am not even sure that I understand the problem correctly).\n",
    "comments_inline": [
        {
            "url": "https://api.github.com/repos/pallets/flask/issues/comments/4609573",
            "html_url": "https://github.com/pallets/flask/pull/457#issuecomment-4609573",
            "issue_url": "https://api.github.com/repos/pallets/flask/issues/457",
            "id": 4609573,
            "node_id": "MDEyOklzc3VlQ29tbWVudDQ2MDk1NzM=",
            "user": {
                "login": "kennethreitz",
                "id": 119893,
                "node_id": "MDQ6VXNlcjExOTg5Mw==",
                "avatar_url": "https://avatars2.githubusercontent.com/u/119893?v=4",
                "gravatar_id": "",
                "url": "https://api.github.com/users/kennethreitz",
                "html_url": "https://github.com/kennethreitz",
                "followers_url": "https://api.github.com/users/kennethreitz/followers",
                "following_url": "https://api.github.com/users/kennethreitz/following{/other_user}",
                "gists_url": "https://api.github.com/users/kennethreitz/gists{/gist_id}",
                "starred_url": "https://api.github.com/users/kennethreitz/starred{/owner}{/repo}",
                "subscriptions_url": "https://api.github.com/users/kennethreitz/subscriptions",
                "organizations_url": "https://api.github.com/users/kennethreitz/orgs",
                "repos_url": "https://api.github.com/users/kennethreitz/repos",
                "events_url": "https://api.github.com/users/kennethreitz/events{/privacy}",
                "received_events_url": "https://api.github.com/users/kennethreitz/received_events",
                "type": "User",
                "site_admin": false
            },
            "created_at": "2012-03-21T01:50:31Z",
            "updated_at": "2012-03-21T01:50:31Z",
            "author_association": "CONTRIBUTOR",
            "body": "Thanks for the patch!\n"
        }
    ]
}