{
    "url": "https://api.github.com/repos/pallets/flask/issues/458",
    "repository_url": "https://api.github.com/repos/pallets/flask",
    "labels_url": "https://api.github.com/repos/pallets/flask/issues/458/labels{/name}",
    "comments_url": "https://api.github.com/repos/pallets/flask/issues/458/comments",
    "events_url": "https://api.github.com/repos/pallets/flask/issues/458/events",
    "html_url": "https://github.com/pallets/flask/pull/458",
    "id": 3794512,
    "node_id": "MDExOlB1bGxSZXF1ZXN0MTA0MjIzMA==",
    "number": 458,
    "title": "Fixed weird string quoting in setup.py",
    "user": {
        "login": "kisielk",
        "id": 58618,
        "node_id": "MDQ6VXNlcjU4NjE4",
        "avatar_url": "https://avatars2.githubusercontent.com/u/58618?v=4",
        "gravatar_id": "",
        "url": "https://api.github.com/users/kisielk",
        "html_url": "https://github.com/kisielk",
        "followers_url": "https://api.github.com/users/kisielk/followers",
        "following_url": "https://api.github.com/users/kisielk/following{/other_user}",
        "gists_url": "https://api.github.com/users/kisielk/gists{/gist_id}",
        "starred_url": "https://api.github.com/users/kisielk/starred{/owner}{/repo}",
        "subscriptions_url": "https://api.github.com/users/kisielk/subscriptions",
        "organizations_url": "https://api.github.com/users/kisielk/orgs",
        "repos_url": "https://api.github.com/users/kisielk/repos",
        "events_url": "https://api.github.com/users/kisielk/events{/privacy}",
        "received_events_url": "https://api.github.com/users/kisielk/received_events",
        "type": "User",
        "site_admin": false
    },
    "labels": [],
    "state": "closed",
    "locked": false,
    "assignee": null,
    "assignees": [],
    "milestone": null,
    "comments": 0,
    "created_at": "2012-03-24T21:10:04Z",
    "updated_at": "2014-06-13T05:50:01Z",
    "closed_at": "2012-03-28T12:57:00Z",
    "author_association": "CONTRIBUTOR",
    "pull_request": {
        "url": "https://api.github.com/repos/pallets/flask/pulls/458",
        "html_url": "https://github.com/pallets/flask/pull/458",
        "diff_url": "https://github.com/pallets/flask/pull/458.diff",
        "patch_url": "https://github.com/pallets/flask/pull/458.patch"
    },
    "body": ""
}