{
    "url": "https://api.github.com/repos/pallets/flask/issues/46",
    "repository_url": "https://api.github.com/repos/pallets/flask",
    "labels_url": "https://api.github.com/repos/pallets/flask/issues/46/labels{/name}",
    "comments_url": "https://api.github.com/repos/pallets/flask/issues/46/comments",
    "events_url": "https://api.github.com/repos/pallets/flask/issues/46/events",
    "html_url": "https://github.com/pallets/flask/issues/46",
    "id": 205143,
    "node_id": "MDU6SXNzdWUyMDUxNDM=",
    "number": 46,
    "title": "Provide a way to access a resource filename",
    "user": {
        "login": "dingens",
        "id": 147521,
        "node_id": "MDQ6VXNlcjE0NzUyMQ==",
        "avatar_url": "https://avatars0.githubusercontent.com/u/147521?v=4",
        "gravatar_id": "",
        "url": "https://api.github.com/users/dingens",
        "html_url": "https://github.com/dingens",
        "followers_url": "https://api.github.com/users/dingens/followers",
        "following_url": "https://api.github.com/users/dingens/following{/other_user}",
        "gists_url": "https://api.github.com/users/dingens/gists{/gist_id}",
        "starred_url": "https://api.github.com/users/dingens/starred{/owner}{/repo}",
        "subscriptions_url": "https://api.github.com/users/dingens/subscriptions",
        "organizations_url": "https://api.github.com/users/dingens/orgs",
        "repos_url": "https://api.github.com/users/dingens/repos",
        "events_url": "https://api.github.com/users/dingens/events{/privacy}",
        "received_events_url": "https://api.github.com/users/dingens/received_events",
        "type": "User",
        "site_admin": false
    },
    "labels": [],
    "state": "closed",
    "locked": false,
    "assignee": null,
    "assignees": [],
    "milestone": null,
    "comments": 2,
    "created_at": "2010-05-24T23:13:36Z",
    "updated_at": "2010-06-05T23:00:34Z",
    "closed_at": "2010-05-25T13:16:06Z",
    "author_association": "CONTRIBUTOR",
    "body": "There is open_resource, but sometimes one does not need an open file but the filename.\n\nI've thought of something like this: http://paste.pocoo.org/show/217837/\n",
    "comments_inline": [
        {
            "url": "https://api.github.com/repos/pallets/flask/issues/comments/252541",
            "html_url": "https://github.com/pallets/flask/issues/46#issuecomment-252541",
            "issue_url": "https://api.github.com/repos/pallets/flask/issues/46",
            "id": 252541,
            "node_id": "MDEyOklzc3VlQ29tbWVudDI1MjU0MQ==",
            "user": {
                "login": "mitsuhiko",
                "id": 7396,
                "node_id": "MDQ6VXNlcjczOTY=",
                "avatar_url": "https://avatars1.githubusercontent.com/u/7396?v=4",
                "gravatar_id": "",
                "url": "https://api.github.com/users/mitsuhiko",
                "html_url": "https://github.com/mitsuhiko",
                "followers_url": "https://api.github.com/users/mitsuhiko/followers",
                "following_url": "https://api.github.com/users/mitsuhiko/following{/other_user}",
                "gists_url": "https://api.github.com/users/mitsuhiko/gists{/gist_id}",
                "starred_url": "https://api.github.com/users/mitsuhiko/starred{/owner}{/repo}",
                "subscriptions_url": "https://api.github.com/users/mitsuhiko/subscriptions",
                "organizations_url": "https://api.github.com/users/mitsuhiko/orgs",
                "repos_url": "https://api.github.com/users/mitsuhiko/repos",
                "events_url": "https://api.github.com/users/mitsuhiko/events{/privacy}",
                "received_events_url": "https://api.github.com/users/mitsuhiko/received_events",
                "type": "User",
                "site_admin": false
            },
            "created_at": "2010-05-25T06:16:04Z",
            "updated_at": "2010-05-25T06:16:04Z",
            "author_association": "MEMBER",
            "body": "The resource folder is not supposed to be used for application data like databases. Furthermore resource_filename does not work for Zip file which means that you can fall back to root_folder in all situations anyways except for those where resource_filename of pkg_resources is doing scary things anyways.\n\n--> wontfix\n"
        },
        {
            "url": "https://api.github.com/repos/pallets/flask/issues/comments/265185",
            "html_url": "https://github.com/pallets/flask/issues/46#issuecomment-265185",
            "issue_url": "https://api.github.com/repos/pallets/flask/issues/46",
            "id": 265185,
            "node_id": "MDEyOklzc3VlQ29tbWVudDI2NTE4NQ==",
            "user": {
                "login": "dingens",
                "id": 147521,
                "node_id": "MDQ6VXNlcjE0NzUyMQ==",
                "avatar_url": "https://avatars0.githubusercontent.com/u/147521?v=4",
                "gravatar_id": "",
                "url": "https://api.github.com/users/dingens",
                "html_url": "https://github.com/dingens",
                "followers_url": "https://api.github.com/users/dingens/followers",
                "following_url": "https://api.github.com/users/dingens/following{/other_user}",
                "gists_url": "https://api.github.com/users/dingens/gists{/gist_id}",
                "starred_url": "https://api.github.com/users/dingens/starred{/owner}{/repo}",
                "subscriptions_url": "https://api.github.com/users/dingens/subscriptions",
                "organizations_url": "https://api.github.com/users/dingens/orgs",
                "repos_url": "https://api.github.com/users/dingens/repos",
                "events_url": "https://api.github.com/users/dingens/events{/privacy}",
                "received_events_url": "https://api.github.com/users/dingens/received_events",
                "type": "User",
                "site_admin": false
            },
            "created_at": "2010-06-05T23:00:34Z",
            "updated_at": "2010-06-05T23:00:34Z",
            "author_association": "CONTRIBUTOR",
            "body": "I just thought about this to be used for development, not in production. But the zip concern is a valid one (and as there is configuration support now that it's easy to specify a dev db.\n"
        }
    ]
}