{
    "url": "https://api.github.com/repos/pallets/flask/issues/461",
    "repository_url": "https://api.github.com/repos/pallets/flask",
    "labels_url": "https://api.github.com/repos/pallets/flask/issues/461/labels{/name}",
    "comments_url": "https://api.github.com/repos/pallets/flask/issues/461/comments",
    "events_url": "https://api.github.com/repos/pallets/flask/issues/461/events",
    "html_url": "https://github.com/pallets/flask/issues/461",
    "id": 3812417,
    "node_id": "MDU6SXNzdWUzODEyNDE3",
    "number": 461,
    "title": "Add flask.raw_context().",
    "user": {
        "login": "rduplain",
        "id": 36428,
        "node_id": "MDQ6VXNlcjM2NDI4",
        "avatar_url": "https://avatars1.githubusercontent.com/u/36428?v=4",
        "gravatar_id": "",
        "url": "https://api.github.com/users/rduplain",
        "html_url": "https://github.com/rduplain",
        "followers_url": "https://api.github.com/users/rduplain/followers",
        "following_url": "https://api.github.com/users/rduplain/following{/other_user}",
        "gists_url": "https://api.github.com/users/rduplain/gists{/gist_id}",
        "starred_url": "https://api.github.com/users/rduplain/starred{/owner}{/repo}",
        "subscriptions_url": "https://api.github.com/users/rduplain/subscriptions",
        "organizations_url": "https://api.github.com/users/rduplain/orgs",
        "repos_url": "https://api.github.com/users/rduplain/repos",
        "events_url": "https://api.github.com/users/rduplain/events{/privacy}",
        "received_events_url": "https://api.github.com/users/rduplain/received_events",
        "type": "User",
        "site_admin": false
    },
    "labels": [],
    "state": "closed",
    "locked": false,
    "assignee": null,
    "assignees": [],
    "milestone": null,
    "comments": 2,
    "created_at": "2012-03-26T17:11:42Z",
    "updated_at": "2012-04-09T14:57:47Z",
    "closed_at": "2012-04-09T14:57:47Z",
    "author_association": "CONTRIBUTOR",
    "body": "flask.raw_context() would do the same thing as test_request_context but without actually creating a request.\n\n(Would it then be called flask.test_context()? That might get confusing.)\n",
    "comments_inline": [
        {
            "url": "https://api.github.com/repos/pallets/flask/issues/comments/4698793",
            "html_url": "https://github.com/pallets/flask/issues/461#issuecomment-4698793",
            "issue_url": "https://api.github.com/repos/pallets/flask/issues/461",
            "id": 4698793,
            "node_id": "MDEyOklzc3VlQ29tbWVudDQ2OTg3OTM=",
            "user": {
                "login": "kennethreitz",
                "id": 119893,
                "node_id": "MDQ6VXNlcjExOTg5Mw==",
                "avatar_url": "https://avatars2.githubusercontent.com/u/119893?v=4",
                "gravatar_id": "",
                "url": "https://api.github.com/users/kennethreitz",
                "html_url": "https://github.com/kennethreitz",
                "followers_url": "https://api.github.com/users/kennethreitz/followers",
                "following_url": "https://api.github.com/users/kennethreitz/following{/other_user}",
                "gists_url": "https://api.github.com/users/kennethreitz/gists{/gist_id}",
                "starred_url": "https://api.github.com/users/kennethreitz/starred{/owner}{/repo}",
                "subscriptions_url": "https://api.github.com/users/kennethreitz/subscriptions",
                "organizations_url": "https://api.github.com/users/kennethreitz/orgs",
                "repos_url": "https://api.github.com/users/kennethreitz/repos",
                "events_url": "https://api.github.com/users/kennethreitz/events{/privacy}",
                "received_events_url": "https://api.github.com/users/kennethreitz/received_events",
                "type": "User",
                "site_admin": false
            },
            "created_at": "2012-03-26T17:12:03Z",
            "updated_at": "2012-03-26T17:12:03Z",
            "author_association": "CONTRIBUTOR",
            "body": ":cake:\n"
        },
        {
            "url": "https://api.github.com/repos/pallets/flask/issues/comments/5026517",
            "html_url": "https://github.com/pallets/flask/issues/461#issuecomment-5026517",
            "issue_url": "https://api.github.com/repos/pallets/flask/issues/461",
            "id": 5026517,
            "node_id": "MDEyOklzc3VlQ29tbWVudDUwMjY1MTc=",
            "user": {
                "login": "mitsuhiko",
                "id": 7396,
                "node_id": "MDQ6VXNlcjczOTY=",
                "avatar_url": "https://avatars1.githubusercontent.com/u/7396?v=4",
                "gravatar_id": "",
                "url": "https://api.github.com/users/mitsuhiko",
                "html_url": "https://github.com/mitsuhiko",
                "followers_url": "https://api.github.com/users/mitsuhiko/followers",
                "following_url": "https://api.github.com/users/mitsuhiko/following{/other_user}",
                "gists_url": "https://api.github.com/users/mitsuhiko/gists{/gist_id}",
                "starred_url": "https://api.github.com/users/mitsuhiko/starred{/owner}{/repo}",
                "subscriptions_url": "https://api.github.com/users/mitsuhiko/subscriptions",
                "organizations_url": "https://api.github.com/users/mitsuhiko/orgs",
                "repos_url": "https://api.github.com/users/mitsuhiko/repos",
                "events_url": "https://api.github.com/users/mitsuhiko/events{/privacy}",
                "received_events_url": "https://api.github.com/users/mitsuhiko/received_events",
                "type": "User",
                "site_admin": false
            },
            "created_at": "2012-04-09T14:57:47Z",
            "updated_at": "2012-04-09T14:57:47Z",
            "author_association": "MEMBER",
            "body": "This is implemented as `app_context`.\n"
        }
    ]
}