{
    "url": "https://api.github.com/repos/pallets/flask/issues/462",
    "repository_url": "https://api.github.com/repos/pallets/flask",
    "labels_url": "https://api.github.com/repos/pallets/flask/issues/462/labels{/name}",
    "comments_url": "https://api.github.com/repos/pallets/flask/issues/462/comments",
    "events_url": "https://api.github.com/repos/pallets/flask/issues/462/events",
    "html_url": "https://github.com/pallets/flask/pull/462",
    "id": 3828194,
    "node_id": "MDExOlB1bGxSZXF1ZXN0MTA1NDkzMw==",
    "number": 462,
    "title": "Install docs: pip vs. easy_install consistency",
    "user": {
        "login": "SimonSapin",
        "id": 291359,
        "node_id": "MDQ6VXNlcjI5MTM1OQ==",
        "avatar_url": "https://avatars0.githubusercontent.com/u/291359?v=4",
        "gravatar_id": "",
        "url": "https://api.github.com/users/SimonSapin",
        "html_url": "https://github.com/SimonSapin",
        "followers_url": "https://api.github.com/users/SimonSapin/followers",
        "following_url": "https://api.github.com/users/SimonSapin/following{/other_user}",
        "gists_url": "https://api.github.com/users/SimonSapin/gists{/gist_id}",
        "starred_url": "https://api.github.com/users/SimonSapin/starred{/owner}{/repo}",
        "subscriptions_url": "https://api.github.com/users/SimonSapin/subscriptions",
        "organizations_url": "https://api.github.com/users/SimonSapin/orgs",
        "repos_url": "https://api.github.com/users/SimonSapin/repos",
        "events_url": "https://api.github.com/users/SimonSapin/events{/privacy}",
        "received_events_url": "https://api.github.com/users/SimonSapin/received_events",
        "type": "User",
        "site_admin": false
    },
    "labels": [],
    "state": "closed",
    "locked": false,
    "assignee": null,
    "assignees": [],
    "milestone": null,
    "comments": 1,
    "created_at": "2012-03-27T14:09:32Z",
    "updated_at": "2014-06-13T05:49:57Z",
    "closed_at": "2012-03-27T14:12:01Z",
    "author_association": "CONTRIBUTOR",
    "pull_request": {
        "url": "https://api.github.com/repos/pallets/flask/pulls/462",
        "html_url": "https://github.com/pallets/flask/pull/462",
        "diff_url": "https://github.com/pallets/flask/pull/462.diff",
        "patch_url": "https://github.com/pallets/flask/pull/462.patch"
    },
    "body": "Make the prose consistent with the code example.\n",
    "comments_inline": [
        {
            "url": "https://api.github.com/repos/pallets/flask/issues/comments/4717148",
            "html_url": "https://github.com/pallets/flask/pull/462#issuecomment-4717148",
            "issue_url": "https://api.github.com/repos/pallets/flask/issues/462",
            "id": 4717148,
            "node_id": "MDEyOklzc3VlQ29tbWVudDQ3MTcxNDg=",
            "user": {
                "login": "kennethreitz",
                "id": 119893,
                "node_id": "MDQ6VXNlcjExOTg5Mw==",
                "avatar_url": "https://avatars2.githubusercontent.com/u/119893?v=4",
                "gravatar_id": "",
                "url": "https://api.github.com/users/kennethreitz",
                "html_url": "https://github.com/kennethreitz",
                "followers_url": "https://api.github.com/users/kennethreitz/followers",
                "following_url": "https://api.github.com/users/kennethreitz/following{/other_user}",
                "gists_url": "https://api.github.com/users/kennethreitz/gists{/gist_id}",
                "starred_url": "https://api.github.com/users/kennethreitz/starred{/owner}{/repo}",
                "subscriptions_url": "https://api.github.com/users/kennethreitz/subscriptions",
                "organizations_url": "https://api.github.com/users/kennethreitz/orgs",
                "repos_url": "https://api.github.com/users/kennethreitz/repos",
                "events_url": "https://api.github.com/users/kennethreitz/events{/privacy}",
                "received_events_url": "https://api.github.com/users/kennethreitz/received_events",
                "type": "User",
                "site_admin": false
            },
            "created_at": "2012-03-27T14:11:59Z",
            "updated_at": "2012-03-27T14:11:59Z",
            "author_association": "CONTRIBUTOR",
            "body": "thanks!\n"
        }
    ]
}