{
    "url": "https://api.github.com/repos/pallets/flask/issues/463",
    "repository_url": "https://api.github.com/repos/pallets/flask",
    "labels_url": "https://api.github.com/repos/pallets/flask/issues/463/labels{/name}",
    "comments_url": "https://api.github.com/repos/pallets/flask/issues/463/comments",
    "events_url": "https://api.github.com/repos/pallets/flask/issues/463/events",
    "html_url": "https://github.com/pallets/flask/pull/463",
    "id": 3831794,
    "node_id": "MDExOlB1bGxSZXF1ZXN0MTA1NjQ1Mg==",
    "number": 463,
    "title": "use sys.getfilesystemencoding() to join paths if needed",
    "user": {
        "login": "dgerber",
        "id": 393344,
        "node_id": "MDQ6VXNlcjM5MzM0NA==",
        "avatar_url": "https://avatars3.githubusercontent.com/u/393344?v=4",
        "gravatar_id": "",
        "url": "https://api.github.com/users/dgerber",
        "html_url": "https://github.com/dgerber",
        "followers_url": "https://api.github.com/users/dgerber/followers",
        "following_url": "https://api.github.com/users/dgerber/following{/other_user}",
        "gists_url": "https://api.github.com/users/dgerber/gists{/gist_id}",
        "starred_url": "https://api.github.com/users/dgerber/starred{/owner}{/repo}",
        "subscriptions_url": "https://api.github.com/users/dgerber/subscriptions",
        "organizations_url": "https://api.github.com/users/dgerber/orgs",
        "repos_url": "https://api.github.com/users/dgerber/repos",
        "events_url": "https://api.github.com/users/dgerber/events{/privacy}",
        "received_events_url": "https://api.github.com/users/dgerber/received_events",
        "type": "User",
        "site_admin": false
    },
    "labels": [],
    "state": "closed",
    "locked": false,
    "assignee": null,
    "assignees": [],
    "milestone": {
        "url": "https://api.github.com/repos/pallets/flask/milestones/1",
        "html_url": "https://github.com/pallets/flask/milestone/1",
        "labels_url": "https://api.github.com/repos/pallets/flask/milestones/1/labels",
        "id": 105809,
        "node_id": "MDk6TWlsZXN0b25lMTA1ODA5",
        "number": 1,
        "title": "0.11",
        "description": "This milestone tracks the next major release. This might be 1.0, but I'd like to have a clear distinction from things that break backwards compat.",
        "creator": {
            "login": "mitsuhiko",
            "id": 7396,
            "node_id": "MDQ6VXNlcjczOTY=",
            "avatar_url": "https://avatars1.githubusercontent.com/u/7396?v=4",
            "gravatar_id": "",
            "url": "https://api.github.com/users/mitsuhiko",
            "html_url": "https://github.com/mitsuhiko",
            "followers_url": "https://api.github.com/users/mitsuhiko/followers",
            "following_url": "https://api.github.com/users/mitsuhiko/following{/other_user}",
            "gists_url": "https://api.github.com/users/mitsuhiko/gists{/gist_id}",
            "starred_url": "https://api.github.com/users/mitsuhiko/starred{/owner}{/repo}",
            "subscriptions_url": "https://api.github.com/users/mitsuhiko/subscriptions",
            "organizations_url": "https://api.github.com/users/mitsuhiko/orgs",
            "repos_url": "https://api.github.com/users/mitsuhiko/repos",
            "events_url": "https://api.github.com/users/mitsuhiko/events{/privacy}",
            "received_events_url": "https://api.github.com/users/mitsuhiko/received_events",
            "type": "User",
            "site_admin": false
        },
        "open_issues": 0,
        "closed_issues": 11,
        "state": "closed",
        "created_at": "2012-04-09T17:04:23Z",
        "updated_at": "2016-06-01T21:17:37Z",
        "due_on": null,
        "closed_at": "2016-06-01T21:17:37Z"
    },
    "comments": 3,
    "created_at": "2012-03-27T17:18:41Z",
    "updated_at": "2014-06-13T05:49:56Z",
    "closed_at": "2013-01-25T04:15:51Z",
    "author_association": "CONTRIBUTOR",
    "pull_request": {
        "url": "https://api.github.com/repos/pallets/flask/pulls/463",
        "html_url": "https://github.com/pallets/flask/pull/463",
        "diff_url": "https://github.com/pallets/flask/pull/463.diff",
        "patch_url": "https://github.com/pallets/flask/pull/463.patch"
    },
    "body": "This allows to serve an application from a path containing non-ascii characters (see https://github.com/mitsuhiko/flask/issues/149 ).\n",
    "comments_inline": [
        {
            "url": "https://api.github.com/repos/pallets/flask/issues/comments/4750945",
            "html_url": "https://github.com/pallets/flask/pull/463#issuecomment-4750945",
            "issue_url": "https://api.github.com/repos/pallets/flask/issues/463",
            "id": 4750945,
            "node_id": "MDEyOklzc3VlQ29tbWVudDQ3NTA5NDU=",
            "user": {
                "login": "mitsuhiko",
                "id": 7396,
                "node_id": "MDQ6VXNlcjczOTY=",
                "avatar_url": "https://avatars1.githubusercontent.com/u/7396?v=4",
                "gravatar_id": "",
                "url": "https://api.github.com/users/mitsuhiko",
                "html_url": "https://github.com/mitsuhiko",
                "followers_url": "https://api.github.com/users/mitsuhiko/followers",
                "following_url": "https://api.github.com/users/mitsuhiko/following{/other_user}",
                "gists_url": "https://api.github.com/users/mitsuhiko/gists{/gist_id}",
                "starred_url": "https://api.github.com/users/mitsuhiko/starred{/owner}{/repo}",
                "subscriptions_url": "https://api.github.com/users/mitsuhiko/subscriptions",
                "organizations_url": "https://api.github.com/users/mitsuhiko/orgs",
                "repos_url": "https://api.github.com/users/mitsuhiko/repos",
                "events_url": "https://api.github.com/users/mitsuhiko/events{/privacy}",
                "received_events_url": "https://api.github.com/users/mitsuhiko/received_events",
                "type": "User",
                "site_admin": false
            },
            "created_at": "2012-03-28T08:41:16Z",
            "updated_at": "2012-03-28T08:41:16Z",
            "author_association": "MEMBER",
            "body": "Generally: yes. However there are some more things that need to be considered. I guess I will add some helpers for that to Werkzeug and integrate it into Flask then.\n"
        },
        {
            "url": "https://api.github.com/repos/pallets/flask/issues/comments/12687390",
            "html_url": "https://github.com/pallets/flask/pull/463#issuecomment-12687390",
            "issue_url": "https://api.github.com/repos/pallets/flask/issues/463",
            "id": 12687390,
            "node_id": "MDEyOklzc3VlQ29tbWVudDEyNjg3Mzkw",
            "user": {
                "login": "kennethreitz",
                "id": 119893,
                "node_id": "MDQ6VXNlcjExOTg5Mw==",
                "avatar_url": "https://avatars2.githubusercontent.com/u/119893?v=4",
                "gravatar_id": "",
                "url": "https://api.github.com/users/kennethreitz",
                "html_url": "https://github.com/kennethreitz",
                "followers_url": "https://api.github.com/users/kennethreitz/followers",
                "following_url": "https://api.github.com/users/kennethreitz/following{/other_user}",
                "gists_url": "https://api.github.com/users/kennethreitz/gists{/gist_id}",
                "starred_url": "https://api.github.com/users/kennethreitz/starred{/owner}{/repo}",
                "subscriptions_url": "https://api.github.com/users/kennethreitz/subscriptions",
                "organizations_url": "https://api.github.com/users/kennethreitz/orgs",
                "repos_url": "https://api.github.com/users/kennethreitz/repos",
                "events_url": "https://api.github.com/users/kennethreitz/events{/privacy}",
                "received_events_url": "https://api.github.com/users/kennethreitz/received_events",
                "type": "User",
                "site_admin": false
            },
            "created_at": "2013-01-25T04:15:51Z",
            "updated_at": "2013-01-25T04:15:51Z",
            "author_association": "CONTRIBUTOR",
            "body": "Closing for now.\n"
        },
        {
            "url": "https://api.github.com/repos/pallets/flask/issues/comments/13305788",
            "html_url": "https://github.com/pallets/flask/pull/463#issuecomment-13305788",
            "issue_url": "https://api.github.com/repos/pallets/flask/issues/463",
            "id": 13305788,
            "node_id": "MDEyOklzc3VlQ29tbWVudDEzMzA1Nzg4",
            "user": {
                "login": "untitaker",
                "id": 837573,
                "node_id": "MDQ6VXNlcjgzNzU3Mw==",
                "avatar_url": "https://avatars0.githubusercontent.com/u/837573?v=4",
                "gravatar_id": "",
                "url": "https://api.github.com/users/untitaker",
                "html_url": "https://github.com/untitaker",
                "followers_url": "https://api.github.com/users/untitaker/followers",
                "following_url": "https://api.github.com/users/untitaker/following{/other_user}",
                "gists_url": "https://api.github.com/users/untitaker/gists{/gist_id}",
                "starred_url": "https://api.github.com/users/untitaker/starred{/owner}{/repo}",
                "subscriptions_url": "https://api.github.com/users/untitaker/subscriptions",
                "organizations_url": "https://api.github.com/users/untitaker/orgs",
                "repos_url": "https://api.github.com/users/untitaker/repos",
                "events_url": "https://api.github.com/users/untitaker/events{/privacy}",
                "received_events_url": "https://api.github.com/users/untitaker/received_events",
                "type": "User",
                "site_admin": false
            },
            "created_at": "2013-02-08T19:03:44Z",
            "updated_at": "2013-02-08T19:03:44Z",
            "author_association": "MEMBER",
            "body": "@mitsuhiko Can you elaborate on the \"things that need to be considered\"?\n"
        }
    ]
}