{
    "url": "https://api.github.com/repos/pallets/flask/issues/464",
    "repository_url": "https://api.github.com/repos/pallets/flask",
    "labels_url": "https://api.github.com/repos/pallets/flask/issues/464/labels{/name}",
    "comments_url": "https://api.github.com/repos/pallets/flask/issues/464/comments",
    "events_url": "https://api.github.com/repos/pallets/flask/issues/464/events",
    "html_url": "https://github.com/pallets/flask/pull/464",
    "id": 3845997,
    "node_id": "MDExOlB1bGxSZXF1ZXN0MTA2MDYwNQ==",
    "number": 464,
    "title": "Remove triple-quotes from print statement in setup.py",
    "user": {
        "login": "passy",
        "id": 9906,
        "node_id": "MDQ6VXNlcjk5MDY=",
        "avatar_url": "https://avatars1.githubusercontent.com/u/9906?v=4",
        "gravatar_id": "",
        "url": "https://api.github.com/users/passy",
        "html_url": "https://github.com/passy",
        "followers_url": "https://api.github.com/users/passy/followers",
        "following_url": "https://api.github.com/users/passy/following{/other_user}",
        "gists_url": "https://api.github.com/users/passy/gists{/gist_id}",
        "starred_url": "https://api.github.com/users/passy/starred{/owner}{/repo}",
        "subscriptions_url": "https://api.github.com/users/passy/subscriptions",
        "organizations_url": "https://api.github.com/users/passy/orgs",
        "repos_url": "https://api.github.com/users/passy/repos",
        "events_url": "https://api.github.com/users/passy/events{/privacy}",
        "received_events_url": "https://api.github.com/users/passy/received_events",
        "type": "User",
        "site_admin": false
    },
    "labels": [],
    "state": "closed",
    "locked": false,
    "assignee": null,
    "assignees": [],
    "milestone": null,
    "comments": 1,
    "created_at": "2012-03-28T07:36:26Z",
    "updated_at": "2014-06-13T05:49:52Z",
    "closed_at": "2012-03-28T08:50:37Z",
    "author_association": "CONTRIBUTOR",
    "pull_request": {
        "url": "https://api.github.com/repos/pallets/flask/pulls/464",
        "html_url": "https://github.com/pallets/flask/pull/464",
        "diff_url": "https://github.com/pallets/flask/pull/464.diff",
        "patch_url": "https://github.com/pallets/flask/pull/464.patch"
    },
    "body": "If there's a reason for them being there, please enlighten me. :)\n",
    "comments_inline": [
        {
            "url": "https://api.github.com/repos/pallets/flask/issues/comments/4751068",
            "html_url": "https://github.com/pallets/flask/pull/464#issuecomment-4751068",
            "issue_url": "https://api.github.com/repos/pallets/flask/issues/464",
            "id": 4751068,
            "node_id": "MDEyOklzc3VlQ29tbWVudDQ3NTEwNjg=",
            "user": {
                "login": "mitsuhiko",
                "id": 7396,
                "node_id": "MDQ6VXNlcjczOTY=",
                "avatar_url": "https://avatars1.githubusercontent.com/u/7396?v=4",
                "gravatar_id": "",
                "url": "https://api.github.com/users/mitsuhiko",
                "html_url": "https://github.com/mitsuhiko",
                "followers_url": "https://api.github.com/users/mitsuhiko/followers",
                "following_url": "https://api.github.com/users/mitsuhiko/following{/other_user}",
                "gists_url": "https://api.github.com/users/mitsuhiko/gists{/gist_id}",
                "starred_url": "https://api.github.com/users/mitsuhiko/starred{/owner}{/repo}",
                "subscriptions_url": "https://api.github.com/users/mitsuhiko/subscriptions",
                "organizations_url": "https://api.github.com/users/mitsuhiko/orgs",
                "repos_url": "https://api.github.com/users/mitsuhiko/repos",
                "events_url": "https://api.github.com/users/mitsuhiko/events{/privacy}",
                "received_events_url": "https://api.github.com/users/mitsuhiko/received_events",
                "type": "User",
                "site_admin": false
            },
            "created_at": "2012-03-28T08:50:35Z",
            "updated_at": "2012-03-28T08:50:35Z",
            "author_association": "MEMBER",
            "body": "Ahaha. That's indeed very useless.\n"
        }
    ]
}