{
    "url": "https://api.github.com/repos/pallets/flask/issues/465",
    "repository_url": "https://api.github.com/repos/pallets/flask",
    "labels_url": "https://api.github.com/repos/pallets/flask/issues/465/labels{/name}",
    "comments_url": "https://api.github.com/repos/pallets/flask/issues/465/comments",
    "events_url": "https://api.github.com/repos/pallets/flask/issues/465/events",
    "html_url": "https://github.com/pallets/flask/pull/465",
    "id": 3890751,
    "node_id": "MDExOlB1bGxSZXF1ZXN0MTA3NTI1OQ==",
    "number": 465,
    "title": "Changed state of Flask-Bcrypt extension",
    "user": {
        "login": "alekzvik",
        "id": 982323,
        "node_id": "MDQ6VXNlcjk4MjMyMw==",
        "avatar_url": "https://avatars2.githubusercontent.com/u/982323?v=4",
        "gravatar_id": "",
        "url": "https://api.github.com/users/alekzvik",
        "html_url": "https://github.com/alekzvik",
        "followers_url": "https://api.github.com/users/alekzvik/followers",
        "following_url": "https://api.github.com/users/alekzvik/following{/other_user}",
        "gists_url": "https://api.github.com/users/alekzvik/gists{/gist_id}",
        "starred_url": "https://api.github.com/users/alekzvik/starred{/owner}{/repo}",
        "subscriptions_url": "https://api.github.com/users/alekzvik/subscriptions",
        "organizations_url": "https://api.github.com/users/alekzvik/orgs",
        "repos_url": "https://api.github.com/users/alekzvik/repos",
        "events_url": "https://api.github.com/users/alekzvik/events{/privacy}",
        "received_events_url": "https://api.github.com/users/alekzvik/received_events",
        "type": "User",
        "site_admin": false
    },
    "labels": [],
    "state": "closed",
    "locked": false,
    "assignee": null,
    "assignees": [],
    "milestone": null,
    "comments": 2,
    "created_at": "2012-03-30T00:29:47Z",
    "updated_at": "2014-06-13T05:49:50Z",
    "closed_at": "2012-03-30T22:02:11Z",
    "author_association": "CONTRIBUTOR",
    "pull_request": {
        "url": "https://api.github.com/repos/pallets/flask/pulls/465",
        "html_url": "https://github.com/pallets/flask/pull/465",
        "diff_url": "https://github.com/pallets/flask/pull/465.diff",
        "patch_url": "https://github.com/pallets/flask/pull/465.patch"
    },
    "body": "Added docs link.\nMarked as approved, because it satisfies all the requirements for approved extensions.\n",
    "comments_inline": [
        {
            "url": "https://api.github.com/repos/pallets/flask/issues/comments/4851835",
            "html_url": "https://github.com/pallets/flask/pull/465#issuecomment-4851835",
            "issue_url": "https://api.github.com/repos/pallets/flask/issues/465",
            "id": 4851835,
            "node_id": "MDEyOklzc3VlQ29tbWVudDQ4NTE4MzU=",
            "user": {
                "login": "rduplain",
                "id": 36428,
                "node_id": "MDQ6VXNlcjM2NDI4",
                "avatar_url": "https://avatars1.githubusercontent.com/u/36428?v=4",
                "gravatar_id": "",
                "url": "https://api.github.com/users/rduplain",
                "html_url": "https://github.com/rduplain",
                "followers_url": "https://api.github.com/users/rduplain/followers",
                "following_url": "https://api.github.com/users/rduplain/following{/other_user}",
                "gists_url": "https://api.github.com/users/rduplain/gists{/gist_id}",
                "starred_url": "https://api.github.com/users/rduplain/starred{/owner}{/repo}",
                "subscriptions_url": "https://api.github.com/users/rduplain/subscriptions",
                "organizations_url": "https://api.github.com/users/rduplain/orgs",
                "repos_url": "https://api.github.com/users/rduplain/repos",
                "events_url": "https://api.github.com/users/rduplain/events{/privacy}",
                "received_events_url": "https://api.github.com/users/rduplain/received_events",
                "type": "User",
                "site_admin": false
            },
            "created_at": "2012-03-30T22:02:16Z",
            "updated_at": "2012-03-30T22:02:16Z",
            "author_association": "CONTRIBUTOR",
            "body": "Thanks.\n"
        },
        {
            "url": "https://api.github.com/repos/pallets/flask/issues/comments/4852679",
            "html_url": "https://github.com/pallets/flask/pull/465#issuecomment-4852679",
            "issue_url": "https://api.github.com/repos/pallets/flask/issues/465",
            "id": 4852679,
            "node_id": "MDEyOklzc3VlQ29tbWVudDQ4NTI2Nzk=",
            "user": {
                "login": "alekzvik",
                "id": 982323,
                "node_id": "MDQ6VXNlcjk4MjMyMw==",
                "avatar_url": "https://avatars2.githubusercontent.com/u/982323?v=4",
                "gravatar_id": "",
                "url": "https://api.github.com/users/alekzvik",
                "html_url": "https://github.com/alekzvik",
                "followers_url": "https://api.github.com/users/alekzvik/followers",
                "following_url": "https://api.github.com/users/alekzvik/following{/other_user}",
                "gists_url": "https://api.github.com/users/alekzvik/gists{/gist_id}",
                "starred_url": "https://api.github.com/users/alekzvik/starred{/owner}{/repo}",
                "subscriptions_url": "https://api.github.com/users/alekzvik/subscriptions",
                "organizations_url": "https://api.github.com/users/alekzvik/orgs",
                "repos_url": "https://api.github.com/users/alekzvik/repos",
                "events_url": "https://api.github.com/users/alekzvik/events{/privacy}",
                "received_events_url": "https://api.github.com/users/alekzvik/received_events",
                "type": "User",
                "site_admin": false
            },
            "created_at": "2012-03-30T23:12:38Z",
            "updated_at": "2012-03-30T23:12:38Z",
            "author_association": "CONTRIBUTOR",
            "body": "Can you also close the corresponding issue?\nhttps://github.com/mitsuhiko/flask/issues/363\n"
        }
    ]
}