{
    "url": "https://api.github.com/repos/pallets/flask/issues/466",
    "repository_url": "https://api.github.com/repos/pallets/flask",
    "labels_url": "https://api.github.com/repos/pallets/flask/issues/466/labels{/name}",
    "comments_url": "https://api.github.com/repos/pallets/flask/issues/466/comments",
    "events_url": "https://api.github.com/repos/pallets/flask/issues/466/events",
    "html_url": "https://github.com/pallets/flask/issues/466",
    "id": 3899165,
    "node_id": "MDU6SXNzdWUzODk5MTY1",
    "number": 466,
    "title": "Option for jsonify handles dates by converting to isoformat",
    "user": {
        "login": "brianmhunt",
        "id": 135528,
        "node_id": "MDQ6VXNlcjEzNTUyOA==",
        "avatar_url": "https://avatars1.githubusercontent.com/u/135528?v=4",
        "gravatar_id": "",
        "url": "https://api.github.com/users/brianmhunt",
        "html_url": "https://github.com/brianmhunt",
        "followers_url": "https://api.github.com/users/brianmhunt/followers",
        "following_url": "https://api.github.com/users/brianmhunt/following{/other_user}",
        "gists_url": "https://api.github.com/users/brianmhunt/gists{/gist_id}",
        "starred_url": "https://api.github.com/users/brianmhunt/starred{/owner}{/repo}",
        "subscriptions_url": "https://api.github.com/users/brianmhunt/subscriptions",
        "organizations_url": "https://api.github.com/users/brianmhunt/orgs",
        "repos_url": "https://api.github.com/users/brianmhunt/repos",
        "events_url": "https://api.github.com/users/brianmhunt/events{/privacy}",
        "received_events_url": "https://api.github.com/users/brianmhunt/received_events",
        "type": "User",
        "site_admin": false
    },
    "labels": [],
    "state": "closed",
    "locked": false,
    "assignee": null,
    "assignees": [],
    "milestone": null,
    "comments": 2,
    "created_at": "2012-03-30T14:57:39Z",
    "updated_at": "2012-03-30T18:00:05Z",
    "closed_at": "2012-03-30T17:59:56Z",
    "author_association": "NONE",
    "body": "When `jsonify` is called on an object with a 'date' it throws:\n\n```\nTypeError: datetime.date(2012, 3, 30) is not JSON serializable\n```\n\nThere is an innocuous fix - see http://stackoverflow.com/questions/455580\n\n```\ndef date_handler(obj):\n    if hasattr(obj, 'isoformat'):\n        return obj.isoformat()\n    else:\n        raise TypeError, 'Object of type %s with value of %s is not JSON serializable' % (type(obj), repr(obj))\n```\n\nAnd https://github.com/mitsuhiko/flask/blob/master/flask/helpers.py#L142 becomes:\n\n```\njson_str = json.dumps(dict(*args, **kwargs), indent=None, default=date_handler)\n```\n\nThis strikes me as preferable to TypeError.\n\nAlternatively, `jsonify` could accept a `default` argument that is passed to `json.dumps`.\n",
    "comments_inline": [
        {
            "url": "https://api.github.com/repos/pallets/flask/issues/comments/4847299",
            "html_url": "https://github.com/pallets/flask/issues/466#issuecomment-4847299",
            "issue_url": "https://api.github.com/repos/pallets/flask/issues/466",
            "id": 4847299,
            "node_id": "MDEyOklzc3VlQ29tbWVudDQ4NDcyOTk=",
            "user": {
                "login": "kisielk",
                "id": 58618,
                "node_id": "MDQ6VXNlcjU4NjE4",
                "avatar_url": "https://avatars2.githubusercontent.com/u/58618?v=4",
                "gravatar_id": "",
                "url": "https://api.github.com/users/kisielk",
                "html_url": "https://github.com/kisielk",
                "followers_url": "https://api.github.com/users/kisielk/followers",
                "following_url": "https://api.github.com/users/kisielk/following{/other_user}",
                "gists_url": "https://api.github.com/users/kisielk/gists{/gist_id}",
                "starred_url": "https://api.github.com/users/kisielk/starred{/owner}{/repo}",
                "subscriptions_url": "https://api.github.com/users/kisielk/subscriptions",
                "organizations_url": "https://api.github.com/users/kisielk/orgs",
                "repos_url": "https://api.github.com/users/kisielk/repos",
                "events_url": "https://api.github.com/users/kisielk/events{/privacy}",
                "received_events_url": "https://api.github.com/users/kisielk/received_events",
                "type": "User",
                "site_admin": false
            },
            "created_at": "2012-03-30T17:31:47Z",
            "updated_at": "2012-03-30T17:31:47Z",
            "author_association": "CONTRIBUTOR",
            "body": "See #220 which is basically asking for a more general version of the same thing.\n"
        },
        {
            "url": "https://api.github.com/repos/pallets/flask/issues/comments/4847798",
            "html_url": "https://github.com/pallets/flask/issues/466#issuecomment-4847798",
            "issue_url": "https://api.github.com/repos/pallets/flask/issues/466",
            "id": 4847798,
            "node_id": "MDEyOklzc3VlQ29tbWVudDQ4NDc3OTg=",
            "user": {
                "login": "brianmhunt",
                "id": 135528,
                "node_id": "MDQ6VXNlcjEzNTUyOA==",
                "avatar_url": "https://avatars1.githubusercontent.com/u/135528?v=4",
                "gravatar_id": "",
                "url": "https://api.github.com/users/brianmhunt",
                "html_url": "https://github.com/brianmhunt",
                "followers_url": "https://api.github.com/users/brianmhunt/followers",
                "following_url": "https://api.github.com/users/brianmhunt/following{/other_user}",
                "gists_url": "https://api.github.com/users/brianmhunt/gists{/gist_id}",
                "starred_url": "https://api.github.com/users/brianmhunt/starred{/owner}{/repo}",
                "subscriptions_url": "https://api.github.com/users/brianmhunt/subscriptions",
                "organizations_url": "https://api.github.com/users/brianmhunt/orgs",
                "repos_url": "https://api.github.com/users/brianmhunt/repos",
                "events_url": "https://api.github.com/users/brianmhunt/events{/privacy}",
                "received_events_url": "https://api.github.com/users/brianmhunt/received_events",
                "type": "User",
                "site_admin": false
            },
            "created_at": "2012-03-30T18:00:05Z",
            "updated_at": "2012-03-30T18:00:46Z",
            "author_association": "NONE",
            "body": "Thanks kisielk. I was surprised this issue was not already listed, but I must have overlooked it. Closing as a duplicate.\n"
        }
    ]
}