{
    "url": "https://api.github.com/repos/pallets/flask/issues/467",
    "repository_url": "https://api.github.com/repos/pallets/flask",
    "labels_url": "https://api.github.com/repos/pallets/flask/issues/467/labels{/name}",
    "comments_url": "https://api.github.com/repos/pallets/flask/issues/467/comments",
    "events_url": "https://api.github.com/repos/pallets/flask/issues/467/events",
    "html_url": "https://github.com/pallets/flask/pull/467",
    "id": 3908859,
    "node_id": "MDExOlB1bGxSZXF1ZXN0MTA4Mjg3Mg==",
    "number": 467,
    "title": "Update docs/quickstart.rst",
    "user": {
        "login": "vorobiov",
        "id": 39189,
        "node_id": "MDQ6VXNlcjM5MTg5",
        "avatar_url": "https://avatars0.githubusercontent.com/u/39189?v=4",
        "gravatar_id": "",
        "url": "https://api.github.com/users/vorobiov",
        "html_url": "https://github.com/vorobiov",
        "followers_url": "https://api.github.com/users/vorobiov/followers",
        "following_url": "https://api.github.com/users/vorobiov/following{/other_user}",
        "gists_url": "https://api.github.com/users/vorobiov/gists{/gist_id}",
        "starred_url": "https://api.github.com/users/vorobiov/starred{/owner}{/repo}",
        "subscriptions_url": "https://api.github.com/users/vorobiov/subscriptions",
        "organizations_url": "https://api.github.com/users/vorobiov/orgs",
        "repos_url": "https://api.github.com/users/vorobiov/repos",
        "events_url": "https://api.github.com/users/vorobiov/events{/privacy}",
        "received_events_url": "https://api.github.com/users/vorobiov/received_events",
        "type": "User",
        "site_admin": false
    },
    "labels": [],
    "state": "closed",
    "locked": false,
    "assignee": null,
    "assignees": [],
    "milestone": null,
    "comments": 1,
    "created_at": "2012-03-31T07:11:43Z",
    "updated_at": "2014-06-13T05:49:47Z",
    "closed_at": "2012-03-31T07:40:16Z",
    "author_association": "CONTRIBUTOR",
    "pull_request": {
        "url": "https://api.github.com/repos/pallets/flask/pulls/467",
        "html_url": "https://github.com/pallets/flask/pull/467",
        "diff_url": "https://github.com/pallets/flask/pull/467.diff",
        "patch_url": "https://github.com/pallets/flask/pull/467.patch"
    },
    "body": "",
    "comments_inline": [
        {
            "url": "https://api.github.com/repos/pallets/flask/issues/comments/4856701",
            "html_url": "https://github.com/pallets/flask/pull/467#issuecomment-4856701",
            "issue_url": "https://api.github.com/repos/pallets/flask/issues/467",
            "id": 4856701,
            "node_id": "MDEyOklzc3VlQ29tbWVudDQ4NTY3MDE=",
            "user": {
                "login": "kennethreitz",
                "id": 119893,
                "node_id": "MDQ6VXNlcjExOTg5Mw==",
                "avatar_url": "https://avatars2.githubusercontent.com/u/119893?v=4",
                "gravatar_id": "",
                "url": "https://api.github.com/users/kennethreitz",
                "html_url": "https://github.com/kennethreitz",
                "followers_url": "https://api.github.com/users/kennethreitz/followers",
                "following_url": "https://api.github.com/users/kennethreitz/following{/other_user}",
                "gists_url": "https://api.github.com/users/kennethreitz/gists{/gist_id}",
                "starred_url": "https://api.github.com/users/kennethreitz/starred{/owner}{/repo}",
                "subscriptions_url": "https://api.github.com/users/kennethreitz/subscriptions",
                "organizations_url": "https://api.github.com/users/kennethreitz/orgs",
                "repos_url": "https://api.github.com/users/kennethreitz/repos",
                "events_url": "https://api.github.com/users/kennethreitz/events{/privacy}",
                "received_events_url": "https://api.github.com/users/kennethreitz/received_events",
                "type": "User",
                "site_admin": false
            },
            "created_at": "2012-03-31T07:40:14Z",
            "updated_at": "2012-03-31T07:40:14Z",
            "author_association": "CONTRIBUTOR",
            "body": "Thanks :)\n"
        }
    ]
}