{
    "url": "https://api.github.com/repos/pallets/flask/issues/468",
    "repository_url": "https://api.github.com/repos/pallets/flask",
    "labels_url": "https://api.github.com/repos/pallets/flask/issues/468/labels{/name}",
    "comments_url": "https://api.github.com/repos/pallets/flask/issues/468/comments",
    "events_url": "https://api.github.com/repos/pallets/flask/issues/468/events",
    "html_url": "https://github.com/pallets/flask/issues/468",
    "id": 3917062,
    "node_id": "MDU6SXNzdWUzOTE3MDYy",
    "number": 468,
    "title": "No single entry point for logging documentation.",
    "user": {
        "login": "rduplain",
        "id": 36428,
        "node_id": "MDQ6VXNlcjM2NDI4",
        "avatar_url": "https://avatars1.githubusercontent.com/u/36428?v=4",
        "gravatar_id": "",
        "url": "https://api.github.com/users/rduplain",
        "html_url": "https://github.com/rduplain",
        "followers_url": "https://api.github.com/users/rduplain/followers",
        "following_url": "https://api.github.com/users/rduplain/following{/other_user}",
        "gists_url": "https://api.github.com/users/rduplain/gists{/gist_id}",
        "starred_url": "https://api.github.com/users/rduplain/starred{/owner}{/repo}",
        "subscriptions_url": "https://api.github.com/users/rduplain/subscriptions",
        "organizations_url": "https://api.github.com/users/rduplain/orgs",
        "repos_url": "https://api.github.com/users/rduplain/repos",
        "events_url": "https://api.github.com/users/rduplain/events{/privacy}",
        "received_events_url": "https://api.github.com/users/rduplain/received_events",
        "type": "User",
        "site_admin": false
    },
    "labels": [],
    "state": "closed",
    "locked": false,
    "assignee": null,
    "assignees": [],
    "milestone": null,
    "comments": 1,
    "created_at": "2012-04-01T15:54:27Z",
    "updated_at": "2016-04-05T07:28:19Z",
    "closed_at": "2016-04-05T07:28:07Z",
    "author_association": "CONTRIBUTOR",
    "body": "At least, I don't have a single link to send users new to Flask and Python's std lib logging.  Flask doesn't log by default in production; okay, but what's a good example of logging requests?  Logging is currently scattered.\n",
    "comments_inline": [
        {
            "url": "https://api.github.com/repos/pallets/flask/issues/comments/205696048",
            "html_url": "https://github.com/pallets/flask/issues/468#issuecomment-205696048",
            "issue_url": "https://api.github.com/repos/pallets/flask/issues/468",
            "id": 205696048,
            "node_id": "MDEyOklzc3VlQ29tbWVudDIwNTY5NjA0OA==",
            "user": {
                "login": "jeffwidman",
                "id": 483314,
                "node_id": "MDQ6VXNlcjQ4MzMxNA==",
                "avatar_url": "https://avatars2.githubusercontent.com/u/483314?v=4",
                "gravatar_id": "",
                "url": "https://api.github.com/users/jeffwidman",
                "html_url": "https://github.com/jeffwidman",
                "followers_url": "https://api.github.com/users/jeffwidman/followers",
                "following_url": "https://api.github.com/users/jeffwidman/following{/other_user}",
                "gists_url": "https://api.github.com/users/jeffwidman/gists{/gist_id}",
                "starred_url": "https://api.github.com/users/jeffwidman/starred{/owner}{/repo}",
                "subscriptions_url": "https://api.github.com/users/jeffwidman/subscriptions",
                "organizations_url": "https://api.github.com/users/jeffwidman/orgs",
                "repos_url": "https://api.github.com/users/jeffwidman/repos",
                "events_url": "https://api.github.com/users/jeffwidman/events{/privacy}",
                "received_events_url": "https://api.github.com/users/jeffwidman/received_events",
                "type": "User",
                "site_admin": false
            },
            "created_at": "2016-04-05T07:28:07Z",
            "updated_at": "2016-04-05T07:28:19Z",
            "author_association": "MEMBER",
            "body": "Closing in favor of #1572 as that seems like pretty much the same issue, but more detailed. \n"
        }
    ]
}