{
    "url": "https://api.github.com/repos/pallets/flask/issues/469",
    "repository_url": "https://api.github.com/repos/pallets/flask",
    "labels_url": "https://api.github.com/repos/pallets/flask/issues/469/labels{/name}",
    "comments_url": "https://api.github.com/repos/pallets/flask/issues/469/comments",
    "events_url": "https://api.github.com/repos/pallets/flask/issues/469/events",
    "html_url": "https://github.com/pallets/flask/pull/469",
    "id": 3917123,
    "node_id": "MDExOlB1bGxSZXF1ZXN0MTA4NTQ2OA==",
    "number": 469,
    "title": "Removed extra blank line to fix ReST formatted documentation string in w...",
    "user": {
        "login": "jfinkels",
        "id": 121755,
        "node_id": "MDQ6VXNlcjEyMTc1NQ==",
        "avatar_url": "https://avatars0.githubusercontent.com/u/121755?v=4",
        "gravatar_id": "",
        "url": "https://api.github.com/users/jfinkels",
        "html_url": "https://github.com/jfinkels",
        "followers_url": "https://api.github.com/users/jfinkels/followers",
        "following_url": "https://api.github.com/users/jfinkels/following{/other_user}",
        "gists_url": "https://api.github.com/users/jfinkels/gists{/gist_id}",
        "starred_url": "https://api.github.com/users/jfinkels/starred{/owner}{/repo}",
        "subscriptions_url": "https://api.github.com/users/jfinkels/subscriptions",
        "organizations_url": "https://api.github.com/users/jfinkels/orgs",
        "repos_url": "https://api.github.com/users/jfinkels/repos",
        "events_url": "https://api.github.com/users/jfinkels/events{/privacy}",
        "received_events_url": "https://api.github.com/users/jfinkels/received_events",
        "type": "User",
        "site_admin": false
    },
    "labels": [],
    "state": "closed",
    "locked": false,
    "assignee": null,
    "assignees": [],
    "milestone": null,
    "comments": 0,
    "created_at": "2012-04-01T16:03:40Z",
    "updated_at": "2014-06-13T05:49:46Z",
    "closed_at": "2012-04-01T22:39:49Z",
    "author_association": "CONTRIBUTOR",
    "pull_request": {
        "url": "https://api.github.com/repos/pallets/flask/pulls/469",
        "html_url": "https://github.com/pallets/flask/pull/469",
        "diff_url": "https://github.com/pallets/flask/pull/469.diff",
        "patch_url": "https://github.com/pallets/flask/pull/469.patch"
    },
    "body": "...rappers.py. Should have gone with pull request #439.\n"
}