{
    "url": "https://api.github.com/repos/pallets/flask/issues/47",
    "repository_url": "https://api.github.com/repos/pallets/flask",
    "labels_url": "https://api.github.com/repos/pallets/flask/issues/47/labels{/name}",
    "comments_url": "https://api.github.com/repos/pallets/flask/issues/47/comments",
    "events_url": "https://api.github.com/repos/pallets/flask/issues/47/events",
    "html_url": "https://github.com/pallets/flask/issues/47",
    "id": 205954,
    "node_id": "MDU6SXNzdWUyMDU5NTQ=",
    "number": 47,
    "title": "Document how to generate Secret Keys",
    "user": {
        "login": "mitsuhiko",
        "id": 7396,
        "node_id": "MDQ6VXNlcjczOTY=",
        "avatar_url": "https://avatars1.githubusercontent.com/u/7396?v=4",
        "gravatar_id": "",
        "url": "https://api.github.com/users/mitsuhiko",
        "html_url": "https://github.com/mitsuhiko",
        "followers_url": "https://api.github.com/users/mitsuhiko/followers",
        "following_url": "https://api.github.com/users/mitsuhiko/following{/other_user}",
        "gists_url": "https://api.github.com/users/mitsuhiko/gists{/gist_id}",
        "starred_url": "https://api.github.com/users/mitsuhiko/starred{/owner}{/repo}",
        "subscriptions_url": "https://api.github.com/users/mitsuhiko/subscriptions",
        "organizations_url": "https://api.github.com/users/mitsuhiko/orgs",
        "repos_url": "https://api.github.com/users/mitsuhiko/repos",
        "events_url": "https://api.github.com/users/mitsuhiko/events{/privacy}",
        "received_events_url": "https://api.github.com/users/mitsuhiko/received_events",
        "type": "User",
        "site_admin": false
    },
    "labels": [],
    "state": "closed",
    "locked": false,
    "assignee": null,
    "assignees": [],
    "milestone": null,
    "comments": 1,
    "created_at": "2010-05-25T15:08:11Z",
    "updated_at": "2010-05-26T13:19:53Z",
    "closed_at": "2010-05-26T13:19:53Z",
    "author_association": "MEMBER",
    "body": "Documentation should contain some infos about how to generate secret keys.\n",
    "comments_inline": [
        {
            "url": "https://api.github.com/repos/pallets/flask/issues/comments/254259",
            "html_url": "https://github.com/pallets/flask/issues/47#issuecomment-254259",
            "issue_url": "https://api.github.com/repos/pallets/flask/issues/47",
            "id": 254259,
            "node_id": "MDEyOklzc3VlQ29tbWVudDI1NDI1OQ==",
            "user": {
                "login": "mitsuhiko",
                "id": 7396,
                "node_id": "MDQ6VXNlcjczOTY=",
                "avatar_url": "https://avatars1.githubusercontent.com/u/7396?v=4",
                "gravatar_id": "",
                "url": "https://api.github.com/users/mitsuhiko",
                "html_url": "https://github.com/mitsuhiko",
                "followers_url": "https://api.github.com/users/mitsuhiko/followers",
                "following_url": "https://api.github.com/users/mitsuhiko/following{/other_user}",
                "gists_url": "https://api.github.com/users/mitsuhiko/gists{/gist_id}",
                "starred_url": "https://api.github.com/users/mitsuhiko/starred{/owner}{/repo}",
                "subscriptions_url": "https://api.github.com/users/mitsuhiko/subscriptions",
                "organizations_url": "https://api.github.com/users/mitsuhiko/orgs",
                "repos_url": "https://api.github.com/users/mitsuhiko/repos",
                "events_url": "https://api.github.com/users/mitsuhiko/events{/privacy}",
                "received_events_url": "https://api.github.com/users/mitsuhiko/received_events",
                "type": "User",
                "site_admin": false
            },
            "created_at": "2010-05-26T13:19:53Z",
            "updated_at": "2010-05-26T13:19:53Z",
            "author_association": "MEMBER",
            "body": "Document ways to generate secret keys.  This closed by 1264c458ae808d306aa03c51f70103e52dca107b.\n"
        }
    ]
}