{
    "url": "https://api.github.com/repos/pallets/flask/issues/503",
    "repository_url": "https://api.github.com/repos/pallets/flask",
    "labels_url": "https://api.github.com/repos/pallets/flask/issues/503/labels{/name}",
    "comments_url": "https://api.github.com/repos/pallets/flask/issues/503/comments",
    "events_url": "https://api.github.com/repos/pallets/flask/issues/503/events",
    "html_url": "https://github.com/pallets/flask/issues/503",
    "id": 4417658,
    "node_id": "MDU6SXNzdWU0NDE3NjU4",
    "number": 503,
    "title": "Allow blueprint-local routing for errorhandlers",
    "user": {
        "login": "jfinkels",
        "id": 121755,
        "node_id": "MDQ6VXNlcjEyMTc1NQ==",
        "avatar_url": "https://avatars0.githubusercontent.com/u/121755?v=4",
        "gravatar_id": "",
        "url": "https://api.github.com/users/jfinkels",
        "html_url": "https://github.com/jfinkels",
        "followers_url": "https://api.github.com/users/jfinkels/followers",
        "following_url": "https://api.github.com/users/jfinkels/following{/other_user}",
        "gists_url": "https://api.github.com/users/jfinkels/gists{/gist_id}",
        "starred_url": "https://api.github.com/users/jfinkels/starred{/owner}{/repo}",
        "subscriptions_url": "https://api.github.com/users/jfinkels/subscriptions",
        "organizations_url": "https://api.github.com/users/jfinkels/orgs",
        "repos_url": "https://api.github.com/users/jfinkels/repos",
        "events_url": "https://api.github.com/users/jfinkels/events{/privacy}",
        "received_events_url": "https://api.github.com/users/jfinkels/received_events",
        "type": "User",
        "site_admin": false
    },
    "labels": [],
    "state": "closed",
    "locked": false,
    "assignee": null,
    "assignees": [],
    "milestone": null,
    "comments": 17,
    "created_at": "2012-05-04T02:50:32Z",
    "updated_at": "2017-02-03T13:05:49Z",
    "closed_at": "2015-04-12T17:55:53Z",
    "author_association": "CONTRIBUTOR",
    "body": "The comment in `flask.Blueprint.errorhandler` notes, \"Please be aware that routing does not happen local to a blueprint so an error handler for 404 usually is not handled by a blueprint unless it is caused inside a view function.\"\n\nPlease add Blueprint-local routing for errors triggered by any request to an endpoint defined by a blueprint.\n",
    "comments_inline": [
        {
            "url": "https://api.github.com/repos/pallets/flask/issues/comments/6608551",
            "html_url": "https://github.com/pallets/flask/issues/503#issuecomment-6608551",
            "issue_url": "https://api.github.com/repos/pallets/flask/issues/503",
            "id": 6608551,
            "node_id": "MDEyOklzc3VlQ29tbWVudDY2MDg1NTE=",
            "user": {
                "login": "cevarief",
                "id": 850737,
                "node_id": "MDQ6VXNlcjg1MDczNw==",
                "avatar_url": "https://avatars0.githubusercontent.com/u/850737?v=4",
                "gravatar_id": "",
                "url": "https://api.github.com/users/cevarief",
                "html_url": "https://github.com/cevarief",
                "followers_url": "https://api.github.com/users/cevarief/followers",
                "following_url": "https://api.github.com/users/cevarief/following{/other_user}",
                "gists_url": "https://api.github.com/users/cevarief/gists{/gist_id}",
                "starred_url": "https://api.github.com/users/cevarief/starred{/owner}{/repo}",
                "subscriptions_url": "https://api.github.com/users/cevarief/subscriptions",
                "organizations_url": "https://api.github.com/users/cevarief/orgs",
                "repos_url": "https://api.github.com/users/cevarief/repos",
                "events_url": "https://api.github.com/users/cevarief/events{/privacy}",
                "received_events_url": "https://api.github.com/users/cevarief/received_events",
                "type": "User",
                "site_admin": false
            },
            "created_at": "2012-06-27T16:42:50Z",
            "updated_at": "2012-06-27T16:42:50Z",
            "author_association": "NONE",
            "body": "+1\n"
        },
        {
            "url": "https://api.github.com/repos/pallets/flask/issues/comments/6610277",
            "html_url": "https://github.com/pallets/flask/issues/503#issuecomment-6610277",
            "issue_url": "https://api.github.com/repos/pallets/flask/issues/503",
            "id": 6610277,
            "node_id": "MDEyOklzc3VlQ29tbWVudDY2MTAyNzc=",
            "user": {
                "login": "jfinkels",
                "id": 121755,
                "node_id": "MDQ6VXNlcjEyMTc1NQ==",
                "avatar_url": "https://avatars0.githubusercontent.com/u/121755?v=4",
                "gravatar_id": "",
                "url": "https://api.github.com/users/jfinkels",
                "html_url": "https://github.com/jfinkels",
                "followers_url": "https://api.github.com/users/jfinkels/followers",
                "following_url": "https://api.github.com/users/jfinkels/following{/other_user}",
                "gists_url": "https://api.github.com/users/jfinkels/gists{/gist_id}",
                "starred_url": "https://api.github.com/users/jfinkels/starred{/owner}{/repo}",
                "subscriptions_url": "https://api.github.com/users/jfinkels/subscriptions",
                "organizations_url": "https://api.github.com/users/jfinkels/orgs",
                "repos_url": "https://api.github.com/users/jfinkels/repos",
                "events_url": "https://api.github.com/users/jfinkels/events{/privacy}",
                "received_events_url": "https://api.github.com/users/jfinkels/received_events",
                "type": "User",
                "site_admin": false
            },
            "created_at": "2012-06-27T17:45:18Z",
            "updated_at": "2012-06-27T17:45:18Z",
            "author_association": "CONTRIBUTOR",
            "body": "This issue supercedes #141, which requests `Module`-local routing for errorhandlers (the `Module` class was deprecated in favor of `Blueprint` in Flask version 0.7).\n"
        },
        {
            "url": "https://api.github.com/repos/pallets/flask/issues/comments/8859103",
            "html_url": "https://github.com/pallets/flask/issues/503#issuecomment-8859103",
            "issue_url": "https://api.github.com/repos/pallets/flask/issues/503",
            "id": 8859103,
            "node_id": "MDEyOklzc3VlQ29tbWVudDg4NTkxMDM=",
            "user": {
                "login": "skymanrm",
                "id": 876453,
                "node_id": "MDQ6VXNlcjg3NjQ1Mw==",
                "avatar_url": "https://avatars1.githubusercontent.com/u/876453?v=4",
                "gravatar_id": "",
                "url": "https://api.github.com/users/skymanrm",
                "html_url": "https://github.com/skymanrm",
                "followers_url": "https://api.github.com/users/skymanrm/followers",
                "following_url": "https://api.github.com/users/skymanrm/following{/other_user}",
                "gists_url": "https://api.github.com/users/skymanrm/gists{/gist_id}",
                "starred_url": "https://api.github.com/users/skymanrm/starred{/owner}{/repo}",
                "subscriptions_url": "https://api.github.com/users/skymanrm/subscriptions",
                "organizations_url": "https://api.github.com/users/skymanrm/orgs",
                "repos_url": "https://api.github.com/users/skymanrm/repos",
                "events_url": "https://api.github.com/users/skymanrm/events{/privacy}",
                "received_events_url": "https://api.github.com/users/skymanrm/received_events",
                "type": "User",
                "site_admin": false
            },
            "created_at": "2012-09-25T15:46:16Z",
            "updated_at": "2012-09-25T15:46:16Z",
            "author_association": "NONE",
            "body": "+1\n"
        },
        {
            "url": "https://api.github.com/repos/pallets/flask/issues/comments/10527314",
            "html_url": "https://github.com/pallets/flask/issues/503#issuecomment-10527314",
            "issue_url": "https://api.github.com/repos/pallets/flask/issues/503",
            "id": 10527314,
            "node_id": "MDEyOklzc3VlQ29tbWVudDEwNTI3MzE0",
            "user": {
                "login": "kyleconroy",
                "id": 34893,
                "node_id": "MDQ6VXNlcjM0ODkz",
                "avatar_url": "https://avatars2.githubusercontent.com/u/34893?v=4",
                "gravatar_id": "",
                "url": "https://api.github.com/users/kyleconroy",
                "html_url": "https://github.com/kyleconroy",
                "followers_url": "https://api.github.com/users/kyleconroy/followers",
                "following_url": "https://api.github.com/users/kyleconroy/following{/other_user}",
                "gists_url": "https://api.github.com/users/kyleconroy/gists{/gist_id}",
                "starred_url": "https://api.github.com/users/kyleconroy/starred{/owner}{/repo}",
                "subscriptions_url": "https://api.github.com/users/kyleconroy/subscriptions",
                "organizations_url": "https://api.github.com/users/kyleconroy/orgs",
                "repos_url": "https://api.github.com/users/kyleconroy/repos",
                "events_url": "https://api.github.com/users/kyleconroy/events{/privacy}",
                "received_events_url": "https://api.github.com/users/kyleconroy/received_events",
                "type": "User",
                "site_admin": false
            },
            "created_at": "2012-11-19T19:31:38Z",
            "updated_at": "2012-11-19T19:43:41Z",
            "author_association": "NONE",
            "body": "+1 this would be amazing. To add more context, I develop [flask-restful](https://github.com/twilio/flask-restful), a module for building REST API in Flask. We'd like to move to using blueprints, but this limit makes it very difficult for us to handle errors.\n"
        },
        {
            "url": "https://api.github.com/repos/pallets/flask/issues/comments/10835771",
            "html_url": "https://github.com/pallets/flask/issues/503#issuecomment-10835771",
            "issue_url": "https://api.github.com/repos/pallets/flask/issues/503",
            "id": 10835771,
            "node_id": "MDEyOklzc3VlQ29tbWVudDEwODM1Nzcx",
            "user": {
                "login": "jfinkels",
                "id": 121755,
                "node_id": "MDQ6VXNlcjEyMTc1NQ==",
                "avatar_url": "https://avatars0.githubusercontent.com/u/121755?v=4",
                "gravatar_id": "",
                "url": "https://api.github.com/users/jfinkels",
                "html_url": "https://github.com/jfinkels",
                "followers_url": "https://api.github.com/users/jfinkels/followers",
                "following_url": "https://api.github.com/users/jfinkels/following{/other_user}",
                "gists_url": "https://api.github.com/users/jfinkels/gists{/gist_id}",
                "starred_url": "https://api.github.com/users/jfinkels/starred{/owner}{/repo}",
                "subscriptions_url": "https://api.github.com/users/jfinkels/subscriptions",
                "organizations_url": "https://api.github.com/users/jfinkels/orgs",
                "repos_url": "https://api.github.com/users/jfinkels/repos",
                "events_url": "https://api.github.com/users/jfinkels/events{/privacy}",
                "received_events_url": "https://api.github.com/users/jfinkels/received_events",
                "type": "User",
                "site_admin": false
            },
            "created_at": "2012-11-29T05:31:58Z",
            "updated_at": "2012-11-29T05:36:28Z",
            "author_association": "CONTRIBUTOR",
            "body": "@kyleconroy I came across this issue because I maintain a very similar Flask extension, [Flask-Restless](https://github.com/jfinkels/flask-restless), and I have the same problem.\n"
        },
        {
            "url": "https://api.github.com/repos/pallets/flask/issues/comments/10948059",
            "html_url": "https://github.com/pallets/flask/issues/503#issuecomment-10948059",
            "issue_url": "https://api.github.com/repos/pallets/flask/issues/503",
            "id": 10948059,
            "node_id": "MDEyOklzc3VlQ29tbWVudDEwOTQ4MDU5",
            "user": {
                "login": "kyleconroy",
                "id": 34893,
                "node_id": "MDQ6VXNlcjM0ODkz",
                "avatar_url": "https://avatars2.githubusercontent.com/u/34893?v=4",
                "gravatar_id": "",
                "url": "https://api.github.com/users/kyleconroy",
                "html_url": "https://github.com/kyleconroy",
                "followers_url": "https://api.github.com/users/kyleconroy/followers",
                "following_url": "https://api.github.com/users/kyleconroy/following{/other_user}",
                "gists_url": "https://api.github.com/users/kyleconroy/gists{/gist_id}",
                "starred_url": "https://api.github.com/users/kyleconroy/starred{/owner}{/repo}",
                "subscriptions_url": "https://api.github.com/users/kyleconroy/subscriptions",
                "organizations_url": "https://api.github.com/users/kyleconroy/orgs",
                "repos_url": "https://api.github.com/users/kyleconroy/repos",
                "events_url": "https://api.github.com/users/kyleconroy/events{/privacy}",
                "received_events_url": "https://api.github.com/users/kyleconroy/received_events",
                "type": "User",
                "site_admin": false
            },
            "created_at": "2012-12-03T10:35:56Z",
            "updated_at": "2012-12-03T10:35:56Z",
            "author_association": "NONE",
            "body": "Yep, it's a difficult problem to solve. I've been thinking about using a bare expect (ugly I know) to catch all errors in my views and wrap them in a custom Exception that my blueprint handler can catch. Not sure if that's a good idea or not.\n"
        },
        {
            "url": "https://api.github.com/repos/pallets/flask/issues/comments/11756875",
            "html_url": "https://github.com/pallets/flask/issues/503#issuecomment-11756875",
            "issue_url": "https://api.github.com/repos/pallets/flask/issues/503",
            "id": 11756875,
            "node_id": "MDEyOklzc3VlQ29tbWVudDExNzU2ODc1",
            "user": {
                "login": "esbullington",
                "id": 1138625,
                "node_id": "MDQ6VXNlcjExMzg2MjU=",
                "avatar_url": "https://avatars0.githubusercontent.com/u/1138625?v=4",
                "gravatar_id": "",
                "url": "https://api.github.com/users/esbullington",
                "html_url": "https://github.com/esbullington",
                "followers_url": "https://api.github.com/users/esbullington/followers",
                "following_url": "https://api.github.com/users/esbullington/following{/other_user}",
                "gists_url": "https://api.github.com/users/esbullington/gists{/gist_id}",
                "starred_url": "https://api.github.com/users/esbullington/starred{/owner}{/repo}",
                "subscriptions_url": "https://api.github.com/users/esbullington/subscriptions",
                "organizations_url": "https://api.github.com/users/esbullington/orgs",
                "repos_url": "https://api.github.com/users/esbullington/repos",
                "events_url": "https://api.github.com/users/esbullington/events{/privacy}",
                "received_events_url": "https://api.github.com/users/esbullington/received_events",
                "type": "User",
                "site_admin": false
            },
            "created_at": "2012-12-29T19:44:30Z",
            "updated_at": "2012-12-29T19:44:30Z",
            "author_association": "NONE",
            "body": "This would be great.  I think more and more people are turning to Flask for developing json-based APIs (RESTful and otherwise).  It would be nice if clients of these APIs were not sometimes sent HTML when they trigger an error not explicitly handled by the API code.  It makes for a poor API.  There is a workaround here: http://flask.pocoo.org/snippets/83/  Alas, this isn't an option for people creating hybrid apps that both HTML and provide a JSON API, as far as I can tell.\n"
        },
        {
            "url": "https://api.github.com/repos/pallets/flask/issues/comments/71383286",
            "html_url": "https://github.com/pallets/flask/issues/503#issuecomment-71383286",
            "issue_url": "https://api.github.com/repos/pallets/flask/issues/503",
            "id": 71383286,
            "node_id": "MDEyOklzc3VlQ29tbWVudDcxMzgzMjg2",
            "user": {
                "login": "davidism",
                "id": 1242887,
                "node_id": "MDQ6VXNlcjEyNDI4ODc=",
                "avatar_url": "https://avatars1.githubusercontent.com/u/1242887?v=4",
                "gravatar_id": "",
                "url": "https://api.github.com/users/davidism",
                "html_url": "https://github.com/davidism",
                "followers_url": "https://api.github.com/users/davidism/followers",
                "following_url": "https://api.github.com/users/davidism/following{/other_user}",
                "gists_url": "https://api.github.com/users/davidism/gists{/gist_id}",
                "starred_url": "https://api.github.com/users/davidism/starred{/owner}{/repo}",
                "subscriptions_url": "https://api.github.com/users/davidism/subscriptions",
                "organizations_url": "https://api.github.com/users/davidism/orgs",
                "repos_url": "https://api.github.com/users/davidism/repos",
                "events_url": "https://api.github.com/users/davidism/events{/privacy}",
                "received_events_url": "https://api.github.com/users/davidism/received_events",
                "type": "User",
                "site_admin": false
            },
            "created_at": "2015-01-25T17:54:31Z",
            "updated_at": "2015-01-25T17:54:31Z",
            "author_association": "MEMBER",
            "body": "This came up in a recent Stack Overflow [question](http://stackoverflow.com/q/28137451/400617).  I mentioned this issue and answered with a workaround that routes to blueprint handlers from the top level handler based on `request.path` and `Blueprint.url_prefix`.\n\n``` python\nfrom flask import request, render_template\n\n@app.errorhandler(404)\ndef handle_404(e):\n    path = request.path\n\n    # go through each blueprint to find the prefix that matches the path\n    # can't use request.blueprint since the routing didn't match anything\n    for bp_name, bp in app.blueprints.items():\n        if path.startswith(bp.url_prefix):\n            # get the 404 handler registered by the blueprint\n            handler = app.error_handler_spec.get(bp_name, {}).get(404)\n\n            if handler is not None:\n                # if a handler was found, return it's response\n                return handler(e)\n\n    # return a default response\n    return render_template('404.html'), 404\n```\n"
        },
        {
            "url": "https://api.github.com/repos/pallets/flask/issues/comments/71387239",
            "html_url": "https://github.com/pallets/flask/issues/503#issuecomment-71387239",
            "issue_url": "https://api.github.com/repos/pallets/flask/issues/503",
            "id": 71387239,
            "node_id": "MDEyOklzc3VlQ29tbWVudDcxMzg3MjM5",
            "user": {
                "login": "untitaker",
                "id": 837573,
                "node_id": "MDQ6VXNlcjgzNzU3Mw==",
                "avatar_url": "https://avatars0.githubusercontent.com/u/837573?v=4",
                "gravatar_id": "",
                "url": "https://api.github.com/users/untitaker",
                "html_url": "https://github.com/untitaker",
                "followers_url": "https://api.github.com/users/untitaker/followers",
                "following_url": "https://api.github.com/users/untitaker/following{/other_user}",
                "gists_url": "https://api.github.com/users/untitaker/gists{/gist_id}",
                "starred_url": "https://api.github.com/users/untitaker/starred{/owner}{/repo}",
                "subscriptions_url": "https://api.github.com/users/untitaker/subscriptions",
                "organizations_url": "https://api.github.com/users/untitaker/orgs",
                "repos_url": "https://api.github.com/users/untitaker/repos",
                "events_url": "https://api.github.com/users/untitaker/events{/privacy}",
                "received_events_url": "https://api.github.com/users/untitaker/received_events",
                "type": "User",
                "site_admin": false
            },
            "created_at": "2015-01-25T19:21:36Z",
            "updated_at": "2015-01-25T19:21:36Z",
            "author_association": "MEMBER",
            "body": "If anybody is interested in doing this, now would be the ideal time, since the next release is going to be 1.0.\n"
        },
        {
            "url": "https://api.github.com/repos/pallets/flask/issues/comments/71392275",
            "html_url": "https://github.com/pallets/flask/issues/503#issuecomment-71392275",
            "issue_url": "https://api.github.com/repos/pallets/flask/issues/503",
            "id": 71392275,
            "node_id": "MDEyOklzc3VlQ29tbWVudDcxMzkyMjc1",
            "user": {
                "login": "untitaker",
                "id": 837573,
                "node_id": "MDQ6VXNlcjgzNzU3Mw==",
                "avatar_url": "https://avatars0.githubusercontent.com/u/837573?v=4",
                "gravatar_id": "",
                "url": "https://api.github.com/users/untitaker",
                "html_url": "https://github.com/untitaker",
                "followers_url": "https://api.github.com/users/untitaker/followers",
                "following_url": "https://api.github.com/users/untitaker/following{/other_user}",
                "gists_url": "https://api.github.com/users/untitaker/gists{/gist_id}",
                "starred_url": "https://api.github.com/users/untitaker/starred{/owner}{/repo}",
                "subscriptions_url": "https://api.github.com/users/untitaker/subscriptions",
                "organizations_url": "https://api.github.com/users/untitaker/orgs",
                "repos_url": "https://api.github.com/users/untitaker/repos",
                "events_url": "https://api.github.com/users/untitaker/events{/privacy}",
                "received_events_url": "https://api.github.com/users/untitaker/received_events",
                "type": "User",
                "site_admin": false
            },
            "created_at": "2015-01-25T20:42:44Z",
            "updated_at": "2015-01-25T20:42:44Z",
            "author_association": "MEMBER",
            "body": "Everybody who has any problems with the way errorhandlers work now, please leave your comments at https://github.com/mitsuhiko/flask/pull/1291\n"
        },
        {
            "url": "https://api.github.com/repos/pallets/flask/issues/comments/91836688",
            "html_url": "https://github.com/pallets/flask/issues/503#issuecomment-91836688",
            "issue_url": "https://api.github.com/repos/pallets/flask/issues/503",
            "id": 91836688,
            "node_id": "MDEyOklzc3VlQ29tbWVudDkxODM2Njg4",
            "user": {
                "login": "flying-sheep",
                "id": 291575,
                "node_id": "MDQ6VXNlcjI5MTU3NQ==",
                "avatar_url": "https://avatars0.githubusercontent.com/u/291575?v=4",
                "gravatar_id": "",
                "url": "https://api.github.com/users/flying-sheep",
                "html_url": "https://github.com/flying-sheep",
                "followers_url": "https://api.github.com/users/flying-sheep/followers",
                "following_url": "https://api.github.com/users/flying-sheep/following{/other_user}",
                "gists_url": "https://api.github.com/users/flying-sheep/gists{/gist_id}",
                "starred_url": "https://api.github.com/users/flying-sheep/starred{/owner}{/repo}",
                "subscriptions_url": "https://api.github.com/users/flying-sheep/subscriptions",
                "organizations_url": "https://api.github.com/users/flying-sheep/orgs",
                "repos_url": "https://api.github.com/users/flying-sheep/repos",
                "events_url": "https://api.github.com/users/flying-sheep/events{/privacy}",
                "received_events_url": "https://api.github.com/users/flying-sheep/received_events",
                "type": "User",
                "site_admin": false
            },
            "created_at": "2015-04-11T12:28:03Z",
            "updated_at": "2015-04-11T12:28:03Z",
            "author_association": "CONTRIBUTOR",
            "body": "i did #1291 quite some time ago so idk if i \u201caccidentally\u201d fixed this in the run.\n\nwhat can i do to check? please give me a simple test that i can run to see if this bug occurs. (actual running code pls)\n"
        },
        {
            "url": "https://api.github.com/repos/pallets/flask/issues/comments/91836844",
            "html_url": "https://github.com/pallets/flask/issues/503#issuecomment-91836844",
            "issue_url": "https://api.github.com/repos/pallets/flask/issues/503",
            "id": 91836844,
            "node_id": "MDEyOklzc3VlQ29tbWVudDkxODM2ODQ0",
            "user": {
                "login": "flying-sheep",
                "id": 291575,
                "node_id": "MDQ6VXNlcjI5MTU3NQ==",
                "avatar_url": "https://avatars0.githubusercontent.com/u/291575?v=4",
                "gravatar_id": "",
                "url": "https://api.github.com/users/flying-sheep",
                "html_url": "https://github.com/flying-sheep",
                "followers_url": "https://api.github.com/users/flying-sheep/followers",
                "following_url": "https://api.github.com/users/flying-sheep/following{/other_user}",
                "gists_url": "https://api.github.com/users/flying-sheep/gists{/gist_id}",
                "starred_url": "https://api.github.com/users/flying-sheep/starred{/owner}{/repo}",
                "subscriptions_url": "https://api.github.com/users/flying-sheep/subscriptions",
                "organizations_url": "https://api.github.com/users/flying-sheep/orgs",
                "repos_url": "https://api.github.com/users/flying-sheep/repos",
                "events_url": "https://api.github.com/users/flying-sheep/events{/privacy}",
                "received_events_url": "https://api.github.com/users/flying-sheep/received_events",
                "type": "User",
                "site_admin": false
            },
            "created_at": "2015-04-11T12:33:17Z",
            "updated_at": "2015-04-11T12:33:17Z",
            "author_association": "CONTRIBUTOR",
            "body": "so, in that pull request i said \u201cEnable 500 handlers on blueprint level\u201d so probably it fixes this already.\n"
        },
        {
            "url": "https://api.github.com/repos/pallets/flask/issues/comments/92087128",
            "html_url": "https://github.com/pallets/flask/issues/503#issuecomment-92087128",
            "issue_url": "https://api.github.com/repos/pallets/flask/issues/503",
            "id": 92087128,
            "node_id": "MDEyOklzc3VlQ29tbWVudDkyMDg3MTI4",
            "user": {
                "login": "jfinkels",
                "id": 121755,
                "node_id": "MDQ6VXNlcjEyMTc1NQ==",
                "avatar_url": "https://avatars0.githubusercontent.com/u/121755?v=4",
                "gravatar_id": "",
                "url": "https://api.github.com/users/jfinkels",
                "html_url": "https://github.com/jfinkels",
                "followers_url": "https://api.github.com/users/jfinkels/followers",
                "following_url": "https://api.github.com/users/jfinkels/following{/other_user}",
                "gists_url": "https://api.github.com/users/jfinkels/gists{/gist_id}",
                "starred_url": "https://api.github.com/users/jfinkels/starred{/owner}{/repo}",
                "subscriptions_url": "https://api.github.com/users/jfinkels/subscriptions",
                "organizations_url": "https://api.github.com/users/jfinkels/orgs",
                "repos_url": "https://api.github.com/users/jfinkels/repos",
                "events_url": "https://api.github.com/users/jfinkels/events{/privacy}",
                "received_events_url": "https://api.github.com/users/jfinkels/received_events",
                "type": "User",
                "site_admin": false
            },
            "created_at": "2015-04-12T16:51:11Z",
            "updated_at": "2015-04-12T16:51:11Z",
            "author_association": "CONTRIBUTOR",
            "body": "It seems like the test function `test_error_handler_blueprint` demonstrates blueprint-local routing for error handlers as originally requested. Feel free to close this issue.\n"
        },
        {
            "url": "https://api.github.com/repos/pallets/flask/issues/comments/92087412",
            "html_url": "https://github.com/pallets/flask/issues/503#issuecomment-92087412",
            "issue_url": "https://api.github.com/repos/pallets/flask/issues/503",
            "id": 92087412,
            "node_id": "MDEyOklzc3VlQ29tbWVudDkyMDg3NDEy",
            "user": {
                "login": "jfinkels",
                "id": 121755,
                "node_id": "MDQ6VXNlcjEyMTc1NQ==",
                "avatar_url": "https://avatars0.githubusercontent.com/u/121755?v=4",
                "gravatar_id": "",
                "url": "https://api.github.com/users/jfinkels",
                "html_url": "https://github.com/jfinkels",
                "followers_url": "https://api.github.com/users/jfinkels/followers",
                "following_url": "https://api.github.com/users/jfinkels/following{/other_user}",
                "gists_url": "https://api.github.com/users/jfinkels/gists{/gist_id}",
                "starred_url": "https://api.github.com/users/jfinkels/starred{/owner}{/repo}",
                "subscriptions_url": "https://api.github.com/users/jfinkels/subscriptions",
                "organizations_url": "https://api.github.com/users/jfinkels/orgs",
                "repos_url": "https://api.github.com/users/jfinkels/repos",
                "events_url": "https://api.github.com/users/jfinkels/events{/privacy}",
                "received_events_url": "https://api.github.com/users/jfinkels/received_events",
                "type": "User",
                "site_admin": false
            },
            "created_at": "2015-04-12T16:55:56Z",
            "updated_at": "2015-04-12T16:55:56Z",
            "author_association": "CONTRIBUTOR",
            "body": "(I just tested that it works with errors other than 500 as well.)\n"
        },
        {
            "url": "https://api.github.com/repos/pallets/flask/issues/comments/92096194",
            "html_url": "https://github.com/pallets/flask/issues/503#issuecomment-92096194",
            "issue_url": "https://api.github.com/repos/pallets/flask/issues/503",
            "id": 92096194,
            "node_id": "MDEyOklzc3VlQ29tbWVudDkyMDk2MTk0",
            "user": {
                "login": "untitaker",
                "id": 837573,
                "node_id": "MDQ6VXNlcjgzNzU3Mw==",
                "avatar_url": "https://avatars0.githubusercontent.com/u/837573?v=4",
                "gravatar_id": "",
                "url": "https://api.github.com/users/untitaker",
                "html_url": "https://github.com/untitaker",
                "followers_url": "https://api.github.com/users/untitaker/followers",
                "following_url": "https://api.github.com/users/untitaker/following{/other_user}",
                "gists_url": "https://api.github.com/users/untitaker/gists{/gist_id}",
                "starred_url": "https://api.github.com/users/untitaker/starred{/owner}{/repo}",
                "subscriptions_url": "https://api.github.com/users/untitaker/subscriptions",
                "organizations_url": "https://api.github.com/users/untitaker/orgs",
                "repos_url": "https://api.github.com/users/untitaker/repos",
                "events_url": "https://api.github.com/users/untitaker/events{/privacy}",
                "received_events_url": "https://api.github.com/users/untitaker/received_events",
                "type": "User",
                "site_admin": false
            },
            "created_at": "2015-04-12T17:55:53Z",
            "updated_at": "2015-04-12T17:55:53Z",
            "author_association": "MEMBER",
            "body": "[Yep.](https://www.youtube.com/watch?v=qMxH7JLVdhc)\n"
        },
        {
            "url": "https://api.github.com/repos/pallets/flask/issues/comments/277241918",
            "html_url": "https://github.com/pallets/flask/issues/503#issuecomment-277241918",
            "issue_url": "https://api.github.com/repos/pallets/flask/issues/503",
            "id": 277241918,
            "node_id": "MDEyOklzc3VlQ29tbWVudDI3NzI0MTkxOA==",
            "user": {
                "login": "tdbs",
                "id": 7328151,
                "node_id": "MDQ6VXNlcjczMjgxNTE=",
                "avatar_url": "https://avatars3.githubusercontent.com/u/7328151?v=4",
                "gravatar_id": "",
                "url": "https://api.github.com/users/tdbs",
                "html_url": "https://github.com/tdbs",
                "followers_url": "https://api.github.com/users/tdbs/followers",
                "following_url": "https://api.github.com/users/tdbs/following{/other_user}",
                "gists_url": "https://api.github.com/users/tdbs/gists{/gist_id}",
                "starred_url": "https://api.github.com/users/tdbs/starred{/owner}{/repo}",
                "subscriptions_url": "https://api.github.com/users/tdbs/subscriptions",
                "organizations_url": "https://api.github.com/users/tdbs/orgs",
                "repos_url": "https://api.github.com/users/tdbs/repos",
                "events_url": "https://api.github.com/users/tdbs/events{/privacy}",
                "received_events_url": "https://api.github.com/users/tdbs/received_events",
                "type": "User",
                "site_admin": false
            },
            "created_at": "2017-02-03T13:03:42Z",
            "updated_at": "2017-02-03T13:03:42Z",
            "author_association": "NONE",
            "body": "This still doesn't work for 404 errors"
        },
        {
            "url": "https://api.github.com/repos/pallets/flask/issues/comments/277242089",
            "html_url": "https://github.com/pallets/flask/issues/503#issuecomment-277242089",
            "issue_url": "https://api.github.com/repos/pallets/flask/issues/503",
            "id": 277242089,
            "node_id": "MDEyOklzc3VlQ29tbWVudDI3NzI0MjA4OQ==",
            "user": {
                "login": "ThiefMaster",
                "id": 179599,
                "node_id": "MDQ6VXNlcjE3OTU5OQ==",
                "avatar_url": "https://avatars1.githubusercontent.com/u/179599?v=4",
                "gravatar_id": "",
                "url": "https://api.github.com/users/ThiefMaster",
                "html_url": "https://github.com/ThiefMaster",
                "followers_url": "https://api.github.com/users/ThiefMaster/followers",
                "following_url": "https://api.github.com/users/ThiefMaster/following{/other_user}",
                "gists_url": "https://api.github.com/users/ThiefMaster/gists{/gist_id}",
                "starred_url": "https://api.github.com/users/ThiefMaster/starred{/owner}{/repo}",
                "subscriptions_url": "https://api.github.com/users/ThiefMaster/subscriptions",
                "organizations_url": "https://api.github.com/users/ThiefMaster/orgs",
                "repos_url": "https://api.github.com/users/ThiefMaster/repos",
                "events_url": "https://api.github.com/users/ThiefMaster/events{/privacy}",
                "received_events_url": "https://api.github.com/users/ThiefMaster/received_events",
                "type": "User",
                "site_admin": false
            },
            "created_at": "2017-02-03T13:04:40Z",
            "updated_at": "2017-02-03T13:05:49Z",
            "author_association": "MEMBER",
            "body": "It is simply impossible to have blueprint-level 404 error handlers as a blueprint does not \"claim\" a certain URL prefix (even when specifying one - that's simply the prefix for any of the URLs it handles, but it does not need to be unique among blueprints).\r\n\r\nLooking up blueprint error handlers based on their URL prefix would have to be optional for sure."
        }
    ]
}