{
    "url": "https://api.github.com/repos/pallets/flask/issues/520",
    "repository_url": "https://api.github.com/repos/pallets/flask",
    "labels_url": "https://api.github.com/repos/pallets/flask/issues/520/labels{/name}",
    "comments_url": "https://api.github.com/repos/pallets/flask/issues/520/comments",
    "events_url": "https://api.github.com/repos/pallets/flask/issues/520/events",
    "html_url": "https://github.com/pallets/flask/pull/520",
    "id": 4865359,
    "node_id": "MDExOlB1bGxSZXF1ZXN0MTQ3Nzc4MQ==",
    "number": 520,
    "title": "Remove dead link to \"Try Flask\"",
    "user": {
        "login": "interru",
        "id": 205592,
        "node_id": "MDQ6VXNlcjIwNTU5Mg==",
        "avatar_url": "https://avatars1.githubusercontent.com/u/205592?v=4",
        "gravatar_id": "",
        "url": "https://api.github.com/users/interru",
        "html_url": "https://github.com/interru",
        "followers_url": "https://api.github.com/users/interru/followers",
        "following_url": "https://api.github.com/users/interru/following{/other_user}",
        "gists_url": "https://api.github.com/users/interru/gists{/gist_id}",
        "starred_url": "https://api.github.com/users/interru/starred{/owner}{/repo}",
        "subscriptions_url": "https://api.github.com/users/interru/subscriptions",
        "organizations_url": "https://api.github.com/users/interru/orgs",
        "repos_url": "https://api.github.com/users/interru/repos",
        "events_url": "https://api.github.com/users/interru/events{/privacy}",
        "received_events_url": "https://api.github.com/users/interru/received_events",
        "type": "User",
        "site_admin": false
    },
    "labels": [],
    "state": "closed",
    "locked": false,
    "assignee": null,
    "assignees": [],
    "milestone": null,
    "comments": 0,
    "created_at": "2012-06-01T21:19:22Z",
    "updated_at": "2014-06-13T10:19:44Z",
    "closed_at": "2012-06-17T13:08:44Z",
    "author_association": "NONE",
    "pull_request": {
        "url": "https://api.github.com/repos/pallets/flask/pulls/520",
        "html_url": "https://github.com/pallets/flask/pull/520",
        "diff_url": "https://github.com/pallets/flask/pull/520.diff",
        "patch_url": "https://github.com/pallets/flask/pull/520.patch"
    },
    "body": "I think we could remove the Link as long as it is dead.\n"
}