{
    "url": "https://api.github.com/repos/pallets/flask/issues/538",
    "repository_url": "https://api.github.com/repos/pallets/flask",
    "labels_url": "https://api.github.com/repos/pallets/flask/issues/538/labels{/name}",
    "comments_url": "https://api.github.com/repos/pallets/flask/issues/538/comments",
    "events_url": "https://api.github.com/repos/pallets/flask/issues/538/events",
    "html_url": "https://github.com/pallets/flask/pull/538",
    "id": 5401777,
    "node_id": "MDExOlB1bGxSZXF1ZXN0MTcwMzI5NQ==",
    "number": 538,
    "title": "Update entry in extension list about flask-testing",
    "user": {
        "login": "jarus",
        "id": 110274,
        "node_id": "MDQ6VXNlcjExMDI3NA==",
        "avatar_url": "https://avatars3.githubusercontent.com/u/110274?v=4",
        "gravatar_id": "",
        "url": "https://api.github.com/users/jarus",
        "html_url": "https://github.com/jarus",
        "followers_url": "https://api.github.com/users/jarus/followers",
        "following_url": "https://api.github.com/users/jarus/following{/other_user}",
        "gists_url": "https://api.github.com/users/jarus/gists{/gist_id}",
        "starred_url": "https://api.github.com/users/jarus/starred{/owner}{/repo}",
        "subscriptions_url": "https://api.github.com/users/jarus/subscriptions",
        "organizations_url": "https://api.github.com/users/jarus/orgs",
        "repos_url": "https://api.github.com/users/jarus/repos",
        "events_url": "https://api.github.com/users/jarus/events{/privacy}",
        "received_events_url": "https://api.github.com/users/jarus/received_events",
        "type": "User",
        "site_admin": false
    },
    "labels": [],
    "state": "closed",
    "locked": false,
    "assignee": null,
    "assignees": [],
    "milestone": null,
    "comments": 0,
    "created_at": "2012-07-03T08:05:03Z",
    "updated_at": "2014-06-13T10:19:09Z",
    "closed_at": "2012-07-03T12:58:11Z",
    "author_association": "CONTRIBUTOR",
    "pull_request": {
        "url": "https://api.github.com/repos/pallets/flask/pulls/538",
        "html_url": "https://github.com/pallets/flask/pull/538",
        "diff_url": "https://github.com/pallets/flask/pull/538.diff",
        "patch_url": "https://github.com/pallets/flask/pull/538.patch"
    },
    "body": "The github url changed by transfer of the repository to my github user.\nIf you have questions than we can talk at europython 2012. ;)\n"
}