{
    "url": "https://api.github.com/repos/pallets/flask/issues/572",
    "repository_url": "https://api.github.com/repos/pallets/flask",
    "labels_url": "https://api.github.com/repos/pallets/flask/issues/572/labels{/name}",
    "comments_url": "https://api.github.com/repos/pallets/flask/issues/572/comments",
    "events_url": "https://api.github.com/repos/pallets/flask/issues/572/events",
    "html_url": "https://github.com/pallets/flask/issues/572",
    "id": 6030203,
    "node_id": "MDU6SXNzdWU2MDMwMjAz",
    "number": 572,
    "title": "INFO don't get logged for custom logger handle",
    "user": {
        "login": "ibeex",
        "id": 1125612,
        "node_id": "MDQ6VXNlcjExMjU2MTI=",
        "avatar_url": "https://avatars0.githubusercontent.com/u/1125612?v=4",
        "gravatar_id": "",
        "url": "https://api.github.com/users/ibeex",
        "html_url": "https://github.com/ibeex",
        "followers_url": "https://api.github.com/users/ibeex/followers",
        "following_url": "https://api.github.com/users/ibeex/following{/other_user}",
        "gists_url": "https://api.github.com/users/ibeex/gists{/gist_id}",
        "starred_url": "https://api.github.com/users/ibeex/starred{/owner}{/repo}",
        "subscriptions_url": "https://api.github.com/users/ibeex/subscriptions",
        "organizations_url": "https://api.github.com/users/ibeex/orgs",
        "repos_url": "https://api.github.com/users/ibeex/repos",
        "events_url": "https://api.github.com/users/ibeex/events{/privacy}",
        "received_events_url": "https://api.github.com/users/ibeex/received_events",
        "type": "User",
        "site_admin": false
    },
    "labels": [],
    "state": "closed",
    "locked": false,
    "assignee": null,
    "assignees": [],
    "milestone": null,
    "comments": 5,
    "created_at": "2012-08-04T13:57:20Z",
    "updated_at": "2015-04-03T20:01:30Z",
    "closed_at": "2015-04-03T20:01:30Z",
    "author_association": "NONE",
    "body": "OS X  19.7.4, python 2.7.1, flask 0.9\n\nas in this example https://gist.github.com/3257877 , in log file there is nothing for level INFO\n",
    "comments_inline": [
        {
            "url": "https://api.github.com/repos/pallets/flask/issues/comments/7548412",
            "html_url": "https://github.com/pallets/flask/issues/572#issuecomment-7548412",
            "issue_url": "https://api.github.com/repos/pallets/flask/issues/572",
            "id": 7548412,
            "node_id": "MDEyOklzc3VlQ29tbWVudDc1NDg0MTI=",
            "user": {
                "login": "dmckeone",
                "id": 614430,
                "node_id": "MDQ6VXNlcjYxNDQzMA==",
                "avatar_url": "https://avatars0.githubusercontent.com/u/614430?v=4",
                "gravatar_id": "",
                "url": "https://api.github.com/users/dmckeone",
                "html_url": "https://github.com/dmckeone",
                "followers_url": "https://api.github.com/users/dmckeone/followers",
                "following_url": "https://api.github.com/users/dmckeone/following{/other_user}",
                "gists_url": "https://api.github.com/users/dmckeone/gists{/gist_id}",
                "starred_url": "https://api.github.com/users/dmckeone/starred{/owner}{/repo}",
                "subscriptions_url": "https://api.github.com/users/dmckeone/subscriptions",
                "organizations_url": "https://api.github.com/users/dmckeone/orgs",
                "repos_url": "https://api.github.com/users/dmckeone/repos",
                "events_url": "https://api.github.com/users/dmckeone/events{/privacy}",
                "received_events_url": "https://api.github.com/users/dmckeone/received_events",
                "type": "User",
                "site_admin": false
            },
            "created_at": "2012-08-07T09:52:25Z",
            "updated_at": "2012-08-07T09:52:25Z",
            "author_association": "NONE",
            "body": "Recently ran into this myself.  There is a level on the logger and the handlers.  Try adding:\n\n``` python\napp.logger.setLevel(logging.INFO)\n```\n\nor is this an objection to the logging.WARNING default?\n"
        },
        {
            "url": "https://api.github.com/repos/pallets/flask/issues/comments/7548914",
            "html_url": "https://github.com/pallets/flask/issues/572#issuecomment-7548914",
            "issue_url": "https://api.github.com/repos/pallets/flask/issues/572",
            "id": 7548914,
            "node_id": "MDEyOklzc3VlQ29tbWVudDc1NDg5MTQ=",
            "user": {
                "login": "ibeex",
                "id": 1125612,
                "node_id": "MDQ6VXNlcjExMjU2MTI=",
                "avatar_url": "https://avatars0.githubusercontent.com/u/1125612?v=4",
                "gravatar_id": "",
                "url": "https://api.github.com/users/ibeex",
                "html_url": "https://github.com/ibeex",
                "followers_url": "https://api.github.com/users/ibeex/followers",
                "following_url": "https://api.github.com/users/ibeex/following{/other_user}",
                "gists_url": "https://api.github.com/users/ibeex/gists{/gist_id}",
                "starred_url": "https://api.github.com/users/ibeex/starred{/owner}{/repo}",
                "subscriptions_url": "https://api.github.com/users/ibeex/subscriptions",
                "organizations_url": "https://api.github.com/users/ibeex/orgs",
                "repos_url": "https://api.github.com/users/ibeex/repos",
                "events_url": "https://api.github.com/users/ibeex/events{/privacy}",
                "received_events_url": "https://api.github.com/users/ibeex/received_events",
                "type": "User",
                "site_admin": false
            },
            "created_at": "2012-08-07T10:15:43Z",
            "updated_at": "2012-08-07T10:15:43Z",
            "author_association": "NONE",
            "body": "```\napp.logger.setLevel(logging.INFO)\n```\n\nNow INFO level is working, works so is this a bug or by design?  \n"
        },
        {
            "url": "https://api.github.com/repos/pallets/flask/issues/comments/7580166",
            "html_url": "https://github.com/pallets/flask/issues/572#issuecomment-7580166",
            "issue_url": "https://api.github.com/repos/pallets/flask/issues/572",
            "id": 7580166,
            "node_id": "MDEyOklzc3VlQ29tbWVudDc1ODAxNjY=",
            "user": {
                "login": "dmckeone",
                "id": 614430,
                "node_id": "MDQ6VXNlcjYxNDQzMA==",
                "avatar_url": "https://avatars0.githubusercontent.com/u/614430?v=4",
                "gravatar_id": "",
                "url": "https://api.github.com/users/dmckeone",
                "html_url": "https://github.com/dmckeone",
                "followers_url": "https://api.github.com/users/dmckeone/followers",
                "following_url": "https://api.github.com/users/dmckeone/following{/other_user}",
                "gists_url": "https://api.github.com/users/dmckeone/gists{/gist_id}",
                "starred_url": "https://api.github.com/users/dmckeone/starred{/owner}{/repo}",
                "subscriptions_url": "https://api.github.com/users/dmckeone/subscriptions",
                "organizations_url": "https://api.github.com/users/dmckeone/orgs",
                "repos_url": "https://api.github.com/users/dmckeone/repos",
                "events_url": "https://api.github.com/users/dmckeone/events{/privacy}",
                "received_events_url": "https://api.github.com/users/dmckeone/received_events",
                "type": "User",
                "site_admin": false
            },
            "created_at": "2012-08-08T10:27:59Z",
            "updated_at": "2012-08-08T10:27:59Z",
            "author_association": "NONE",
            "body": "Seems that it's the default of the logging package, so my guess would be by design\n\n``` python\n>>> import logging\n>>> \n>>> l = logging.getLogger('my-logger')\n>>> l.addHandler(logging.StreamHandler())\n>>> \n>>> l.warning('test')\ntest\n>>> l.info('test')\n>>> \n```\n"
        },
        {
            "url": "https://api.github.com/repos/pallets/flask/issues/comments/50921239",
            "html_url": "https://github.com/pallets/flask/issues/572#issuecomment-50921239",
            "issue_url": "https://api.github.com/repos/pallets/flask/issues/572",
            "id": 50921239,
            "node_id": "MDEyOklzc3VlQ29tbWVudDUwOTIxMjM5",
            "user": {
                "login": "remram44",
                "id": 426784,
                "node_id": "MDQ6VXNlcjQyNjc4NA==",
                "avatar_url": "https://avatars3.githubusercontent.com/u/426784?v=4",
                "gravatar_id": "",
                "url": "https://api.github.com/users/remram44",
                "html_url": "https://github.com/remram44",
                "followers_url": "https://api.github.com/users/remram44/followers",
                "following_url": "https://api.github.com/users/remram44/following{/other_user}",
                "gists_url": "https://api.github.com/users/remram44/gists{/gist_id}",
                "starred_url": "https://api.github.com/users/remram44/starred{/owner}{/repo}",
                "subscriptions_url": "https://api.github.com/users/remram44/subscriptions",
                "organizations_url": "https://api.github.com/users/remram44/orgs",
                "repos_url": "https://api.github.com/users/remram44/repos",
                "events_url": "https://api.github.com/users/remram44/events{/privacy}",
                "received_events_url": "https://api.github.com/users/remram44/received_events",
                "type": "User",
                "site_admin": false
            },
            "created_at": "2014-08-01T18:51:59Z",
            "updated_at": "2014-08-01T18:51:59Z",
            "author_association": "NONE",
            "body": "This looks closed :)\n"
        },
        {
            "url": "https://api.github.com/repos/pallets/flask/issues/comments/89407048",
            "html_url": "https://github.com/pallets/flask/issues/572#issuecomment-89407048",
            "issue_url": "https://api.github.com/repos/pallets/flask/issues/572",
            "id": 89407048,
            "node_id": "MDEyOklzc3VlQ29tbWVudDg5NDA3MDQ4",
            "user": {
                "login": "untitaker",
                "id": 837573,
                "node_id": "MDQ6VXNlcjgzNzU3Mw==",
                "avatar_url": "https://avatars0.githubusercontent.com/u/837573?v=4",
                "gravatar_id": "",
                "url": "https://api.github.com/users/untitaker",
                "html_url": "https://github.com/untitaker",
                "followers_url": "https://api.github.com/users/untitaker/followers",
                "following_url": "https://api.github.com/users/untitaker/following{/other_user}",
                "gists_url": "https://api.github.com/users/untitaker/gists{/gist_id}",
                "starred_url": "https://api.github.com/users/untitaker/starred{/owner}{/repo}",
                "subscriptions_url": "https://api.github.com/users/untitaker/subscriptions",
                "organizations_url": "https://api.github.com/users/untitaker/orgs",
                "repos_url": "https://api.github.com/users/untitaker/repos",
                "events_url": "https://api.github.com/users/untitaker/events{/privacy}",
                "received_events_url": "https://api.github.com/users/untitaker/received_events",
                "type": "User",
                "site_admin": false
            },
            "created_at": "2015-04-03T20:01:29Z",
            "updated_at": "2015-04-03T20:01:29Z",
            "author_association": "MEMBER",
            "body": "Not sure why this is even a ticket.\n"
        }
    ]
}