{
    "url": "https://api.github.com/repos/pallets/flask/issues/590",
    "repository_url": "https://api.github.com/repos/pallets/flask",
    "labels_url": "https://api.github.com/repos/pallets/flask/issues/590/labels{/name}",
    "comments_url": "https://api.github.com/repos/pallets/flask/issues/590/comments",
    "events_url": "https://api.github.com/repos/pallets/flask/issues/590/events",
    "html_url": "https://github.com/pallets/flask/pull/590",
    "id": 6626001,
    "node_id": "MDExOlB1bGxSZXF1ZXN0MjIzNTcyNA==",
    "number": 590,
    "title": "Fixed small error in SQLAlchemy patterns documentation",
    "user": {
        "login": "spappier",
        "id": 188121,
        "node_id": "MDQ6VXNlcjE4ODEyMQ==",
        "avatar_url": "https://avatars3.githubusercontent.com/u/188121?v=4",
        "gravatar_id": "",
        "url": "https://api.github.com/users/spappier",
        "html_url": "https://github.com/spappier",
        "followers_url": "https://api.github.com/users/spappier/followers",
        "following_url": "https://api.github.com/users/spappier/following{/other_user}",
        "gists_url": "https://api.github.com/users/spappier/gists{/gist_id}",
        "starred_url": "https://api.github.com/users/spappier/starred{/owner}{/repo}",
        "subscriptions_url": "https://api.github.com/users/spappier/subscriptions",
        "organizations_url": "https://api.github.com/users/spappier/orgs",
        "repos_url": "https://api.github.com/users/spappier/repos",
        "events_url": "https://api.github.com/users/spappier/events{/privacy}",
        "received_events_url": "https://api.github.com/users/spappier/received_events",
        "type": "User",
        "site_admin": false
    },
    "labels": [],
    "state": "closed",
    "locked": false,
    "assignee": null,
    "assignees": [],
    "milestone": null,
    "comments": 1,
    "created_at": "2012-09-04T04:02:54Z",
    "updated_at": "2014-06-14T17:04:02Z",
    "closed_at": "2012-10-07T10:56:35Z",
    "author_association": "CONTRIBUTOR",
    "pull_request": {
        "url": "https://api.github.com/repos/pallets/flask/pulls/590",
        "html_url": "https://github.com/pallets/flask/pull/590",
        "diff_url": "https://github.com/pallets/flask/pull/590.diff",
        "patch_url": "https://github.com/pallets/flask/pull/590.patch"
    },
    "body": "It would also work with:\n\n`con.execute(users.insert().values(name='admin', email='admin@localhost'))`\n",
    "comments_inline": [
        {
            "url": "https://api.github.com/repos/pallets/flask/issues/comments/8251970",
            "html_url": "https://github.com/pallets/flask/pull/590#issuecomment-8251970",
            "issue_url": "https://api.github.com/repos/pallets/flask/issues/590",
            "id": 8251970,
            "node_id": "MDEyOklzc3VlQ29tbWVudDgyNTE5NzA=",
            "user": {
                "login": "travisbot",
                "id": 1516820,
                "node_id": "MDQ6VXNlcjE1MTY4MjA=",
                "avatar_url": "https://avatars3.githubusercontent.com/u/1516820?v=4",
                "gravatar_id": "",
                "url": "https://api.github.com/users/travisbot",
                "html_url": "https://github.com/travisbot",
                "followers_url": "https://api.github.com/users/travisbot/followers",
                "following_url": "https://api.github.com/users/travisbot/following{/other_user}",
                "gists_url": "https://api.github.com/users/travisbot/gists{/gist_id}",
                "starred_url": "https://api.github.com/users/travisbot/starred{/owner}{/repo}",
                "subscriptions_url": "https://api.github.com/users/travisbot/subscriptions",
                "organizations_url": "https://api.github.com/users/travisbot/orgs",
                "repos_url": "https://api.github.com/users/travisbot/repos",
                "events_url": "https://api.github.com/users/travisbot/events{/privacy}",
                "received_events_url": "https://api.github.com/users/travisbot/received_events",
                "type": "User",
                "site_admin": false
            },
            "created_at": "2012-09-04T04:03:38Z",
            "updated_at": "2012-09-04T04:03:38Z",
            "author_association": "NONE",
            "body": "This pull request [passes](http://travis-ci.org/mitsuhiko/flask/builds/2326659) (merged 69e419e0 into 80b26893).\n"
        }
    ]
}