{
    "url": "https://api.github.com/repos/pallets/flask/issues/624",
    "repository_url": "https://api.github.com/repos/pallets/flask",
    "labels_url": "https://api.github.com/repos/pallets/flask/issues/624/labels{/name}",
    "comments_url": "https://api.github.com/repos/pallets/flask/issues/624/comments",
    "events_url": "https://api.github.com/repos/pallets/flask/issues/624/events",
    "html_url": "https://github.com/pallets/flask/pull/624",
    "id": 8078750,
    "node_id": "MDExOlB1bGxSZXF1ZXN0Mjg3Mjc5MQ==",
    "number": 624,
    "title": "missing ' in templating example",
    "user": {
        "login": "soulseekah",
        "id": 685880,
        "node_id": "MDQ6VXNlcjY4NTg4MA==",
        "avatar_url": "https://avatars2.githubusercontent.com/u/685880?v=4",
        "gravatar_id": "",
        "url": "https://api.github.com/users/soulseekah",
        "html_url": "https://github.com/soulseekah",
        "followers_url": "https://api.github.com/users/soulseekah/followers",
        "following_url": "https://api.github.com/users/soulseekah/following{/other_user}",
        "gists_url": "https://api.github.com/users/soulseekah/gists{/gist_id}",
        "starred_url": "https://api.github.com/users/soulseekah/starred{/owner}{/repo}",
        "subscriptions_url": "https://api.github.com/users/soulseekah/subscriptions",
        "organizations_url": "https://api.github.com/users/soulseekah/orgs",
        "repos_url": "https://api.github.com/users/soulseekah/repos",
        "events_url": "https://api.github.com/users/soulseekah/events{/privacy}",
        "received_events_url": "https://api.github.com/users/soulseekah/received_events",
        "type": "User",
        "site_admin": false
    },
    "labels": [],
    "state": "closed",
    "locked": false,
    "assignee": null,
    "assignees": [],
    "milestone": null,
    "comments": 1,
    "created_at": "2012-11-03T12:06:43Z",
    "updated_at": "2014-06-14T17:05:55Z",
    "closed_at": "2012-11-16T01:58:36Z",
    "author_association": "CONTRIBUTOR",
    "pull_request": {
        "url": "https://api.github.com/repos/pallets/flask/pulls/624",
        "html_url": "https://github.com/pallets/flask/pull/624",
        "diff_url": "https://github.com/pallets/flask/pull/624.diff",
        "patch_url": "https://github.com/pallets/flask/pull/624.patch"
    },
    "body": "Results in\u00a0SyntaxError: EOL while scanning string literal\n",
    "comments_inline": [
        {
            "url": "https://api.github.com/repos/pallets/flask/issues/comments/10433934",
            "html_url": "https://github.com/pallets/flask/pull/624#issuecomment-10433934",
            "issue_url": "https://api.github.com/repos/pallets/flask/issues/624",
            "id": 10433934,
            "node_id": "MDEyOklzc3VlQ29tbWVudDEwNDMzOTM0",
            "user": {
                "login": "kennethreitz",
                "id": 119893,
                "node_id": "MDQ6VXNlcjExOTg5Mw==",
                "avatar_url": "https://avatars2.githubusercontent.com/u/119893?v=4",
                "gravatar_id": "",
                "url": "https://api.github.com/users/kennethreitz",
                "html_url": "https://github.com/kennethreitz",
                "followers_url": "https://api.github.com/users/kennethreitz/followers",
                "following_url": "https://api.github.com/users/kennethreitz/following{/other_user}",
                "gists_url": "https://api.github.com/users/kennethreitz/gists{/gist_id}",
                "starred_url": "https://api.github.com/users/kennethreitz/starred{/owner}{/repo}",
                "subscriptions_url": "https://api.github.com/users/kennethreitz/subscriptions",
                "organizations_url": "https://api.github.com/users/kennethreitz/orgs",
                "repos_url": "https://api.github.com/users/kennethreitz/repos",
                "events_url": "https://api.github.com/users/kennethreitz/events{/privacy}",
                "received_events_url": "https://api.github.com/users/kennethreitz/received_events",
                "type": "User",
                "site_admin": false
            },
            "created_at": "2012-11-16T01:58:34Z",
            "updated_at": "2012-11-16T01:58:34Z",
            "author_association": "CONTRIBUTOR",
            "body": "Thanks!\n"
        }
    ]
}