{
    "url": "https://api.github.com/repos/pallets/flask/issues/629",
    "repository_url": "https://api.github.com/repos/pallets/flask",
    "labels_url": "https://api.github.com/repos/pallets/flask/issues/629/labels{/name}",
    "comments_url": "https://api.github.com/repos/pallets/flask/issues/629/comments",
    "events_url": "https://api.github.com/repos/pallets/flask/issues/629/events",
    "html_url": "https://github.com/pallets/flask/pull/629",
    "id": 8164839,
    "node_id": "MDExOlB1bGxSZXF1ZXN0MjkxMDM3Mg==",
    "number": 629,
    "title": "Use current_app in Flask_SQLite3 example",
    "user": {
        "login": "martijnvermaat",
        "id": 623509,
        "node_id": "MDQ6VXNlcjYyMzUwOQ==",
        "avatar_url": "https://avatars3.githubusercontent.com/u/623509?v=4",
        "gravatar_id": "",
        "url": "https://api.github.com/users/martijnvermaat",
        "html_url": "https://github.com/martijnvermaat",
        "followers_url": "https://api.github.com/users/martijnvermaat/followers",
        "following_url": "https://api.github.com/users/martijnvermaat/following{/other_user}",
        "gists_url": "https://api.github.com/users/martijnvermaat/gists{/gist_id}",
        "starred_url": "https://api.github.com/users/martijnvermaat/starred{/owner}{/repo}",
        "subscriptions_url": "https://api.github.com/users/martijnvermaat/subscriptions",
        "organizations_url": "https://api.github.com/users/martijnvermaat/orgs",
        "repos_url": "https://api.github.com/users/martijnvermaat/repos",
        "events_url": "https://api.github.com/users/martijnvermaat/events{/privacy}",
        "received_events_url": "https://api.github.com/users/martijnvermaat/received_events",
        "type": "User",
        "site_admin": false
    },
    "labels": [],
    "state": "closed",
    "locked": false,
    "assignee": null,
    "assignees": [],
    "milestone": null,
    "comments": 1,
    "created_at": "2012-11-07T09:42:57Z",
    "updated_at": "2014-06-14T17:05:40Z",
    "closed_at": "2013-01-27T00:39:59Z",
    "author_association": "NONE",
    "pull_request": {
        "url": "https://api.github.com/repos/pallets/flask/pulls/629",
        "html_url": "https://github.com/pallets/flask/pull/629",
        "diff_url": "https://github.com/pallets/flask/pull/629.diff",
        "patch_url": "https://github.com/pallets/flask/pull/629.patch"
    },
    "body": "The Flask_SQLite3 example used in the Flask Extension Development\ndocumentation cannot use self.app if attached to the application with\ninit_app. This is fixed by using flask.current_app.\n\nProbably needs some additional note in the text too.\n",
    "comments_inline": [
        {
            "url": "https://api.github.com/repos/pallets/flask/issues/comments/10433925",
            "html_url": "https://github.com/pallets/flask/pull/629#issuecomment-10433925",
            "issue_url": "https://api.github.com/repos/pallets/flask/issues/629",
            "id": 10433925,
            "node_id": "MDEyOklzc3VlQ29tbWVudDEwNDMzOTI1",
            "user": {
                "login": "kennethreitz",
                "id": 119893,
                "node_id": "MDQ6VXNlcjExOTg5Mw==",
                "avatar_url": "https://avatars2.githubusercontent.com/u/119893?v=4",
                "gravatar_id": "",
                "url": "https://api.github.com/users/kennethreitz",
                "html_url": "https://github.com/kennethreitz",
                "followers_url": "https://api.github.com/users/kennethreitz/followers",
                "following_url": "https://api.github.com/users/kennethreitz/following{/other_user}",
                "gists_url": "https://api.github.com/users/kennethreitz/gists{/gist_id}",
                "starred_url": "https://api.github.com/users/kennethreitz/starred{/owner}{/repo}",
                "subscriptions_url": "https://api.github.com/users/kennethreitz/subscriptions",
                "organizations_url": "https://api.github.com/users/kennethreitz/orgs",
                "repos_url": "https://api.github.com/users/kennethreitz/repos",
                "events_url": "https://api.github.com/users/kennethreitz/events{/privacy}",
                "received_events_url": "https://api.github.com/users/kennethreitz/received_events",
                "type": "User",
                "site_admin": false
            },
            "created_at": "2012-11-16T01:58:09Z",
            "updated_at": "2012-11-16T01:58:09Z",
            "author_association": "CONTRIBUTOR",
            "body": "@mitsuhiko ?\n"
        }
    ]
}