{
    "url": "https://api.github.com/repos/pallets/flask/issues/630",
    "repository_url": "https://api.github.com/repos/pallets/flask",
    "labels_url": "https://api.github.com/repos/pallets/flask/issues/630/labels{/name}",
    "comments_url": "https://api.github.com/repos/pallets/flask/issues/630/comments",
    "events_url": "https://api.github.com/repos/pallets/flask/issues/630/events",
    "html_url": "https://github.com/pallets/flask/pull/630",
    "id": 8216892,
    "node_id": "MDExOlB1bGxSZXF1ZXN0MjkzNDUzNQ==",
    "number": 630,
    "title": "Fix #623",
    "user": {
        "login": "untitaker",
        "id": 837573,
        "node_id": "MDQ6VXNlcjgzNzU3Mw==",
        "avatar_url": "https://avatars0.githubusercontent.com/u/837573?v=4",
        "gravatar_id": "",
        "url": "https://api.github.com/users/untitaker",
        "html_url": "https://github.com/untitaker",
        "followers_url": "https://api.github.com/users/untitaker/followers",
        "following_url": "https://api.github.com/users/untitaker/following{/other_user}",
        "gists_url": "https://api.github.com/users/untitaker/gists{/gist_id}",
        "starred_url": "https://api.github.com/users/untitaker/starred{/owner}{/repo}",
        "subscriptions_url": "https://api.github.com/users/untitaker/subscriptions",
        "organizations_url": "https://api.github.com/users/untitaker/orgs",
        "repos_url": "https://api.github.com/users/untitaker/repos",
        "events_url": "https://api.github.com/users/untitaker/events{/privacy}",
        "received_events_url": "https://api.github.com/users/untitaker/received_events",
        "type": "User",
        "site_admin": false
    },
    "labels": [],
    "state": "closed",
    "locked": false,
    "assignee": null,
    "assignees": [],
    "milestone": null,
    "comments": 1,
    "created_at": "2012-11-08T19:57:47Z",
    "updated_at": "2014-06-14T17:05:37Z",
    "closed_at": "2013-01-25T04:13:31Z",
    "author_association": "MEMBER",
    "pull_request": {
        "url": "https://api.github.com/repos/pallets/flask/pulls/630",
        "html_url": "https://github.com/pallets/flask/pull/630",
        "diff_url": "https://github.com/pallets/flask/pull/630.diff",
        "patch_url": "https://github.com/pallets/flask/pull/630.patch"
    },
    "body": "",
    "comments_inline": [
        {
            "url": "https://api.github.com/repos/pallets/flask/issues/comments/12687347",
            "html_url": "https://github.com/pallets/flask/pull/630#issuecomment-12687347",
            "issue_url": "https://api.github.com/repos/pallets/flask/issues/630",
            "id": 12687347,
            "node_id": "MDEyOklzc3VlQ29tbWVudDEyNjg3MzQ3",
            "user": {
                "login": "kennethreitz",
                "id": 119893,
                "node_id": "MDQ6VXNlcjExOTg5Mw==",
                "avatar_url": "https://avatars2.githubusercontent.com/u/119893?v=4",
                "gravatar_id": "",
                "url": "https://api.github.com/users/kennethreitz",
                "html_url": "https://github.com/kennethreitz",
                "followers_url": "https://api.github.com/users/kennethreitz/followers",
                "following_url": "https://api.github.com/users/kennethreitz/following{/other_user}",
                "gists_url": "https://api.github.com/users/kennethreitz/gists{/gist_id}",
                "starred_url": "https://api.github.com/users/kennethreitz/starred{/owner}{/repo}",
                "subscriptions_url": "https://api.github.com/users/kennethreitz/subscriptions",
                "organizations_url": "https://api.github.com/users/kennethreitz/orgs",
                "repos_url": "https://api.github.com/users/kennethreitz/repos",
                "events_url": "https://api.github.com/users/kennethreitz/events{/privacy}",
                "received_events_url": "https://api.github.com/users/kennethreitz/received_events",
                "type": "User",
                "site_admin": false
            },
            "created_at": "2013-01-25T04:13:29Z",
            "updated_at": "2013-01-25T04:13:29Z",
            "author_association": "CONTRIBUTOR",
            "body": "Thanks!\n"
        }
    ]
}