{
    "url": "https://api.github.com/repos/pallets/flask/issues/631",
    "repository_url": "https://api.github.com/repos/pallets/flask",
    "labels_url": "https://api.github.com/repos/pallets/flask/issues/631/labels{/name}",
    "comments_url": "https://api.github.com/repos/pallets/flask/issues/631/comments",
    "events_url": "https://api.github.com/repos/pallets/flask/issues/631/events",
    "html_url": "https://github.com/pallets/flask/issues/631",
    "id": 8222425,
    "node_id": "MDU6SXNzdWU4MjIyNDI1",
    "number": 631,
    "title": "Add config parser to blueprints",
    "user": {
        "login": "jhutchins",
        "id": 1349982,
        "node_id": "MDQ6VXNlcjEzNDk5ODI=",
        "avatar_url": "https://avatars1.githubusercontent.com/u/1349982?v=4",
        "gravatar_id": "",
        "url": "https://api.github.com/users/jhutchins",
        "html_url": "https://github.com/jhutchins",
        "followers_url": "https://api.github.com/users/jhutchins/followers",
        "following_url": "https://api.github.com/users/jhutchins/following{/other_user}",
        "gists_url": "https://api.github.com/users/jhutchins/gists{/gist_id}",
        "starred_url": "https://api.github.com/users/jhutchins/starred{/owner}{/repo}",
        "subscriptions_url": "https://api.github.com/users/jhutchins/subscriptions",
        "organizations_url": "https://api.github.com/users/jhutchins/orgs",
        "repos_url": "https://api.github.com/users/jhutchins/repos",
        "events_url": "https://api.github.com/users/jhutchins/events{/privacy}",
        "received_events_url": "https://api.github.com/users/jhutchins/received_events",
        "type": "User",
        "site_admin": false
    },
    "labels": [
        {
            "id": 357932495,
            "node_id": "MDU6TGFiZWwzNTc5MzI0OTU=",
            "url": "https://api.github.com/repos/pallets/flask/labels/blueprints",
            "name": "blueprints",
            "color": "1d76db",
            "default": false,
            "description": null
        }
    ],
    "state": "closed",
    "locked": false,
    "assignee": null,
    "assignees": [],
    "milestone": null,
    "comments": 2,
    "created_at": "2012-11-08T23:11:08Z",
    "updated_at": "2016-04-14T07:18:44Z",
    "closed_at": "2016-04-14T07:18:33Z",
    "author_association": "NONE",
    "body": "I think that it would be useful to be able to add configuration items to a blueprint and then have those merged into the app configuration on load. My thinking is simply that there might be configurations specific to your blueprint that should have default values stored as part of the blueprint. I suppose this feature could also lead to use cases where people make blueprint simply to hold different configuration for the application.\n",
    "comments_inline": [
        {
            "url": "https://api.github.com/repos/pallets/flask/issues/comments/10214286",
            "html_url": "https://github.com/pallets/flask/issues/631#issuecomment-10214286",
            "issue_url": "https://api.github.com/repos/pallets/flask/issues/631",
            "id": 10214286,
            "node_id": "MDEyOklzc3VlQ29tbWVudDEwMjE0Mjg2",
            "user": {
                "login": "soulseekah",
                "id": 685880,
                "node_id": "MDQ6VXNlcjY4NTg4MA==",
                "avatar_url": "https://avatars2.githubusercontent.com/u/685880?v=4",
                "gravatar_id": "",
                "url": "https://api.github.com/users/soulseekah",
                "html_url": "https://github.com/soulseekah",
                "followers_url": "https://api.github.com/users/soulseekah/followers",
                "following_url": "https://api.github.com/users/soulseekah/following{/other_user}",
                "gists_url": "https://api.github.com/users/soulseekah/gists{/gist_id}",
                "starred_url": "https://api.github.com/users/soulseekah/starred{/owner}{/repo}",
                "subscriptions_url": "https://api.github.com/users/soulseekah/subscriptions",
                "organizations_url": "https://api.github.com/users/soulseekah/orgs",
                "repos_url": "https://api.github.com/users/soulseekah/repos",
                "events_url": "https://api.github.com/users/soulseekah/events{/privacy}",
                "received_events_url": "https://api.github.com/users/soulseekah/received_events",
                "type": "User",
                "site_admin": false
            },
            "created_at": "2012-11-09T03:11:45Z",
            "updated_at": "2012-11-09T03:12:10Z",
            "author_association": "CONTRIBUTOR",
            "body": "I sometimes resort to doing things like this:\n\n``` python\ndef config( state ):\n    state.app.config.from_pyfile( ... )\nmy_blueprint.record_once( config )\n```\n\nhttps://github.com/mitsuhiko/flask/blob/master/flask/blueprints.py#L107\n\nThis pattern could also be used to simply hold different configurations for the application, although I the `config` module has a handful of good helpers for that.\n"
        },
        {
            "url": "https://api.github.com/repos/pallets/flask/issues/comments/209799276",
            "html_url": "https://github.com/pallets/flask/issues/631#issuecomment-209799276",
            "issue_url": "https://api.github.com/repos/pallets/flask/issues/631",
            "id": 209799276,
            "node_id": "MDEyOklzc3VlQ29tbWVudDIwOTc5OTI3Ng==",
            "user": {
                "login": "jeffwidman",
                "id": 483314,
                "node_id": "MDQ6VXNlcjQ4MzMxNA==",
                "avatar_url": "https://avatars2.githubusercontent.com/u/483314?v=4",
                "gravatar_id": "",
                "url": "https://api.github.com/users/jeffwidman",
                "html_url": "https://github.com/jeffwidman",
                "followers_url": "https://api.github.com/users/jeffwidman/followers",
                "following_url": "https://api.github.com/users/jeffwidman/following{/other_user}",
                "gists_url": "https://api.github.com/users/jeffwidman/gists{/gist_id}",
                "starred_url": "https://api.github.com/users/jeffwidman/starred{/owner}{/repo}",
                "subscriptions_url": "https://api.github.com/users/jeffwidman/subscriptions",
                "organizations_url": "https://api.github.com/users/jeffwidman/orgs",
                "repos_url": "https://api.github.com/users/jeffwidman/repos",
                "events_url": "https://api.github.com/users/jeffwidman/events{/privacy}",
                "received_events_url": "https://api.github.com/users/jeffwidman/received_events",
                "type": "User",
                "site_admin": false
            },
            "created_at": "2016-04-14T07:18:33Z",
            "updated_at": "2016-04-14T07:18:33Z",
            "author_association": "MEMBER",
            "body": "Many Flask extensions add configuration items to an app that can then be overridden by the user. I haven't dug into that part of the code, but I suspect you could simply expand your generic blueprint into a custom flask extension to achieve what you want. \n"
        }
    ]
}