{
    "url": "https://api.github.com/repos/pallets/flask/issues/632",
    "repository_url": "https://api.github.com/repos/pallets/flask",
    "labels_url": "https://api.github.com/repos/pallets/flask/issues/632/labels{/name}",
    "comments_url": "https://api.github.com/repos/pallets/flask/issues/632/comments",
    "events_url": "https://api.github.com/repos/pallets/flask/issues/632/events",
    "html_url": "https://github.com/pallets/flask/pull/632",
    "id": 8260608,
    "node_id": "MDExOlB1bGxSZXF1ZXN0Mjk1NDkwMA==",
    "number": 632,
    "title": "session_transaction does not setup request",
    "user": {
        "login": "soulseekah",
        "id": 685880,
        "node_id": "MDQ6VXNlcjY4NTg4MA==",
        "avatar_url": "https://avatars2.githubusercontent.com/u/685880?v=4",
        "gravatar_id": "",
        "url": "https://api.github.com/users/soulseekah",
        "html_url": "https://github.com/soulseekah",
        "followers_url": "https://api.github.com/users/soulseekah/followers",
        "following_url": "https://api.github.com/users/soulseekah/following{/other_user}",
        "gists_url": "https://api.github.com/users/soulseekah/gists{/gist_id}",
        "starred_url": "https://api.github.com/users/soulseekah/starred{/owner}{/repo}",
        "subscriptions_url": "https://api.github.com/users/soulseekah/subscriptions",
        "organizations_url": "https://api.github.com/users/soulseekah/orgs",
        "repos_url": "https://api.github.com/users/soulseekah/repos",
        "events_url": "https://api.github.com/users/soulseekah/events{/privacy}",
        "received_events_url": "https://api.github.com/users/soulseekah/received_events",
        "type": "User",
        "site_admin": false
    },
    "labels": [],
    "state": "closed",
    "locked": false,
    "assignee": null,
    "assignees": [],
    "milestone": null,
    "comments": 3,
    "created_at": "2012-11-10T10:17:20Z",
    "updated_at": "2014-06-14T17:10:22Z",
    "closed_at": "2012-12-27T15:27:19Z",
    "author_association": "CONTRIBUTOR",
    "pull_request": {
        "url": "https://api.github.com/repos/pallets/flask/pulls/632",
        "html_url": "https://github.com/pallets/flask/pull/632",
        "diff_url": "https://github.com/pallets/flask/pull/632.diff",
        "patch_url": "https://github.com/pallets/flask/pull/632.patch"
    },
    "body": "session_transaction() is failing to initialize the request by calling before_request, but is successfully calling the teardown functions, resulting in objects that have never been created to be accessed. This additional test also makes 11 other tests fail because of some stack corruption after the new test fails.\n\nPatch pending.\n",
    "comments_inline": [
        {
            "url": "https://api.github.com/repos/pallets/flask/issues/comments/10253775",
            "html_url": "https://github.com/pallets/flask/pull/632#issuecomment-10253775",
            "issue_url": "https://api.github.com/repos/pallets/flask/issues/632",
            "id": 10253775,
            "node_id": "MDEyOklzc3VlQ29tbWVudDEwMjUzNzc1",
            "user": {
                "login": "soulseekah",
                "id": 685880,
                "node_id": "MDQ6VXNlcjY4NTg4MA==",
                "avatar_url": "https://avatars2.githubusercontent.com/u/685880?v=4",
                "gravatar_id": "",
                "url": "https://api.github.com/users/soulseekah",
                "html_url": "https://github.com/soulseekah",
                "followers_url": "https://api.github.com/users/soulseekah/followers",
                "following_url": "https://api.github.com/users/soulseekah/following{/other_user}",
                "gists_url": "https://api.github.com/users/soulseekah/gists{/gist_id}",
                "starred_url": "https://api.github.com/users/soulseekah/starred{/owner}{/repo}",
                "subscriptions_url": "https://api.github.com/users/soulseekah/subscriptions",
                "organizations_url": "https://api.github.com/users/soulseekah/orgs",
                "repos_url": "https://api.github.com/users/soulseekah/repos",
                "events_url": "https://api.github.com/users/soulseekah/events{/privacy}",
                "received_events_url": "https://api.github.com/users/soulseekah/received_events",
                "type": "User",
                "site_admin": false
            },
            "created_at": "2012-11-10T10:26:11Z",
            "updated_at": "2012-11-10T10:39:11Z",
            "author_association": "CONTRIBUTOR",
            "body": "This is the traceback:\n\n```\n======================================================================\nERROR: test_session_transactions_setup_request (flask.testsuite.testing.TestToolsTestCase)\n----------------------------------------------------------------------\nTraceback (most recent call last):\n  File \"/home/www/flask/flask/testsuite/testing.py\", line 120, in test_session_transactions_setup_request\n    pass\n  File \"/usr/local/lib/python2.7/contextlib.py\", line 24, in __exit__\n    self.gen.next()\n  File \"/home/www/flask/flask/testing.py\", line 92, in session_transaction\n    self.cookie_jar.extract_wsgi(c.request.environ, headers)\n  File \"/home/www/flask/flask/ctx.py\", line 288, in __exit__\n    self.pop(exc_value)\n  File \"/home/www/flask/flask/ctx.py\", line 258, in pop\n    self.app.do_teardown_request(exc)\n  File \"/home/www/flask/flask/app.py\", line 1644, in do_teardown_request\n    rv = func(exc)\n  File \"/home/www/flask/flask/testsuite/testing.py\", line 116, in teardown_request\n    assert flask.g.exists\n  File \"/home/www/misc/env/lib/python2.7/site-packages/werkzeug/local.py\", line 336, in __getattr__\n    return getattr(self._get_current_object(), name)\nAttributeError: '_RequestGlobals' object has no attribute 'exists'\n```\n\nMore here: https://travis-ci.org/mitsuhiko/flask/jobs/3139261/#L328\n\n`before_request` is never called, thus the missing `exists` attribute inside the global `g` object proxy.\n"
        },
        {
            "url": "https://api.github.com/repos/pallets/flask/issues/comments/11710046",
            "html_url": "https://github.com/pallets/flask/pull/632#issuecomment-11710046",
            "issue_url": "https://api.github.com/repos/pallets/flask/issues/632",
            "id": 11710046,
            "node_id": "MDEyOklzc3VlQ29tbWVudDExNzEwMDQ2",
            "user": {
                "login": "mitsuhiko",
                "id": 7396,
                "node_id": "MDQ6VXNlcjczOTY=",
                "avatar_url": "https://avatars1.githubusercontent.com/u/7396?v=4",
                "gravatar_id": "",
                "url": "https://api.github.com/users/mitsuhiko",
                "html_url": "https://github.com/mitsuhiko",
                "followers_url": "https://api.github.com/users/mitsuhiko/followers",
                "following_url": "https://api.github.com/users/mitsuhiko/following{/other_user}",
                "gists_url": "https://api.github.com/users/mitsuhiko/gists{/gist_id}",
                "starred_url": "https://api.github.com/users/mitsuhiko/starred{/owner}{/repo}",
                "subscriptions_url": "https://api.github.com/users/mitsuhiko/subscriptions",
                "organizations_url": "https://api.github.com/users/mitsuhiko/orgs",
                "repos_url": "https://api.github.com/users/mitsuhiko/repos",
                "events_url": "https://api.github.com/users/mitsuhiko/events{/privacy}",
                "received_events_url": "https://api.github.com/users/mitsuhiko/received_events",
                "type": "User",
                "site_admin": false
            },
            "created_at": "2012-12-27T15:24:50Z",
            "updated_at": "2012-12-27T15:24:50Z",
            "author_association": "MEMBER",
            "body": "That is actually intentional.  Teardown handlers always have to be written in a way that they still work if the before-request handler does not execute.  Where is that behavior a problem?\n"
        },
        {
            "url": "https://api.github.com/repos/pallets/flask/issues/comments/11710089",
            "html_url": "https://github.com/pallets/flask/pull/632#issuecomment-11710089",
            "issue_url": "https://api.github.com/repos/pallets/flask/issues/632",
            "id": 11710089,
            "node_id": "MDEyOklzc3VlQ29tbWVudDExNzEwMDg5",
            "user": {
                "login": "soulseekah",
                "id": 685880,
                "node_id": "MDQ6VXNlcjY4NTg4MA==",
                "avatar_url": "https://avatars2.githubusercontent.com/u/685880?v=4",
                "gravatar_id": "",
                "url": "https://api.github.com/users/soulseekah",
                "html_url": "https://github.com/soulseekah",
                "followers_url": "https://api.github.com/users/soulseekah/followers",
                "following_url": "https://api.github.com/users/soulseekah/following{/other_user}",
                "gists_url": "https://api.github.com/users/soulseekah/gists{/gist_id}",
                "starred_url": "https://api.github.com/users/soulseekah/starred{/owner}{/repo}",
                "subscriptions_url": "https://api.github.com/users/soulseekah/subscriptions",
                "organizations_url": "https://api.github.com/users/soulseekah/orgs",
                "repos_url": "https://api.github.com/users/soulseekah/repos",
                "events_url": "https://api.github.com/users/soulseekah/events{/privacy}",
                "received_events_url": "https://api.github.com/users/soulseekah/received_events",
                "type": "User",
                "site_admin": false
            },
            "created_at": "2012-12-27T15:27:19Z",
            "updated_at": "2012-12-27T15:27:19Z",
            "author_association": "CONTRIBUTOR",
            "body": "I guess.\n"
        }
    ]
}