{
    "url": "https://api.github.com/repos/pallets/flask/issues/636",
    "repository_url": "https://api.github.com/repos/pallets/flask",
    "labels_url": "https://api.github.com/repos/pallets/flask/issues/636/labels{/name}",
    "comments_url": "https://api.github.com/repos/pallets/flask/issues/636/comments",
    "events_url": "https://api.github.com/repos/pallets/flask/issues/636/events",
    "html_url": "https://github.com/pallets/flask/pull/636",
    "id": 8443215,
    "node_id": "MDExOlB1bGxSZXF1ZXN0MzAzOTk3Ng==",
    "number": 636,
    "title": "Ended your paragraph tag.",
    "user": {
        "login": "ghost",
        "id": 10137,
        "node_id": "MDQ6VXNlcjEwMTM3",
        "avatar_url": "https://avatars3.githubusercontent.com/u/10137?v=4",
        "gravatar_id": "",
        "url": "https://api.github.com/users/ghost",
        "html_url": "https://github.com/ghost",
        "followers_url": "https://api.github.com/users/ghost/followers",
        "following_url": "https://api.github.com/users/ghost/following{/other_user}",
        "gists_url": "https://api.github.com/users/ghost/gists{/gist_id}",
        "starred_url": "https://api.github.com/users/ghost/starred{/owner}{/repo}",
        "subscriptions_url": "https://api.github.com/users/ghost/subscriptions",
        "organizations_url": "https://api.github.com/users/ghost/orgs",
        "repos_url": "https://api.github.com/users/ghost/repos",
        "events_url": "https://api.github.com/users/ghost/events{/privacy}",
        "received_events_url": "https://api.github.com/users/ghost/received_events",
        "type": "User",
        "site_admin": false
    },
    "labels": [],
    "state": "closed",
    "locked": false,
    "assignee": null,
    "assignees": [],
    "milestone": null,
    "comments": 2,
    "created_at": "2012-11-17T18:13:43Z",
    "updated_at": "2014-06-14T17:05:25Z",
    "closed_at": "2012-12-13T00:18:25Z",
    "author_association": "NONE",
    "pull_request": {
        "url": "https://api.github.com/repos/pallets/flask/pulls/636",
        "html_url": "https://github.com/pallets/flask/pull/636",
        "diff_url": "https://github.com/pallets/flask/pull/636.diff",
        "patch_url": "https://github.com/pallets/flask/pull/636.patch"
    },
    "body": "",
    "comments_inline": [
        {
            "url": "https://api.github.com/repos/pallets/flask/issues/comments/11316607",
            "html_url": "https://github.com/pallets/flask/pull/636#issuecomment-11316607",
            "issue_url": "https://api.github.com/repos/pallets/flask/issues/636",
            "id": 11316607,
            "node_id": "MDEyOklzc3VlQ29tbWVudDExMzE2NjA3",
            "user": {
                "login": "kennethreitz",
                "id": 119893,
                "node_id": "MDQ6VXNlcjExOTg5Mw==",
                "avatar_url": "https://avatars2.githubusercontent.com/u/119893?v=4",
                "gravatar_id": "",
                "url": "https://api.github.com/users/kennethreitz",
                "html_url": "https://github.com/kennethreitz",
                "followers_url": "https://api.github.com/users/kennethreitz/followers",
                "following_url": "https://api.github.com/users/kennethreitz/following{/other_user}",
                "gists_url": "https://api.github.com/users/kennethreitz/gists{/gist_id}",
                "starred_url": "https://api.github.com/users/kennethreitz/starred{/owner}{/repo}",
                "subscriptions_url": "https://api.github.com/users/kennethreitz/subscriptions",
                "organizations_url": "https://api.github.com/users/kennethreitz/orgs",
                "repos_url": "https://api.github.com/users/kennethreitz/repos",
                "events_url": "https://api.github.com/users/kennethreitz/events{/privacy}",
                "received_events_url": "https://api.github.com/users/kennethreitz/received_events",
                "type": "User",
                "site_admin": false
            },
            "created_at": "2012-12-13T00:18:23Z",
            "updated_at": "2012-12-13T00:18:23Z",
            "author_association": "CONTRIBUTOR",
            "body": "Hah, thanks :)\n"
        },
        {
            "url": "https://api.github.com/repos/pallets/flask/issues/comments/11532073",
            "html_url": "https://github.com/pallets/flask/pull/636#issuecomment-11532073",
            "issue_url": "https://api.github.com/repos/pallets/flask/issues/636",
            "id": 11532073,
            "node_id": "MDEyOklzc3VlQ29tbWVudDExNTMyMDcz",
            "user": {
                "login": "mitsuhiko",
                "id": 7396,
                "node_id": "MDQ6VXNlcjczOTY=",
                "avatar_url": "https://avatars1.githubusercontent.com/u/7396?v=4",
                "gravatar_id": "",
                "url": "https://api.github.com/users/mitsuhiko",
                "html_url": "https://github.com/mitsuhiko",
                "followers_url": "https://api.github.com/users/mitsuhiko/followers",
                "following_url": "https://api.github.com/users/mitsuhiko/following{/other_user}",
                "gists_url": "https://api.github.com/users/mitsuhiko/gists{/gist_id}",
                "starred_url": "https://api.github.com/users/mitsuhiko/starred{/owner}{/repo}",
                "subscriptions_url": "https://api.github.com/users/mitsuhiko/subscriptions",
                "organizations_url": "https://api.github.com/users/mitsuhiko/orgs",
                "repos_url": "https://api.github.com/users/mitsuhiko/repos",
                "events_url": "https://api.github.com/users/mitsuhiko/events{/privacy}",
                "received_events_url": "https://api.github.com/users/mitsuhiko/received_events",
                "type": "User",
                "site_admin": false
            },
            "created_at": "2012-12-19T14:40:36Z",
            "updated_at": "2012-12-19T14:40:36Z",
            "author_association": "MEMBER",
            "body": ":-(\n\nThere was absolutely no need for this change.\n"
        }
    ]
}