{
    "url": "https://api.github.com/repos/pallets/flask/issues/638",
    "repository_url": "https://api.github.com/repos/pallets/flask",
    "labels_url": "https://api.github.com/repos/pallets/flask/issues/638/labels{/name}",
    "comments_url": "https://api.github.com/repos/pallets/flask/issues/638/comments",
    "events_url": "https://api.github.com/repos/pallets/flask/issues/638/events",
    "html_url": "https://github.com/pallets/flask/pull/638",
    "id": 8651333,
    "node_id": "MDExOlB1bGxSZXF1ZXN0MzExNDkwMA==",
    "number": 638,
    "title": "Added Facebook group link.",
    "user": {
        "login": "dhilipsiva",
        "id": 502170,
        "node_id": "MDQ6VXNlcjUwMjE3MA==",
        "avatar_url": "https://avatars2.githubusercontent.com/u/502170?v=4",
        "gravatar_id": "",
        "url": "https://api.github.com/users/dhilipsiva",
        "html_url": "https://github.com/dhilipsiva",
        "followers_url": "https://api.github.com/users/dhilipsiva/followers",
        "following_url": "https://api.github.com/users/dhilipsiva/following{/other_user}",
        "gists_url": "https://api.github.com/users/dhilipsiva/gists{/gist_id}",
        "starred_url": "https://api.github.com/users/dhilipsiva/starred{/owner}{/repo}",
        "subscriptions_url": "https://api.github.com/users/dhilipsiva/subscriptions",
        "organizations_url": "https://api.github.com/users/dhilipsiva/orgs",
        "repos_url": "https://api.github.com/users/dhilipsiva/repos",
        "events_url": "https://api.github.com/users/dhilipsiva/events{/privacy}",
        "received_events_url": "https://api.github.com/users/dhilipsiva/received_events",
        "type": "User",
        "site_admin": false
    },
    "labels": [],
    "state": "closed",
    "locked": false,
    "assignee": null,
    "assignees": [],
    "milestone": null,
    "comments": 3,
    "created_at": "2012-11-25T15:37:16Z",
    "updated_at": "2014-06-14T17:05:21Z",
    "closed_at": "2012-11-27T15:50:26Z",
    "author_association": "NONE",
    "pull_request": {
        "url": "https://api.github.com/repos/pallets/flask/pulls/638",
        "html_url": "https://github.com/pallets/flask/pull/638",
        "diff_url": "https://github.com/pallets/flask/pull/638.diff",
        "patch_url": "https://github.com/pallets/flask/pull/638.patch"
    },
    "body": "",
    "comments_inline": [
        {
            "url": "https://api.github.com/repos/pallets/flask/issues/comments/10761042",
            "html_url": "https://github.com/pallets/flask/pull/638#issuecomment-10761042",
            "issue_url": "https://api.github.com/repos/pallets/flask/issues/638",
            "id": 10761042,
            "node_id": "MDEyOklzc3VlQ29tbWVudDEwNzYxMDQy",
            "user": {
                "login": "untitaker",
                "id": 837573,
                "node_id": "MDQ6VXNlcjgzNzU3Mw==",
                "avatar_url": "https://avatars0.githubusercontent.com/u/837573?v=4",
                "gravatar_id": "",
                "url": "https://api.github.com/users/untitaker",
                "html_url": "https://github.com/untitaker",
                "followers_url": "https://api.github.com/users/untitaker/followers",
                "following_url": "https://api.github.com/users/untitaker/following{/other_user}",
                "gists_url": "https://api.github.com/users/untitaker/gists{/gist_id}",
                "starred_url": "https://api.github.com/users/untitaker/starred{/owner}{/repo}",
                "subscriptions_url": "https://api.github.com/users/untitaker/subscriptions",
                "organizations_url": "https://api.github.com/users/untitaker/orgs",
                "repos_url": "https://api.github.com/users/untitaker/repos",
                "events_url": "https://api.github.com/users/untitaker/events{/privacy}",
                "received_events_url": "https://api.github.com/users/untitaker/received_events",
                "type": "User",
                "site_admin": false
            },
            "created_at": "2012-11-27T15:06:12Z",
            "updated_at": "2012-11-27T15:06:12Z",
            "author_association": "MEMBER",
            "body": "I don't think it is appropriate to create \"official\" support forums without previous notice. Also, i don't think many people are using Facebook for open source projects or even _anything_ development related.\n"
        },
        {
            "url": "https://api.github.com/repos/pallets/flask/issues/comments/10762894",
            "html_url": "https://github.com/pallets/flask/pull/638#issuecomment-10762894",
            "issue_url": "https://api.github.com/repos/pallets/flask/issues/638",
            "id": 10762894,
            "node_id": "MDEyOklzc3VlQ29tbWVudDEwNzYyODk0",
            "user": {
                "login": "kennethreitz",
                "id": 119893,
                "node_id": "MDQ6VXNlcjExOTg5Mw==",
                "avatar_url": "https://avatars2.githubusercontent.com/u/119893?v=4",
                "gravatar_id": "",
                "url": "https://api.github.com/users/kennethreitz",
                "html_url": "https://github.com/kennethreitz",
                "followers_url": "https://api.github.com/users/kennethreitz/followers",
                "following_url": "https://api.github.com/users/kennethreitz/following{/other_user}",
                "gists_url": "https://api.github.com/users/kennethreitz/gists{/gist_id}",
                "starred_url": "https://api.github.com/users/kennethreitz/starred{/owner}{/repo}",
                "subscriptions_url": "https://api.github.com/users/kennethreitz/subscriptions",
                "organizations_url": "https://api.github.com/users/kennethreitz/orgs",
                "repos_url": "https://api.github.com/users/kennethreitz/repos",
                "events_url": "https://api.github.com/users/kennethreitz/events{/privacy}",
                "received_events_url": "https://api.github.com/users/kennethreitz/received_events",
                "type": "User",
                "site_admin": false
            },
            "created_at": "2012-11-27T15:50:25Z",
            "updated_at": "2012-11-27T15:50:25Z",
            "author_association": "CONTRIBUTOR",
            "body": "+1, awesome unofficial group though\n"
        },
        {
            "url": "https://api.github.com/repos/pallets/flask/issues/comments/10763192",
            "html_url": "https://github.com/pallets/flask/pull/638#issuecomment-10763192",
            "issue_url": "https://api.github.com/repos/pallets/flask/issues/638",
            "id": 10763192,
            "node_id": "MDEyOklzc3VlQ29tbWVudDEwNzYzMTky",
            "user": {
                "login": "dhilipsiva",
                "id": 502170,
                "node_id": "MDQ6VXNlcjUwMjE3MA==",
                "avatar_url": "https://avatars2.githubusercontent.com/u/502170?v=4",
                "gravatar_id": "",
                "url": "https://api.github.com/users/dhilipsiva",
                "html_url": "https://github.com/dhilipsiva",
                "followers_url": "https://api.github.com/users/dhilipsiva/followers",
                "following_url": "https://api.github.com/users/dhilipsiva/following{/other_user}",
                "gists_url": "https://api.github.com/users/dhilipsiva/gists{/gist_id}",
                "starred_url": "https://api.github.com/users/dhilipsiva/starred{/owner}{/repo}",
                "subscriptions_url": "https://api.github.com/users/dhilipsiva/subscriptions",
                "organizations_url": "https://api.github.com/users/dhilipsiva/orgs",
                "repos_url": "https://api.github.com/users/dhilipsiva/repos",
                "events_url": "https://api.github.com/users/dhilipsiva/events{/privacy}",
                "received_events_url": "https://api.github.com/users/dhilipsiva/received_events",
                "type": "User",
                "site_admin": false
            },
            "created_at": "2012-11-27T15:57:00Z",
            "updated_at": "2012-11-27T15:57:00Z",
            "author_association": "NONE",
            "body": "@untitaker My apologies. Didn't wanted it to be official. I sometimes rely on Facebook groups to get help/support. When I searched, I didn't find any. So I created one myself. Apologies, again.\n"
        }
    ]
}