{
    "url": "https://api.github.com/repos/pallets/flask/issues/642",
    "repository_url": "https://api.github.com/repos/pallets/flask",
    "labels_url": "https://api.github.com/repos/pallets/flask/issues/642/labels{/name}",
    "comments_url": "https://api.github.com/repos/pallets/flask/issues/642/comments",
    "events_url": "https://api.github.com/repos/pallets/flask/issues/642/events",
    "html_url": "https://github.com/pallets/flask/issues/642",
    "id": 8798395,
    "node_id": "MDU6SXNzdWU4Nzk4Mzk1",
    "number": 642,
    "title": "Flaskr tests - 3 errors",
    "user": {
        "login": "DarkRedman",
        "id": 367844,
        "node_id": "MDQ6VXNlcjM2Nzg0NA==",
        "avatar_url": "https://avatars2.githubusercontent.com/u/367844?v=4",
        "gravatar_id": "",
        "url": "https://api.github.com/users/DarkRedman",
        "html_url": "https://github.com/DarkRedman",
        "followers_url": "https://api.github.com/users/DarkRedman/followers",
        "following_url": "https://api.github.com/users/DarkRedman/following{/other_user}",
        "gists_url": "https://api.github.com/users/DarkRedman/gists{/gist_id}",
        "starred_url": "https://api.github.com/users/DarkRedman/starred{/owner}{/repo}",
        "subscriptions_url": "https://api.github.com/users/DarkRedman/subscriptions",
        "organizations_url": "https://api.github.com/users/DarkRedman/orgs",
        "repos_url": "https://api.github.com/users/DarkRedman/repos",
        "events_url": "https://api.github.com/users/DarkRedman/events{/privacy}",
        "received_events_url": "https://api.github.com/users/DarkRedman/received_events",
        "type": "User",
        "site_admin": false
    },
    "labels": [],
    "state": "closed",
    "locked": false,
    "assignee": null,
    "assignees": [],
    "milestone": null,
    "comments": 3,
    "created_at": "2012-11-29T06:09:39Z",
    "updated_at": "2012-11-29T07:44:40Z",
    "closed_at": "2012-11-29T07:44:40Z",
    "author_association": "NONE",
    "body": "Hello,\n\nI'm using python (default version 2.7.3) on Ubuntu, I installed flask\n\nand then I'm running the tests of Flaskr and I got 3 errors.\n\n``` bash\nTraceback (most recent call last):\n  File \"flaskr_tests.py\", line 12, in <module>\n    import flaskr\n  File \"/home/user/flaskr/flaskr.py\", line 14, in <module>\n    from flask import Flask, request, session, g, redirect, url_for, abort, \\\nImportError: cannot import name _app_ctx_stack\n```\n\nI don't really understand how Flask doesn't have an object that Flaskr request, how could I fix it ?\n\nThanks in advance.\n",
    "comments_inline": [
        {
            "url": "https://api.github.com/repos/pallets/flask/issues/comments/10836842",
            "html_url": "https://github.com/pallets/flask/issues/642#issuecomment-10836842",
            "issue_url": "https://api.github.com/repos/pallets/flask/issues/642",
            "id": 10836842,
            "node_id": "MDEyOklzc3VlQ29tbWVudDEwODM2ODQy",
            "user": {
                "login": "soulseekah",
                "id": 685880,
                "node_id": "MDQ6VXNlcjY4NTg4MA==",
                "avatar_url": "https://avatars2.githubusercontent.com/u/685880?v=4",
                "gravatar_id": "",
                "url": "https://api.github.com/users/soulseekah",
                "html_url": "https://github.com/soulseekah",
                "followers_url": "https://api.github.com/users/soulseekah/followers",
                "following_url": "https://api.github.com/users/soulseekah/following{/other_user}",
                "gists_url": "https://api.github.com/users/soulseekah/gists{/gist_id}",
                "starred_url": "https://api.github.com/users/soulseekah/starred{/owner}{/repo}",
                "subscriptions_url": "https://api.github.com/users/soulseekah/subscriptions",
                "organizations_url": "https://api.github.com/users/soulseekah/orgs",
                "repos_url": "https://api.github.com/users/soulseekah/repos",
                "events_url": "https://api.github.com/users/soulseekah/events{/privacy}",
                "received_events_url": "https://api.github.com/users/soulseekah/received_events",
                "type": "User",
                "site_admin": false
            },
            "created_at": "2012-11-29T06:35:24Z",
            "updated_at": "2012-11-29T07:23:46Z",
            "author_association": "CONTRIBUTOR",
            "body": "What's the version of Flask your interpreter is running? Where did you get Flaskr from? if you're testing Flaskr from version > 0.9 with a Flask version < 0.9 it won't work. `_app_ctx_stack` was introduced between 0.8 and 0.9. Use the Flask from the save point in history (tag) as your current Flask version.\n"
        },
        {
            "url": "https://api.github.com/repos/pallets/flask/issues/comments/10837937",
            "html_url": "https://github.com/pallets/flask/issues/642#issuecomment-10837937",
            "issue_url": "https://api.github.com/repos/pallets/flask/issues/642",
            "id": 10837937,
            "node_id": "MDEyOklzc3VlQ29tbWVudDEwODM3OTM3",
            "user": {
                "login": "DarkRedman",
                "id": 367844,
                "node_id": "MDQ6VXNlcjM2Nzg0NA==",
                "avatar_url": "https://avatars2.githubusercontent.com/u/367844?v=4",
                "gravatar_id": "",
                "url": "https://api.github.com/users/DarkRedman",
                "html_url": "https://github.com/DarkRedman",
                "followers_url": "https://api.github.com/users/DarkRedman/followers",
                "following_url": "https://api.github.com/users/DarkRedman/following{/other_user}",
                "gists_url": "https://api.github.com/users/DarkRedman/gists{/gist_id}",
                "starred_url": "https://api.github.com/users/DarkRedman/starred{/owner}{/repo}",
                "subscriptions_url": "https://api.github.com/users/DarkRedman/subscriptions",
                "organizations_url": "https://api.github.com/users/DarkRedman/orgs",
                "repos_url": "https://api.github.com/users/DarkRedman/repos",
                "events_url": "https://api.github.com/users/DarkRedman/events{/privacy}",
                "received_events_url": "https://api.github.com/users/DarkRedman/received_events",
                "type": "User",
                "site_admin": false
            },
            "created_at": "2012-11-29T07:39:02Z",
            "updated_at": "2012-11-29T07:39:02Z",
            "author_association": "NONE",
            "body": "That's the package python-flask 0.8-1 I got from the Ubuntu software-center.\n"
        },
        {
            "url": "https://api.github.com/repos/pallets/flask/issues/comments/10838043",
            "html_url": "https://github.com/pallets/flask/issues/642#issuecomment-10838043",
            "issue_url": "https://api.github.com/repos/pallets/flask/issues/642",
            "id": 10838043,
            "node_id": "MDEyOklzc3VlQ29tbWVudDEwODM4MDQz",
            "user": {
                "login": "DarkRedman",
                "id": 367844,
                "node_id": "MDQ6VXNlcjM2Nzg0NA==",
                "avatar_url": "https://avatars2.githubusercontent.com/u/367844?v=4",
                "gravatar_id": "",
                "url": "https://api.github.com/users/DarkRedman",
                "html_url": "https://github.com/DarkRedman",
                "followers_url": "https://api.github.com/users/DarkRedman/followers",
                "following_url": "https://api.github.com/users/DarkRedman/following{/other_user}",
                "gists_url": "https://api.github.com/users/DarkRedman/gists{/gist_id}",
                "starred_url": "https://api.github.com/users/DarkRedman/starred{/owner}{/repo}",
                "subscriptions_url": "https://api.github.com/users/DarkRedman/subscriptions",
                "organizations_url": "https://api.github.com/users/DarkRedman/orgs",
                "repos_url": "https://api.github.com/users/DarkRedman/repos",
                "events_url": "https://api.github.com/users/DarkRedman/events{/privacy}",
                "received_events_url": "https://api.github.com/users/DarkRedman/received_events",
                "type": "User",
                "site_admin": false
            },
            "created_at": "2012-11-29T07:44:40Z",
            "updated_at": "2012-11-29T07:44:40Z",
            "author_association": "NONE",
            "body": "Finally I used pip to install flask 0.9 and it works well !\n"
        }
    ]
}