{
    "url": "https://api.github.com/repos/pallets/flask/issues/643",
    "repository_url": "https://api.github.com/repos/pallets/flask",
    "labels_url": "https://api.github.com/repos/pallets/flask/issues/643/labels{/name}",
    "comments_url": "https://api.github.com/repos/pallets/flask/issues/643/comments",
    "events_url": "https://api.github.com/repos/pallets/flask/issues/643/events",
    "html_url": "https://github.com/pallets/flask/pull/643",
    "id": 8902742,
    "node_id": "MDExOlB1bGxSZXF1ZXN0MzIwMDU0Mg==",
    "number": 643,
    "title": "Change readme file to use the reStructuredText format",
    "user": {
        "login": "arturdryomov",
        "id": 200401,
        "node_id": "MDQ6VXNlcjIwMDQwMQ==",
        "avatar_url": "https://avatars1.githubusercontent.com/u/200401?v=4",
        "gravatar_id": "",
        "url": "https://api.github.com/users/arturdryomov",
        "html_url": "https://github.com/arturdryomov",
        "followers_url": "https://api.github.com/users/arturdryomov/followers",
        "following_url": "https://api.github.com/users/arturdryomov/following{/other_user}",
        "gists_url": "https://api.github.com/users/arturdryomov/gists{/gist_id}",
        "starred_url": "https://api.github.com/users/arturdryomov/starred{/owner}{/repo}",
        "subscriptions_url": "https://api.github.com/users/arturdryomov/subscriptions",
        "organizations_url": "https://api.github.com/users/arturdryomov/orgs",
        "repos_url": "https://api.github.com/users/arturdryomov/repos",
        "events_url": "https://api.github.com/users/arturdryomov/events{/privacy}",
        "received_events_url": "https://api.github.com/users/arturdryomov/received_events",
        "type": "User",
        "site_admin": false
    },
    "labels": [],
    "state": "closed",
    "locked": false,
    "assignee": null,
    "assignees": [],
    "milestone": null,
    "comments": 1,
    "created_at": "2012-12-01T20:42:44Z",
    "updated_at": "2014-06-14T17:05:11Z",
    "closed_at": "2012-12-27T15:22:56Z",
    "author_association": "NONE",
    "pull_request": {
        "url": "https://api.github.com/repos/pallets/flask/pulls/643",
        "html_url": "https://github.com/pallets/flask/pull/643",
        "diff_url": "https://github.com/pallets/flask/pull/643.diff",
        "patch_url": "https://github.com/pallets/flask/pull/643.patch"
    },
    "body": "",
    "comments_inline": [
        {
            "url": "https://api.github.com/repos/pallets/flask/issues/comments/11710002",
            "html_url": "https://github.com/pallets/flask/pull/643#issuecomment-11710002",
            "issue_url": "https://api.github.com/repos/pallets/flask/issues/643",
            "id": 11710002,
            "node_id": "MDEyOklzc3VlQ29tbWVudDExNzEwMDAy",
            "user": {
                "login": "mitsuhiko",
                "id": 7396,
                "node_id": "MDQ6VXNlcjczOTY=",
                "avatar_url": "https://avatars1.githubusercontent.com/u/7396?v=4",
                "gravatar_id": "",
                "url": "https://api.github.com/users/mitsuhiko",
                "html_url": "https://github.com/mitsuhiko",
                "followers_url": "https://api.github.com/users/mitsuhiko/followers",
                "following_url": "https://api.github.com/users/mitsuhiko/following{/other_user}",
                "gists_url": "https://api.github.com/users/mitsuhiko/gists{/gist_id}",
                "starred_url": "https://api.github.com/users/mitsuhiko/starred{/owner}{/repo}",
                "subscriptions_url": "https://api.github.com/users/mitsuhiko/subscriptions",
                "organizations_url": "https://api.github.com/users/mitsuhiko/orgs",
                "repos_url": "https://api.github.com/users/mitsuhiko/repos",
                "events_url": "https://api.github.com/users/mitsuhiko/events{/privacy}",
                "received_events_url": "https://api.github.com/users/mitsuhiko/received_events",
                "type": "User",
                "site_admin": false
            },
            "created_at": "2012-12-27T15:22:54Z",
            "updated_at": "2012-12-27T15:22:54Z",
            "author_association": "MEMBER",
            "body": "I like ascii, easy to read :-)\n"
        }
    ]
}