{
    "url": "https://api.github.com/repos/pallets/flask/issues/644",
    "repository_url": "https://api.github.com/repos/pallets/flask",
    "labels_url": "https://api.github.com/repos/pallets/flask/issues/644/labels{/name}",
    "comments_url": "https://api.github.com/repos/pallets/flask/issues/644/comments",
    "events_url": "https://api.github.com/repos/pallets/flask/issues/644/events",
    "html_url": "https://github.com/pallets/flask/issues/644",
    "id": 8916570,
    "node_id": "MDU6SXNzdWU4OTE2NTcw",
    "number": 644,
    "title": "user could customs non-OK entry body",
    "user": {
        "login": "shuge",
        "id": 57847,
        "node_id": "MDQ6VXNlcjU3ODQ3",
        "avatar_url": "https://avatars1.githubusercontent.com/u/57847?v=4",
        "gravatar_id": "",
        "url": "https://api.github.com/users/shuge",
        "html_url": "https://github.com/shuge",
        "followers_url": "https://api.github.com/users/shuge/followers",
        "following_url": "https://api.github.com/users/shuge/following{/other_user}",
        "gists_url": "https://api.github.com/users/shuge/gists{/gist_id}",
        "starred_url": "https://api.github.com/users/shuge/starred{/owner}{/repo}",
        "subscriptions_url": "https://api.github.com/users/shuge/subscriptions",
        "organizations_url": "https://api.github.com/users/shuge/orgs",
        "repos_url": "https://api.github.com/users/shuge/repos",
        "events_url": "https://api.github.com/users/shuge/events{/privacy}",
        "received_events_url": "https://api.github.com/users/shuge/received_events",
        "type": "User",
        "site_admin": false
    },
    "labels": [],
    "state": "closed",
    "locked": false,
    "assignee": null,
    "assignees": [],
    "milestone": null,
    "comments": 1,
    "created_at": "2012-12-02T10:11:17Z",
    "updated_at": "2013-01-27T01:10:30Z",
    "closed_at": "2013-01-27T01:10:30Z",
    "author_association": "NONE",
    "body": "for example,\n\n```\nflask.abort(400, 'missing parameter username')\n```\n",
    "comments_inline": [
        {
            "url": "https://api.github.com/repos/pallets/flask/issues/comments/10928082",
            "html_url": "https://github.com/pallets/flask/issues/644#issuecomment-10928082",
            "issue_url": "https://api.github.com/repos/pallets/flask/issues/644",
            "id": 10928082,
            "node_id": "MDEyOklzc3VlQ29tbWVudDEwOTI4MDgy",
            "user": {
                "login": "soulseekah",
                "id": 685880,
                "node_id": "MDQ6VXNlcjY4NTg4MA==",
                "avatar_url": "https://avatars2.githubusercontent.com/u/685880?v=4",
                "gravatar_id": "",
                "url": "https://api.github.com/users/soulseekah",
                "html_url": "https://github.com/soulseekah",
                "followers_url": "https://api.github.com/users/soulseekah/followers",
                "following_url": "https://api.github.com/users/soulseekah/following{/other_user}",
                "gists_url": "https://api.github.com/users/soulseekah/gists{/gist_id}",
                "starred_url": "https://api.github.com/users/soulseekah/starred{/owner}{/repo}",
                "subscriptions_url": "https://api.github.com/users/soulseekah/subscriptions",
                "organizations_url": "https://api.github.com/users/soulseekah/orgs",
                "repos_url": "https://api.github.com/users/soulseekah/repos",
                "events_url": "https://api.github.com/users/soulseekah/events{/privacy}",
                "received_events_url": "https://api.github.com/users/soulseekah/received_events",
                "type": "User",
                "site_admin": false
            },
            "created_at": "2012-12-02T10:21:59Z",
            "updated_at": "2012-12-02T10:21:59Z",
            "author_association": "CONTRIBUTOR",
            "body": "Werkzeug territory https://github.com/mitsuhiko/werkzeug/blob/master/werkzeug/exceptions.py#L514\n"
        }
    ]
}