{
    "url": "https://api.github.com/repos/pallets/flask/issues/646",
    "repository_url": "https://api.github.com/repos/pallets/flask",
    "labels_url": "https://api.github.com/repos/pallets/flask/issues/646/labels{/name}",
    "comments_url": "https://api.github.com/repos/pallets/flask/issues/646/comments",
    "events_url": "https://api.github.com/repos/pallets/flask/issues/646/events",
    "html_url": "https://github.com/pallets/flask/issues/646",
    "id": 9135270,
    "node_id": "MDU6SXNzdWU5MTM1Mjcw",
    "number": 646,
    "title": "Please improve CGI documentation slightly.",
    "user": {
        "login": "vonj",
        "id": 1912892,
        "node_id": "MDQ6VXNlcjE5MTI4OTI=",
        "avatar_url": "https://avatars0.githubusercontent.com/u/1912892?v=4",
        "gravatar_id": "",
        "url": "https://api.github.com/users/vonj",
        "html_url": "https://github.com/vonj",
        "followers_url": "https://api.github.com/users/vonj/followers",
        "following_url": "https://api.github.com/users/vonj/following{/other_user}",
        "gists_url": "https://api.github.com/users/vonj/gists{/gist_id}",
        "starred_url": "https://api.github.com/users/vonj/starred{/owner}{/repo}",
        "subscriptions_url": "https://api.github.com/users/vonj/subscriptions",
        "organizations_url": "https://api.github.com/users/vonj/orgs",
        "repos_url": "https://api.github.com/users/vonj/repos",
        "events_url": "https://api.github.com/users/vonj/events{/privacy}",
        "received_events_url": "https://api.github.com/users/vonj/received_events",
        "type": "User",
        "site_admin": false
    },
    "labels": [],
    "state": "closed",
    "locked": false,
    "assignee": null,
    "assignees": [],
    "milestone": null,
    "comments": 3,
    "created_at": "2012-12-10T10:47:46Z",
    "updated_at": "2012-12-13T00:06:19Z",
    "closed_at": "2012-12-13T00:06:19Z",
    "author_association": "NONE",
    "body": "Please mention on web page that when deploying Flask on CGI, you can not have any random \"print\" in the source code, it will mess up the output.\n\nhttp://stackoverflow.com/a/13799083/193892\n",
    "comments_inline": [
        {
            "url": "https://api.github.com/repos/pallets/flask/issues/comments/11208453",
            "html_url": "https://github.com/pallets/flask/issues/646#issuecomment-11208453",
            "issue_url": "https://api.github.com/repos/pallets/flask/issues/646",
            "id": 11208453,
            "node_id": "MDEyOklzc3VlQ29tbWVudDExMjA4NDUz",
            "user": {
                "login": "untitaker",
                "id": 837573,
                "node_id": "MDQ6VXNlcjgzNzU3Mw==",
                "avatar_url": "https://avatars0.githubusercontent.com/u/837573?v=4",
                "gravatar_id": "",
                "url": "https://api.github.com/users/untitaker",
                "html_url": "https://github.com/untitaker",
                "followers_url": "https://api.github.com/users/untitaker/followers",
                "following_url": "https://api.github.com/users/untitaker/following{/other_user}",
                "gists_url": "https://api.github.com/users/untitaker/gists{/gist_id}",
                "starred_url": "https://api.github.com/users/untitaker/starred{/owner}{/repo}",
                "subscriptions_url": "https://api.github.com/users/untitaker/subscriptions",
                "organizations_url": "https://api.github.com/users/untitaker/orgs",
                "repos_url": "https://api.github.com/users/untitaker/repos",
                "events_url": "https://api.github.com/users/untitaker/events{/privacy}",
                "received_events_url": "https://api.github.com/users/untitaker/received_events",
                "type": "User",
                "site_admin": false
            },
            "created_at": "2012-12-10T17:39:13Z",
            "updated_at": "2012-12-10T17:39:13Z",
            "author_association": "MEMBER",
            "body": "Does #647 suffice?\n"
        },
        {
            "url": "https://api.github.com/repos/pallets/flask/issues/comments/11208530",
            "html_url": "https://github.com/pallets/flask/issues/646#issuecomment-11208530",
            "issue_url": "https://api.github.com/repos/pallets/flask/issues/646",
            "id": 11208530,
            "node_id": "MDEyOklzc3VlQ29tbWVudDExMjA4NTMw",
            "user": {
                "login": "kennethreitz",
                "id": 119893,
                "node_id": "MDQ6VXNlcjExOTg5Mw==",
                "avatar_url": "https://avatars2.githubusercontent.com/u/119893?v=4",
                "gravatar_id": "",
                "url": "https://api.github.com/users/kennethreitz",
                "html_url": "https://github.com/kennethreitz",
                "followers_url": "https://api.github.com/users/kennethreitz/followers",
                "following_url": "https://api.github.com/users/kennethreitz/following{/other_user}",
                "gists_url": "https://api.github.com/users/kennethreitz/gists{/gist_id}",
                "starred_url": "https://api.github.com/users/kennethreitz/starred{/owner}{/repo}",
                "subscriptions_url": "https://api.github.com/users/kennethreitz/subscriptions",
                "organizations_url": "https://api.github.com/users/kennethreitz/orgs",
                "repos_url": "https://api.github.com/users/kennethreitz/repos",
                "events_url": "https://api.github.com/users/kennethreitz/events{/privacy}",
                "received_events_url": "https://api.github.com/users/kennethreitz/received_events",
                "type": "User",
                "site_admin": false
            },
            "created_at": "2012-12-10T17:41:06Z",
            "updated_at": "2012-12-10T17:41:06Z",
            "author_association": "CONTRIBUTOR",
            "body": "A better solution may be to overtake sys.stdout.  \n\n## \n\nKenneth Reitz\n\nOn Monday, December 10, 2012 at 12:39 PM, Markus Unterwaditzer wrote:\n\n> Does #647 (https://github.com/mitsuhiko/flask/issues/647) suffice?\n> \n> \u2014\n> Reply to this email directly or view it on GitHub (https://github.com/mitsuhiko/flask/issues/646#issuecomment-11208453).  \n"
        },
        {
            "url": "https://api.github.com/repos/pallets/flask/issues/comments/11210604",
            "html_url": "https://github.com/pallets/flask/issues/646#issuecomment-11210604",
            "issue_url": "https://api.github.com/repos/pallets/flask/issues/646",
            "id": 11210604,
            "node_id": "MDEyOklzc3VlQ29tbWVudDExMjEwNjA0",
            "user": {
                "login": "vonj",
                "id": 1912892,
                "node_id": "MDQ6VXNlcjE5MTI4OTI=",
                "avatar_url": "https://avatars0.githubusercontent.com/u/1912892?v=4",
                "gravatar_id": "",
                "url": "https://api.github.com/users/vonj",
                "html_url": "https://github.com/vonj",
                "followers_url": "https://api.github.com/users/vonj/followers",
                "following_url": "https://api.github.com/users/vonj/following{/other_user}",
                "gists_url": "https://api.github.com/users/vonj/gists{/gist_id}",
                "starred_url": "https://api.github.com/users/vonj/starred{/owner}{/repo}",
                "subscriptions_url": "https://api.github.com/users/vonj/subscriptions",
                "organizations_url": "https://api.github.com/users/vonj/orgs",
                "repos_url": "https://api.github.com/users/vonj/repos",
                "events_url": "https://api.github.com/users/vonj/events{/privacy}",
                "received_events_url": "https://api.github.com/users/vonj/received_events",
                "type": "User",
                "site_admin": false
            },
            "created_at": "2012-12-10T18:28:48Z",
            "updated_at": "2012-12-10T18:28:48Z",
            "author_association": "NONE",
            "body": "647 is excellent.\n"
        }
    ]
}