{
    "url": "https://api.github.com/repos/pallets/flask/issues/647",
    "repository_url": "https://api.github.com/repos/pallets/flask",
    "labels_url": "https://api.github.com/repos/pallets/flask/issues/647/labels{/name}",
    "comments_url": "https://api.github.com/repos/pallets/flask/issues/647/comments",
    "events_url": "https://api.github.com/repos/pallets/flask/issues/647/events",
    "html_url": "https://github.com/pallets/flask/pull/647",
    "id": 9152051,
    "node_id": "MDExOlB1bGxSZXF1ZXN0MzMwNTI3Nw==",
    "number": 647,
    "title": "Added hint about print statements in CGI.",
    "user": {
        "login": "untitaker",
        "id": 837573,
        "node_id": "MDQ6VXNlcjgzNzU3Mw==",
        "avatar_url": "https://avatars0.githubusercontent.com/u/837573?v=4",
        "gravatar_id": "",
        "url": "https://api.github.com/users/untitaker",
        "html_url": "https://github.com/untitaker",
        "followers_url": "https://api.github.com/users/untitaker/followers",
        "following_url": "https://api.github.com/users/untitaker/following{/other_user}",
        "gists_url": "https://api.github.com/users/untitaker/gists{/gist_id}",
        "starred_url": "https://api.github.com/users/untitaker/starred{/owner}{/repo}",
        "subscriptions_url": "https://api.github.com/users/untitaker/subscriptions",
        "organizations_url": "https://api.github.com/users/untitaker/orgs",
        "repos_url": "https://api.github.com/users/untitaker/repos",
        "events_url": "https://api.github.com/users/untitaker/events{/privacy}",
        "received_events_url": "https://api.github.com/users/untitaker/received_events",
        "type": "User",
        "site_admin": false
    },
    "labels": [],
    "state": "closed",
    "locked": false,
    "assignee": null,
    "assignees": [],
    "milestone": null,
    "comments": 5,
    "created_at": "2012-12-10T17:38:48Z",
    "updated_at": "2014-06-14T17:05:02Z",
    "closed_at": "2012-12-13T00:06:18Z",
    "author_association": "MEMBER",
    "pull_request": {
        "url": "https://api.github.com/repos/pallets/flask/pulls/647",
        "html_url": "https://github.com/pallets/flask/pull/647",
        "diff_url": "https://github.com/pallets/flask/pull/647.diff",
        "patch_url": "https://github.com/pallets/flask/pull/647.patch"
    },
    "body": "Fix #646\n",
    "comments_inline": [
        {
            "url": "https://api.github.com/repos/pallets/flask/issues/comments/11210659",
            "html_url": "https://github.com/pallets/flask/pull/647#issuecomment-11210659",
            "issue_url": "https://api.github.com/repos/pallets/flask/issues/647",
            "id": 11210659,
            "node_id": "MDEyOklzc3VlQ29tbWVudDExMjEwNjU5",
            "user": {
                "login": "kennethreitz",
                "id": 119893,
                "node_id": "MDQ6VXNlcjExOTg5Mw==",
                "avatar_url": "https://avatars2.githubusercontent.com/u/119893?v=4",
                "gravatar_id": "",
                "url": "https://api.github.com/users/kennethreitz",
                "html_url": "https://github.com/kennethreitz",
                "followers_url": "https://api.github.com/users/kennethreitz/followers",
                "following_url": "https://api.github.com/users/kennethreitz/following{/other_user}",
                "gists_url": "https://api.github.com/users/kennethreitz/gists{/gist_id}",
                "starred_url": "https://api.github.com/users/kennethreitz/starred{/owner}{/repo}",
                "subscriptions_url": "https://api.github.com/users/kennethreitz/subscriptions",
                "organizations_url": "https://api.github.com/users/kennethreitz/orgs",
                "repos_url": "https://api.github.com/users/kennethreitz/repos",
                "events_url": "https://api.github.com/users/kennethreitz/events{/privacy}",
                "received_events_url": "https://api.github.com/users/kennethreitz/received_events",
                "type": "User",
                "site_admin": false
            },
            "created_at": "2012-12-10T18:30:09Z",
            "updated_at": "2012-12-10T18:30:09Z",
            "author_association": "CONTRIBUTOR",
            "body": "A better solution may be to overtake `sys.stdout`.\n"
        },
        {
            "url": "https://api.github.com/repos/pallets/flask/issues/comments/11211531",
            "html_url": "https://github.com/pallets/flask/pull/647#issuecomment-11211531",
            "issue_url": "https://api.github.com/repos/pallets/flask/issues/647",
            "id": 11211531,
            "node_id": "MDEyOklzc3VlQ29tbWVudDExMjExNTMx",
            "user": {
                "login": "untitaker",
                "id": 837573,
                "node_id": "MDQ6VXNlcjgzNzU3Mw==",
                "avatar_url": "https://avatars0.githubusercontent.com/u/837573?v=4",
                "gravatar_id": "",
                "url": "https://api.github.com/users/untitaker",
                "html_url": "https://github.com/untitaker",
                "followers_url": "https://api.github.com/users/untitaker/followers",
                "following_url": "https://api.github.com/users/untitaker/following{/other_user}",
                "gists_url": "https://api.github.com/users/untitaker/gists{/gist_id}",
                "starred_url": "https://api.github.com/users/untitaker/starred{/owner}{/repo}",
                "subscriptions_url": "https://api.github.com/users/untitaker/subscriptions",
                "organizations_url": "https://api.github.com/users/untitaker/orgs",
                "repos_url": "https://api.github.com/users/untitaker/repos",
                "events_url": "https://api.github.com/users/untitaker/events{/privacy}",
                "received_events_url": "https://api.github.com/users/untitaker/received_events",
                "type": "User",
                "site_admin": false
            },
            "created_at": "2012-12-10T18:50:55Z",
            "updated_at": "2012-12-10T19:28:32Z",
            "author_association": "MEMBER",
            "body": "You mean override it with noop? Should that be included in the docs or as part of flask? In the latter case, how should flask detect it's on CGI?\n"
        },
        {
            "url": "https://api.github.com/repos/pallets/flask/issues/comments/11217210",
            "html_url": "https://github.com/pallets/flask/pull/647#issuecomment-11217210",
            "issue_url": "https://api.github.com/repos/pallets/flask/issues/647",
            "id": 11217210,
            "node_id": "MDEyOklzc3VlQ29tbWVudDExMjE3MjEw",
            "user": {
                "login": "untitaker",
                "id": 837573,
                "node_id": "MDQ6VXNlcjgzNzU3Mw==",
                "avatar_url": "https://avatars0.githubusercontent.com/u/837573?v=4",
                "gravatar_id": "",
                "url": "https://api.github.com/users/untitaker",
                "html_url": "https://github.com/untitaker",
                "followers_url": "https://api.github.com/users/untitaker/followers",
                "following_url": "https://api.github.com/users/untitaker/following{/other_user}",
                "gists_url": "https://api.github.com/users/untitaker/gists{/gist_id}",
                "starred_url": "https://api.github.com/users/untitaker/starred{/owner}{/repo}",
                "subscriptions_url": "https://api.github.com/users/untitaker/subscriptions",
                "organizations_url": "https://api.github.com/users/untitaker/orgs",
                "repos_url": "https://api.github.com/users/untitaker/repos",
                "events_url": "https://api.github.com/users/untitaker/events{/privacy}",
                "received_events_url": "https://api.github.com/users/untitaker/received_events",
                "type": "User",
                "site_admin": false
            },
            "created_at": "2012-12-10T20:57:19Z",
            "updated_at": "2012-12-10T20:57:19Z",
            "author_association": "MEMBER",
            "body": "Better?\n"
        },
        {
            "url": "https://api.github.com/repos/pallets/flask/issues/comments/11316235",
            "html_url": "https://github.com/pallets/flask/pull/647#issuecomment-11316235",
            "issue_url": "https://api.github.com/repos/pallets/flask/issues/647",
            "id": 11316235,
            "node_id": "MDEyOklzc3VlQ29tbWVudDExMzE2MjM1",
            "user": {
                "login": "kennethreitz",
                "id": 119893,
                "node_id": "MDQ6VXNlcjExOTg5Mw==",
                "avatar_url": "https://avatars2.githubusercontent.com/u/119893?v=4",
                "gravatar_id": "",
                "url": "https://api.github.com/users/kennethreitz",
                "html_url": "https://github.com/kennethreitz",
                "followers_url": "https://api.github.com/users/kennethreitz/followers",
                "following_url": "https://api.github.com/users/kennethreitz/following{/other_user}",
                "gists_url": "https://api.github.com/users/kennethreitz/gists{/gist_id}",
                "starred_url": "https://api.github.com/users/kennethreitz/starred{/owner}{/repo}",
                "subscriptions_url": "https://api.github.com/users/kennethreitz/subscriptions",
                "organizations_url": "https://api.github.com/users/kennethreitz/orgs",
                "repos_url": "https://api.github.com/users/kennethreitz/repos",
                "events_url": "https://api.github.com/users/kennethreitz/events{/privacy}",
                "received_events_url": "https://api.github.com/users/kennethreitz/received_events",
                "type": "User",
                "site_admin": false
            },
            "created_at": "2012-12-13T00:06:16Z",
            "updated_at": "2012-12-13T00:06:16Z",
            "author_association": "CONTRIBUTOR",
            "body": "Thanks!\n"
        },
        {
            "url": "https://api.github.com/repos/pallets/flask/issues/comments/11326329",
            "html_url": "https://github.com/pallets/flask/pull/647#issuecomment-11326329",
            "issue_url": "https://api.github.com/repos/pallets/flask/issues/647",
            "id": 11326329,
            "node_id": "MDEyOklzc3VlQ29tbWVudDExMzI2MzI5",
            "user": {
                "login": "untitaker",
                "id": 837573,
                "node_id": "MDQ6VXNlcjgzNzU3Mw==",
                "avatar_url": "https://avatars0.githubusercontent.com/u/837573?v=4",
                "gravatar_id": "",
                "url": "https://api.github.com/users/untitaker",
                "html_url": "https://github.com/untitaker",
                "followers_url": "https://api.github.com/users/untitaker/followers",
                "following_url": "https://api.github.com/users/untitaker/following{/other_user}",
                "gists_url": "https://api.github.com/users/untitaker/gists{/gist_id}",
                "starred_url": "https://api.github.com/users/untitaker/starred{/owner}{/repo}",
                "subscriptions_url": "https://api.github.com/users/untitaker/subscriptions",
                "organizations_url": "https://api.github.com/users/untitaker/orgs",
                "repos_url": "https://api.github.com/users/untitaker/repos",
                "events_url": "https://api.github.com/users/untitaker/events{/privacy}",
                "received_events_url": "https://api.github.com/users/untitaker/received_events",
                "type": "User",
                "site_admin": false
            },
            "created_at": "2012-12-13T08:28:12Z",
            "updated_at": "2012-12-13T08:28:12Z",
            "author_association": "MEMBER",
            "body": "Ugh, I just realized that I wrote \"stdin\" instead of \"stdout\".\n"
        }
    ]
}