{
    "url": "https://api.github.com/repos/pallets/flask/issues/65",
    "repository_url": "https://api.github.com/repos/pallets/flask",
    "labels_url": "https://api.github.com/repos/pallets/flask/issues/65/labels{/name}",
    "comments_url": "https://api.github.com/repos/pallets/flask/issues/65/comments",
    "events_url": "https://api.github.com/repos/pallets/flask/issues/65/events",
    "html_url": "https://github.com/pallets/flask/issues/65",
    "id": 215687,
    "node_id": "MDU6SXNzdWUyMTU2ODc=",
    "number": 65,
    "title": "Logger Decorator for Additional Information Injection",
    "user": {
        "login": "mitsuhiko",
        "id": 7396,
        "node_id": "MDQ6VXNlcjczOTY=",
        "avatar_url": "https://avatars1.githubusercontent.com/u/7396?v=4",
        "gravatar_id": "",
        "url": "https://api.github.com/users/mitsuhiko",
        "html_url": "https://github.com/mitsuhiko",
        "followers_url": "https://api.github.com/users/mitsuhiko/followers",
        "following_url": "https://api.github.com/users/mitsuhiko/following{/other_user}",
        "gists_url": "https://api.github.com/users/mitsuhiko/gists{/gist_id}",
        "starred_url": "https://api.github.com/users/mitsuhiko/starred{/owner}{/repo}",
        "subscriptions_url": "https://api.github.com/users/mitsuhiko/subscriptions",
        "organizations_url": "https://api.github.com/users/mitsuhiko/orgs",
        "repos_url": "https://api.github.com/users/mitsuhiko/repos",
        "events_url": "https://api.github.com/users/mitsuhiko/events{/privacy}",
        "received_events_url": "https://api.github.com/users/mitsuhiko/received_events",
        "type": "User",
        "site_admin": false
    },
    "labels": [],
    "state": "closed",
    "locked": false,
    "assignee": null,
    "assignees": [],
    "milestone": null,
    "comments": 4,
    "created_at": "2010-06-06T23:00:09Z",
    "updated_at": "2012-10-12T20:56:42Z",
    "closed_at": "2010-06-29T14:03:22Z",
    "author_association": "MEMBER",
    "body": "Once the module is split into a package (#62) it should be possible to lazily import the logger system and with that wrap the Flask logger with a class that injects additional information to the logging system for each log.\n\nThis should make it possible to log the request URI, remote address and some other things.\n",
    "comments_inline": [
        {
            "url": "https://api.github.com/repos/pallets/flask/issues/comments/285806",
            "html_url": "https://github.com/pallets/flask/issues/65#issuecomment-285806",
            "issue_url": "https://api.github.com/repos/pallets/flask/issues/65",
            "id": 285806,
            "node_id": "MDEyOklzc3VlQ29tbWVudDI4NTgwNg==",
            "user": {
                "login": "mitsuhiko",
                "id": 7396,
                "node_id": "MDQ6VXNlcjczOTY=",
                "avatar_url": "https://avatars1.githubusercontent.com/u/7396?v=4",
                "gravatar_id": "",
                "url": "https://api.github.com/users/mitsuhiko",
                "html_url": "https://github.com/mitsuhiko",
                "followers_url": "https://api.github.com/users/mitsuhiko/followers",
                "following_url": "https://api.github.com/users/mitsuhiko/following{/other_user}",
                "gists_url": "https://api.github.com/users/mitsuhiko/gists{/gist_id}",
                "starred_url": "https://api.github.com/users/mitsuhiko/starred{/owner}{/repo}",
                "subscriptions_url": "https://api.github.com/users/mitsuhiko/subscriptions",
                "organizations_url": "https://api.github.com/users/mitsuhiko/orgs",
                "repos_url": "https://api.github.com/users/mitsuhiko/repos",
                "events_url": "https://api.github.com/users/mitsuhiko/events{/privacy}",
                "received_events_url": "https://api.github.com/users/mitsuhiko/received_events",
                "type": "User",
                "site_admin": false
            },
            "created_at": "2010-06-23T20:22:12Z",
            "updated_at": "2010-06-23T20:22:12Z",
            "author_association": "MEMBER",
            "body": "On a second thought. That could go into a Flask-Awesome-Logging extension.\n"
        },
        {
            "url": "https://api.github.com/repos/pallets/flask/issues/comments/292192",
            "html_url": "https://github.com/pallets/flask/issues/65#issuecomment-292192",
            "issue_url": "https://api.github.com/repos/pallets/flask/issues/65",
            "id": 292192,
            "node_id": "MDEyOklzc3VlQ29tbWVudDI5MjE5Mg==",
            "user": {
                "login": "mitsuhiko",
                "id": 7396,
                "node_id": "MDQ6VXNlcjczOTY=",
                "avatar_url": "https://avatars1.githubusercontent.com/u/7396?v=4",
                "gravatar_id": "",
                "url": "https://api.github.com/users/mitsuhiko",
                "html_url": "https://github.com/mitsuhiko",
                "followers_url": "https://api.github.com/users/mitsuhiko/followers",
                "following_url": "https://api.github.com/users/mitsuhiko/following{/other_user}",
                "gists_url": "https://api.github.com/users/mitsuhiko/gists{/gist_id}",
                "starred_url": "https://api.github.com/users/mitsuhiko/starred{/owner}{/repo}",
                "subscriptions_url": "https://api.github.com/users/mitsuhiko/subscriptions",
                "organizations_url": "https://api.github.com/users/mitsuhiko/orgs",
                "repos_url": "https://api.github.com/users/mitsuhiko/repos",
                "events_url": "https://api.github.com/users/mitsuhiko/events{/privacy}",
                "received_events_url": "https://api.github.com/users/mitsuhiko/received_events",
                "type": "User",
                "site_admin": false
            },
            "created_at": "2010-06-29T14:03:22Z",
            "updated_at": "2010-06-29T14:03:22Z",
            "author_association": "MEMBER",
            "body": "That is now in a separate extension.\n"
        },
        {
            "url": "https://api.github.com/repos/pallets/flask/issues/comments/9389654",
            "html_url": "https://github.com/pallets/flask/issues/65#issuecomment-9389654",
            "issue_url": "https://api.github.com/repos/pallets/flask/issues/65",
            "id": 9389654,
            "node_id": "MDEyOklzc3VlQ29tbWVudDkzODk2NTQ=",
            "user": {
                "login": "foresto",
                "id": 322134,
                "node_id": "MDQ6VXNlcjMyMjEzNA==",
                "avatar_url": "https://avatars1.githubusercontent.com/u/322134?v=4",
                "gravatar_id": "",
                "url": "https://api.github.com/users/foresto",
                "html_url": "https://github.com/foresto",
                "followers_url": "https://api.github.com/users/foresto/followers",
                "following_url": "https://api.github.com/users/foresto/following{/other_user}",
                "gists_url": "https://api.github.com/users/foresto/gists{/gist_id}",
                "starred_url": "https://api.github.com/users/foresto/starred{/owner}{/repo}",
                "subscriptions_url": "https://api.github.com/users/foresto/subscriptions",
                "organizations_url": "https://api.github.com/users/foresto/orgs",
                "repos_url": "https://api.github.com/users/foresto/repos",
                "events_url": "https://api.github.com/users/foresto/events{/privacy}",
                "received_events_url": "https://api.github.com/users/foresto/received_events",
                "type": "User",
                "site_admin": false
            },
            "created_at": "2012-10-12T20:43:41Z",
            "updated_at": "2012-10-12T20:43:41Z",
            "author_association": "NONE",
            "body": "Funny... I was just about to file a feature request for this. (I need a way to add request.remote_addr to the vars that are available to logger format strings.)\n\nWhere is this separate extension?  I don't see it on pypi or anyplace else I could think of.\n"
        },
        {
            "url": "https://api.github.com/repos/pallets/flask/issues/comments/9390038",
            "html_url": "https://github.com/pallets/flask/issues/65#issuecomment-9390038",
            "issue_url": "https://api.github.com/repos/pallets/flask/issues/65",
            "id": 9390038,
            "node_id": "MDEyOklzc3VlQ29tbWVudDkzOTAwMzg=",
            "user": {
                "login": "foresto",
                "id": 322134,
                "node_id": "MDQ6VXNlcjMyMjEzNA==",
                "avatar_url": "https://avatars1.githubusercontent.com/u/322134?v=4",
                "gravatar_id": "",
                "url": "https://api.github.com/users/foresto",
                "html_url": "https://github.com/foresto",
                "followers_url": "https://api.github.com/users/foresto/followers",
                "following_url": "https://api.github.com/users/foresto/following{/other_user}",
                "gists_url": "https://api.github.com/users/foresto/gists{/gist_id}",
                "starred_url": "https://api.github.com/users/foresto/starred{/owner}{/repo}",
                "subscriptions_url": "https://api.github.com/users/foresto/subscriptions",
                "organizations_url": "https://api.github.com/users/foresto/orgs",
                "repos_url": "https://api.github.com/users/foresto/repos",
                "events_url": "https://api.github.com/users/foresto/events{/privacy}",
                "received_events_url": "https://api.github.com/users/foresto/received_events",
                "type": "User",
                "site_admin": false
            },
            "created_at": "2012-10-12T20:56:42Z",
            "updated_at": "2012-10-12T20:56:42Z",
            "author_association": "NONE",
            "body": "I think I've found the extension, but its most recent commit says \"abandoning library\" and it doesn't show up on pypi even when I search for it by its exact name.  Is the extension dead?\nhttps://github.com/mitsuhiko/flask-extended-logging\n\nIs it worth filing a new feature request? All I really need is the ability to use python's existing logging.LoggerAdapter class with my flask apps, but flask's current way of initializing and exposing Flask.logger makes this rather difficult.\n"
        }
    ]
}