{
    "url": "https://api.github.com/repos/pallets/flask/issues/650",
    "repository_url": "https://api.github.com/repos/pallets/flask",
    "labels_url": "https://api.github.com/repos/pallets/flask/issues/650/labels{/name}",
    "comments_url": "https://api.github.com/repos/pallets/flask/issues/650/comments",
    "events_url": "https://api.github.com/repos/pallets/flask/issues/650/events",
    "html_url": "https://github.com/pallets/flask/issues/650",
    "id": 9214486,
    "node_id": "MDU6SXNzdWU5MjE0NDg2",
    "number": 650,
    "title": "wiki: Large app how to, incompete and not runnable",
    "user": {
        "login": "quite",
        "id": 488679,
        "node_id": "MDQ6VXNlcjQ4ODY3OQ==",
        "avatar_url": "https://avatars3.githubusercontent.com/u/488679?v=4",
        "gravatar_id": "",
        "url": "https://api.github.com/users/quite",
        "html_url": "https://github.com/quite",
        "followers_url": "https://api.github.com/users/quite/followers",
        "following_url": "https://api.github.com/users/quite/following{/other_user}",
        "gists_url": "https://api.github.com/users/quite/gists{/gist_id}",
        "starred_url": "https://api.github.com/users/quite/starred{/owner}{/repo}",
        "subscriptions_url": "https://api.github.com/users/quite/subscriptions",
        "organizations_url": "https://api.github.com/users/quite/orgs",
        "repos_url": "https://api.github.com/users/quite/repos",
        "events_url": "https://api.github.com/users/quite/events{/privacy}",
        "received_events_url": "https://api.github.com/users/quite/received_events",
        "type": "User",
        "site_admin": false
    },
    "labels": [],
    "state": "closed",
    "locked": false,
    "assignee": null,
    "assignees": [],
    "milestone": null,
    "comments": 1,
    "created_at": "2012-12-12T12:34:04Z",
    "updated_at": "2013-01-27T01:10:39Z",
    "closed_at": "2013-01-27T01:10:39Z",
    "author_association": "NONE",
    "body": "I thought this would be a nice skeleton for a beginner, but it's incomplete.\nWhat should go the following?\n\n  /app/users/**init**.py\n\nPerhaps I'm just ignorant about python module system...\n",
    "comments_inline": [
        {
            "url": "https://api.github.com/repos/pallets/flask/issues/comments/11301174",
            "html_url": "https://github.com/pallets/flask/issues/650#issuecomment-11301174",
            "issue_url": "https://api.github.com/repos/pallets/flask/issues/650",
            "id": 11301174,
            "node_id": "MDEyOklzc3VlQ29tbWVudDExMzAxMTc0",
            "user": {
                "login": "soulseekah",
                "id": 685880,
                "node_id": "MDQ6VXNlcjY4NTg4MA==",
                "avatar_url": "https://avatars2.githubusercontent.com/u/685880?v=4",
                "gravatar_id": "",
                "url": "https://api.github.com/users/soulseekah",
                "html_url": "https://github.com/soulseekah",
                "followers_url": "https://api.github.com/users/soulseekah/followers",
                "following_url": "https://api.github.com/users/soulseekah/following{/other_user}",
                "gists_url": "https://api.github.com/users/soulseekah/gists{/gist_id}",
                "starred_url": "https://api.github.com/users/soulseekah/starred{/owner}{/repo}",
                "subscriptions_url": "https://api.github.com/users/soulseekah/subscriptions",
                "organizations_url": "https://api.github.com/users/soulseekah/orgs",
                "repos_url": "https://api.github.com/users/soulseekah/repos",
                "events_url": "https://api.github.com/users/soulseekah/events{/privacy}",
                "received_events_url": "https://api.github.com/users/soulseekah/received_events",
                "type": "User",
                "site_admin": false
            },
            "created_at": "2012-12-12T18:21:20Z",
            "updated_at": "2012-12-12T18:21:20Z",
            "author_association": "CONTRIBUTOR",
            "body": "i do not think this is the appropriate system to get help at. Try the [`#pocoo`](http://flask.pocoo.org/community/irc/) channel on IRC instead to further clarify your issue and get guidance.\n"
        }
    ]
}