{
    "url": "https://api.github.com/repos/pallets/flask/issues/653",
    "repository_url": "https://api.github.com/repos/pallets/flask",
    "labels_url": "https://api.github.com/repos/pallets/flask/issues/653/labels{/name}",
    "comments_url": "https://api.github.com/repos/pallets/flask/issues/653/comments",
    "events_url": "https://api.github.com/repos/pallets/flask/issues/653/events",
    "html_url": "https://github.com/pallets/flask/pull/653",
    "id": 9247187,
    "node_id": "MDExOlB1bGxSZXF1ZXN0MzM1MjU3Mw==",
    "number": 653,
    "title": "docs/extensiondev: Use `current_app` instead of `self.app`",
    "user": {
        "login": "methane",
        "id": 199592,
        "node_id": "MDQ6VXNlcjE5OTU5Mg==",
        "avatar_url": "https://avatars2.githubusercontent.com/u/199592?v=4",
        "gravatar_id": "",
        "url": "https://api.github.com/users/methane",
        "html_url": "https://github.com/methane",
        "followers_url": "https://api.github.com/users/methane/followers",
        "following_url": "https://api.github.com/users/methane/following{/other_user}",
        "gists_url": "https://api.github.com/users/methane/gists{/gist_id}",
        "starred_url": "https://api.github.com/users/methane/starred{/owner}{/repo}",
        "subscriptions_url": "https://api.github.com/users/methane/subscriptions",
        "organizations_url": "https://api.github.com/users/methane/orgs",
        "repos_url": "https://api.github.com/users/methane/repos",
        "events_url": "https://api.github.com/users/methane/events{/privacy}",
        "received_events_url": "https://api.github.com/users/methane/received_events",
        "type": "User",
        "site_admin": false
    },
    "labels": [],
    "state": "closed",
    "locked": false,
    "assignee": null,
    "assignees": [],
    "milestone": null,
    "comments": 0,
    "created_at": "2012-12-13T10:05:10Z",
    "updated_at": "2014-06-14T17:04:45Z",
    "closed_at": "2012-12-27T15:22:05Z",
    "author_association": "CONTRIBUTOR",
    "pull_request": {
        "url": "https://api.github.com/repos/pallets/flask/pulls/653",
        "html_url": "https://github.com/pallets/flask/pull/653",
        "diff_url": "https://github.com/pallets/flask/pull/653.diff",
        "patch_url": "https://github.com/pallets/flask/pull/653.patch"
    },
    "body": ""
}