{
    "url": "https://api.github.com/repos/pallets/flask/issues/654",
    "repository_url": "https://api.github.com/repos/pallets/flask",
    "labels_url": "https://api.github.com/repos/pallets/flask/issues/654/labels{/name}",
    "comments_url": "https://api.github.com/repos/pallets/flask/issues/654/comments",
    "events_url": "https://api.github.com/repos/pallets/flask/issues/654/events",
    "html_url": "https://github.com/pallets/flask/pull/654",
    "id": 9346777,
    "node_id": "MDExOlB1bGxSZXF1ZXN0MzM5OTgxNg==",
    "number": 654,
    "title": "Fixing my own pull request #647",
    "user": {
        "login": "untitaker",
        "id": 837573,
        "node_id": "MDQ6VXNlcjgzNzU3Mw==",
        "avatar_url": "https://avatars0.githubusercontent.com/u/837573?v=4",
        "gravatar_id": "",
        "url": "https://api.github.com/users/untitaker",
        "html_url": "https://github.com/untitaker",
        "followers_url": "https://api.github.com/users/untitaker/followers",
        "following_url": "https://api.github.com/users/untitaker/following{/other_user}",
        "gists_url": "https://api.github.com/users/untitaker/gists{/gist_id}",
        "starred_url": "https://api.github.com/users/untitaker/starred{/owner}{/repo}",
        "subscriptions_url": "https://api.github.com/users/untitaker/subscriptions",
        "organizations_url": "https://api.github.com/users/untitaker/orgs",
        "repos_url": "https://api.github.com/users/untitaker/repos",
        "events_url": "https://api.github.com/users/untitaker/events{/privacy}",
        "received_events_url": "https://api.github.com/users/untitaker/received_events",
        "type": "User",
        "site_admin": false
    },
    "labels": [],
    "state": "closed",
    "locked": false,
    "assignee": null,
    "assignees": [],
    "milestone": null,
    "comments": 0,
    "created_at": "2012-12-17T20:34:09Z",
    "updated_at": "2014-06-14T17:04:42Z",
    "closed_at": "2012-12-27T15:20:39Z",
    "author_association": "MEMBER",
    "pull_request": {
        "url": "https://api.github.com/repos/pallets/flask/pulls/654",
        "html_url": "https://github.com/pallets/flask/pull/654",
        "diff_url": "https://github.com/pallets/flask/pull/654.diff",
        "patch_url": "https://github.com/pallets/flask/pull/654.patch"
    },
    "body": "Wrote \"stdin\" instead of \"stdout\".\n\nFixes #647\n"
}