{
    "url": "https://api.github.com/repos/pallets/flask/issues/656",
    "repository_url": "https://api.github.com/repos/pallets/flask",
    "labels_url": "https://api.github.com/repos/pallets/flask/issues/656/labels{/name}",
    "comments_url": "https://api.github.com/repos/pallets/flask/issues/656/comments",
    "events_url": "https://api.github.com/repos/pallets/flask/issues/656/events",
    "html_url": "https://github.com/pallets/flask/pull/656",
    "id": 9544072,
    "node_id": "MDExOlB1bGxSZXF1ZXN0MzQ5MzUyNQ==",
    "number": 656,
    "title": "Dont show tweets with the same text tweeted by different users",
    "user": {
        "login": "lovesh",
        "id": 3115401,
        "node_id": "MDQ6VXNlcjMxMTU0MDE=",
        "avatar_url": "https://avatars0.githubusercontent.com/u/3115401?v=4",
        "gravatar_id": "",
        "url": "https://api.github.com/users/lovesh",
        "html_url": "https://github.com/lovesh",
        "followers_url": "https://api.github.com/users/lovesh/followers",
        "following_url": "https://api.github.com/users/lovesh/following{/other_user}",
        "gists_url": "https://api.github.com/users/lovesh/gists{/gist_id}",
        "starred_url": "https://api.github.com/users/lovesh/starred{/owner}{/repo}",
        "subscriptions_url": "https://api.github.com/users/lovesh/subscriptions",
        "organizations_url": "https://api.github.com/users/lovesh/orgs",
        "repos_url": "https://api.github.com/users/lovesh/repos",
        "events_url": "https://api.github.com/users/lovesh/events{/privacy}",
        "received_events_url": "https://api.github.com/users/lovesh/received_events",
        "type": "User",
        "site_admin": false
    },
    "labels": [],
    "state": "closed",
    "locked": false,
    "assignee": null,
    "assignees": [],
    "milestone": null,
    "comments": 3,
    "created_at": "2012-12-27T19:12:19Z",
    "updated_at": "2014-06-14T17:12:43Z",
    "closed_at": "2013-01-25T04:14:13Z",
    "author_association": "NONE",
    "pull_request": {
        "url": "https://api.github.com/repos/pallets/flask/pulls/656",
        "html_url": "https://github.com/pallets/flask/pull/656",
        "diff_url": "https://github.com/pallets/flask/pull/656.diff",
        "patch_url": "https://github.com/pallets/flask/pull/656.patch"
    },
    "body": "repetitively but show the text once and the tweeters and the retweeters\n",
    "comments_inline": [
        {
            "url": "https://api.github.com/repos/pallets/flask/issues/comments/12687357",
            "html_url": "https://github.com/pallets/flask/pull/656#issuecomment-12687357",
            "issue_url": "https://api.github.com/repos/pallets/flask/issues/656",
            "id": 12687357,
            "node_id": "MDEyOklzc3VlQ29tbWVudDEyNjg3MzU3",
            "user": {
                "login": "kennethreitz",
                "id": 119893,
                "node_id": "MDQ6VXNlcjExOTg5Mw==",
                "avatar_url": "https://avatars2.githubusercontent.com/u/119893?v=4",
                "gravatar_id": "",
                "url": "https://api.github.com/users/kennethreitz",
                "html_url": "https://github.com/kennethreitz",
                "followers_url": "https://api.github.com/users/kennethreitz/followers",
                "following_url": "https://api.github.com/users/kennethreitz/following{/other_user}",
                "gists_url": "https://api.github.com/users/kennethreitz/gists{/gist_id}",
                "starred_url": "https://api.github.com/users/kennethreitz/starred{/owner}{/repo}",
                "subscriptions_url": "https://api.github.com/users/kennethreitz/subscriptions",
                "organizations_url": "https://api.github.com/users/kennethreitz/orgs",
                "repos_url": "https://api.github.com/users/kennethreitz/repos",
                "events_url": "https://api.github.com/users/kennethreitz/events{/privacy}",
                "received_events_url": "https://api.github.com/users/kennethreitz/received_events",
                "type": "User",
                "site_admin": false
            },
            "created_at": "2013-01-25T04:14:12Z",
            "updated_at": "2013-01-25T04:14:12Z",
            "author_association": "CONTRIBUTOR",
            "body": "This seems a bit overkill to me :)\n"
        },
        {
            "url": "https://api.github.com/repos/pallets/flask/issues/comments/12687360",
            "html_url": "https://github.com/pallets/flask/pull/656#issuecomment-12687360",
            "issue_url": "https://api.github.com/repos/pallets/flask/issues/656",
            "id": 12687360,
            "node_id": "MDEyOklzc3VlQ29tbWVudDEyNjg3MzYw",
            "user": {
                "login": "kennethreitz",
                "id": 119893,
                "node_id": "MDQ6VXNlcjExOTg5Mw==",
                "avatar_url": "https://avatars2.githubusercontent.com/u/119893?v=4",
                "gravatar_id": "",
                "url": "https://api.github.com/users/kennethreitz",
                "html_url": "https://github.com/kennethreitz",
                "followers_url": "https://api.github.com/users/kennethreitz/followers",
                "following_url": "https://api.github.com/users/kennethreitz/following{/other_user}",
                "gists_url": "https://api.github.com/users/kennethreitz/gists{/gist_id}",
                "starred_url": "https://api.github.com/users/kennethreitz/starred{/owner}{/repo}",
                "subscriptions_url": "https://api.github.com/users/kennethreitz/subscriptions",
                "organizations_url": "https://api.github.com/users/kennethreitz/orgs",
                "repos_url": "https://api.github.com/users/kennethreitz/repos",
                "events_url": "https://api.github.com/users/kennethreitz/events{/privacy}",
                "received_events_url": "https://api.github.com/users/kennethreitz/received_events",
                "type": "User",
                "site_admin": false
            },
            "created_at": "2013-01-25T04:14:17Z",
            "updated_at": "2013-01-25T04:14:17Z",
            "author_association": "CONTRIBUTOR",
            "body": "Thanks though!\n"
        },
        {
            "url": "https://api.github.com/repos/pallets/flask/issues/comments/12688048",
            "html_url": "https://github.com/pallets/flask/pull/656#issuecomment-12688048",
            "issue_url": "https://api.github.com/repos/pallets/flask/issues/656",
            "id": 12688048,
            "node_id": "MDEyOklzc3VlQ29tbWVudDEyNjg4MDQ4",
            "user": {
                "login": "lovesh",
                "id": 3115401,
                "node_id": "MDQ6VXNlcjMxMTU0MDE=",
                "avatar_url": "https://avatars0.githubusercontent.com/u/3115401?v=4",
                "gravatar_id": "",
                "url": "https://api.github.com/users/lovesh",
                "html_url": "https://github.com/lovesh",
                "followers_url": "https://api.github.com/users/lovesh/followers",
                "following_url": "https://api.github.com/users/lovesh/following{/other_user}",
                "gists_url": "https://api.github.com/users/lovesh/gists{/gist_id}",
                "starred_url": "https://api.github.com/users/lovesh/starred{/owner}{/repo}",
                "subscriptions_url": "https://api.github.com/users/lovesh/subscriptions",
                "organizations_url": "https://api.github.com/users/lovesh/orgs",
                "repos_url": "https://api.github.com/users/lovesh/repos",
                "events_url": "https://api.github.com/users/lovesh/events{/privacy}",
                "received_events_url": "https://api.github.com/users/lovesh/received_events",
                "type": "User",
                "site_admin": false
            },
            "created_at": "2013-01-25T04:53:57Z",
            "updated_at": "2013-01-25T04:53:57Z",
            "author_association": "NONE",
            "body": "Hi\nCan you please expand a bit on \"overkill\" ?\n\nThanks for your time\n\nOn Fri, Jan 25, 2013 at 9:44 AM, Kenneth Reitz notifications@github.comwrote:\n\n> Thanks though!\n> \n> \u2014\n> Reply to this email directly or view it on GitHubhttps://github.com/mitsuhiko/flask/pull/656#issuecomment-12687360.\n\n## \n\nThanks for your time\n"
        }
    ]
}