{
    "url": "https://api.github.com/repos/pallets/flask/issues/66",
    "repository_url": "https://api.github.com/repos/pallets/flask",
    "labels_url": "https://api.github.com/repos/pallets/flask/issues/66/labels{/name}",
    "comments_url": "https://api.github.com/repos/pallets/flask/issues/66/comments",
    "events_url": "https://api.github.com/repos/pallets/flask/issues/66/events",
    "html_url": "https://github.com/pallets/flask/issues/66",
    "id": 216053,
    "node_id": "MDU6SXNzdWUyMTYwNTM=",
    "number": 66,
    "title": "flask.pocoo.org HTML 5 compliant",
    "user": {
        "login": "florentx",
        "id": 142113,
        "node_id": "MDQ6VXNlcjE0MjExMw==",
        "avatar_url": "https://avatars1.githubusercontent.com/u/142113?v=4",
        "gravatar_id": "",
        "url": "https://api.github.com/users/florentx",
        "html_url": "https://github.com/florentx",
        "followers_url": "https://api.github.com/users/florentx/followers",
        "following_url": "https://api.github.com/users/florentx/following{/other_user}",
        "gists_url": "https://api.github.com/users/florentx/gists{/gist_id}",
        "starred_url": "https://api.github.com/users/florentx/starred{/owner}{/repo}",
        "subscriptions_url": "https://api.github.com/users/florentx/subscriptions",
        "organizations_url": "https://api.github.com/users/florentx/orgs",
        "repos_url": "https://api.github.com/users/florentx/repos",
        "events_url": "https://api.github.com/users/florentx/events{/privacy}",
        "received_events_url": "https://api.github.com/users/florentx/received_events",
        "type": "User",
        "site_admin": false
    },
    "labels": [],
    "state": "closed",
    "locked": false,
    "assignee": null,
    "assignees": [],
    "milestone": null,
    "comments": 7,
    "created_at": "2010-06-07T12:33:49Z",
    "updated_at": "2010-06-18T07:45:14Z",
    "closed_at": "2010-06-17T23:45:34Z",
    "author_association": "CONTRIBUTOR",
    "body": "FWIW, I checked the flask website for HTML 5 compliance (I know, it is only a draft).\n\nNot compliant:\n- http://html5.validator.nu/?doc=http://flask.pocoo.org/\n- http://html5.validator.nu/?doc=http://flask.pocoo.org/docs/\n\nCompliant:\n- http://html5.validator.nu/?doc=http://flask.pocoo.org/community/\n- http://html5.validator.nu/?doc=http://flask.pocoo.org/snippets/\n",
    "comments_inline": [
        {
            "url": "https://api.github.com/repos/pallets/flask/issues/comments/266380",
            "html_url": "https://github.com/pallets/flask/issues/66#issuecomment-266380",
            "issue_url": "https://api.github.com/repos/pallets/flask/issues/66",
            "id": 266380,
            "node_id": "MDEyOklzc3VlQ29tbWVudDI2NjM4MA==",
            "user": {
                "login": "mitsuhiko",
                "id": 7396,
                "node_id": "MDQ6VXNlcjczOTY=",
                "avatar_url": "https://avatars1.githubusercontent.com/u/7396?v=4",
                "gravatar_id": "",
                "url": "https://api.github.com/users/mitsuhiko",
                "html_url": "https://github.com/mitsuhiko",
                "followers_url": "https://api.github.com/users/mitsuhiko/followers",
                "following_url": "https://api.github.com/users/mitsuhiko/following{/other_user}",
                "gists_url": "https://api.github.com/users/mitsuhiko/gists{/gist_id}",
                "starred_url": "https://api.github.com/users/mitsuhiko/starred{/owner}{/repo}",
                "subscriptions_url": "https://api.github.com/users/mitsuhiko/subscriptions",
                "organizations_url": "https://api.github.com/users/mitsuhiko/orgs",
                "repos_url": "https://api.github.com/users/mitsuhiko/repos",
                "events_url": "https://api.github.com/users/mitsuhiko/events{/privacy}",
                "received_events_url": "https://api.github.com/users/mitsuhiko/received_events",
                "type": "User",
                "site_admin": false
            },
            "created_at": "2010-06-07T12:43:46Z",
            "updated_at": "2010-06-07T12:43:59Z",
            "author_association": "MEMBER",
            "body": "> http://html5.validator.nu/?doc=http://flask.pocoo.org/\n\nThat is a bug, will fix it.\n\n> http://html5.validator.nu/?doc=http://flask.pocoo.org/docs/\n\nThat has an XHTML1.0 doctype, so that is not HTML5. Why? Because Sphinx generates it (or docutils for that matter).\n"
        },
        {
            "url": "https://api.github.com/repos/pallets/flask/issues/comments/266402",
            "html_url": "https://github.com/pallets/flask/issues/66#issuecomment-266402",
            "issue_url": "https://api.github.com/repos/pallets/flask/issues/66",
            "id": 266402,
            "node_id": "MDEyOklzc3VlQ29tbWVudDI2NjQwMg==",
            "user": {
                "login": "florentx",
                "id": 142113,
                "node_id": "MDQ6VXNlcjE0MjExMw==",
                "avatar_url": "https://avatars1.githubusercontent.com/u/142113?v=4",
                "gravatar_id": "",
                "url": "https://api.github.com/users/florentx",
                "html_url": "https://github.com/florentx",
                "followers_url": "https://api.github.com/users/florentx/followers",
                "following_url": "https://api.github.com/users/florentx/following{/other_user}",
                "gists_url": "https://api.github.com/users/florentx/gists{/gist_id}",
                "starred_url": "https://api.github.com/users/florentx/starred{/owner}{/repo}",
                "subscriptions_url": "https://api.github.com/users/florentx/subscriptions",
                "organizations_url": "https://api.github.com/users/florentx/orgs",
                "repos_url": "https://api.github.com/users/florentx/repos",
                "events_url": "https://api.github.com/users/florentx/events{/privacy}",
                "received_events_url": "https://api.github.com/users/florentx/received_events",
                "type": "User",
                "site_admin": false
            },
            "created_at": "2010-06-07T13:18:26Z",
            "updated_at": "2010-06-07T13:18:26Z",
            "author_association": "CONTRIBUTOR",
            "body": "ok, for the XHTML stuff.\nBut it gives a mix of HTML and XHTML on the /docs/ parts.\nhttp://validator.w3.org/check?uri=http://flask.pocoo.org/docs/\n\nI'm nitpicking :-)\n"
        },
        {
            "url": "https://api.github.com/repos/pallets/flask/issues/comments/266485",
            "html_url": "https://github.com/pallets/flask/issues/66#issuecomment-266485",
            "issue_url": "https://api.github.com/repos/pallets/flask/issues/66",
            "id": 266485,
            "node_id": "MDEyOklzc3VlQ29tbWVudDI2NjQ4NQ==",
            "user": {
                "login": "mitsuhiko",
                "id": 7396,
                "node_id": "MDQ6VXNlcjczOTY=",
                "avatar_url": "https://avatars1.githubusercontent.com/u/7396?v=4",
                "gravatar_id": "",
                "url": "https://api.github.com/users/mitsuhiko",
                "html_url": "https://github.com/mitsuhiko",
                "followers_url": "https://api.github.com/users/mitsuhiko/followers",
                "following_url": "https://api.github.com/users/mitsuhiko/following{/other_user}",
                "gists_url": "https://api.github.com/users/mitsuhiko/gists{/gist_id}",
                "starred_url": "https://api.github.com/users/mitsuhiko/starred{/owner}{/repo}",
                "subscriptions_url": "https://api.github.com/users/mitsuhiko/subscriptions",
                "organizations_url": "https://api.github.com/users/mitsuhiko/orgs",
                "repos_url": "https://api.github.com/users/mitsuhiko/repos",
                "events_url": "https://api.github.com/users/mitsuhiko/events{/privacy}",
                "received_events_url": "https://api.github.com/users/mitsuhiko/received_events",
                "type": "User",
                "site_admin": false
            },
            "created_at": "2010-06-07T14:27:51Z",
            "updated_at": "2010-06-07T14:27:51Z",
            "author_association": "MEMBER",
            "body": "I think I blame Georg and the docutils people, but I don't care about that too much right now. It works, that's good enough.\n"
        },
        {
            "url": "https://api.github.com/repos/pallets/flask/issues/comments/278922",
            "html_url": "https://github.com/pallets/flask/issues/66#issuecomment-278922",
            "issue_url": "https://api.github.com/repos/pallets/flask/issues/66",
            "id": 278922,
            "node_id": "MDEyOklzc3VlQ29tbWVudDI3ODkyMg==",
            "user": {
                "login": "mitsuhiko",
                "id": 7396,
                "node_id": "MDQ6VXNlcjczOTY=",
                "avatar_url": "https://avatars1.githubusercontent.com/u/7396?v=4",
                "gravatar_id": "",
                "url": "https://api.github.com/users/mitsuhiko",
                "html_url": "https://github.com/mitsuhiko",
                "followers_url": "https://api.github.com/users/mitsuhiko/followers",
                "following_url": "https://api.github.com/users/mitsuhiko/following{/other_user}",
                "gists_url": "https://api.github.com/users/mitsuhiko/gists{/gist_id}",
                "starred_url": "https://api.github.com/users/mitsuhiko/starred{/owner}{/repo}",
                "subscriptions_url": "https://api.github.com/users/mitsuhiko/subscriptions",
                "organizations_url": "https://api.github.com/users/mitsuhiko/orgs",
                "repos_url": "https://api.github.com/users/mitsuhiko/repos",
                "events_url": "https://api.github.com/users/mitsuhiko/events{/privacy}",
                "received_events_url": "https://api.github.com/users/mitsuhiko/received_events",
                "type": "User",
                "site_admin": false
            },
            "created_at": "2010-06-17T16:45:24Z",
            "updated_at": "2010-06-17T16:45:24Z",
            "author_association": "MEMBER",
            "body": "Fixed.\n"
        },
        {
            "url": "https://api.github.com/repos/pallets/flask/issues/comments/279595",
            "html_url": "https://github.com/pallets/flask/issues/66#issuecomment-279595",
            "issue_url": "https://api.github.com/repos/pallets/flask/issues/66",
            "id": 279595,
            "node_id": "MDEyOklzc3VlQ29tbWVudDI3OTU5NQ==",
            "user": {
                "login": "florentx",
                "id": 142113,
                "node_id": "MDQ6VXNlcjE0MjExMw==",
                "avatar_url": "https://avatars1.githubusercontent.com/u/142113?v=4",
                "gravatar_id": "",
                "url": "https://api.github.com/users/florentx",
                "html_url": "https://github.com/florentx",
                "followers_url": "https://api.github.com/users/florentx/followers",
                "following_url": "https://api.github.com/users/florentx/following{/other_user}",
                "gists_url": "https://api.github.com/users/florentx/gists{/gist_id}",
                "starred_url": "https://api.github.com/users/florentx/starred{/owner}{/repo}",
                "subscriptions_url": "https://api.github.com/users/florentx/subscriptions",
                "organizations_url": "https://api.github.com/users/florentx/orgs",
                "repos_url": "https://api.github.com/users/florentx/repos",
                "events_url": "https://api.github.com/users/florentx/events{/privacy}",
                "received_events_url": "https://api.github.com/users/florentx/received_events",
                "type": "User",
                "site_admin": false
            },
            "created_at": "2010-06-18T07:20:02Z",
            "updated_at": "2010-06-18T07:44:14Z",
            "author_association": "CONTRIBUTOR",
            "body": "Hum, not really fixed.\n\nI pushed florentx@fb1ff05dae4cd19f0d8b7d15c0b262b158f970aa which fixes the \"<a>\" and two unrelated typos (indentation + currrent).\n"
        },
        {
            "url": "https://api.github.com/repos/pallets/flask/issues/comments/279599",
            "html_url": "https://github.com/pallets/flask/issues/66#issuecomment-279599",
            "issue_url": "https://api.github.com/repos/pallets/flask/issues/66",
            "id": 279599,
            "node_id": "MDEyOklzc3VlQ29tbWVudDI3OTU5OQ==",
            "user": {
                "login": "florentx",
                "id": 142113,
                "node_id": "MDQ6VXNlcjE0MjExMw==",
                "avatar_url": "https://avatars1.githubusercontent.com/u/142113?v=4",
                "gravatar_id": "",
                "url": "https://api.github.com/users/florentx",
                "html_url": "https://github.com/florentx",
                "followers_url": "https://api.github.com/users/florentx/followers",
                "following_url": "https://api.github.com/users/florentx/following{/other_user}",
                "gists_url": "https://api.github.com/users/florentx/gists{/gist_id}",
                "starred_url": "https://api.github.com/users/florentx/starred{/owner}{/repo}",
                "subscriptions_url": "https://api.github.com/users/florentx/subscriptions",
                "organizations_url": "https://api.github.com/users/florentx/orgs",
                "repos_url": "https://api.github.com/users/florentx/repos",
                "events_url": "https://api.github.com/users/florentx/events{/privacy}",
                "received_events_url": "https://api.github.com/users/florentx/received_events",
                "type": "User",
                "site_admin": false
            },
            "created_at": "2010-06-18T07:23:38Z",
            "updated_at": "2010-06-18T07:23:38Z",
            "author_association": "CONTRIBUTOR",
            "body": "bad... I have a problem with \"hg-git\" to push to branch \"website\" :(\n"
        },
        {
            "url": "https://api.github.com/repos/pallets/flask/issues/comments/279615",
            "html_url": "https://github.com/pallets/flask/issues/66#issuecomment-279615",
            "issue_url": "https://api.github.com/repos/pallets/flask/issues/66",
            "id": 279615,
            "node_id": "MDEyOklzc3VlQ29tbWVudDI3OTYxNQ==",
            "user": {
                "login": "florentx",
                "id": 142113,
                "node_id": "MDQ6VXNlcjE0MjExMw==",
                "avatar_url": "https://avatars1.githubusercontent.com/u/142113?v=4",
                "gravatar_id": "",
                "url": "https://api.github.com/users/florentx",
                "html_url": "https://github.com/florentx",
                "followers_url": "https://api.github.com/users/florentx/followers",
                "following_url": "https://api.github.com/users/florentx/following{/other_user}",
                "gists_url": "https://api.github.com/users/florentx/gists{/gist_id}",
                "starred_url": "https://api.github.com/users/florentx/starred{/owner}{/repo}",
                "subscriptions_url": "https://api.github.com/users/florentx/subscriptions",
                "organizations_url": "https://api.github.com/users/florentx/orgs",
                "repos_url": "https://api.github.com/users/florentx/repos",
                "events_url": "https://api.github.com/users/florentx/events{/privacy}",
                "received_events_url": "https://api.github.com/users/florentx/received_events",
                "type": "User",
                "site_admin": false
            },
            "created_at": "2010-06-18T07:45:14Z",
            "updated_at": "2010-06-18T07:45:14Z",
            "author_association": "CONTRIBUTOR",
            "body": "I've updated hg-git and dulwich. Now it is ok.\n\nPlease merge florentx@fb1ff05dae4cd19f0d8b7d15c0b262b158f970aa\n"
        }
    ]
}