{
    "url": "https://api.github.com/repos/pallets/flask/issues/677",
    "repository_url": "https://api.github.com/repos/pallets/flask",
    "labels_url": "https://api.github.com/repos/pallets/flask/issues/677/labels{/name}",
    "comments_url": "https://api.github.com/repos/pallets/flask/issues/677/comments",
    "events_url": "https://api.github.com/repos/pallets/flask/issues/677/events",
    "html_url": "https://github.com/pallets/flask/issues/677",
    "id": 11005180,
    "node_id": "MDU6SXNzdWUxMTAwNTE4MA==",
    "number": 677,
    "title": "Minor typo in quickstart",
    "user": {
        "login": "twekberg",
        "id": 1850934,
        "node_id": "MDQ6VXNlcjE4NTA5MzQ=",
        "avatar_url": "https://avatars1.githubusercontent.com/u/1850934?v=4",
        "gravatar_id": "",
        "url": "https://api.github.com/users/twekberg",
        "html_url": "https://github.com/twekberg",
        "followers_url": "https://api.github.com/users/twekberg/followers",
        "following_url": "https://api.github.com/users/twekberg/following{/other_user}",
        "gists_url": "https://api.github.com/users/twekberg/gists{/gist_id}",
        "starred_url": "https://api.github.com/users/twekberg/starred{/owner}{/repo}",
        "subscriptions_url": "https://api.github.com/users/twekberg/subscriptions",
        "organizations_url": "https://api.github.com/users/twekberg/orgs",
        "repos_url": "https://api.github.com/users/twekberg/repos",
        "events_url": "https://api.github.com/users/twekberg/events{/privacy}",
        "received_events_url": "https://api.github.com/users/twekberg/received_events",
        "type": "User",
        "site_admin": false
    },
    "labels": [],
    "state": "closed",
    "locked": false,
    "assignee": null,
    "assignees": [],
    "milestone": null,
    "comments": 0,
    "created_at": "2013-02-14T17:17:26Z",
    "updated_at": "2013-03-06T17:53:37Z",
    "closed_at": "2013-03-06T17:53:37Z",
    "author_association": "NONE",
    "body": "Go to the quickstart guide:\n\nhttp://flask.pocoo.org/docs/quickstart\n\nSearch for \"get the result object\". I suspect it should be \"get the response object\" because the subsequent code fragment is dealing with the response object.\n"
}