{
    "url": "https://api.github.com/repos/pallets/flask/issues/711",
    "repository_url": "https://api.github.com/repos/pallets/flask",
    "labels_url": "https://api.github.com/repos/pallets/flask/issues/711/labels{/name}",
    "comments_url": "https://api.github.com/repos/pallets/flask/issues/711/comments",
    "events_url": "https://api.github.com/repos/pallets/flask/issues/711/events",
    "html_url": "https://github.com/pallets/flask/pull/711",
    "id": 12967831,
    "node_id": "MDExOlB1bGxSZXF1ZXN0NTA1NTQzNg==",
    "number": 711,
    "title": "Note about limitations of static files in blueprints",
    "user": {
        "login": "masklinn",
        "id": 6993,
        "node_id": "MDQ6VXNlcjY5OTM=",
        "avatar_url": "https://avatars1.githubusercontent.com/u/6993?v=4",
        "gravatar_id": "",
        "url": "https://api.github.com/users/masklinn",
        "html_url": "https://github.com/masklinn",
        "followers_url": "https://api.github.com/users/masklinn/followers",
        "following_url": "https://api.github.com/users/masklinn/following{/other_user}",
        "gists_url": "https://api.github.com/users/masklinn/gists{/gist_id}",
        "starred_url": "https://api.github.com/users/masklinn/starred{/owner}{/repo}",
        "subscriptions_url": "https://api.github.com/users/masklinn/subscriptions",
        "organizations_url": "https://api.github.com/users/masklinn/orgs",
        "repos_url": "https://api.github.com/users/masklinn/repos",
        "events_url": "https://api.github.com/users/masklinn/events{/privacy}",
        "received_events_url": "https://api.github.com/users/masklinn/received_events",
        "type": "User",
        "site_admin": false
    },
    "labels": [],
    "state": "closed",
    "locked": false,
    "assignee": null,
    "assignees": [],
    "milestone": null,
    "comments": 6,
    "created_at": "2013-04-09T11:56:58Z",
    "updated_at": "2014-06-15T16:12:17Z",
    "closed_at": "2014-03-21T20:51:19Z",
    "author_association": "NONE",
    "pull_request": {
        "url": "https://api.github.com/repos/pallets/flask/pulls/711",
        "html_url": "https://github.com/pallets/flask/pull/711",
        "diff_url": "https://github.com/pallets/flask/pull/711.diff",
        "patch_url": "https://github.com/pallets/flask/pull/711.patch"
    },
    "body": "Warn about issue 348's issue, at least until it is resolved.\n",
    "comments_inline": [
        {
            "url": "https://api.github.com/repos/pallets/flask/issues/comments/16108285",
            "html_url": "https://github.com/pallets/flask/pull/711#issuecomment-16108285",
            "issue_url": "https://api.github.com/repos/pallets/flask/issues/711",
            "id": 16108285,
            "node_id": "MDEyOklzc3VlQ29tbWVudDE2MTA4Mjg1",
            "user": {
                "login": "masklinn",
                "id": 6993,
                "node_id": "MDQ6VXNlcjY5OTM=",
                "avatar_url": "https://avatars1.githubusercontent.com/u/6993?v=4",
                "gravatar_id": "",
                "url": "https://api.github.com/users/masklinn",
                "html_url": "https://github.com/masklinn",
                "followers_url": "https://api.github.com/users/masklinn/followers",
                "following_url": "https://api.github.com/users/masklinn/following{/other_user}",
                "gists_url": "https://api.github.com/users/masklinn/gists{/gist_id}",
                "starred_url": "https://api.github.com/users/masklinn/starred{/owner}{/repo}",
                "subscriptions_url": "https://api.github.com/users/masklinn/subscriptions",
                "organizations_url": "https://api.github.com/users/masklinn/orgs",
                "repos_url": "https://api.github.com/users/masklinn/repos",
                "events_url": "https://api.github.com/users/masklinn/events{/privacy}",
                "received_events_url": "https://api.github.com/users/masklinn/received_events",
                "type": "User",
                "site_admin": false
            },
            "created_at": "2013-04-09T11:57:52Z",
            "updated_at": "2013-04-09T11:57:52Z",
            "author_association": "NONE",
            "body": "#348 \n\n(had incorrectly linked the issue)\n"
        },
        {
            "url": "https://api.github.com/repos/pallets/flask/issues/comments/16188413",
            "html_url": "https://github.com/pallets/flask/pull/711#issuecomment-16188413",
            "issue_url": "https://api.github.com/repos/pallets/flask/issues/711",
            "id": 16188413,
            "node_id": "MDEyOklzc3VlQ29tbWVudDE2MTg4NDEz",
            "user": {
                "login": "ghost",
                "id": 10137,
                "node_id": "MDQ6VXNlcjEwMTM3",
                "avatar_url": "https://avatars3.githubusercontent.com/u/10137?v=4",
                "gravatar_id": "",
                "url": "https://api.github.com/users/ghost",
                "html_url": "https://github.com/ghost",
                "followers_url": "https://api.github.com/users/ghost/followers",
                "following_url": "https://api.github.com/users/ghost/following{/other_user}",
                "gists_url": "https://api.github.com/users/ghost/gists{/gist_id}",
                "starred_url": "https://api.github.com/users/ghost/starred{/owner}{/repo}",
                "subscriptions_url": "https://api.github.com/users/ghost/subscriptions",
                "organizations_url": "https://api.github.com/users/ghost/orgs",
                "repos_url": "https://api.github.com/users/ghost/repos",
                "events_url": "https://api.github.com/users/ghost/events{/privacy}",
                "received_events_url": "https://api.github.com/users/ghost/received_events",
                "type": "User",
                "site_admin": false
            },
            "created_at": "2013-04-10T17:17:45Z",
            "updated_at": "2013-04-10T17:17:45Z",
            "author_association": "NONE",
            "body": "-1. It already works _correctly_. There is nothing wrong in this behavior.\nMy proposal:\n\n> Default URLs are: `/` for the mount point and `static/` for the static folder, relative to the mount point.\n> As a result, `/static/` is the default blueprint static folder, and so it collides with the app static folder.\n"
        },
        {
            "url": "https://api.github.com/repos/pallets/flask/issues/comments/16192037",
            "html_url": "https://github.com/pallets/flask/pull/711#issuecomment-16192037",
            "issue_url": "https://api.github.com/repos/pallets/flask/issues/711",
            "id": 16192037,
            "node_id": "MDEyOklzc3VlQ29tbWVudDE2MTkyMDM3",
            "user": {
                "login": "masklinn",
                "id": 6993,
                "node_id": "MDQ6VXNlcjY5OTM=",
                "avatar_url": "https://avatars1.githubusercontent.com/u/6993?v=4",
                "gravatar_id": "",
                "url": "https://api.github.com/users/masklinn",
                "html_url": "https://github.com/masklinn",
                "followers_url": "https://api.github.com/users/masklinn/followers",
                "following_url": "https://api.github.com/users/masklinn/following{/other_user}",
                "gists_url": "https://api.github.com/users/masklinn/gists{/gist_id}",
                "starred_url": "https://api.github.com/users/masklinn/starred{/owner}{/repo}",
                "subscriptions_url": "https://api.github.com/users/masklinn/subscriptions",
                "organizations_url": "https://api.github.com/users/masklinn/orgs",
                "repos_url": "https://api.github.com/users/masklinn/repos",
                "events_url": "https://api.github.com/users/masklinn/events{/privacy}",
                "received_events_url": "https://api.github.com/users/masklinn/received_events",
                "type": "User",
                "site_admin": false
            },
            "created_at": "2013-04-10T18:16:11Z",
            "updated_at": "2013-04-10T18:16:11Z",
            "author_association": "NONE",
            "body": "> -1. It already works correctly.\n\nThat simply makes no sense: following the blueprint docs for static files will lead to the blueprint's static files not being available with no warnings. If the current behavior is desired, it should be noted and warned. If it's not, it should be fixed.\n\n#348 is about the long term discussion of its fixing, this proposal is about warning about it in the meantime: the number of interventions on #348 shows the behavior is unexpected.\n"
        },
        {
            "url": "https://api.github.com/repos/pallets/flask/issues/comments/16239221",
            "html_url": "https://github.com/pallets/flask/pull/711#issuecomment-16239221",
            "issue_url": "https://api.github.com/repos/pallets/flask/issues/711",
            "id": 16239221,
            "node_id": "MDEyOklzc3VlQ29tbWVudDE2MjM5MjIx",
            "user": {
                "login": "ghost",
                "id": 10137,
                "node_id": "MDQ6VXNlcjEwMTM3",
                "avatar_url": "https://avatars3.githubusercontent.com/u/10137?v=4",
                "gravatar_id": "",
                "url": "https://api.github.com/users/ghost",
                "html_url": "https://github.com/ghost",
                "followers_url": "https://api.github.com/users/ghost/followers",
                "following_url": "https://api.github.com/users/ghost/following{/other_user}",
                "gists_url": "https://api.github.com/users/ghost/gists{/gist_id}",
                "starred_url": "https://api.github.com/users/ghost/starred{/owner}{/repo}",
                "subscriptions_url": "https://api.github.com/users/ghost/subscriptions",
                "organizations_url": "https://api.github.com/users/ghost/orgs",
                "repos_url": "https://api.github.com/users/ghost/repos",
                "events_url": "https://api.github.com/users/ghost/events{/privacy}",
                "received_events_url": "https://api.github.com/users/ghost/received_events",
                "type": "User",
                "site_admin": false
            },
            "created_at": "2013-04-11T14:49:15Z",
            "updated_at": "2013-04-11T14:49:15Z",
            "author_association": "NONE",
            "body": "> There is nothing wrong in that behavior, but it is not documented. It would be nice to have that fact mentioned at http://flask.pocoo.org/docs/blueprints/#static-files and/or http://flask.pocoo.org/docs/api/#blueprint-objects\n\nCiting from the bug.\n"
        },
        {
            "url": "https://api.github.com/repos/pallets/flask/issues/comments/16240408",
            "html_url": "https://github.com/pallets/flask/pull/711#issuecomment-16240408",
            "issue_url": "https://api.github.com/repos/pallets/flask/issues/711",
            "id": 16240408,
            "node_id": "MDEyOklzc3VlQ29tbWVudDE2MjQwNDA4",
            "user": {
                "login": "masklinn",
                "id": 6993,
                "node_id": "MDQ6VXNlcjY5OTM=",
                "avatar_url": "https://avatars1.githubusercontent.com/u/6993?v=4",
                "gravatar_id": "",
                "url": "https://api.github.com/users/masklinn",
                "html_url": "https://github.com/masklinn",
                "followers_url": "https://api.github.com/users/masklinn/followers",
                "following_url": "https://api.github.com/users/masklinn/following{/other_user}",
                "gists_url": "https://api.github.com/users/masklinn/gists{/gist_id}",
                "starred_url": "https://api.github.com/users/masklinn/starred{/owner}{/repo}",
                "subscriptions_url": "https://api.github.com/users/masklinn/subscriptions",
                "organizations_url": "https://api.github.com/users/masklinn/orgs",
                "repos_url": "https://api.github.com/users/masklinn/repos",
                "events_url": "https://api.github.com/users/masklinn/events{/privacy}",
                "received_events_url": "https://api.github.com/users/masklinn/received_events",
                "type": "User",
                "site_admin": false
            },
            "created_at": "2013-04-11T15:06:53Z",
            "updated_at": "2013-04-11T15:06:53Z",
            "author_association": "NONE",
            "body": "> Citing from the bug.\n1. that does not contradict what I wrote\n2. not everybody on #348 agrees that \"there is nothing wrong in that behavior\"\n"
        },
        {
            "url": "https://api.github.com/repos/pallets/flask/issues/comments/16246341",
            "html_url": "https://github.com/pallets/flask/pull/711#issuecomment-16246341",
            "issue_url": "https://api.github.com/repos/pallets/flask/issues/711",
            "id": 16246341,
            "node_id": "MDEyOklzc3VlQ29tbWVudDE2MjQ2MzQx",
            "user": {
                "login": "ghost",
                "id": 10137,
                "node_id": "MDQ6VXNlcjEwMTM3",
                "avatar_url": "https://avatars3.githubusercontent.com/u/10137?v=4",
                "gravatar_id": "",
                "url": "https://api.github.com/users/ghost",
                "html_url": "https://github.com/ghost",
                "followers_url": "https://api.github.com/users/ghost/followers",
                "following_url": "https://api.github.com/users/ghost/following{/other_user}",
                "gists_url": "https://api.github.com/users/ghost/gists{/gist_id}",
                "starred_url": "https://api.github.com/users/ghost/starred{/owner}{/repo}",
                "subscriptions_url": "https://api.github.com/users/ghost/subscriptions",
                "organizations_url": "https://api.github.com/users/ghost/orgs",
                "repos_url": "https://api.github.com/users/ghost/repos",
                "events_url": "https://api.github.com/users/ghost/events{/privacy}",
                "received_events_url": "https://api.github.com/users/ghost/received_events",
                "type": "User",
                "site_admin": false
            },
            "created_at": "2013-04-11T16:39:36Z",
            "updated_at": "2013-04-11T16:39:36Z",
            "author_association": "NONE",
            "body": "Well, I'd just take a neutral position. But do what you want.\n"
        }
    ]
}