{
    "url": "https://api.github.com/repos/pallets/flask/issues/747",
    "repository_url": "https://api.github.com/repos/pallets/flask",
    "labels_url": "https://api.github.com/repos/pallets/flask/issues/747/labels{/name}",
    "comments_url": "https://api.github.com/repos/pallets/flask/issues/747/comments",
    "events_url": "https://api.github.com/repos/pallets/flask/issues/747/events",
    "html_url": "https://github.com/pallets/flask/pull/747",
    "id": 14773721,
    "node_id": "MDExOlB1bGxSZXF1ZXN0NTkzNjYxMw==",
    "number": 747,
    "title": "replace 1/0 by 1 // 0 to get rid of DeprecationWarning (and PEP8 issue)",
    "user": {
        "login": "ThomasWaldmann",
        "id": 356103,
        "node_id": "MDQ6VXNlcjM1NjEwMw==",
        "avatar_url": "https://avatars0.githubusercontent.com/u/356103?v=4",
        "gravatar_id": "",
        "url": "https://api.github.com/users/ThomasWaldmann",
        "html_url": "https://github.com/ThomasWaldmann",
        "followers_url": "https://api.github.com/users/ThomasWaldmann/followers",
        "following_url": "https://api.github.com/users/ThomasWaldmann/following{/other_user}",
        "gists_url": "https://api.github.com/users/ThomasWaldmann/gists{/gist_id}",
        "starred_url": "https://api.github.com/users/ThomasWaldmann/starred{/owner}{/repo}",
        "subscriptions_url": "https://api.github.com/users/ThomasWaldmann/subscriptions",
        "organizations_url": "https://api.github.com/users/ThomasWaldmann/orgs",
        "repos_url": "https://api.github.com/users/ThomasWaldmann/repos",
        "events_url": "https://api.github.com/users/ThomasWaldmann/events{/privacy}",
        "received_events_url": "https://api.github.com/users/ThomasWaldmann/received_events",
        "type": "User",
        "site_admin": false
    },
    "labels": [],
    "state": "closed",
    "locked": false,
    "assignee": null,
    "assignees": [],
    "milestone": null,
    "comments": 0,
    "created_at": "2013-05-26T18:38:57Z",
    "updated_at": "2014-06-15T16:13:50Z",
    "closed_at": "2013-05-26T18:41:28Z",
    "author_association": "CONTRIBUTOR",
    "pull_request": {
        "url": "https://api.github.com/repos/pallets/flask/pulls/747",
        "html_url": "https://github.com/pallets/flask/pull/747",
        "diff_url": "https://github.com/pallets/flask/pull/747.diff",
        "patch_url": "https://github.com/pallets/flask/pull/747.patch"
    },
    "body": ""
}