{
    "url": "https://api.github.com/repos/pallets/flask/issues/764",
    "repository_url": "https://api.github.com/repos/pallets/flask",
    "labels_url": "https://api.github.com/repos/pallets/flask/issues/764/labels{/name}",
    "comments_url": "https://api.github.com/repos/pallets/flask/issues/764/comments",
    "events_url": "https://api.github.com/repos/pallets/flask/issues/764/events",
    "html_url": "https://github.com/pallets/flask/pull/764",
    "id": 15452741,
    "node_id": "MDExOlB1bGxSZXF1ZXN0NjI3MjcxOQ==",
    "number": 764,
    "title": "Fix typo",
    "user": {
        "login": "marksteve",
        "id": 26679,
        "node_id": "MDQ6VXNlcjI2Njc5",
        "avatar_url": "https://avatars0.githubusercontent.com/u/26679?v=4",
        "gravatar_id": "",
        "url": "https://api.github.com/users/marksteve",
        "html_url": "https://github.com/marksteve",
        "followers_url": "https://api.github.com/users/marksteve/followers",
        "following_url": "https://api.github.com/users/marksteve/following{/other_user}",
        "gists_url": "https://api.github.com/users/marksteve/gists{/gist_id}",
        "starred_url": "https://api.github.com/users/marksteve/starred{/owner}{/repo}",
        "subscriptions_url": "https://api.github.com/users/marksteve/subscriptions",
        "organizations_url": "https://api.github.com/users/marksteve/orgs",
        "repos_url": "https://api.github.com/users/marksteve/repos",
        "events_url": "https://api.github.com/users/marksteve/events{/privacy}",
        "received_events_url": "https://api.github.com/users/marksteve/received_events",
        "type": "User",
        "site_admin": false
    },
    "labels": [],
    "state": "closed",
    "locked": false,
    "assignee": null,
    "assignees": [],
    "milestone": null,
    "comments": 0,
    "created_at": "2013-06-12T14:12:28Z",
    "updated_at": "2014-06-16T06:17:52Z",
    "closed_at": "2013-06-12T17:57:02Z",
    "author_association": "CONTRIBUTOR",
    "pull_request": {
        "url": "https://api.github.com/repos/pallets/flask/pulls/764",
        "html_url": "https://github.com/pallets/flask/pull/764",
        "diff_url": "https://github.com/pallets/flask/pull/764.diff",
        "patch_url": "https://github.com/pallets/flask/pull/764.patch"
    },
    "body": ""
}