{
    "url": "https://api.github.com/repos/pallets/flask/issues/781",
    "repository_url": "https://api.github.com/repos/pallets/flask",
    "labels_url": "https://api.github.com/repos/pallets/flask/issues/781/labels{/name}",
    "comments_url": "https://api.github.com/repos/pallets/flask/issues/781/comments",
    "events_url": "https://api.github.com/repos/pallets/flask/issues/781/events",
    "html_url": "https://github.com/pallets/flask/issues/781",
    "id": 16066904,
    "node_id": "MDU6SXNzdWUxNjA2NjkwNA==",
    "number": 781,
    "title": "test_appcontext_signals() fails with blinker installed",
    "user": {
        "login": "Arfrever",
        "id": 656294,
        "node_id": "MDQ6VXNlcjY1NjI5NA==",
        "avatar_url": "https://avatars1.githubusercontent.com/u/656294?v=4",
        "gravatar_id": "",
        "url": "https://api.github.com/users/Arfrever",
        "html_url": "https://github.com/Arfrever",
        "followers_url": "https://api.github.com/users/Arfrever/followers",
        "following_url": "https://api.github.com/users/Arfrever/following{/other_user}",
        "gists_url": "https://api.github.com/users/Arfrever/gists{/gist_id}",
        "starred_url": "https://api.github.com/users/Arfrever/starred{/owner}{/repo}",
        "subscriptions_url": "https://api.github.com/users/Arfrever/subscriptions",
        "organizations_url": "https://api.github.com/users/Arfrever/orgs",
        "repos_url": "https://api.github.com/users/Arfrever/repos",
        "events_url": "https://api.github.com/users/Arfrever/events{/privacy}",
        "received_events_url": "https://api.github.com/users/Arfrever/received_events",
        "type": "User",
        "site_admin": false
    },
    "labels": [],
    "state": "closed",
    "locked": false,
    "assignee": null,
    "assignees": [],
    "milestone": null,
    "comments": 0,
    "created_at": "2013-06-27T02:46:09Z",
    "updated_at": "2013-06-27T14:52:49Z",
    "closed_at": "2013-06-27T14:52:49Z",
    "author_association": "NONE",
    "body": "test_appcontext_signals() fails with blinker installed. I use blinker 1.2. This failure occurs with Python 2.6, 2.7 and 3.3.\n\n```\n======================================================================\nFAIL: test_appcontext_signals (flask.testsuite.signals.SignalsTestCase)\n----------------------------------------------------------------------\nTraceback (most recent call last):\n  File \"/tmp/flask/flask/testsuite/signals.py\", line 118, in test_appcontext_signals\n    self.assert_equal(recorded, ['push', 'pop'])\n  File \"/tmp/flask/flask/testsuite/__init__.py\", line 139, in assert_equal\n    return self.assertEqual(x, y)\nAssertionError: Lists differ: ['push', 'push'] != ['push', 'pop']\n\nFirst differing element 1:\npush\npop\n\n- ['push', 'push']\n?            ^^^\n\n+ ['push', 'pop']\n?            ^^\n\n\n```\n"
}