{
    "url": "https://api.github.com/repos/pallets/flask/issues/80",
    "repository_url": "https://api.github.com/repos/pallets/flask",
    "labels_url": "https://api.github.com/repos/pallets/flask/issues/80/labels{/name}",
    "comments_url": "https://api.github.com/repos/pallets/flask/issues/80/comments",
    "events_url": "https://api.github.com/repos/pallets/flask/issues/80/events",
    "html_url": "https://github.com/pallets/flask/issues/80",
    "id": 240755,
    "node_id": "MDU6SXNzdWUyNDA3NTU=",
    "number": 80,
    "title": "Sessions and SERVER_NAME",
    "user": {
        "login": "mitsuhiko",
        "id": 7396,
        "node_id": "MDQ6VXNlcjczOTY=",
        "avatar_url": "https://avatars1.githubusercontent.com/u/7396?v=4",
        "gravatar_id": "",
        "url": "https://api.github.com/users/mitsuhiko",
        "html_url": "https://github.com/mitsuhiko",
        "followers_url": "https://api.github.com/users/mitsuhiko/followers",
        "following_url": "https://api.github.com/users/mitsuhiko/following{/other_user}",
        "gists_url": "https://api.github.com/users/mitsuhiko/gists{/gist_id}",
        "starred_url": "https://api.github.com/users/mitsuhiko/starred{/owner}{/repo}",
        "subscriptions_url": "https://api.github.com/users/mitsuhiko/subscriptions",
        "organizations_url": "https://api.github.com/users/mitsuhiko/orgs",
        "repos_url": "https://api.github.com/users/mitsuhiko/repos",
        "events_url": "https://api.github.com/users/mitsuhiko/events{/privacy}",
        "received_events_url": "https://api.github.com/users/mitsuhiko/received_events",
        "type": "User",
        "site_admin": false
    },
    "labels": [],
    "state": "closed",
    "locked": false,
    "assignee": null,
    "assignees": [],
    "milestone": null,
    "comments": 2,
    "created_at": "2010-07-07T05:29:55Z",
    "updated_at": "2010-07-14T01:51:44Z",
    "closed_at": "2010-07-14T01:51:44Z",
    "author_association": "MEMBER",
    "body": "Cookies are not set correctly when SERVER_NAME is set. Investigate.\n",
    "comments_inline": [
        {
            "url": "https://api.github.com/repos/pallets/flask/issues/comments/303025",
            "html_url": "https://github.com/pallets/flask/issues/80#issuecomment-303025",
            "issue_url": "https://api.github.com/repos/pallets/flask/issues/80",
            "id": 303025,
            "node_id": "MDEyOklzc3VlQ29tbWVudDMwMzAyNQ==",
            "user": {
                "login": "mitsuhiko",
                "id": 7396,
                "node_id": "MDQ6VXNlcjczOTY=",
                "avatar_url": "https://avatars1.githubusercontent.com/u/7396?v=4",
                "gravatar_id": "",
                "url": "https://api.github.com/users/mitsuhiko",
                "html_url": "https://github.com/mitsuhiko",
                "followers_url": "https://api.github.com/users/mitsuhiko/followers",
                "following_url": "https://api.github.com/users/mitsuhiko/following{/other_user}",
                "gists_url": "https://api.github.com/users/mitsuhiko/gists{/gist_id}",
                "starred_url": "https://api.github.com/users/mitsuhiko/starred{/owner}{/repo}",
                "subscriptions_url": "https://api.github.com/users/mitsuhiko/subscriptions",
                "organizations_url": "https://api.github.com/users/mitsuhiko/orgs",
                "repos_url": "https://api.github.com/users/mitsuhiko/repos",
                "events_url": "https://api.github.com/users/mitsuhiko/events{/privacy}",
                "received_events_url": "https://api.github.com/users/mitsuhiko/received_events",
                "type": "User",
                "site_admin": false
            },
            "created_at": "2010-07-07T16:10:05Z",
            "updated_at": "2010-07-07T16:10:05Z",
            "author_association": "MEMBER",
            "body": "Caused by localhost not having two dots.  Should be documented.\n"
        },
        {
            "url": "https://api.github.com/repos/pallets/flask/issues/comments/311159",
            "html_url": "https://github.com/pallets/flask/issues/80#issuecomment-311159",
            "issue_url": "https://api.github.com/repos/pallets/flask/issues/80",
            "id": 311159,
            "node_id": "MDEyOklzc3VlQ29tbWVudDMxMTE1OQ==",
            "user": {
                "login": "mitsuhiko",
                "id": 7396,
                "node_id": "MDQ6VXNlcjczOTY=",
                "avatar_url": "https://avatars1.githubusercontent.com/u/7396?v=4",
                "gravatar_id": "",
                "url": "https://api.github.com/users/mitsuhiko",
                "html_url": "https://github.com/mitsuhiko",
                "followers_url": "https://api.github.com/users/mitsuhiko/followers",
                "following_url": "https://api.github.com/users/mitsuhiko/following{/other_user}",
                "gists_url": "https://api.github.com/users/mitsuhiko/gists{/gist_id}",
                "starred_url": "https://api.github.com/users/mitsuhiko/starred{/owner}{/repo}",
                "subscriptions_url": "https://api.github.com/users/mitsuhiko/subscriptions",
                "organizations_url": "https://api.github.com/users/mitsuhiko/orgs",
                "repos_url": "https://api.github.com/users/mitsuhiko/repos",
                "events_url": "https://api.github.com/users/mitsuhiko/events{/privacy}",
                "received_events_url": "https://api.github.com/users/mitsuhiko/received_events",
                "type": "User",
                "site_admin": false
            },
            "created_at": "2010-07-14T01:51:43Z",
            "updated_at": "2010-07-14T01:51:43Z",
            "author_association": "MEMBER",
            "body": "Fixed.\n"
        }
    ]
}