{
    "url": "https://api.github.com/repos/pallets/flask/issues/817",
    "repository_url": "https://api.github.com/repos/pallets/flask",
    "labels_url": "https://api.github.com/repos/pallets/flask/issues/817/labels{/name}",
    "comments_url": "https://api.github.com/repos/pallets/flask/issues/817/comments",
    "events_url": "https://api.github.com/repos/pallets/flask/issues/817/events",
    "html_url": "https://github.com/pallets/flask/pull/817",
    "id": 17487376,
    "node_id": "MDExOlB1bGxSZXF1ZXN0NzMxMTY4MQ==",
    "number": 817,
    "title": "Fix doc bug in patterns/sqlite3, clarify use of make_dicts",
    "user": {
        "login": "llimllib",
        "id": 7150,
        "node_id": "MDQ6VXNlcjcxNTA=",
        "avatar_url": "https://avatars3.githubusercontent.com/u/7150?v=4",
        "gravatar_id": "",
        "url": "https://api.github.com/users/llimllib",
        "html_url": "https://github.com/llimllib",
        "followers_url": "https://api.github.com/users/llimllib/followers",
        "following_url": "https://api.github.com/users/llimllib/following{/other_user}",
        "gists_url": "https://api.github.com/users/llimllib/gists{/gist_id}",
        "starred_url": "https://api.github.com/users/llimllib/starred{/owner}{/repo}",
        "subscriptions_url": "https://api.github.com/users/llimllib/subscriptions",
        "organizations_url": "https://api.github.com/users/llimllib/orgs",
        "repos_url": "https://api.github.com/users/llimllib/repos",
        "events_url": "https://api.github.com/users/llimllib/events{/privacy}",
        "received_events_url": "https://api.github.com/users/llimllib/received_events",
        "type": "User",
        "site_admin": false
    },
    "labels": [],
    "state": "closed",
    "locked": false,
    "assignee": null,
    "assignees": [],
    "milestone": null,
    "comments": 1,
    "created_at": "2013-08-01T02:08:32Z",
    "updated_at": "2014-06-16T06:57:34Z",
    "closed_at": "2013-08-01T08:15:18Z",
    "author_association": "CONTRIBUTOR",
    "pull_request": {
        "url": "https://api.github.com/repos/pallets/flask/pulls/817",
        "html_url": "https://github.com/pallets/flask/pull/817",
        "diff_url": "https://github.com/pallets/flask/pull/817.diff",
        "patch_url": "https://github.com/pallets/flask/pull/817.patch"
    },
    "body": "- It was unclear from reading the documentation where the author intened make_dicts to go, so I added that information\n- The docs had a bug in the code, referring to `cursor` in the argument list but `cur` in the generator expression\n",
    "comments_inline": [
        {
            "url": "https://api.github.com/repos/pallets/flask/issues/comments/21921484",
            "html_url": "https://github.com/pallets/flask/pull/817#issuecomment-21921484",
            "issue_url": "https://api.github.com/repos/pallets/flask/issues/817",
            "id": 21921484,
            "node_id": "MDEyOklzc3VlQ29tbWVudDIxOTIxNDg0",
            "user": {
                "login": "mitsuhiko",
                "id": 7396,
                "node_id": "MDQ6VXNlcjczOTY=",
                "avatar_url": "https://avatars1.githubusercontent.com/u/7396?v=4",
                "gravatar_id": "",
                "url": "https://api.github.com/users/mitsuhiko",
                "html_url": "https://github.com/mitsuhiko",
                "followers_url": "https://api.github.com/users/mitsuhiko/followers",
                "following_url": "https://api.github.com/users/mitsuhiko/following{/other_user}",
                "gists_url": "https://api.github.com/users/mitsuhiko/gists{/gist_id}",
                "starred_url": "https://api.github.com/users/mitsuhiko/starred{/owner}{/repo}",
                "subscriptions_url": "https://api.github.com/users/mitsuhiko/subscriptions",
                "organizations_url": "https://api.github.com/users/mitsuhiko/orgs",
                "repos_url": "https://api.github.com/users/mitsuhiko/repos",
                "events_url": "https://api.github.com/users/mitsuhiko/events{/privacy}",
                "received_events_url": "https://api.github.com/users/mitsuhiko/received_events",
                "type": "User",
                "site_admin": false
            },
            "created_at": "2013-08-01T08:15:22Z",
            "updated_at": "2013-08-01T08:15:22Z",
            "author_association": "MEMBER",
            "body": "Thanks.\n"
        }
    ]
}