{
    "url": "https://api.github.com/repos/pallets/flask/issues/834",
    "repository_url": "https://api.github.com/repos/pallets/flask",
    "labels_url": "https://api.github.com/repos/pallets/flask/issues/834/labels{/name}",
    "comments_url": "https://api.github.com/repos/pallets/flask/issues/834/comments",
    "events_url": "https://api.github.com/repos/pallets/flask/issues/834/events",
    "html_url": "https://github.com/pallets/flask/issues/834",
    "id": 18015132,
    "node_id": "MDU6SXNzdWUxODAxNTEzMg==",
    "number": 834,
    "title": "How to get the serialized version of the session cookie in 0.10?",
    "user": {
        "login": "lipis",
        "id": 125676,
        "node_id": "MDQ6VXNlcjEyNTY3Ng==",
        "avatar_url": "https://avatars1.githubusercontent.com/u/125676?v=4",
        "gravatar_id": "",
        "url": "https://api.github.com/users/lipis",
        "html_url": "https://github.com/lipis",
        "followers_url": "https://api.github.com/users/lipis/followers",
        "following_url": "https://api.github.com/users/lipis/following{/other_user}",
        "gists_url": "https://api.github.com/users/lipis/gists{/gist_id}",
        "starred_url": "https://api.github.com/users/lipis/starred{/owner}{/repo}",
        "subscriptions_url": "https://api.github.com/users/lipis/subscriptions",
        "organizations_url": "https://api.github.com/users/lipis/orgs",
        "repos_url": "https://api.github.com/users/lipis/repos",
        "events_url": "https://api.github.com/users/lipis/events{/privacy}",
        "received_events_url": "https://api.github.com/users/lipis/received_events",
        "type": "User",
        "site_admin": false
    },
    "labels": [],
    "state": "closed",
    "locked": false,
    "assignee": null,
    "assignees": [],
    "milestone": null,
    "comments": 1,
    "created_at": "2013-08-13T19:13:32Z",
    "updated_at": "2017-05-22T18:45:36Z",
    "closed_at": "2017-05-22T18:45:36Z",
    "author_association": "NONE",
    "body": "In version 0.9 I could simply get the value of the `session` like this: \n\n```\nflask.session.serialize()\n```\n\nBut after upgrading to 0.10 this is not working anymore.. what's the alternative? How can I get the session value?\n\n(`flask.request.cookies.get('session')` is not good for me, because I would like to get the session right after login, so it's not part of the request yet)\n",
    "comments_inline": [
        {
            "url": "https://api.github.com/repos/pallets/flask/issues/comments/303186513",
            "html_url": "https://github.com/pallets/flask/issues/834#issuecomment-303186513",
            "issue_url": "https://api.github.com/repos/pallets/flask/issues/834",
            "id": 303186513,
            "node_id": "MDEyOklzc3VlQ29tbWVudDMwMzE4NjUxMw==",
            "user": {
                "login": "davidism",
                "id": 1242887,
                "node_id": "MDQ6VXNlcjEyNDI4ODc=",
                "avatar_url": "https://avatars1.githubusercontent.com/u/1242887?v=4",
                "gravatar_id": "",
                "url": "https://api.github.com/users/davidism",
                "html_url": "https://github.com/davidism",
                "followers_url": "https://api.github.com/users/davidism/followers",
                "following_url": "https://api.github.com/users/davidism/following{/other_user}",
                "gists_url": "https://api.github.com/users/davidism/gists{/gist_id}",
                "starred_url": "https://api.github.com/users/davidism/starred{/owner}{/repo}",
                "subscriptions_url": "https://api.github.com/users/davidism/subscriptions",
                "organizations_url": "https://api.github.com/users/davidism/orgs",
                "repos_url": "https://api.github.com/users/davidism/repos",
                "events_url": "https://api.github.com/users/davidism/events{/privacy}",
                "received_events_url": "https://api.github.com/users/davidism/received_events",
                "type": "User",
                "site_admin": false
            },
            "created_at": "2017-05-22T18:45:36Z",
            "updated_at": "2017-05-22T18:45:36Z",
            "author_association": "MEMBER",
            "body": "`app.session_interface.get_signing_serializer(app).dumps(dict(session))`"
        }
    ]
}