{
    "url": "https://api.github.com/repos/pallets/flask/issues/851",
    "repository_url": "https://api.github.com/repos/pallets/flask",
    "labels_url": "https://api.github.com/repos/pallets/flask/issues/851/labels{/name}",
    "comments_url": "https://api.github.com/repos/pallets/flask/issues/851/comments",
    "events_url": "https://api.github.com/repos/pallets/flask/issues/851/events",
    "html_url": "https://github.com/pallets/flask/pull/851",
    "id": 18711033,
    "node_id": "MDExOlB1bGxSZXF1ZXN0Nzk0MjQ4NA==",
    "number": 851,
    "title": "Adding Flask-Misaka to the extensions page",
    "user": {
        "login": "singingwolfboy",
        "id": 132355,
        "node_id": "MDQ6VXNlcjEzMjM1NQ==",
        "avatar_url": "https://avatars3.githubusercontent.com/u/132355?v=4",
        "gravatar_id": "",
        "url": "https://api.github.com/users/singingwolfboy",
        "html_url": "https://github.com/singingwolfboy",
        "followers_url": "https://api.github.com/users/singingwolfboy/followers",
        "following_url": "https://api.github.com/users/singingwolfboy/following{/other_user}",
        "gists_url": "https://api.github.com/users/singingwolfboy/gists{/gist_id}",
        "starred_url": "https://api.github.com/users/singingwolfboy/starred{/owner}{/repo}",
        "subscriptions_url": "https://api.github.com/users/singingwolfboy/subscriptions",
        "organizations_url": "https://api.github.com/users/singingwolfboy/orgs",
        "repos_url": "https://api.github.com/users/singingwolfboy/repos",
        "events_url": "https://api.github.com/users/singingwolfboy/events{/privacy}",
        "received_events_url": "https://api.github.com/users/singingwolfboy/received_events",
        "type": "User",
        "site_admin": false
    },
    "labels": [],
    "state": "closed",
    "locked": false,
    "assignee": null,
    "assignees": [],
    "milestone": null,
    "comments": 4,
    "created_at": "2013-08-29T04:13:40Z",
    "updated_at": "2014-06-16T07:15:28Z",
    "closed_at": "2014-03-21T20:53:01Z",
    "author_association": "MEMBER",
    "pull_request": {
        "url": "https://api.github.com/repos/pallets/flask/pulls/851",
        "html_url": "https://github.com/pallets/flask/pull/851",
        "diff_url": "https://github.com/pallets/flask/pull/851.diff",
        "patch_url": "https://github.com/pallets/flask/pull/851.patch"
    },
    "body": "I'd like to submit the Flask extension I wrote, [Flask-Misaka](https://github.com/singingwolfboy/flask-misaka), for review for inclusion on the extensions registry page.\n",
    "comments_inline": [
        {
            "url": "https://api.github.com/repos/pallets/flask/issues/comments/38322319",
            "html_url": "https://github.com/pallets/flask/pull/851#issuecomment-38322319",
            "issue_url": "https://api.github.com/repos/pallets/flask/issues/851",
            "id": 38322319,
            "node_id": "MDEyOklzc3VlQ29tbWVudDM4MzIyMzE5",
            "user": {
                "login": "kennethreitz",
                "id": 119893,
                "node_id": "MDQ6VXNlcjExOTg5Mw==",
                "avatar_url": "https://avatars2.githubusercontent.com/u/119893?v=4",
                "gravatar_id": "",
                "url": "https://api.github.com/users/kennethreitz",
                "html_url": "https://github.com/kennethreitz",
                "followers_url": "https://api.github.com/users/kennethreitz/followers",
                "following_url": "https://api.github.com/users/kennethreitz/following{/other_user}",
                "gists_url": "https://api.github.com/users/kennethreitz/gists{/gist_id}",
                "starred_url": "https://api.github.com/users/kennethreitz/starred{/owner}{/repo}",
                "subscriptions_url": "https://api.github.com/users/kennethreitz/subscriptions",
                "organizations_url": "https://api.github.com/users/kennethreitz/orgs",
                "repos_url": "https://api.github.com/users/kennethreitz/repos",
                "events_url": "https://api.github.com/users/kennethreitz/events{/privacy}",
                "received_events_url": "https://api.github.com/users/kennethreitz/received_events",
                "type": "User",
                "site_admin": false
            },
            "created_at": "2014-03-21T20:46:29Z",
            "updated_at": "2014-03-21T20:46:29Z",
            "author_association": "CONTRIBUTOR",
            "body": "Care to do a rebase? :)\n"
        },
        {
            "url": "https://api.github.com/repos/pallets/flask/issues/comments/38322794",
            "html_url": "https://github.com/pallets/flask/pull/851#issuecomment-38322794",
            "issue_url": "https://api.github.com/repos/pallets/flask/issues/851",
            "id": 38322794,
            "node_id": "MDEyOklzc3VlQ29tbWVudDM4MzIyNzk0",
            "user": {
                "login": "singingwolfboy",
                "id": 132355,
                "node_id": "MDQ6VXNlcjEzMjM1NQ==",
                "avatar_url": "https://avatars3.githubusercontent.com/u/132355?v=4",
                "gravatar_id": "",
                "url": "https://api.github.com/users/singingwolfboy",
                "html_url": "https://github.com/singingwolfboy",
                "followers_url": "https://api.github.com/users/singingwolfboy/followers",
                "following_url": "https://api.github.com/users/singingwolfboy/following{/other_user}",
                "gists_url": "https://api.github.com/users/singingwolfboy/gists{/gist_id}",
                "starred_url": "https://api.github.com/users/singingwolfboy/starred{/owner}{/repo}",
                "subscriptions_url": "https://api.github.com/users/singingwolfboy/subscriptions",
                "organizations_url": "https://api.github.com/users/singingwolfboy/orgs",
                "repos_url": "https://api.github.com/users/singingwolfboy/repos",
                "events_url": "https://api.github.com/users/singingwolfboy/events{/privacy}",
                "received_events_url": "https://api.github.com/users/singingwolfboy/received_events",
                "type": "User",
                "site_admin": false
            },
            "created_at": "2014-03-21T20:52:08Z",
            "updated_at": "2014-03-21T20:52:08Z",
            "author_association": "MEMBER",
            "body": "Rebased.\n"
        },
        {
            "url": "https://api.github.com/repos/pallets/flask/issues/comments/38322879",
            "html_url": "https://github.com/pallets/flask/pull/851#issuecomment-38322879",
            "issue_url": "https://api.github.com/repos/pallets/flask/issues/851",
            "id": 38322879,
            "node_id": "MDEyOklzc3VlQ29tbWVudDM4MzIyODc5",
            "user": {
                "login": "kennethreitz",
                "id": 119893,
                "node_id": "MDQ6VXNlcjExOTg5Mw==",
                "avatar_url": "https://avatars2.githubusercontent.com/u/119893?v=4",
                "gravatar_id": "",
                "url": "https://api.github.com/users/kennethreitz",
                "html_url": "https://github.com/kennethreitz",
                "followers_url": "https://api.github.com/users/kennethreitz/followers",
                "following_url": "https://api.github.com/users/kennethreitz/following{/other_user}",
                "gists_url": "https://api.github.com/users/kennethreitz/gists{/gist_id}",
                "starred_url": "https://api.github.com/users/kennethreitz/starred{/owner}{/repo}",
                "subscriptions_url": "https://api.github.com/users/kennethreitz/subscriptions",
                "organizations_url": "https://api.github.com/users/kennethreitz/orgs",
                "repos_url": "https://api.github.com/users/kennethreitz/repos",
                "events_url": "https://api.github.com/users/kennethreitz/events{/privacy}",
                "received_events_url": "https://api.github.com/users/kennethreitz/received_events",
                "type": "User",
                "site_admin": false
            },
            "created_at": "2014-03-21T20:52:59Z",
            "updated_at": "2014-03-21T20:52:59Z",
            "author_association": "CONTRIBUTOR",
            "body": ":cake:\n"
        },
        {
            "url": "https://api.github.com/repos/pallets/flask/issues/comments/38322949",
            "html_url": "https://github.com/pallets/flask/pull/851#issuecomment-38322949",
            "issue_url": "https://api.github.com/repos/pallets/flask/issues/851",
            "id": 38322949,
            "node_id": "MDEyOklzc3VlQ29tbWVudDM4MzIyOTQ5",
            "user": {
                "login": "singingwolfboy",
                "id": 132355,
                "node_id": "MDQ6VXNlcjEzMjM1NQ==",
                "avatar_url": "https://avatars3.githubusercontent.com/u/132355?v=4",
                "gravatar_id": "",
                "url": "https://api.github.com/users/singingwolfboy",
                "html_url": "https://github.com/singingwolfboy",
                "followers_url": "https://api.github.com/users/singingwolfboy/followers",
                "following_url": "https://api.github.com/users/singingwolfboy/following{/other_user}",
                "gists_url": "https://api.github.com/users/singingwolfboy/gists{/gist_id}",
                "starred_url": "https://api.github.com/users/singingwolfboy/starred{/owner}{/repo}",
                "subscriptions_url": "https://api.github.com/users/singingwolfboy/subscriptions",
                "organizations_url": "https://api.github.com/users/singingwolfboy/orgs",
                "repos_url": "https://api.github.com/users/singingwolfboy/repos",
                "events_url": "https://api.github.com/users/singingwolfboy/events{/privacy}",
                "received_events_url": "https://api.github.com/users/singingwolfboy/received_events",
                "type": "User",
                "site_admin": false
            },
            "created_at": "2014-03-21T20:53:57Z",
            "updated_at": "2014-03-21T20:53:57Z",
            "author_association": "MEMBER",
            "body": "Thank you! :heart: \n"
        }
    ]
}