{
    "url": "https://api.github.com/repos/pallets/flask/issues/869",
    "repository_url": "https://api.github.com/repos/pallets/flask",
    "labels_url": "https://api.github.com/repos/pallets/flask/issues/869/labels{/name}",
    "comments_url": "https://api.github.com/repos/pallets/flask/issues/869/comments",
    "events_url": "https://api.github.com/repos/pallets/flask/issues/869/events",
    "html_url": "https://github.com/pallets/flask/pull/869",
    "id": 19797089,
    "node_id": "MDExOlB1bGxSZXF1ZXN0ODQ3NDkwOA==",
    "number": 869,
    "title": "Add missing import on SQLAlchemy documentation page",
    "user": {
        "login": "csu",
        "id": 164822,
        "node_id": "MDQ6VXNlcjE2NDgyMg==",
        "avatar_url": "https://avatars1.githubusercontent.com/u/164822?v=4",
        "gravatar_id": "",
        "url": "https://api.github.com/users/csu",
        "html_url": "https://github.com/csu",
        "followers_url": "https://api.github.com/users/csu/followers",
        "following_url": "https://api.github.com/users/csu/following{/other_user}",
        "gists_url": "https://api.github.com/users/csu/gists{/gist_id}",
        "starred_url": "https://api.github.com/users/csu/starred{/owner}{/repo}",
        "subscriptions_url": "https://api.github.com/users/csu/subscriptions",
        "organizations_url": "https://api.github.com/users/csu/orgs",
        "repos_url": "https://api.github.com/users/csu/repos",
        "events_url": "https://api.github.com/users/csu/events{/privacy}",
        "received_events_url": "https://api.github.com/users/csu/received_events",
        "type": "User",
        "site_admin": false
    },
    "labels": [],
    "state": "closed",
    "locked": false,
    "assignee": null,
    "assignees": [],
    "milestone": null,
    "comments": 2,
    "created_at": "2013-09-20T06:31:39Z",
    "updated_at": "2014-06-16T07:14:56Z",
    "closed_at": "2014-03-21T20:46:05Z",
    "author_association": "CONTRIBUTOR",
    "pull_request": {
        "url": "https://api.github.com/repos/pallets/flask/pulls/869",
        "html_url": "https://github.com/pallets/flask/pull/869",
        "diff_url": "https://github.com/pallets/flask/pull/869.diff",
        "patch_url": "https://github.com/pallets/flask/pull/869.patch"
    },
    "body": "",
    "comments_inline": [
        {
            "url": "https://api.github.com/repos/pallets/flask/issues/comments/24867320",
            "html_url": "https://github.com/pallets/flask/pull/869#issuecomment-24867320",
            "issue_url": "https://api.github.com/repos/pallets/flask/issues/869",
            "id": 24867320,
            "node_id": "MDEyOklzc3VlQ29tbWVudDI0ODY3MzIw",
            "user": {
                "login": "untitaker",
                "id": 837573,
                "node_id": "MDQ6VXNlcjgzNzU3Mw==",
                "avatar_url": "https://avatars0.githubusercontent.com/u/837573?v=4",
                "gravatar_id": "",
                "url": "https://api.github.com/users/untitaker",
                "html_url": "https://github.com/untitaker",
                "followers_url": "https://api.github.com/users/untitaker/followers",
                "following_url": "https://api.github.com/users/untitaker/following{/other_user}",
                "gists_url": "https://api.github.com/users/untitaker/gists{/gist_id}",
                "starred_url": "https://api.github.com/users/untitaker/starred{/owner}{/repo}",
                "subscriptions_url": "https://api.github.com/users/untitaker/subscriptions",
                "organizations_url": "https://api.github.com/users/untitaker/orgs",
                "repos_url": "https://api.github.com/users/untitaker/repos",
                "events_url": "https://api.github.com/users/untitaker/events{/privacy}",
                "received_events_url": "https://api.github.com/users/untitaker/received_events",
                "type": "User",
                "site_admin": false
            },
            "created_at": "2013-09-21T17:48:28Z",
            "updated_at": "2013-09-21T17:48:28Z",
            "author_association": "MEMBER",
            "body": "I think the import of `Table` is more appropriate in the next codeblock. Otherwise i am +0 on this.\n"
        },
        {
            "url": "https://api.github.com/repos/pallets/flask/issues/comments/38322285",
            "html_url": "https://github.com/pallets/flask/pull/869#issuecomment-38322285",
            "issue_url": "https://api.github.com/repos/pallets/flask/issues/869",
            "id": 38322285,
            "node_id": "MDEyOklzc3VlQ29tbWVudDM4MzIyMjg1",
            "user": {
                "login": "kennethreitz",
                "id": 119893,
                "node_id": "MDQ6VXNlcjExOTg5Mw==",
                "avatar_url": "https://avatars2.githubusercontent.com/u/119893?v=4",
                "gravatar_id": "",
                "url": "https://api.github.com/users/kennethreitz",
                "html_url": "https://github.com/kennethreitz",
                "followers_url": "https://api.github.com/users/kennethreitz/followers",
                "following_url": "https://api.github.com/users/kennethreitz/following{/other_user}",
                "gists_url": "https://api.github.com/users/kennethreitz/gists{/gist_id}",
                "starred_url": "https://api.github.com/users/kennethreitz/starred{/owner}{/repo}",
                "subscriptions_url": "https://api.github.com/users/kennethreitz/subscriptions",
                "organizations_url": "https://api.github.com/users/kennethreitz/orgs",
                "repos_url": "https://api.github.com/users/kennethreitz/repos",
                "events_url": "https://api.github.com/users/kennethreitz/events{/privacy}",
                "received_events_url": "https://api.github.com/users/kennethreitz/received_events",
                "type": "User",
                "site_admin": false
            },
            "created_at": "2014-03-21T20:46:03Z",
            "updated_at": "2014-03-21T20:46:03Z",
            "author_association": "CONTRIBUTOR",
            "body": "I've been wanting this for a while, myself. Great job.\n"
        }
    ]
}