{
    "url": "https://api.github.com/repos/pallets/flask/issues/886",
    "repository_url": "https://api.github.com/repos/pallets/flask",
    "labels_url": "https://api.github.com/repos/pallets/flask/issues/886/labels{/name}",
    "comments_url": "https://api.github.com/repos/pallets/flask/issues/886/comments",
    "events_url": "https://api.github.com/repos/pallets/flask/issues/886/events",
    "html_url": "https://github.com/pallets/flask/pull/886",
    "id": 20918281,
    "node_id": "MDExOlB1bGxSZXF1ZXN0OTA1MDA0Mg==",
    "number": 886,
    "title": "Updated some typos",
    "user": {
        "login": "talam",
        "id": 709220,
        "node_id": "MDQ6VXNlcjcwOTIyMA==",
        "avatar_url": "https://avatars3.githubusercontent.com/u/709220?v=4",
        "gravatar_id": "",
        "url": "https://api.github.com/users/talam",
        "html_url": "https://github.com/talam",
        "followers_url": "https://api.github.com/users/talam/followers",
        "following_url": "https://api.github.com/users/talam/following{/other_user}",
        "gists_url": "https://api.github.com/users/talam/gists{/gist_id}",
        "starred_url": "https://api.github.com/users/talam/starred{/owner}{/repo}",
        "subscriptions_url": "https://api.github.com/users/talam/subscriptions",
        "organizations_url": "https://api.github.com/users/talam/orgs",
        "repos_url": "https://api.github.com/users/talam/repos",
        "events_url": "https://api.github.com/users/talam/events{/privacy}",
        "received_events_url": "https://api.github.com/users/talam/received_events",
        "type": "User",
        "site_admin": false
    },
    "labels": [],
    "state": "closed",
    "locked": false,
    "assignee": null,
    "assignees": [],
    "milestone": null,
    "comments": 1,
    "created_at": "2013-10-12T22:14:45Z",
    "updated_at": "2014-06-16T07:44:57Z",
    "closed_at": "2013-10-16T17:06:01Z",
    "author_association": "CONTRIBUTOR",
    "pull_request": {
        "url": "https://api.github.com/repos/pallets/flask/pulls/886",
        "html_url": "https://github.com/pallets/flask/pull/886",
        "diff_url": "https://github.com/pallets/flask/pull/886.diff",
        "patch_url": "https://github.com/pallets/flask/pull/886.patch"
    },
    "body": "Fixed some incorrect variable references.\n",
    "comments_inline": [
        {
            "url": "https://api.github.com/repos/pallets/flask/issues/comments/26437693",
            "html_url": "https://github.com/pallets/flask/pull/886#issuecomment-26437693",
            "issue_url": "https://api.github.com/repos/pallets/flask/issues/886",
            "id": 26437693,
            "node_id": "MDEyOklzc3VlQ29tbWVudDI2NDM3Njkz",
            "user": {
                "login": "DasIch",
                "id": 182316,
                "node_id": "MDQ6VXNlcjE4MjMxNg==",
                "avatar_url": "https://avatars0.githubusercontent.com/u/182316?v=4",
                "gravatar_id": "",
                "url": "https://api.github.com/users/DasIch",
                "html_url": "https://github.com/DasIch",
                "followers_url": "https://api.github.com/users/DasIch/followers",
                "following_url": "https://api.github.com/users/DasIch/following{/other_user}",
                "gists_url": "https://api.github.com/users/DasIch/gists{/gist_id}",
                "starred_url": "https://api.github.com/users/DasIch/starred{/owner}{/repo}",
                "subscriptions_url": "https://api.github.com/users/DasIch/subscriptions",
                "organizations_url": "https://api.github.com/users/DasIch/orgs",
                "repos_url": "https://api.github.com/users/DasIch/repos",
                "events_url": "https://api.github.com/users/DasIch/events{/privacy}",
                "received_events_url": "https://api.github.com/users/DasIch/received_events",
                "type": "User",
                "site_admin": false
            },
            "created_at": "2013-10-16T17:06:08Z",
            "updated_at": "2013-10-16T17:06:08Z",
            "author_association": "CONTRIBUTOR",
            "body": "Thanks :)\n"
        }
    ]
}