{
    "url": "https://api.github.com/repos/pallets/flask/issues/939",
    "repository_url": "https://api.github.com/repos/pallets/flask",
    "labels_url": "https://api.github.com/repos/pallets/flask/issues/939/labels{/name}",
    "comments_url": "https://api.github.com/repos/pallets/flask/issues/939/comments",
    "events_url": "https://api.github.com/repos/pallets/flask/issues/939/events",
    "html_url": "https://github.com/pallets/flask/issues/939",
    "id": 24939500,
    "node_id": "MDU6SXNzdWUyNDkzOTUwMA==",
    "number": 939,
    "title": "Default HTML errors don't tell their encoding and aren't HTML5",
    "user": {
        "login": "JeromeJ",
        "id": 650065,
        "node_id": "MDQ6VXNlcjY1MDA2NQ==",
        "avatar_url": "https://avatars2.githubusercontent.com/u/650065?v=4",
        "gravatar_id": "",
        "url": "https://api.github.com/users/JeromeJ",
        "html_url": "https://github.com/JeromeJ",
        "followers_url": "https://api.github.com/users/JeromeJ/followers",
        "following_url": "https://api.github.com/users/JeromeJ/following{/other_user}",
        "gists_url": "https://api.github.com/users/JeromeJ/gists{/gist_id}",
        "starred_url": "https://api.github.com/users/JeromeJ/starred{/owner}{/repo}",
        "subscriptions_url": "https://api.github.com/users/JeromeJ/subscriptions",
        "organizations_url": "https://api.github.com/users/JeromeJ/orgs",
        "repos_url": "https://api.github.com/users/JeromeJ/repos",
        "events_url": "https://api.github.com/users/JeromeJ/events{/privacy}",
        "received_events_url": "https://api.github.com/users/JeromeJ/received_events",
        "type": "User",
        "site_admin": false
    },
    "labels": [],
    "state": "closed",
    "locked": false,
    "assignee": null,
    "assignees": [],
    "milestone": null,
    "comments": 2,
    "created_at": "2014-01-01T11:01:23Z",
    "updated_at": "2014-02-08T22:14:50Z",
    "closed_at": "2014-02-08T22:14:50Z",
    "author_association": "NONE",
    "body": "Hello,\n\nJust noticed that the default HTML errors (like 404 Not Found) are:\n\n1) Not using HTML5 yet.\n\n`<!DOCTYPE HTML PUBLIC \"-//W3C//DTD HTML 3.2 Final//EN\">`\n\n2) Don't indicate their encoding, which raises a message in the Firefox console:\n\n\" The character encoding of the HTML document was not declared. The document will render with garbled text in some browser configurations if the document contains characters from outside the US-ASCII range. The character encoding of the page must be declared in the document or in the transfer protocol. \"\n\nCordially.\n",
    "comments_inline": [
        {
            "url": "https://api.github.com/repos/pallets/flask/issues/comments/32552039",
            "html_url": "https://github.com/pallets/flask/issues/939#issuecomment-32552039",
            "issue_url": "https://api.github.com/repos/pallets/flask/issues/939",
            "id": 32552039,
            "node_id": "MDEyOklzc3VlQ29tbWVudDMyNTUyMDM5",
            "user": {
                "login": "JamesLaverack",
                "id": 1119526,
                "node_id": "MDQ6VXNlcjExMTk1MjY=",
                "avatar_url": "https://avatars1.githubusercontent.com/u/1119526?v=4",
                "gravatar_id": "",
                "url": "https://api.github.com/users/JamesLaverack",
                "html_url": "https://github.com/JamesLaverack",
                "followers_url": "https://api.github.com/users/JamesLaverack/followers",
                "following_url": "https://api.github.com/users/JamesLaverack/following{/other_user}",
                "gists_url": "https://api.github.com/users/JamesLaverack/gists{/gist_id}",
                "starred_url": "https://api.github.com/users/JamesLaverack/starred{/owner}{/repo}",
                "subscriptions_url": "https://api.github.com/users/JamesLaverack/subscriptions",
                "organizations_url": "https://api.github.com/users/JamesLaverack/orgs",
                "repos_url": "https://api.github.com/users/JamesLaverack/repos",
                "events_url": "https://api.github.com/users/JamesLaverack/events{/privacy}",
                "received_events_url": "https://api.github.com/users/JamesLaverack/received_events",
                "type": "User",
                "site_admin": false
            },
            "created_at": "2014-01-16T22:04:16Z",
            "updated_at": "2014-01-16T22:04:16Z",
            "author_association": "NONE",
            "body": "I think this is an issue with [werkzeug](https://github.com/mitsuhiko/werkzeug), the library that Flask is built on, and not with Flask itself.\n"
        },
        {
            "url": "https://api.github.com/repos/pallets/flask/issues/comments/34558091",
            "html_url": "https://github.com/pallets/flask/issues/939#issuecomment-34558091",
            "issue_url": "https://api.github.com/repos/pallets/flask/issues/939",
            "id": 34558091,
            "node_id": "MDEyOklzc3VlQ29tbWVudDM0NTU4MDkx",
            "user": {
                "login": "mitsuhiko",
                "id": 7396,
                "node_id": "MDQ6VXNlcjczOTY=",
                "avatar_url": "https://avatars1.githubusercontent.com/u/7396?v=4",
                "gravatar_id": "",
                "url": "https://api.github.com/users/mitsuhiko",
                "html_url": "https://github.com/mitsuhiko",
                "followers_url": "https://api.github.com/users/mitsuhiko/followers",
                "following_url": "https://api.github.com/users/mitsuhiko/following{/other_user}",
                "gists_url": "https://api.github.com/users/mitsuhiko/gists{/gist_id}",
                "starred_url": "https://api.github.com/users/mitsuhiko/starred{/owner}{/repo}",
                "subscriptions_url": "https://api.github.com/users/mitsuhiko/subscriptions",
                "organizations_url": "https://api.github.com/users/mitsuhiko/orgs",
                "repos_url": "https://api.github.com/users/mitsuhiko/repos",
                "events_url": "https://api.github.com/users/mitsuhiko/events{/privacy}",
                "received_events_url": "https://api.github.com/users/mitsuhiko/received_events",
                "type": "User",
                "site_admin": false
            },
            "created_at": "2014-02-08T22:14:50Z",
            "updated_at": "2014-02-08T22:14:50Z",
            "author_association": "MEMBER",
            "body": "Correct. Please file this against werkzeug. Closing here.\n"
        }
    ]
}