{
    "url": "https://api.github.com/repos/pallets/flask/issues/975",
    "repository_url": "https://api.github.com/repos/pallets/flask",
    "labels_url": "https://api.github.com/repos/pallets/flask/issues/975/labels{/name}",
    "comments_url": "https://api.github.com/repos/pallets/flask/issues/975/comments",
    "events_url": "https://api.github.com/repos/pallets/flask/issues/975/events",
    "html_url": "https://github.com/pallets/flask/pull/975",
    "id": 27122550,
    "node_id": "MDExOlB1bGxSZXF1ZXN0MTIzMDQ4NTc=",
    "number": 975,
    "title": "Update copyright year in license",
    "user": {
        "login": "mpolden",
        "id": 174496,
        "node_id": "MDQ6VXNlcjE3NDQ5Ng==",
        "avatar_url": "https://avatars1.githubusercontent.com/u/174496?v=4",
        "gravatar_id": "",
        "url": "https://api.github.com/users/mpolden",
        "html_url": "https://github.com/mpolden",
        "followers_url": "https://api.github.com/users/mpolden/followers",
        "following_url": "https://api.github.com/users/mpolden/following{/other_user}",
        "gists_url": "https://api.github.com/users/mpolden/gists{/gist_id}",
        "starred_url": "https://api.github.com/users/mpolden/starred{/owner}{/repo}",
        "subscriptions_url": "https://api.github.com/users/mpolden/subscriptions",
        "organizations_url": "https://api.github.com/users/mpolden/orgs",
        "repos_url": "https://api.github.com/users/mpolden/repos",
        "events_url": "https://api.github.com/users/mpolden/events{/privacy}",
        "received_events_url": "https://api.github.com/users/mpolden/received_events",
        "type": "User",
        "site_admin": false
    },
    "labels": [],
    "state": "closed",
    "locked": false,
    "assignee": null,
    "assignees": [],
    "milestone": null,
    "comments": 0,
    "created_at": "2014-02-07T09:28:25Z",
    "updated_at": "2014-06-16T09:13:19Z",
    "closed_at": "2014-02-08T16:24:27Z",
    "author_association": "CONTRIBUTOR",
    "pull_request": {
        "url": "https://api.github.com/repos/pallets/flask/pulls/975",
        "html_url": "https://github.com/pallets/flask/pull/975",
        "diff_url": "https://github.com/pallets/flask/pull/975.diff",
        "patch_url": "https://github.com/pallets/flask/pull/975.patch"
    },
    "body": "Update copyright year in license. Looks like it was forgotten in 52098e1e4fc4d9c962e9ecb09dfbbcc6ac80a4d7.\n"
}