{
    "url": "https://api.github.com/repos/pallets/flask/issues/977",
    "repository_url": "https://api.github.com/repos/pallets/flask",
    "labels_url": "https://api.github.com/repos/pallets/flask/issues/977/labels{/name}",
    "comments_url": "https://api.github.com/repos/pallets/flask/issues/977/comments",
    "events_url": "https://api.github.com/repos/pallets/flask/issues/977/events",
    "html_url": "https://github.com/pallets/flask/pull/977",
    "id": 27297110,
    "node_id": "MDExOlB1bGxSZXF1ZXN0MTIzODg0Njk=",
    "number": 977,
    "title": "Update windows installation and other notes",
    "user": {
        "login": "Ivoz",
        "id": 199266,
        "node_id": "MDQ6VXNlcjE5OTI2Ng==",
        "avatar_url": "https://avatars1.githubusercontent.com/u/199266?v=4",
        "gravatar_id": "",
        "url": "https://api.github.com/users/Ivoz",
        "html_url": "https://github.com/Ivoz",
        "followers_url": "https://api.github.com/users/Ivoz/followers",
        "following_url": "https://api.github.com/users/Ivoz/following{/other_user}",
        "gists_url": "https://api.github.com/users/Ivoz/gists{/gist_id}",
        "starred_url": "https://api.github.com/users/Ivoz/starred{/owner}{/repo}",
        "subscriptions_url": "https://api.github.com/users/Ivoz/subscriptions",
        "organizations_url": "https://api.github.com/users/Ivoz/orgs",
        "repos_url": "https://api.github.com/users/Ivoz/repos",
        "events_url": "https://api.github.com/users/Ivoz/events{/privacy}",
        "received_events_url": "https://api.github.com/users/Ivoz/received_events",
        "type": "User",
        "site_admin": false
    },
    "labels": [],
    "state": "closed",
    "locked": false,
    "assignee": null,
    "assignees": [],
    "milestone": null,
    "comments": 2,
    "created_at": "2014-02-10T20:24:44Z",
    "updated_at": "2014-06-16T09:13:17Z",
    "closed_at": "2014-03-21T20:36:12Z",
    "author_association": "CONTRIBUTOR",
    "pull_request": {
        "url": "https://api.github.com/repos/pallets/flask/pulls/977",
        "html_url": "https://github.com/pallets/flask/pull/977",
        "diff_url": "https://github.com/pallets/flask/pull/977.diff",
        "patch_url": "https://github.com/pallets/flask/pull/977.patch"
    },
    "body": "Making allowance for new convenience of `get-pip.py` that automatically installs setuptools and pip together.\n\nStop recommending distribute, which has now been merged into setuptools.\n",
    "comments_inline": [
        {
            "url": "https://api.github.com/repos/pallets/flask/issues/comments/38321167",
            "html_url": "https://github.com/pallets/flask/pull/977#issuecomment-38321167",
            "issue_url": "https://api.github.com/repos/pallets/flask/issues/977",
            "id": 38321167,
            "node_id": "MDEyOklzc3VlQ29tbWVudDM4MzIxMTY3",
            "user": {
                "login": "kennethreitz",
                "id": 119893,
                "node_id": "MDQ6VXNlcjExOTg5Mw==",
                "avatar_url": "https://avatars2.githubusercontent.com/u/119893?v=4",
                "gravatar_id": "",
                "url": "https://api.github.com/users/kennethreitz",
                "html_url": "https://github.com/kennethreitz",
                "followers_url": "https://api.github.com/users/kennethreitz/followers",
                "following_url": "https://api.github.com/users/kennethreitz/following{/other_user}",
                "gists_url": "https://api.github.com/users/kennethreitz/gists{/gist_id}",
                "starred_url": "https://api.github.com/users/kennethreitz/starred{/owner}{/repo}",
                "subscriptions_url": "https://api.github.com/users/kennethreitz/subscriptions",
                "organizations_url": "https://api.github.com/users/kennethreitz/orgs",
                "repos_url": "https://api.github.com/users/kennethreitz/repos",
                "events_url": "https://api.github.com/users/kennethreitz/events{/privacy}",
                "received_events_url": "https://api.github.com/users/kennethreitz/received_events",
                "type": "User",
                "site_admin": false
            },
            "created_at": "2014-03-21T20:36:11Z",
            "updated_at": "2014-03-21T20:36:11Z",
            "author_association": "CONTRIBUTOR",
            "body": "This looks great! \n\nI'd be very wary of fully removing the `;C:\\Python27\\Scripts` part, though. We'll leave it for now and see how it goes. \n\nGenerally, I wonder how people would feel about just outsourcing this part of the documentation to Python-Guide?\n\nhttp://docs.python-guide.org/en/latest/starting/install/win/\n"
        },
        {
            "url": "https://api.github.com/repos/pallets/flask/issues/comments/38344714",
            "html_url": "https://github.com/pallets/flask/pull/977#issuecomment-38344714",
            "issue_url": "https://api.github.com/repos/pallets/flask/issues/977",
            "id": 38344714,
            "node_id": "MDEyOklzc3VlQ29tbWVudDM4MzQ0NzE0",
            "user": {
                "login": "Ivoz",
                "id": 199266,
                "node_id": "MDQ6VXNlcjE5OTI2Ng==",
                "avatar_url": "https://avatars1.githubusercontent.com/u/199266?v=4",
                "gravatar_id": "",
                "url": "https://api.github.com/users/Ivoz",
                "html_url": "https://github.com/Ivoz",
                "followers_url": "https://api.github.com/users/Ivoz/followers",
                "following_url": "https://api.github.com/users/Ivoz/following{/other_user}",
                "gists_url": "https://api.github.com/users/Ivoz/gists{/gist_id}",
                "starred_url": "https://api.github.com/users/Ivoz/starred{/owner}{/repo}",
                "subscriptions_url": "https://api.github.com/users/Ivoz/subscriptions",
                "organizations_url": "https://api.github.com/users/Ivoz/orgs",
                "repos_url": "https://api.github.com/users/Ivoz/repos",
                "events_url": "https://api.github.com/users/Ivoz/events{/privacy}",
                "received_events_url": "https://api.github.com/users/Ivoz/received_events",
                "type": "User",
                "site_admin": false
            },
            "created_at": "2014-03-22T06:52:39Z",
            "updated_at": "2014-03-22T06:52:39Z",
            "author_association": "CONTRIBUTOR",
            "body": "> I'd be very wary of fully removing the ;C:\\Python27\\Scripts part, though. We'll leave it for now and see how it goes.\n\nIMHO this should be solved by having pip added to the path, which is why the part on `win_add2path.py` is mentioned immediately after.\n\n> Generally, I wonder how people would feel about just outsourcing this part of the documentation to Python-Guide?\n\nI could see arguments both directions; but apart from that, if you were to outsource this I'd suggest pointing to http://packaging.python.org (which, by the way is up on [github](https://github.com/pypa/python-packaging-user-guide) and ofc welcomes any issues/PRs if you see any inadequacies)\n\nCheers!\n"
        }
    ]
}