{
    "url": "https://api.github.com/repos/pallets/flask/issues/979",
    "repository_url": "https://api.github.com/repos/pallets/flask",
    "labels_url": "https://api.github.com/repos/pallets/flask/issues/979/labels{/name}",
    "comments_url": "https://api.github.com/repos/pallets/flask/issues/979/comments",
    "events_url": "https://api.github.com/repos/pallets/flask/issues/979/events",
    "html_url": "https://github.com/pallets/flask/pull/979",
    "id": 27352204,
    "node_id": "MDExOlB1bGxSZXF1ZXN0MTI0MTY5ODU=",
    "number": 979,
    "title": "Add an \"import os\" to tutorial",
    "user": {
        "login": "adrianmoisey",
        "id": 736329,
        "node_id": "MDQ6VXNlcjczNjMyOQ==",
        "avatar_url": "https://avatars3.githubusercontent.com/u/736329?v=4",
        "gravatar_id": "",
        "url": "https://api.github.com/users/adrianmoisey",
        "html_url": "https://github.com/adrianmoisey",
        "followers_url": "https://api.github.com/users/adrianmoisey/followers",
        "following_url": "https://api.github.com/users/adrianmoisey/following{/other_user}",
        "gists_url": "https://api.github.com/users/adrianmoisey/gists{/gist_id}",
        "starred_url": "https://api.github.com/users/adrianmoisey/starred{/owner}{/repo}",
        "subscriptions_url": "https://api.github.com/users/adrianmoisey/subscriptions",
        "organizations_url": "https://api.github.com/users/adrianmoisey/orgs",
        "repos_url": "https://api.github.com/users/adrianmoisey/repos",
        "events_url": "https://api.github.com/users/adrianmoisey/events{/privacy}",
        "received_events_url": "https://api.github.com/users/adrianmoisey/received_events",
        "type": "User",
        "site_admin": false
    },
    "labels": [],
    "state": "closed",
    "locked": false,
    "assignee": null,
    "assignees": [],
    "milestone": null,
    "comments": 2,
    "created_at": "2014-02-11T14:34:00Z",
    "updated_at": "2014-06-16T09:13:14Z",
    "closed_at": "2014-03-13T19:12:28Z",
    "author_association": "NONE",
    "pull_request": {
        "url": "https://api.github.com/repos/pallets/flask/pulls/979",
        "html_url": "https://github.com/pallets/flask/pull/979",
        "diff_url": "https://github.com/pallets/flask/pull/979.diff",
        "patch_url": "https://github.com/pallets/flask/pull/979.patch"
    },
    "body": "Tutorial requires os module for the path.join function\n",
    "comments_inline": [
        {
            "url": "https://api.github.com/repos/pallets/flask/issues/comments/35168429",
            "html_url": "https://github.com/pallets/flask/pull/979#issuecomment-35168429",
            "issue_url": "https://api.github.com/repos/pallets/flask/issues/979",
            "id": 35168429,
            "node_id": "MDEyOklzc3VlQ29tbWVudDM1MTY4NDI5",
            "user": {
                "login": "nZac",
                "id": 276212,
                "node_id": "MDQ6VXNlcjI3NjIxMg==",
                "avatar_url": "https://avatars0.githubusercontent.com/u/276212?v=4",
                "gravatar_id": "",
                "url": "https://api.github.com/users/nZac",
                "html_url": "https://github.com/nZac",
                "followers_url": "https://api.github.com/users/nZac/followers",
                "following_url": "https://api.github.com/users/nZac/following{/other_user}",
                "gists_url": "https://api.github.com/users/nZac/gists{/gist_id}",
                "starred_url": "https://api.github.com/users/nZac/starred{/owner}{/repo}",
                "subscriptions_url": "https://api.github.com/users/nZac/subscriptions",
                "organizations_url": "https://api.github.com/users/nZac/orgs",
                "repos_url": "https://api.github.com/users/nZac/repos",
                "events_url": "https://api.github.com/users/nZac/events{/privacy}",
                "received_events_url": "https://api.github.com/users/nZac/received_events",
                "type": "User",
                "site_admin": false
            },
            "created_at": "2014-02-15T21:30:57Z",
            "updated_at": "2014-02-15T21:30:57Z",
            "author_association": "CONTRIBUTOR",
            "body": "See issue #976 for details on this issue.  I think the issue is the pocoo doc's haven't been updated in a while.  #963 has more details on that issue.\n"
        },
        {
            "url": "https://api.github.com/repos/pallets/flask/issues/comments/37574549",
            "html_url": "https://github.com/pallets/flask/pull/979#issuecomment-37574549",
            "issue_url": "https://api.github.com/repos/pallets/flask/issues/979",
            "id": 37574549,
            "node_id": "MDEyOklzc3VlQ29tbWVudDM3NTc0NTQ5",
            "user": {
                "login": "DasIch",
                "id": 182316,
                "node_id": "MDQ6VXNlcjE4MjMxNg==",
                "avatar_url": "https://avatars0.githubusercontent.com/u/182316?v=4",
                "gravatar_id": "",
                "url": "https://api.github.com/users/DasIch",
                "html_url": "https://github.com/DasIch",
                "followers_url": "https://api.github.com/users/DasIch/followers",
                "following_url": "https://api.github.com/users/DasIch/following{/other_user}",
                "gists_url": "https://api.github.com/users/DasIch/gists{/gist_id}",
                "starred_url": "https://api.github.com/users/DasIch/starred{/owner}{/repo}",
                "subscriptions_url": "https://api.github.com/users/DasIch/subscriptions",
                "organizations_url": "https://api.github.com/users/DasIch/orgs",
                "repos_url": "https://api.github.com/users/DasIch/repos",
                "events_url": "https://api.github.com/users/DasIch/events{/privacy}",
                "received_events_url": "https://api.github.com/users/DasIch/received_events",
                "type": "User",
                "site_admin": false
            },
            "created_at": "2014-03-13T19:12:28Z",
            "updated_at": "2014-03-13T19:12:28Z",
            "author_association": "CONTRIBUTOR",
            "body": "This has been fixed by ffff509cf07b4791201915f98116aec51eb4a651.\n"
        }
    ]
}