{
    "url": "https://api.github.com/repos/pallets/flask/issues/98",
    "repository_url": "https://api.github.com/repos/pallets/flask",
    "labels_url": "https://api.github.com/repos/pallets/flask/issues/98/labels{/name}",
    "comments_url": "https://api.github.com/repos/pallets/flask/issues/98/comments",
    "events_url": "https://api.github.com/repos/pallets/flask/issues/98/events",
    "html_url": "https://github.com/pallets/flask/issues/98",
    "id": 261681,
    "node_id": "MDU6SXNzdWUyNjE2ODE=",
    "number": 98,
    "title": "Response object mismatch",
    "user": {
        "login": "pelletier",
        "id": 172804,
        "node_id": "MDQ6VXNlcjE3MjgwNA==",
        "avatar_url": "https://avatars2.githubusercontent.com/u/172804?v=4",
        "gravatar_id": "",
        "url": "https://api.github.com/users/pelletier",
        "html_url": "https://github.com/pelletier",
        "followers_url": "https://api.github.com/users/pelletier/followers",
        "following_url": "https://api.github.com/users/pelletier/following{/other_user}",
        "gists_url": "https://api.github.com/users/pelletier/gists{/gist_id}",
        "starred_url": "https://api.github.com/users/pelletier/starred{/owner}{/repo}",
        "subscriptions_url": "https://api.github.com/users/pelletier/subscriptions",
        "organizations_url": "https://api.github.com/users/pelletier/orgs",
        "repos_url": "https://api.github.com/users/pelletier/repos",
        "events_url": "https://api.github.com/users/pelletier/events{/privacy}",
        "received_events_url": "https://api.github.com/users/pelletier/received_events",
        "type": "User",
        "site_admin": false
    },
    "labels": [],
    "state": "closed",
    "locked": false,
    "assignee": null,
    "assignees": [],
    "milestone": null,
    "comments": 1,
    "created_at": "2010-07-28T08:10:00Z",
    "updated_at": "2010-07-28T17:46:01Z",
    "closed_at": "2010-07-28T17:46:01Z",
    "author_association": "NONE",
    "body": "In [Response object documentation page](http://flask.pocoo.org/docs/api/?highlight=response#flask.Response), the parameter 'status_code' is mentioned. It looks like its real name is 'status'.\n",
    "comments_inline": [
        {
            "url": "https://api.github.com/repos/pallets/flask/issues/comments/331039",
            "html_url": "https://github.com/pallets/flask/issues/98#issuecomment-331039",
            "issue_url": "https://api.github.com/repos/pallets/flask/issues/98",
            "id": 331039,
            "node_id": "MDEyOklzc3VlQ29tbWVudDMzMTAzOQ==",
            "user": {
                "login": "mitsuhiko",
                "id": 7396,
                "node_id": "MDQ6VXNlcjczOTY=",
                "avatar_url": "https://avatars1.githubusercontent.com/u/7396?v=4",
                "gravatar_id": "",
                "url": "https://api.github.com/users/mitsuhiko",
                "html_url": "https://github.com/mitsuhiko",
                "followers_url": "https://api.github.com/users/mitsuhiko/followers",
                "following_url": "https://api.github.com/users/mitsuhiko/following{/other_user}",
                "gists_url": "https://api.github.com/users/mitsuhiko/gists{/gist_id}",
                "starred_url": "https://api.github.com/users/mitsuhiko/starred{/owner}{/repo}",
                "subscriptions_url": "https://api.github.com/users/mitsuhiko/subscriptions",
                "organizations_url": "https://api.github.com/users/mitsuhiko/orgs",
                "repos_url": "https://api.github.com/users/mitsuhiko/repos",
                "events_url": "https://api.github.com/users/mitsuhiko/events{/privacy}",
                "received_events_url": "https://api.github.com/users/mitsuhiko/received_events",
                "type": "User",
                "site_admin": false
            },
            "created_at": "2010-07-28T17:46:01Z",
            "updated_at": "2010-07-28T17:46:01Z",
            "author_association": "MEMBER",
            "body": "That is not a parameter documented there, but an attribute.\n"
        }
    ]
}