{
    "url": "https://api.github.com/repos/pallets/flask/issues/980",
    "repository_url": "https://api.github.com/repos/pallets/flask",
    "labels_url": "https://api.github.com/repos/pallets/flask/issues/980/labels{/name}",
    "comments_url": "https://api.github.com/repos/pallets/flask/issues/980/comments",
    "events_url": "https://api.github.com/repos/pallets/flask/issues/980/events",
    "html_url": "https://github.com/pallets/flask/pull/980",
    "id": 27526118,
    "node_id": "MDExOlB1bGxSZXF1ZXN0MTI1MTQwNTU=",
    "number": 980,
    "title": "Update docs copyright date",
    "user": {
        "login": "grampajoe",
        "id": 55005,
        "node_id": "MDQ6VXNlcjU1MDA1",
        "avatar_url": "https://avatars1.githubusercontent.com/u/55005?v=4",
        "gravatar_id": "",
        "url": "https://api.github.com/users/grampajoe",
        "html_url": "https://github.com/grampajoe",
        "followers_url": "https://api.github.com/users/grampajoe/followers",
        "following_url": "https://api.github.com/users/grampajoe/following{/other_user}",
        "gists_url": "https://api.github.com/users/grampajoe/gists{/gist_id}",
        "starred_url": "https://api.github.com/users/grampajoe/starred{/owner}{/repo}",
        "subscriptions_url": "https://api.github.com/users/grampajoe/subscriptions",
        "organizations_url": "https://api.github.com/users/grampajoe/orgs",
        "repos_url": "https://api.github.com/users/grampajoe/repos",
        "events_url": "https://api.github.com/users/grampajoe/events{/privacy}",
        "received_events_url": "https://api.github.com/users/grampajoe/received_events",
        "type": "User",
        "site_admin": false
    },
    "labels": [],
    "state": "closed",
    "locked": false,
    "assignee": null,
    "assignees": [],
    "milestone": null,
    "comments": 1,
    "created_at": "2014-02-13T15:28:31Z",
    "updated_at": "2014-06-22T17:34:13Z",
    "closed_at": "2014-03-03T18:17:30Z",
    "author_association": "CONTRIBUTOR",
    "pull_request": {
        "url": "https://api.github.com/repos/pallets/flask/pulls/980",
        "html_url": "https://github.com/pallets/flask/pull/980",
        "diff_url": "https://github.com/pallets/flask/pull/980.diff",
        "patch_url": "https://github.com/pallets/flask/pull/980.patch"
    },
    "body": "Happy belated New Year!\n",
    "comments_inline": [
        {
            "url": "https://api.github.com/repos/pallets/flask/issues/comments/36539938",
            "html_url": "https://github.com/pallets/flask/pull/980#issuecomment-36539938",
            "issue_url": "https://api.github.com/repos/pallets/flask/issues/980",
            "id": 36539938,
            "node_id": "MDEyOklzc3VlQ29tbWVudDM2NTM5OTM4",
            "user": {
                "login": "kennethreitz",
                "id": 119893,
                "node_id": "MDQ6VXNlcjExOTg5Mw==",
                "avatar_url": "https://avatars2.githubusercontent.com/u/119893?v=4",
                "gravatar_id": "",
                "url": "https://api.github.com/users/kennethreitz",
                "html_url": "https://github.com/kennethreitz",
                "followers_url": "https://api.github.com/users/kennethreitz/followers",
                "following_url": "https://api.github.com/users/kennethreitz/following{/other_user}",
                "gists_url": "https://api.github.com/users/kennethreitz/gists{/gist_id}",
                "starred_url": "https://api.github.com/users/kennethreitz/starred{/owner}{/repo}",
                "subscriptions_url": "https://api.github.com/users/kennethreitz/subscriptions",
                "organizations_url": "https://api.github.com/users/kennethreitz/orgs",
                "repos_url": "https://api.github.com/users/kennethreitz/repos",
                "events_url": "https://api.github.com/users/kennethreitz/events{/privacy}",
                "received_events_url": "https://api.github.com/users/kennethreitz/received_events",
                "type": "User",
                "site_admin": false
            },
            "created_at": "2014-03-03T18:17:39Z",
            "updated_at": "2014-03-03T18:17:39Z",
            "author_association": "CONTRIBUTOR",
            "body": ":sparkles: :cake: :sparkles:\n"
        }
    ]
}