{
    "url": "https://api.github.com/repos/pallets/flask/issues/994",
    "repository_url": "https://api.github.com/repos/pallets/flask",
    "labels_url": "https://api.github.com/repos/pallets/flask/issues/994/labels{/name}",
    "comments_url": "https://api.github.com/repos/pallets/flask/issues/994/comments",
    "events_url": "https://api.github.com/repos/pallets/flask/issues/994/events",
    "html_url": "https://github.com/pallets/flask/pull/994",
    "id": 28749637,
    "node_id": "MDExOlB1bGxSZXF1ZXN0MTMxODcyOTU=",
    "number": 994,
    "title": "Added 'import os' statement",
    "user": {
        "login": "roskoff",
        "id": 25438,
        "node_id": "MDQ6VXNlcjI1NDM4",
        "avatar_url": "https://avatars0.githubusercontent.com/u/25438?v=4",
        "gravatar_id": "",
        "url": "https://api.github.com/users/roskoff",
        "html_url": "https://github.com/roskoff",
        "followers_url": "https://api.github.com/users/roskoff/followers",
        "following_url": "https://api.github.com/users/roskoff/following{/other_user}",
        "gists_url": "https://api.github.com/users/roskoff/gists{/gist_id}",
        "starred_url": "https://api.github.com/users/roskoff/starred{/owner}{/repo}",
        "subscriptions_url": "https://api.github.com/users/roskoff/subscriptions",
        "organizations_url": "https://api.github.com/users/roskoff/orgs",
        "repos_url": "https://api.github.com/users/roskoff/repos",
        "events_url": "https://api.github.com/users/roskoff/events{/privacy}",
        "received_events_url": "https://api.github.com/users/roskoff/received_events",
        "type": "User",
        "site_admin": false
    },
    "labels": [],
    "state": "closed",
    "locked": false,
    "assignee": null,
    "assignees": [],
    "milestone": null,
    "comments": 1,
    "created_at": "2014-03-04T23:01:35Z",
    "updated_at": "2014-06-16T09:12:56Z",
    "closed_at": "2014-03-13T18:25:34Z",
    "author_association": "CONTRIBUTOR",
    "pull_request": {
        "url": "https://api.github.com/repos/pallets/flask/pulls/994",
        "html_url": "https://github.com/pallets/flask/pull/994",
        "diff_url": "https://github.com/pallets/flask/pull/994.diff",
        "patch_url": "https://github.com/pallets/flask/pull/994.patch"
    },
    "body": "Added 'import os' statement so you can use os.path.join() when defining DATABASE location\n",
    "comments_inline": [
        {
            "url": "https://api.github.com/repos/pallets/flask/issues/comments/37569138",
            "html_url": "https://github.com/pallets/flask/pull/994#issuecomment-37569138",
            "issue_url": "https://api.github.com/repos/pallets/flask/issues/994",
            "id": 37569138,
            "node_id": "MDEyOklzc3VlQ29tbWVudDM3NTY5MTM4",
            "user": {
                "login": "DasIch",
                "id": 182316,
                "node_id": "MDQ6VXNlcjE4MjMxNg==",
                "avatar_url": "https://avatars0.githubusercontent.com/u/182316?v=4",
                "gravatar_id": "",
                "url": "https://api.github.com/users/DasIch",
                "html_url": "https://github.com/DasIch",
                "followers_url": "https://api.github.com/users/DasIch/followers",
                "following_url": "https://api.github.com/users/DasIch/following{/other_user}",
                "gists_url": "https://api.github.com/users/DasIch/gists{/gist_id}",
                "starred_url": "https://api.github.com/users/DasIch/starred{/owner}{/repo}",
                "subscriptions_url": "https://api.github.com/users/DasIch/subscriptions",
                "organizations_url": "https://api.github.com/users/DasIch/orgs",
                "repos_url": "https://api.github.com/users/DasIch/repos",
                "events_url": "https://api.github.com/users/DasIch/events{/privacy}",
                "received_events_url": "https://api.github.com/users/DasIch/received_events",
                "type": "User",
                "site_admin": false
            },
            "created_at": "2014-03-13T18:25:37Z",
            "updated_at": "2014-03-13T18:25:37Z",
            "author_association": "CONTRIBUTOR",
            "body": "Thanks.\n"
        }
    ]
}