{
    "url": "https://api.github.com/repos/pallets/flask/issues/996",
    "repository_url": "https://api.github.com/repos/pallets/flask",
    "labels_url": "https://api.github.com/repos/pallets/flask/issues/996/labels{/name}",
    "comments_url": "https://api.github.com/repos/pallets/flask/issues/996/comments",
    "events_url": "https://api.github.com/repos/pallets/flask/issues/996/events",
    "html_url": "https://github.com/pallets/flask/issues/996",
    "id": 28835920,
    "node_id": "MDU6SXNzdWUyODgzNTkyMA==",
    "number": 996,
    "title": "Tutorial Typo: tutorial/views/#tutorial-views  -- add_entry() ",
    "user": {
        "login": "mvagnoni",
        "id": 1087874,
        "node_id": "MDQ6VXNlcjEwODc4NzQ=",
        "avatar_url": "https://avatars1.githubusercontent.com/u/1087874?v=4",
        "gravatar_id": "",
        "url": "https://api.github.com/users/mvagnoni",
        "html_url": "https://github.com/mvagnoni",
        "followers_url": "https://api.github.com/users/mvagnoni/followers",
        "following_url": "https://api.github.com/users/mvagnoni/following{/other_user}",
        "gists_url": "https://api.github.com/users/mvagnoni/gists{/gist_id}",
        "starred_url": "https://api.github.com/users/mvagnoni/starred{/owner}{/repo}",
        "subscriptions_url": "https://api.github.com/users/mvagnoni/subscriptions",
        "organizations_url": "https://api.github.com/users/mvagnoni/orgs",
        "repos_url": "https://api.github.com/users/mvagnoni/repos",
        "events_url": "https://api.github.com/users/mvagnoni/events{/privacy}",
        "received_events_url": "https://api.github.com/users/mvagnoni/received_events",
        "type": "User",
        "site_admin": false
    },
    "labels": [],
    "state": "closed",
    "locked": false,
    "assignee": null,
    "assignees": [],
    "milestone": null,
    "comments": 3,
    "created_at": "2014-03-05T23:21:03Z",
    "updated_at": "2014-03-06T22:57:53Z",
    "closed_at": "2014-03-06T22:57:53Z",
    "author_association": "NONE",
    "body": "http://flask.pocoo.org/docs/tutorial/views/#tutorial-views\n\nShould be \"sessions\" not \"session\"\n\n@app.route('/add', methods=['POST'])\ndef add_entry():\n    if not session.get('logged_in'):\n",
    "comments_inline": [
        {
            "url": "https://api.github.com/repos/pallets/flask/issues/comments/36826608",
            "html_url": "https://github.com/pallets/flask/issues/996#issuecomment-36826608",
            "issue_url": "https://api.github.com/repos/pallets/flask/issues/996",
            "id": 36826608,
            "node_id": "MDEyOklzc3VlQ29tbWVudDM2ODI2NjA4",
            "user": {
                "login": "untitaker",
                "id": 837573,
                "node_id": "MDQ6VXNlcjgzNzU3Mw==",
                "avatar_url": "https://avatars0.githubusercontent.com/u/837573?v=4",
                "gravatar_id": "",
                "url": "https://api.github.com/users/untitaker",
                "html_url": "https://github.com/untitaker",
                "followers_url": "https://api.github.com/users/untitaker/followers",
                "following_url": "https://api.github.com/users/untitaker/following{/other_user}",
                "gists_url": "https://api.github.com/users/untitaker/gists{/gist_id}",
                "starred_url": "https://api.github.com/users/untitaker/starred{/owner}{/repo}",
                "subscriptions_url": "https://api.github.com/users/untitaker/subscriptions",
                "organizations_url": "https://api.github.com/users/untitaker/orgs",
                "repos_url": "https://api.github.com/users/untitaker/repos",
                "events_url": "https://api.github.com/users/untitaker/events{/privacy}",
                "received_events_url": "https://api.github.com/users/untitaker/received_events",
                "type": "User",
                "site_admin": false
            },
            "created_at": "2014-03-06T05:34:11Z",
            "updated_at": "2014-03-06T05:34:11Z",
            "author_association": "MEMBER",
            "body": "Why do you think so?\n"
        },
        {
            "url": "https://api.github.com/repos/pallets/flask/issues/comments/36860436",
            "html_url": "https://github.com/pallets/flask/issues/996#issuecomment-36860436",
            "issue_url": "https://api.github.com/repos/pallets/flask/issues/996",
            "id": 36860436,
            "node_id": "MDEyOklzc3VlQ29tbWVudDM2ODYwNDM2",
            "user": {
                "login": "iurisilvio",
                "id": 105852,
                "node_id": "MDQ6VXNlcjEwNTg1Mg==",
                "avatar_url": "https://avatars1.githubusercontent.com/u/105852?v=4",
                "gravatar_id": "",
                "url": "https://api.github.com/users/iurisilvio",
                "html_url": "https://github.com/iurisilvio",
                "followers_url": "https://api.github.com/users/iurisilvio/followers",
                "following_url": "https://api.github.com/users/iurisilvio/following{/other_user}",
                "gists_url": "https://api.github.com/users/iurisilvio/gists{/gist_id}",
                "starred_url": "https://api.github.com/users/iurisilvio/starred{/owner}{/repo}",
                "subscriptions_url": "https://api.github.com/users/iurisilvio/subscriptions",
                "organizations_url": "https://api.github.com/users/iurisilvio/orgs",
                "repos_url": "https://api.github.com/users/iurisilvio/repos",
                "events_url": "https://api.github.com/users/iurisilvio/events{/privacy}",
                "received_events_url": "https://api.github.com/users/iurisilvio/received_events",
                "type": "User",
                "site_admin": false
            },
            "created_at": "2014-03-06T12:15:19Z",
            "updated_at": "2014-03-06T12:15:19Z",
            "author_association": "NONE",
            "body": "Both exists, but `Flask.sessions` is a Flask module, not the `LocalProxy` to session object. The correct is `Flask.session`.\n\n``` python\n>>> from flask import session\n>>> type(session)\n<class 'werkzeug.local.LocalProxy'>\n>>> from flask import sessions\n>>> type(sessions)\n<type 'module'>\n```\n"
        },
        {
            "url": "https://api.github.com/repos/pallets/flask/issues/comments/36948456",
            "html_url": "https://github.com/pallets/flask/issues/996#issuecomment-36948456",
            "issue_url": "https://api.github.com/repos/pallets/flask/issues/996",
            "id": 36948456,
            "node_id": "MDEyOklzc3VlQ29tbWVudDM2OTQ4NDU2",
            "user": {
                "login": "mvagnoni",
                "id": 1087874,
                "node_id": "MDQ6VXNlcjEwODc4NzQ=",
                "avatar_url": "https://avatars1.githubusercontent.com/u/1087874?v=4",
                "gravatar_id": "",
                "url": "https://api.github.com/users/mvagnoni",
                "html_url": "https://github.com/mvagnoni",
                "followers_url": "https://api.github.com/users/mvagnoni/followers",
                "following_url": "https://api.github.com/users/mvagnoni/following{/other_user}",
                "gists_url": "https://api.github.com/users/mvagnoni/gists{/gist_id}",
                "starred_url": "https://api.github.com/users/mvagnoni/starred{/owner}{/repo}",
                "subscriptions_url": "https://api.github.com/users/mvagnoni/subscriptions",
                "organizations_url": "https://api.github.com/users/mvagnoni/orgs",
                "repos_url": "https://api.github.com/users/mvagnoni/repos",
                "events_url": "https://api.github.com/users/mvagnoni/events{/privacy}",
                "received_events_url": "https://api.github.com/users/mvagnoni/received_events",
                "type": "User",
                "site_admin": false
            },
            "created_at": "2014-03-06T22:57:53Z",
            "updated_at": "2014-03-06T22:57:53Z",
            "author_association": "NONE",
            "body": "Okay, I will retract it. I must have messed up my important statement and then when I did the rest of the tutorial IntelliJ kept complaining when I typed session. \n\nI reviewed http://flask.pocoo.org/docs/tutorial/setup/\n\nI do think it is confusing and prone to errors if both \"session\" and \"sessions\" exist in the namespace.  \n\nThis might not be the right place, but when going through the tutorial I did notice that the OS module needed to be imported, but wasn't mentioned in the above \"tutorial setup\" phase. Being a python newbie, it took a bit for me to figure that one out. \n"
        }
    ]
}