{
    "url": "https://api.github.com/repos/pallets/flask/issues/1106",
    "repository_url": "https://api.github.com/repos/pallets/flask",
    "labels_url": "https://api.github.com/repos/pallets/flask/issues/1106/labels{/name}",
    "comments_url": "https://api.github.com/repos/pallets/flask/issues/1106/comments",
    "events_url": "https://api.github.com/repos/pallets/flask/issues/1106/events",
    "html_url": "https://github.com/pallets/flask/issues/1106",
    "id": 37212929,
    "node_id": "MDU6SXNzdWUzNzIxMjkyOQ==",
    "number": 1106,
    "title": "Weird error with \"Flask\" in setup_requires.",
    "user": {
        "login": "Ayrx",
        "id": 1937160,
        "node_id": "MDQ6VXNlcjE5MzcxNjA=",
        "avatar_url": "https://avatars0.githubusercontent.com/u/1937160?v=4",
        "gravatar_id": "",
        "url": "https://api.github.com/users/Ayrx",
        "html_url": "https://github.com/Ayrx",
        "followers_url": "https://api.github.com/users/Ayrx/followers",
        "following_url": "https://api.github.com/users/Ayrx/following{/other_user}",
        "gists_url": "https://api.github.com/users/Ayrx/gists{/gist_id}",
        "starred_url": "https://api.github.com/users/Ayrx/starred{/owner}{/repo}",
        "subscriptions_url": "https://api.github.com/users/Ayrx/subscriptions",
        "organizations_url": "https://api.github.com/users/Ayrx/orgs",
        "repos_url": "https://api.github.com/users/Ayrx/repos",
        "events_url": "https://api.github.com/users/Ayrx/events{/privacy}",
        "received_events_url": "https://api.github.com/users/Ayrx/received_events",
        "type": "User",
        "site_admin": false
    },
    "labels": [],
    "state": "closed",
    "locked": false,
    "assignee": null,
    "assignees": [],
    "milestone": null,
    "comments": 4,
    "created_at": "2014-07-06T06:41:08Z",
    "updated_at": "2014-12-17T17:38:10Z",
    "closed_at": "2014-07-26T12:12:46Z",
    "author_association": "NONE",
    "body": "I have noticed a rather weird error when installing a package that has Flask in `install_requires`. Here is the partial output of `python setup.py install`\n\n```\nSearching for Flask\nBest match: Flask RESTful-0.2.12\nDownloading https://pypi.python.org/packages/source/F/Flask-RESTful/Flask-RESTful-0.2.12.tar.gz#md5=53049771f4ccb3f40194696bb683db77\nProcessing Flask-RESTful-0.2.12.tar.gz\nWriting /tmp/easy_install-ljhjqn/Flask-RESTful-0.2.12/setup.cfg\nRunning Flask-RESTful-0.2.12/setup.py -q bdist_egg --dist-dir /tmp/easy_install-ljhjqn/Flask-RESTful-0.2.12/egg-dist-tmp-4d1snj\nFlask-RESTful 0.2.12 is already the active version in easy-install.pth\n\nInstalled /home/ayrx/.virtualenvs/test/lib/python3.3/site-packages/Flask_RESTful-0.2.12-py3.3.egg\nerror: Could not find required distribution Flask\n```\n\nHere is the relevant bit of `setup.py`\n\n```\n    install_requires=[\n        \"Flask\",\n        \"Flask-RESTful\",\n        \"cryptography\"\n    ]\n```\n\nChanging \"Flask\" to \"flask\" seems to fix things. Not a breaking bug but seems weird nonetheless especially since the packaging [docs](http://flask.pocoo.org/docs/patterns/distribute/) seem to indicate that \"Flask\" works fine.\n",
    "comments_inline": [
        {
            "url": "https://api.github.com/repos/pallets/flask/issues/comments/49128088",
            "html_url": "https://github.com/pallets/flask/issues/1106#issuecomment-49128088",
            "issue_url": "https://api.github.com/repos/pallets/flask/issues/1106",
            "id": 49128088,
            "node_id": "MDEyOklzc3VlQ29tbWVudDQ5MTI4MDg4",
            "user": {
                "login": "limeburst",
                "id": 1113499,
                "node_id": "MDQ6VXNlcjExMTM0OTk=",
                "avatar_url": "https://avatars3.githubusercontent.com/u/1113499?v=4",
                "gravatar_id": "",
                "url": "https://api.github.com/users/limeburst",
                "html_url": "https://github.com/limeburst",
                "followers_url": "https://api.github.com/users/limeburst/followers",
                "following_url": "https://api.github.com/users/limeburst/following{/other_user}",
                "gists_url": "https://api.github.com/users/limeburst/gists{/gist_id}",
                "starred_url": "https://api.github.com/users/limeburst/starred{/owner}{/repo}",
                "subscriptions_url": "https://api.github.com/users/limeburst/subscriptions",
                "organizations_url": "https://api.github.com/users/limeburst/orgs",
                "repos_url": "https://api.github.com/users/limeburst/repos",
                "events_url": "https://api.github.com/users/limeburst/events{/privacy}",
                "received_events_url": "https://api.github.com/users/limeburst/received_events",
                "type": "User",
                "site_admin": false
            },
            "created_at": "2014-07-16T06:26:24Z",
            "updated_at": "2014-07-16T06:26:24Z",
            "author_association": "CONTRIBUTOR",
            "body": "This is a bug in setuptools.\n\nSee [https://bitbucket.org/pypa/setuptools/issue/196/tests_require-pytest-pytest-cov-breaks](https://bitbucket.org/pypa/setuptools/issue/196/tests_require-pytest-pytest-cov-breaks).\n"
        },
        {
            "url": "https://api.github.com/repos/pallets/flask/issues/comments/50232441",
            "html_url": "https://github.com/pallets/flask/issues/1106#issuecomment-50232441",
            "issue_url": "https://api.github.com/repos/pallets/flask/issues/1106",
            "id": 50232441,
            "node_id": "MDEyOklzc3VlQ29tbWVudDUwMjMyNDQx",
            "user": {
                "login": "DasIch",
                "id": 182316,
                "node_id": "MDQ6VXNlcjE4MjMxNg==",
                "avatar_url": "https://avatars0.githubusercontent.com/u/182316?v=4",
                "gravatar_id": "",
                "url": "https://api.github.com/users/DasIch",
                "html_url": "https://github.com/DasIch",
                "followers_url": "https://api.github.com/users/DasIch/followers",
                "following_url": "https://api.github.com/users/DasIch/following{/other_user}",
                "gists_url": "https://api.github.com/users/DasIch/gists{/gist_id}",
                "starred_url": "https://api.github.com/users/DasIch/starred{/owner}{/repo}",
                "subscriptions_url": "https://api.github.com/users/DasIch/subscriptions",
                "organizations_url": "https://api.github.com/users/DasIch/orgs",
                "repos_url": "https://api.github.com/users/DasIch/repos",
                "events_url": "https://api.github.com/users/DasIch/events{/privacy}",
                "received_events_url": "https://api.github.com/users/DasIch/received_events",
                "type": "User",
                "site_admin": false
            },
            "created_at": "2014-07-26T12:12:46Z",
            "updated_at": "2014-07-26T12:12:46Z",
            "author_association": "CONTRIBUTOR",
            "body": "Closing this because it's an issue in setuptools.\n"
        },
        {
            "url": "https://api.github.com/repos/pallets/flask/issues/comments/67360359",
            "html_url": "https://github.com/pallets/flask/issues/1106#issuecomment-67360359",
            "issue_url": "https://api.github.com/repos/pallets/flask/issues/1106",
            "id": 67360359,
            "node_id": "MDEyOklzc3VlQ29tbWVudDY3MzYwMzU5",
            "user": {
                "login": "EmergentBehavior",
                "id": 3324637,
                "node_id": "MDQ6VXNlcjMzMjQ2Mzc=",
                "avatar_url": "https://avatars1.githubusercontent.com/u/3324637?v=4",
                "gravatar_id": "",
                "url": "https://api.github.com/users/EmergentBehavior",
                "html_url": "https://github.com/EmergentBehavior",
                "followers_url": "https://api.github.com/users/EmergentBehavior/followers",
                "following_url": "https://api.github.com/users/EmergentBehavior/following{/other_user}",
                "gists_url": "https://api.github.com/users/EmergentBehavior/gists{/gist_id}",
                "starred_url": "https://api.github.com/users/EmergentBehavior/starred{/owner}{/repo}",
                "subscriptions_url": "https://api.github.com/users/EmergentBehavior/subscriptions",
                "organizations_url": "https://api.github.com/users/EmergentBehavior/orgs",
                "repos_url": "https://api.github.com/users/EmergentBehavior/repos",
                "events_url": "https://api.github.com/users/EmergentBehavior/events{/privacy}",
                "received_events_url": "https://api.github.com/users/EmergentBehavior/received_events",
                "type": "User",
                "site_admin": false
            },
            "created_at": "2014-12-17T17:35:44Z",
            "updated_at": "2014-12-17T17:35:53Z",
            "author_association": "NONE",
            "body": "I know this issue is closed but, while it is still actually an issue with setuptools, you should be able to get around this by specifying the Flask version in your setup.py. For example, instead of `\"Flask\"` use `\"Flask>=0.10.1\"`.\n"
        },
        {
            "url": "https://api.github.com/repos/pallets/flask/issues/comments/67360746",
            "html_url": "https://github.com/pallets/flask/issues/1106#issuecomment-67360746",
            "issue_url": "https://api.github.com/repos/pallets/flask/issues/1106",
            "id": 67360746,
            "node_id": "MDEyOklzc3VlQ29tbWVudDY3MzYwNzQ2",
            "user": {
                "login": "untitaker",
                "id": 837573,
                "node_id": "MDQ6VXNlcjgzNzU3Mw==",
                "avatar_url": "https://avatars0.githubusercontent.com/u/837573?v=4",
                "gravatar_id": "",
                "url": "https://api.github.com/users/untitaker",
                "html_url": "https://github.com/untitaker",
                "followers_url": "https://api.github.com/users/untitaker/followers",
                "following_url": "https://api.github.com/users/untitaker/following{/other_user}",
                "gists_url": "https://api.github.com/users/untitaker/gists{/gist_id}",
                "starred_url": "https://api.github.com/users/untitaker/starred{/owner}{/repo}",
                "subscriptions_url": "https://api.github.com/users/untitaker/subscriptions",
                "organizations_url": "https://api.github.com/users/untitaker/orgs",
                "repos_url": "https://api.github.com/users/untitaker/repos",
                "events_url": "https://api.github.com/users/untitaker/events{/privacy}",
                "received_events_url": "https://api.github.com/users/untitaker/received_events",
                "type": "User",
                "site_admin": false
            },
            "created_at": "2014-12-17T17:38:10Z",
            "updated_at": "2014-12-17T17:38:10Z",
            "author_association": "MEMBER",
            "body": "@EmergentBehavior This is useful to know, thanks!\n"
        }
    ]
}