{
    "url": "https://api.github.com/repos/pallets/flask/issues/1107",
    "repository_url": "https://api.github.com/repos/pallets/flask",
    "labels_url": "https://api.github.com/repos/pallets/flask/issues/1107/labels{/name}",
    "comments_url": "https://api.github.com/repos/pallets/flask/issues/1107/comments",
    "events_url": "https://api.github.com/repos/pallets/flask/issues/1107/events",
    "html_url": "https://github.com/pallets/flask/pull/1107",
    "id": 37219193,
    "node_id": "MDExOlB1bGxSZXF1ZXN0MTgwMTgyMzU=",
    "number": 1107,
    "title": "adding application context setup funcs.",
    "user": {
        "login": "ctava",
        "id": 283711,
        "node_id": "MDQ6VXNlcjI4MzcxMQ==",
        "avatar_url": "https://avatars2.githubusercontent.com/u/283711?v=4",
        "gravatar_id": "",
        "url": "https://api.github.com/users/ctava",
        "html_url": "https://github.com/ctava",
        "followers_url": "https://api.github.com/users/ctava/followers",
        "following_url": "https://api.github.com/users/ctava/following{/other_user}",
        "gists_url": "https://api.github.com/users/ctava/gists{/gist_id}",
        "starred_url": "https://api.github.com/users/ctava/starred{/owner}{/repo}",
        "subscriptions_url": "https://api.github.com/users/ctava/subscriptions",
        "organizations_url": "https://api.github.com/users/ctava/orgs",
        "repos_url": "https://api.github.com/users/ctava/repos",
        "events_url": "https://api.github.com/users/ctava/events{/privacy}",
        "received_events_url": "https://api.github.com/users/ctava/received_events",
        "type": "User",
        "site_admin": false
    },
    "labels": [],
    "state": "closed",
    "locked": false,
    "assignee": null,
    "assignees": [],
    "milestone": null,
    "comments": 1,
    "created_at": "2014-07-06T13:22:06Z",
    "updated_at": "2014-07-06T13:31:21Z",
    "closed_at": "2014-07-06T13:31:21Z",
    "author_association": "NONE",
    "pull_request": {
        "url": "https://api.github.com/repos/pallets/flask/pulls/1107",
        "html_url": "https://github.com/pallets/flask/pull/1107",
        "diff_url": "https://github.com/pallets/flask/pull/1107.diff",
        "patch_url": "https://github.com/pallets/flask/pull/1107.patch"
    },
    "body": "",
    "comments_inline": [
        {
            "url": "https://api.github.com/repos/pallets/flask/issues/comments/48111858",
            "html_url": "https://github.com/pallets/flask/pull/1107#issuecomment-48111858",
            "issue_url": "https://api.github.com/repos/pallets/flask/issues/1107",
            "id": 48111858,
            "node_id": "MDEyOklzc3VlQ29tbWVudDQ4MTExODU4",
            "user": {
                "login": "ctava",
                "id": 283711,
                "node_id": "MDQ6VXNlcjI4MzcxMQ==",
                "avatar_url": "https://avatars2.githubusercontent.com/u/283711?v=4",
                "gravatar_id": "",
                "url": "https://api.github.com/users/ctava",
                "html_url": "https://github.com/ctava",
                "followers_url": "https://api.github.com/users/ctava/followers",
                "following_url": "https://api.github.com/users/ctava/following{/other_user}",
                "gists_url": "https://api.github.com/users/ctava/gists{/gist_id}",
                "starred_url": "https://api.github.com/users/ctava/starred{/owner}{/repo}",
                "subscriptions_url": "https://api.github.com/users/ctava/subscriptions",
                "organizations_url": "https://api.github.com/users/ctava/orgs",
                "repos_url": "https://api.github.com/users/ctava/repos",
                "events_url": "https://api.github.com/users/ctava/events{/privacy}",
                "received_events_url": "https://api.github.com/users/ctava/received_events",
                "type": "User",
                "site_admin": false
            },
            "created_at": "2014-07-06T13:31:21Z",
            "updated_at": "2014-07-06T13:31:21Z",
            "author_association": "NONE",
            "body": "will fix version number.\n"
        }
    ]
}