{
    "url": "https://api.github.com/repos/pallets/flask/issues/1108",
    "repository_url": "https://api.github.com/repos/pallets/flask",
    "labels_url": "https://api.github.com/repos/pallets/flask/issues/1108/labels{/name}",
    "comments_url": "https://api.github.com/repos/pallets/flask/issues/1108/comments",
    "events_url": "https://api.github.com/repos/pallets/flask/issues/1108/events",
    "html_url": "https://github.com/pallets/flask/issues/1108",
    "id": 37219275,
    "node_id": "MDU6SXNzdWUzNzIxOTI3NQ==",
    "number": 1108,
    "title": "Feedback website not working.",
    "user": {
        "login": "ajknzhol",
        "id": 4173369,
        "node_id": "MDQ6VXNlcjQxNzMzNjk=",
        "avatar_url": "https://avatars0.githubusercontent.com/u/4173369?v=4",
        "gravatar_id": "",
        "url": "https://api.github.com/users/ajknzhol",
        "html_url": "https://github.com/ajknzhol",
        "followers_url": "https://api.github.com/users/ajknzhol/followers",
        "following_url": "https://api.github.com/users/ajknzhol/following{/other_user}",
        "gists_url": "https://api.github.com/users/ajknzhol/gists{/gist_id}",
        "starred_url": "https://api.github.com/users/ajknzhol/starred{/owner}{/repo}",
        "subscriptions_url": "https://api.github.com/users/ajknzhol/subscriptions",
        "organizations_url": "https://api.github.com/users/ajknzhol/orgs",
        "repos_url": "https://api.github.com/users/ajknzhol/repos",
        "events_url": "https://api.github.com/users/ajknzhol/events{/privacy}",
        "received_events_url": "https://api.github.com/users/ajknzhol/received_events",
        "type": "User",
        "site_admin": false
    },
    "labels": [],
    "state": "closed",
    "locked": false,
    "assignee": null,
    "assignees": [],
    "milestone": null,
    "comments": 3,
    "created_at": "2014-07-06T13:26:39Z",
    "updated_at": "2014-07-11T00:10:39Z",
    "closed_at": "2014-07-11T00:10:39Z",
    "author_association": "NONE",
    "body": "",
    "comments_inline": [
        {
            "url": "https://api.github.com/repos/pallets/flask/issues/comments/48112458",
            "html_url": "https://github.com/pallets/flask/issues/1108#issuecomment-48112458",
            "issue_url": "https://api.github.com/repos/pallets/flask/issues/1108",
            "id": 48112458,
            "node_id": "MDEyOklzc3VlQ29tbWVudDQ4MTEyNDU4",
            "user": {
                "login": "Siecje",
                "id": 4069476,
                "node_id": "MDQ6VXNlcjQwNjk0NzY=",
                "avatar_url": "https://avatars3.githubusercontent.com/u/4069476?v=4",
                "gravatar_id": "",
                "url": "https://api.github.com/users/Siecje",
                "html_url": "https://github.com/Siecje",
                "followers_url": "https://api.github.com/users/Siecje/followers",
                "following_url": "https://api.github.com/users/Siecje/following{/other_user}",
                "gists_url": "https://api.github.com/users/Siecje/gists{/gist_id}",
                "starred_url": "https://api.github.com/users/Siecje/starred{/owner}{/repo}",
                "subscriptions_url": "https://api.github.com/users/Siecje/subscriptions",
                "organizations_url": "https://api.github.com/users/Siecje/orgs",
                "repos_url": "https://api.github.com/users/Siecje/repos",
                "events_url": "https://api.github.com/users/Siecje/events{/privacy}",
                "received_events_url": "https://api.github.com/users/Siecje/received_events",
                "type": "User",
                "site_admin": false
            },
            "created_at": "2014-07-06T13:57:43Z",
            "updated_at": "2014-07-06T13:57:43Z",
            "author_association": "NONE",
            "body": "This issue is not very helpful. Maybe you want to open a more detailed issue here \nhttps://github.com/mitsuhiko/flask-website\n"
        },
        {
            "url": "https://api.github.com/repos/pallets/flask/issues/comments/48113032",
            "html_url": "https://github.com/pallets/flask/issues/1108#issuecomment-48113032",
            "issue_url": "https://api.github.com/repos/pallets/flask/issues/1108",
            "id": 48113032,
            "node_id": "MDEyOklzc3VlQ29tbWVudDQ4MTEzMDMy",
            "user": {
                "login": "untitaker",
                "id": 837573,
                "node_id": "MDQ6VXNlcjgzNzU3Mw==",
                "avatar_url": "https://avatars0.githubusercontent.com/u/837573?v=4",
                "gravatar_id": "",
                "url": "https://api.github.com/users/untitaker",
                "html_url": "https://github.com/untitaker",
                "followers_url": "https://api.github.com/users/untitaker/followers",
                "following_url": "https://api.github.com/users/untitaker/following{/other_user}",
                "gists_url": "https://api.github.com/users/untitaker/gists{/gist_id}",
                "starred_url": "https://api.github.com/users/untitaker/starred{/owner}{/repo}",
                "subscriptions_url": "https://api.github.com/users/untitaker/subscriptions",
                "organizations_url": "https://api.github.com/users/untitaker/orgs",
                "repos_url": "https://api.github.com/users/untitaker/repos",
                "events_url": "https://api.github.com/users/untitaker/events{/privacy}",
                "received_events_url": "https://api.github.com/users/untitaker/received_events",
                "type": "User",
                "site_admin": false
            },
            "created_at": "2014-07-06T14:22:44Z",
            "updated_at": "2014-07-06T14:22:44Z",
            "author_association": "MEMBER",
            "body": "I think the problems are pretty obvious once you try to load the site. Btw, the repo for the Flask feedback site is https://github.com/mitsuhiko/flask-feedback, but i recommend filing this under https://github.com/pocoo/metaflask instead.\n"
        },
        {
            "url": "https://api.github.com/repos/pallets/flask/issues/comments/48113088",
            "html_url": "https://github.com/pallets/flask/issues/1108#issuecomment-48113088",
            "issue_url": "https://api.github.com/repos/pallets/flask/issues/1108",
            "id": 48113088,
            "node_id": "MDEyOklzc3VlQ29tbWVudDQ4MTEzMDg4",
            "user": {
                "login": "untitaker",
                "id": 837573,
                "node_id": "MDQ6VXNlcjgzNzU3Mw==",
                "avatar_url": "https://avatars0.githubusercontent.com/u/837573?v=4",
                "gravatar_id": "",
                "url": "https://api.github.com/users/untitaker",
                "html_url": "https://github.com/untitaker",
                "followers_url": "https://api.github.com/users/untitaker/followers",
                "following_url": "https://api.github.com/users/untitaker/following{/other_user}",
                "gists_url": "https://api.github.com/users/untitaker/gists{/gist_id}",
                "starred_url": "https://api.github.com/users/untitaker/starred{/owner}{/repo}",
                "subscriptions_url": "https://api.github.com/users/untitaker/subscriptions",
                "organizations_url": "https://api.github.com/users/untitaker/orgs",
                "repos_url": "https://api.github.com/users/untitaker/repos",
                "events_url": "https://api.github.com/users/untitaker/events{/privacy}",
                "received_events_url": "https://api.github.com/users/untitaker/received_events",
                "type": "User",
                "site_admin": false
            },
            "created_at": "2014-07-06T14:25:28Z",
            "updated_at": "2014-07-06T14:25:28Z",
            "author_association": "MEMBER",
            "body": "Filed a new issue for metaflask under https://github.com/pocoo/metaflask/issues/41\n"
        }
    ]
}