{
    "url": "https://api.github.com/repos/pallets/flask/issues/1109",
    "repository_url": "https://api.github.com/repos/pallets/flask",
    "labels_url": "https://api.github.com/repos/pallets/flask/issues/1109/labels{/name}",
    "comments_url": "https://api.github.com/repos/pallets/flask/issues/1109/comments",
    "events_url": "https://api.github.com/repos/pallets/flask/issues/1109/events",
    "html_url": "https://github.com/pallets/flask/pull/1109",
    "id": 37219617,
    "node_id": "MDExOlB1bGxSZXF1ZXN0MTgwMTg0MDA=",
    "number": 1109,
    "title": "adding application context setup funcs.",
    "user": {
        "login": "ctava",
        "id": 283711,
        "node_id": "MDQ6VXNlcjI4MzcxMQ==",
        "avatar_url": "https://avatars2.githubusercontent.com/u/283711?v=4",
        "gravatar_id": "",
        "url": "https://api.github.com/users/ctava",
        "html_url": "https://github.com/ctava",
        "followers_url": "https://api.github.com/users/ctava/followers",
        "following_url": "https://api.github.com/users/ctava/following{/other_user}",
        "gists_url": "https://api.github.com/users/ctava/gists{/gist_id}",
        "starred_url": "https://api.github.com/users/ctava/starred{/owner}{/repo}",
        "subscriptions_url": "https://api.github.com/users/ctava/subscriptions",
        "organizations_url": "https://api.github.com/users/ctava/orgs",
        "repos_url": "https://api.github.com/users/ctava/repos",
        "events_url": "https://api.github.com/users/ctava/events{/privacy}",
        "received_events_url": "https://api.github.com/users/ctava/received_events",
        "type": "User",
        "site_admin": false
    },
    "labels": [],
    "state": "closed",
    "locked": false,
    "assignee": null,
    "assignees": [],
    "milestone": null,
    "comments": 14,
    "created_at": "2014-07-06T13:49:05Z",
    "updated_at": "2014-07-26T09:01:59Z",
    "closed_at": "2014-07-26T09:01:59Z",
    "author_association": "NONE",
    "pull_request": {
        "url": "https://api.github.com/repos/pallets/flask/pulls/1109",
        "html_url": "https://github.com/pallets/flask/pull/1109",
        "diff_url": "https://github.com/pallets/flask/pull/1109.diff",
        "patch_url": "https://github.com/pallets/flask/pull/1109.patch"
    },
    "body": "",
    "comments_inline": [
        {
            "url": "https://api.github.com/repos/pallets/flask/issues/comments/48113369",
            "html_url": "https://github.com/pallets/flask/pull/1109#issuecomment-48113369",
            "issue_url": "https://api.github.com/repos/pallets/flask/issues/1109",
            "id": 48113369,
            "node_id": "MDEyOklzc3VlQ29tbWVudDQ4MTEzMzY5",
            "user": {
                "login": "untitaker",
                "id": 837573,
                "node_id": "MDQ6VXNlcjgzNzU3Mw==",
                "avatar_url": "https://avatars0.githubusercontent.com/u/837573?v=4",
                "gravatar_id": "",
                "url": "https://api.github.com/users/untitaker",
                "html_url": "https://github.com/untitaker",
                "followers_url": "https://api.github.com/users/untitaker/followers",
                "following_url": "https://api.github.com/users/untitaker/following{/other_user}",
                "gists_url": "https://api.github.com/users/untitaker/gists{/gist_id}",
                "starred_url": "https://api.github.com/users/untitaker/starred{/owner}{/repo}",
                "subscriptions_url": "https://api.github.com/users/untitaker/subscriptions",
                "organizations_url": "https://api.github.com/users/untitaker/orgs",
                "repos_url": "https://api.github.com/users/untitaker/repos",
                "events_url": "https://api.github.com/users/untitaker/events{/privacy}",
                "received_events_url": "https://api.github.com/users/untitaker/received_events",
                "type": "User",
                "site_admin": false
            },
            "created_at": "2014-07-06T14:38:13Z",
            "updated_at": "2014-07-06T14:38:13Z",
            "author_association": "MEMBER",
            "body": "What is the usecase for this? I can't imagine that this would be useful, as you can do most setup lazily inside the views.\n"
        },
        {
            "url": "https://api.github.com/repos/pallets/flask/issues/comments/48117599",
            "html_url": "https://github.com/pallets/flask/pull/1109#issuecomment-48117599",
            "issue_url": "https://api.github.com/repos/pallets/flask/issues/1109",
            "id": 48117599,
            "node_id": "MDEyOklzc3VlQ29tbWVudDQ4MTE3NTk5",
            "user": {
                "login": "ctava",
                "id": 283711,
                "node_id": "MDQ6VXNlcjI4MzcxMQ==",
                "avatar_url": "https://avatars2.githubusercontent.com/u/283711?v=4",
                "gravatar_id": "",
                "url": "https://api.github.com/users/ctava",
                "html_url": "https://github.com/ctava",
                "followers_url": "https://api.github.com/users/ctava/followers",
                "following_url": "https://api.github.com/users/ctava/following{/other_user}",
                "gists_url": "https://api.github.com/users/ctava/gists{/gist_id}",
                "starred_url": "https://api.github.com/users/ctava/starred{/owner}{/repo}",
                "subscriptions_url": "https://api.github.com/users/ctava/subscriptions",
                "organizations_url": "https://api.github.com/users/ctava/orgs",
                "repos_url": "https://api.github.com/users/ctava/repos",
                "events_url": "https://api.github.com/users/ctava/events{/privacy}",
                "received_events_url": "https://api.github.com/users/ctava/received_events",
                "type": "User",
                "site_admin": false
            },
            "created_at": "2014-07-06T17:24:00Z",
            "updated_at": "2014-07-06T17:30:56Z",
            "author_association": "NONE",
            "body": "usecase is to initialize resources that should not be lazily setup. for example:\n\n@app.setup_appcontext\ndef setup_appcontent(error):\n    setup_apns(error)\n    init_db(error)\n\n@app.teardown_appcontext\ndef teardown_appcontext(error):\n    teardown_apns(error)\n    close_db(error)\n\nannotating application content setup methods provides parity application content teardown methods\n"
        },
        {
            "url": "https://api.github.com/repos/pallets/flask/issues/comments/48119313",
            "html_url": "https://github.com/pallets/flask/pull/1109#issuecomment-48119313",
            "issue_url": "https://api.github.com/repos/pallets/flask/issues/1109",
            "id": 48119313,
            "node_id": "MDEyOklzc3VlQ29tbWVudDQ4MTE5MzEz",
            "user": {
                "login": "danielchatfield",
                "id": 1058676,
                "node_id": "MDQ6VXNlcjEwNTg2NzY=",
                "avatar_url": "https://avatars3.githubusercontent.com/u/1058676?v=4",
                "gravatar_id": "",
                "url": "https://api.github.com/users/danielchatfield",
                "html_url": "https://github.com/danielchatfield",
                "followers_url": "https://api.github.com/users/danielchatfield/followers",
                "following_url": "https://api.github.com/users/danielchatfield/following{/other_user}",
                "gists_url": "https://api.github.com/users/danielchatfield/gists{/gist_id}",
                "starred_url": "https://api.github.com/users/danielchatfield/starred{/owner}{/repo}",
                "subscriptions_url": "https://api.github.com/users/danielchatfield/subscriptions",
                "organizations_url": "https://api.github.com/users/danielchatfield/orgs",
                "repos_url": "https://api.github.com/users/danielchatfield/repos",
                "events_url": "https://api.github.com/users/danielchatfield/events{/privacy}",
                "received_events_url": "https://api.github.com/users/danielchatfield/received_events",
                "type": "User",
                "site_admin": false
            },
            "created_at": "2014-07-06T18:31:08Z",
            "updated_at": "2014-07-06T18:31:08Z",
            "author_association": "NONE",
            "body": "Why can't you do that stuff at the same time you create the app?\n"
        },
        {
            "url": "https://api.github.com/repos/pallets/flask/issues/comments/48124526",
            "html_url": "https://github.com/pallets/flask/pull/1109#issuecomment-48124526",
            "issue_url": "https://api.github.com/repos/pallets/flask/issues/1109",
            "id": 48124526,
            "node_id": "MDEyOklzc3VlQ29tbWVudDQ4MTI0NTI2",
            "user": {
                "login": "OleksandrLoboda",
                "id": 2984194,
                "node_id": "MDQ6VXNlcjI5ODQxOTQ=",
                "avatar_url": "https://avatars2.githubusercontent.com/u/2984194?v=4",
                "gravatar_id": "",
                "url": "https://api.github.com/users/OleksandrLoboda",
                "html_url": "https://github.com/OleksandrLoboda",
                "followers_url": "https://api.github.com/users/OleksandrLoboda/followers",
                "following_url": "https://api.github.com/users/OleksandrLoboda/following{/other_user}",
                "gists_url": "https://api.github.com/users/OleksandrLoboda/gists{/gist_id}",
                "starred_url": "https://api.github.com/users/OleksandrLoboda/starred{/owner}{/repo}",
                "subscriptions_url": "https://api.github.com/users/OleksandrLoboda/subscriptions",
                "organizations_url": "https://api.github.com/users/OleksandrLoboda/orgs",
                "repos_url": "https://api.github.com/users/OleksandrLoboda/repos",
                "events_url": "https://api.github.com/users/OleksandrLoboda/events{/privacy}",
                "received_events_url": "https://api.github.com/users/OleksandrLoboda/received_events",
                "type": "User",
                "site_admin": false
            },
            "created_at": "2014-07-06T20:02:37Z",
            "updated_at": "2014-07-06T20:02:53Z",
            "author_association": "NONE",
            "body": "maybe initialize in separate package?\n can i do:\n @current_app.teardown_appcontext\n def fn():\n\n?\n"
        },
        {
            "url": "https://api.github.com/repos/pallets/flask/issues/comments/48124908",
            "html_url": "https://github.com/pallets/flask/pull/1109#issuecomment-48124908",
            "issue_url": "https://api.github.com/repos/pallets/flask/issues/1109",
            "id": 48124908,
            "node_id": "MDEyOklzc3VlQ29tbWVudDQ4MTI0OTA4",
            "user": {
                "login": "untitaker",
                "id": 837573,
                "node_id": "MDQ6VXNlcjgzNzU3Mw==",
                "avatar_url": "https://avatars0.githubusercontent.com/u/837573?v=4",
                "gravatar_id": "",
                "url": "https://api.github.com/users/untitaker",
                "html_url": "https://github.com/untitaker",
                "followers_url": "https://api.github.com/users/untitaker/followers",
                "following_url": "https://api.github.com/users/untitaker/following{/other_user}",
                "gists_url": "https://api.github.com/users/untitaker/gists{/gist_id}",
                "starred_url": "https://api.github.com/users/untitaker/starred{/owner}{/repo}",
                "subscriptions_url": "https://api.github.com/users/untitaker/subscriptions",
                "organizations_url": "https://api.github.com/users/untitaker/orgs",
                "repos_url": "https://api.github.com/users/untitaker/repos",
                "events_url": "https://api.github.com/users/untitaker/events{/privacy}",
                "received_events_url": "https://api.github.com/users/untitaker/received_events",
                "type": "User",
                "site_admin": false
            },
            "created_at": "2014-07-06T20:15:03Z",
            "updated_at": "2014-07-06T20:15:03Z",
            "author_association": "MEMBER",
            "body": "@OleksandrLoboda No, you can't do that. `current_app` is only available during the lifetime of the application context, e.g. inside a view function.\n"
        },
        {
            "url": "https://api.github.com/repos/pallets/flask/issues/comments/48124980",
            "html_url": "https://github.com/pallets/flask/pull/1109#issuecomment-48124980",
            "issue_url": "https://api.github.com/repos/pallets/flask/issues/1109",
            "id": 48124980,
            "node_id": "MDEyOklzc3VlQ29tbWVudDQ4MTI0OTgw",
            "user": {
                "login": "untitaker",
                "id": 837573,
                "node_id": "MDQ6VXNlcjgzNzU3Mw==",
                "avatar_url": "https://avatars0.githubusercontent.com/u/837573?v=4",
                "gravatar_id": "",
                "url": "https://api.github.com/users/untitaker",
                "html_url": "https://github.com/untitaker",
                "followers_url": "https://api.github.com/users/untitaker/followers",
                "following_url": "https://api.github.com/users/untitaker/following{/other_user}",
                "gists_url": "https://api.github.com/users/untitaker/gists{/gist_id}",
                "starred_url": "https://api.github.com/users/untitaker/starred{/owner}{/repo}",
                "subscriptions_url": "https://api.github.com/users/untitaker/subscriptions",
                "organizations_url": "https://api.github.com/users/untitaker/orgs",
                "repos_url": "https://api.github.com/users/untitaker/repos",
                "events_url": "https://api.github.com/users/untitaker/events{/privacy}",
                "received_events_url": "https://api.github.com/users/untitaker/received_events",
                "type": "User",
                "site_admin": false
            },
            "created_at": "2014-07-06T20:17:02Z",
            "updated_at": "2014-07-06T20:17:02Z",
            "author_association": "MEMBER",
            "body": "Also, this doesn't seem to be on-topic?\n"
        },
        {
            "url": "https://api.github.com/repos/pallets/flask/issues/comments/48128533",
            "html_url": "https://github.com/pallets/flask/pull/1109#issuecomment-48128533",
            "issue_url": "https://api.github.com/repos/pallets/flask/issues/1109",
            "id": 48128533,
            "node_id": "MDEyOklzc3VlQ29tbWVudDQ4MTI4NTMz",
            "user": {
                "login": "ctava",
                "id": 283711,
                "node_id": "MDQ6VXNlcjI4MzcxMQ==",
                "avatar_url": "https://avatars2.githubusercontent.com/u/283711?v=4",
                "gravatar_id": "",
                "url": "https://api.github.com/users/ctava",
                "html_url": "https://github.com/ctava",
                "followers_url": "https://api.github.com/users/ctava/followers",
                "following_url": "https://api.github.com/users/ctava/following{/other_user}",
                "gists_url": "https://api.github.com/users/ctava/gists{/gist_id}",
                "starred_url": "https://api.github.com/users/ctava/starred{/owner}{/repo}",
                "subscriptions_url": "https://api.github.com/users/ctava/subscriptions",
                "organizations_url": "https://api.github.com/users/ctava/orgs",
                "repos_url": "https://api.github.com/users/ctava/repos",
                "events_url": "https://api.github.com/users/ctava/events{/privacy}",
                "received_events_url": "https://api.github.com/users/ctava/received_events",
                "type": "User",
                "site_admin": false
            },
            "created_at": "2014-07-06T22:02:27Z",
            "updated_at": "2014-07-06T22:02:27Z",
            "author_association": "NONE",
            "body": "@danielchatfield at app creation time am initializing configuration which defines location of resources. its short and sweet. @app.setup_appcontext annotation makes sequence more lazy and maintains deterministic access of said resources needed for application context.\n"
        },
        {
            "url": "https://api.github.com/repos/pallets/flask/issues/comments/48981369",
            "html_url": "https://github.com/pallets/flask/pull/1109#issuecomment-48981369",
            "issue_url": "https://api.github.com/repos/pallets/flask/issues/1109",
            "id": 48981369,
            "node_id": "MDEyOklzc3VlQ29tbWVudDQ4OTgxMzY5",
            "user": {
                "login": "ctava",
                "id": 283711,
                "node_id": "MDQ6VXNlcjI4MzcxMQ==",
                "avatar_url": "https://avatars2.githubusercontent.com/u/283711?v=4",
                "gravatar_id": "",
                "url": "https://api.github.com/users/ctava",
                "html_url": "https://github.com/ctava",
                "followers_url": "https://api.github.com/users/ctava/followers",
                "following_url": "https://api.github.com/users/ctava/following{/other_user}",
                "gists_url": "https://api.github.com/users/ctava/gists{/gist_id}",
                "starred_url": "https://api.github.com/users/ctava/starred{/owner}{/repo}",
                "subscriptions_url": "https://api.github.com/users/ctava/subscriptions",
                "organizations_url": "https://api.github.com/users/ctava/orgs",
                "repos_url": "https://api.github.com/users/ctava/repos",
                "events_url": "https://api.github.com/users/ctava/events{/privacy}",
                "received_events_url": "https://api.github.com/users/ctava/received_events",
                "type": "User",
                "site_admin": false
            },
            "created_at": "2014-07-15T01:39:44Z",
            "updated_at": "2014-07-15T01:39:44Z",
            "author_association": "NONE",
            "body": "hello people, any other comments on this PR? otherwise, merge it.\n"
        },
        {
            "url": "https://api.github.com/repos/pallets/flask/issues/comments/48982136",
            "html_url": "https://github.com/pallets/flask/pull/1109#issuecomment-48982136",
            "issue_url": "https://api.github.com/repos/pallets/flask/issues/1109",
            "id": 48982136,
            "node_id": "MDEyOklzc3VlQ29tbWVudDQ4OTgyMTM2",
            "user": {
                "login": "untitaker",
                "id": 837573,
                "node_id": "MDQ6VXNlcjgzNzU3Mw==",
                "avatar_url": "https://avatars0.githubusercontent.com/u/837573?v=4",
                "gravatar_id": "",
                "url": "https://api.github.com/users/untitaker",
                "html_url": "https://github.com/untitaker",
                "followers_url": "https://api.github.com/users/untitaker/followers",
                "following_url": "https://api.github.com/users/untitaker/following{/other_user}",
                "gists_url": "https://api.github.com/users/untitaker/gists{/gist_id}",
                "starred_url": "https://api.github.com/users/untitaker/starred{/owner}{/repo}",
                "subscriptions_url": "https://api.github.com/users/untitaker/subscriptions",
                "organizations_url": "https://api.github.com/users/untitaker/orgs",
                "repos_url": "https://api.github.com/users/untitaker/repos",
                "events_url": "https://api.github.com/users/untitaker/events{/privacy}",
                "received_events_url": "https://api.github.com/users/untitaker/received_events",
                "type": "User",
                "site_admin": false
            },
            "created_at": "2014-07-15T01:55:58Z",
            "updated_at": "2014-07-15T01:55:58Z",
            "author_association": "MEMBER",
            "body": "I don't think we understood your reasoning why this feature is necessary.\n"
        },
        {
            "url": "https://api.github.com/repos/pallets/flask/issues/comments/49336980",
            "html_url": "https://github.com/pallets/flask/pull/1109#issuecomment-49336980",
            "issue_url": "https://api.github.com/repos/pallets/flask/issues/1109",
            "id": 49336980,
            "node_id": "MDEyOklzc3VlQ29tbWVudDQ5MzM2OTgw",
            "user": {
                "login": "ctava",
                "id": 283711,
                "node_id": "MDQ6VXNlcjI4MzcxMQ==",
                "avatar_url": "https://avatars2.githubusercontent.com/u/283711?v=4",
                "gravatar_id": "",
                "url": "https://api.github.com/users/ctava",
                "html_url": "https://github.com/ctava",
                "followers_url": "https://api.github.com/users/ctava/followers",
                "following_url": "https://api.github.com/users/ctava/following{/other_user}",
                "gists_url": "https://api.github.com/users/ctava/gists{/gist_id}",
                "starred_url": "https://api.github.com/users/ctava/starred{/owner}{/repo}",
                "subscriptions_url": "https://api.github.com/users/ctava/subscriptions",
                "organizations_url": "https://api.github.com/users/ctava/orgs",
                "repos_url": "https://api.github.com/users/ctava/repos",
                "events_url": "https://api.github.com/users/ctava/events{/privacy}",
                "received_events_url": "https://api.github.com/users/ctava/received_events",
                "type": "User",
                "site_admin": false
            },
            "created_at": "2014-07-17T17:21:25Z",
            "updated_at": "2014-07-17T17:21:38Z",
            "author_association": "NONE",
            "body": "reasoning for adding this feature is: its useful, provides parity with teardown_appcontext and it works\n"
        },
        {
            "url": "https://api.github.com/repos/pallets/flask/issues/comments/49338863",
            "html_url": "https://github.com/pallets/flask/pull/1109#issuecomment-49338863",
            "issue_url": "https://api.github.com/repos/pallets/flask/issues/1109",
            "id": 49338863,
            "node_id": "MDEyOklzc3VlQ29tbWVudDQ5MzM4ODYz",
            "user": {
                "login": "mattupstate",
                "id": 166176,
                "node_id": "MDQ6VXNlcjE2NjE3Ng==",
                "avatar_url": "https://avatars0.githubusercontent.com/u/166176?v=4",
                "gravatar_id": "",
                "url": "https://api.github.com/users/mattupstate",
                "html_url": "https://github.com/mattupstate",
                "followers_url": "https://api.github.com/users/mattupstate/followers",
                "following_url": "https://api.github.com/users/mattupstate/following{/other_user}",
                "gists_url": "https://api.github.com/users/mattupstate/gists{/gist_id}",
                "starred_url": "https://api.github.com/users/mattupstate/starred{/owner}{/repo}",
                "subscriptions_url": "https://api.github.com/users/mattupstate/subscriptions",
                "organizations_url": "https://api.github.com/users/mattupstate/orgs",
                "repos_url": "https://api.github.com/users/mattupstate/repos",
                "events_url": "https://api.github.com/users/mattupstate/events{/privacy}",
                "received_events_url": "https://api.github.com/users/mattupstate/received_events",
                "type": "User",
                "site_admin": false
            },
            "created_at": "2014-07-17T17:36:40Z",
            "updated_at": "2014-07-17T17:36:40Z",
            "author_association": "CONTRIBUTOR",
            "body": "> usecase is to initialize resources that should not be lazily setup\n\nWhats your case/argument for lazy setup of resources? Additionally what do you consider to be \"resources\"?\n\n> its useful\n\nPerhaps according to you. However I've never found a case where I might want to lazily setup resources. I _am_ curious when this might be truly be necessary\n\n> provides parity with teardown_appcontext\n\nWhy is parity required?\n"
        },
        {
            "url": "https://api.github.com/repos/pallets/flask/issues/comments/49376112",
            "html_url": "https://github.com/pallets/flask/pull/1109#issuecomment-49376112",
            "issue_url": "https://api.github.com/repos/pallets/flask/issues/1109",
            "id": 49376112,
            "node_id": "MDEyOklzc3VlQ29tbWVudDQ5Mzc2MTEy",
            "user": {
                "login": "ctava",
                "id": 283711,
                "node_id": "MDQ6VXNlcjI4MzcxMQ==",
                "avatar_url": "https://avatars2.githubusercontent.com/u/283711?v=4",
                "gravatar_id": "",
                "url": "https://api.github.com/users/ctava",
                "html_url": "https://github.com/ctava",
                "followers_url": "https://api.github.com/users/ctava/followers",
                "following_url": "https://api.github.com/users/ctava/following{/other_user}",
                "gists_url": "https://api.github.com/users/ctava/gists{/gist_id}",
                "starred_url": "https://api.github.com/users/ctava/starred{/owner}{/repo}",
                "subscriptions_url": "https://api.github.com/users/ctava/subscriptions",
                "organizations_url": "https://api.github.com/users/ctava/orgs",
                "repos_url": "https://api.github.com/users/ctava/repos",
                "events_url": "https://api.github.com/users/ctava/events{/privacy}",
                "received_events_url": "https://api.github.com/users/ctava/received_events",
                "type": "User",
                "site_admin": false
            },
            "created_at": "2014-07-17T22:41:35Z",
            "updated_at": "2014-07-17T22:41:35Z",
            "author_association": "NONE",
            "body": "resources: database connection, web socket\nsure, that because you have yet to give it a try \nparity brings clarity and consistency to application lifecycle\n\n![200 1](https://cloud.githubusercontent.com/assets/283711/3620613/77e5f592-0e03-11e4-8cf4-96bc1beb6d99.gif)\n"
        },
        {
            "url": "https://api.github.com/repos/pallets/flask/issues/comments/49376451",
            "html_url": "https://github.com/pallets/flask/pull/1109#issuecomment-49376451",
            "issue_url": "https://api.github.com/repos/pallets/flask/issues/1109",
            "id": 49376451,
            "node_id": "MDEyOklzc3VlQ29tbWVudDQ5Mzc2NDUx",
            "user": {
                "login": "untitaker",
                "id": 837573,
                "node_id": "MDQ6VXNlcjgzNzU3Mw==",
                "avatar_url": "https://avatars0.githubusercontent.com/u/837573?v=4",
                "gravatar_id": "",
                "url": "https://api.github.com/users/untitaker",
                "html_url": "https://github.com/untitaker",
                "followers_url": "https://api.github.com/users/untitaker/followers",
                "following_url": "https://api.github.com/users/untitaker/following{/other_user}",
                "gists_url": "https://api.github.com/users/untitaker/gists{/gist_id}",
                "starred_url": "https://api.github.com/users/untitaker/starred{/owner}{/repo}",
                "subscriptions_url": "https://api.github.com/users/untitaker/subscriptions",
                "organizations_url": "https://api.github.com/users/untitaker/orgs",
                "repos_url": "https://api.github.com/users/untitaker/repos",
                "events_url": "https://api.github.com/users/untitaker/events{/privacy}",
                "received_events_url": "https://api.github.com/users/untitaker/received_events",
                "type": "User",
                "site_admin": false
            },
            "created_at": "2014-07-17T22:45:45Z",
            "updated_at": "2014-07-17T22:45:45Z",
            "author_association": "MEMBER",
            "body": "This discussion has basically devolved into bikeshedding, although the decision has already been made.\n"
        },
        {
            "url": "https://api.github.com/repos/pallets/flask/issues/comments/50228807",
            "html_url": "https://github.com/pallets/flask/pull/1109#issuecomment-50228807",
            "issue_url": "https://api.github.com/repos/pallets/flask/issues/1109",
            "id": 50228807,
            "node_id": "MDEyOklzc3VlQ29tbWVudDUwMjI4ODA3",
            "user": {
                "login": "DasIch",
                "id": 182316,
                "node_id": "MDQ6VXNlcjE4MjMxNg==",
                "avatar_url": "https://avatars0.githubusercontent.com/u/182316?v=4",
                "gravatar_id": "",
                "url": "https://api.github.com/users/DasIch",
                "html_url": "https://github.com/DasIch",
                "followers_url": "https://api.github.com/users/DasIch/followers",
                "following_url": "https://api.github.com/users/DasIch/following{/other_user}",
                "gists_url": "https://api.github.com/users/DasIch/gists{/gist_id}",
                "starred_url": "https://api.github.com/users/DasIch/starred{/owner}{/repo}",
                "subscriptions_url": "https://api.github.com/users/DasIch/subscriptions",
                "organizations_url": "https://api.github.com/users/DasIch/orgs",
                "repos_url": "https://api.github.com/users/DasIch/repos",
                "events_url": "https://api.github.com/users/DasIch/events{/privacy}",
                "received_events_url": "https://api.github.com/users/DasIch/received_events",
                "type": "User",
                "site_admin": false
            },
            "created_at": "2014-07-26T09:01:59Z",
            "updated_at": "2014-07-26T09:01:59Z",
            "author_association": "CONTRIBUTOR",
            "body": "Database connections should be kept in a pool or lazily created because you definitely don't want to have as many concurrent database connections as requests. Web sockets can only be created in response to an HTTP upgrade request, so that's not possible at all.\n\nI know this might be frustrating but partity and \"it works\" alone are not sufficient to get it merged. Every piece of code needs to be maintained and once it's added removing it is a painful process and potentially impossible. It's fairly trivial to add this for yourself, if you truly need it though.\n\nSo for that reason I'll close this issue until someone presents a convincing use case.\n"
        }
    ]
}