{
    "url": "https://api.github.com/repos/pallets/flask/issues/111",
    "repository_url": "https://api.github.com/repos/pallets/flask",
    "labels_url": "https://api.github.com/repos/pallets/flask/issues/111/labels{/name}",
    "comments_url": "https://api.github.com/repos/pallets/flask/issues/111/comments",
    "events_url": "https://api.github.com/repos/pallets/flask/issues/111/events",
    "html_url": "https://github.com/pallets/flask/issues/111",
    "id": 289254,
    "node_id": "MDU6SXNzdWUyODkyNTQ=",
    "number": 111,
    "title": "`static` path has a problem in the module which doesn't have a subdomain.",
    "user": {
        "login": "sublee",
        "id": 19982,
        "node_id": "MDQ6VXNlcjE5OTgy",
        "avatar_url": "https://avatars0.githubusercontent.com/u/19982?v=4",
        "gravatar_id": "",
        "url": "https://api.github.com/users/sublee",
        "html_url": "https://github.com/sublee",
        "followers_url": "https://api.github.com/users/sublee/followers",
        "following_url": "https://api.github.com/users/sublee/following{/other_user}",
        "gists_url": "https://api.github.com/users/sublee/gists{/gist_id}",
        "starred_url": "https://api.github.com/users/sublee/starred{/owner}{/repo}",
        "subscriptions_url": "https://api.github.com/users/sublee/subscriptions",
        "organizations_url": "https://api.github.com/users/sublee/orgs",
        "repos_url": "https://api.github.com/users/sublee/repos",
        "events_url": "https://api.github.com/users/sublee/events{/privacy}",
        "received_events_url": "https://api.github.com/users/sublee/received_events",
        "type": "User",
        "site_admin": false
    },
    "labels": [],
    "state": "closed",
    "locked": false,
    "assignee": null,
    "assignees": [],
    "milestone": null,
    "comments": 3,
    "created_at": "2010-08-25T04:44:15Z",
    "updated_at": "2011-06-24T14:28:39Z",
    "closed_at": "2011-06-24T14:28:39Z",
    "author_association": "NONE",
    "body": "Version: 0.7dev\n\nFirst, I supposed that the domain is \"mydomain.org\".\n\nsource tree:\n- `mywebsite`\n  - `__init__.py`\n  - `mywww`\n    - `__init__.py`\n    - `static`\n      - `test.txt`\n  - `static`\n    - `test.txt`\n\nmywebsite/__init__.py:\n\n```\nfrom flask import Flask\nimport mywww\napp = Flask(__name__)\napp.config[\"SERVER_NAME\"] = \"mydomain.org\"\napp.register_module(mywww.app)\n```\n\nmywebsite/static/test.txt:\n\n```\nFailure...\n```\n\nmywebsite/mywww/__init__.py:\n\n```\nfrom flask import Module\napp = Module(__name__) # This module hasn't a subdomain.\n                       # It should route \"http://mydomain.org/\" not \"http://sub.mydomain.org/\"\n@app.route(\"/\")\ndef index():\n    return \"ok\", 200\n```\n\nmywebsite/mywww/static/test.txt:\n\n```\nSuccess!\n```\n\nWhile running this application, a result of `http://mydomain.org/` is `ok`. Yes, it's expected. But a result of `http://mydomain.org/static/test.txt` is `Failure...`. It is routed `mywebsite/static/test.txt`, not `mywebsite/mywww/static/test.txt`. It is not expected.\n\nIf `mywww` has a subdomain, there is no problem.\n\n```\napp = Module(__name__, subdomain=\"sub\")\n```\n\n`http://sub.mydomain.org/static/test.txt` puts `Success!`.\n",
    "comments_inline": [
        {
            "url": "https://api.github.com/repos/pallets/flask/issues/comments/370330",
            "html_url": "https://github.com/pallets/flask/issues/111#issuecomment-370330",
            "issue_url": "https://api.github.com/repos/pallets/flask/issues/111",
            "id": 370330,
            "node_id": "MDEyOklzc3VlQ29tbWVudDM3MDMzMA==",
            "user": {
                "login": "sublee",
                "id": 19982,
                "node_id": "MDQ6VXNlcjE5OTgy",
                "avatar_url": "https://avatars0.githubusercontent.com/u/19982?v=4",
                "gravatar_id": "",
                "url": "https://api.github.com/users/sublee",
                "html_url": "https://github.com/sublee",
                "followers_url": "https://api.github.com/users/sublee/followers",
                "following_url": "https://api.github.com/users/sublee/following{/other_user}",
                "gists_url": "https://api.github.com/users/sublee/gists{/gist_id}",
                "starred_url": "https://api.github.com/users/sublee/starred{/owner}{/repo}",
                "subscriptions_url": "https://api.github.com/users/sublee/subscriptions",
                "organizations_url": "https://api.github.com/users/sublee/orgs",
                "repos_url": "https://api.github.com/users/sublee/repos",
                "events_url": "https://api.github.com/users/sublee/events{/privacy}",
                "received_events_url": "https://api.github.com/users/sublee/received_events",
                "type": "User",
                "site_admin": false
            },
            "created_at": "2010-08-25T04:56:02Z",
            "updated_at": "2010-08-25T04:56:02Z",
            "author_association": "NONE",
            "body": "How can I add a label to issue?\n"
        },
        {
            "url": "https://api.github.com/repos/pallets/flask/issues/comments/370620",
            "html_url": "https://github.com/pallets/flask/issues/111#issuecomment-370620",
            "issue_url": "https://api.github.com/repos/pallets/flask/issues/111",
            "id": 370620,
            "node_id": "MDEyOklzc3VlQ29tbWVudDM3MDYyMA==",
            "user": {
                "login": "mitsuhiko",
                "id": 7396,
                "node_id": "MDQ6VXNlcjczOTY=",
                "avatar_url": "https://avatars1.githubusercontent.com/u/7396?v=4",
                "gravatar_id": "",
                "url": "https://api.github.com/users/mitsuhiko",
                "html_url": "https://github.com/mitsuhiko",
                "followers_url": "https://api.github.com/users/mitsuhiko/followers",
                "following_url": "https://api.github.com/users/mitsuhiko/following{/other_user}",
                "gists_url": "https://api.github.com/users/mitsuhiko/gists{/gist_id}",
                "starred_url": "https://api.github.com/users/mitsuhiko/starred{/owner}{/repo}",
                "subscriptions_url": "https://api.github.com/users/mitsuhiko/subscriptions",
                "organizations_url": "https://api.github.com/users/mitsuhiko/orgs",
                "repos_url": "https://api.github.com/users/mitsuhiko/repos",
                "events_url": "https://api.github.com/users/mitsuhiko/events{/privacy}",
                "received_events_url": "https://api.github.com/users/mitsuhiko/received_events",
                "type": "User",
                "site_admin": false
            },
            "created_at": "2010-08-25T09:43:07Z",
            "updated_at": "2010-08-25T09:43:07Z",
            "author_association": "MEMBER",
            "body": "Labels are in the dropdown on the top. Weird UI I know :)\n\nYour patch (http://github.com/sublee/flask/commit/6d37a478a95f1653a9fdb7abbbe3d05a7a7ae429) is a bit of a hack. Can you check if a cleaner implementation would be possible on top of the work I did in the new-modules branch? (http://github.com/mitsuhiko/flask/tree/new-modules)\n"
        },
        {
            "url": "https://api.github.com/repos/pallets/flask/issues/comments/1432629",
            "html_url": "https://github.com/pallets/flask/issues/111#issuecomment-1432629",
            "issue_url": "https://api.github.com/repos/pallets/flask/issues/111",
            "id": 1432629,
            "node_id": "MDEyOklzc3VlQ29tbWVudDE0MzI2Mjk=",
            "user": {
                "login": "mitsuhiko",
                "id": 7396,
                "node_id": "MDQ6VXNlcjczOTY=",
                "avatar_url": "https://avatars1.githubusercontent.com/u/7396?v=4",
                "gravatar_id": "",
                "url": "https://api.github.com/users/mitsuhiko",
                "html_url": "https://github.com/mitsuhiko",
                "followers_url": "https://api.github.com/users/mitsuhiko/followers",
                "following_url": "https://api.github.com/users/mitsuhiko/following{/other_user}",
                "gists_url": "https://api.github.com/users/mitsuhiko/gists{/gist_id}",
                "starred_url": "https://api.github.com/users/mitsuhiko/starred{/owner}{/repo}",
                "subscriptions_url": "https://api.github.com/users/mitsuhiko/subscriptions",
                "organizations_url": "https://api.github.com/users/mitsuhiko/orgs",
                "repos_url": "https://api.github.com/users/mitsuhiko/repos",
                "events_url": "https://api.github.com/users/mitsuhiko/events{/privacy}",
                "received_events_url": "https://api.github.com/users/mitsuhiko/received_events",
                "type": "User",
                "site_admin": false
            },
            "created_at": "2011-06-24T14:28:39Z",
            "updated_at": "2011-06-24T14:28:39Z",
            "author_association": "MEMBER",
            "body": "This should be fixed in the blueprint branch. Let me know if the issue creeps up again.\n"
        }
    ]
}