{
    "url": "https://api.github.com/repos/pallets/flask/issues/1110",
    "repository_url": "https://api.github.com/repos/pallets/flask",
    "labels_url": "https://api.github.com/repos/pallets/flask/issues/1110/labels{/name}",
    "comments_url": "https://api.github.com/repos/pallets/flask/issues/1110/comments",
    "events_url": "https://api.github.com/repos/pallets/flask/issues/1110/events",
    "html_url": "https://github.com/pallets/flask/pull/1110",
    "id": 37263441,
    "node_id": "MDExOlB1bGxSZXF1ZXN0MTgwNDA4MTI=",
    "number": 1110,
    "title": "Stop recommending Python 2.6",
    "user": {
        "login": "methane",
        "id": 199592,
        "node_id": "MDQ6VXNlcjE5OTU5Mg==",
        "avatar_url": "https://avatars2.githubusercontent.com/u/199592?v=4",
        "gravatar_id": "",
        "url": "https://api.github.com/users/methane",
        "html_url": "https://github.com/methane",
        "followers_url": "https://api.github.com/users/methane/followers",
        "following_url": "https://api.github.com/users/methane/following{/other_user}",
        "gists_url": "https://api.github.com/users/methane/gists{/gist_id}",
        "starred_url": "https://api.github.com/users/methane/starred{/owner}{/repo}",
        "subscriptions_url": "https://api.github.com/users/methane/subscriptions",
        "organizations_url": "https://api.github.com/users/methane/orgs",
        "repos_url": "https://api.github.com/users/methane/repos",
        "events_url": "https://api.github.com/users/methane/events{/privacy}",
        "received_events_url": "https://api.github.com/users/methane/received_events",
        "type": "User",
        "site_admin": false
    },
    "labels": [],
    "state": "closed",
    "locked": false,
    "assignee": null,
    "assignees": [],
    "milestone": null,
    "comments": 0,
    "created_at": "2014-07-07T12:18:54Z",
    "updated_at": "2014-07-07T14:38:57Z",
    "closed_at": "2014-07-07T14:38:57Z",
    "author_association": "CONTRIBUTOR",
    "pull_request": {
        "url": "https://api.github.com/repos/pallets/flask/pulls/1110",
        "html_url": "https://github.com/pallets/flask/pull/1110",
        "diff_url": "https://github.com/pallets/flask/pull/1110.diff",
        "patch_url": "https://github.com/pallets/flask/pull/1110.patch"
    },
    "body": "Python 2.6 maintenance has been finished.\n"
}