{
    "url": "https://api.github.com/repos/pallets/flask/issues/1111",
    "repository_url": "https://api.github.com/repos/pallets/flask",
    "labels_url": "https://api.github.com/repos/pallets/flask/issues/1111/labels{/name}",
    "comments_url": "https://api.github.com/repos/pallets/flask/issues/1111/comments",
    "events_url": "https://api.github.com/repos/pallets/flask/issues/1111/events",
    "html_url": "https://github.com/pallets/flask/pull/1111",
    "id": 37552754,
    "node_id": "MDExOlB1bGxSZXF1ZXN0MTgyMTMyNzY=",
    "number": 1111,
    "title": "Update index.rst with link to source of stable release",
    "user": {
        "login": "nluchs",
        "id": 1766041,
        "node_id": "MDQ6VXNlcjE3NjYwNDE=",
        "avatar_url": "https://avatars1.githubusercontent.com/u/1766041?v=4",
        "gravatar_id": "",
        "url": "https://api.github.com/users/nluchs",
        "html_url": "https://github.com/nluchs",
        "followers_url": "https://api.github.com/users/nluchs/followers",
        "following_url": "https://api.github.com/users/nluchs/following{/other_user}",
        "gists_url": "https://api.github.com/users/nluchs/gists{/gist_id}",
        "starred_url": "https://api.github.com/users/nluchs/starred{/owner}{/repo}",
        "subscriptions_url": "https://api.github.com/users/nluchs/subscriptions",
        "organizations_url": "https://api.github.com/users/nluchs/orgs",
        "repos_url": "https://api.github.com/users/nluchs/repos",
        "events_url": "https://api.github.com/users/nluchs/events{/privacy}",
        "received_events_url": "https://api.github.com/users/nluchs/received_events",
        "type": "User",
        "site_admin": false
    },
    "labels": [],
    "state": "closed",
    "locked": false,
    "assignee": null,
    "assignees": [],
    "milestone": null,
    "comments": 1,
    "created_at": "2014-07-10T11:12:57Z",
    "updated_at": "2014-08-24T14:44:30Z",
    "closed_at": "2014-08-24T14:44:30Z",
    "author_association": "CONTRIBUTOR",
    "pull_request": {
        "url": "https://api.github.com/repos/pallets/flask/pulls/1111",
        "html_url": "https://github.com/pallets/flask/pull/1111",
        "diff_url": "https://github.com/pallets/flask/pull/1111.diff",
        "patch_url": "https://github.com/pallets/flask/pull/1111.patch"
    },
    "body": "The current live version of these docs on http://flask.pocoo.org/ refers to the master branch, which is actively being used for development of both flask and flaskr, and so the latest stable release (0.10.1) doesn't work with the master branch of flaskr, even though that's what's linked here. So it's probably a good idea to include this alternative link for the majority of users.\n",
    "comments_inline": [
        {
            "url": "https://api.github.com/repos/pallets/flask/issues/comments/53195663",
            "html_url": "https://github.com/pallets/flask/pull/1111#issuecomment-53195663",
            "issue_url": "https://api.github.com/repos/pallets/flask/issues/1111",
            "id": 53195663,
            "node_id": "MDEyOklzc3VlQ29tbWVudDUzMTk1NjYz",
            "user": {
                "login": "untitaker",
                "id": 837573,
                "node_id": "MDQ6VXNlcjgzNzU3Mw==",
                "avatar_url": "https://avatars0.githubusercontent.com/u/837573?v=4",
                "gravatar_id": "",
                "url": "https://api.github.com/users/untitaker",
                "html_url": "https://github.com/untitaker",
                "followers_url": "https://api.github.com/users/untitaker/followers",
                "following_url": "https://api.github.com/users/untitaker/following{/other_user}",
                "gists_url": "https://api.github.com/users/untitaker/gists{/gist_id}",
                "starred_url": "https://api.github.com/users/untitaker/starred{/owner}{/repo}",
                "subscriptions_url": "https://api.github.com/users/untitaker/subscriptions",
                "organizations_url": "https://api.github.com/users/untitaker/orgs",
                "repos_url": "https://api.github.com/users/untitaker/repos",
                "events_url": "https://api.github.com/users/untitaker/events{/privacy}",
                "received_events_url": "https://api.github.com/users/untitaker/received_events",
                "type": "User",
                "site_admin": false
            },
            "created_at": "2014-08-24T14:44:30Z",
            "updated_at": "2014-08-24T14:44:30Z",
            "author_association": "MEMBER",
            "body": "We don't need this anymore, the docs now have a version selector which defaults to the latest release.\n"
        }
    ]
}