{
    "url": "https://api.github.com/repos/pallets/flask/issues/1112",
    "repository_url": "https://api.github.com/repos/pallets/flask",
    "labels_url": "https://api.github.com/repos/pallets/flask/issues/1112/labels{/name}",
    "comments_url": "https://api.github.com/repos/pallets/flask/issues/1112/comments",
    "events_url": "https://api.github.com/repos/pallets/flask/issues/1112/events",
    "html_url": "https://github.com/pallets/flask/pull/1112",
    "id": 37565045,
    "node_id": "MDExOlB1bGxSZXF1ZXN0MTgyMjA4Nzc=",
    "number": 1112,
    "title": "Update python3.rst",
    "user": {
        "login": "methane",
        "id": 199592,
        "node_id": "MDQ6VXNlcjE5OTU5Mg==",
        "avatar_url": "https://avatars2.githubusercontent.com/u/199592?v=4",
        "gravatar_id": "",
        "url": "https://api.github.com/users/methane",
        "html_url": "https://github.com/methane",
        "followers_url": "https://api.github.com/users/methane/followers",
        "following_url": "https://api.github.com/users/methane/following{/other_user}",
        "gists_url": "https://api.github.com/users/methane/gists{/gist_id}",
        "starred_url": "https://api.github.com/users/methane/starred{/owner}{/repo}",
        "subscriptions_url": "https://api.github.com/users/methane/subscriptions",
        "organizations_url": "https://api.github.com/users/methane/orgs",
        "repos_url": "https://api.github.com/users/methane/repos",
        "events_url": "https://api.github.com/users/methane/events{/privacy}",
        "received_events_url": "https://api.github.com/users/methane/received_events",
        "type": "User",
        "site_admin": false
    },
    "labels": [],
    "state": "closed",
    "locked": false,
    "assignee": null,
    "assignees": [],
    "milestone": null,
    "comments": 3,
    "created_at": "2014-07-10T14:01:48Z",
    "updated_at": "2018-10-23T17:43:18Z",
    "closed_at": "2014-07-27T11:22:36Z",
    "author_association": "CONTRIBUTOR",
    "pull_request": {
        "url": "https://api.github.com/repos/pallets/flask/pulls/1112",
        "html_url": "https://github.com/pallets/flask/pull/1112",
        "diff_url": "https://github.com/pallets/flask/pull/1112.diff",
        "patch_url": "https://github.com/pallets/flask/pull/1112.patch"
    },
    "body": "Fixes #1101\n",
    "comments_inline": [
        {
            "url": "https://api.github.com/repos/pallets/flask/issues/comments/50228326",
            "html_url": "https://github.com/pallets/flask/pull/1112#issuecomment-50228326",
            "issue_url": "https://api.github.com/repos/pallets/flask/issues/1112",
            "id": 50228326,
            "node_id": "MDEyOklzc3VlQ29tbWVudDUwMjI4MzI2",
            "user": {
                "login": "DasIch",
                "id": 182316,
                "node_id": "MDQ6VXNlcjE4MjMxNg==",
                "avatar_url": "https://avatars0.githubusercontent.com/u/182316?v=4",
                "gravatar_id": "",
                "url": "https://api.github.com/users/DasIch",
                "html_url": "https://github.com/DasIch",
                "followers_url": "https://api.github.com/users/DasIch/followers",
                "following_url": "https://api.github.com/users/DasIch/following{/other_user}",
                "gists_url": "https://api.github.com/users/DasIch/gists{/gist_id}",
                "starred_url": "https://api.github.com/users/DasIch/starred{/owner}{/repo}",
                "subscriptions_url": "https://api.github.com/users/DasIch/subscriptions",
                "organizations_url": "https://api.github.com/users/DasIch/orgs",
                "repos_url": "https://api.github.com/users/DasIch/repos",
                "events_url": "https://api.github.com/users/DasIch/events{/privacy}",
                "received_events_url": "https://api.github.com/users/DasIch/received_events",
                "type": "User",
                "site_admin": false
            },
            "created_at": "2014-07-26T08:50:46Z",
            "updated_at": "2014-07-26T08:50:46Z",
            "author_association": "CONTRIBUTOR",
            "body": "I could just pull it as is but reading the text right now, I'm not particularly happy about the \"faint of heart\" thing. If you are doing IO or somewhat low level-ish things, porting things correctly can be somewhat difficult but these things should be all solved by Werkzeug, Flask and click. Most of the time porting extensions should be fairly straightforward.\n"
        },
        {
            "url": "https://api.github.com/repos/pallets/flask/issues/comments/50233175",
            "html_url": "https://github.com/pallets/flask/pull/1112#issuecomment-50233175",
            "issue_url": "https://api.github.com/repos/pallets/flask/issues/1112",
            "id": 50233175,
            "node_id": "MDEyOklzc3VlQ29tbWVudDUwMjMzMTc1",
            "user": {
                "login": "methane",
                "id": 199592,
                "node_id": "MDQ6VXNlcjE5OTU5Mg==",
                "avatar_url": "https://avatars2.githubusercontent.com/u/199592?v=4",
                "gravatar_id": "",
                "url": "https://api.github.com/users/methane",
                "html_url": "https://github.com/methane",
                "followers_url": "https://api.github.com/users/methane/followers",
                "following_url": "https://api.github.com/users/methane/following{/other_user}",
                "gists_url": "https://api.github.com/users/methane/gists{/gist_id}",
                "starred_url": "https://api.github.com/users/methane/starred{/owner}{/repo}",
                "subscriptions_url": "https://api.github.com/users/methane/subscriptions",
                "organizations_url": "https://api.github.com/users/methane/orgs",
                "repos_url": "https://api.github.com/users/methane/repos",
                "events_url": "https://api.github.com/users/methane/events{/privacy}",
                "received_events_url": "https://api.github.com/users/methane/received_events",
                "type": "User",
                "site_admin": false
            },
            "created_at": "2014-07-26T12:48:08Z",
            "updated_at": "2014-07-26T12:48:08Z",
            "author_association": "CONTRIBUTOR",
            "body": "@DasIch I've updated \"faint of heart\" thing.\n"
        },
        {
            "url": "https://api.github.com/repos/pallets/flask/issues/comments/50242984",
            "html_url": "https://github.com/pallets/flask/pull/1112#issuecomment-50242984",
            "issue_url": "https://api.github.com/repos/pallets/flask/issues/1112",
            "id": 50242984,
            "node_id": "MDEyOklzc3VlQ29tbWVudDUwMjQyOTg0",
            "user": {
                "login": "methane",
                "id": 199592,
                "node_id": "MDQ6VXNlcjE5OTU5Mg==",
                "avatar_url": "https://avatars2.githubusercontent.com/u/199592?v=4",
                "gravatar_id": "",
                "url": "https://api.github.com/users/methane",
                "html_url": "https://github.com/methane",
                "followers_url": "https://api.github.com/users/methane/followers",
                "following_url": "https://api.github.com/users/methane/following{/other_user}",
                "gists_url": "https://api.github.com/users/methane/gists{/gist_id}",
                "starred_url": "https://api.github.com/users/methane/starred{/owner}{/repo}",
                "subscriptions_url": "https://api.github.com/users/methane/subscriptions",
                "organizations_url": "https://api.github.com/users/methane/orgs",
                "repos_url": "https://api.github.com/users/methane/repos",
                "events_url": "https://api.github.com/users/methane/events{/privacy}",
                "received_events_url": "https://api.github.com/users/methane/received_events",
                "type": "User",
                "site_admin": false
            },
            "created_at": "2014-07-26T17:47:49Z",
            "updated_at": "2014-07-26T17:47:49Z",
            "author_association": "CONTRIBUTOR",
            "body": "Thanks, fixed.\n"
        }
    ]
}