{
    "url": "https://api.github.com/repos/pallets/flask/issues/1115",
    "repository_url": "https://api.github.com/repos/pallets/flask",
    "labels_url": "https://api.github.com/repos/pallets/flask/issues/1115/labels{/name}",
    "comments_url": "https://api.github.com/repos/pallets/flask/issues/1115/comments",
    "events_url": "https://api.github.com/repos/pallets/flask/issues/1115/events",
    "html_url": "https://github.com/pallets/flask/issues/1115",
    "id": 37729709,
    "node_id": "MDU6SXNzdWUzNzcyOTcwOQ==",
    "number": 1115,
    "title": "\"Error handling request\" with Gunicorn and gevent worker",
    "user": {
        "login": "dsoprea",
        "id": 715626,
        "node_id": "MDQ6VXNlcjcxNTYyNg==",
        "avatar_url": "https://avatars0.githubusercontent.com/u/715626?v=4",
        "gravatar_id": "",
        "url": "https://api.github.com/users/dsoprea",
        "html_url": "https://github.com/dsoprea",
        "followers_url": "https://api.github.com/users/dsoprea/followers",
        "following_url": "https://api.github.com/users/dsoprea/following{/other_user}",
        "gists_url": "https://api.github.com/users/dsoprea/gists{/gist_id}",
        "starred_url": "https://api.github.com/users/dsoprea/starred{/owner}{/repo}",
        "subscriptions_url": "https://api.github.com/users/dsoprea/subscriptions",
        "organizations_url": "https://api.github.com/users/dsoprea/orgs",
        "repos_url": "https://api.github.com/users/dsoprea/repos",
        "events_url": "https://api.github.com/users/dsoprea/events{/privacy}",
        "received_events_url": "https://api.github.com/users/dsoprea/received_events",
        "type": "User",
        "site_admin": false
    },
    "labels": [],
    "state": "closed",
    "locked": false,
    "assignee": null,
    "assignees": [],
    "milestone": null,
    "comments": 1,
    "created_at": "2014-07-12T22:15:00Z",
    "updated_at": "2014-07-27T11:25:04Z",
    "closed_at": "2014-07-27T11:25:04Z",
    "author_association": "NONE",
    "body": "I'm using Flask with Gunicorn using the \"gevent\" worker. The request completes, the client receives the response, and Gunicorn spits out \"Error handling request\", and then waits for a new request.\n\nThis is the stacktrace:\n\n```\n    2014-07-12 18:01:53 [38427] [INFO] Booting worker with pid: 38427\n    2014-07-12 18:01:55 [38427] [DEBUG] POST /job/dev/job1\n    2014-07-12 18:01:55 [38427] [ERROR] Error handling request\n    Traceback (most recent call last):\n      File \"/Users/dustin/development/python/mapreduce/lib/python2.7/site-packages/gunicorn/workers/async.py\", line 116, in handle_request\n        raise StopIteration()\n    StopIteration\n```\n\n(I should note that this is coming out of the \"async\" worker module, and not the intended \"gevent\" one).\n\nThis is the relevant portion of that module:\n\n```\n        except Exception:\n            if resp and resp.headers_sent:\n                # If the requests have already been sent, we should close the\n                # connection to indicate the error.\n                self.log.exception(\"Error handling request\")\n                try:\n                    sock.shutdown(socket.SHUT_RDWR)\n                    sock.close()\n                except socket.error:\n                    pass\n                raise StopIteration()\n            raise\n        finally:\n```\n\nI'm a long-time user of Gunicorn, but haven't used Flask very often. I'm guessing that Flask is doing something to have the headers sent back early.\n",
    "comments_inline": [
        {
            "url": "https://api.github.com/repos/pallets/flask/issues/comments/50261926",
            "html_url": "https://github.com/pallets/flask/issues/1115#issuecomment-50261926",
            "issue_url": "https://api.github.com/repos/pallets/flask/issues/1115",
            "id": 50261926,
            "node_id": "MDEyOklzc3VlQ29tbWVudDUwMjYxOTI2",
            "user": {
                "login": "DasIch",
                "id": 182316,
                "node_id": "MDQ6VXNlcjE4MjMxNg==",
                "avatar_url": "https://avatars0.githubusercontent.com/u/182316?v=4",
                "gravatar_id": "",
                "url": "https://api.github.com/users/DasIch",
                "html_url": "https://github.com/DasIch",
                "followers_url": "https://api.github.com/users/DasIch/followers",
                "following_url": "https://api.github.com/users/DasIch/following{/other_user}",
                "gists_url": "https://api.github.com/users/DasIch/gists{/gist_id}",
                "starred_url": "https://api.github.com/users/DasIch/starred{/owner}{/repo}",
                "subscriptions_url": "https://api.github.com/users/DasIch/subscriptions",
                "organizations_url": "https://api.github.com/users/DasIch/orgs",
                "repos_url": "https://api.github.com/users/DasIch/repos",
                "events_url": "https://api.github.com/users/DasIch/events{/privacy}",
                "received_events_url": "https://api.github.com/users/DasIch/received_events",
                "type": "User",
                "site_admin": false
            },
            "created_at": "2014-07-27T11:25:04Z",
            "updated_at": "2014-07-27T11:25:04Z",
            "author_association": "CONTRIBUTOR",
            "body": "This is an issue in gunicorn/gevent.\n"
        }
    ]
}