{
    "url": "https://api.github.com/repos/pallets/flask/issues/1116",
    "repository_url": "https://api.github.com/repos/pallets/flask",
    "labels_url": "https://api.github.com/repos/pallets/flask/issues/1116/labels{/name}",
    "comments_url": "https://api.github.com/repos/pallets/flask/issues/1116/comments",
    "events_url": "https://api.github.com/repos/pallets/flask/issues/1116/events",
    "html_url": "https://github.com/pallets/flask/pull/1116",
    "id": 37755514,
    "node_id": "MDExOlB1bGxSZXF1ZXN0MTgzMjk3NDg=",
    "number": 1116,
    "title": "Update index.html",
    "user": {
        "login": "master-zhuang",
        "id": 5178514,
        "node_id": "MDQ6VXNlcjUxNzg1MTQ=",
        "avatar_url": "https://avatars1.githubusercontent.com/u/5178514?v=4",
        "gravatar_id": "",
        "url": "https://api.github.com/users/master-zhuang",
        "html_url": "https://github.com/master-zhuang",
        "followers_url": "https://api.github.com/users/master-zhuang/followers",
        "following_url": "https://api.github.com/users/master-zhuang/following{/other_user}",
        "gists_url": "https://api.github.com/users/master-zhuang/gists{/gist_id}",
        "starred_url": "https://api.github.com/users/master-zhuang/starred{/owner}{/repo}",
        "subscriptions_url": "https://api.github.com/users/master-zhuang/subscriptions",
        "organizations_url": "https://api.github.com/users/master-zhuang/orgs",
        "repos_url": "https://api.github.com/users/master-zhuang/repos",
        "events_url": "https://api.github.com/users/master-zhuang/events{/privacy}",
        "received_events_url": "https://api.github.com/users/master-zhuang/received_events",
        "type": "User",
        "site_admin": false
    },
    "labels": [],
    "state": "closed",
    "locked": false,
    "assignee": null,
    "assignees": [],
    "milestone": null,
    "comments": 13,
    "created_at": "2014-07-14T02:29:54Z",
    "updated_at": "2014-07-26T09:10:15Z",
    "closed_at": "2014-07-26T09:10:15Z",
    "author_association": "NONE",
    "pull_request": {
        "url": "https://api.github.com/repos/pallets/flask/pulls/1116",
        "html_url": "https://github.com/pallets/flask/pull/1116",
        "diff_url": "https://github.com/pallets/flask/pull/1116.diff",
        "patch_url": "https://github.com/pallets/flask/pull/1116.patch"
    },
    "body": "Corrected two errors on HTML syntax errors\n",
    "comments_inline": [
        {
            "url": "https://api.github.com/repos/pallets/flask/issues/comments/48895882",
            "html_url": "https://github.com/pallets/flask/pull/1116#issuecomment-48895882",
            "issue_url": "https://api.github.com/repos/pallets/flask/issues/1116",
            "id": 48895882,
            "node_id": "MDEyOklzc3VlQ29tbWVudDQ4ODk1ODgy",
            "user": {
                "login": "danielchatfield",
                "id": 1058676,
                "node_id": "MDQ6VXNlcjEwNTg2NzY=",
                "avatar_url": "https://avatars3.githubusercontent.com/u/1058676?v=4",
                "gravatar_id": "",
                "url": "https://api.github.com/users/danielchatfield",
                "html_url": "https://github.com/danielchatfield",
                "followers_url": "https://api.github.com/users/danielchatfield/followers",
                "following_url": "https://api.github.com/users/danielchatfield/following{/other_user}",
                "gists_url": "https://api.github.com/users/danielchatfield/gists{/gist_id}",
                "starred_url": "https://api.github.com/users/danielchatfield/starred{/owner}{/repo}",
                "subscriptions_url": "https://api.github.com/users/danielchatfield/subscriptions",
                "organizations_url": "https://api.github.com/users/danielchatfield/orgs",
                "repos_url": "https://api.github.com/users/danielchatfield/repos",
                "events_url": "https://api.github.com/users/danielchatfield/events{/privacy}",
                "received_events_url": "https://api.github.com/users/danielchatfield/received_events",
                "type": "User",
                "site_admin": false
            },
            "created_at": "2014-07-14T12:54:01Z",
            "updated_at": "2014-07-14T12:54:01Z",
            "author_association": "NONE",
            "body": "The original is valid HTML. Personally I think we should use quotes for attributes and perhaps you could change all the other attributes in this pull request rather than just two of them?\n"
        },
        {
            "url": "https://api.github.com/repos/pallets/flask/issues/comments/48897613",
            "html_url": "https://github.com/pallets/flask/pull/1116#issuecomment-48897613",
            "issue_url": "https://api.github.com/repos/pallets/flask/issues/1116",
            "id": 48897613,
            "node_id": "MDEyOklzc3VlQ29tbWVudDQ4ODk3NjEz",
            "user": {
                "login": "DasIch",
                "id": 182316,
                "node_id": "MDQ6VXNlcjE4MjMxNg==",
                "avatar_url": "https://avatars0.githubusercontent.com/u/182316?v=4",
                "gravatar_id": "",
                "url": "https://api.github.com/users/DasIch",
                "html_url": "https://github.com/DasIch",
                "followers_url": "https://api.github.com/users/DasIch/followers",
                "following_url": "https://api.github.com/users/DasIch/following{/other_user}",
                "gists_url": "https://api.github.com/users/DasIch/gists{/gist_id}",
                "starred_url": "https://api.github.com/users/DasIch/starred{/owner}{/repo}",
                "subscriptions_url": "https://api.github.com/users/DasIch/subscriptions",
                "organizations_url": "https://api.github.com/users/DasIch/orgs",
                "repos_url": "https://api.github.com/users/DasIch/repos",
                "events_url": "https://api.github.com/users/DasIch/events{/privacy}",
                "received_events_url": "https://api.github.com/users/DasIch/received_events",
                "type": "User",
                "site_admin": false
            },
            "created_at": "2014-07-14T13:12:13Z",
            "updated_at": "2014-07-14T13:12:13Z",
            "author_association": "CONTRIBUTOR",
            "body": "The HTML is not just valid, we also consistently use HTML5 features like not using quotes or not closing tags explicitly where that is valid, throughout the project.\n\nThis has the advantage of making HTML much nicer to write and reduces noise when reading it. I don't see any good reason for why that should now change.\n"
        },
        {
            "url": "https://api.github.com/repos/pallets/flask/issues/comments/48897975",
            "html_url": "https://github.com/pallets/flask/pull/1116#issuecomment-48897975",
            "issue_url": "https://api.github.com/repos/pallets/flask/issues/1116",
            "id": 48897975,
            "node_id": "MDEyOklzc3VlQ29tbWVudDQ4ODk3OTc1",
            "user": {
                "login": "danielchatfield",
                "id": 1058676,
                "node_id": "MDQ6VXNlcjEwNTg2NzY=",
                "avatar_url": "https://avatars3.githubusercontent.com/u/1058676?v=4",
                "gravatar_id": "",
                "url": "https://api.github.com/users/danielchatfield",
                "html_url": "https://github.com/danielchatfield",
                "followers_url": "https://api.github.com/users/danielchatfield/followers",
                "following_url": "https://api.github.com/users/danielchatfield/following{/other_user}",
                "gists_url": "https://api.github.com/users/danielchatfield/gists{/gist_id}",
                "starred_url": "https://api.github.com/users/danielchatfield/starred{/owner}{/repo}",
                "subscriptions_url": "https://api.github.com/users/danielchatfield/subscriptions",
                "organizations_url": "https://api.github.com/users/danielchatfield/orgs",
                "repos_url": "https://api.github.com/users/danielchatfield/repos",
                "events_url": "https://api.github.com/users/danielchatfield/events{/privacy}",
                "received_events_url": "https://api.github.com/users/danielchatfield/received_events",
                "type": "User",
                "site_admin": false
            },
            "created_at": "2014-07-14T13:16:12Z",
            "updated_at": "2014-07-14T13:16:12Z",
            "author_association": "NONE",
            "body": "I guess I feel it is like semi colons in javascript - it is still valid without them and looks cleaner and yet convention is to still use them. I very very rarely see html5 that doesn't use quotes (even though they are not required). I don't feel strongly on the matter though.\n"
        },
        {
            "url": "https://api.github.com/repos/pallets/flask/issues/comments/48898046",
            "html_url": "https://github.com/pallets/flask/pull/1116#issuecomment-48898046",
            "issue_url": "https://api.github.com/repos/pallets/flask/issues/1116",
            "id": 48898046,
            "node_id": "MDEyOklzc3VlQ29tbWVudDQ4ODk4MDQ2",
            "user": {
                "login": "untitaker",
                "id": 837573,
                "node_id": "MDQ6VXNlcjgzNzU3Mw==",
                "avatar_url": "https://avatars0.githubusercontent.com/u/837573?v=4",
                "gravatar_id": "",
                "url": "https://api.github.com/users/untitaker",
                "html_url": "https://github.com/untitaker",
                "followers_url": "https://api.github.com/users/untitaker/followers",
                "following_url": "https://api.github.com/users/untitaker/following{/other_user}",
                "gists_url": "https://api.github.com/users/untitaker/gists{/gist_id}",
                "starred_url": "https://api.github.com/users/untitaker/starred{/owner}{/repo}",
                "subscriptions_url": "https://api.github.com/users/untitaker/subscriptions",
                "organizations_url": "https://api.github.com/users/untitaker/orgs",
                "repos_url": "https://api.github.com/users/untitaker/repos",
                "events_url": "https://api.github.com/users/untitaker/events{/privacy}",
                "received_events_url": "https://api.github.com/users/untitaker/received_events",
                "type": "User",
                "site_admin": false
            },
            "created_at": "2014-07-14T13:17:14Z",
            "updated_at": "2014-07-14T13:17:14Z",
            "author_association": "MEMBER",
            "body": "Maybe we should just merge it because it prevents such PRs? I also prefer the \"conservative\" style TBH.\n"
        },
        {
            "url": "https://api.github.com/repos/pallets/flask/issues/comments/48901899",
            "html_url": "https://github.com/pallets/flask/pull/1116#issuecomment-48901899",
            "issue_url": "https://api.github.com/repos/pallets/flask/issues/1116",
            "id": 48901899,
            "node_id": "MDEyOklzc3VlQ29tbWVudDQ4OTAxODk5",
            "user": {
                "login": "DasIch",
                "id": 182316,
                "node_id": "MDQ6VXNlcjE4MjMxNg==",
                "avatar_url": "https://avatars0.githubusercontent.com/u/182316?v=4",
                "gravatar_id": "",
                "url": "https://api.github.com/users/DasIch",
                "html_url": "https://github.com/DasIch",
                "followers_url": "https://api.github.com/users/DasIch/followers",
                "following_url": "https://api.github.com/users/DasIch/following{/other_user}",
                "gists_url": "https://api.github.com/users/DasIch/gists{/gist_id}",
                "starred_url": "https://api.github.com/users/DasIch/starred{/owner}{/repo}",
                "subscriptions_url": "https://api.github.com/users/DasIch/subscriptions",
                "organizations_url": "https://api.github.com/users/DasIch/orgs",
                "repos_url": "https://api.github.com/users/DasIch/repos",
                "events_url": "https://api.github.com/users/DasIch/events{/privacy}",
                "received_events_url": "https://api.github.com/users/DasIch/received_events",
                "type": "User",
                "site_admin": false
            },
            "created_at": "2014-07-14T13:53:02Z",
            "updated_at": "2014-07-14T13:53:02Z",
            "author_association": "CONTRIBUTOR",
            "body": "I prefer no quotes etc. (though not strongly enough to put any effort into arguing that style)  and I don't think merging this PR purely to avoid such PRs is a good idea. \n\nWe should define a style guide for HTML that explains the rules though, even if we come to the decision to always use quotes.\n\nIn any case I would hope we all agree, that being consistent is more important than the question of what style is used. Therefore I don't think that it's a good idea to merge this PR in it's current state.\n\nI would propose we wait a few days, in which whoever cares one way or the other can voice his opinion and after that we remain with the current style or switch depending on which opinion the majority has. \n"
        },
        {
            "url": "https://api.github.com/repos/pallets/flask/issues/comments/48902085",
            "html_url": "https://github.com/pallets/flask/pull/1116#issuecomment-48902085",
            "issue_url": "https://api.github.com/repos/pallets/flask/issues/1116",
            "id": 48902085,
            "node_id": "MDEyOklzc3VlQ29tbWVudDQ4OTAyMDg1",
            "user": {
                "login": "danielchatfield",
                "id": 1058676,
                "node_id": "MDQ6VXNlcjEwNTg2NzY=",
                "avatar_url": "https://avatars3.githubusercontent.com/u/1058676?v=4",
                "gravatar_id": "",
                "url": "https://api.github.com/users/danielchatfield",
                "html_url": "https://github.com/danielchatfield",
                "followers_url": "https://api.github.com/users/danielchatfield/followers",
                "following_url": "https://api.github.com/users/danielchatfield/following{/other_user}",
                "gists_url": "https://api.github.com/users/danielchatfield/gists{/gist_id}",
                "starred_url": "https://api.github.com/users/danielchatfield/starred{/owner}{/repo}",
                "subscriptions_url": "https://api.github.com/users/danielchatfield/subscriptions",
                "organizations_url": "https://api.github.com/users/danielchatfield/orgs",
                "repos_url": "https://api.github.com/users/danielchatfield/repos",
                "events_url": "https://api.github.com/users/danielchatfield/events{/privacy}",
                "received_events_url": "https://api.github.com/users/danielchatfield/received_events",
                "type": "User",
                "site_admin": false
            },
            "created_at": "2014-07-14T13:54:45Z",
            "updated_at": "2014-07-14T13:54:45Z",
            "author_association": "NONE",
            "body": ":+1: \n"
        },
        {
            "url": "https://api.github.com/repos/pallets/flask/issues/comments/49295241",
            "html_url": "https://github.com/pallets/flask/pull/1116#issuecomment-49295241",
            "issue_url": "https://api.github.com/repos/pallets/flask/issues/1116",
            "id": 49295241,
            "node_id": "MDEyOklzc3VlQ29tbWVudDQ5Mjk1MjQx",
            "user": {
                "login": "danieldiekmeier",
                "id": 2098462,
                "node_id": "MDQ6VXNlcjIwOTg0NjI=",
                "avatar_url": "https://avatars2.githubusercontent.com/u/2098462?v=4",
                "gravatar_id": "",
                "url": "https://api.github.com/users/danieldiekmeier",
                "html_url": "https://github.com/danieldiekmeier",
                "followers_url": "https://api.github.com/users/danieldiekmeier/followers",
                "following_url": "https://api.github.com/users/danieldiekmeier/following{/other_user}",
                "gists_url": "https://api.github.com/users/danieldiekmeier/gists{/gist_id}",
                "starred_url": "https://api.github.com/users/danieldiekmeier/starred{/owner}{/repo}",
                "subscriptions_url": "https://api.github.com/users/danieldiekmeier/subscriptions",
                "organizations_url": "https://api.github.com/users/danieldiekmeier/orgs",
                "repos_url": "https://api.github.com/users/danieldiekmeier/repos",
                "events_url": "https://api.github.com/users/danieldiekmeier/events{/privacy}",
                "received_events_url": "https://api.github.com/users/danieldiekmeier/received_events",
                "type": "User",
                "site_admin": false
            },
            "created_at": "2014-07-17T11:30:56Z",
            "updated_at": "2014-07-17T11:30:56Z",
            "author_association": "NONE",
            "body": "I also prefer the conservative style. But I also agree that the change should happen everywhere at the same time. So the [tutorial](http://flask.pocoo.org/docs/tutorial/) should be updated, too.\n"
        },
        {
            "url": "https://api.github.com/repos/pallets/flask/issues/comments/49296383",
            "html_url": "https://github.com/pallets/flask/pull/1116#issuecomment-49296383",
            "issue_url": "https://api.github.com/repos/pallets/flask/issues/1116",
            "id": 49296383,
            "node_id": "MDEyOklzc3VlQ29tbWVudDQ5Mjk2Mzgz",
            "user": {
                "login": "untitaker",
                "id": 837573,
                "node_id": "MDQ6VXNlcjgzNzU3Mw==",
                "avatar_url": "https://avatars0.githubusercontent.com/u/837573?v=4",
                "gravatar_id": "",
                "url": "https://api.github.com/users/untitaker",
                "html_url": "https://github.com/untitaker",
                "followers_url": "https://api.github.com/users/untitaker/followers",
                "following_url": "https://api.github.com/users/untitaker/following{/other_user}",
                "gists_url": "https://api.github.com/users/untitaker/gists{/gist_id}",
                "starred_url": "https://api.github.com/users/untitaker/starred{/owner}{/repo}",
                "subscriptions_url": "https://api.github.com/users/untitaker/subscriptions",
                "organizations_url": "https://api.github.com/users/untitaker/orgs",
                "repos_url": "https://api.github.com/users/untitaker/repos",
                "events_url": "https://api.github.com/users/untitaker/events{/privacy}",
                "received_events_url": "https://api.github.com/users/untitaker/received_events",
                "type": "User",
                "site_admin": false
            },
            "created_at": "2014-07-17T11:44:50Z",
            "updated_at": "2014-07-17T11:45:48Z",
            "author_association": "MEMBER",
            "body": "Maybe we could put style checkers and linters for html and python code into CI to boldly clear any misconceptions.\n"
        },
        {
            "url": "https://api.github.com/repos/pallets/flask/issues/comments/49316363",
            "html_url": "https://github.com/pallets/flask/pull/1116#issuecomment-49316363",
            "issue_url": "https://api.github.com/repos/pallets/flask/issues/1116",
            "id": 49316363,
            "node_id": "MDEyOklzc3VlQ29tbWVudDQ5MzE2MzYz",
            "user": {
                "login": "danielchatfield",
                "id": 1058676,
                "node_id": "MDQ6VXNlcjEwNTg2NzY=",
                "avatar_url": "https://avatars3.githubusercontent.com/u/1058676?v=4",
                "gravatar_id": "",
                "url": "https://api.github.com/users/danielchatfield",
                "html_url": "https://github.com/danielchatfield",
                "followers_url": "https://api.github.com/users/danielchatfield/followers",
                "following_url": "https://api.github.com/users/danielchatfield/following{/other_user}",
                "gists_url": "https://api.github.com/users/danielchatfield/gists{/gist_id}",
                "starred_url": "https://api.github.com/users/danielchatfield/starred{/owner}{/repo}",
                "subscriptions_url": "https://api.github.com/users/danielchatfield/subscriptions",
                "organizations_url": "https://api.github.com/users/danielchatfield/orgs",
                "repos_url": "https://api.github.com/users/danielchatfield/repos",
                "events_url": "https://api.github.com/users/danielchatfield/events{/privacy}",
                "received_events_url": "https://api.github.com/users/danielchatfield/received_events",
                "type": "User",
                "site_admin": false
            },
            "created_at": "2014-07-17T14:45:25Z",
            "updated_at": "2014-07-17T14:45:25Z",
            "author_association": "NONE",
            "body": "Also for consideration, as per the security docs attributes that use jinja variables should be quoted: http://flask.pocoo.org/docs/security/ \n"
        },
        {
            "url": "https://api.github.com/repos/pallets/flask/issues/comments/49552281",
            "html_url": "https://github.com/pallets/flask/pull/1116#issuecomment-49552281",
            "issue_url": "https://api.github.com/repos/pallets/flask/issues/1116",
            "id": 49552281,
            "node_id": "MDEyOklzc3VlQ29tbWVudDQ5NTUyMjgx",
            "user": {
                "login": "DasIch",
                "id": 182316,
                "node_id": "MDQ6VXNlcjE4MjMxNg==",
                "avatar_url": "https://avatars0.githubusercontent.com/u/182316?v=4",
                "gravatar_id": "",
                "url": "https://api.github.com/users/DasIch",
                "html_url": "https://github.com/DasIch",
                "followers_url": "https://api.github.com/users/DasIch/followers",
                "following_url": "https://api.github.com/users/DasIch/following{/other_user}",
                "gists_url": "https://api.github.com/users/DasIch/gists{/gist_id}",
                "starred_url": "https://api.github.com/users/DasIch/starred{/owner}{/repo}",
                "subscriptions_url": "https://api.github.com/users/DasIch/subscriptions",
                "organizations_url": "https://api.github.com/users/DasIch/orgs",
                "repos_url": "https://api.github.com/users/DasIch/repos",
                "events_url": "https://api.github.com/users/DasIch/events{/privacy}",
                "received_events_url": "https://api.github.com/users/DasIch/received_events",
                "type": "User",
                "site_admin": false
            },
            "created_at": "2014-07-20T16:49:56Z",
            "updated_at": "2014-07-20T16:49:56Z",
            "author_association": "CONTRIBUTOR",
            "body": "Ok, I think the majority prefers the more conservative option of always using quotes. I probably won't get around to implementing that myself but I will merge a PR that makes that change everywhere.\n"
        },
        {
            "url": "https://api.github.com/repos/pallets/flask/issues/comments/49553145",
            "html_url": "https://github.com/pallets/flask/pull/1116#issuecomment-49553145",
            "issue_url": "https://api.github.com/repos/pallets/flask/issues/1116",
            "id": 49553145,
            "node_id": "MDEyOklzc3VlQ29tbWVudDQ5NTUzMTQ1",
            "user": {
                "login": "untitaker",
                "id": 837573,
                "node_id": "MDQ6VXNlcjgzNzU3Mw==",
                "avatar_url": "https://avatars0.githubusercontent.com/u/837573?v=4",
                "gravatar_id": "",
                "url": "https://api.github.com/users/untitaker",
                "html_url": "https://github.com/untitaker",
                "followers_url": "https://api.github.com/users/untitaker/followers",
                "following_url": "https://api.github.com/users/untitaker/following{/other_user}",
                "gists_url": "https://api.github.com/users/untitaker/gists{/gist_id}",
                "starred_url": "https://api.github.com/users/untitaker/starred{/owner}{/repo}",
                "subscriptions_url": "https://api.github.com/users/untitaker/subscriptions",
                "organizations_url": "https://api.github.com/users/untitaker/orgs",
                "repos_url": "https://api.github.com/users/untitaker/repos",
                "events_url": "https://api.github.com/users/untitaker/events{/privacy}",
                "received_events_url": "https://api.github.com/users/untitaker/received_events",
                "type": "User",
                "site_admin": false
            },
            "created_at": "2014-07-20T17:20:35Z",
            "updated_at": "2014-07-20T17:20:48Z",
            "author_association": "MEMBER",
            "body": "I don't think anybody would care enough to update the whole codebase on their own, rather we should merge small PRs like this and maybe formalize the style rules for HTML. Unfortunately there doesn't seem to exist a configurable enough HTML style checker for this purpose.\n"
        },
        {
            "url": "https://api.github.com/repos/pallets/flask/issues/comments/49553182",
            "html_url": "https://github.com/pallets/flask/pull/1116#issuecomment-49553182",
            "issue_url": "https://api.github.com/repos/pallets/flask/issues/1116",
            "id": 49553182,
            "node_id": "MDEyOklzc3VlQ29tbWVudDQ5NTUzMTgy",
            "user": {
                "login": "danielchatfield",
                "id": 1058676,
                "node_id": "MDQ6VXNlcjEwNTg2NzY=",
                "avatar_url": "https://avatars3.githubusercontent.com/u/1058676?v=4",
                "gravatar_id": "",
                "url": "https://api.github.com/users/danielchatfield",
                "html_url": "https://github.com/danielchatfield",
                "followers_url": "https://api.github.com/users/danielchatfield/followers",
                "following_url": "https://api.github.com/users/danielchatfield/following{/other_user}",
                "gists_url": "https://api.github.com/users/danielchatfield/gists{/gist_id}",
                "starred_url": "https://api.github.com/users/danielchatfield/starred{/owner}{/repo}",
                "subscriptions_url": "https://api.github.com/users/danielchatfield/subscriptions",
                "organizations_url": "https://api.github.com/users/danielchatfield/orgs",
                "repos_url": "https://api.github.com/users/danielchatfield/repos",
                "events_url": "https://api.github.com/users/danielchatfield/events{/privacy}",
                "received_events_url": "https://api.github.com/users/danielchatfield/received_events",
                "type": "User",
                "site_admin": false
            },
            "created_at": "2014-07-20T17:22:01Z",
            "updated_at": "2014-07-20T17:22:01Z",
            "author_association": "NONE",
            "body": "I'm happy to update the whole codebase\n"
        },
        {
            "url": "https://api.github.com/repos/pallets/flask/issues/comments/50229055",
            "html_url": "https://github.com/pallets/flask/pull/1116#issuecomment-50229055",
            "issue_url": "https://api.github.com/repos/pallets/flask/issues/1116",
            "id": 50229055,
            "node_id": "MDEyOklzc3VlQ29tbWVudDUwMjI5MDU1",
            "user": {
                "login": "DasIch",
                "id": 182316,
                "node_id": "MDQ6VXNlcjE4MjMxNg==",
                "avatar_url": "https://avatars0.githubusercontent.com/u/182316?v=4",
                "gravatar_id": "",
                "url": "https://api.github.com/users/DasIch",
                "html_url": "https://github.com/DasIch",
                "followers_url": "https://api.github.com/users/DasIch/followers",
                "following_url": "https://api.github.com/users/DasIch/following{/other_user}",
                "gists_url": "https://api.github.com/users/DasIch/gists{/gist_id}",
                "starred_url": "https://api.github.com/users/DasIch/starred{/owner}{/repo}",
                "subscriptions_url": "https://api.github.com/users/DasIch/subscriptions",
                "organizations_url": "https://api.github.com/users/DasIch/orgs",
                "repos_url": "https://api.github.com/users/DasIch/repos",
                "events_url": "https://api.github.com/users/DasIch/events{/privacy}",
                "received_events_url": "https://api.github.com/users/DasIch/received_events",
                "type": "User",
                "site_admin": false
            },
            "created_at": "2014-07-26T09:10:15Z",
            "updated_at": "2014-07-26T09:10:15Z",
            "author_association": "CONTRIBUTOR",
            "body": "I created #1134 so that whoever is going to do the update doesn't have to wade through this entire discussion and because the title of this issue does not actually tell you what it's actually about.\n"
        }
    ]
}