{
    "url": "https://api.github.com/repos/pallets/flask/issues/1117",
    "repository_url": "https://api.github.com/repos/pallets/flask",
    "labels_url": "https://api.github.com/repos/pallets/flask/issues/1117/labels{/name}",
    "comments_url": "https://api.github.com/repos/pallets/flask/issues/1117/comments",
    "events_url": "https://api.github.com/repos/pallets/flask/issues/1117/events",
    "html_url": "https://github.com/pallets/flask/pull/1117",
    "id": 37772889,
    "node_id": "MDExOlB1bGxSZXF1ZXN0MTgzMzk4NzU=",
    "number": 1117,
    "title": "Fix some typos",
    "user": {
        "login": "lord63",
        "id": 5268051,
        "node_id": "MDQ6VXNlcjUyNjgwNTE=",
        "avatar_url": "https://avatars0.githubusercontent.com/u/5268051?v=4",
        "gravatar_id": "",
        "url": "https://api.github.com/users/lord63",
        "html_url": "https://github.com/lord63",
        "followers_url": "https://api.github.com/users/lord63/followers",
        "following_url": "https://api.github.com/users/lord63/following{/other_user}",
        "gists_url": "https://api.github.com/users/lord63/gists{/gist_id}",
        "starred_url": "https://api.github.com/users/lord63/starred{/owner}{/repo}",
        "subscriptions_url": "https://api.github.com/users/lord63/subscriptions",
        "organizations_url": "https://api.github.com/users/lord63/orgs",
        "repos_url": "https://api.github.com/users/lord63/repos",
        "events_url": "https://api.github.com/users/lord63/events{/privacy}",
        "received_events_url": "https://api.github.com/users/lord63/received_events",
        "type": "User",
        "site_admin": false
    },
    "labels": [],
    "state": "closed",
    "locked": false,
    "assignee": null,
    "assignees": [],
    "milestone": null,
    "comments": 6,
    "created_at": "2014-07-14T09:56:00Z",
    "updated_at": "2018-10-23T17:43:19Z",
    "closed_at": "2014-07-26T15:26:31Z",
    "author_association": "CONTRIBUTOR",
    "pull_request": {
        "url": "https://api.github.com/repos/pallets/flask/pulls/1117",
        "html_url": "https://github.com/pallets/flask/pull/1117",
        "diff_url": "https://github.com/pallets/flask/pull/1117.diff",
        "patch_url": "https://github.com/pallets/flask/pull/1117.patch"
    },
    "body": "",
    "comments_inline": [
        {
            "url": "https://api.github.com/repos/pallets/flask/issues/comments/50228132",
            "html_url": "https://github.com/pallets/flask/pull/1117#issuecomment-50228132",
            "issue_url": "https://api.github.com/repos/pallets/flask/issues/1117",
            "id": 50228132,
            "node_id": "MDEyOklzc3VlQ29tbWVudDUwMjI4MTMy",
            "user": {
                "login": "DasIch",
                "id": 182316,
                "node_id": "MDQ6VXNlcjE4MjMxNg==",
                "avatar_url": "https://avatars0.githubusercontent.com/u/182316?v=4",
                "gravatar_id": "",
                "url": "https://api.github.com/users/DasIch",
                "html_url": "https://github.com/DasIch",
                "followers_url": "https://api.github.com/users/DasIch/followers",
                "following_url": "https://api.github.com/users/DasIch/following{/other_user}",
                "gists_url": "https://api.github.com/users/DasIch/gists{/gist_id}",
                "starred_url": "https://api.github.com/users/DasIch/starred{/owner}{/repo}",
                "subscriptions_url": "https://api.github.com/users/DasIch/subscriptions",
                "organizations_url": "https://api.github.com/users/DasIch/orgs",
                "repos_url": "https://api.github.com/users/DasIch/repos",
                "events_url": "https://api.github.com/users/DasIch/events{/privacy}",
                "received_events_url": "https://api.github.com/users/DasIch/received_events",
                "type": "User",
                "site_admin": false
            },
            "created_at": "2014-07-26T08:45:58Z",
            "updated_at": "2014-07-26T08:45:58Z",
            "author_association": "CONTRIBUTOR",
            "body": "Looks fine apart from the couple of issues @danielchatfield already commented on. Please fix them and I will merge it then.\n"
        },
        {
            "url": "https://api.github.com/repos/pallets/flask/issues/comments/50232744",
            "html_url": "https://github.com/pallets/flask/pull/1117#issuecomment-50232744",
            "issue_url": "https://api.github.com/repos/pallets/flask/issues/1117",
            "id": 50232744,
            "node_id": "MDEyOklzc3VlQ29tbWVudDUwMjMyNzQ0",
            "user": {
                "login": "lord63",
                "id": 5268051,
                "node_id": "MDQ6VXNlcjUyNjgwNTE=",
                "avatar_url": "https://avatars0.githubusercontent.com/u/5268051?v=4",
                "gravatar_id": "",
                "url": "https://api.github.com/users/lord63",
                "html_url": "https://github.com/lord63",
                "followers_url": "https://api.github.com/users/lord63/followers",
                "following_url": "https://api.github.com/users/lord63/following{/other_user}",
                "gists_url": "https://api.github.com/users/lord63/gists{/gist_id}",
                "starred_url": "https://api.github.com/users/lord63/starred{/owner}{/repo}",
                "subscriptions_url": "https://api.github.com/users/lord63/subscriptions",
                "organizations_url": "https://api.github.com/users/lord63/orgs",
                "repos_url": "https://api.github.com/users/lord63/repos",
                "events_url": "https://api.github.com/users/lord63/events{/privacy}",
                "received_events_url": "https://api.github.com/users/lord63/received_events",
                "type": "User",
                "site_admin": false
            },
            "created_at": "2014-07-26T12:27:13Z",
            "updated_at": "2014-07-26T12:27:13Z",
            "author_association": "CONTRIBUTOR",
            "body": "@DasIch Hi, I've fixed them. Please have a check , and sorry for my trouble.\n"
        },
        {
            "url": "https://api.github.com/repos/pallets/flask/issues/comments/50235457",
            "html_url": "https://github.com/pallets/flask/pull/1117#issuecomment-50235457",
            "issue_url": "https://api.github.com/repos/pallets/flask/issues/1117",
            "id": 50235457,
            "node_id": "MDEyOklzc3VlQ29tbWVudDUwMjM1NDU3",
            "user": {
                "login": "danielchatfield",
                "id": 1058676,
                "node_id": "MDQ6VXNlcjEwNTg2NzY=",
                "avatar_url": "https://avatars3.githubusercontent.com/u/1058676?v=4",
                "gravatar_id": "",
                "url": "https://api.github.com/users/danielchatfield",
                "html_url": "https://github.com/danielchatfield",
                "followers_url": "https://api.github.com/users/danielchatfield/followers",
                "following_url": "https://api.github.com/users/danielchatfield/following{/other_user}",
                "gists_url": "https://api.github.com/users/danielchatfield/gists{/gist_id}",
                "starred_url": "https://api.github.com/users/danielchatfield/starred{/owner}{/repo}",
                "subscriptions_url": "https://api.github.com/users/danielchatfield/subscriptions",
                "organizations_url": "https://api.github.com/users/danielchatfield/orgs",
                "repos_url": "https://api.github.com/users/danielchatfield/repos",
                "events_url": "https://api.github.com/users/danielchatfield/events{/privacy}",
                "received_events_url": "https://api.github.com/users/danielchatfield/received_events",
                "type": "User",
                "site_admin": false
            },
            "created_at": "2014-07-26T14:24:28Z",
            "updated_at": "2014-07-26T14:24:28Z",
            "author_association": "NONE",
            "body": "Still need one change.\n"
        },
        {
            "url": "https://api.github.com/repos/pallets/flask/issues/comments/50235659",
            "html_url": "https://github.com/pallets/flask/pull/1117#issuecomment-50235659",
            "issue_url": "https://api.github.com/repos/pallets/flask/issues/1117",
            "id": 50235659,
            "node_id": "MDEyOklzc3VlQ29tbWVudDUwMjM1NjU5",
            "user": {
                "login": "lord63",
                "id": 5268051,
                "node_id": "MDQ6VXNlcjUyNjgwNTE=",
                "avatar_url": "https://avatars0.githubusercontent.com/u/5268051?v=4",
                "gravatar_id": "",
                "url": "https://api.github.com/users/lord63",
                "html_url": "https://github.com/lord63",
                "followers_url": "https://api.github.com/users/lord63/followers",
                "following_url": "https://api.github.com/users/lord63/following{/other_user}",
                "gists_url": "https://api.github.com/users/lord63/gists{/gist_id}",
                "starred_url": "https://api.github.com/users/lord63/starred{/owner}{/repo}",
                "subscriptions_url": "https://api.github.com/users/lord63/subscriptions",
                "organizations_url": "https://api.github.com/users/lord63/orgs",
                "repos_url": "https://api.github.com/users/lord63/repos",
                "events_url": "https://api.github.com/users/lord63/events{/privacy}",
                "received_events_url": "https://api.github.com/users/lord63/received_events",
                "type": "User",
                "site_admin": false
            },
            "created_at": "2014-07-26T14:32:38Z",
            "updated_at": "2014-07-26T14:32:38Z",
            "author_association": "CONTRIBUTOR",
            "body": "@danielchatfield  where\uff1f\n"
        },
        {
            "url": "https://api.github.com/repos/pallets/flask/issues/comments/50235689",
            "html_url": "https://github.com/pallets/flask/pull/1117#issuecomment-50235689",
            "issue_url": "https://api.github.com/repos/pallets/flask/issues/1117",
            "id": 50235689,
            "node_id": "MDEyOklzc3VlQ29tbWVudDUwMjM1Njg5",
            "user": {
                "login": "danielchatfield",
                "id": 1058676,
                "node_id": "MDQ6VXNlcjEwNTg2NzY=",
                "avatar_url": "https://avatars3.githubusercontent.com/u/1058676?v=4",
                "gravatar_id": "",
                "url": "https://api.github.com/users/danielchatfield",
                "html_url": "https://github.com/danielchatfield",
                "followers_url": "https://api.github.com/users/danielchatfield/followers",
                "following_url": "https://api.github.com/users/danielchatfield/following{/other_user}",
                "gists_url": "https://api.github.com/users/danielchatfield/gists{/gist_id}",
                "starred_url": "https://api.github.com/users/danielchatfield/starred{/owner}{/repo}",
                "subscriptions_url": "https://api.github.com/users/danielchatfield/subscriptions",
                "organizations_url": "https://api.github.com/users/danielchatfield/orgs",
                "repos_url": "https://api.github.com/users/danielchatfield/repos",
                "events_url": "https://api.github.com/users/danielchatfield/events{/privacy}",
                "received_events_url": "https://api.github.com/users/danielchatfield/received_events",
                "type": "User",
                "site_admin": false
            },
            "created_at": "2014-07-26T14:33:52Z",
            "updated_at": "2014-07-26T14:33:52Z",
            "author_association": "NONE",
            "body": "https://github.com/mitsuhiko/flask/pull/1117/files#r15434017\n"
        },
        {
            "url": "https://api.github.com/repos/pallets/flask/issues/comments/50236028",
            "html_url": "https://github.com/pallets/flask/pull/1117#issuecomment-50236028",
            "issue_url": "https://api.github.com/repos/pallets/flask/issues/1117",
            "id": 50236028,
            "node_id": "MDEyOklzc3VlQ29tbWVudDUwMjM2MDI4",
            "user": {
                "login": "lord63",
                "id": 5268051,
                "node_id": "MDQ6VXNlcjUyNjgwNTE=",
                "avatar_url": "https://avatars0.githubusercontent.com/u/5268051?v=4",
                "gravatar_id": "",
                "url": "https://api.github.com/users/lord63",
                "html_url": "https://github.com/lord63",
                "followers_url": "https://api.github.com/users/lord63/followers",
                "following_url": "https://api.github.com/users/lord63/following{/other_user}",
                "gists_url": "https://api.github.com/users/lord63/gists{/gist_id}",
                "starred_url": "https://api.github.com/users/lord63/starred{/owner}{/repo}",
                "subscriptions_url": "https://api.github.com/users/lord63/subscriptions",
                "organizations_url": "https://api.github.com/users/lord63/orgs",
                "repos_url": "https://api.github.com/users/lord63/repos",
                "events_url": "https://api.github.com/users/lord63/events{/privacy}",
                "received_events_url": "https://api.github.com/users/lord63/received_events",
                "type": "User",
                "site_admin": false
            },
            "created_at": "2014-07-26T14:46:34Z",
            "updated_at": "2014-07-26T14:46:34Z",
            "author_association": "CONTRIBUTOR",
            "body": "@danielchatfield  Thanks.\n"
        }
    ]
}