{
    "url": "https://api.github.com/repos/pallets/flask/issues/112",
    "repository_url": "https://api.github.com/repos/pallets/flask",
    "labels_url": "https://api.github.com/repos/pallets/flask/issues/112/labels{/name}",
    "comments_url": "https://api.github.com/repos/pallets/flask/issues/112/comments",
    "events_url": "https://api.github.com/repos/pallets/flask/issues/112/events",
    "html_url": "https://github.com/pallets/flask/pull/112",
    "id": 297088,
    "node_id": "MDExOlB1bGxSZXF1ZXN0NTQx",
    "number": 112,
    "title": "JSONP",
    "user": {
        "login": "ghost",
        "id": 10137,
        "node_id": "MDQ6VXNlcjEwMTM3",
        "avatar_url": "https://avatars3.githubusercontent.com/u/10137?v=4",
        "gravatar_id": "",
        "url": "https://api.github.com/users/ghost",
        "html_url": "https://github.com/ghost",
        "followers_url": "https://api.github.com/users/ghost/followers",
        "following_url": "https://api.github.com/users/ghost/following{/other_user}",
        "gists_url": "https://api.github.com/users/ghost/gists{/gist_id}",
        "starred_url": "https://api.github.com/users/ghost/starred{/owner}{/repo}",
        "subscriptions_url": "https://api.github.com/users/ghost/subscriptions",
        "organizations_url": "https://api.github.com/users/ghost/orgs",
        "repos_url": "https://api.github.com/users/ghost/repos",
        "events_url": "https://api.github.com/users/ghost/events{/privacy}",
        "received_events_url": "https://api.github.com/users/ghost/received_events",
        "type": "User",
        "site_admin": false
    },
    "labels": [],
    "state": "closed",
    "locked": false,
    "assignee": null,
    "assignees": [],
    "milestone": null,
    "comments": 14,
    "created_at": "2010-09-01T03:05:43Z",
    "updated_at": "2014-06-12T05:17:08Z",
    "closed_at": "2012-03-14T00:19:24Z",
    "author_association": "NONE",
    "pull_request": {
        "url": "https://api.github.com/repos/pallets/flask/pulls/112",
        "html_url": "https://github.com/pallets/flask/pull/112",
        "diff_url": "https://github.com/pallets/flask/pull/112.diff",
        "patch_url": "https://github.com/pallets/flask/pull/112.patch"
    },
    "body": "If you are interested, I added a function to return padded JSON. I needed it for a project I'm working on and it seemed like the easiest thing to do was add the six lines of code into Flask.\n\nThanks for the awesome framework.\n\nTom\n",
    "comments_inline": [
        {
            "url": "https://api.github.com/repos/pallets/flask/issues/comments/382640",
            "html_url": "https://github.com/pallets/flask/pull/112#issuecomment-382640",
            "issue_url": "https://api.github.com/repos/pallets/flask/issues/112",
            "id": 382640,
            "node_id": "MDEyOklzc3VlQ29tbWVudDM4MjY0MA==",
            "user": {
                "login": "mitsuhiko",
                "id": 7396,
                "node_id": "MDQ6VXNlcjczOTY=",
                "avatar_url": "https://avatars1.githubusercontent.com/u/7396?v=4",
                "gravatar_id": "",
                "url": "https://api.github.com/users/mitsuhiko",
                "html_url": "https://github.com/mitsuhiko",
                "followers_url": "https://api.github.com/users/mitsuhiko/followers",
                "following_url": "https://api.github.com/users/mitsuhiko/following{/other_user}",
                "gists_url": "https://api.github.com/users/mitsuhiko/gists{/gist_id}",
                "starred_url": "https://api.github.com/users/mitsuhiko/starred{/owner}{/repo}",
                "subscriptions_url": "https://api.github.com/users/mitsuhiko/subscriptions",
                "organizations_url": "https://api.github.com/users/mitsuhiko/orgs",
                "repos_url": "https://api.github.com/users/mitsuhiko/repos",
                "events_url": "https://api.github.com/users/mitsuhiko/events{/privacy}",
                "received_events_url": "https://api.github.com/users/mitsuhiko/received_events",
                "type": "User",
                "site_admin": false
            },
            "created_at": "2010-09-01T11:21:36Z",
            "updated_at": "2010-09-01T11:21:36Z",
            "author_association": "MEMBER",
            "body": "That does look interesting, but where is callback coming from? Also, it would need unittests and an import in the **init** file.\n"
        },
        {
            "url": "https://api.github.com/repos/pallets/flask/issues/comments/383274",
            "html_url": "https://github.com/pallets/flask/pull/112#issuecomment-383274",
            "issue_url": "https://api.github.com/repos/pallets/flask/issues/112",
            "id": 383274,
            "node_id": "MDEyOklzc3VlQ29tbWVudDM4MzI3NA==",
            "user": {
                "login": "ghost",
                "id": 10137,
                "node_id": "MDQ6VXNlcjEwMTM3",
                "avatar_url": "https://avatars3.githubusercontent.com/u/10137?v=4",
                "gravatar_id": "",
                "url": "https://api.github.com/users/ghost",
                "html_url": "https://github.com/ghost",
                "followers_url": "https://api.github.com/users/ghost/followers",
                "following_url": "https://api.github.com/users/ghost/following{/other_user}",
                "gists_url": "https://api.github.com/users/ghost/gists{/gist_id}",
                "starred_url": "https://api.github.com/users/ghost/starred{/owner}{/repo}",
                "subscriptions_url": "https://api.github.com/users/ghost/subscriptions",
                "organizations_url": "https://api.github.com/users/ghost/orgs",
                "repos_url": "https://api.github.com/users/ghost/repos",
                "events_url": "https://api.github.com/users/ghost/events{/privacy}",
                "received_events_url": "https://api.github.com/users/ghost/received_events",
                "type": "User",
                "site_admin": false
            },
            "created_at": "2010-09-01T16:03:06Z",
            "updated_at": "2010-09-01T16:03:06Z",
            "author_association": "NONE",
            "body": "The import in the init file is there. The callback is generated on the client side, so whatever function wants to generate the JSONP would have to get it from the client and provide it to the jsonify function. I can add a usage example when I get home from work.\n\nI'll look through your unit tests and write one for this function.\n\nThanks for taking a look.\n"
        },
        {
            "url": "https://api.github.com/repos/pallets/flask/issues/comments/618181",
            "html_url": "https://github.com/pallets/flask/pull/112#issuecomment-618181",
            "issue_url": "https://api.github.com/repos/pallets/flask/issues/112",
            "id": 618181,
            "node_id": "MDEyOklzc3VlQ29tbWVudDYxODE4MQ==",
            "user": {
                "login": "galvez",
                "id": 12291,
                "node_id": "MDQ6VXNlcjEyMjkx",
                "avatar_url": "https://avatars1.githubusercontent.com/u/12291?v=4",
                "gravatar_id": "",
                "url": "https://api.github.com/users/galvez",
                "html_url": "https://github.com/galvez",
                "followers_url": "https://api.github.com/users/galvez/followers",
                "following_url": "https://api.github.com/users/galvez/following{/other_user}",
                "gists_url": "https://api.github.com/users/galvez/gists{/gist_id}",
                "starred_url": "https://api.github.com/users/galvez/starred{/owner}{/repo}",
                "subscriptions_url": "https://api.github.com/users/galvez/subscriptions",
                "organizations_url": "https://api.github.com/users/galvez/orgs",
                "repos_url": "https://api.github.com/users/galvez/repos",
                "events_url": "https://api.github.com/users/galvez/events{/privacy}",
                "received_events_url": "https://api.github.com/users/galvez/received_events",
                "type": "User",
                "site_admin": false
            },
            "created_at": "2010-12-17T07:54:59Z",
            "updated_at": "2010-12-17T07:54:59Z",
            "author_association": "NONE",
            "body": "+1 on this. Would play well with jQuery's getJSON() function (which uses JSONP if you add a \"?callback=?\" to the end of the URL (you can guess how this works... :))\n"
        },
        {
            "url": "https://api.github.com/repos/pallets/flask/issues/comments/620332",
            "html_url": "https://github.com/pallets/flask/pull/112#issuecomment-620332",
            "issue_url": "https://api.github.com/repos/pallets/flask/issues/112",
            "id": 620332,
            "node_id": "MDEyOklzc3VlQ29tbWVudDYyMDMzMg==",
            "user": {
                "login": "ghost",
                "id": 10137,
                "node_id": "MDQ6VXNlcjEwMTM3",
                "avatar_url": "https://avatars3.githubusercontent.com/u/10137?v=4",
                "gravatar_id": "",
                "url": "https://api.github.com/users/ghost",
                "html_url": "https://github.com/ghost",
                "followers_url": "https://api.github.com/users/ghost/followers",
                "following_url": "https://api.github.com/users/ghost/following{/other_user}",
                "gists_url": "https://api.github.com/users/ghost/gists{/gist_id}",
                "starred_url": "https://api.github.com/users/ghost/starred{/owner}{/repo}",
                "subscriptions_url": "https://api.github.com/users/ghost/subscriptions",
                "organizations_url": "https://api.github.com/users/ghost/orgs",
                "repos_url": "https://api.github.com/users/ghost/repos",
                "events_url": "https://api.github.com/users/ghost/events{/privacy}",
                "received_events_url": "https://api.github.com/users/ghost/received_events",
                "type": "User",
                "site_admin": false
            },
            "created_at": "2010-12-18T07:58:06Z",
            "updated_at": "2010-12-18T07:58:06Z",
            "author_association": "NONE",
            "body": "I'll try to get on writing some unit tests.\n"
        },
        {
            "url": "https://api.github.com/repos/pallets/flask/issues/comments/650978",
            "html_url": "https://github.com/pallets/flask/pull/112#issuecomment-650978",
            "issue_url": "https://api.github.com/repos/pallets/flask/issues/112",
            "id": 650978,
            "node_id": "MDEyOklzc3VlQ29tbWVudDY1MDk3OA==",
            "user": {
                "login": "subtlepath",
                "id": 314091,
                "node_id": "MDQ6VXNlcjMxNDA5MQ==",
                "avatar_url": "https://avatars1.githubusercontent.com/u/314091?v=4",
                "gravatar_id": "",
                "url": "https://api.github.com/users/subtlepath",
                "html_url": "https://github.com/subtlepath",
                "followers_url": "https://api.github.com/users/subtlepath/followers",
                "following_url": "https://api.github.com/users/subtlepath/following{/other_user}",
                "gists_url": "https://api.github.com/users/subtlepath/gists{/gist_id}",
                "starred_url": "https://api.github.com/users/subtlepath/starred{/owner}{/repo}",
                "subscriptions_url": "https://api.github.com/users/subtlepath/subscriptions",
                "organizations_url": "https://api.github.com/users/subtlepath/orgs",
                "repos_url": "https://api.github.com/users/subtlepath/repos",
                "events_url": "https://api.github.com/users/subtlepath/events{/privacy}",
                "received_events_url": "https://api.github.com/users/subtlepath/received_events",
                "type": "User",
                "site_admin": false
            },
            "created_at": "2011-01-04T00:13:22Z",
            "updated_at": "2011-01-04T00:13:22Z",
            "author_association": "NONE",
            "body": "JSONP should be returned with MIME type 'text/javascript', not 'application/json'.\n"
        },
        {
            "url": "https://api.github.com/repos/pallets/flask/issues/comments/1050643",
            "html_url": "https://github.com/pallets/flask/pull/112#issuecomment-1050643",
            "issue_url": "https://api.github.com/repos/pallets/flask/issues/112",
            "id": 1050643,
            "node_id": "MDEyOklzc3VlQ29tbWVudDEwNTA2NDM=",
            "user": {
                "login": "y3i12",
                "id": 539408,
                "node_id": "MDQ6VXNlcjUzOTQwOA==",
                "avatar_url": "https://avatars3.githubusercontent.com/u/539408?v=4",
                "gravatar_id": "",
                "url": "https://api.github.com/users/y3i12",
                "html_url": "https://github.com/y3i12",
                "followers_url": "https://api.github.com/users/y3i12/followers",
                "following_url": "https://api.github.com/users/y3i12/following{/other_user}",
                "gists_url": "https://api.github.com/users/y3i12/gists{/gist_id}",
                "starred_url": "https://api.github.com/users/y3i12/starred{/owner}{/repo}",
                "subscriptions_url": "https://api.github.com/users/y3i12/subscriptions",
                "organizations_url": "https://api.github.com/users/y3i12/orgs",
                "repos_url": "https://api.github.com/users/y3i12/repos",
                "events_url": "https://api.github.com/users/y3i12/events{/privacy}",
                "received_events_url": "https://api.github.com/users/y3i12/received_events",
                "type": "User",
                "site_admin": false
            },
            "created_at": "2011-04-24T19:22:29Z",
            "updated_at": "2011-04-24T19:22:29Z",
            "author_association": "NONE",
            "body": "Ok, it works and it would be an amazing feature to work with jQuery.\nJust found a little error on return generation:\ncontent = str(request.args['callback']) + '(' + json.dumps(dict(_args, *_kwargs)) + ')'\n"
        },
        {
            "url": "https://api.github.com/repos/pallets/flask/issues/comments/2304151",
            "html_url": "https://github.com/pallets/flask/pull/112#issuecomment-2304151",
            "issue_url": "https://api.github.com/repos/pallets/flask/issues/112",
            "id": 2304151,
            "node_id": "MDEyOklzc3VlQ29tbWVudDIzMDQxNTE=",
            "user": {
                "login": "robbiet480",
                "id": 18516,
                "node_id": "MDQ6VXNlcjE4NTE2",
                "avatar_url": "https://avatars2.githubusercontent.com/u/18516?v=4",
                "gravatar_id": "",
                "url": "https://api.github.com/users/robbiet480",
                "html_url": "https://github.com/robbiet480",
                "followers_url": "https://api.github.com/users/robbiet480/followers",
                "following_url": "https://api.github.com/users/robbiet480/following{/other_user}",
                "gists_url": "https://api.github.com/users/robbiet480/gists{/gist_id}",
                "starred_url": "https://api.github.com/users/robbiet480/starred{/owner}{/repo}",
                "subscriptions_url": "https://api.github.com/users/robbiet480/subscriptions",
                "organizations_url": "https://api.github.com/users/robbiet480/orgs",
                "repos_url": "https://api.github.com/users/robbiet480/repos",
                "events_url": "https://api.github.com/users/robbiet480/events{/privacy}",
                "received_events_url": "https://api.github.com/users/robbiet480/received_events",
                "type": "User",
                "site_admin": false
            },
            "created_at": "2011-10-05T22:15:49Z",
            "updated_at": "2011-10-05T22:15:49Z",
            "author_association": "NONE",
            "body": "+1. This would be a most useful feature to add.\n"
        },
        {
            "url": "https://api.github.com/repos/pallets/flask/issues/comments/2308644",
            "html_url": "https://github.com/pallets/flask/pull/112#issuecomment-2308644",
            "issue_url": "https://api.github.com/repos/pallets/flask/issues/112",
            "id": 2308644,
            "node_id": "MDEyOklzc3VlQ29tbWVudDIzMDg2NDQ=",
            "user": {
                "login": "jokull",
                "id": 701,
                "node_id": "MDQ6VXNlcjcwMQ==",
                "avatar_url": "https://avatars2.githubusercontent.com/u/701?v=4",
                "gravatar_id": "",
                "url": "https://api.github.com/users/jokull",
                "html_url": "https://github.com/jokull",
                "followers_url": "https://api.github.com/users/jokull/followers",
                "following_url": "https://api.github.com/users/jokull/following{/other_user}",
                "gists_url": "https://api.github.com/users/jokull/gists{/gist_id}",
                "starred_url": "https://api.github.com/users/jokull/starred{/owner}{/repo}",
                "subscriptions_url": "https://api.github.com/users/jokull/subscriptions",
                "organizations_url": "https://api.github.com/users/jokull/orgs",
                "repos_url": "https://api.github.com/users/jokull/repos",
                "events_url": "https://api.github.com/users/jokull/events{/privacy}",
                "received_events_url": "https://api.github.com/users/jokull/received_events",
                "type": "User",
                "site_admin": false
            },
            "created_at": "2011-10-06T11:12:41Z",
            "updated_at": "2011-10-06T11:12:41Z",
            "author_association": "NONE",
            "body": "+1\n"
        },
        {
            "url": "https://api.github.com/repos/pallets/flask/issues/comments/3522442",
            "html_url": "https://github.com/pallets/flask/pull/112#issuecomment-3522442",
            "issue_url": "https://api.github.com/repos/pallets/flask/issues/112",
            "id": 3522442,
            "node_id": "MDEyOklzc3VlQ29tbWVudDM1MjI0NDI=",
            "user": {
                "login": "rduplain",
                "id": 36428,
                "node_id": "MDQ6VXNlcjM2NDI4",
                "avatar_url": "https://avatars1.githubusercontent.com/u/36428?v=4",
                "gravatar_id": "",
                "url": "https://api.github.com/users/rduplain",
                "html_url": "https://github.com/rduplain",
                "followers_url": "https://api.github.com/users/rduplain/followers",
                "following_url": "https://api.github.com/users/rduplain/following{/other_user}",
                "gists_url": "https://api.github.com/users/rduplain/gists{/gist_id}",
                "starred_url": "https://api.github.com/users/rduplain/starred{/owner}{/repo}",
                "subscriptions_url": "https://api.github.com/users/rduplain/subscriptions",
                "organizations_url": "https://api.github.com/users/rduplain/orgs",
                "repos_url": "https://api.github.com/users/rduplain/repos",
                "events_url": "https://api.github.com/users/rduplain/events{/privacy}",
                "received_events_url": "https://api.github.com/users/rduplain/received_events",
                "type": "User",
                "site_admin": false
            },
            "created_at": "2012-01-17T03:04:55Z",
            "updated_at": "2012-01-17T03:04:55Z",
            "author_association": "CONTRIBUTOR",
            "body": "Anyone up for writing tests?\n"
        },
        {
            "url": "https://api.github.com/repos/pallets/flask/issues/comments/3529766",
            "html_url": "https://github.com/pallets/flask/pull/112#issuecomment-3529766",
            "issue_url": "https://api.github.com/repos/pallets/flask/issues/112",
            "id": 3529766,
            "node_id": "MDEyOklzc3VlQ29tbWVudDM1Mjk3NjY=",
            "user": {
                "login": "rduplain",
                "id": 36428,
                "node_id": "MDQ6VXNlcjM2NDI4",
                "avatar_url": "https://avatars1.githubusercontent.com/u/36428?v=4",
                "gravatar_id": "",
                "url": "https://api.github.com/users/rduplain",
                "html_url": "https://github.com/rduplain",
                "followers_url": "https://api.github.com/users/rduplain/followers",
                "following_url": "https://api.github.com/users/rduplain/following{/other_user}",
                "gists_url": "https://api.github.com/users/rduplain/gists{/gist_id}",
                "starred_url": "https://api.github.com/users/rduplain/starred{/owner}{/repo}",
                "subscriptions_url": "https://api.github.com/users/rduplain/subscriptions",
                "organizations_url": "https://api.github.com/users/rduplain/orgs",
                "repos_url": "https://api.github.com/users/rduplain/repos",
                "events_url": "https://api.github.com/users/rduplain/events{/privacy}",
                "received_events_url": "https://api.github.com/users/rduplain/received_events",
                "type": "User",
                "site_admin": false
            },
            "created_at": "2012-01-17T15:42:56Z",
            "updated_at": "2012-01-17T15:42:56Z",
            "author_association": "CONTRIBUTOR",
            "body": "We'd like to see the same jsonify function support padded and unpadded (instead of a separate padded_jsonify function).  Either way we'll need good tests if someone would like to contribute.  :-)\n"
        },
        {
            "url": "https://api.github.com/repos/pallets/flask/issues/comments/3535071",
            "html_url": "https://github.com/pallets/flask/pull/112#issuecomment-3535071",
            "issue_url": "https://api.github.com/repos/pallets/flask/issues/112",
            "id": 3535071,
            "node_id": "MDEyOklzc3VlQ29tbWVudDM1MzUwNzE=",
            "user": {
                "login": "rduplain",
                "id": 36428,
                "node_id": "MDQ6VXNlcjM2NDI4",
                "avatar_url": "https://avatars1.githubusercontent.com/u/36428?v=4",
                "gravatar_id": "",
                "url": "https://api.github.com/users/rduplain",
                "html_url": "https://github.com/rduplain",
                "followers_url": "https://api.github.com/users/rduplain/followers",
                "following_url": "https://api.github.com/users/rduplain/following{/other_user}",
                "gists_url": "https://api.github.com/users/rduplain/gists{/gist_id}",
                "starred_url": "https://api.github.com/users/rduplain/starred{/owner}{/repo}",
                "subscriptions_url": "https://api.github.com/users/rduplain/subscriptions",
                "organizations_url": "https://api.github.com/users/rduplain/orgs",
                "repos_url": "https://api.github.com/users/rduplain/repos",
                "events_url": "https://api.github.com/users/rduplain/events{/privacy}",
                "received_events_url": "https://api.github.com/users/rduplain/received_events",
                "type": "User",
                "site_admin": false
            },
            "created_at": "2012-01-17T20:25:47Z",
            "updated_at": "2012-01-17T20:25:47Z",
            "author_association": "CONTRIBUTOR",
            "body": "@jarus just posted a new pull request which would supercede this one:\nhttps://github.com/mitsuhiko/flask/pull/384\n\nPlease weigh in there.\n"
        },
        {
            "url": "https://api.github.com/repos/pallets/flask/issues/comments/4275572",
            "html_url": "https://github.com/pallets/flask/pull/112#issuecomment-4275572",
            "issue_url": "https://api.github.com/repos/pallets/flask/issues/112",
            "id": 4275572,
            "node_id": "MDEyOklzc3VlQ29tbWVudDQyNzU1NzI=",
            "user": {
                "login": "jarus",
                "id": 110274,
                "node_id": "MDQ6VXNlcjExMDI3NA==",
                "avatar_url": "https://avatars3.githubusercontent.com/u/110274?v=4",
                "gravatar_id": "",
                "url": "https://api.github.com/users/jarus",
                "html_url": "https://github.com/jarus",
                "followers_url": "https://api.github.com/users/jarus/followers",
                "following_url": "https://api.github.com/users/jarus/following{/other_user}",
                "gists_url": "https://api.github.com/users/jarus/gists{/gist_id}",
                "starred_url": "https://api.github.com/users/jarus/starred{/owner}{/repo}",
                "subscriptions_url": "https://api.github.com/users/jarus/subscriptions",
                "organizations_url": "https://api.github.com/users/jarus/orgs",
                "repos_url": "https://api.github.com/users/jarus/repos",
                "events_url": "https://api.github.com/users/jarus/events{/privacy}",
                "received_events_url": "https://api.github.com/users/jarus/received_events",
                "type": "User",
                "site_admin": false
            },
            "created_at": "2012-03-02T00:21:55Z",
            "updated_at": "2012-03-02T00:21:55Z",
            "author_association": "CONTRIBUTOR",
            "body": "I am sorry but is there a reason that the pull request is not accepted already? I am open for feedback an improvement suggestions. :)\n"
        },
        {
            "url": "https://api.github.com/repos/pallets/flask/issues/comments/4322406",
            "html_url": "https://github.com/pallets/flask/pull/112#issuecomment-4322406",
            "issue_url": "https://api.github.com/repos/pallets/flask/issues/112",
            "id": 4322406,
            "node_id": "MDEyOklzc3VlQ29tbWVudDQzMjI0MDY=",
            "user": {
                "login": "woto",
                "id": 146704,
                "node_id": "MDQ6VXNlcjE0NjcwNA==",
                "avatar_url": "https://avatars0.githubusercontent.com/u/146704?v=4",
                "gravatar_id": "",
                "url": "https://api.github.com/users/woto",
                "html_url": "https://github.com/woto",
                "followers_url": "https://api.github.com/users/woto/followers",
                "following_url": "https://api.github.com/users/woto/following{/other_user}",
                "gists_url": "https://api.github.com/users/woto/gists{/gist_id}",
                "starred_url": "https://api.github.com/users/woto/starred{/owner}{/repo}",
                "subscriptions_url": "https://api.github.com/users/woto/subscriptions",
                "organizations_url": "https://api.github.com/users/woto/orgs",
                "repos_url": "https://api.github.com/users/woto/repos",
                "events_url": "https://api.github.com/users/woto/events{/privacy}",
                "received_events_url": "https://api.github.com/users/woto/received_events",
                "type": "User",
                "site_admin": false
            },
            "created_at": "2012-03-05T13:15:21Z",
            "updated_at": "2012-03-05T13:15:21Z",
            "author_association": "NONE",
            "body": "Sorry for bad English. Absolutely agree, it was to hard to find this help http://flask.pocoo.org/snippets/79/\n"
        },
        {
            "url": "https://api.github.com/repos/pallets/flask/issues/comments/4489650",
            "html_url": "https://github.com/pallets/flask/pull/112#issuecomment-4489650",
            "issue_url": "https://api.github.com/repos/pallets/flask/issues/112",
            "id": 4489650,
            "node_id": "MDEyOklzc3VlQ29tbWVudDQ0ODk2NTA=",
            "user": {
                "login": "rduplain",
                "id": 36428,
                "node_id": "MDQ6VXNlcjM2NDI4",
                "avatar_url": "https://avatars1.githubusercontent.com/u/36428?v=4",
                "gravatar_id": "",
                "url": "https://api.github.com/users/rduplain",
                "html_url": "https://github.com/rduplain",
                "followers_url": "https://api.github.com/users/rduplain/followers",
                "following_url": "https://api.github.com/users/rduplain/following{/other_user}",
                "gists_url": "https://api.github.com/users/rduplain/gists{/gist_id}",
                "starred_url": "https://api.github.com/users/rduplain/starred{/owner}{/repo}",
                "subscriptions_url": "https://api.github.com/users/rduplain/subscriptions",
                "organizations_url": "https://api.github.com/users/rduplain/orgs",
                "repos_url": "https://api.github.com/users/rduplain/repos",
                "events_url": "https://api.github.com/users/rduplain/events{/privacy}",
                "received_events_url": "https://api.github.com/users/rduplain/received_events",
                "type": "User",
                "site_admin": false
            },
            "created_at": "2012-03-14T00:19:24Z",
            "updated_at": "2012-03-14T00:19:24Z",
            "author_association": "CONTRIBUTOR",
            "body": "About to pull #437. Closing this one. Thanks for the discussion!\n"
        }
    ]
}