{
    "url": "https://api.github.com/repos/pallets/flask/issues/1120",
    "repository_url": "https://api.github.com/repos/pallets/flask",
    "labels_url": "https://api.github.com/repos/pallets/flask/issues/1120/labels{/name}",
    "comments_url": "https://api.github.com/repos/pallets/flask/issues/1120/comments",
    "events_url": "https://api.github.com/repos/pallets/flask/issues/1120/events",
    "html_url": "https://github.com/pallets/flask/pull/1120",
    "id": 37854312,
    "node_id": "MDExOlB1bGxSZXF1ZXN0MTgzOTA0MTU=",
    "number": 1120,
    "title": "Fix Doc",
    "user": {
        "login": "rezakamalifard",
        "id": 1498074,
        "node_id": "MDQ6VXNlcjE0OTgwNzQ=",
        "avatar_url": "https://avatars3.githubusercontent.com/u/1498074?v=4",
        "gravatar_id": "",
        "url": "https://api.github.com/users/rezakamalifard",
        "html_url": "https://github.com/rezakamalifard",
        "followers_url": "https://api.github.com/users/rezakamalifard/followers",
        "following_url": "https://api.github.com/users/rezakamalifard/following{/other_user}",
        "gists_url": "https://api.github.com/users/rezakamalifard/gists{/gist_id}",
        "starred_url": "https://api.github.com/users/rezakamalifard/starred{/owner}{/repo}",
        "subscriptions_url": "https://api.github.com/users/rezakamalifard/subscriptions",
        "organizations_url": "https://api.github.com/users/rezakamalifard/orgs",
        "repos_url": "https://api.github.com/users/rezakamalifard/repos",
        "events_url": "https://api.github.com/users/rezakamalifard/events{/privacy}",
        "received_events_url": "https://api.github.com/users/rezakamalifard/received_events",
        "type": "User",
        "site_admin": false
    },
    "labels": [],
    "state": "closed",
    "locked": false,
    "assignee": null,
    "assignees": [],
    "milestone": null,
    "comments": 1,
    "created_at": "2014-07-15T06:17:47Z",
    "updated_at": "2014-07-15T07:37:35Z",
    "closed_at": "2014-07-15T07:37:35Z",
    "author_association": "NONE",
    "pull_request": {
        "url": "https://api.github.com/repos/pallets/flask/pulls/1120",
        "html_url": "https://github.com/pallets/flask/pull/1120",
        "diff_url": "https://github.com/pallets/flask/pull/1120.diff",
        "patch_url": "https://github.com/pallets/flask/pull/1120.patch"
    },
    "body": "",
    "comments_inline": [
        {
            "url": "https://api.github.com/repos/pallets/flask/issues/comments/48998230",
            "html_url": "https://github.com/pallets/flask/pull/1120#issuecomment-48998230",
            "issue_url": "https://api.github.com/repos/pallets/flask/issues/1120",
            "id": 48998230,
            "node_id": "MDEyOklzc3VlQ29tbWVudDQ4OTk4MjMw",
            "user": {
                "login": "danielchatfield",
                "id": 1058676,
                "node_id": "MDQ6VXNlcjEwNTg2NzY=",
                "avatar_url": "https://avatars3.githubusercontent.com/u/1058676?v=4",
                "gravatar_id": "",
                "url": "https://api.github.com/users/danielchatfield",
                "html_url": "https://github.com/danielchatfield",
                "followers_url": "https://api.github.com/users/danielchatfield/followers",
                "following_url": "https://api.github.com/users/danielchatfield/following{/other_user}",
                "gists_url": "https://api.github.com/users/danielchatfield/gists{/gist_id}",
                "starred_url": "https://api.github.com/users/danielchatfield/starred{/owner}{/repo}",
                "subscriptions_url": "https://api.github.com/users/danielchatfield/subscriptions",
                "organizations_url": "https://api.github.com/users/danielchatfield/orgs",
                "repos_url": "https://api.github.com/users/danielchatfield/repos",
                "events_url": "https://api.github.com/users/danielchatfield/events{/privacy}",
                "received_events_url": "https://api.github.com/users/danielchatfield/received_events",
                "type": "User",
                "site_admin": false
            },
            "created_at": "2014-07-15T07:18:04Z",
            "updated_at": "2014-07-15T07:18:04Z",
            "author_association": "NONE",
            "body": "Original is correct.\n"
        }
    ]
}