{
    "url": "https://api.github.com/repos/pallets/flask/issues/1126",
    "repository_url": "https://api.github.com/repos/pallets/flask",
    "labels_url": "https://api.github.com/repos/pallets/flask/issues/1126/labels{/name}",
    "comments_url": "https://api.github.com/repos/pallets/flask/issues/1126/comments",
    "events_url": "https://api.github.com/repos/pallets/flask/issues/1126/events",
    "html_url": "https://github.com/pallets/flask/issues/1126",
    "id": 38307728,
    "node_id": "MDU6SXNzdWUzODMwNzcyOA==",
    "number": 1126,
    "title": "Flask ignore FLASK_STATIC_FOLDER setted outside of constructor.",
    "user": {
        "login": "proofit404",
        "id": 1862725,
        "node_id": "MDQ6VXNlcjE4NjI3MjU=",
        "avatar_url": "https://avatars1.githubusercontent.com/u/1862725?v=4",
        "gravatar_id": "",
        "url": "https://api.github.com/users/proofit404",
        "html_url": "https://github.com/proofit404",
        "followers_url": "https://api.github.com/users/proofit404/followers",
        "following_url": "https://api.github.com/users/proofit404/following{/other_user}",
        "gists_url": "https://api.github.com/users/proofit404/gists{/gist_id}",
        "starred_url": "https://api.github.com/users/proofit404/starred{/owner}{/repo}",
        "subscriptions_url": "https://api.github.com/users/proofit404/subscriptions",
        "organizations_url": "https://api.github.com/users/proofit404/orgs",
        "repos_url": "https://api.github.com/users/proofit404/repos",
        "events_url": "https://api.github.com/users/proofit404/events{/privacy}",
        "received_events_url": "https://api.github.com/users/proofit404/received_events",
        "type": "User",
        "site_admin": false
    },
    "labels": [],
    "state": "closed",
    "locked": false,
    "assignee": null,
    "assignees": [],
    "milestone": null,
    "comments": 5,
    "created_at": "2014-07-21T14:27:58Z",
    "updated_at": "2014-07-21T19:05:00Z",
    "closed_at": "2014-07-21T19:05:00Z",
    "author_association": "NONE",
    "body": "If I do following:\n\n``` python\napp = Flaks(__name__, static_folder='/var/www/static')\n```\n\nall works just fine, but if I do\n\n``` python\nclass Config(object):\n    FLASK_STATIC_FOLDER = '/var/www/static'\n\napp = Flask(__name__)\napp.config.from_object(Config)\n```\n\n`current_app.send_static_file` can't find static file.  Is it any difference between those two settings?\n",
    "comments_inline": [
        {
            "url": "https://api.github.com/repos/pallets/flask/issues/comments/49615171",
            "html_url": "https://github.com/pallets/flask/issues/1126#issuecomment-49615171",
            "issue_url": "https://api.github.com/repos/pallets/flask/issues/1126",
            "id": 49615171,
            "node_id": "MDEyOklzc3VlQ29tbWVudDQ5NjE1MTcx",
            "user": {
                "login": "docapotamus",
                "id": 1929544,
                "node_id": "MDQ6VXNlcjE5Mjk1NDQ=",
                "avatar_url": "https://avatars1.githubusercontent.com/u/1929544?v=4",
                "gravatar_id": "",
                "url": "https://api.github.com/users/docapotamus",
                "html_url": "https://github.com/docapotamus",
                "followers_url": "https://api.github.com/users/docapotamus/followers",
                "following_url": "https://api.github.com/users/docapotamus/following{/other_user}",
                "gists_url": "https://api.github.com/users/docapotamus/gists{/gist_id}",
                "starred_url": "https://api.github.com/users/docapotamus/starred{/owner}{/repo}",
                "subscriptions_url": "https://api.github.com/users/docapotamus/subscriptions",
                "organizations_url": "https://api.github.com/users/docapotamus/orgs",
                "repos_url": "https://api.github.com/users/docapotamus/repos",
                "events_url": "https://api.github.com/users/docapotamus/events{/privacy}",
                "received_events_url": "https://api.github.com/users/docapotamus/received_events",
                "type": "User",
                "site_admin": false
            },
            "created_at": "2014-07-21T14:49:40Z",
            "updated_at": "2014-07-21T14:49:40Z",
            "author_association": "NONE",
            "body": "As far as I know there is no way of setting this from a config file.\n\nYou could do it yourself if you have an application factory and set it from there.\n\nAlso, why not use /static and then map that with the webserver to point directly to the static files? It would be a lot faster to have the web server send these files.\n"
        },
        {
            "url": "https://api.github.com/repos/pallets/flask/issues/comments/49639315",
            "html_url": "https://github.com/pallets/flask/issues/1126#issuecomment-49639315",
            "issue_url": "https://api.github.com/repos/pallets/flask/issues/1126",
            "id": 49639315,
            "node_id": "MDEyOklzc3VlQ29tbWVudDQ5NjM5MzE1",
            "user": {
                "login": "danielchatfield",
                "id": 1058676,
                "node_id": "MDQ6VXNlcjEwNTg2NzY=",
                "avatar_url": "https://avatars3.githubusercontent.com/u/1058676?v=4",
                "gravatar_id": "",
                "url": "https://api.github.com/users/danielchatfield",
                "html_url": "https://github.com/danielchatfield",
                "followers_url": "https://api.github.com/users/danielchatfield/followers",
                "following_url": "https://api.github.com/users/danielchatfield/following{/other_user}",
                "gists_url": "https://api.github.com/users/danielchatfield/gists{/gist_id}",
                "starred_url": "https://api.github.com/users/danielchatfield/starred{/owner}{/repo}",
                "subscriptions_url": "https://api.github.com/users/danielchatfield/subscriptions",
                "organizations_url": "https://api.github.com/users/danielchatfield/orgs",
                "repos_url": "https://api.github.com/users/danielchatfield/repos",
                "events_url": "https://api.github.com/users/danielchatfield/events{/privacy}",
                "received_events_url": "https://api.github.com/users/danielchatfield/received_events",
                "type": "User",
                "site_admin": false
            },
            "created_at": "2014-07-21T17:43:10Z",
            "updated_at": "2014-07-21T17:43:10Z",
            "author_association": "NONE",
            "body": "@pjuu is correct\n"
        },
        {
            "url": "https://api.github.com/repos/pallets/flask/issues/comments/49646700",
            "html_url": "https://github.com/pallets/flask/issues/1126#issuecomment-49646700",
            "issue_url": "https://api.github.com/repos/pallets/flask/issues/1126",
            "id": 49646700,
            "node_id": "MDEyOklzc3VlQ29tbWVudDQ5NjQ2NzAw",
            "user": {
                "login": "proofit404",
                "id": 1862725,
                "node_id": "MDQ6VXNlcjE4NjI3MjU=",
                "avatar_url": "https://avatars1.githubusercontent.com/u/1862725?v=4",
                "gravatar_id": "",
                "url": "https://api.github.com/users/proofit404",
                "html_url": "https://github.com/proofit404",
                "followers_url": "https://api.github.com/users/proofit404/followers",
                "following_url": "https://api.github.com/users/proofit404/following{/other_user}",
                "gists_url": "https://api.github.com/users/proofit404/gists{/gist_id}",
                "starred_url": "https://api.github.com/users/proofit404/starred{/owner}{/repo}",
                "subscriptions_url": "https://api.github.com/users/proofit404/subscriptions",
                "organizations_url": "https://api.github.com/users/proofit404/orgs",
                "repos_url": "https://api.github.com/users/proofit404/repos",
                "events_url": "https://api.github.com/users/proofit404/events{/privacy}",
                "received_events_url": "https://api.github.com/users/proofit404/received_events",
                "type": "User",
                "site_admin": false
            },
            "created_at": "2014-07-21T18:38:56Z",
            "updated_at": "2014-07-21T18:38:56Z",
            "author_association": "NONE",
            "body": "We use application factory. We setup webserver to serve static files. I notice this behaviour during refactoring of some project today and just want to know is it correct or not.\n"
        },
        {
            "url": "https://api.github.com/repos/pallets/flask/issues/comments/49650143",
            "html_url": "https://github.com/pallets/flask/issues/1126#issuecomment-49650143",
            "issue_url": "https://api.github.com/repos/pallets/flask/issues/1126",
            "id": 49650143,
            "node_id": "MDEyOklzc3VlQ29tbWVudDQ5NjUwMTQz",
            "user": {
                "login": "docapotamus",
                "id": 1929544,
                "node_id": "MDQ6VXNlcjE5Mjk1NDQ=",
                "avatar_url": "https://avatars1.githubusercontent.com/u/1929544?v=4",
                "gravatar_id": "",
                "url": "https://api.github.com/users/docapotamus",
                "html_url": "https://github.com/docapotamus",
                "followers_url": "https://api.github.com/users/docapotamus/followers",
                "following_url": "https://api.github.com/users/docapotamus/following{/other_user}",
                "gists_url": "https://api.github.com/users/docapotamus/gists{/gist_id}",
                "starred_url": "https://api.github.com/users/docapotamus/starred{/owner}{/repo}",
                "subscriptions_url": "https://api.github.com/users/docapotamus/subscriptions",
                "organizations_url": "https://api.github.com/users/docapotamus/orgs",
                "repos_url": "https://api.github.com/users/docapotamus/repos",
                "events_url": "https://api.github.com/users/docapotamus/events{/privacy}",
                "received_events_url": "https://api.github.com/users/docapotamus/received_events",
                "type": "User",
                "site_admin": false
            },
            "created_at": "2014-07-21T19:03:54Z",
            "updated_at": "2014-07-21T19:03:54Z",
            "author_association": "NONE",
            "body": "That's not too bad then. At least you have the answer :D\n"
        },
        {
            "url": "https://api.github.com/repos/pallets/flask/issues/comments/49650288",
            "html_url": "https://github.com/pallets/flask/issues/1126#issuecomment-49650288",
            "issue_url": "https://api.github.com/repos/pallets/flask/issues/1126",
            "id": 49650288,
            "node_id": "MDEyOklzc3VlQ29tbWVudDQ5NjUwMjg4",
            "user": {
                "login": "proofit404",
                "id": 1862725,
                "node_id": "MDQ6VXNlcjE4NjI3MjU=",
                "avatar_url": "https://avatars1.githubusercontent.com/u/1862725?v=4",
                "gravatar_id": "",
                "url": "https://api.github.com/users/proofit404",
                "html_url": "https://github.com/proofit404",
                "followers_url": "https://api.github.com/users/proofit404/followers",
                "following_url": "https://api.github.com/users/proofit404/following{/other_user}",
                "gists_url": "https://api.github.com/users/proofit404/gists{/gist_id}",
                "starred_url": "https://api.github.com/users/proofit404/starred{/owner}{/repo}",
                "subscriptions_url": "https://api.github.com/users/proofit404/subscriptions",
                "organizations_url": "https://api.github.com/users/proofit404/orgs",
                "repos_url": "https://api.github.com/users/proofit404/repos",
                "events_url": "https://api.github.com/users/proofit404/events{/privacy}",
                "received_events_url": "https://api.github.com/users/proofit404/received_events",
                "type": "User",
                "site_admin": false
            },
            "created_at": "2014-07-21T19:05:00Z",
            "updated_at": "2014-07-21T19:05:00Z",
            "author_association": "NONE",
            "body": "Thanks for help!\n"
        }
    ]
}