{
    "url": "https://api.github.com/repos/pallets/flask/issues/1128",
    "repository_url": "https://api.github.com/repos/pallets/flask",
    "labels_url": "https://api.github.com/repos/pallets/flask/issues/1128/labels{/name}",
    "comments_url": "https://api.github.com/repos/pallets/flask/issues/1128/comments",
    "events_url": "https://api.github.com/repos/pallets/flask/issues/1128/events",
    "html_url": "https://github.com/pallets/flask/issues/1128",
    "id": 38364542,
    "node_id": "MDU6SXNzdWUzODM2NDU0Mg==",
    "number": 1128,
    "title": "Jinja template docs link is outdated",
    "user": {
        "login": "freeslugs",
        "id": 1843466,
        "node_id": "MDQ6VXNlcjE4NDM0NjY=",
        "avatar_url": "https://avatars2.githubusercontent.com/u/1843466?v=4",
        "gravatar_id": "",
        "url": "https://api.github.com/users/freeslugs",
        "html_url": "https://github.com/freeslugs",
        "followers_url": "https://api.github.com/users/freeslugs/followers",
        "following_url": "https://api.github.com/users/freeslugs/following{/other_user}",
        "gists_url": "https://api.github.com/users/freeslugs/gists{/gist_id}",
        "starred_url": "https://api.github.com/users/freeslugs/starred{/owner}{/repo}",
        "subscriptions_url": "https://api.github.com/users/freeslugs/subscriptions",
        "organizations_url": "https://api.github.com/users/freeslugs/orgs",
        "repos_url": "https://api.github.com/users/freeslugs/repos",
        "events_url": "https://api.github.com/users/freeslugs/events{/privacy}",
        "received_events_url": "https://api.github.com/users/freeslugs/received_events",
        "type": "User",
        "site_admin": false
    },
    "labels": [],
    "state": "closed",
    "locked": false,
    "assignee": null,
    "assignees": [],
    "milestone": null,
    "comments": 1,
    "created_at": "2014-07-22T02:47:55Z",
    "updated_at": "2014-08-28T14:18:10Z",
    "closed_at": "2014-08-28T14:18:10Z",
    "author_association": "NONE",
    "body": "on http://flask.pocoo.org/docs/templating/\nthe \"Jinja2 Template Documentation\" link at the top of the page gives a 404 error. \nupdate link to http://jinja.pocoo.org/docs/templates/#\n",
    "comments_inline": [
        {
            "url": "https://api.github.com/repos/pallets/flask/issues/comments/49698102",
            "html_url": "https://github.com/pallets/flask/issues/1128#issuecomment-49698102",
            "issue_url": "https://api.github.com/repos/pallets/flask/issues/1128",
            "id": 49698102,
            "node_id": "MDEyOklzc3VlQ29tbWVudDQ5Njk4MTAy",
            "user": {
                "login": "davidism",
                "id": 1242887,
                "node_id": "MDQ6VXNlcjEyNDI4ODc=",
                "avatar_url": "https://avatars1.githubusercontent.com/u/1242887?v=4",
                "gravatar_id": "",
                "url": "https://api.github.com/users/davidism",
                "html_url": "https://github.com/davidism",
                "followers_url": "https://api.github.com/users/davidism/followers",
                "following_url": "https://api.github.com/users/davidism/following{/other_user}",
                "gists_url": "https://api.github.com/users/davidism/gists{/gist_id}",
                "starred_url": "https://api.github.com/users/davidism/starred{/owner}{/repo}",
                "subscriptions_url": "https://api.github.com/users/davidism/subscriptions",
                "organizations_url": "https://api.github.com/users/davidism/orgs",
                "repos_url": "https://api.github.com/users/davidism/repos",
                "events_url": "https://api.github.com/users/davidism/events{/privacy}",
                "received_events_url": "https://api.github.com/users/davidism/received_events",
                "type": "User",
                "site_admin": false
            },
            "created_at": "2014-07-22T04:52:32Z",
            "updated_at": "2014-07-22T04:52:32Z",
            "author_association": "MEMBER",
            "body": "Duplicate of [all these](https://github.com/mitsuhiko/flask/search?q=jinja+doc&type=Issues).\n"
        }
    ]
}