{
    "url": "https://api.github.com/repos/pallets/flask/issues/113",
    "repository_url": "https://api.github.com/repos/pallets/flask",
    "labels_url": "https://api.github.com/repos/pallets/flask/issues/113/labels{/name}",
    "comments_url": "https://api.github.com/repos/pallets/flask/issues/113/comments",
    "events_url": "https://api.github.com/repos/pallets/flask/issues/113/events",
    "html_url": "https://github.com/pallets/flask/pull/113",
    "id": 297923,
    "node_id": "MDExOlB1bGxSZXF1ZXN0NzMw",
    "number": 113,
    "title": "Added Blueslug to website",
    "user": {
        "login": "cgrinds",
        "id": 242252,
        "node_id": "MDQ6VXNlcjI0MjI1Mg==",
        "avatar_url": "https://avatars1.githubusercontent.com/u/242252?v=4",
        "gravatar_id": "",
        "url": "https://api.github.com/users/cgrinds",
        "html_url": "https://github.com/cgrinds",
        "followers_url": "https://api.github.com/users/cgrinds/followers",
        "following_url": "https://api.github.com/users/cgrinds/following{/other_user}",
        "gists_url": "https://api.github.com/users/cgrinds/gists{/gist_id}",
        "starred_url": "https://api.github.com/users/cgrinds/starred{/owner}{/repo}",
        "subscriptions_url": "https://api.github.com/users/cgrinds/subscriptions",
        "organizations_url": "https://api.github.com/users/cgrinds/orgs",
        "repos_url": "https://api.github.com/users/cgrinds/repos",
        "events_url": "https://api.github.com/users/cgrinds/events{/privacy}",
        "received_events_url": "https://api.github.com/users/cgrinds/received_events",
        "type": "User",
        "site_admin": false
    },
    "labels": [],
    "state": "closed",
    "locked": false,
    "assignee": null,
    "assignees": [],
    "milestone": null,
    "comments": 2,
    "created_at": "2010-09-01T15:55:46Z",
    "updated_at": "2014-06-12T05:17:07Z",
    "closed_at": "2010-09-01T16:46:02Z",
    "author_association": "CONTRIBUTOR",
    "pull_request": {
        "url": "https://api.github.com/repos/pallets/flask/pulls/113",
        "html_url": "https://github.com/pallets/flask/pull/113",
        "diff_url": "https://github.com/pallets/flask/pull/113.diff",
        "patch_url": "https://github.com/pallets/flask/pull/113.patch"
    },
    "body": "Hey Armin - I may have screwed this up, still don't quite have the hang of git/github. \n\nIf this is messed up let me know. The actual commit is http://github.com/cgrinds/flask/commit/4b1137b41a170583a734b6a9c367833c8e45cb33\n",
    "comments_inline": [
        {
            "url": "https://api.github.com/repos/pallets/flask/issues/comments/383364",
            "html_url": "https://github.com/pallets/flask/pull/113#issuecomment-383364",
            "issue_url": "https://api.github.com/repos/pallets/flask/issues/113",
            "id": 383364,
            "node_id": "MDEyOklzc3VlQ29tbWVudDM4MzM2NA==",
            "user": {
                "login": "mitsuhiko",
                "id": 7396,
                "node_id": "MDQ6VXNlcjczOTY=",
                "avatar_url": "https://avatars1.githubusercontent.com/u/7396?v=4",
                "gravatar_id": "",
                "url": "https://api.github.com/users/mitsuhiko",
                "html_url": "https://github.com/mitsuhiko",
                "followers_url": "https://api.github.com/users/mitsuhiko/followers",
                "following_url": "https://api.github.com/users/mitsuhiko/following{/other_user}",
                "gists_url": "https://api.github.com/users/mitsuhiko/gists{/gist_id}",
                "starred_url": "https://api.github.com/users/mitsuhiko/starred{/owner}{/repo}",
                "subscriptions_url": "https://api.github.com/users/mitsuhiko/subscriptions",
                "organizations_url": "https://api.github.com/users/mitsuhiko/orgs",
                "repos_url": "https://api.github.com/users/mitsuhiko/repos",
                "events_url": "https://api.github.com/users/mitsuhiko/events{/privacy}",
                "received_events_url": "https://api.github.com/users/mitsuhiko/received_events",
                "type": "User",
                "site_admin": false
            },
            "created_at": "2010-09-01T16:39:34Z",
            "updated_at": "2010-09-01T16:39:34Z",
            "author_association": "MEMBER",
            "body": "I got a bit too many requests here, but I figured out what to pull. Will deploy later today.\n"
        },
        {
            "url": "https://api.github.com/repos/pallets/flask/issues/comments/383376",
            "html_url": "https://github.com/pallets/flask/pull/113#issuecomment-383376",
            "issue_url": "https://api.github.com/repos/pallets/flask/issues/113",
            "id": 383376,
            "node_id": "MDEyOklzc3VlQ29tbWVudDM4MzM3Ng==",
            "user": {
                "login": "cgrinds",
                "id": 242252,
                "node_id": "MDQ6VXNlcjI0MjI1Mg==",
                "avatar_url": "https://avatars1.githubusercontent.com/u/242252?v=4",
                "gravatar_id": "",
                "url": "https://api.github.com/users/cgrinds",
                "html_url": "https://github.com/cgrinds",
                "followers_url": "https://api.github.com/users/cgrinds/followers",
                "following_url": "https://api.github.com/users/cgrinds/following{/other_user}",
                "gists_url": "https://api.github.com/users/cgrinds/gists{/gist_id}",
                "starred_url": "https://api.github.com/users/cgrinds/starred{/owner}{/repo}",
                "subscriptions_url": "https://api.github.com/users/cgrinds/subscriptions",
                "organizations_url": "https://api.github.com/users/cgrinds/orgs",
                "repos_url": "https://api.github.com/users/cgrinds/repos",
                "events_url": "https://api.github.com/users/cgrinds/events{/privacy}",
                "received_events_url": "https://api.github.com/users/cgrinds/received_events",
                "type": "User",
                "site_admin": false
            },
            "created_at": "2010-09-01T16:45:32Z",
            "updated_at": "2010-09-01T16:45:32Z",
            "author_association": "CONTRIBUTOR",
            "body": "Yeah I figured :) Still trying to figure out the correct git incantation to overwrite all my local changes and make local the same as upstream. In the end, I did that but not in a way that didn't have all the previous commits. Grrr.\n"
        }
    ]
}