{
    "url": "https://api.github.com/repos/pallets/flask/issues/1132",
    "repository_url": "https://api.github.com/repos/pallets/flask",
    "labels_url": "https://api.github.com/repos/pallets/flask/issues/1132/labels{/name}",
    "comments_url": "https://api.github.com/repos/pallets/flask/issues/1132/comments",
    "events_url": "https://api.github.com/repos/pallets/flask/issues/1132/events",
    "html_url": "https://github.com/pallets/flask/pull/1132",
    "id": 38640579,
    "node_id": "MDExOlB1bGxSZXF1ZXN0MTg4NDI3MjA=",
    "number": 1132,
    "title": "Update doclinks",
    "user": {
        "login": "nrvnrvn",
        "id": 2492836,
        "node_id": "MDQ6VXNlcjI0OTI4MzY=",
        "avatar_url": "https://avatars3.githubusercontent.com/u/2492836?v=4",
        "gravatar_id": "",
        "url": "https://api.github.com/users/nrvnrvn",
        "html_url": "https://github.com/nrvnrvn",
        "followers_url": "https://api.github.com/users/nrvnrvn/followers",
        "following_url": "https://api.github.com/users/nrvnrvn/following{/other_user}",
        "gists_url": "https://api.github.com/users/nrvnrvn/gists{/gist_id}",
        "starred_url": "https://api.github.com/users/nrvnrvn/starred{/owner}{/repo}",
        "subscriptions_url": "https://api.github.com/users/nrvnrvn/subscriptions",
        "organizations_url": "https://api.github.com/users/nrvnrvn/orgs",
        "repos_url": "https://api.github.com/users/nrvnrvn/repos",
        "events_url": "https://api.github.com/users/nrvnrvn/events{/privacy}",
        "received_events_url": "https://api.github.com/users/nrvnrvn/received_events",
        "type": "User",
        "site_admin": false
    },
    "labels": [],
    "state": "closed",
    "locked": false,
    "assignee": null,
    "assignees": [],
    "milestone": null,
    "comments": 1,
    "created_at": "2014-07-24T15:05:49Z",
    "updated_at": "2014-07-29T10:32:50Z",
    "closed_at": "2014-07-26T08:42:47Z",
    "author_association": "CONTRIBUTOR",
    "pull_request": {
        "url": "https://api.github.com/repos/pallets/flask/pulls/1132",
        "html_url": "https://github.com/pallets/flask/pull/1132",
        "diff_url": "https://github.com/pallets/flask/pull/1132.diff",
        "patch_url": "https://github.com/pallets/flask/pull/1132.patch"
    },
    "body": "Fix redirects and broken links\n",
    "comments_inline": [
        {
            "url": "https://api.github.com/repos/pallets/flask/issues/comments/50032200",
            "html_url": "https://github.com/pallets/flask/pull/1132#issuecomment-50032200",
            "issue_url": "https://api.github.com/repos/pallets/flask/issues/1132",
            "id": 50032200,
            "node_id": "MDEyOklzc3VlQ29tbWVudDUwMDMyMjAw",
            "user": {
                "login": "untitaker",
                "id": 837573,
                "node_id": "MDQ6VXNlcjgzNzU3Mw==",
                "avatar_url": "https://avatars0.githubusercontent.com/u/837573?v=4",
                "gravatar_id": "",
                "url": "https://api.github.com/users/untitaker",
                "html_url": "https://github.com/untitaker",
                "followers_url": "https://api.github.com/users/untitaker/followers",
                "following_url": "https://api.github.com/users/untitaker/following{/other_user}",
                "gists_url": "https://api.github.com/users/untitaker/gists{/gist_id}",
                "starred_url": "https://api.github.com/users/untitaker/starred{/owner}{/repo}",
                "subscriptions_url": "https://api.github.com/users/untitaker/subscriptions",
                "organizations_url": "https://api.github.com/users/untitaker/orgs",
                "repos_url": "https://api.github.com/users/untitaker/repos",
                "events_url": "https://api.github.com/users/untitaker/events{/privacy}",
                "received_events_url": "https://api.github.com/users/untitaker/received_events",
                "type": "User",
                "site_admin": false
            },
            "created_at": "2014-07-24T15:17:14Z",
            "updated_at": "2014-07-24T15:17:14Z",
            "author_association": "MEMBER",
            "body": "I'd rather keep redirects like Tornado's one, because the homepage might redirect to something different in the future.\n"
        }
    ]
}