{
    "url": "https://api.github.com/repos/pallets/flask/issues/1262",
    "repository_url": "https://api.github.com/repos/pallets/flask",
    "labels_url": "https://api.github.com/repos/pallets/flask/issues/1262/labels{/name}",
    "comments_url": "https://api.github.com/repos/pallets/flask/issues/1262/comments",
    "events_url": "https://api.github.com/repos/pallets/flask/issues/1262/events",
    "html_url": "https://github.com/pallets/flask/pull/1262",
    "id": 50431478,
    "node_id": "MDExOlB1bGxSZXF1ZXN0MjUyMjUwMTU=",
    "number": 1262,
    "title": "Add JSONIFY_END_WITH_NEWLINE config variable",
    "user": {
        "login": "msabramo",
        "id": 305268,
        "node_id": "MDQ6VXNlcjMwNTI2OA==",
        "avatar_url": "https://avatars1.githubusercontent.com/u/305268?v=4",
        "gravatar_id": "",
        "url": "https://api.github.com/users/msabramo",
        "html_url": "https://github.com/msabramo",
        "followers_url": "https://api.github.com/users/msabramo/followers",
        "following_url": "https://api.github.com/users/msabramo/following{/other_user}",
        "gists_url": "https://api.github.com/users/msabramo/gists{/gist_id}",
        "starred_url": "https://api.github.com/users/msabramo/starred{/owner}{/repo}",
        "subscriptions_url": "https://api.github.com/users/msabramo/subscriptions",
        "organizations_url": "https://api.github.com/users/msabramo/orgs",
        "repos_url": "https://api.github.com/users/msabramo/repos",
        "events_url": "https://api.github.com/users/msabramo/events{/privacy}",
        "received_events_url": "https://api.github.com/users/msabramo/received_events",
        "type": "User",
        "site_admin": false
    },
    "labels": [],
    "state": "closed",
    "locked": false,
    "assignee": null,
    "assignees": [],
    "milestone": null,
    "comments": 8,
    "created_at": "2014-11-29T17:12:47Z",
    "updated_at": "2018-10-23T17:43:26Z",
    "closed_at": "2014-12-07T22:53:07Z",
    "author_association": "CONTRIBUTOR",
    "pull_request": {
        "url": "https://api.github.com/repos/pallets/flask/pulls/1262",
        "html_url": "https://github.com/pallets/flask/pull/1262",
        "diff_url": "https://github.com/pallets/flask/pull/1262.diff",
        "patch_url": "https://github.com/pallets/flask/pull/1262.patch"
    },
    "body": "When `JSONIFY_END_WITH_NEWLINE` is set to `True`, `jsonify` responses will be terminated with a newline character.\n\nDefaults to `False` for backward compatibility.\n\nThis came up in the context of https://github.com/kennethreitz/httpbin/issues/168\n",
    "comments_inline": [
        {
            "url": "https://api.github.com/repos/pallets/flask/issues/comments/64958758",
            "html_url": "https://github.com/pallets/flask/pull/1262#issuecomment-64958758",
            "issue_url": "https://api.github.com/repos/pallets/flask/issues/1262",
            "id": 64958758,
            "node_id": "MDEyOklzc3VlQ29tbWVudDY0OTU4NzU4",
            "user": {
                "login": "msabramo",
                "id": 305268,
                "node_id": "MDQ6VXNlcjMwNTI2OA==",
                "avatar_url": "https://avatars1.githubusercontent.com/u/305268?v=4",
                "gravatar_id": "",
                "url": "https://api.github.com/users/msabramo",
                "html_url": "https://github.com/msabramo",
                "followers_url": "https://api.github.com/users/msabramo/followers",
                "following_url": "https://api.github.com/users/msabramo/following{/other_user}",
                "gists_url": "https://api.github.com/users/msabramo/gists{/gist_id}",
                "starred_url": "https://api.github.com/users/msabramo/starred{/owner}{/repo}",
                "subscriptions_url": "https://api.github.com/users/msabramo/subscriptions",
                "organizations_url": "https://api.github.com/users/msabramo/orgs",
                "repos_url": "https://api.github.com/users/msabramo/repos",
                "events_url": "https://api.github.com/users/msabramo/events{/privacy}",
                "received_events_url": "https://api.github.com/users/msabramo/received_events",
                "type": "User",
                "site_admin": false
            },
            "created_at": "2014-11-29T17:24:01Z",
            "updated_at": "2014-11-29T17:24:01Z",
            "author_association": "CONTRIBUTOR",
            "body": "Travis CI build passed: https://travis-ci.org/mitsuhiko/flask/builds/42486682\n"
        },
        {
            "url": "https://api.github.com/repos/pallets/flask/issues/comments/64969840",
            "html_url": "https://github.com/pallets/flask/pull/1262#issuecomment-64969840",
            "issue_url": "https://api.github.com/repos/pallets/flask/issues/1262",
            "id": 64969840,
            "node_id": "MDEyOklzc3VlQ29tbWVudDY0OTY5ODQw",
            "user": {
                "login": "untitaker",
                "id": 837573,
                "node_id": "MDQ6VXNlcjgzNzU3Mw==",
                "avatar_url": "https://avatars0.githubusercontent.com/u/837573?v=4",
                "gravatar_id": "",
                "url": "https://api.github.com/users/untitaker",
                "html_url": "https://github.com/untitaker",
                "followers_url": "https://api.github.com/users/untitaker/followers",
                "following_url": "https://api.github.com/users/untitaker/following{/other_user}",
                "gists_url": "https://api.github.com/users/untitaker/gists{/gist_id}",
                "starred_url": "https://api.github.com/users/untitaker/starred{/owner}{/repo}",
                "subscriptions_url": "https://api.github.com/users/untitaker/subscriptions",
                "organizations_url": "https://api.github.com/users/untitaker/orgs",
                "repos_url": "https://api.github.com/users/untitaker/repos",
                "events_url": "https://api.github.com/users/untitaker/events{/privacy}",
                "received_events_url": "https://api.github.com/users/untitaker/received_events",
                "type": "User",
                "site_admin": false
            },
            "created_at": "2014-11-29T23:50:54Z",
            "updated_at": "2014-11-29T23:50:54Z",
            "author_association": "MEMBER",
            "body": "Since this is going to be 1.0, I think we can just break backwards compat without introducing a config option, and always append a newline, assuming there are no drawbacks from doing this.\n"
        },
        {
            "url": "https://api.github.com/repos/pallets/flask/issues/comments/65888410",
            "html_url": "https://github.com/pallets/flask/pull/1262#issuecomment-65888410",
            "issue_url": "https://api.github.com/repos/pallets/flask/issues/1262",
            "id": 65888410,
            "node_id": "MDEyOklzc3VlQ29tbWVudDY1ODg4NDEw",
            "user": {
                "login": "msabramo",
                "id": 305268,
                "node_id": "MDQ6VXNlcjMwNTI2OA==",
                "avatar_url": "https://avatars1.githubusercontent.com/u/305268?v=4",
                "gravatar_id": "",
                "url": "https://api.github.com/users/msabramo",
                "html_url": "https://github.com/msabramo",
                "followers_url": "https://api.github.com/users/msabramo/followers",
                "following_url": "https://api.github.com/users/msabramo/following{/other_user}",
                "gists_url": "https://api.github.com/users/msabramo/gists{/gist_id}",
                "starred_url": "https://api.github.com/users/msabramo/starred{/owner}{/repo}",
                "subscriptions_url": "https://api.github.com/users/msabramo/subscriptions",
                "organizations_url": "https://api.github.com/users/msabramo/orgs",
                "repos_url": "https://api.github.com/users/msabramo/repos",
                "events_url": "https://api.github.com/users/msabramo/events{/privacy}",
                "received_events_url": "https://api.github.com/users/msabramo/received_events",
                "type": "User",
                "site_admin": false
            },
            "created_at": "2014-12-06T07:12:26Z",
            "updated_at": "2014-12-06T07:12:52Z",
            "author_association": "CONTRIBUTOR",
            "body": "> Since this is going to be 1.0, I think we can just break backwards compat without introducing a config option, and always append a newline, assuming there are no drawbacks from doing this.\n\nOK, updated to remove the `JSONIFY_END_WITH_NEWLINE` config var with 9722530. Now it always makes sure that JSON responses are terminated with a newline.\n\nI can squash on request.\n"
        },
        {
            "url": "https://api.github.com/repos/pallets/flask/issues/comments/65892363",
            "html_url": "https://github.com/pallets/flask/pull/1262#issuecomment-65892363",
            "issue_url": "https://api.github.com/repos/pallets/flask/issues/1262",
            "id": 65892363,
            "node_id": "MDEyOklzc3VlQ29tbWVudDY1ODkyMzYz",
            "user": {
                "login": "untitaker",
                "id": 837573,
                "node_id": "MDQ6VXNlcjgzNzU3Mw==",
                "avatar_url": "https://avatars0.githubusercontent.com/u/837573?v=4",
                "gravatar_id": "",
                "url": "https://api.github.com/users/untitaker",
                "html_url": "https://github.com/untitaker",
                "followers_url": "https://api.github.com/users/untitaker/followers",
                "following_url": "https://api.github.com/users/untitaker/following{/other_user}",
                "gists_url": "https://api.github.com/users/untitaker/gists{/gist_id}",
                "starred_url": "https://api.github.com/users/untitaker/starred{/owner}{/repo}",
                "subscriptions_url": "https://api.github.com/users/untitaker/subscriptions",
                "organizations_url": "https://api.github.com/users/untitaker/orgs",
                "repos_url": "https://api.github.com/users/untitaker/repos",
                "events_url": "https://api.github.com/users/untitaker/events{/privacy}",
                "received_events_url": "https://api.github.com/users/untitaker/received_events",
                "type": "User",
                "site_admin": false
            },
            "created_at": "2014-12-06T10:29:06Z",
            "updated_at": "2014-12-06T10:29:06Z",
            "author_association": "MEMBER",
            "body": "Yes, please squash.\n"
        },
        {
            "url": "https://api.github.com/repos/pallets/flask/issues/comments/65892382",
            "html_url": "https://github.com/pallets/flask/pull/1262#issuecomment-65892382",
            "issue_url": "https://api.github.com/repos/pallets/flask/issues/1262",
            "id": 65892382,
            "node_id": "MDEyOklzc3VlQ29tbWVudDY1ODkyMzgy",
            "user": {
                "login": "untitaker",
                "id": 837573,
                "node_id": "MDQ6VXNlcjgzNzU3Mw==",
                "avatar_url": "https://avatars0.githubusercontent.com/u/837573?v=4",
                "gravatar_id": "",
                "url": "https://api.github.com/users/untitaker",
                "html_url": "https://github.com/untitaker",
                "followers_url": "https://api.github.com/users/untitaker/followers",
                "following_url": "https://api.github.com/users/untitaker/following{/other_user}",
                "gists_url": "https://api.github.com/users/untitaker/gists{/gist_id}",
                "starred_url": "https://api.github.com/users/untitaker/starred{/owner}{/repo}",
                "subscriptions_url": "https://api.github.com/users/untitaker/subscriptions",
                "organizations_url": "https://api.github.com/users/untitaker/orgs",
                "repos_url": "https://api.github.com/users/untitaker/repos",
                "events_url": "https://api.github.com/users/untitaker/events{/privacy}",
                "received_events_url": "https://api.github.com/users/untitaker/received_events",
                "type": "User",
                "site_admin": false
            },
            "created_at": "2014-12-06T10:29:58Z",
            "updated_at": "2014-12-06T10:30:01Z",
            "author_association": "MEMBER",
            "body": "Also please add a reasoning to the changelog, and reference this PR number.\n"
        },
        {
            "url": "https://api.github.com/repos/pallets/flask/issues/comments/65921897",
            "html_url": "https://github.com/pallets/flask/pull/1262#issuecomment-65921897",
            "issue_url": "https://api.github.com/repos/pallets/flask/issues/1262",
            "id": 65921897,
            "node_id": "MDEyOklzc3VlQ29tbWVudDY1OTIxODk3",
            "user": {
                "login": "msabramo",
                "id": 305268,
                "node_id": "MDQ6VXNlcjMwNTI2OA==",
                "avatar_url": "https://avatars1.githubusercontent.com/u/305268?v=4",
                "gravatar_id": "",
                "url": "https://api.github.com/users/msabramo",
                "html_url": "https://github.com/msabramo",
                "followers_url": "https://api.github.com/users/msabramo/followers",
                "following_url": "https://api.github.com/users/msabramo/following{/other_user}",
                "gists_url": "https://api.github.com/users/msabramo/gists{/gist_id}",
                "starred_url": "https://api.github.com/users/msabramo/starred{/owner}{/repo}",
                "subscriptions_url": "https://api.github.com/users/msabramo/subscriptions",
                "organizations_url": "https://api.github.com/users/msabramo/orgs",
                "repos_url": "https://api.github.com/users/msabramo/repos",
                "events_url": "https://api.github.com/users/msabramo/events{/privacy}",
                "received_events_url": "https://api.github.com/users/msabramo/received_events",
                "type": "User",
                "site_admin": false
            },
            "created_at": "2014-12-07T01:02:35Z",
            "updated_at": "2014-12-07T01:02:35Z",
            "author_association": "CONTRIBUTOR",
            "body": "> Yes, please squash.\n> Also please add a reasoning to the changelog, and reference this PR number.\n\nDone!\n"
        },
        {
            "url": "https://api.github.com/repos/pallets/flask/issues/comments/65959674",
            "html_url": "https://github.com/pallets/flask/pull/1262#issuecomment-65959674",
            "issue_url": "https://api.github.com/repos/pallets/flask/issues/1262",
            "id": 65959674,
            "node_id": "MDEyOklzc3VlQ29tbWVudDY1OTU5Njc0",
            "user": {
                "login": "untitaker",
                "id": 837573,
                "node_id": "MDQ6VXNlcjgzNzU3Mw==",
                "avatar_url": "https://avatars0.githubusercontent.com/u/837573?v=4",
                "gravatar_id": "",
                "url": "https://api.github.com/users/untitaker",
                "html_url": "https://github.com/untitaker",
                "followers_url": "https://api.github.com/users/untitaker/followers",
                "following_url": "https://api.github.com/users/untitaker/following{/other_user}",
                "gists_url": "https://api.github.com/users/untitaker/gists{/gist_id}",
                "starred_url": "https://api.github.com/users/untitaker/starred{/owner}{/repo}",
                "subscriptions_url": "https://api.github.com/users/untitaker/subscriptions",
                "organizations_url": "https://api.github.com/users/untitaker/orgs",
                "repos_url": "https://api.github.com/users/untitaker/repos",
                "events_url": "https://api.github.com/users/untitaker/events{/privacy}",
                "received_events_url": "https://api.github.com/users/untitaker/received_events",
                "type": "User",
                "site_admin": false
            },
            "created_at": "2014-12-07T22:53:03Z",
            "updated_at": "2014-12-07T22:53:03Z",
            "author_association": "MEMBER",
            "body": "Looks good, thanks!\n"
        },
        {
            "url": "https://api.github.com/repos/pallets/flask/issues/comments/162909106",
            "html_url": "https://github.com/pallets/flask/pull/1262#issuecomment-162909106",
            "issue_url": "https://api.github.com/repos/pallets/flask/issues/1262",
            "id": 162909106,
            "node_id": "MDEyOklzc3VlQ29tbWVudDE2MjkwOTEwNg==",
            "user": {
                "login": "RobBednark",
                "id": 1076883,
                "node_id": "MDQ6VXNlcjEwNzY4ODM=",
                "avatar_url": "https://avatars3.githubusercontent.com/u/1076883?v=4",
                "gravatar_id": "",
                "url": "https://api.github.com/users/RobBednark",
                "html_url": "https://github.com/RobBednark",
                "followers_url": "https://api.github.com/users/RobBednark/followers",
                "following_url": "https://api.github.com/users/RobBednark/following{/other_user}",
                "gists_url": "https://api.github.com/users/RobBednark/gists{/gist_id}",
                "starred_url": "https://api.github.com/users/RobBednark/starred{/owner}{/repo}",
                "subscriptions_url": "https://api.github.com/users/RobBednark/subscriptions",
                "organizations_url": "https://api.github.com/users/RobBednark/orgs",
                "repos_url": "https://api.github.com/users/RobBednark/repos",
                "events_url": "https://api.github.com/users/RobBednark/events{/privacy}",
                "received_events_url": "https://api.github.com/users/RobBednark/received_events",
                "type": "User",
                "site_admin": false
            },
            "created_at": "2015-12-08T15:05:54Z",
            "updated_at": "2015-12-08T15:05:54Z",
            "author_association": "NONE",
            "body": "The link in the first comment above is wrong:\n\nwrong: ~~This came up in the context of https://github.com/kennethreitz/httpbin/issues/168~~\ncorrect: This came up in the context of https://github.com/Runscope/httpbin/issues/168\n"
        }
    ]
}