{
    "url": "https://api.github.com/repos/pallets/flask/issues/1263",
    "repository_url": "https://api.github.com/repos/pallets/flask",
    "labels_url": "https://api.github.com/repos/pallets/flask/issues/1263/labels{/name}",
    "comments_url": "https://api.github.com/repos/pallets/flask/issues/1263/comments",
    "events_url": "https://api.github.com/repos/pallets/flask/issues/1263/events",
    "html_url": "https://github.com/pallets/flask/pull/1263",
    "id": 50484324,
    "node_id": "MDExOlB1bGxSZXF1ZXN0MjUyNDU3NTg=",
    "number": 1263,
    "title": "Small Typo fix",
    "user": {
        "login": "its-not-a-bug-its-a-feature",
        "id": 1405304,
        "node_id": "MDQ6VXNlcjE0MDUzMDQ=",
        "avatar_url": "https://avatars0.githubusercontent.com/u/1405304?v=4",
        "gravatar_id": "",
        "url": "https://api.github.com/users/its-not-a-bug-its-a-feature",
        "html_url": "https://github.com/its-not-a-bug-its-a-feature",
        "followers_url": "https://api.github.com/users/its-not-a-bug-its-a-feature/followers",
        "following_url": "https://api.github.com/users/its-not-a-bug-its-a-feature/following{/other_user}",
        "gists_url": "https://api.github.com/users/its-not-a-bug-its-a-feature/gists{/gist_id}",
        "starred_url": "https://api.github.com/users/its-not-a-bug-its-a-feature/starred{/owner}{/repo}",
        "subscriptions_url": "https://api.github.com/users/its-not-a-bug-its-a-feature/subscriptions",
        "organizations_url": "https://api.github.com/users/its-not-a-bug-its-a-feature/orgs",
        "repos_url": "https://api.github.com/users/its-not-a-bug-its-a-feature/repos",
        "events_url": "https://api.github.com/users/its-not-a-bug-its-a-feature/events{/privacy}",
        "received_events_url": "https://api.github.com/users/its-not-a-bug-its-a-feature/received_events",
        "type": "User",
        "site_admin": false
    },
    "labels": [],
    "state": "closed",
    "locked": false,
    "assignee": null,
    "assignees": [],
    "milestone": null,
    "comments": 1,
    "created_at": "2014-12-01T03:28:41Z",
    "updated_at": "2014-12-01T05:51:04Z",
    "closed_at": "2014-12-01T05:51:04Z",
    "author_association": "CONTRIBUTOR",
    "pull_request": {
        "url": "https://api.github.com/repos/pallets/flask/pulls/1263",
        "html_url": "https://github.com/pallets/flask/pull/1263",
        "diff_url": "https://github.com/pallets/flask/pull/1263.diff",
        "patch_url": "https://github.com/pallets/flask/pull/1263.patch"
    },
    "body": "",
    "comments_inline": [
        {
            "url": "https://api.github.com/repos/pallets/flask/issues/comments/65023520",
            "html_url": "https://github.com/pallets/flask/pull/1263#issuecomment-65023520",
            "issue_url": "https://api.github.com/repos/pallets/flask/issues/1263",
            "id": 65023520,
            "node_id": "MDEyOklzc3VlQ29tbWVudDY1MDIzNTIw",
            "user": {
                "login": "untitaker",
                "id": 837573,
                "node_id": "MDQ6VXNlcjgzNzU3Mw==",
                "avatar_url": "https://avatars0.githubusercontent.com/u/837573?v=4",
                "gravatar_id": "",
                "url": "https://api.github.com/users/untitaker",
                "html_url": "https://github.com/untitaker",
                "followers_url": "https://api.github.com/users/untitaker/followers",
                "following_url": "https://api.github.com/users/untitaker/following{/other_user}",
                "gists_url": "https://api.github.com/users/untitaker/gists{/gist_id}",
                "starred_url": "https://api.github.com/users/untitaker/starred{/owner}{/repo}",
                "subscriptions_url": "https://api.github.com/users/untitaker/subscriptions",
                "organizations_url": "https://api.github.com/users/untitaker/orgs",
                "repos_url": "https://api.github.com/users/untitaker/repos",
                "events_url": "https://api.github.com/users/untitaker/events{/privacy}",
                "received_events_url": "https://api.github.com/users/untitaker/received_events",
                "type": "User",
                "site_admin": false
            },
            "created_at": "2014-12-01T05:51:01Z",
            "updated_at": "2014-12-01T05:51:01Z",
            "author_association": "MEMBER",
            "body": "Thanks!\n"
        }
    ]
}