{
    "url": "https://api.github.com/repos/pallets/flask/issues/1264",
    "repository_url": "https://api.github.com/repos/pallets/flask",
    "labels_url": "https://api.github.com/repos/pallets/flask/issues/1264/labels{/name}",
    "comments_url": "https://api.github.com/repos/pallets/flask/issues/1264/comments",
    "events_url": "https://api.github.com/repos/pallets/flask/issues/1264/events",
    "html_url": "https://github.com/pallets/flask/pull/1264",
    "id": 50684040,
    "node_id": "MDExOlB1bGxSZXF1ZXN0MjUzNTc3NDE=",
    "number": 1264,
    "title": "Update information about Python 3",
    "user": {
        "login": "svenstaro",
        "id": 1664,
        "node_id": "MDQ6VXNlcjE2NjQ=",
        "avatar_url": "https://avatars0.githubusercontent.com/u/1664?v=4",
        "gravatar_id": "",
        "url": "https://api.github.com/users/svenstaro",
        "html_url": "https://github.com/svenstaro",
        "followers_url": "https://api.github.com/users/svenstaro/followers",
        "following_url": "https://api.github.com/users/svenstaro/following{/other_user}",
        "gists_url": "https://api.github.com/users/svenstaro/gists{/gist_id}",
        "starred_url": "https://api.github.com/users/svenstaro/starred{/owner}{/repo}",
        "subscriptions_url": "https://api.github.com/users/svenstaro/subscriptions",
        "organizations_url": "https://api.github.com/users/svenstaro/orgs",
        "repos_url": "https://api.github.com/users/svenstaro/repos",
        "events_url": "https://api.github.com/users/svenstaro/events{/privacy}",
        "received_events_url": "https://api.github.com/users/svenstaro/received_events",
        "type": "User",
        "site_admin": false
    },
    "labels": [],
    "state": "closed",
    "locked": false,
    "assignee": null,
    "assignees": [],
    "milestone": {
        "url": "https://api.github.com/repos/pallets/flask/milestones/2",
        "html_url": "https://github.com/pallets/flask/milestone/2",
        "labels_url": "https://api.github.com/repos/pallets/flask/milestones/2/labels",
        "id": 795954,
        "node_id": "MDk6TWlsZXN0b25lNzk1OTU0",
        "number": 2,
        "title": "1.0",
        "description": "",
        "creator": {
            "login": "untitaker",
            "id": 837573,
            "node_id": "MDQ6VXNlcjgzNzU3Mw==",
            "avatar_url": "https://avatars0.githubusercontent.com/u/837573?v=4",
            "gravatar_id": "",
            "url": "https://api.github.com/users/untitaker",
            "html_url": "https://github.com/untitaker",
            "followers_url": "https://api.github.com/users/untitaker/followers",
            "following_url": "https://api.github.com/users/untitaker/following{/other_user}",
            "gists_url": "https://api.github.com/users/untitaker/gists{/gist_id}",
            "starred_url": "https://api.github.com/users/untitaker/starred{/owner}{/repo}",
            "subscriptions_url": "https://api.github.com/users/untitaker/subscriptions",
            "organizations_url": "https://api.github.com/users/untitaker/orgs",
            "repos_url": "https://api.github.com/users/untitaker/repos",
            "events_url": "https://api.github.com/users/untitaker/events{/privacy}",
            "received_events_url": "https://api.github.com/users/untitaker/received_events",
            "type": "User",
            "site_admin": false
        },
        "open_issues": 0,
        "closed_issues": 159,
        "state": "closed",
        "created_at": "2014-09-19T15:47:20Z",
        "updated_at": "2018-04-26T21:07:44Z",
        "due_on": "2018-04-26T07:00:00Z",
        "closed_at": "2018-04-26T21:07:44Z"
    },
    "comments": 9,
    "created_at": "2014-12-02T17:13:07Z",
    "updated_at": "2018-10-23T17:43:25Z",
    "closed_at": "2014-12-04T21:36:31Z",
    "author_association": "CONTRIBUTOR",
    "pull_request": {
        "url": "https://api.github.com/repos/pallets/flask/pulls/1264",
        "html_url": "https://github.com/pallets/flask/pull/1264",
        "diff_url": "https://github.com/pallets/flask/pull/1264.diff",
        "patch_url": "https://github.com/pallets/flask/pull/1264.patch"
    },
    "body": "Python 3 and Flask is a good combination nowadays that works rather well. In fact, [most PyPI libs](https://regebro.wordpress.com/2014/10/23/59-of-maintained-packages-support-python-3/) are now ported and it's generally ok to encourage people to use Python 3 for new projects.\n",
    "comments_inline": [
        {
            "url": "https://api.github.com/repos/pallets/flask/issues/comments/65271406",
            "html_url": "https://github.com/pallets/flask/pull/1264#issuecomment-65271406",
            "issue_url": "https://api.github.com/repos/pallets/flask/issues/1264",
            "id": 65271406,
            "node_id": "MDEyOklzc3VlQ29tbWVudDY1MjcxNDA2",
            "user": {
                "login": "DasIch",
                "id": 182316,
                "node_id": "MDQ6VXNlcjE4MjMxNg==",
                "avatar_url": "https://avatars0.githubusercontent.com/u/182316?v=4",
                "gravatar_id": "",
                "url": "https://api.github.com/users/DasIch",
                "html_url": "https://github.com/DasIch",
                "followers_url": "https://api.github.com/users/DasIch/followers",
                "following_url": "https://api.github.com/users/DasIch/following{/other_user}",
                "gists_url": "https://api.github.com/users/DasIch/gists{/gist_id}",
                "starred_url": "https://api.github.com/users/DasIch/starred{/owner}{/repo}",
                "subscriptions_url": "https://api.github.com/users/DasIch/subscriptions",
                "organizations_url": "https://api.github.com/users/DasIch/orgs",
                "repos_url": "https://api.github.com/users/DasIch/repos",
                "events_url": "https://api.github.com/users/DasIch/events{/privacy}",
                "received_events_url": "https://api.github.com/users/DasIch/received_events",
                "type": "User",
                "site_admin": false
            },
            "created_at": "2014-12-02T17:41:23Z",
            "updated_at": "2014-12-02T17:41:23Z",
            "author_association": "CONTRIBUTOR",
            "body": "-1\n\nWhile availability of Python 3 libraries has improved, the market share remains small.\n\nPython 2 will further be supported until at least 2020 and has recently even gained pip. The advantages of Python 3- in so far as they exist -are almost nonexistent. The conservative choice therefore remains Python 2, for the foreseeable future.\n\nI doubt that will change within the next 4 years.\n"
        },
        {
            "url": "https://api.github.com/repos/pallets/flask/issues/comments/65272189",
            "html_url": "https://github.com/pallets/flask/pull/1264#issuecomment-65272189",
            "issue_url": "https://api.github.com/repos/pallets/flask/issues/1264",
            "id": 65272189,
            "node_id": "MDEyOklzc3VlQ29tbWVudDY1MjcyMTg5",
            "user": {
                "login": "svenstaro",
                "id": 1664,
                "node_id": "MDQ6VXNlcjE2NjQ=",
                "avatar_url": "https://avatars0.githubusercontent.com/u/1664?v=4",
                "gravatar_id": "",
                "url": "https://api.github.com/users/svenstaro",
                "html_url": "https://github.com/svenstaro",
                "followers_url": "https://api.github.com/users/svenstaro/followers",
                "following_url": "https://api.github.com/users/svenstaro/following{/other_user}",
                "gists_url": "https://api.github.com/users/svenstaro/gists{/gist_id}",
                "starred_url": "https://api.github.com/users/svenstaro/starred{/owner}{/repo}",
                "subscriptions_url": "https://api.github.com/users/svenstaro/subscriptions",
                "organizations_url": "https://api.github.com/users/svenstaro/orgs",
                "repos_url": "https://api.github.com/users/svenstaro/repos",
                "events_url": "https://api.github.com/users/svenstaro/events{/privacy}",
                "received_events_url": "https://api.github.com/users/svenstaro/received_events",
                "type": "User",
                "site_admin": false
            },
            "created_at": "2014-12-02T17:46:25Z",
            "updated_at": "2014-12-02T17:46:25Z",
            "author_association": "CONTRIBUTOR",
            "body": "The information is still outdated, though. Most extensions are compatible. Also, my current suggestion does take into account what you said. \"Unless you require absolute compatibility, you should be fine with Python 3\" which implies Python 2 is a valid choice still if you need absolute compatibility. We've been using Python 3 for our new app and indeed, it's almost without problems.\n\nI just feel the current page is way too pessimistic about Python 3 (as we all know mitsuhiko's personal stance towards Python 3). Python 3 is the way forward and we should encourage people to use it. At the very least, the information on the page should be updated.\n"
        },
        {
            "url": "https://api.github.com/repos/pallets/flask/issues/comments/65275854",
            "html_url": "https://github.com/pallets/flask/pull/1264#issuecomment-65275854",
            "issue_url": "https://api.github.com/repos/pallets/flask/issues/1264",
            "id": 65275854,
            "node_id": "MDEyOklzc3VlQ29tbWVudDY1Mjc1ODU0",
            "user": {
                "login": "untitaker",
                "id": 837573,
                "node_id": "MDQ6VXNlcjgzNzU3Mw==",
                "avatar_url": "https://avatars0.githubusercontent.com/u/837573?v=4",
                "gravatar_id": "",
                "url": "https://api.github.com/users/untitaker",
                "html_url": "https://github.com/untitaker",
                "followers_url": "https://api.github.com/users/untitaker/followers",
                "following_url": "https://api.github.com/users/untitaker/following{/other_user}",
                "gists_url": "https://api.github.com/users/untitaker/gists{/gist_id}",
                "starred_url": "https://api.github.com/users/untitaker/starred{/owner}{/repo}",
                "subscriptions_url": "https://api.github.com/users/untitaker/subscriptions",
                "organizations_url": "https://api.github.com/users/untitaker/orgs",
                "repos_url": "https://api.github.com/users/untitaker/repos",
                "events_url": "https://api.github.com/users/untitaker/events{/privacy}",
                "received_events_url": "https://api.github.com/users/untitaker/received_events",
                "type": "User",
                "site_admin": false
            },
            "created_at": "2014-12-02T18:08:48Z",
            "updated_at": "2014-12-02T18:09:08Z",
            "author_association": "MEMBER",
            "body": "Using Flask or Werkzeug with Python 3 is absolutely not a stable affair. There are around 20 Python 3-related bugfixes in Werkzeug's master, and I don't think the majority Python 3 ports of any software currently are. I agree the ecosystem did catch up though, and the text on that page is outdated and way too pessimistic (which represents Armin's opinions very well!).\n"
        },
        {
            "url": "https://api.github.com/repos/pallets/flask/issues/comments/65278555",
            "html_url": "https://github.com/pallets/flask/pull/1264#issuecomment-65278555",
            "issue_url": "https://api.github.com/repos/pallets/flask/issues/1264",
            "id": 65278555,
            "node_id": "MDEyOklzc3VlQ29tbWVudDY1Mjc4NTU1",
            "user": {
                "login": "svenstaro",
                "id": 1664,
                "node_id": "MDQ6VXNlcjE2NjQ=",
                "avatar_url": "https://avatars0.githubusercontent.com/u/1664?v=4",
                "gravatar_id": "",
                "url": "https://api.github.com/users/svenstaro",
                "html_url": "https://github.com/svenstaro",
                "followers_url": "https://api.github.com/users/svenstaro/followers",
                "following_url": "https://api.github.com/users/svenstaro/following{/other_user}",
                "gists_url": "https://api.github.com/users/svenstaro/gists{/gist_id}",
                "starred_url": "https://api.github.com/users/svenstaro/starred{/owner}{/repo}",
                "subscriptions_url": "https://api.github.com/users/svenstaro/subscriptions",
                "organizations_url": "https://api.github.com/users/svenstaro/orgs",
                "repos_url": "https://api.github.com/users/svenstaro/repos",
                "events_url": "https://api.github.com/users/svenstaro/events{/privacy}",
                "received_events_url": "https://api.github.com/users/svenstaro/received_events",
                "type": "User",
                "site_admin": false
            },
            "created_at": "2014-12-02T18:26:24Z",
            "updated_at": "2014-12-02T18:26:24Z",
            "author_association": "CONTRIBUTOR",
            "body": "@untitaker What would you have me change in order to merge this pull request?\n"
        },
        {
            "url": "https://api.github.com/repos/pallets/flask/issues/comments/65279520",
            "html_url": "https://github.com/pallets/flask/pull/1264#issuecomment-65279520",
            "issue_url": "https://api.github.com/repos/pallets/flask/issues/1264",
            "id": 65279520,
            "node_id": "MDEyOklzc3VlQ29tbWVudDY1Mjc5NTIw",
            "user": {
                "login": "untitaker",
                "id": 837573,
                "node_id": "MDQ6VXNlcjgzNzU3Mw==",
                "avatar_url": "https://avatars0.githubusercontent.com/u/837573?v=4",
                "gravatar_id": "",
                "url": "https://api.github.com/users/untitaker",
                "html_url": "https://github.com/untitaker",
                "followers_url": "https://api.github.com/users/untitaker/followers",
                "following_url": "https://api.github.com/users/untitaker/following{/other_user}",
                "gists_url": "https://api.github.com/users/untitaker/gists{/gist_id}",
                "starred_url": "https://api.github.com/users/untitaker/starred{/owner}{/repo}",
                "subscriptions_url": "https://api.github.com/users/untitaker/subscriptions",
                "organizations_url": "https://api.github.com/users/untitaker/orgs",
                "repos_url": "https://api.github.com/users/untitaker/repos",
                "events_url": "https://api.github.com/users/untitaker/events{/privacy}",
                "received_events_url": "https://api.github.com/users/untitaker/received_events",
                "type": "User",
                "site_admin": false
            },
            "created_at": "2014-12-02T18:32:11Z",
            "updated_at": "2014-12-02T18:32:11Z",
            "author_association": "MEMBER",
            "body": "@svenstaro I think we can say at this point that Python 3 is already a sensible choice (regarding completeness of the ecosystem), but the user might run into encoding-related bugs when using it.\n"
        },
        {
            "url": "https://api.github.com/repos/pallets/flask/issues/comments/65280854",
            "html_url": "https://github.com/pallets/flask/pull/1264#issuecomment-65280854",
            "issue_url": "https://api.github.com/repos/pallets/flask/issues/1264",
            "id": 65280854,
            "node_id": "MDEyOklzc3VlQ29tbWVudDY1MjgwODU0",
            "user": {
                "login": "svenstaro",
                "id": 1664,
                "node_id": "MDQ6VXNlcjE2NjQ=",
                "avatar_url": "https://avatars0.githubusercontent.com/u/1664?v=4",
                "gravatar_id": "",
                "url": "https://api.github.com/users/svenstaro",
                "html_url": "https://github.com/svenstaro",
                "followers_url": "https://api.github.com/users/svenstaro/followers",
                "following_url": "https://api.github.com/users/svenstaro/following{/other_user}",
                "gists_url": "https://api.github.com/users/svenstaro/gists{/gist_id}",
                "starred_url": "https://api.github.com/users/svenstaro/starred{/owner}{/repo}",
                "subscriptions_url": "https://api.github.com/users/svenstaro/subscriptions",
                "organizations_url": "https://api.github.com/users/svenstaro/orgs",
                "repos_url": "https://api.github.com/users/svenstaro/repos",
                "events_url": "https://api.github.com/users/svenstaro/events{/privacy}",
                "received_events_url": "https://api.github.com/users/svenstaro/received_events",
                "type": "User",
                "site_admin": false
            },
            "created_at": "2014-12-02T18:40:26Z",
            "updated_at": "2014-12-02T18:40:26Z",
            "author_association": "CONTRIBUTOR",
            "body": "How's that?\n"
        },
        {
            "url": "https://api.github.com/repos/pallets/flask/issues/comments/65292525",
            "html_url": "https://github.com/pallets/flask/pull/1264#issuecomment-65292525",
            "issue_url": "https://api.github.com/repos/pallets/flask/issues/1264",
            "id": 65292525,
            "node_id": "MDEyOklzc3VlQ29tbWVudDY1MjkyNTI1",
            "user": {
                "login": "untitaker",
                "id": 837573,
                "node_id": "MDQ6VXNlcjgzNzU3Mw==",
                "avatar_url": "https://avatars0.githubusercontent.com/u/837573?v=4",
                "gravatar_id": "",
                "url": "https://api.github.com/users/untitaker",
                "html_url": "https://github.com/untitaker",
                "followers_url": "https://api.github.com/users/untitaker/followers",
                "following_url": "https://api.github.com/users/untitaker/following{/other_user}",
                "gists_url": "https://api.github.com/users/untitaker/gists{/gist_id}",
                "starred_url": "https://api.github.com/users/untitaker/starred{/owner}{/repo}",
                "subscriptions_url": "https://api.github.com/users/untitaker/subscriptions",
                "organizations_url": "https://api.github.com/users/untitaker/orgs",
                "repos_url": "https://api.github.com/users/untitaker/repos",
                "events_url": "https://api.github.com/users/untitaker/events{/privacy}",
                "received_events_url": "https://api.github.com/users/untitaker/received_events",
                "type": "User",
                "site_admin": false
            },
            "created_at": "2014-12-02T19:49:57Z",
            "updated_at": "2014-12-02T19:49:57Z",
            "author_association": "MEMBER",
            "body": "@DasIch Any opinion on this now? We discussed this in IRC a bit and I like the current phrasing. \n"
        },
        {
            "url": "https://api.github.com/repos/pallets/flask/issues/comments/65696017",
            "html_url": "https://github.com/pallets/flask/pull/1264#issuecomment-65696017",
            "issue_url": "https://api.github.com/repos/pallets/flask/issues/1264",
            "id": 65696017,
            "node_id": "MDEyOklzc3VlQ29tbWVudDY1Njk2MDE3",
            "user": {
                "login": "DasIch",
                "id": 182316,
                "node_id": "MDQ6VXNlcjE4MjMxNg==",
                "avatar_url": "https://avatars0.githubusercontent.com/u/182316?v=4",
                "gravatar_id": "",
                "url": "https://api.github.com/users/DasIch",
                "html_url": "https://github.com/DasIch",
                "followers_url": "https://api.github.com/users/DasIch/followers",
                "following_url": "https://api.github.com/users/DasIch/following{/other_user}",
                "gists_url": "https://api.github.com/users/DasIch/gists{/gist_id}",
                "starred_url": "https://api.github.com/users/DasIch/starred{/owner}{/repo}",
                "subscriptions_url": "https://api.github.com/users/DasIch/subscriptions",
                "organizations_url": "https://api.github.com/users/DasIch/orgs",
                "repos_url": "https://api.github.com/users/DasIch/repos",
                "events_url": "https://api.github.com/users/DasIch/events{/privacy}",
                "received_events_url": "https://api.github.com/users/DasIch/received_events",
                "type": "User",
                "site_admin": false
            },
            "created_at": "2014-12-04T20:17:11Z",
            "updated_at": "2014-12-04T20:17:11Z",
            "author_association": "CONTRIBUTOR",
            "body": "Agreed, this is better.\n"
        },
        {
            "url": "https://api.github.com/repos/pallets/flask/issues/comments/65707977",
            "html_url": "https://github.com/pallets/flask/pull/1264#issuecomment-65707977",
            "issue_url": "https://api.github.com/repos/pallets/flask/issues/1264",
            "id": 65707977,
            "node_id": "MDEyOklzc3VlQ29tbWVudDY1NzA3OTc3",
            "user": {
                "login": "untitaker",
                "id": 837573,
                "node_id": "MDQ6VXNlcjgzNzU3Mw==",
                "avatar_url": "https://avatars0.githubusercontent.com/u/837573?v=4",
                "gravatar_id": "",
                "url": "https://api.github.com/users/untitaker",
                "html_url": "https://github.com/untitaker",
                "followers_url": "https://api.github.com/users/untitaker/followers",
                "following_url": "https://api.github.com/users/untitaker/following{/other_user}",
                "gists_url": "https://api.github.com/users/untitaker/gists{/gist_id}",
                "starred_url": "https://api.github.com/users/untitaker/starred{/owner}{/repo}",
                "subscriptions_url": "https://api.github.com/users/untitaker/subscriptions",
                "organizations_url": "https://api.github.com/users/untitaker/orgs",
                "repos_url": "https://api.github.com/users/untitaker/repos",
                "events_url": "https://api.github.com/users/untitaker/events{/privacy}",
                "received_events_url": "https://api.github.com/users/untitaker/received_events",
                "type": "User",
                "site_admin": false
            },
            "created_at": "2014-12-04T21:36:37Z",
            "updated_at": "2014-12-04T21:36:37Z",
            "author_association": "MEMBER",
            "body": "@svenstaro Thanks for this!\n"
        }
    ]
}