{
    "url": "https://api.github.com/repos/pallets/flask/issues/1265",
    "repository_url": "https://api.github.com/repos/pallets/flask",
    "labels_url": "https://api.github.com/repos/pallets/flask/issues/1265/labels{/name}",
    "comments_url": "https://api.github.com/repos/pallets/flask/issues/1265/comments",
    "events_url": "https://api.github.com/repos/pallets/flask/issues/1265/events",
    "html_url": "https://github.com/pallets/flask/issues/1265",
    "id": 50854478,
    "node_id": "MDU6SXNzdWU1MDg1NDQ3OA==",
    "number": 1265,
    "title": "Slash in route affects sorting/matching order",
    "user": {
        "login": "nicolas-garcia",
        "id": 1201859,
        "node_id": "MDQ6VXNlcjEyMDE4NTk=",
        "avatar_url": "https://avatars1.githubusercontent.com/u/1201859?v=4",
        "gravatar_id": "",
        "url": "https://api.github.com/users/nicolas-garcia",
        "html_url": "https://github.com/nicolas-garcia",
        "followers_url": "https://api.github.com/users/nicolas-garcia/followers",
        "following_url": "https://api.github.com/users/nicolas-garcia/following{/other_user}",
        "gists_url": "https://api.github.com/users/nicolas-garcia/gists{/gist_id}",
        "starred_url": "https://api.github.com/users/nicolas-garcia/starred{/owner}{/repo}",
        "subscriptions_url": "https://api.github.com/users/nicolas-garcia/subscriptions",
        "organizations_url": "https://api.github.com/users/nicolas-garcia/orgs",
        "repos_url": "https://api.github.com/users/nicolas-garcia/repos",
        "events_url": "https://api.github.com/users/nicolas-garcia/events{/privacy}",
        "received_events_url": "https://api.github.com/users/nicolas-garcia/received_events",
        "type": "User",
        "site_admin": false
    },
    "labels": [],
    "state": "closed",
    "locked": false,
    "assignee": null,
    "assignees": [],
    "milestone": null,
    "comments": 4,
    "created_at": "2014-12-03T15:52:20Z",
    "updated_at": "2017-06-05T12:55:47Z",
    "closed_at": "2017-06-05T12:55:46Z",
    "author_association": "NONE",
    "body": "Hi !\n\nI'm in trouble since a moment using Flask with that point.\nI'm registring 2 url rules in a blueprint :\n\n``` python\nclass MyClass(Blueprint):\n    def setup(self):\n        self.add_url_rule('<service>.<ext>', view_func=service_call)\n        self.add_url_rule('networks.<ext>', view_func=networks)\n```\n\nI've read somewhere that the rule with the less number of parameters is taken in routing.\nBut, when I'm typing /networks.json, I'm in the `service_call()` function, not in `networks()`\nWhen I print the `url_map` :\n\n``` python\nMap([ <Rule '/v1/<service>.<ext>' (HEAD, OPTIONS, GET) -> v1.service_call>,\n <Rule '/v1/networks.<ext>' (HEAD, OPTIONS, GET) -> v1.networks>,\n <Rule '/static/<filename>' (HEAD, OPTIONS, GET) -> static>])\n```\n\nAfter some tests, it seems that following code is working as expected :\n\n``` python\nclass MyClass(Blueprint):\n    def setup(self):\n        self.add_url_rule('<service>/<ext>', view_func=service_call)\n        self.add_url_rule('networks/<ext>', view_func=networks)\n```\n\nSo, the dot isn't considered as a \"separator\" ?\nIs there a way to fix that ?\n\nThanks in advance for your help !\n",
    "comments_inline": [
        {
            "url": "https://api.github.com/repos/pallets/flask/issues/comments/65439788",
            "html_url": "https://github.com/pallets/flask/issues/1265#issuecomment-65439788",
            "issue_url": "https://api.github.com/repos/pallets/flask/issues/1265",
            "id": 65439788,
            "node_id": "MDEyOklzc3VlQ29tbWVudDY1NDM5Nzg4",
            "user": {
                "login": "untitaker",
                "id": 837573,
                "node_id": "MDQ6VXNlcjgzNzU3Mw==",
                "avatar_url": "https://avatars0.githubusercontent.com/u/837573?v=4",
                "gravatar_id": "",
                "url": "https://api.github.com/users/untitaker",
                "html_url": "https://github.com/untitaker",
                "followers_url": "https://api.github.com/users/untitaker/followers",
                "following_url": "https://api.github.com/users/untitaker/following{/other_user}",
                "gists_url": "https://api.github.com/users/untitaker/gists{/gist_id}",
                "starred_url": "https://api.github.com/users/untitaker/starred{/owner}{/repo}",
                "subscriptions_url": "https://api.github.com/users/untitaker/subscriptions",
                "organizations_url": "https://api.github.com/users/untitaker/orgs",
                "repos_url": "https://api.github.com/users/untitaker/repos",
                "events_url": "https://api.github.com/users/untitaker/events{/privacy}",
                "received_events_url": "https://api.github.com/users/untitaker/received_events",
                "type": "User",
                "site_admin": false
            },
            "created_at": "2014-12-03T16:28:34Z",
            "updated_at": "2014-12-03T16:28:34Z",
            "author_association": "MEMBER",
            "body": "Duplicate of https://github.com/mitsuhiko/werkzeug/issues/185\n"
        },
        {
            "url": "https://api.github.com/repos/pallets/flask/issues/comments/65439993",
            "html_url": "https://github.com/pallets/flask/issues/1265#issuecomment-65439993",
            "issue_url": "https://api.github.com/repos/pallets/flask/issues/1265",
            "id": 65439993,
            "node_id": "MDEyOklzc3VlQ29tbWVudDY1NDM5OTkz",
            "user": {
                "login": "untitaker",
                "id": 837573,
                "node_id": "MDQ6VXNlcjgzNzU3Mw==",
                "avatar_url": "https://avatars0.githubusercontent.com/u/837573?v=4",
                "gravatar_id": "",
                "url": "https://api.github.com/users/untitaker",
                "html_url": "https://github.com/untitaker",
                "followers_url": "https://api.github.com/users/untitaker/followers",
                "following_url": "https://api.github.com/users/untitaker/following{/other_user}",
                "gists_url": "https://api.github.com/users/untitaker/gists{/gist_id}",
                "starred_url": "https://api.github.com/users/untitaker/starred{/owner}{/repo}",
                "subscriptions_url": "https://api.github.com/users/untitaker/subscriptions",
                "organizations_url": "https://api.github.com/users/untitaker/orgs",
                "repos_url": "https://api.github.com/users/untitaker/repos",
                "events_url": "https://api.github.com/users/untitaker/events{/privacy}",
                "received_events_url": "https://api.github.com/users/untitaker/received_events",
                "type": "User",
                "site_admin": false
            },
            "created_at": "2014-12-03T16:29:13Z",
            "updated_at": "2014-12-03T16:29:13Z",
            "author_association": "MEMBER",
            "body": "Actually this is a slightly different case, so I'll reopen.\n"
        },
        {
            "url": "https://api.github.com/repos/pallets/flask/issues/comments/94204600",
            "html_url": "https://github.com/pallets/flask/issues/1265#issuecomment-94204600",
            "issue_url": "https://api.github.com/repos/pallets/flask/issues/1265",
            "id": 94204600,
            "node_id": "MDEyOklzc3VlQ29tbWVudDk0MjA0NjAw",
            "user": {
                "login": "mreinhardt",
                "id": 582461,
                "node_id": "MDQ6VXNlcjU4MjQ2MQ==",
                "avatar_url": "https://avatars0.githubusercontent.com/u/582461?v=4",
                "gravatar_id": "",
                "url": "https://api.github.com/users/mreinhardt",
                "html_url": "https://github.com/mreinhardt",
                "followers_url": "https://api.github.com/users/mreinhardt/followers",
                "following_url": "https://api.github.com/users/mreinhardt/following{/other_user}",
                "gists_url": "https://api.github.com/users/mreinhardt/gists{/gist_id}",
                "starred_url": "https://api.github.com/users/mreinhardt/starred{/owner}{/repo}",
                "subscriptions_url": "https://api.github.com/users/mreinhardt/subscriptions",
                "organizations_url": "https://api.github.com/users/mreinhardt/orgs",
                "repos_url": "https://api.github.com/users/mreinhardt/repos",
                "events_url": "https://api.github.com/users/mreinhardt/events{/privacy}",
                "received_events_url": "https://api.github.com/users/mreinhardt/received_events",
                "type": "User",
                "site_admin": false
            },
            "created_at": "2015-04-18T22:02:35Z",
            "updated_at": "2015-04-18T23:41:30Z",
            "author_association": "NONE",
            "body": "I think this is a Werkzeug issue, specifically with https://github.com/mitsuhiko/werkzeug/blob/master/werkzeug/routing.py. You should probably submit it to https://github.com/mitsuhiko/werkzeug/issues\n\nIn the meantime, reordering the routes should work.\n"
        },
        {
            "url": "https://api.github.com/repos/pallets/flask/issues/comments/306180598",
            "html_url": "https://github.com/pallets/flask/issues/1265#issuecomment-306180598",
            "issue_url": "https://api.github.com/repos/pallets/flask/issues/1265",
            "id": 306180598,
            "node_id": "MDEyOklzc3VlQ29tbWVudDMwNjE4MDU5OA==",
            "user": {
                "login": "davidism",
                "id": 1242887,
                "node_id": "MDQ6VXNlcjEyNDI4ODc=",
                "avatar_url": "https://avatars1.githubusercontent.com/u/1242887?v=4",
                "gravatar_id": "",
                "url": "https://api.github.com/users/davidism",
                "html_url": "https://github.com/davidism",
                "followers_url": "https://api.github.com/users/davidism/followers",
                "following_url": "https://api.github.com/users/davidism/following{/other_user}",
                "gists_url": "https://api.github.com/users/davidism/gists{/gist_id}",
                "starred_url": "https://api.github.com/users/davidism/starred{/owner}{/repo}",
                "subscriptions_url": "https://api.github.com/users/davidism/subscriptions",
                "organizations_url": "https://api.github.com/users/davidism/orgs",
                "repos_url": "https://api.github.com/users/davidism/repos",
                "events_url": "https://api.github.com/users/davidism/events{/privacy}",
                "received_events_url": "https://api.github.com/users/davidism/received_events",
                "type": "User",
                "site_admin": false
            },
            "created_at": "2017-06-05T12:55:46Z",
            "updated_at": "2017-06-05T12:55:46Z",
            "author_association": "MEMBER",
            "body": "This is a Werkzeug issue, already reported at pallets/werkzeug#727."
        }
    ]
}