{
    "url": "https://api.github.com/repos/pallets/flask/issues/1267",
    "repository_url": "https://api.github.com/repos/pallets/flask",
    "labels_url": "https://api.github.com/repos/pallets/flask/issues/1267/labels{/name}",
    "comments_url": "https://api.github.com/repos/pallets/flask/issues/1267/comments",
    "events_url": "https://api.github.com/repos/pallets/flask/issues/1267/events",
    "html_url": "https://github.com/pallets/flask/issues/1267",
    "id": 50936281,
    "node_id": "MDU6SXNzdWU1MDkzNjI4MQ==",
    "number": 1267,
    "title": "Add Bottle-like route sugar",
    "user": {
        "login": "robertlagrant",
        "id": 1766161,
        "node_id": "MDQ6VXNlcjE3NjYxNjE=",
        "avatar_url": "https://avatars2.githubusercontent.com/u/1766161?v=4",
        "gravatar_id": "",
        "url": "https://api.github.com/users/robertlagrant",
        "html_url": "https://github.com/robertlagrant",
        "followers_url": "https://api.github.com/users/robertlagrant/followers",
        "following_url": "https://api.github.com/users/robertlagrant/following{/other_user}",
        "gists_url": "https://api.github.com/users/robertlagrant/gists{/gist_id}",
        "starred_url": "https://api.github.com/users/robertlagrant/starred{/owner}{/repo}",
        "subscriptions_url": "https://api.github.com/users/robertlagrant/subscriptions",
        "organizations_url": "https://api.github.com/users/robertlagrant/orgs",
        "repos_url": "https://api.github.com/users/robertlagrant/repos",
        "events_url": "https://api.github.com/users/robertlagrant/events{/privacy}",
        "received_events_url": "https://api.github.com/users/robertlagrant/received_events",
        "type": "User",
        "site_admin": false
    },
    "labels": [],
    "state": "closed",
    "locked": false,
    "assignee": null,
    "assignees": [],
    "milestone": null,
    "comments": 4,
    "created_at": "2014-12-04T07:23:17Z",
    "updated_at": "2014-12-04T20:31:44Z",
    "closed_at": "2014-12-04T10:40:11Z",
    "author_association": "NONE",
    "body": "As well as the usual \n\n```\n@app.route('/login', methods=['POST'])\n```\n\nCould we have the sugary treats of shortcut decorators:\n\n```\n@app.post('/login')            // equivalent to the above\n\n@app.put('/article/new')    // the brave new world of REST\n\n@app.get('/login')              // synonymous with @app.route('/login')\n\n@app.getPost('/login')       // synonymous with @app.route('login', methods=['GET','POST']\n```\n\nOkay, the last one might be going a bit far (although practically it would be very useful). But in general, they're very pleasant ways to add RESTful route descriptions.\n",
    "comments_inline": [
        {
            "url": "https://api.github.com/repos/pallets/flask/issues/comments/65583584",
            "html_url": "https://github.com/pallets/flask/issues/1267#issuecomment-65583584",
            "issue_url": "https://api.github.com/repos/pallets/flask/issues/1267",
            "id": 65583584,
            "node_id": "MDEyOklzc3VlQ29tbWVudDY1NTgzNTg0",
            "user": {
                "login": "untitaker",
                "id": 837573,
                "node_id": "MDQ6VXNlcjgzNzU3Mw==",
                "avatar_url": "https://avatars0.githubusercontent.com/u/837573?v=4",
                "gravatar_id": "",
                "url": "https://api.github.com/users/untitaker",
                "html_url": "https://github.com/untitaker",
                "followers_url": "https://api.github.com/users/untitaker/followers",
                "following_url": "https://api.github.com/users/untitaker/following{/other_user}",
                "gists_url": "https://api.github.com/users/untitaker/gists{/gist_id}",
                "starred_url": "https://api.github.com/users/untitaker/starred{/owner}{/repo}",
                "subscriptions_url": "https://api.github.com/users/untitaker/subscriptions",
                "organizations_url": "https://api.github.com/users/untitaker/orgs",
                "repos_url": "https://api.github.com/users/untitaker/repos",
                "events_url": "https://api.github.com/users/untitaker/events{/privacy}",
                "received_events_url": "https://api.github.com/users/untitaker/received_events",
                "type": "User",
                "site_admin": false
            },
            "created_at": "2014-12-04T09:48:45Z",
            "updated_at": "2014-12-04T09:48:45Z",
            "author_association": "MEMBER",
            "body": "Whether these shortcuts are worth the added API complexity is really close to bikeshedding, and I think the train for this has already departed.\n\nGiven that this is easy to add yourself (and Flask is designed to let the user paint the bikeshed in any color), I don't think this should be added.\n"
        },
        {
            "url": "https://api.github.com/repos/pallets/flask/issues/comments/65595275",
            "html_url": "https://github.com/pallets/flask/issues/1267#issuecomment-65595275",
            "issue_url": "https://api.github.com/repos/pallets/flask/issues/1267",
            "id": 65595275,
            "node_id": "MDEyOklzc3VlQ29tbWVudDY1NTk1Mjc1",
            "user": {
                "login": "pbu88",
                "id": 3682272,
                "node_id": "MDQ6VXNlcjM2ODIyNzI=",
                "avatar_url": "https://avatars1.githubusercontent.com/u/3682272?v=4",
                "gravatar_id": "",
                "url": "https://api.github.com/users/pbu88",
                "html_url": "https://github.com/pbu88",
                "followers_url": "https://api.github.com/users/pbu88/followers",
                "following_url": "https://api.github.com/users/pbu88/following{/other_user}",
                "gists_url": "https://api.github.com/users/pbu88/gists{/gist_id}",
                "starred_url": "https://api.github.com/users/pbu88/starred{/owner}{/repo}",
                "subscriptions_url": "https://api.github.com/users/pbu88/subscriptions",
                "organizations_url": "https://api.github.com/users/pbu88/orgs",
                "repos_url": "https://api.github.com/users/pbu88/repos",
                "events_url": "https://api.github.com/users/pbu88/events{/privacy}",
                "received_events_url": "https://api.github.com/users/pbu88/received_events",
                "type": "User",
                "site_admin": false
            },
            "created_at": "2014-12-04T09:59:19Z",
            "updated_at": "2014-12-04T09:59:19Z",
            "author_association": "NONE",
            "body": "@untitaker Maybe is a good idea to have/create a `shortcuts` extensions or module where this kind of stuff can be added but it won't be at the Flask core.\n"
        },
        {
            "url": "https://api.github.com/repos/pallets/flask/issues/comments/65613832",
            "html_url": "https://github.com/pallets/flask/issues/1267#issuecomment-65613832",
            "issue_url": "https://api.github.com/repos/pallets/flask/issues/1267",
            "id": 65613832,
            "node_id": "MDEyOklzc3VlQ29tbWVudDY1NjEzODMy",
            "user": {
                "login": "untitaker",
                "id": 837573,
                "node_id": "MDQ6VXNlcjgzNzU3Mw==",
                "avatar_url": "https://avatars0.githubusercontent.com/u/837573?v=4",
                "gravatar_id": "",
                "url": "https://api.github.com/users/untitaker",
                "html_url": "https://github.com/untitaker",
                "followers_url": "https://api.github.com/users/untitaker/followers",
                "following_url": "https://api.github.com/users/untitaker/following{/other_user}",
                "gists_url": "https://api.github.com/users/untitaker/gists{/gist_id}",
                "starred_url": "https://api.github.com/users/untitaker/starred{/owner}{/repo}",
                "subscriptions_url": "https://api.github.com/users/untitaker/subscriptions",
                "organizations_url": "https://api.github.com/users/untitaker/orgs",
                "repos_url": "https://api.github.com/users/untitaker/repos",
                "events_url": "https://api.github.com/users/untitaker/events{/privacy}",
                "received_events_url": "https://api.github.com/users/untitaker/received_events",
                "type": "User",
                "site_admin": false
            },
            "created_at": "2014-12-04T10:40:11Z",
            "updated_at": "2014-12-04T15:00:37Z",
            "author_association": "MEMBER",
            "body": "An extension definetly is useful, I think most REST helpers have it. I'll close this then since I'm sure this has been considered at some point, given that Flask was inspired by Bottle.\n"
        },
        {
            "url": "https://api.github.com/repos/pallets/flask/issues/comments/65698702",
            "html_url": "https://github.com/pallets/flask/issues/1267#issuecomment-65698702",
            "issue_url": "https://api.github.com/repos/pallets/flask/issues/1267",
            "id": 65698702,
            "node_id": "MDEyOklzc3VlQ29tbWVudDY1Njk4NzAy",
            "user": {
                "login": "ThiefMaster",
                "id": 179599,
                "node_id": "MDQ6VXNlcjE3OTU5OQ==",
                "avatar_url": "https://avatars1.githubusercontent.com/u/179599?v=4",
                "gravatar_id": "",
                "url": "https://api.github.com/users/ThiefMaster",
                "html_url": "https://github.com/ThiefMaster",
                "followers_url": "https://api.github.com/users/ThiefMaster/followers",
                "following_url": "https://api.github.com/users/ThiefMaster/following{/other_user}",
                "gists_url": "https://api.github.com/users/ThiefMaster/gists{/gist_id}",
                "starred_url": "https://api.github.com/users/ThiefMaster/starred{/owner}{/repo}",
                "subscriptions_url": "https://api.github.com/users/ThiefMaster/subscriptions",
                "organizations_url": "https://api.github.com/users/ThiefMaster/orgs",
                "repos_url": "https://api.github.com/users/ThiefMaster/repos",
                "events_url": "https://api.github.com/users/ThiefMaster/events{/privacy}",
                "received_events_url": "https://api.github.com/users/ThiefMaster/received_events",
                "type": "User",
                "site_admin": false
            },
            "created_at": "2014-12-04T20:31:44Z",
            "updated_at": "2014-12-04T20:31:44Z",
            "author_association": "MEMBER",
            "body": "IMO this is not even extension material. You can just subclass `Flask` and possibly `Blueprint` to add those methods...\n"
        }
    ]
}