{
    "url": "https://api.github.com/repos/pallets/flask/issues/1268",
    "repository_url": "https://api.github.com/repos/pallets/flask",
    "labels_url": "https://api.github.com/repos/pallets/flask/issues/1268/labels{/name}",
    "comments_url": "https://api.github.com/repos/pallets/flask/issues/1268/comments",
    "events_url": "https://api.github.com/repos/pallets/flask/issues/1268/events",
    "html_url": "https://github.com/pallets/flask/pull/1268",
    "id": 51012888,
    "node_id": "MDExOlB1bGxSZXF1ZXN0MjU1MTg5MDY=",
    "number": 1268,
    "title": "Update api.rst",
    "user": {
        "login": "pkuphy",
        "id": 3149388,
        "node_id": "MDQ6VXNlcjMxNDkzODg=",
        "avatar_url": "https://avatars2.githubusercontent.com/u/3149388?v=4",
        "gravatar_id": "",
        "url": "https://api.github.com/users/pkuphy",
        "html_url": "https://github.com/pkuphy",
        "followers_url": "https://api.github.com/users/pkuphy/followers",
        "following_url": "https://api.github.com/users/pkuphy/following{/other_user}",
        "gists_url": "https://api.github.com/users/pkuphy/gists{/gist_id}",
        "starred_url": "https://api.github.com/users/pkuphy/starred{/owner}{/repo}",
        "subscriptions_url": "https://api.github.com/users/pkuphy/subscriptions",
        "organizations_url": "https://api.github.com/users/pkuphy/orgs",
        "repos_url": "https://api.github.com/users/pkuphy/repos",
        "events_url": "https://api.github.com/users/pkuphy/events{/privacy}",
        "received_events_url": "https://api.github.com/users/pkuphy/received_events",
        "type": "User",
        "site_admin": false
    },
    "labels": [],
    "state": "closed",
    "locked": false,
    "assignee": null,
    "assignees": [],
    "milestone": null,
    "comments": 1,
    "created_at": "2014-12-04T18:52:15Z",
    "updated_at": "2014-12-04T19:20:19Z",
    "closed_at": "2014-12-04T19:20:19Z",
    "author_association": "CONTRIBUTOR",
    "pull_request": {
        "url": "https://api.github.com/repos/pallets/flask/pulls/1268",
        "html_url": "https://github.com/pallets/flask/pull/1268",
        "diff_url": "https://github.com/pallets/flask/pull/1268.diff",
        "patch_url": "https://github.com/pallets/flask/pull/1268.patch"
    },
    "body": "is -> if\n",
    "comments_inline": [
        {
            "url": "https://api.github.com/repos/pallets/flask/issues/comments/65686655",
            "html_url": "https://github.com/pallets/flask/pull/1268#issuecomment-65686655",
            "issue_url": "https://api.github.com/repos/pallets/flask/issues/1268",
            "id": 65686655,
            "node_id": "MDEyOklzc3VlQ29tbWVudDY1Njg2NjU1",
            "user": {
                "login": "untitaker",
                "id": 837573,
                "node_id": "MDQ6VXNlcjgzNzU3Mw==",
                "avatar_url": "https://avatars0.githubusercontent.com/u/837573?v=4",
                "gravatar_id": "",
                "url": "https://api.github.com/users/untitaker",
                "html_url": "https://github.com/untitaker",
                "followers_url": "https://api.github.com/users/untitaker/followers",
                "following_url": "https://api.github.com/users/untitaker/following{/other_user}",
                "gists_url": "https://api.github.com/users/untitaker/gists{/gist_id}",
                "starred_url": "https://api.github.com/users/untitaker/starred{/owner}{/repo}",
                "subscriptions_url": "https://api.github.com/users/untitaker/subscriptions",
                "organizations_url": "https://api.github.com/users/untitaker/orgs",
                "repos_url": "https://api.github.com/users/untitaker/repos",
                "events_url": "https://api.github.com/users/untitaker/events{/privacy}",
                "received_events_url": "https://api.github.com/users/untitaker/received_events",
                "type": "User",
                "site_admin": false
            },
            "created_at": "2014-12-04T19:20:19Z",
            "updated_at": "2014-12-04T19:20:19Z",
            "author_association": "MEMBER",
            "body": "Closing this for #1269 \n"
        }
    ]
}