{
    "url": "https://api.github.com/repos/pallets/flask/issues/1269",
    "repository_url": "https://api.github.com/repos/pallets/flask",
    "labels_url": "https://api.github.com/repos/pallets/flask/issues/1269/labels{/name}",
    "comments_url": "https://api.github.com/repos/pallets/flask/issues/1269/comments",
    "events_url": "https://api.github.com/repos/pallets/flask/issues/1269/events",
    "html_url": "https://github.com/pallets/flask/pull/1269",
    "id": 51013045,
    "node_id": "MDExOlB1bGxSZXF1ZXN0MjU1MTkwMDA=",
    "number": 1269,
    "title": "Update api.rst",
    "user": {
        "login": "pkuphy",
        "id": 3149388,
        "node_id": "MDQ6VXNlcjMxNDkzODg=",
        "avatar_url": "https://avatars2.githubusercontent.com/u/3149388?v=4",
        "gravatar_id": "",
        "url": "https://api.github.com/users/pkuphy",
        "html_url": "https://github.com/pkuphy",
        "followers_url": "https://api.github.com/users/pkuphy/followers",
        "following_url": "https://api.github.com/users/pkuphy/following{/other_user}",
        "gists_url": "https://api.github.com/users/pkuphy/gists{/gist_id}",
        "starred_url": "https://api.github.com/users/pkuphy/starred{/owner}{/repo}",
        "subscriptions_url": "https://api.github.com/users/pkuphy/subscriptions",
        "organizations_url": "https://api.github.com/users/pkuphy/orgs",
        "repos_url": "https://api.github.com/users/pkuphy/repos",
        "events_url": "https://api.github.com/users/pkuphy/events{/privacy}",
        "received_events_url": "https://api.github.com/users/pkuphy/received_events",
        "type": "User",
        "site_admin": false
    },
    "labels": [],
    "state": "closed",
    "locked": false,
    "assignee": null,
    "assignees": [],
    "milestone": null,
    "comments": 1,
    "created_at": "2014-12-04T18:53:36Z",
    "updated_at": "2014-12-04T19:20:00Z",
    "closed_at": "2014-12-04T19:20:00Z",
    "author_association": "CONTRIBUTOR",
    "pull_request": {
        "url": "https://api.github.com/repos/pallets/flask/pulls/1269",
        "html_url": "https://github.com/pallets/flask/pull/1269",
        "diff_url": "https://github.com/pallets/flask/pull/1269.diff",
        "patch_url": "https://github.com/pallets/flask/pull/1269.patch"
    },
    "body": "is an -> if a\n",
    "comments_inline": [
        {
            "url": "https://api.github.com/repos/pallets/flask/issues/comments/65686596",
            "html_url": "https://github.com/pallets/flask/pull/1269#issuecomment-65686596",
            "issue_url": "https://api.github.com/repos/pallets/flask/issues/1269",
            "id": 65686596,
            "node_id": "MDEyOklzc3VlQ29tbWVudDY1Njg2NTk2",
            "user": {
                "login": "untitaker",
                "id": 837573,
                "node_id": "MDQ6VXNlcjgzNzU3Mw==",
                "avatar_url": "https://avatars0.githubusercontent.com/u/837573?v=4",
                "gravatar_id": "",
                "url": "https://api.github.com/users/untitaker",
                "html_url": "https://github.com/untitaker",
                "followers_url": "https://api.github.com/users/untitaker/followers",
                "following_url": "https://api.github.com/users/untitaker/following{/other_user}",
                "gists_url": "https://api.github.com/users/untitaker/gists{/gist_id}",
                "starred_url": "https://api.github.com/users/untitaker/starred{/owner}{/repo}",
                "subscriptions_url": "https://api.github.com/users/untitaker/subscriptions",
                "organizations_url": "https://api.github.com/users/untitaker/orgs",
                "repos_url": "https://api.github.com/users/untitaker/repos",
                "events_url": "https://api.github.com/users/untitaker/events{/privacy}",
                "received_events_url": "https://api.github.com/users/untitaker/received_events",
                "type": "User",
                "site_admin": false
            },
            "created_at": "2014-12-04T19:19:58Z",
            "updated_at": "2014-12-04T19:19:58Z",
            "author_association": "MEMBER",
            "body": "Thanks!\n"
        }
    ]
}