{
    "url": "https://api.github.com/repos/pallets/flask/issues/127",
    "repository_url": "https://api.github.com/repos/pallets/flask",
    "labels_url": "https://api.github.com/repos/pallets/flask/issues/127/labels{/name}",
    "comments_url": "https://api.github.com/repos/pallets/flask/issues/127/comments",
    "events_url": "https://api.github.com/repos/pallets/flask/issues/127/events",
    "html_url": "https://github.com/pallets/flask/pull/127",
    "id": 375295,
    "node_id": "MDExOlB1bGxSZXF1ZXN0MTg1MDU=",
    "number": 127,
    "title": "Ticket 126",
    "user": {
        "login": "s0undt3ch",
        "id": 300048,
        "node_id": "MDQ6VXNlcjMwMDA0OA==",
        "avatar_url": "https://avatars3.githubusercontent.com/u/300048?v=4",
        "gravatar_id": "",
        "url": "https://api.github.com/users/s0undt3ch",
        "html_url": "https://github.com/s0undt3ch",
        "followers_url": "https://api.github.com/users/s0undt3ch/followers",
        "following_url": "https://api.github.com/users/s0undt3ch/following{/other_user}",
        "gists_url": "https://api.github.com/users/s0undt3ch/gists{/gist_id}",
        "starred_url": "https://api.github.com/users/s0undt3ch/starred{/owner}{/repo}",
        "subscriptions_url": "https://api.github.com/users/s0undt3ch/subscriptions",
        "organizations_url": "https://api.github.com/users/s0undt3ch/orgs",
        "repos_url": "https://api.github.com/users/s0undt3ch/repos",
        "events_url": "https://api.github.com/users/s0undt3ch/events{/privacy}",
        "received_events_url": "https://api.github.com/users/s0undt3ch/received_events",
        "type": "User",
        "site_admin": false
    },
    "labels": [],
    "state": "closed",
    "locked": false,
    "assignee": null,
    "assignees": [],
    "milestone": null,
    "comments": 2,
    "created_at": "2010-10-21T19:36:52Z",
    "updated_at": "2014-06-12T07:00:22Z",
    "closed_at": "2010-10-22T12:37:06Z",
    "author_association": "CONTRIBUTOR",
    "pull_request": {
        "url": "https://api.github.com/repos/pallets/flask/pulls/127",
        "html_url": "https://github.com/pallets/flask/pull/127",
        "diff_url": "https://github.com/pallets/flask/pull/127.diff",
        "patch_url": "https://github.com/pallets/flask/pull/127.patch"
    },
    "body": "Here's a fix for ticket 126.\n\nI still suspect that a similar problem will rise when using app.test_client(). I'll investigate.\n",
    "comments_inline": [
        {
            "url": "https://api.github.com/repos/pallets/flask/issues/comments/484494",
            "html_url": "https://github.com/pallets/flask/pull/127#issuecomment-484494",
            "issue_url": "https://api.github.com/repos/pallets/flask/issues/127",
            "id": 484494,
            "node_id": "MDEyOklzc3VlQ29tbWVudDQ4NDQ5NA==",
            "user": {
                "login": "s0undt3ch",
                "id": 300048,
                "node_id": "MDQ6VXNlcjMwMDA0OA==",
                "avatar_url": "https://avatars3.githubusercontent.com/u/300048?v=4",
                "gravatar_id": "",
                "url": "https://api.github.com/users/s0undt3ch",
                "html_url": "https://github.com/s0undt3ch",
                "followers_url": "https://api.github.com/users/s0undt3ch/followers",
                "following_url": "https://api.github.com/users/s0undt3ch/following{/other_user}",
                "gists_url": "https://api.github.com/users/s0undt3ch/gists{/gist_id}",
                "starred_url": "https://api.github.com/users/s0undt3ch/starred{/owner}{/repo}",
                "subscriptions_url": "https://api.github.com/users/s0undt3ch/subscriptions",
                "organizations_url": "https://api.github.com/users/s0undt3ch/orgs",
                "repos_url": "https://api.github.com/users/s0undt3ch/repos",
                "events_url": "https://api.github.com/users/s0undt3ch/events{/privacy}",
                "received_events_url": "https://api.github.com/users/s0undt3ch/received_events",
                "type": "User",
                "site_admin": false
            },
            "created_at": "2010-10-21T19:37:29Z",
            "updated_at": "2010-10-21T19:37:29Z",
            "author_association": "CONTRIBUTOR",
            "body": "Hmm, this ended up on another ticket :| What now!?\n"
        },
        {
            "url": "https://api.github.com/repos/pallets/flask/issues/comments/485821",
            "html_url": "https://github.com/pallets/flask/pull/127#issuecomment-485821",
            "issue_url": "https://api.github.com/repos/pallets/flask/issues/127",
            "id": 485821,
            "node_id": "MDEyOklzc3VlQ29tbWVudDQ4NTgyMQ==",
            "user": {
                "login": "mitsuhiko",
                "id": 7396,
                "node_id": "MDQ6VXNlcjczOTY=",
                "avatar_url": "https://avatars1.githubusercontent.com/u/7396?v=4",
                "gravatar_id": "",
                "url": "https://api.github.com/users/mitsuhiko",
                "html_url": "https://github.com/mitsuhiko",
                "followers_url": "https://api.github.com/users/mitsuhiko/followers",
                "following_url": "https://api.github.com/users/mitsuhiko/following{/other_user}",
                "gists_url": "https://api.github.com/users/mitsuhiko/gists{/gist_id}",
                "starred_url": "https://api.github.com/users/mitsuhiko/starred{/owner}{/repo}",
                "subscriptions_url": "https://api.github.com/users/mitsuhiko/subscriptions",
                "organizations_url": "https://api.github.com/users/mitsuhiko/orgs",
                "repos_url": "https://api.github.com/users/mitsuhiko/repos",
                "events_url": "https://api.github.com/users/mitsuhiko/events{/privacy}",
                "received_events_url": "https://api.github.com/users/mitsuhiko/received_events",
                "type": "User",
                "site_admin": false
            },
            "created_at": "2010-10-22T12:37:06Z",
            "updated_at": "2010-10-22T12:37:06Z",
            "author_association": "MEMBER",
            "body": "No worries, just close the other one. Pulled now :)\n"
        }
    ]
}