{
    "url": "https://api.github.com/repos/pallets/flask/issues/1270",
    "repository_url": "https://api.github.com/repos/pallets/flask",
    "labels_url": "https://api.github.com/repos/pallets/flask/issues/1270/labels{/name}",
    "comments_url": "https://api.github.com/repos/pallets/flask/issues/1270/comments",
    "events_url": "https://api.github.com/repos/pallets/flask/issues/1270/events",
    "html_url": "https://github.com/pallets/flask/issues/1270",
    "id": 51204058,
    "node_id": "MDU6SXNzdWU1MTIwNDA1OA==",
    "number": 1270,
    "title": "Snippet \u201cSign in with Steam ID\u201d has issues",
    "user": {
        "login": "flying-sheep",
        "id": 291575,
        "node_id": "MDQ6VXNlcjI5MTU3NQ==",
        "avatar_url": "https://avatars0.githubusercontent.com/u/291575?v=4",
        "gravatar_id": "",
        "url": "https://api.github.com/users/flying-sheep",
        "html_url": "https://github.com/flying-sheep",
        "followers_url": "https://api.github.com/users/flying-sheep/followers",
        "following_url": "https://api.github.com/users/flying-sheep/following{/other_user}",
        "gists_url": "https://api.github.com/users/flying-sheep/gists{/gist_id}",
        "starred_url": "https://api.github.com/users/flying-sheep/starred{/owner}{/repo}",
        "subscriptions_url": "https://api.github.com/users/flying-sheep/subscriptions",
        "organizations_url": "https://api.github.com/users/flying-sheep/orgs",
        "repos_url": "https://api.github.com/users/flying-sheep/repos",
        "events_url": "https://api.github.com/users/flying-sheep/events{/privacy}",
        "received_events_url": "https://api.github.com/users/flying-sheep/received_events",
        "type": "User",
        "site_admin": false
    },
    "labels": [],
    "state": "closed",
    "locked": false,
    "assignee": null,
    "assignees": [],
    "milestone": null,
    "comments": 3,
    "created_at": "2014-12-07T01:54:26Z",
    "updated_at": "2014-12-07T11:59:01Z",
    "closed_at": "2014-12-07T11:44:36Z",
    "author_association": "CONTRIBUTOR",
    "body": "1. `flash` is not imported\n2. `user.nickname` is defined as `db.String(80)` instead of `db.Column(db.String(80))`\n",
    "comments_inline": [
        {
            "url": "https://api.github.com/repos/pallets/flask/issues/comments/65934666",
            "html_url": "https://github.com/pallets/flask/issues/1270#issuecomment-65934666",
            "issue_url": "https://api.github.com/repos/pallets/flask/issues/1270",
            "id": 65934666,
            "node_id": "MDEyOklzc3VlQ29tbWVudDY1OTM0NjY2",
            "user": {
                "login": "untitaker",
                "id": 837573,
                "node_id": "MDQ6VXNlcjgzNzU3Mw==",
                "avatar_url": "https://avatars0.githubusercontent.com/u/837573?v=4",
                "gravatar_id": "",
                "url": "https://api.github.com/users/untitaker",
                "html_url": "https://github.com/untitaker",
                "followers_url": "https://api.github.com/users/untitaker/followers",
                "following_url": "https://api.github.com/users/untitaker/following{/other_user}",
                "gists_url": "https://api.github.com/users/untitaker/gists{/gist_id}",
                "starred_url": "https://api.github.com/users/untitaker/starred{/owner}{/repo}",
                "subscriptions_url": "https://api.github.com/users/untitaker/subscriptions",
                "organizations_url": "https://api.github.com/users/untitaker/orgs",
                "repos_url": "https://api.github.com/users/untitaker/repos",
                "events_url": "https://api.github.com/users/untitaker/events{/privacy}",
                "received_events_url": "https://api.github.com/users/untitaker/received_events",
                "type": "User",
                "site_admin": false
            },
            "created_at": "2014-12-07T11:44:36Z",
            "updated_at": "2014-12-07T11:44:36Z",
            "author_association": "MEMBER",
            "body": "Re-filed against the new repository.\n"
        },
        {
            "url": "https://api.github.com/repos/pallets/flask/issues/comments/65935007",
            "html_url": "https://github.com/pallets/flask/issues/1270#issuecomment-65935007",
            "issue_url": "https://api.github.com/repos/pallets/flask/issues/1270",
            "id": 65935007,
            "node_id": "MDEyOklzc3VlQ29tbWVudDY1OTM1MDA3",
            "user": {
                "login": "flying-sheep",
                "id": 291575,
                "node_id": "MDQ6VXNlcjI5MTU3NQ==",
                "avatar_url": "https://avatars0.githubusercontent.com/u/291575?v=4",
                "gravatar_id": "",
                "url": "https://api.github.com/users/flying-sheep",
                "html_url": "https://github.com/flying-sheep",
                "followers_url": "https://api.github.com/users/flying-sheep/followers",
                "following_url": "https://api.github.com/users/flying-sheep/following{/other_user}",
                "gists_url": "https://api.github.com/users/flying-sheep/gists{/gist_id}",
                "starred_url": "https://api.github.com/users/flying-sheep/starred{/owner}{/repo}",
                "subscriptions_url": "https://api.github.com/users/flying-sheep/subscriptions",
                "organizations_url": "https://api.github.com/users/flying-sheep/orgs",
                "repos_url": "https://api.github.com/users/flying-sheep/repos",
                "events_url": "https://api.github.com/users/flying-sheep/events{/privacy}",
                "received_events_url": "https://api.github.com/users/flying-sheep/received_events",
                "type": "User",
                "site_admin": false
            },
            "created_at": "2014-12-07T11:57:50Z",
            "updated_at": "2014-12-07T11:57:50Z",
            "author_association": "CONTRIBUTOR",
            "body": "whoops, sorry. i saw all the issues, and assumed this would be the place for them (usually an empty/disabled issue tracker tells me to look elsewhere)\n"
        },
        {
            "url": "https://api.github.com/repos/pallets/flask/issues/comments/65935056",
            "html_url": "https://github.com/pallets/flask/issues/1270#issuecomment-65935056",
            "issue_url": "https://api.github.com/repos/pallets/flask/issues/1270",
            "id": 65935056,
            "node_id": "MDEyOklzc3VlQ29tbWVudDY1OTM1MDU2",
            "user": {
                "login": "untitaker",
                "id": 837573,
                "node_id": "MDQ6VXNlcjgzNzU3Mw==",
                "avatar_url": "https://avatars0.githubusercontent.com/u/837573?v=4",
                "gravatar_id": "",
                "url": "https://api.github.com/users/untitaker",
                "html_url": "https://github.com/untitaker",
                "followers_url": "https://api.github.com/users/untitaker/followers",
                "following_url": "https://api.github.com/users/untitaker/following{/other_user}",
                "gists_url": "https://api.github.com/users/untitaker/gists{/gist_id}",
                "starred_url": "https://api.github.com/users/untitaker/starred{/owner}{/repo}",
                "subscriptions_url": "https://api.github.com/users/untitaker/subscriptions",
                "organizations_url": "https://api.github.com/users/untitaker/orgs",
                "repos_url": "https://api.github.com/users/untitaker/repos",
                "events_url": "https://api.github.com/users/untitaker/events{/privacy}",
                "received_events_url": "https://api.github.com/users/untitaker/received_events",
                "type": "User",
                "site_admin": false
            },
            "created_at": "2014-12-07T11:59:01Z",
            "updated_at": "2014-12-07T11:59:01Z",
            "author_association": "MEMBER",
            "body": "Don't worry, it's fine.\n"
        }
    ]
}