{
    "url": "https://api.github.com/repos/pallets/flask/issues/1273",
    "repository_url": "https://api.github.com/repos/pallets/flask",
    "labels_url": "https://api.github.com/repos/pallets/flask/issues/1273/labels{/name}",
    "comments_url": "https://api.github.com/repos/pallets/flask/issues/1273/comments",
    "events_url": "https://api.github.com/repos/pallets/flask/issues/1273/events",
    "html_url": "https://github.com/pallets/flask/pull/1273",
    "id": 51454823,
    "node_id": "MDExOlB1bGxSZXF1ZXN0MjU3NjAwMzk=",
    "number": 1273,
    "title": "Fixed wording",
    "user": {
        "login": "prakashpp",
        "id": 2445201,
        "node_id": "MDQ6VXNlcjI0NDUyMDE=",
        "avatar_url": "https://avatars1.githubusercontent.com/u/2445201?v=4",
        "gravatar_id": "",
        "url": "https://api.github.com/users/prakashpp",
        "html_url": "https://github.com/prakashpp",
        "followers_url": "https://api.github.com/users/prakashpp/followers",
        "following_url": "https://api.github.com/users/prakashpp/following{/other_user}",
        "gists_url": "https://api.github.com/users/prakashpp/gists{/gist_id}",
        "starred_url": "https://api.github.com/users/prakashpp/starred{/owner}{/repo}",
        "subscriptions_url": "https://api.github.com/users/prakashpp/subscriptions",
        "organizations_url": "https://api.github.com/users/prakashpp/orgs",
        "repos_url": "https://api.github.com/users/prakashpp/repos",
        "events_url": "https://api.github.com/users/prakashpp/events{/privacy}",
        "received_events_url": "https://api.github.com/users/prakashpp/received_events",
        "type": "User",
        "site_admin": false
    },
    "labels": [],
    "state": "closed",
    "locked": false,
    "assignee": null,
    "assignees": [],
    "milestone": null,
    "comments": 1,
    "created_at": "2014-12-09T17:17:10Z",
    "updated_at": "2014-12-09T17:22:38Z",
    "closed_at": "2014-12-09T17:22:38Z",
    "author_association": "CONTRIBUTOR",
    "pull_request": {
        "url": "https://api.github.com/repos/pallets/flask/pulls/1273",
        "html_url": "https://github.com/pallets/flask/pull/1273",
        "diff_url": "https://github.com/pallets/flask/pull/1273.diff",
        "patch_url": "https://github.com/pallets/flask/pull/1273.patch"
    },
    "body": "",
    "comments_inline": [
        {
            "url": "https://api.github.com/repos/pallets/flask/issues/comments/66320776",
            "html_url": "https://github.com/pallets/flask/pull/1273#issuecomment-66320776",
            "issue_url": "https://api.github.com/repos/pallets/flask/issues/1273",
            "id": 66320776,
            "node_id": "MDEyOklzc3VlQ29tbWVudDY2MzIwNzc2",
            "user": {
                "login": "untitaker",
                "id": 837573,
                "node_id": "MDQ6VXNlcjgzNzU3Mw==",
                "avatar_url": "https://avatars0.githubusercontent.com/u/837573?v=4",
                "gravatar_id": "",
                "url": "https://api.github.com/users/untitaker",
                "html_url": "https://github.com/untitaker",
                "followers_url": "https://api.github.com/users/untitaker/followers",
                "following_url": "https://api.github.com/users/untitaker/following{/other_user}",
                "gists_url": "https://api.github.com/users/untitaker/gists{/gist_id}",
                "starred_url": "https://api.github.com/users/untitaker/starred{/owner}{/repo}",
                "subscriptions_url": "https://api.github.com/users/untitaker/subscriptions",
                "organizations_url": "https://api.github.com/users/untitaker/orgs",
                "repos_url": "https://api.github.com/users/untitaker/repos",
                "events_url": "https://api.github.com/users/untitaker/events{/privacy}",
                "received_events_url": "https://api.github.com/users/untitaker/received_events",
                "type": "User",
                "site_admin": false
            },
            "created_at": "2014-12-09T17:22:37Z",
            "updated_at": "2014-12-09T17:22:37Z",
            "author_association": "MEMBER",
            "body": "Thanks! :)\n"
        }
    ]
}