{
    "url": "https://api.github.com/repos/pallets/flask/issues/1274",
    "repository_url": "https://api.github.com/repos/pallets/flask",
    "labels_url": "https://api.github.com/repos/pallets/flask/issues/1274/labels{/name}",
    "comments_url": "https://api.github.com/repos/pallets/flask/issues/1274/comments",
    "events_url": "https://api.github.com/repos/pallets/flask/issues/1274/events",
    "html_url": "https://github.com/pallets/flask/issues/1274",
    "id": 51573730,
    "node_id": "MDU6SXNzdWU1MTU3MzczMA==",
    "number": 1274,
    "title": "reloader crashing",
    "user": {
        "login": "uunsamp",
        "id": 8798053,
        "node_id": "MDQ6VXNlcjg3OTgwNTM=",
        "avatar_url": "https://avatars2.githubusercontent.com/u/8798053?v=4",
        "gravatar_id": "",
        "url": "https://api.github.com/users/uunsamp",
        "html_url": "https://github.com/uunsamp",
        "followers_url": "https://api.github.com/users/uunsamp/followers",
        "following_url": "https://api.github.com/users/uunsamp/following{/other_user}",
        "gists_url": "https://api.github.com/users/uunsamp/gists{/gist_id}",
        "starred_url": "https://api.github.com/users/uunsamp/starred{/owner}{/repo}",
        "subscriptions_url": "https://api.github.com/users/uunsamp/subscriptions",
        "organizations_url": "https://api.github.com/users/uunsamp/orgs",
        "repos_url": "https://api.github.com/users/uunsamp/repos",
        "events_url": "https://api.github.com/users/uunsamp/events{/privacy}",
        "received_events_url": "https://api.github.com/users/uunsamp/received_events",
        "type": "User",
        "site_admin": false
    },
    "labels": [],
    "state": "closed",
    "locked": false,
    "assignee": null,
    "assignees": [],
    "milestone": null,
    "comments": 2,
    "created_at": "2014-12-10T15:50:10Z",
    "updated_at": "2015-04-06T08:18:55Z",
    "closed_at": "2015-04-06T08:18:55Z",
    "author_association": "NONE",
    "body": "Hi, I seem to be running into a Flask specific issue, here are the details:\n\noperating system:\n\n```\n$ lsb_release -a\nNo LSB modules are available.\nDistributor ID: Ubuntu\nDescription:    Ubuntu 14.04.1 LTS\nRelease:    14.04\nCodename:   trusty\n```\n\nstructure of package:\n\n```\n$ tree pantry\npantry\n\u251c\u2500\u2500 db.py\n\u251c\u2500\u2500 __init__.py\n\u251c\u2500\u2500 models\n\u2502\u00a0\u00a0 \u251c\u2500\u2500 food.py\n\u2502\u00a0\u00a0 \u2514\u2500\u2500 __init__.py\n\u2514\u2500\u2500 run.py\n```\n\nThe `__init__.py` files are empty.\n\nerror received:\n\n```\n$ pwd\n/home/sam\n\n$ python3.4 -m pantry.run\n * Running on http://127.0.0.1:5000/\n * Restarting with reloader\nTraceback (most recent call last):\n  File \"/home/sam/pantry/run.py\", line 2, in <module>\n    from pantry.models.food import Food\nImportError: No module named 'pantry'\n```\n\ndb.py:\n\n``` python\nfrom flask.ext.sqlalchemy import SQLAlchemy\n\ndb = SQLAlchemy()\n```\n\nfood.py\n\n``` python\nfrom pantry.db import db\n\nclass Food(db.Model):\n\n    id = db.Column(db.Integer, primary_key=True)\n    name = db.Column(db.String(80), unique=True)\n    amount = db.Column(db.Integer, unique=False)\n\n    def __repr__(self):\n        return '<Food %r>' % self.name\n```\n\nrun.py\n\n``` python\nfrom flask import Flask, jsonify\nfrom pantry.models.food import Food\nfrom pantry.db import db\nimport json\n\napp = Flask(__name__)\napp.config['SQLALCHEMY_DATABASE_URI'] = 'sqlite:////tmp/test.db'\ndb.init_app(app)\n\n@app.route('/food', methods=['GET'])\ndef list_food():\n    items = []\n    for food in Food.query.all():\n        item = {\n            \"name\": food.name,\n            \"amount\": food.amount,\n        }\n        items.append(item)\n    return jsonify(items)\n\nif __name__ == '__main__':\n    app.run(debug=True)\n```\n",
    "comments_inline": [
        {
            "url": "https://api.github.com/repos/pallets/flask/issues/comments/66490950",
            "html_url": "https://github.com/pallets/flask/issues/1274#issuecomment-66490950",
            "issue_url": "https://api.github.com/repos/pallets/flask/issues/1274",
            "id": 66490950,
            "node_id": "MDEyOklzc3VlQ29tbWVudDY2NDkwOTUw",
            "user": {
                "login": "untitaker",
                "id": 837573,
                "node_id": "MDQ6VXNlcjgzNzU3Mw==",
                "avatar_url": "https://avatars0.githubusercontent.com/u/837573?v=4",
                "gravatar_id": "",
                "url": "https://api.github.com/users/untitaker",
                "html_url": "https://github.com/untitaker",
                "followers_url": "https://api.github.com/users/untitaker/followers",
                "following_url": "https://api.github.com/users/untitaker/following{/other_user}",
                "gists_url": "https://api.github.com/users/untitaker/gists{/gist_id}",
                "starred_url": "https://api.github.com/users/untitaker/starred{/owner}{/repo}",
                "subscriptions_url": "https://api.github.com/users/untitaker/subscriptions",
                "organizations_url": "https://api.github.com/users/untitaker/orgs",
                "repos_url": "https://api.github.com/users/untitaker/repos",
                "events_url": "https://api.github.com/users/untitaker/events{/privacy}",
                "received_events_url": "https://api.github.com/users/untitaker/received_events",
                "type": "User",
                "site_admin": false
            },
            "created_at": "2014-12-10T17:39:00Z",
            "updated_at": "2014-12-10T17:39:00Z",
            "author_association": "MEMBER",
            "body": "Duplicate of https://github.com/mitsuhiko/werkzeug/issues/461\n\nAs a workaround, add /home/sam to sys.path.\n"
        },
        {
            "url": "https://api.github.com/repos/pallets/flask/issues/comments/89972493",
            "html_url": "https://github.com/pallets/flask/issues/1274#issuecomment-89972493",
            "issue_url": "https://api.github.com/repos/pallets/flask/issues/1274",
            "id": 89972493,
            "node_id": "MDEyOklzc3VlQ29tbWVudDg5OTcyNDkz",
            "user": {
                "login": "untitaker",
                "id": 837573,
                "node_id": "MDQ6VXNlcjgzNzU3Mw==",
                "avatar_url": "https://avatars0.githubusercontent.com/u/837573?v=4",
                "gravatar_id": "",
                "url": "https://api.github.com/users/untitaker",
                "html_url": "https://github.com/untitaker",
                "followers_url": "https://api.github.com/users/untitaker/followers",
                "following_url": "https://api.github.com/users/untitaker/following{/other_user}",
                "gists_url": "https://api.github.com/users/untitaker/gists{/gist_id}",
                "starred_url": "https://api.github.com/users/untitaker/starred{/owner}{/repo}",
                "subscriptions_url": "https://api.github.com/users/untitaker/subscriptions",
                "organizations_url": "https://api.github.com/users/untitaker/orgs",
                "repos_url": "https://api.github.com/users/untitaker/repos",
                "events_url": "https://api.github.com/users/untitaker/events{/privacy}",
                "received_events_url": "https://api.github.com/users/untitaker/received_events",
                "type": "User",
                "site_admin": false
            },
            "created_at": "2015-04-06T08:18:54Z",
            "updated_at": "2015-04-06T08:18:54Z",
            "author_association": "MEMBER",
            "body": "Closing due to being a duplicate.\n"
        }
    ]
}