{
    "url": "https://api.github.com/repos/pallets/flask/issues/1275",
    "repository_url": "https://api.github.com/repos/pallets/flask",
    "labels_url": "https://api.github.com/repos/pallets/flask/issues/1275/labels{/name}",
    "comments_url": "https://api.github.com/repos/pallets/flask/issues/1275/comments",
    "events_url": "https://api.github.com/repos/pallets/flask/issues/1275/events",
    "html_url": "https://github.com/pallets/flask/pull/1275",
    "id": 51740339,
    "node_id": "MDExOlB1bGxSZXF1ZXN0MjU5MzM1ODA=",
    "number": 1275,
    "title": "Include backend argument when instantiating Celery",
    "user": {
        "login": "AndrewBMartin",
        "id": 5890950,
        "node_id": "MDQ6VXNlcjU4OTA5NTA=",
        "avatar_url": "https://avatars2.githubusercontent.com/u/5890950?v=4",
        "gravatar_id": "",
        "url": "https://api.github.com/users/AndrewBMartin",
        "html_url": "https://github.com/AndrewBMartin",
        "followers_url": "https://api.github.com/users/AndrewBMartin/followers",
        "following_url": "https://api.github.com/users/AndrewBMartin/following{/other_user}",
        "gists_url": "https://api.github.com/users/AndrewBMartin/gists{/gist_id}",
        "starred_url": "https://api.github.com/users/AndrewBMartin/starred{/owner}{/repo}",
        "subscriptions_url": "https://api.github.com/users/AndrewBMartin/subscriptions",
        "organizations_url": "https://api.github.com/users/AndrewBMartin/orgs",
        "repos_url": "https://api.github.com/users/AndrewBMartin/repos",
        "events_url": "https://api.github.com/users/AndrewBMartin/events{/privacy}",
        "received_events_url": "https://api.github.com/users/AndrewBMartin/received_events",
        "type": "User",
        "site_admin": false
    },
    "labels": [],
    "state": "closed",
    "locked": false,
    "assignee": null,
    "assignees": [],
    "milestone": null,
    "comments": 2,
    "created_at": "2014-12-11T21:28:41Z",
    "updated_at": "2015-06-06T01:35:34Z",
    "closed_at": "2015-06-06T01:35:34Z",
    "author_association": "CONTRIBUTOR",
    "pull_request": {
        "url": "https://api.github.com/repos/pallets/flask/pulls/1275",
        "html_url": "https://github.com/pallets/flask/pull/1275",
        "diff_url": "https://github.com/pallets/flask/pull/1275.diff",
        "patch_url": "https://github.com/pallets/flask/pull/1275.patch"
    },
    "body": "Not including the backend argument can lead to AttributeError: DisabledBackend object has no attribute for '_get_task_meta_for'. See e.g., http://stackoverflow.com/questions/23215311/celery-with-rabbitmq-attributeerror-disabledbackend-object-has-no-attribute.\n\nAt the same time, including the backend argument doesn't seem to harm anything else.\n",
    "comments_inline": [
        {
            "url": "https://api.github.com/repos/pallets/flask/issues/comments/66871497",
            "html_url": "https://github.com/pallets/flask/pull/1275#issuecomment-66871497",
            "issue_url": "https://api.github.com/repos/pallets/flask/issues/1275",
            "id": 66871497,
            "node_id": "MDEyOklzc3VlQ29tbWVudDY2ODcxNDk3",
            "user": {
                "login": "untitaker",
                "id": 837573,
                "node_id": "MDQ6VXNlcjgzNzU3Mw==",
                "avatar_url": "https://avatars0.githubusercontent.com/u/837573?v=4",
                "gravatar_id": "",
                "url": "https://api.github.com/users/untitaker",
                "html_url": "https://github.com/untitaker",
                "followers_url": "https://api.github.com/users/untitaker/followers",
                "following_url": "https://api.github.com/users/untitaker/following{/other_user}",
                "gists_url": "https://api.github.com/users/untitaker/gists{/gist_id}",
                "starred_url": "https://api.github.com/users/untitaker/starred{/owner}{/repo}",
                "subscriptions_url": "https://api.github.com/users/untitaker/subscriptions",
                "organizations_url": "https://api.github.com/users/untitaker/orgs",
                "repos_url": "https://api.github.com/users/untitaker/repos",
                "events_url": "https://api.github.com/users/untitaker/events{/privacy}",
                "received_events_url": "https://api.github.com/users/untitaker/received_events",
                "type": "User",
                "site_admin": false
            },
            "created_at": "2014-12-13T10:02:52Z",
            "updated_at": "2014-12-13T10:02:52Z",
            "author_association": "MEMBER",
            "body": "I think this should be similarly configurable like the `broker` kwarg value.\n"
        },
        {
            "url": "https://api.github.com/repos/pallets/flask/issues/comments/109495316",
            "html_url": "https://github.com/pallets/flask/pull/1275#issuecomment-109495316",
            "issue_url": "https://api.github.com/repos/pallets/flask/issues/1275",
            "id": 109495316,
            "node_id": "MDEyOklzc3VlQ29tbWVudDEwOTQ5NTMxNg==",
            "user": {
                "login": "untitaker",
                "id": 837573,
                "node_id": "MDQ6VXNlcjgzNzU3Mw==",
                "avatar_url": "https://avatars0.githubusercontent.com/u/837573?v=4",
                "gravatar_id": "",
                "url": "https://api.github.com/users/untitaker",
                "html_url": "https://github.com/untitaker",
                "followers_url": "https://api.github.com/users/untitaker/followers",
                "following_url": "https://api.github.com/users/untitaker/following{/other_user}",
                "gists_url": "https://api.github.com/users/untitaker/gists{/gist_id}",
                "starred_url": "https://api.github.com/users/untitaker/starred{/owner}{/repo}",
                "subscriptions_url": "https://api.github.com/users/untitaker/subscriptions",
                "organizations_url": "https://api.github.com/users/untitaker/orgs",
                "repos_url": "https://api.github.com/users/untitaker/repos",
                "events_url": "https://api.github.com/users/untitaker/events{/privacy}",
                "received_events_url": "https://api.github.com/users/untitaker/received_events",
                "type": "User",
                "site_admin": false
            },
            "created_at": "2015-06-06T01:35:33Z",
            "updated_at": "2015-06-06T01:35:33Z",
            "author_association": "MEMBER",
            "body": "Applied to master.\n"
        }
    ]
}