{
    "url": "https://api.github.com/repos/pallets/flask/issues/1276",
    "repository_url": "https://api.github.com/repos/pallets/flask",
    "labels_url": "https://api.github.com/repos/pallets/flask/issues/1276/labels{/name}",
    "comments_url": "https://api.github.com/repos/pallets/flask/issues/1276/comments",
    "events_url": "https://api.github.com/repos/pallets/flask/issues/1276/events",
    "html_url": "https://github.com/pallets/flask/pull/1276",
    "id": 51756931,
    "node_id": "MDExOlB1bGxSZXF1ZXN0MjU5NDQxMzQ=",
    "number": 1276,
    "title": "Update MethodViewType for supporting Mixin",
    "user": {
        "login": "menudoproblema",
        "id": 976187,
        "node_id": "MDQ6VXNlcjk3NjE4Nw==",
        "avatar_url": "https://avatars2.githubusercontent.com/u/976187?v=4",
        "gravatar_id": "",
        "url": "https://api.github.com/users/menudoproblema",
        "html_url": "https://github.com/menudoproblema",
        "followers_url": "https://api.github.com/users/menudoproblema/followers",
        "following_url": "https://api.github.com/users/menudoproblema/following{/other_user}",
        "gists_url": "https://api.github.com/users/menudoproblema/gists{/gist_id}",
        "starred_url": "https://api.github.com/users/menudoproblema/starred{/owner}{/repo}",
        "subscriptions_url": "https://api.github.com/users/menudoproblema/subscriptions",
        "organizations_url": "https://api.github.com/users/menudoproblema/orgs",
        "repos_url": "https://api.github.com/users/menudoproblema/repos",
        "events_url": "https://api.github.com/users/menudoproblema/events{/privacy}",
        "received_events_url": "https://api.github.com/users/menudoproblema/received_events",
        "type": "User",
        "site_admin": false
    },
    "labels": [],
    "state": "closed",
    "locked": false,
    "assignee": null,
    "assignees": [],
    "milestone": null,
    "comments": 5,
    "created_at": "2014-12-12T00:30:15Z",
    "updated_at": "2017-04-21T16:08:24Z",
    "closed_at": "2017-04-21T15:55:29Z",
    "author_association": "NONE",
    "pull_request": {
        "url": "https://api.github.com/repos/pallets/flask/pulls/1276",
        "html_url": "https://github.com/pallets/flask/pull/1276",
        "diff_url": "https://github.com/pallets/flask/pull/1276.diff",
        "patch_url": "https://github.com/pallets/flask/pull/1276.patch"
    },
    "body": "Example of use:\n\nclass ListResourceMixin(object):\n    def get(self):\n        ...\n\nclass MyResource(Resource, ListResourceMixin):\n    ...\n",
    "comments_inline": [
        {
            "url": "https://api.github.com/repos/pallets/flask/issues/comments/66871727",
            "html_url": "https://github.com/pallets/flask/pull/1276#issuecomment-66871727",
            "issue_url": "https://api.github.com/repos/pallets/flask/issues/1276",
            "id": 66871727,
            "node_id": "MDEyOklzc3VlQ29tbWVudDY2ODcxNzI3",
            "user": {
                "login": "untitaker",
                "id": 837573,
                "node_id": "MDQ6VXNlcjgzNzU3Mw==",
                "avatar_url": "https://avatars0.githubusercontent.com/u/837573?v=4",
                "gravatar_id": "",
                "url": "https://api.github.com/users/untitaker",
                "html_url": "https://github.com/untitaker",
                "followers_url": "https://api.github.com/users/untitaker/followers",
                "following_url": "https://api.github.com/users/untitaker/following{/other_user}",
                "gists_url": "https://api.github.com/users/untitaker/gists{/gist_id}",
                "starred_url": "https://api.github.com/users/untitaker/starred{/owner}{/repo}",
                "subscriptions_url": "https://api.github.com/users/untitaker/subscriptions",
                "organizations_url": "https://api.github.com/users/untitaker/orgs",
                "repos_url": "https://api.github.com/users/untitaker/repos",
                "events_url": "https://api.github.com/users/untitaker/events{/privacy}",
                "received_events_url": "https://api.github.com/users/untitaker/received_events",
                "type": "User",
                "site_admin": false
            },
            "created_at": "2014-12-13T10:12:54Z",
            "updated_at": "2014-12-13T10:12:54Z",
            "author_association": "MEMBER",
            "body": "In which concrete scenario would you want to use mixins?\n"
        },
        {
            "url": "https://api.github.com/repos/pallets/flask/issues/comments/66886194",
            "html_url": "https://github.com/pallets/flask/pull/1276#issuecomment-66886194",
            "issue_url": "https://api.github.com/repos/pallets/flask/issues/1276",
            "id": 66886194,
            "node_id": "MDEyOklzc3VlQ29tbWVudDY2ODg2MTk0",
            "user": {
                "login": "menudoproblema",
                "id": 976187,
                "node_id": "MDQ6VXNlcjk3NjE4Nw==",
                "avatar_url": "https://avatars2.githubusercontent.com/u/976187?v=4",
                "gravatar_id": "",
                "url": "https://api.github.com/users/menudoproblema",
                "html_url": "https://github.com/menudoproblema",
                "followers_url": "https://api.github.com/users/menudoproblema/followers",
                "following_url": "https://api.github.com/users/menudoproblema/following{/other_user}",
                "gists_url": "https://api.github.com/users/menudoproblema/gists{/gist_id}",
                "starred_url": "https://api.github.com/users/menudoproblema/starred{/owner}{/repo}",
                "subscriptions_url": "https://api.github.com/users/menudoproblema/subscriptions",
                "organizations_url": "https://api.github.com/users/menudoproblema/orgs",
                "repos_url": "https://api.github.com/users/menudoproblema/repos",
                "events_url": "https://api.github.com/users/menudoproblema/events{/privacy}",
                "received_events_url": "https://api.github.com/users/menudoproblema/received_events",
                "type": "User",
                "site_admin": false
            },
            "created_at": "2014-12-13T18:36:41Z",
            "updated_at": "2014-12-13T18:36:41Z",
            "author_association": "NONE",
            "body": "I'm developing Webservices using Flask-Restful.\n\nclass ListResourceMixin(object):\n    list_parser = reqparse.RequestParser()\n    list_parser.add_argument('page', type=int) # Pagination for every model\n    list_parser.add_argument('items', type=int, default=10)\n\n```\ndef get(self):\n    args = self.list_parser.parse_args()\n    return list(self.model.list(**args))\n```\n\n...\n\nclass CustomerResource(Resource, ListResourceMixin):\n    model = models.Customer()\n\nclass ProductResource(Resource, ListResourceMixin):\n    model = models.Product()\n\nclass TodoResource(Resource, GetResourceMixin, UpdateResourceMixin,\nDeleteResourceMixin):\n    model = models.Todo()\n\n2014-12-13 11:13 GMT+01:00 Markus Unterwaditzer notifications@github.com:\n\n> In which concrete scenario would you want to use mixins?\n> \n> \u2014\n> Reply to this email directly or view it on GitHub\n> https://github.com/mitsuhiko/flask/pull/1276#issuecomment-66871727.\n\n## \n\n_Disponible en:_\n\nhttp://www.menudoproblema.es/\nTwitter http://twitter.com/menudoproblema - LinkedIn\nhttp://es.linkedin.com/in/vicenteruiz\n"
        },
        {
            "url": "https://api.github.com/repos/pallets/flask/issues/comments/85531747",
            "html_url": "https://github.com/pallets/flask/pull/1276#issuecomment-85531747",
            "issue_url": "https://api.github.com/repos/pallets/flask/issues/1276",
            "id": 85531747,
            "node_id": "MDEyOklzc3VlQ29tbWVudDg1NTMxNzQ3",
            "user": {
                "login": "RonnyPfannschmidt",
                "id": 156838,
                "node_id": "MDQ6VXNlcjE1NjgzOA==",
                "avatar_url": "https://avatars1.githubusercontent.com/u/156838?v=4",
                "gravatar_id": "",
                "url": "https://api.github.com/users/RonnyPfannschmidt",
                "html_url": "https://github.com/RonnyPfannschmidt",
                "followers_url": "https://api.github.com/users/RonnyPfannschmidt/followers",
                "following_url": "https://api.github.com/users/RonnyPfannschmidt/following{/other_user}",
                "gists_url": "https://api.github.com/users/RonnyPfannschmidt/gists{/gist_id}",
                "starred_url": "https://api.github.com/users/RonnyPfannschmidt/starred{/owner}{/repo}",
                "subscriptions_url": "https://api.github.com/users/RonnyPfannschmidt/subscriptions",
                "organizations_url": "https://api.github.com/users/RonnyPfannschmidt/orgs",
                "repos_url": "https://api.github.com/users/RonnyPfannschmidt/repos",
                "events_url": "https://api.github.com/users/RonnyPfannschmidt/events{/privacy}",
                "received_events_url": "https://api.github.com/users/RonnyPfannschmidt/received_events",
                "type": "User",
                "site_admin": false
            },
            "created_at": "2015-03-24T14:39:37Z",
            "updated_at": "2015-03-24T14:39:37Z",
            "author_association": "CONTRIBUTOR",
            "body": "no unittests?\n"
        },
        {
            "url": "https://api.github.com/repos/pallets/flask/issues/comments/140734357",
            "html_url": "https://github.com/pallets/flask/pull/1276#issuecomment-140734357",
            "issue_url": "https://api.github.com/repos/pallets/flask/issues/1276",
            "id": 140734357,
            "node_id": "MDEyOklzc3VlQ29tbWVudDE0MDczNDM1Nw==",
            "user": {
                "login": "wswld",
                "id": 2890146,
                "node_id": "MDQ6VXNlcjI4OTAxNDY=",
                "avatar_url": "https://avatars3.githubusercontent.com/u/2890146?v=4",
                "gravatar_id": "",
                "url": "https://api.github.com/users/wswld",
                "html_url": "https://github.com/wswld",
                "followers_url": "https://api.github.com/users/wswld/followers",
                "following_url": "https://api.github.com/users/wswld/following{/other_user}",
                "gists_url": "https://api.github.com/users/wswld/gists{/gist_id}",
                "starred_url": "https://api.github.com/users/wswld/starred{/owner}{/repo}",
                "subscriptions_url": "https://api.github.com/users/wswld/subscriptions",
                "organizations_url": "https://api.github.com/users/wswld/orgs",
                "repos_url": "https://api.github.com/users/wswld/repos",
                "events_url": "https://api.github.com/users/wswld/events{/privacy}",
                "received_events_url": "https://api.github.com/users/wswld/received_events",
                "type": "User",
                "site_admin": false
            },
            "created_at": "2015-09-16T12:59:51Z",
            "updated_at": "2015-09-16T13:06:21Z",
            "author_association": "NONE",
            "body": "Is this still open? I mean does the issue still exist?\n"
        },
        {
            "url": "https://api.github.com/repos/pallets/flask/issues/comments/296230032",
            "html_url": "https://github.com/pallets/flask/pull/1276#issuecomment-296230032",
            "issue_url": "https://api.github.com/repos/pallets/flask/issues/1276",
            "id": 296230032,
            "node_id": "MDEyOklzc3VlQ29tbWVudDI5NjIzMDAzMg==",
            "user": {
                "login": "davidism",
                "id": 1242887,
                "node_id": "MDQ6VXNlcjEyNDI4ODc=",
                "avatar_url": "https://avatars1.githubusercontent.com/u/1242887?v=4",
                "gravatar_id": "",
                "url": "https://api.github.com/users/davidism",
                "html_url": "https://github.com/davidism",
                "followers_url": "https://api.github.com/users/davidism/followers",
                "following_url": "https://api.github.com/users/davidism/following{/other_user}",
                "gists_url": "https://api.github.com/users/davidism/gists{/gist_id}",
                "starred_url": "https://api.github.com/users/davidism/starred{/owner}{/repo}",
                "subscriptions_url": "https://api.github.com/users/davidism/subscriptions",
                "organizations_url": "https://api.github.com/users/davidism/orgs",
                "repos_url": "https://api.github.com/users/davidism/repos",
                "events_url": "https://api.github.com/users/davidism/events{/privacy}",
                "received_events_url": "https://api.github.com/users/davidism/received_events",
                "type": "User",
                "site_admin": false
            },
            "created_at": "2017-04-21T15:55:29Z",
            "updated_at": "2017-04-21T16:08:24Z",
            "author_association": "MEMBER",
            "body": "#1936 duplicates this, but adds tests. Closing in favor of that one."
        }
    ]
}