{
    "url": "https://api.github.com/repos/pallets/flask/issues/1277",
    "repository_url": "https://api.github.com/repos/pallets/flask",
    "labels_url": "https://api.github.com/repos/pallets/flask/issues/1277/labels{/name}",
    "comments_url": "https://api.github.com/repos/pallets/flask/issues/1277/comments",
    "events_url": "https://api.github.com/repos/pallets/flask/issues/1277/events",
    "html_url": "https://github.com/pallets/flask/pull/1277",
    "id": 51879439,
    "node_id": "MDExOlB1bGxSZXF1ZXN0MjYwMTgyNjM=",
    "number": 1277,
    "title": "Documentation fixes (mostly in Tutorial)",
    "user": {
        "login": "iKevinY",
        "id": 2434728,
        "node_id": "MDQ6VXNlcjI0MzQ3Mjg=",
        "avatar_url": "https://avatars3.githubusercontent.com/u/2434728?v=4",
        "gravatar_id": "",
        "url": "https://api.github.com/users/iKevinY",
        "html_url": "https://github.com/iKevinY",
        "followers_url": "https://api.github.com/users/iKevinY/followers",
        "following_url": "https://api.github.com/users/iKevinY/following{/other_user}",
        "gists_url": "https://api.github.com/users/iKevinY/gists{/gist_id}",
        "starred_url": "https://api.github.com/users/iKevinY/starred{/owner}{/repo}",
        "subscriptions_url": "https://api.github.com/users/iKevinY/subscriptions",
        "organizations_url": "https://api.github.com/users/iKevinY/orgs",
        "repos_url": "https://api.github.com/users/iKevinY/repos",
        "events_url": "https://api.github.com/users/iKevinY/events{/privacy}",
        "received_events_url": "https://api.github.com/users/iKevinY/received_events",
        "type": "User",
        "site_admin": false
    },
    "labels": [],
    "state": "closed",
    "locked": false,
    "assignee": null,
    "assignees": [],
    "milestone": null,
    "comments": 4,
    "created_at": "2014-12-13T06:59:35Z",
    "updated_at": "2018-10-23T17:43:26Z",
    "closed_at": "2014-12-16T19:30:51Z",
    "author_association": "CONTRIBUTOR",
    "pull_request": {
        "url": "https://api.github.com/repos/pallets/flask/pulls/1277",
        "html_url": "https://github.com/pallets/flask/pull/1277",
        "diff_url": "https://github.com/pallets/flask/pull/1277.diff",
        "patch_url": "https://github.com/pallets/flask/pull/1277.patch"
    },
    "body": "I'm hoping to work my way through the rest of the documentation eventually, but I decided to start with the Tutorial since it's a section that I imagine quite a few people read through.\n",
    "comments_inline": [
        {
            "url": "https://api.github.com/repos/pallets/flask/issues/comments/66872005",
            "html_url": "https://github.com/pallets/flask/pull/1277#issuecomment-66872005",
            "issue_url": "https://api.github.com/repos/pallets/flask/issues/1277",
            "id": 66872005,
            "node_id": "MDEyOklzc3VlQ29tbWVudDY2ODcyMDA1",
            "user": {
                "login": "untitaker",
                "id": 837573,
                "node_id": "MDQ6VXNlcjgzNzU3Mw==",
                "avatar_url": "https://avatars0.githubusercontent.com/u/837573?v=4",
                "gravatar_id": "",
                "url": "https://api.github.com/users/untitaker",
                "html_url": "https://github.com/untitaker",
                "followers_url": "https://api.github.com/users/untitaker/followers",
                "following_url": "https://api.github.com/users/untitaker/following{/other_user}",
                "gists_url": "https://api.github.com/users/untitaker/gists{/gist_id}",
                "starred_url": "https://api.github.com/users/untitaker/starred{/owner}{/repo}",
                "subscriptions_url": "https://api.github.com/users/untitaker/subscriptions",
                "organizations_url": "https://api.github.com/users/untitaker/orgs",
                "repos_url": "https://api.github.com/users/untitaker/repos",
                "events_url": "https://api.github.com/users/untitaker/events{/privacy}",
                "received_events_url": "https://api.github.com/users/untitaker/received_events",
                "type": "User",
                "site_admin": false
            },
            "created_at": "2014-12-13T10:25:55Z",
            "updated_at": "2014-12-13T10:25:55Z",
            "author_association": "MEMBER",
            "body": "Hi @iKevinY, this looks really, really good! Please take a look at the single comment i've made.\n"
        },
        {
            "url": "https://api.github.com/repos/pallets/flask/issues/comments/67216927",
            "html_url": "https://github.com/pallets/flask/pull/1277#issuecomment-67216927",
            "issue_url": "https://api.github.com/repos/pallets/flask/issues/1277",
            "id": 67216927,
            "node_id": "MDEyOklzc3VlQ29tbWVudDY3MjE2OTI3",
            "user": {
                "login": "iKevinY",
                "id": 2434728,
                "node_id": "MDQ6VXNlcjI0MzQ3Mjg=",
                "avatar_url": "https://avatars3.githubusercontent.com/u/2434728?v=4",
                "gravatar_id": "",
                "url": "https://api.github.com/users/iKevinY",
                "html_url": "https://github.com/iKevinY",
                "followers_url": "https://api.github.com/users/iKevinY/followers",
                "following_url": "https://api.github.com/users/iKevinY/following{/other_user}",
                "gists_url": "https://api.github.com/users/iKevinY/gists{/gist_id}",
                "starred_url": "https://api.github.com/users/iKevinY/starred{/owner}{/repo}",
                "subscriptions_url": "https://api.github.com/users/iKevinY/subscriptions",
                "organizations_url": "https://api.github.com/users/iKevinY/orgs",
                "repos_url": "https://api.github.com/users/iKevinY/repos",
                "events_url": "https://api.github.com/users/iKevinY/events{/privacy}",
                "received_events_url": "https://api.github.com/users/iKevinY/received_events",
                "type": "User",
                "site_admin": false
            },
            "created_at": "2014-12-16T19:29:32Z",
            "updated_at": "2014-12-16T19:30:07Z",
            "author_association": "CONTRIBUTOR",
            "body": "@untitaker I've updated the PR to use `Web-2.0-ish`.\n"
        },
        {
            "url": "https://api.github.com/repos/pallets/flask/issues/comments/67217139",
            "html_url": "https://github.com/pallets/flask/pull/1277#issuecomment-67217139",
            "issue_url": "https://api.github.com/repos/pallets/flask/issues/1277",
            "id": 67217139,
            "node_id": "MDEyOklzc3VlQ29tbWVudDY3MjE3MTM5",
            "user": {
                "login": "untitaker",
                "id": 837573,
                "node_id": "MDQ6VXNlcjgzNzU3Mw==",
                "avatar_url": "https://avatars0.githubusercontent.com/u/837573?v=4",
                "gravatar_id": "",
                "url": "https://api.github.com/users/untitaker",
                "html_url": "https://github.com/untitaker",
                "followers_url": "https://api.github.com/users/untitaker/followers",
                "following_url": "https://api.github.com/users/untitaker/following{/other_user}",
                "gists_url": "https://api.github.com/users/untitaker/gists{/gist_id}",
                "starred_url": "https://api.github.com/users/untitaker/starred{/owner}{/repo}",
                "subscriptions_url": "https://api.github.com/users/untitaker/subscriptions",
                "organizations_url": "https://api.github.com/users/untitaker/orgs",
                "repos_url": "https://api.github.com/users/untitaker/repos",
                "events_url": "https://api.github.com/users/untitaker/events{/privacy}",
                "received_events_url": "https://api.github.com/users/untitaker/received_events",
                "type": "User",
                "site_admin": false
            },
            "created_at": "2014-12-16T19:30:49Z",
            "updated_at": "2014-12-16T19:30:49Z",
            "author_association": "MEMBER",
            "body": "Sorry, I forgot about this! Thanks!\n"
        },
        {
            "url": "https://api.github.com/repos/pallets/flask/issues/comments/67219178",
            "html_url": "https://github.com/pallets/flask/pull/1277#issuecomment-67219178",
            "issue_url": "https://api.github.com/repos/pallets/flask/issues/1277",
            "id": 67219178,
            "node_id": "MDEyOklzc3VlQ29tbWVudDY3MjE5MTc4",
            "user": {
                "login": "iKevinY",
                "id": 2434728,
                "node_id": "MDQ6VXNlcjI0MzQ3Mjg=",
                "avatar_url": "https://avatars3.githubusercontent.com/u/2434728?v=4",
                "gravatar_id": "",
                "url": "https://api.github.com/users/iKevinY",
                "html_url": "https://github.com/iKevinY",
                "followers_url": "https://api.github.com/users/iKevinY/followers",
                "following_url": "https://api.github.com/users/iKevinY/following{/other_user}",
                "gists_url": "https://api.github.com/users/iKevinY/gists{/gist_id}",
                "starred_url": "https://api.github.com/users/iKevinY/starred{/owner}{/repo}",
                "subscriptions_url": "https://api.github.com/users/iKevinY/subscriptions",
                "organizations_url": "https://api.github.com/users/iKevinY/orgs",
                "repos_url": "https://api.github.com/users/iKevinY/repos",
                "events_url": "https://api.github.com/users/iKevinY/events{/privacy}",
                "received_events_url": "https://api.github.com/users/iKevinY/received_events",
                "type": "User",
                "site_admin": false
            },
            "created_at": "2014-12-16T19:43:55Z",
            "updated_at": "2014-12-16T19:43:55Z",
            "author_association": "CONTRIBUTOR",
            "body": "No worries; I just got around to making the change a few minutes ago.\n"
        }
    ]
}