{
    "url": "https://api.github.com/repos/pallets/flask/issues/1278",
    "repository_url": "https://api.github.com/repos/pallets/flask",
    "labels_url": "https://api.github.com/repos/pallets/flask/issues/1278/labels{/name}",
    "comments_url": "https://api.github.com/repos/pallets/flask/issues/1278/comments",
    "events_url": "https://api.github.com/repos/pallets/flask/issues/1278/events",
    "html_url": "https://github.com/pallets/flask/issues/1278",
    "id": 51946911,
    "node_id": "MDU6SXNzdWU1MTk0NjkxMQ==",
    "number": 1278,
    "title": "Command 'flask' not installed and can't run from module",
    "user": {
        "login": "briancline",
        "id": 32032,
        "node_id": "MDQ6VXNlcjMyMDMy",
        "avatar_url": "https://avatars0.githubusercontent.com/u/32032?v=4",
        "gravatar_id": "",
        "url": "https://api.github.com/users/briancline",
        "html_url": "https://github.com/briancline",
        "followers_url": "https://api.github.com/users/briancline/followers",
        "following_url": "https://api.github.com/users/briancline/following{/other_user}",
        "gists_url": "https://api.github.com/users/briancline/gists{/gist_id}",
        "starred_url": "https://api.github.com/users/briancline/starred{/owner}{/repo}",
        "subscriptions_url": "https://api.github.com/users/briancline/subscriptions",
        "organizations_url": "https://api.github.com/users/briancline/orgs",
        "repos_url": "https://api.github.com/users/briancline/repos",
        "events_url": "https://api.github.com/users/briancline/events{/privacy}",
        "received_events_url": "https://api.github.com/users/briancline/received_events",
        "type": "User",
        "site_admin": false
    },
    "labels": [],
    "state": "closed",
    "locked": false,
    "assignee": null,
    "assignees": [],
    "milestone": null,
    "comments": 2,
    "created_at": "2014-12-15T04:03:56Z",
    "updated_at": "2016-03-29T18:46:04Z",
    "closed_at": "2014-12-17T16:05:11Z",
    "author_association": "NONE",
    "body": "When attempting to follow the docs, I can't run any example applications because the 'flask' command-line tool doesn't get installed.\n\nHere's the full sequence of events using a virtualenv:\n\n```\ndiscovery:~/dev/flasktest% virtualenv .venv\nNew python executable in .venv/bin/python\nInstalling setuptools, pip...done.\n\ndiscovery:~/dev/flasktest% . .venv/bin/activate\n\ndiscovery:~/dev/flasktest% pip install Flask\n\ndiscovery:~/dev/flasktest% flask\nzsh: command not found: flask\n\ndiscovery:~/dev/flasktest% ls .venv/bin\nactivate         activate.fish    easy_install     pip              pip2.7           python2\nactivate.csh     activate_this.py easy_install-2.7 pip2             python           python2.7\n```\n\nAdditionally, when I try using the alternative method in the documentation via `python -m flask`, I get the following:\n\n```\ndiscovery:~/dev/flasktest% python -m flask -a hello run --debug\n/Users/bc/dev/flasktest/.venv/bin/python: No module named flask.__main__; 'flask' is a package and cannot be directly executed\n```\n\nAccording to the docs, though, this was only a problem with Python <2.7, and I'm running with 2.7.8:\n\n```\ndiscovery:~/dev/flasktest% python --version\nPython 2.7.8\n\ndiscovery:~/dev/flasktest% pip --version\npip 1.5.6 from /Users/bc/dev/flasktest/.venv/lib/python2.7/site-packages (python 2.7)\n\ndiscovery:~/dev/flasktest% pip freeze\nFlask==0.10.1\nJinja2==2.7.3\nMarkupSafe==0.23\nWerkzeug==0.9.6\nitsdangerous==0.24\nwsgiref==0.1.2\n```\n\nHow should I run my Flask app?\n",
    "comments_inline": [
        {
            "url": "https://api.github.com/repos/pallets/flask/issues/comments/66951893",
            "html_url": "https://github.com/pallets/flask/issues/1278#issuecomment-66951893",
            "issue_url": "https://api.github.com/repos/pallets/flask/issues/1278",
            "id": 66951893,
            "node_id": "MDEyOklzc3VlQ29tbWVudDY2OTUxODkz",
            "user": {
                "login": "davidism",
                "id": 1242887,
                "node_id": "MDQ6VXNlcjEyNDI4ODc=",
                "avatar_url": "https://avatars1.githubusercontent.com/u/1242887?v=4",
                "gravatar_id": "",
                "url": "https://api.github.com/users/davidism",
                "html_url": "https://github.com/davidism",
                "followers_url": "https://api.github.com/users/davidism/followers",
                "following_url": "https://api.github.com/users/davidism/following{/other_user}",
                "gists_url": "https://api.github.com/users/davidism/gists{/gist_id}",
                "starred_url": "https://api.github.com/users/davidism/starred{/owner}{/repo}",
                "subscriptions_url": "https://api.github.com/users/davidism/subscriptions",
                "organizations_url": "https://api.github.com/users/davidism/orgs",
                "repos_url": "https://api.github.com/users/davidism/repos",
                "events_url": "https://api.github.com/users/davidism/events{/privacy}",
                "received_events_url": "https://api.github.com/users/davidism/received_events",
                "type": "User",
                "site_admin": false
            },
            "created_at": "2014-12-15T05:37:11Z",
            "updated_at": "2014-12-15T05:37:11Z",
            "author_association": "MEMBER",
            "body": "You seem to be reading the dev docs but using the latest release.  Use `pip install https://github.com/mitsuhiko/flask/tarball/master` to install the latest code to try out.  Before that, no command line tool was built in, so you needed to write your own command or use something like Flask-Script.\n"
        },
        {
            "url": "https://api.github.com/repos/pallets/flask/issues/comments/67894038",
            "html_url": "https://github.com/pallets/flask/issues/1278#issuecomment-67894038",
            "issue_url": "https://api.github.com/repos/pallets/flask/issues/1278",
            "id": 67894038,
            "node_id": "MDEyOklzc3VlQ29tbWVudDY3ODk0MDM4",
            "user": {
                "login": "briancline",
                "id": 32032,
                "node_id": "MDQ6VXNlcjMyMDMy",
                "avatar_url": "https://avatars0.githubusercontent.com/u/32032?v=4",
                "gravatar_id": "",
                "url": "https://api.github.com/users/briancline",
                "html_url": "https://github.com/briancline",
                "followers_url": "https://api.github.com/users/briancline/followers",
                "following_url": "https://api.github.com/users/briancline/following{/other_user}",
                "gists_url": "https://api.github.com/users/briancline/gists{/gist_id}",
                "starred_url": "https://api.github.com/users/briancline/starred{/owner}{/repo}",
                "subscriptions_url": "https://api.github.com/users/briancline/subscriptions",
                "organizations_url": "https://api.github.com/users/briancline/orgs",
                "repos_url": "https://api.github.com/users/briancline/repos",
                "events_url": "https://api.github.com/users/briancline/events{/privacy}",
                "received_events_url": "https://api.github.com/users/briancline/received_events",
                "type": "User",
                "site_admin": false
            },
            "created_at": "2014-12-22T21:46:37Z",
            "updated_at": "2014-12-22T21:46:37Z",
            "author_association": "NONE",
            "body": "Thanks very much \u2014 all is good now.\n"
        }
    ]
}