{
    "url": "https://api.github.com/repos/pallets/flask/issues/1279",
    "repository_url": "https://api.github.com/repos/pallets/flask",
    "labels_url": "https://api.github.com/repos/pallets/flask/issues/1279/labels{/name}",
    "comments_url": "https://api.github.com/repos/pallets/flask/issues/1279/comments",
    "events_url": "https://api.github.com/repos/pallets/flask/issues/1279/events",
    "html_url": "https://github.com/pallets/flask/issues/1279",
    "id": 51969259,
    "node_id": "MDU6SXNzdWU1MTk2OTI1OQ==",
    "number": 1279,
    "title": "Doc inconsistency",
    "user": {
        "login": "duanchenggang",
        "id": 1894499,
        "node_id": "MDQ6VXNlcjE4OTQ0OTk=",
        "avatar_url": "https://avatars0.githubusercontent.com/u/1894499?v=4",
        "gravatar_id": "",
        "url": "https://api.github.com/users/duanchenggang",
        "html_url": "https://github.com/duanchenggang",
        "followers_url": "https://api.github.com/users/duanchenggang/followers",
        "following_url": "https://api.github.com/users/duanchenggang/following{/other_user}",
        "gists_url": "https://api.github.com/users/duanchenggang/gists{/gist_id}",
        "starred_url": "https://api.github.com/users/duanchenggang/starred{/owner}{/repo}",
        "subscriptions_url": "https://api.github.com/users/duanchenggang/subscriptions",
        "organizations_url": "https://api.github.com/users/duanchenggang/orgs",
        "repos_url": "https://api.github.com/users/duanchenggang/repos",
        "events_url": "https://api.github.com/users/duanchenggang/events{/privacy}",
        "received_events_url": "https://api.github.com/users/duanchenggang/received_events",
        "type": "User",
        "site_admin": false
    },
    "labels": [],
    "state": "closed",
    "locked": false,
    "assignee": null,
    "assignees": [],
    "milestone": null,
    "comments": 3,
    "created_at": "2014-12-15T10:18:35Z",
    "updated_at": "2014-12-15T10:39:23Z",
    "closed_at": "2014-12-15T10:35:15Z",
    "author_association": "NONE",
    "body": "On http://flask.pocoo.org/docs/0.10/patterns/jquery/ there's a line saying that:\n\n```\n$('selector') selects an element and lets you operate on it.\n```\n\nBut there's no `selector` anywhere except that line.\n\nIt's the same on http://flask.pocoo.org/docs/dev/patterns/jquery/.\n",
    "comments_inline": [
        {
            "url": "https://api.github.com/repos/pallets/flask/issues/comments/66975493",
            "html_url": "https://github.com/pallets/flask/issues/1279#issuecomment-66975493",
            "issue_url": "https://api.github.com/repos/pallets/flask/issues/1279",
            "id": 66975493,
            "node_id": "MDEyOklzc3VlQ29tbWVudDY2OTc1NDkz",
            "user": {
                "login": "Winnetou",
                "id": 3671882,
                "node_id": "MDQ6VXNlcjM2NzE4ODI=",
                "avatar_url": "https://avatars0.githubusercontent.com/u/3671882?v=4",
                "gravatar_id": "",
                "url": "https://api.github.com/users/Winnetou",
                "html_url": "https://github.com/Winnetou",
                "followers_url": "https://api.github.com/users/Winnetou/followers",
                "following_url": "https://api.github.com/users/Winnetou/following{/other_user}",
                "gists_url": "https://api.github.com/users/Winnetou/gists{/gist_id}",
                "starred_url": "https://api.github.com/users/Winnetou/starred{/owner}{/repo}",
                "subscriptions_url": "https://api.github.com/users/Winnetou/subscriptions",
                "organizations_url": "https://api.github.com/users/Winnetou/orgs",
                "repos_url": "https://api.github.com/users/Winnetou/repos",
                "events_url": "https://api.github.com/users/Winnetou/events{/privacy}",
                "received_events_url": "https://api.github.com/users/Winnetou/received_events",
                "type": "User",
                "site_admin": false
            },
            "created_at": "2014-12-15T10:32:29Z",
            "updated_at": "2014-12-15T10:32:29Z",
            "author_association": "CONTRIBUTOR",
            "body": "I see two selectors:\n\n$(\"#result\")\n\nand\n\n$(\"a#calculate\").\n\nMaybe you expected to find literally $('selector') in the jQuery script?\n\nTake a look at jQuery selector's documentation at\nhttp://api.jquery.com/id-selector/ (that's specific for the above example),\nit should make it clearer.\n\nOn 15 December 2014 at 11:19, Chenggang Duan notifications@github.com\nwrote:\n\n> On http://flask.pocoo.org/docs/0.10/patterns/jquery/ there's a line\n> saying that:\n> \n> $('selector') selects an element and lets you operate on it.\n> \n> But there's no selector anywhere except that line.\n> \n> It's the same on http://flask.pocoo.org/docs/dev/patterns/jquery/.\n> \n> \u2014\n> Reply to this email directly or view it on GitHub\n> https://github.com/mitsuhiko/flask/issues/1279.\n"
        },
        {
            "url": "https://api.github.com/repos/pallets/flask/issues/comments/66975763",
            "html_url": "https://github.com/pallets/flask/issues/1279#issuecomment-66975763",
            "issue_url": "https://api.github.com/repos/pallets/flask/issues/1279",
            "id": 66975763,
            "node_id": "MDEyOklzc3VlQ29tbWVudDY2OTc1NzYz",
            "user": {
                "login": "duanchenggang",
                "id": 1894499,
                "node_id": "MDQ6VXNlcjE4OTQ0OTk=",
                "avatar_url": "https://avatars0.githubusercontent.com/u/1894499?v=4",
                "gravatar_id": "",
                "url": "https://api.github.com/users/duanchenggang",
                "html_url": "https://github.com/duanchenggang",
                "followers_url": "https://api.github.com/users/duanchenggang/followers",
                "following_url": "https://api.github.com/users/duanchenggang/following{/other_user}",
                "gists_url": "https://api.github.com/users/duanchenggang/gists{/gist_id}",
                "starred_url": "https://api.github.com/users/duanchenggang/starred{/owner}{/repo}",
                "subscriptions_url": "https://api.github.com/users/duanchenggang/subscriptions",
                "organizations_url": "https://api.github.com/users/duanchenggang/orgs",
                "repos_url": "https://api.github.com/users/duanchenggang/repos",
                "events_url": "https://api.github.com/users/duanchenggang/events{/privacy}",
                "received_events_url": "https://api.github.com/users/duanchenggang/received_events",
                "type": "User",
                "site_admin": false
            },
            "created_at": "2014-12-15T10:35:15Z",
            "updated_at": "2014-12-15T10:36:13Z",
            "author_association": "NONE",
            "body": "You're right. It's my fault. I was trying to find it literally.\n\nThank you.\n"
        },
        {
            "url": "https://api.github.com/repos/pallets/flask/issues/comments/66976203",
            "html_url": "https://github.com/pallets/flask/issues/1279#issuecomment-66976203",
            "issue_url": "https://api.github.com/repos/pallets/flask/issues/1279",
            "id": 66976203,
            "node_id": "MDEyOklzc3VlQ29tbWVudDY2OTc2MjAz",
            "user": {
                "login": "Winnetou",
                "id": 3671882,
                "node_id": "MDQ6VXNlcjM2NzE4ODI=",
                "avatar_url": "https://avatars0.githubusercontent.com/u/3671882?v=4",
                "gravatar_id": "",
                "url": "https://api.github.com/users/Winnetou",
                "html_url": "https://github.com/Winnetou",
                "followers_url": "https://api.github.com/users/Winnetou/followers",
                "following_url": "https://api.github.com/users/Winnetou/following{/other_user}",
                "gists_url": "https://api.github.com/users/Winnetou/gists{/gist_id}",
                "starred_url": "https://api.github.com/users/Winnetou/starred{/owner}{/repo}",
                "subscriptions_url": "https://api.github.com/users/Winnetou/subscriptions",
                "organizations_url": "https://api.github.com/users/Winnetou/orgs",
                "repos_url": "https://api.github.com/users/Winnetou/repos",
                "events_url": "https://api.github.com/users/Winnetou/events{/privacy}",
                "received_events_url": "https://api.github.com/users/Winnetou/received_events",
                "type": "User",
                "site_admin": false
            },
            "created_at": "2014-12-15T10:39:23Z",
            "updated_at": "2014-12-15T10:39:23Z",
            "author_association": "CONTRIBUTOR",
            "body": "You're welcome.\n\nOn 15 December 2014 at 11:35, Chenggang Duan notifications@github.com\nwrote:\n\n> You're right. It's my fault. Thank you.\n> \n> \u2014\n> Reply to this email directly or view it on GitHub\n> https://github.com/mitsuhiko/flask/issues/1279#issuecomment-66975763.\n"
        }
    ]
}