{
    "url": "https://api.github.com/repos/pallets/flask/issues/128",
    "repository_url": "https://api.github.com/repos/pallets/flask",
    "labels_url": "https://api.github.com/repos/pallets/flask/issues/128/labels{/name}",
    "comments_url": "https://api.github.com/repos/pallets/flask/issues/128/comments",
    "events_url": "https://api.github.com/repos/pallets/flask/issues/128/events",
    "html_url": "https://github.com/pallets/flask/pull/128",
    "id": 376628,
    "node_id": "MDExOlB1bGxSZXF1ZXN0MTg4NjQ=",
    "number": 128,
    "title": "Proper initial environ for flask's test_app()",
    "user": {
        "login": "s0undt3ch",
        "id": 300048,
        "node_id": "MDQ6VXNlcjMwMDA0OA==",
        "avatar_url": "https://avatars3.githubusercontent.com/u/300048?v=4",
        "gravatar_id": "",
        "url": "https://api.github.com/users/s0undt3ch",
        "html_url": "https://github.com/s0undt3ch",
        "followers_url": "https://api.github.com/users/s0undt3ch/followers",
        "following_url": "https://api.github.com/users/s0undt3ch/following{/other_user}",
        "gists_url": "https://api.github.com/users/s0undt3ch/gists{/gist_id}",
        "starred_url": "https://api.github.com/users/s0undt3ch/starred{/owner}{/repo}",
        "subscriptions_url": "https://api.github.com/users/s0undt3ch/subscriptions",
        "organizations_url": "https://api.github.com/users/s0undt3ch/orgs",
        "repos_url": "https://api.github.com/users/s0undt3ch/repos",
        "events_url": "https://api.github.com/users/s0undt3ch/events{/privacy}",
        "received_events_url": "https://api.github.com/users/s0undt3ch/received_events",
        "type": "User",
        "site_admin": false
    },
    "labels": [],
    "state": "closed",
    "locked": false,
    "assignee": null,
    "assignees": [],
    "milestone": null,
    "comments": 1,
    "created_at": "2010-10-22T15:18:29Z",
    "updated_at": "2014-06-12T07:00:21Z",
    "closed_at": "2010-10-22T15:19:55Z",
    "author_association": "CONTRIBUTOR",
    "pull_request": {
        "url": "https://api.github.com/repos/pallets/flask/pulls/128",
        "html_url": "https://github.com/pallets/flask/pull/128",
        "diff_url": "https://github.com/pallets/flask/pull/128.diff",
        "patch_url": "https://github.com/pallets/flask/pull/128.patch"
    },
    "body": "Better handling for `test_request_context` don't just append the port.\nAlso implemented a proper initial environment to use with `Flask.test_app()` based on the application's configuration.\n",
    "comments_inline": [
        {
            "url": "https://api.github.com/repos/pallets/flask/issues/comments/486146",
            "html_url": "https://github.com/pallets/flask/pull/128#issuecomment-486146",
            "issue_url": "https://api.github.com/repos/pallets/flask/issues/128",
            "id": 486146,
            "node_id": "MDEyOklzc3VlQ29tbWVudDQ4NjE0Ng==",
            "user": {
                "login": "mitsuhiko",
                "id": 7396,
                "node_id": "MDQ6VXNlcjczOTY=",
                "avatar_url": "https://avatars1.githubusercontent.com/u/7396?v=4",
                "gravatar_id": "",
                "url": "https://api.github.com/users/mitsuhiko",
                "html_url": "https://github.com/mitsuhiko",
                "followers_url": "https://api.github.com/users/mitsuhiko/followers",
                "following_url": "https://api.github.com/users/mitsuhiko/following{/other_user}",
                "gists_url": "https://api.github.com/users/mitsuhiko/gists{/gist_id}",
                "starred_url": "https://api.github.com/users/mitsuhiko/starred{/owner}{/repo}",
                "subscriptions_url": "https://api.github.com/users/mitsuhiko/subscriptions",
                "organizations_url": "https://api.github.com/users/mitsuhiko/orgs",
                "repos_url": "https://api.github.com/users/mitsuhiko/repos",
                "events_url": "https://api.github.com/users/mitsuhiko/events{/privacy}",
                "received_events_url": "https://api.github.com/users/mitsuhiko/received_events",
                "type": "User",
                "site_admin": false
            },
            "created_at": "2010-10-22T15:19:55Z",
            "updated_at": "2010-10-22T15:19:55Z",
            "author_association": "MEMBER",
            "body": "Pulled :)\n"
        }
    ]
}