{
    "url": "https://api.github.com/repos/pallets/flask/issues/1280",
    "repository_url": "https://api.github.com/repos/pallets/flask",
    "labels_url": "https://api.github.com/repos/pallets/flask/issues/1280/labels{/name}",
    "comments_url": "https://api.github.com/repos/pallets/flask/issues/1280/comments",
    "events_url": "https://api.github.com/repos/pallets/flask/issues/1280/events",
    "html_url": "https://github.com/pallets/flask/pull/1280",
    "id": 52041057,
    "node_id": "MDExOlB1bGxSZXF1ZXN0MjYxMDI4NjI=",
    "number": 1280,
    "title": "Update mongokit pattern",
    "user": {
        "login": "jcomo",
        "id": 1068249,
        "node_id": "MDQ6VXNlcjEwNjgyNDk=",
        "avatar_url": "https://avatars2.githubusercontent.com/u/1068249?v=4",
        "gravatar_id": "",
        "url": "https://api.github.com/users/jcomo",
        "html_url": "https://github.com/jcomo",
        "followers_url": "https://api.github.com/users/jcomo/followers",
        "following_url": "https://api.github.com/users/jcomo/following{/other_user}",
        "gists_url": "https://api.github.com/users/jcomo/gists{/gist_id}",
        "starred_url": "https://api.github.com/users/jcomo/starred{/owner}{/repo}",
        "subscriptions_url": "https://api.github.com/users/jcomo/subscriptions",
        "organizations_url": "https://api.github.com/users/jcomo/orgs",
        "repos_url": "https://api.github.com/users/jcomo/repos",
        "events_url": "https://api.github.com/users/jcomo/events{/privacy}",
        "received_events_url": "https://api.github.com/users/jcomo/received_events",
        "type": "User",
        "site_admin": false
    },
    "labels": [],
    "state": "closed",
    "locked": false,
    "assignee": null,
    "assignees": [],
    "milestone": null,
    "comments": 2,
    "created_at": "2014-12-15T21:28:02Z",
    "updated_at": "2018-10-23T17:43:27Z",
    "closed_at": "2014-12-17T12:28:24Z",
    "author_association": "CONTRIBUTOR",
    "pull_request": {
        "url": "https://api.github.com/repos/pallets/flask/pulls/1280",
        "html_url": "https://github.com/pallets/flask/pull/1280",
        "diff_url": "https://github.com/pallets/flask/pull/1280.diff",
        "patch_url": "https://github.com/pallets/flask/pull/1280.patch"
    },
    "body": "There were some code issues with the current version of the mongokit docs. Specifically, with format strings when you want to format a part of the string and then have the value placed in, you need to use format immediately to avoid a TypeError when mongokit evaluates the string. Also, uses the mongokit ValidationError instead of a plain old Exception\n",
    "comments_inline": [
        {
            "url": "https://api.github.com/repos/pallets/flask/issues/comments/67287946",
            "html_url": "https://github.com/pallets/flask/pull/1280#issuecomment-67287946",
            "issue_url": "https://api.github.com/repos/pallets/flask/issues/1280",
            "id": 67287946,
            "node_id": "MDEyOklzc3VlQ29tbWVudDY3Mjg3OTQ2",
            "user": {
                "login": "jcomo",
                "id": 1068249,
                "node_id": "MDQ6VXNlcjEwNjgyNDk=",
                "avatar_url": "https://avatars2.githubusercontent.com/u/1068249?v=4",
                "gravatar_id": "",
                "url": "https://api.github.com/users/jcomo",
                "html_url": "https://github.com/jcomo",
                "followers_url": "https://api.github.com/users/jcomo/followers",
                "following_url": "https://api.github.com/users/jcomo/following{/other_user}",
                "gists_url": "https://api.github.com/users/jcomo/gists{/gist_id}",
                "starred_url": "https://api.github.com/users/jcomo/starred{/owner}{/repo}",
                "subscriptions_url": "https://api.github.com/users/jcomo/subscriptions",
                "organizations_url": "https://api.github.com/users/jcomo/orgs",
                "repos_url": "https://api.github.com/users/jcomo/repos",
                "events_url": "https://api.github.com/users/jcomo/events{/privacy}",
                "received_events_url": "https://api.github.com/users/jcomo/received_events",
                "type": "User",
                "site_admin": false
            },
            "created_at": "2014-12-17T07:53:06Z",
            "updated_at": "2014-12-17T07:53:06Z",
            "author_association": "CONTRIBUTOR",
            "body": "Good suggestions, thanks\n"
        },
        {
            "url": "https://api.github.com/repos/pallets/flask/issues/comments/67315439",
            "html_url": "https://github.com/pallets/flask/pull/1280#issuecomment-67315439",
            "issue_url": "https://api.github.com/repos/pallets/flask/issues/1280",
            "id": 67315439,
            "node_id": "MDEyOklzc3VlQ29tbWVudDY3MzE1NDM5",
            "user": {
                "login": "untitaker",
                "id": 837573,
                "node_id": "MDQ6VXNlcjgzNzU3Mw==",
                "avatar_url": "https://avatars0.githubusercontent.com/u/837573?v=4",
                "gravatar_id": "",
                "url": "https://api.github.com/users/untitaker",
                "html_url": "https://github.com/untitaker",
                "followers_url": "https://api.github.com/users/untitaker/followers",
                "following_url": "https://api.github.com/users/untitaker/following{/other_user}",
                "gists_url": "https://api.github.com/users/untitaker/gists{/gist_id}",
                "starred_url": "https://api.github.com/users/untitaker/starred{/owner}{/repo}",
                "subscriptions_url": "https://api.github.com/users/untitaker/subscriptions",
                "organizations_url": "https://api.github.com/users/untitaker/orgs",
                "repos_url": "https://api.github.com/users/untitaker/repos",
                "events_url": "https://api.github.com/users/untitaker/events{/privacy}",
                "received_events_url": "https://api.github.com/users/untitaker/received_events",
                "type": "User",
                "site_admin": false
            },
            "created_at": "2014-12-17T12:28:27Z",
            "updated_at": "2014-12-17T12:28:27Z",
            "author_association": "MEMBER",
            "body": "Thanks!\n"
        }
    ]
}