{
    "url": "https://api.github.com/repos/pallets/flask/issues/1283",
    "repository_url": "https://api.github.com/repos/pallets/flask",
    "labels_url": "https://api.github.com/repos/pallets/flask/issues/1283/labels{/name}",
    "comments_url": "https://api.github.com/repos/pallets/flask/issues/1283/comments",
    "events_url": "https://api.github.com/repos/pallets/flask/issues/1283/events",
    "html_url": "https://github.com/pallets/flask/issues/1283",
    "id": 52246814,
    "node_id": "MDU6SXNzdWU1MjI0NjgxNA==",
    "number": 1283,
    "title": "response time problem",
    "user": {
        "login": "anch0vy",
        "id": 6133895,
        "node_id": "MDQ6VXNlcjYxMzM4OTU=",
        "avatar_url": "https://avatars3.githubusercontent.com/u/6133895?v=4",
        "gravatar_id": "",
        "url": "https://api.github.com/users/anch0vy",
        "html_url": "https://github.com/anch0vy",
        "followers_url": "https://api.github.com/users/anch0vy/followers",
        "following_url": "https://api.github.com/users/anch0vy/following{/other_user}",
        "gists_url": "https://api.github.com/users/anch0vy/gists{/gist_id}",
        "starred_url": "https://api.github.com/users/anch0vy/starred{/owner}{/repo}",
        "subscriptions_url": "https://api.github.com/users/anch0vy/subscriptions",
        "organizations_url": "https://api.github.com/users/anch0vy/orgs",
        "repos_url": "https://api.github.com/users/anch0vy/repos",
        "events_url": "https://api.github.com/users/anch0vy/events{/privacy}",
        "received_events_url": "https://api.github.com/users/anch0vy/received_events",
        "type": "User",
        "site_admin": false
    },
    "labels": [],
    "state": "closed",
    "locked": false,
    "assignee": null,
    "assignees": [],
    "milestone": null,
    "comments": 5,
    "created_at": "2014-12-17T14:38:19Z",
    "updated_at": "2014-12-17T16:32:04Z",
    "closed_at": "2014-12-17T15:38:12Z",
    "author_association": "NONE",
    "body": "[sorry for my english]\n\nsometime, my flask app return page with very slow latency time.(10s~20s)\n![10497831_10204443688384494_2231919219499158793_o](https://cloud.githubusercontent.com/assets/6133895/5472442/f4cf4348-8643-11e4-94e6-f58d6c64790e.jpg)\nmy code is very simple and it takes times under 0.01s\nso i try to strace command and i found this\n\ncommand: strace -tt python main.py\n![default](https://cloud.githubusercontent.com/assets/6133895/5472447/1185da42-8644-11e4-9865-1e8a53abb14f.JPG)\n\n23:01:29.815894 recvfrom(4, \"\", 8192, 0, NULL, NULL) = 0 <- take 20s\n23:01:49.059271 close(4)                = 0\n",
    "comments_inline": [
        {
            "url": "https://api.github.com/repos/pallets/flask/issues/comments/67339194",
            "html_url": "https://github.com/pallets/flask/issues/1283#issuecomment-67339194",
            "issue_url": "https://api.github.com/repos/pallets/flask/issues/1283",
            "id": 67339194,
            "node_id": "MDEyOklzc3VlQ29tbWVudDY3MzM5MTk0",
            "user": {
                "login": "ThiefMaster",
                "id": 179599,
                "node_id": "MDQ6VXNlcjE3OTU5OQ==",
                "avatar_url": "https://avatars1.githubusercontent.com/u/179599?v=4",
                "gravatar_id": "",
                "url": "https://api.github.com/users/ThiefMaster",
                "html_url": "https://github.com/ThiefMaster",
                "followers_url": "https://api.github.com/users/ThiefMaster/followers",
                "following_url": "https://api.github.com/users/ThiefMaster/following{/other_user}",
                "gists_url": "https://api.github.com/users/ThiefMaster/gists{/gist_id}",
                "starred_url": "https://api.github.com/users/ThiefMaster/starred{/owner}{/repo}",
                "subscriptions_url": "https://api.github.com/users/ThiefMaster/subscriptions",
                "organizations_url": "https://api.github.com/users/ThiefMaster/orgs",
                "repos_url": "https://api.github.com/users/ThiefMaster/repos",
                "events_url": "https://api.github.com/users/ThiefMaster/events{/privacy}",
                "received_events_url": "https://api.github.com/users/ThiefMaster/received_events",
                "type": "User",
                "site_admin": false
            },
            "created_at": "2014-12-17T15:34:08Z",
            "updated_at": "2014-12-17T15:34:08Z",
            "author_association": "MEMBER",
            "body": "The dev server is not suitable for anything but local development. It is singlethreaded by default, so it cannot handle more than one request at once.\n"
        },
        {
            "url": "https://api.github.com/repos/pallets/flask/issues/comments/67339815",
            "html_url": "https://github.com/pallets/flask/issues/1283#issuecomment-67339815",
            "issue_url": "https://api.github.com/repos/pallets/flask/issues/1283",
            "id": 67339815,
            "node_id": "MDEyOklzc3VlQ29tbWVudDY3MzM5ODE1",
            "user": {
                "login": "untitaker",
                "id": 837573,
                "node_id": "MDQ6VXNlcjgzNzU3Mw==",
                "avatar_url": "https://avatars0.githubusercontent.com/u/837573?v=4",
                "gravatar_id": "",
                "url": "https://api.github.com/users/untitaker",
                "html_url": "https://github.com/untitaker",
                "followers_url": "https://api.github.com/users/untitaker/followers",
                "following_url": "https://api.github.com/users/untitaker/following{/other_user}",
                "gists_url": "https://api.github.com/users/untitaker/gists{/gist_id}",
                "starred_url": "https://api.github.com/users/untitaker/starred{/owner}{/repo}",
                "subscriptions_url": "https://api.github.com/users/untitaker/subscriptions",
                "organizations_url": "https://api.github.com/users/untitaker/orgs",
                "repos_url": "https://api.github.com/users/untitaker/repos",
                "events_url": "https://api.github.com/users/untitaker/events{/privacy}",
                "received_events_url": "https://api.github.com/users/untitaker/received_events",
                "type": "User",
                "site_admin": false
            },
            "created_at": "2014-12-17T15:38:12Z",
            "updated_at": "2014-12-17T15:38:12Z",
            "author_association": "MEMBER",
            "body": "What @ThiefMaster said. I recommend gunicorn, it's the next-easiest production server to set up.\n"
        },
        {
            "url": "https://api.github.com/repos/pallets/flask/issues/comments/67348182",
            "html_url": "https://github.com/pallets/flask/issues/1283#issuecomment-67348182",
            "issue_url": "https://api.github.com/repos/pallets/flask/issues/1283",
            "id": 67348182,
            "node_id": "MDEyOklzc3VlQ29tbWVudDY3MzQ4MTgy",
            "user": {
                "login": "anch0vy",
                "id": 6133895,
                "node_id": "MDQ6VXNlcjYxMzM4OTU=",
                "avatar_url": "https://avatars3.githubusercontent.com/u/6133895?v=4",
                "gravatar_id": "",
                "url": "https://api.github.com/users/anch0vy",
                "html_url": "https://github.com/anch0vy",
                "followers_url": "https://api.github.com/users/anch0vy/followers",
                "following_url": "https://api.github.com/users/anch0vy/following{/other_user}",
                "gists_url": "https://api.github.com/users/anch0vy/gists{/gist_id}",
                "starred_url": "https://api.github.com/users/anch0vy/starred{/owner}{/repo}",
                "subscriptions_url": "https://api.github.com/users/anch0vy/subscriptions",
                "organizations_url": "https://api.github.com/users/anch0vy/orgs",
                "repos_url": "https://api.github.com/users/anch0vy/repos",
                "events_url": "https://api.github.com/users/anch0vy/events{/privacy}",
                "received_events_url": "https://api.github.com/users/anch0vy/received_events",
                "type": "User",
                "site_admin": false
            },
            "created_at": "2014-12-17T16:25:03Z",
            "updated_at": "2014-12-17T16:25:03Z",
            "author_association": "NONE",
            "body": "but gunicorn has same problem.\n![b1](https://cloud.githubusercontent.com/assets/6133895/5474411/7e7b895c-8654-11e4-9d0f-80cf3f1fa1e0.JPG)\n![strace](https://cloud.githubusercontent.com/assets/6133895/5474415/85c36cca-8654-11e4-8c07-48fd4b9e95bc.JPG)\n\nmy command was \"strace -tt -f gunicorn -w 4 -b 0.0.0.0:8000 main:app\"\n"
        },
        {
            "url": "https://api.github.com/repos/pallets/flask/issues/comments/67348847",
            "html_url": "https://github.com/pallets/flask/issues/1283#issuecomment-67348847",
            "issue_url": "https://api.github.com/repos/pallets/flask/issues/1283",
            "id": 67348847,
            "node_id": "MDEyOklzc3VlQ29tbWVudDY3MzQ4ODQ3",
            "user": {
                "login": "untitaker",
                "id": 837573,
                "node_id": "MDQ6VXNlcjgzNzU3Mw==",
                "avatar_url": "https://avatars0.githubusercontent.com/u/837573?v=4",
                "gravatar_id": "",
                "url": "https://api.github.com/users/untitaker",
                "html_url": "https://github.com/untitaker",
                "followers_url": "https://api.github.com/users/untitaker/followers",
                "following_url": "https://api.github.com/users/untitaker/following{/other_user}",
                "gists_url": "https://api.github.com/users/untitaker/gists{/gist_id}",
                "starred_url": "https://api.github.com/users/untitaker/starred{/owner}{/repo}",
                "subscriptions_url": "https://api.github.com/users/untitaker/subscriptions",
                "organizations_url": "https://api.github.com/users/untitaker/orgs",
                "repos_url": "https://api.github.com/users/untitaker/repos",
                "events_url": "https://api.github.com/users/untitaker/events{/privacy}",
                "received_events_url": "https://api.github.com/users/untitaker/received_events",
                "type": "User",
                "site_admin": false
            },
            "created_at": "2014-12-17T16:28:28Z",
            "updated_at": "2014-12-17T16:28:28Z",
            "author_association": "MEMBER",
            "body": "Ah, I see you're running Windows. Maybe this is your problem: http://werkzeug.pocoo.org/docs/0.9/serving/#troubleshooting\n"
        },
        {
            "url": "https://api.github.com/repos/pallets/flask/issues/comments/67349498",
            "html_url": "https://github.com/pallets/flask/issues/1283#issuecomment-67349498",
            "issue_url": "https://api.github.com/repos/pallets/flask/issues/1283",
            "id": 67349498,
            "node_id": "MDEyOklzc3VlQ29tbWVudDY3MzQ5NDk4",
            "user": {
                "login": "anch0vy",
                "id": 6133895,
                "node_id": "MDQ6VXNlcjYxMzM4OTU=",
                "avatar_url": "https://avatars3.githubusercontent.com/u/6133895?v=4",
                "gravatar_id": "",
                "url": "https://api.github.com/users/anch0vy",
                "html_url": "https://github.com/anch0vy",
                "followers_url": "https://api.github.com/users/anch0vy/followers",
                "following_url": "https://api.github.com/users/anch0vy/following{/other_user}",
                "gists_url": "https://api.github.com/users/anch0vy/gists{/gist_id}",
                "starred_url": "https://api.github.com/users/anch0vy/starred{/owner}{/repo}",
                "subscriptions_url": "https://api.github.com/users/anch0vy/subscriptions",
                "organizations_url": "https://api.github.com/users/anch0vy/orgs",
                "repos_url": "https://api.github.com/users/anch0vy/repos",
                "events_url": "https://api.github.com/users/anch0vy/events{/privacy}",
                "received_events_url": "https://api.github.com/users/anch0vy/received_events",
                "type": "User",
                "site_admin": false
            },
            "created_at": "2014-12-17T16:32:04Z",
            "updated_at": "2014-12-17T16:32:04Z",
            "author_association": "NONE",
            "body": "thank you for answer\n"
        }
    ]
}