{
    "url": "https://api.github.com/repos/pallets/flask/issues/1284",
    "repository_url": "https://api.github.com/repos/pallets/flask",
    "labels_url": "https://api.github.com/repos/pallets/flask/issues/1284/labels{/name}",
    "comments_url": "https://api.github.com/repos/pallets/flask/issues/1284/comments",
    "events_url": "https://api.github.com/repos/pallets/flask/issues/1284/events",
    "html_url": "https://github.com/pallets/flask/issues/1284",
    "id": 52297374,
    "node_id": "MDU6SXNzdWU1MjI5NzM3NA==",
    "number": 1284,
    "title": "`itsdangerous` dependency not marked",
    "user": {
        "login": "larkost",
        "id": 7431361,
        "node_id": "MDQ6VXNlcjc0MzEzNjE=",
        "avatar_url": "https://avatars1.githubusercontent.com/u/7431361?v=4",
        "gravatar_id": "",
        "url": "https://api.github.com/users/larkost",
        "html_url": "https://github.com/larkost",
        "followers_url": "https://api.github.com/users/larkost/followers",
        "following_url": "https://api.github.com/users/larkost/following{/other_user}",
        "gists_url": "https://api.github.com/users/larkost/gists{/gist_id}",
        "starred_url": "https://api.github.com/users/larkost/starred{/owner}{/repo}",
        "subscriptions_url": "https://api.github.com/users/larkost/subscriptions",
        "organizations_url": "https://api.github.com/users/larkost/orgs",
        "repos_url": "https://api.github.com/users/larkost/repos",
        "events_url": "https://api.github.com/users/larkost/events{/privacy}",
        "received_events_url": "https://api.github.com/users/larkost/received_events",
        "type": "User",
        "site_admin": false
    },
    "labels": [
        {
            "id": 32876,
            "node_id": "MDU6TGFiZWwzMjg3Ng==",
            "url": "https://api.github.com/repos/pallets/flask/labels/docs",
            "name": "docs",
            "color": "0e8a16",
            "default": false,
            "description": null
        }
    ],
    "state": "closed",
    "locked": false,
    "assignee": null,
    "assignees": [],
    "milestone": {
        "url": "https://api.github.com/repos/pallets/flask/milestones/2",
        "html_url": "https://github.com/pallets/flask/milestone/2",
        "labels_url": "https://api.github.com/repos/pallets/flask/milestones/2/labels",
        "id": 795954,
        "node_id": "MDk6TWlsZXN0b25lNzk1OTU0",
        "number": 2,
        "title": "1.0",
        "description": "",
        "creator": {
            "login": "untitaker",
            "id": 837573,
            "node_id": "MDQ6VXNlcjgzNzU3Mw==",
            "avatar_url": "https://avatars0.githubusercontent.com/u/837573?v=4",
            "gravatar_id": "",
            "url": "https://api.github.com/users/untitaker",
            "html_url": "https://github.com/untitaker",
            "followers_url": "https://api.github.com/users/untitaker/followers",
            "following_url": "https://api.github.com/users/untitaker/following{/other_user}",
            "gists_url": "https://api.github.com/users/untitaker/gists{/gist_id}",
            "starred_url": "https://api.github.com/users/untitaker/starred{/owner}{/repo}",
            "subscriptions_url": "https://api.github.com/users/untitaker/subscriptions",
            "organizations_url": "https://api.github.com/users/untitaker/orgs",
            "repos_url": "https://api.github.com/users/untitaker/repos",
            "events_url": "https://api.github.com/users/untitaker/events{/privacy}",
            "received_events_url": "https://api.github.com/users/untitaker/received_events",
            "type": "User",
            "site_admin": false
        },
        "open_issues": 0,
        "closed_issues": 159,
        "state": "closed",
        "created_at": "2014-09-19T15:47:20Z",
        "updated_at": "2018-04-26T21:07:44Z",
        "due_on": "2018-04-26T07:00:00Z",
        "closed_at": "2018-04-26T21:07:44Z"
    },
    "comments": 3,
    "created_at": "2014-12-17T21:59:04Z",
    "updated_at": "2015-01-19T17:38:02Z",
    "closed_at": "2015-01-19T17:38:02Z",
    "author_association": "NONE",
    "body": "It appears (at least in version 10.1) that there is a dependency on the `its dangerous` module. This is not in the standard library (at least on MacOS), so at least should be added to the dependencies listed in the first paragraph of http://flask.pocoo.org/docs/0.10/installation/\n",
    "comments_inline": [
        {
            "url": "https://api.github.com/repos/pallets/flask/issues/comments/67403480",
            "html_url": "https://github.com/pallets/flask/issues/1284#issuecomment-67403480",
            "issue_url": "https://api.github.com/repos/pallets/flask/issues/1284",
            "id": 67403480,
            "node_id": "MDEyOklzc3VlQ29tbWVudDY3NDAzNDgw",
            "user": {
                "login": "untitaker",
                "id": 837573,
                "node_id": "MDQ6VXNlcjgzNzU3Mw==",
                "avatar_url": "https://avatars0.githubusercontent.com/u/837573?v=4",
                "gravatar_id": "",
                "url": "https://api.github.com/users/untitaker",
                "html_url": "https://github.com/untitaker",
                "followers_url": "https://api.github.com/users/untitaker/followers",
                "following_url": "https://api.github.com/users/untitaker/following{/other_user}",
                "gists_url": "https://api.github.com/users/untitaker/gists{/gist_id}",
                "starred_url": "https://api.github.com/users/untitaker/starred{/owner}{/repo}",
                "subscriptions_url": "https://api.github.com/users/untitaker/subscriptions",
                "organizations_url": "https://api.github.com/users/untitaker/orgs",
                "repos_url": "https://api.github.com/users/untitaker/repos",
                "events_url": "https://api.github.com/users/untitaker/events{/privacy}",
                "received_events_url": "https://api.github.com/users/untitaker/received_events",
                "type": "User",
                "site_admin": false
            },
            "created_at": "2014-12-17T22:05:45Z",
            "updated_at": "2014-12-17T22:05:45Z",
            "author_association": "MEMBER",
            "body": "Flask will also depend on click.\n"
        },
        {
            "url": "https://api.github.com/repos/pallets/flask/issues/comments/70531810",
            "html_url": "https://github.com/pallets/flask/issues/1284#issuecomment-70531810",
            "issue_url": "https://api.github.com/repos/pallets/flask/issues/1284",
            "id": 70531810,
            "node_id": "MDEyOklzc3VlQ29tbWVudDcwNTMxODEw",
            "user": {
                "login": "sfermigier",
                "id": 271079,
                "node_id": "MDQ6VXNlcjI3MTA3OQ==",
                "avatar_url": "https://avatars0.githubusercontent.com/u/271079?v=4",
                "gravatar_id": "",
                "url": "https://api.github.com/users/sfermigier",
                "html_url": "https://github.com/sfermigier",
                "followers_url": "https://api.github.com/users/sfermigier/followers",
                "following_url": "https://api.github.com/users/sfermigier/following{/other_user}",
                "gists_url": "https://api.github.com/users/sfermigier/gists{/gist_id}",
                "starred_url": "https://api.github.com/users/sfermigier/starred{/owner}{/repo}",
                "subscriptions_url": "https://api.github.com/users/sfermigier/subscriptions",
                "organizations_url": "https://api.github.com/users/sfermigier/orgs",
                "repos_url": "https://api.github.com/users/sfermigier/repos",
                "events_url": "https://api.github.com/users/sfermigier/events{/privacy}",
                "received_events_url": "https://api.github.com/users/sfermigier/received_events",
                "type": "User",
                "site_admin": false
            },
            "created_at": "2015-01-19T17:36:10Z",
            "updated_at": "2015-01-19T17:36:10Z",
            "author_association": "NONE",
            "body": "The doc now says \"Flask depends on **some** external libraries, like `Werkzeug\n<http://werkzeug.pocoo.org/>`_ and `Jinja2 <http://jinja.pocoo.org/>`_.\"  (I'm the one highlighting \"some\").\n\nCan we close this issue ?\n"
        },
        {
            "url": "https://api.github.com/repos/pallets/flask/issues/comments/70532084",
            "html_url": "https://github.com/pallets/flask/issues/1284#issuecomment-70532084",
            "issue_url": "https://api.github.com/repos/pallets/flask/issues/1284",
            "id": 70532084,
            "node_id": "MDEyOklzc3VlQ29tbWVudDcwNTMyMDg0",
            "user": {
                "login": "untitaker",
                "id": 837573,
                "node_id": "MDQ6VXNlcjgzNzU3Mw==",
                "avatar_url": "https://avatars0.githubusercontent.com/u/837573?v=4",
                "gravatar_id": "",
                "url": "https://api.github.com/users/untitaker",
                "html_url": "https://github.com/untitaker",
                "followers_url": "https://api.github.com/users/untitaker/followers",
                "following_url": "https://api.github.com/users/untitaker/following{/other_user}",
                "gists_url": "https://api.github.com/users/untitaker/gists{/gist_id}",
                "starred_url": "https://api.github.com/users/untitaker/starred{/owner}{/repo}",
                "subscriptions_url": "https://api.github.com/users/untitaker/subscriptions",
                "organizations_url": "https://api.github.com/users/untitaker/orgs",
                "repos_url": "https://api.github.com/users/untitaker/repos",
                "events_url": "https://api.github.com/users/untitaker/events{/privacy}",
                "received_events_url": "https://api.github.com/users/untitaker/received_events",
                "type": "User",
                "site_admin": false
            },
            "created_at": "2015-01-19T17:38:02Z",
            "updated_at": "2015-01-19T17:38:02Z",
            "author_association": "MEMBER",
            "body": "Huh, this seems to be fixed in master before this issue has been opened.\n"
        }
    ]
}