{
    "url": "https://api.github.com/repos/pallets/flask/issues/1285",
    "repository_url": "https://api.github.com/repos/pallets/flask",
    "labels_url": "https://api.github.com/repos/pallets/flask/issues/1285/labels{/name}",
    "comments_url": "https://api.github.com/repos/pallets/flask/issues/1285/comments",
    "events_url": "https://api.github.com/repos/pallets/flask/issues/1285/events",
    "html_url": "https://github.com/pallets/flask/pull/1285",
    "id": 52324403,
    "node_id": "MDExOlB1bGxSZXF1ZXN0MjYyNzcwMDc=",
    "number": 1285,
    "title": "Use new container based Travis-CI",
    "user": {
        "login": "methane",
        "id": 199592,
        "node_id": "MDQ6VXNlcjE5OTU5Mg==",
        "avatar_url": "https://avatars2.githubusercontent.com/u/199592?v=4",
        "gravatar_id": "",
        "url": "https://api.github.com/users/methane",
        "html_url": "https://github.com/methane",
        "followers_url": "https://api.github.com/users/methane/followers",
        "following_url": "https://api.github.com/users/methane/following{/other_user}",
        "gists_url": "https://api.github.com/users/methane/gists{/gist_id}",
        "starred_url": "https://api.github.com/users/methane/starred{/owner}{/repo}",
        "subscriptions_url": "https://api.github.com/users/methane/subscriptions",
        "organizations_url": "https://api.github.com/users/methane/orgs",
        "repos_url": "https://api.github.com/users/methane/repos",
        "events_url": "https://api.github.com/users/methane/events{/privacy}",
        "received_events_url": "https://api.github.com/users/methane/received_events",
        "type": "User",
        "site_admin": false
    },
    "labels": [],
    "state": "closed",
    "locked": false,
    "assignee": null,
    "assignees": [],
    "milestone": null,
    "comments": 1,
    "created_at": "2014-12-18T04:25:20Z",
    "updated_at": "2014-12-20T14:05:51Z",
    "closed_at": "2014-12-20T14:05:51Z",
    "author_association": "CONTRIBUTOR",
    "pull_request": {
        "url": "https://api.github.com/repos/pallets/flask/pulls/1285",
        "html_url": "https://github.com/pallets/flask/pull/1285",
        "diff_url": "https://github.com/pallets/flask/pull/1285.diff",
        "patch_url": "https://github.com/pallets/flask/pull/1285.patch"
    },
    "body": "See http://blog.travis-ci.com/2014-12-17-faster-builds-with-container-based-infrastructure/\n",
    "comments_inline": [
        {
            "url": "https://api.github.com/repos/pallets/flask/issues/comments/67736748",
            "html_url": "https://github.com/pallets/flask/pull/1285#issuecomment-67736748",
            "issue_url": "https://api.github.com/repos/pallets/flask/issues/1285",
            "id": 67736748,
            "node_id": "MDEyOklzc3VlQ29tbWVudDY3NzM2NzQ4",
            "user": {
                "login": "untitaker",
                "id": 837573,
                "node_id": "MDQ6VXNlcjgzNzU3Mw==",
                "avatar_url": "https://avatars0.githubusercontent.com/u/837573?v=4",
                "gravatar_id": "",
                "url": "https://api.github.com/users/untitaker",
                "html_url": "https://github.com/untitaker",
                "followers_url": "https://api.github.com/users/untitaker/followers",
                "following_url": "https://api.github.com/users/untitaker/following{/other_user}",
                "gists_url": "https://api.github.com/users/untitaker/gists{/gist_id}",
                "starred_url": "https://api.github.com/users/untitaker/starred{/owner}{/repo}",
                "subscriptions_url": "https://api.github.com/users/untitaker/subscriptions",
                "organizations_url": "https://api.github.com/users/untitaker/orgs",
                "repos_url": "https://api.github.com/users/untitaker/repos",
                "events_url": "https://api.github.com/users/untitaker/events{/privacy}",
                "received_events_url": "https://api.github.com/users/untitaker/received_events",
                "type": "User",
                "site_admin": false
            },
            "created_at": "2014-12-20T14:05:48Z",
            "updated_at": "2014-12-20T14:05:48Z",
            "author_association": "MEMBER",
            "body": "Ah yes, thanks!\n"
        }
    ]
}