{
    "url": "https://api.github.com/repos/pallets/flask/issues/1286",
    "repository_url": "https://api.github.com/repos/pallets/flask",
    "labels_url": "https://api.github.com/repos/pallets/flask/issues/1286/labels{/name}",
    "comments_url": "https://api.github.com/repos/pallets/flask/issues/1286/comments",
    "events_url": "https://api.github.com/repos/pallets/flask/issues/1286/events",
    "html_url": "https://github.com/pallets/flask/issues/1286",
    "id": 52363907,
    "node_id": "MDU6SXNzdWU1MjM2MzkwNw==",
    "number": 1286,
    "title": "send_file fails when filename contains unicode symbols",
    "user": {
        "login": "georgthegreat",
        "id": 1121500,
        "node_id": "MDQ6VXNlcjExMjE1MDA=",
        "avatar_url": "https://avatars2.githubusercontent.com/u/1121500?v=4",
        "gravatar_id": "",
        "url": "https://api.github.com/users/georgthegreat",
        "html_url": "https://github.com/georgthegreat",
        "followers_url": "https://api.github.com/users/georgthegreat/followers",
        "following_url": "https://api.github.com/users/georgthegreat/following{/other_user}",
        "gists_url": "https://api.github.com/users/georgthegreat/gists{/gist_id}",
        "starred_url": "https://api.github.com/users/georgthegreat/starred{/owner}{/repo}",
        "subscriptions_url": "https://api.github.com/users/georgthegreat/subscriptions",
        "organizations_url": "https://api.github.com/users/georgthegreat/orgs",
        "repos_url": "https://api.github.com/users/georgthegreat/repos",
        "events_url": "https://api.github.com/users/georgthegreat/events{/privacy}",
        "received_events_url": "https://api.github.com/users/georgthegreat/received_events",
        "type": "User",
        "site_admin": false
    },
    "labels": [],
    "state": "closed",
    "locked": false,
    "assignee": null,
    "assignees": [],
    "milestone": {
        "url": "https://api.github.com/repos/pallets/flask/milestones/2",
        "html_url": "https://github.com/pallets/flask/milestone/2",
        "labels_url": "https://api.github.com/repos/pallets/flask/milestones/2/labels",
        "id": 795954,
        "node_id": "MDk6TWlsZXN0b25lNzk1OTU0",
        "number": 2,
        "title": "1.0",
        "description": "",
        "creator": {
            "login": "untitaker",
            "id": 837573,
            "node_id": "MDQ6VXNlcjgzNzU3Mw==",
            "avatar_url": "https://avatars0.githubusercontent.com/u/837573?v=4",
            "gravatar_id": "",
            "url": "https://api.github.com/users/untitaker",
            "html_url": "https://github.com/untitaker",
            "followers_url": "https://api.github.com/users/untitaker/followers",
            "following_url": "https://api.github.com/users/untitaker/following{/other_user}",
            "gists_url": "https://api.github.com/users/untitaker/gists{/gist_id}",
            "starred_url": "https://api.github.com/users/untitaker/starred{/owner}{/repo}",
            "subscriptions_url": "https://api.github.com/users/untitaker/subscriptions",
            "organizations_url": "https://api.github.com/users/untitaker/orgs",
            "repos_url": "https://api.github.com/users/untitaker/repos",
            "events_url": "https://api.github.com/users/untitaker/events{/privacy}",
            "received_events_url": "https://api.github.com/users/untitaker/received_events",
            "type": "User",
            "site_admin": false
        },
        "open_issues": 0,
        "closed_issues": 159,
        "state": "closed",
        "created_at": "2014-09-19T15:47:20Z",
        "updated_at": "2018-04-26T21:07:44Z",
        "due_on": "2018-04-26T07:00:00Z",
        "closed_at": "2018-04-26T21:07:44Z"
    },
    "comments": 38,
    "created_at": "2014-12-18T13:32:21Z",
    "updated_at": "2017-04-08T17:54:21Z",
    "closed_at": "2017-04-08T17:54:21Z",
    "author_association": "NONE",
    "body": "Hi.\n\nI've detected an issue with supporting unicode filenames in send_file.\nIf send_file attempts to respond with utf-8 in http headers, the answer is empty, the log contains something like \"http-headers should containbe latin-1\".\nI know that [browser support IS A MESS](http://stackoverflow.com/questions/93551/how-to-encode-the-filename-parameter-of-content-disposition-header-in-http), but it seems, that sending two filenames (`filename=` and `filename*=`) separated by semicolon should work.\n\nI'd like this to be handled by flask or werkzeug. Will you accept such pull request?\n",
    "comments_inline": {}
}