{
    "url": "https://api.github.com/repos/pallets/flask/issues/1287",
    "repository_url": "https://api.github.com/repos/pallets/flask",
    "labels_url": "https://api.github.com/repos/pallets/flask/issues/1287/labels{/name}",
    "comments_url": "https://api.github.com/repos/pallets/flask/issues/1287/comments",
    "events_url": "https://api.github.com/repos/pallets/flask/issues/1287/events",
    "html_url": "https://github.com/pallets/flask/pull/1287",
    "id": 52503060,
    "node_id": "MDExOlB1bGxSZXF1ZXN0MjYzODMxNTY=",
    "number": 1287,
    "title": "Update copyright to 2015",
    "user": {
        "login": "kevmo",
        "id": 1034221,
        "node_id": "MDQ6VXNlcjEwMzQyMjE=",
        "avatar_url": "https://avatars2.githubusercontent.com/u/1034221?v=4",
        "gravatar_id": "",
        "url": "https://api.github.com/users/kevmo",
        "html_url": "https://github.com/kevmo",
        "followers_url": "https://api.github.com/users/kevmo/followers",
        "following_url": "https://api.github.com/users/kevmo/following{/other_user}",
        "gists_url": "https://api.github.com/users/kevmo/gists{/gist_id}",
        "starred_url": "https://api.github.com/users/kevmo/starred{/owner}{/repo}",
        "subscriptions_url": "https://api.github.com/users/kevmo/subscriptions",
        "organizations_url": "https://api.github.com/users/kevmo/orgs",
        "repos_url": "https://api.github.com/users/kevmo/repos",
        "events_url": "https://api.github.com/users/kevmo/events{/privacy}",
        "received_events_url": "https://api.github.com/users/kevmo/received_events",
        "type": "User",
        "site_admin": false
    },
    "labels": [],
    "state": "closed",
    "locked": false,
    "assignee": null,
    "assignees": [],
    "milestone": null,
    "comments": 0,
    "created_at": "2014-12-19T16:42:52Z",
    "updated_at": "2015-01-05T17:01:16Z",
    "closed_at": "2015-01-05T17:01:16Z",
    "author_association": "NONE",
    "pull_request": {
        "url": "https://api.github.com/repos/pallets/flask/pulls/1287",
        "html_url": "https://github.com/pallets/flask/pull/1287",
        "diff_url": "https://github.com/pallets/flask/pull/1287.diff",
        "patch_url": "https://github.com/pallets/flask/pull/1287.patch"
    },
    "body": ""
}