{
    "url": "https://api.github.com/repos/pallets/flask/issues/1288",
    "repository_url": "https://api.github.com/repos/pallets/flask",
    "labels_url": "https://api.github.com/repos/pallets/flask/issues/1288/labels{/name}",
    "comments_url": "https://api.github.com/repos/pallets/flask/issues/1288/comments",
    "events_url": "https://api.github.com/repos/pallets/flask/issues/1288/events",
    "html_url": "https://github.com/pallets/flask/issues/1288",
    "id": 52526129,
    "node_id": "MDU6SXNzdWU1MjUyNjEyOQ==",
    "number": 1288,
    "title": "app.add_url_rule() should look for OPTIONS methods in a case-insensitive manner",
    "user": {
        "login": "reteptilian",
        "id": 10247461,
        "node_id": "MDQ6VXNlcjEwMjQ3NDYx",
        "avatar_url": "https://avatars1.githubusercontent.com/u/10247461?v=4",
        "gravatar_id": "",
        "url": "https://api.github.com/users/reteptilian",
        "html_url": "https://github.com/reteptilian",
        "followers_url": "https://api.github.com/users/reteptilian/followers",
        "following_url": "https://api.github.com/users/reteptilian/following{/other_user}",
        "gists_url": "https://api.github.com/users/reteptilian/gists{/gist_id}",
        "starred_url": "https://api.github.com/users/reteptilian/starred{/owner}{/repo}",
        "subscriptions_url": "https://api.github.com/users/reteptilian/subscriptions",
        "organizations_url": "https://api.github.com/users/reteptilian/orgs",
        "repos_url": "https://api.github.com/users/reteptilian/repos",
        "events_url": "https://api.github.com/users/reteptilian/events{/privacy}",
        "received_events_url": "https://api.github.com/users/reteptilian/received_events",
        "type": "User",
        "site_admin": false
    },
    "labels": [],
    "state": "closed",
    "locked": false,
    "assignee": null,
    "assignees": [],
    "milestone": null,
    "comments": 3,
    "created_at": "2014-12-19T20:39:27Z",
    "updated_at": "2014-12-26T19:14:04Z",
    "closed_at": "2014-12-26T19:14:04Z",
    "author_association": "NONE",
    "body": "add_url_rule() has logic that says that if the user has not included OPTIONS in their methods, flask will automatically provide an implementation.\n\nUnfortunately, this logic is only triggered if the method string is OPTIONS in all upper case.  So if you've included lower case \"options\" in your methods you will still end up with the flask-provided options functionality.\n\nI think it should be a case-insensitive comparison since all the rest of the routing is all case-insensitive.\n",
    "comments_inline": [
        {
            "url": "https://api.github.com/repos/pallets/flask/issues/comments/67723423",
            "html_url": "https://github.com/pallets/flask/issues/1288#issuecomment-67723423",
            "issue_url": "https://api.github.com/repos/pallets/flask/issues/1288",
            "id": 67723423,
            "node_id": "MDEyOklzc3VlQ29tbWVudDY3NzIzNDIz",
            "user": {
                "login": "mhall1",
                "id": 10175441,
                "node_id": "MDQ6VXNlcjEwMTc1NDQx",
                "avatar_url": "https://avatars1.githubusercontent.com/u/10175441?v=4",
                "gravatar_id": "",
                "url": "https://api.github.com/users/mhall1",
                "html_url": "https://github.com/mhall1",
                "followers_url": "https://api.github.com/users/mhall1/followers",
                "following_url": "https://api.github.com/users/mhall1/following{/other_user}",
                "gists_url": "https://api.github.com/users/mhall1/gists{/gist_id}",
                "starred_url": "https://api.github.com/users/mhall1/starred{/owner}{/repo}",
                "subscriptions_url": "https://api.github.com/users/mhall1/subscriptions",
                "organizations_url": "https://api.github.com/users/mhall1/orgs",
                "repos_url": "https://api.github.com/users/mhall1/repos",
                "events_url": "https://api.github.com/users/mhall1/events{/privacy}",
                "received_events_url": "https://api.github.com/users/mhall1/received_events",
                "type": "User",
                "site_admin": false
            },
            "created_at": "2014-12-20T03:36:26Z",
            "updated_at": "2014-12-20T03:36:26Z",
            "author_association": "CONTRIBUTOR",
            "body": "Not exactly the most efficient solution, but I don't think the list will be long enough for it to matter. I thought it better to avoid touching anything that could be used downstream.\n"
        },
        {
            "url": "https://api.github.com/repos/pallets/flask/issues/comments/67723905",
            "html_url": "https://github.com/pallets/flask/issues/1288#issuecomment-67723905",
            "issue_url": "https://api.github.com/repos/pallets/flask/issues/1288",
            "id": 67723905,
            "node_id": "MDEyOklzc3VlQ29tbWVudDY3NzIzOTA1",
            "user": {
                "login": "untitaker",
                "id": 837573,
                "node_id": "MDQ6VXNlcjgzNzU3Mw==",
                "avatar_url": "https://avatars0.githubusercontent.com/u/837573?v=4",
                "gravatar_id": "",
                "url": "https://api.github.com/users/untitaker",
                "html_url": "https://github.com/untitaker",
                "followers_url": "https://api.github.com/users/untitaker/followers",
                "following_url": "https://api.github.com/users/untitaker/following{/other_user}",
                "gists_url": "https://api.github.com/users/untitaker/gists{/gist_id}",
                "starred_url": "https://api.github.com/users/untitaker/starred{/owner}{/repo}",
                "subscriptions_url": "https://api.github.com/users/untitaker/subscriptions",
                "organizations_url": "https://api.github.com/users/untitaker/orgs",
                "repos_url": "https://api.github.com/users/untitaker/repos",
                "events_url": "https://api.github.com/users/untitaker/events{/privacy}",
                "received_events_url": "https://api.github.com/users/untitaker/received_events",
                "type": "User",
                "site_admin": false
            },
            "created_at": "2014-12-20T03:57:41Z",
            "updated_at": "2014-12-20T03:57:41Z",
            "author_association": "MEMBER",
            "body": "@mhall1 It's safe to uppercase everything in `methods`. Werkzeug does this anyway in `Rule.__init__`.\n"
        },
        {
            "url": "https://api.github.com/repos/pallets/flask/issues/comments/67724511",
            "html_url": "https://github.com/pallets/flask/issues/1288#issuecomment-67724511",
            "issue_url": "https://api.github.com/repos/pallets/flask/issues/1288",
            "id": 67724511,
            "node_id": "MDEyOklzc3VlQ29tbWVudDY3NzI0NTEx",
            "user": {
                "login": "mhall1",
                "id": 10175441,
                "node_id": "MDQ6VXNlcjEwMTc1NDQx",
                "avatar_url": "https://avatars1.githubusercontent.com/u/10175441?v=4",
                "gravatar_id": "",
                "url": "https://api.github.com/users/mhall1",
                "html_url": "https://github.com/mhall1",
                "followers_url": "https://api.github.com/users/mhall1/followers",
                "following_url": "https://api.github.com/users/mhall1/following{/other_user}",
                "gists_url": "https://api.github.com/users/mhall1/gists{/gist_id}",
                "starred_url": "https://api.github.com/users/mhall1/starred{/owner}{/repo}",
                "subscriptions_url": "https://api.github.com/users/mhall1/subscriptions",
                "organizations_url": "https://api.github.com/users/mhall1/orgs",
                "repos_url": "https://api.github.com/users/mhall1/repos",
                "events_url": "https://api.github.com/users/mhall1/events{/privacy}",
                "received_events_url": "https://api.github.com/users/mhall1/received_events",
                "type": "User",
                "site_admin": false
            },
            "created_at": "2014-12-20T04:22:25Z",
            "updated_at": "2014-12-20T04:22:25Z",
            "author_association": "CONTRIBUTOR",
            "body": "@untitaker okay, fixed. Thanks for your feedback.\n"
        }
    ]
}