{
    "url": "https://api.github.com/repos/pallets/flask/issues/1290",
    "repository_url": "https://api.github.com/repos/pallets/flask",
    "labels_url": "https://api.github.com/repos/pallets/flask/issues/1290/labels{/name}",
    "comments_url": "https://api.github.com/repos/pallets/flask/issues/1290/comments",
    "events_url": "https://api.github.com/repos/pallets/flask/issues/1290/events",
    "html_url": "https://github.com/pallets/flask/pull/1290",
    "id": 52550239,
    "node_id": "MDExOlB1bGxSZXF1ZXN0MjY0MTE1Mjc=",
    "number": 1290,
    "title": "Fixed #1288: app.add_url_rule() should look for OPTIONS methods in a case-insensitive manner",
    "user": {
        "login": "mhall1",
        "id": 10175441,
        "node_id": "MDQ6VXNlcjEwMTc1NDQx",
        "avatar_url": "https://avatars1.githubusercontent.com/u/10175441?v=4",
        "gravatar_id": "",
        "url": "https://api.github.com/users/mhall1",
        "html_url": "https://github.com/mhall1",
        "followers_url": "https://api.github.com/users/mhall1/followers",
        "following_url": "https://api.github.com/users/mhall1/following{/other_user}",
        "gists_url": "https://api.github.com/users/mhall1/gists{/gist_id}",
        "starred_url": "https://api.github.com/users/mhall1/starred{/owner}{/repo}",
        "subscriptions_url": "https://api.github.com/users/mhall1/subscriptions",
        "organizations_url": "https://api.github.com/users/mhall1/orgs",
        "repos_url": "https://api.github.com/users/mhall1/repos",
        "events_url": "https://api.github.com/users/mhall1/events{/privacy}",
        "received_events_url": "https://api.github.com/users/mhall1/received_events",
        "type": "User",
        "site_admin": false
    },
    "labels": [],
    "state": "closed",
    "locked": false,
    "assignee": null,
    "assignees": [],
    "milestone": null,
    "comments": 13,
    "created_at": "2014-12-20T03:30:34Z",
    "updated_at": "2014-12-26T19:14:08Z",
    "closed_at": "2014-12-26T19:14:01Z",
    "author_association": "CONTRIBUTOR",
    "pull_request": {
        "url": "https://api.github.com/repos/pallets/flask/pulls/1290",
        "html_url": "https://github.com/pallets/flask/pull/1290",
        "diff_url": "https://github.com/pallets/flask/pull/1290.diff",
        "patch_url": "https://github.com/pallets/flask/pull/1290.patch"
    },
    "body": "",
    "comments_inline": [
        {
            "url": "https://api.github.com/repos/pallets/flask/issues/comments/67724536",
            "html_url": "https://github.com/pallets/flask/pull/1290#issuecomment-67724536",
            "issue_url": "https://api.github.com/repos/pallets/flask/issues/1290",
            "id": 67724536,
            "node_id": "MDEyOklzc3VlQ29tbWVudDY3NzI0NTM2",
            "user": {
                "login": "untitaker",
                "id": 837573,
                "node_id": "MDQ6VXNlcjgzNzU3Mw==",
                "avatar_url": "https://avatars0.githubusercontent.com/u/837573?v=4",
                "gravatar_id": "",
                "url": "https://api.github.com/users/untitaker",
                "html_url": "https://github.com/untitaker",
                "followers_url": "https://api.github.com/users/untitaker/followers",
                "following_url": "https://api.github.com/users/untitaker/following{/other_user}",
                "gists_url": "https://api.github.com/users/untitaker/gists{/gist_id}",
                "starred_url": "https://api.github.com/users/untitaker/starred{/owner}{/repo}",
                "subscriptions_url": "https://api.github.com/users/untitaker/subscriptions",
                "organizations_url": "https://api.github.com/users/untitaker/orgs",
                "repos_url": "https://api.github.com/users/untitaker/repos",
                "events_url": "https://api.github.com/users/untitaker/events{/privacy}",
                "received_events_url": "https://api.github.com/users/untitaker/received_events",
                "type": "User",
                "site_admin": false
            },
            "created_at": "2014-12-20T04:23:32Z",
            "updated_at": "2014-12-20T04:23:32Z",
            "author_association": "MEMBER",
            "body": "@mhall1 If you have the time, could you add a testcase too? Thanks!\n"
        },
        {
            "url": "https://api.github.com/repos/pallets/flask/issues/comments/67725136",
            "html_url": "https://github.com/pallets/flask/pull/1290#issuecomment-67725136",
            "issue_url": "https://api.github.com/repos/pallets/flask/issues/1290",
            "id": 67725136,
            "node_id": "MDEyOklzc3VlQ29tbWVudDY3NzI1MTM2",
            "user": {
                "login": "mhall1",
                "id": 10175441,
                "node_id": "MDQ6VXNlcjEwMTc1NDQx",
                "avatar_url": "https://avatars1.githubusercontent.com/u/10175441?v=4",
                "gravatar_id": "",
                "url": "https://api.github.com/users/mhall1",
                "html_url": "https://github.com/mhall1",
                "followers_url": "https://api.github.com/users/mhall1/followers",
                "following_url": "https://api.github.com/users/mhall1/following{/other_user}",
                "gists_url": "https://api.github.com/users/mhall1/gists{/gist_id}",
                "starred_url": "https://api.github.com/users/mhall1/starred{/owner}{/repo}",
                "subscriptions_url": "https://api.github.com/users/mhall1/subscriptions",
                "organizations_url": "https://api.github.com/users/mhall1/orgs",
                "repos_url": "https://api.github.com/users/mhall1/repos",
                "events_url": "https://api.github.com/users/mhall1/events{/privacy}",
                "received_events_url": "https://api.github.com/users/mhall1/received_events",
                "type": "User",
                "site_admin": false
            },
            "created_at": "2014-12-20T04:53:34Z",
            "updated_at": "2014-12-20T04:53:34Z",
            "author_association": "CONTRIBUTOR",
            "body": "@untitaker okay, I'll take care of it ASAP\n"
        },
        {
            "url": "https://api.github.com/repos/pallets/flask/issues/comments/67733895",
            "html_url": "https://github.com/pallets/flask/pull/1290#issuecomment-67733895",
            "issue_url": "https://api.github.com/repos/pallets/flask/issues/1290",
            "id": 67733895,
            "node_id": "MDEyOklzc3VlQ29tbWVudDY3NzMzODk1",
            "user": {
                "login": "untitaker",
                "id": 837573,
                "node_id": "MDQ6VXNlcjgzNzU3Mw==",
                "avatar_url": "https://avatars0.githubusercontent.com/u/837573?v=4",
                "gravatar_id": "",
                "url": "https://api.github.com/users/untitaker",
                "html_url": "https://github.com/untitaker",
                "followers_url": "https://api.github.com/users/untitaker/followers",
                "following_url": "https://api.github.com/users/untitaker/following{/other_user}",
                "gists_url": "https://api.github.com/users/untitaker/gists{/gist_id}",
                "starred_url": "https://api.github.com/users/untitaker/starred{/owner}{/repo}",
                "subscriptions_url": "https://api.github.com/users/untitaker/subscriptions",
                "organizations_url": "https://api.github.com/users/untitaker/orgs",
                "repos_url": "https://api.github.com/users/untitaker/repos",
                "events_url": "https://api.github.com/users/untitaker/events{/privacy}",
                "received_events_url": "https://api.github.com/users/untitaker/received_events",
                "type": "User",
                "site_admin": false
            },
            "created_at": "2014-12-20T12:14:54Z",
            "updated_at": "2014-12-20T12:14:54Z",
            "author_association": "MEMBER",
            "body": "Hmm, these tests seem to pass even without the patch applied.\n"
        },
        {
            "url": "https://api.github.com/repos/pallets/flask/issues/comments/67734559",
            "html_url": "https://github.com/pallets/flask/pull/1290#issuecomment-67734559",
            "issue_url": "https://api.github.com/repos/pallets/flask/issues/1290",
            "id": 67734559,
            "node_id": "MDEyOklzc3VlQ29tbWVudDY3NzM0NTU5",
            "user": {
                "login": "mhall1",
                "id": 10175441,
                "node_id": "MDQ6VXNlcjEwMTc1NDQx",
                "avatar_url": "https://avatars1.githubusercontent.com/u/10175441?v=4",
                "gravatar_id": "",
                "url": "https://api.github.com/users/mhall1",
                "html_url": "https://github.com/mhall1",
                "followers_url": "https://api.github.com/users/mhall1/followers",
                "following_url": "https://api.github.com/users/mhall1/following{/other_user}",
                "gists_url": "https://api.github.com/users/mhall1/gists{/gist_id}",
                "starred_url": "https://api.github.com/users/mhall1/starred{/owner}{/repo}",
                "subscriptions_url": "https://api.github.com/users/mhall1/subscriptions",
                "organizations_url": "https://api.github.com/users/mhall1/orgs",
                "repos_url": "https://api.github.com/users/mhall1/repos",
                "events_url": "https://api.github.com/users/mhall1/events{/privacy}",
                "received_events_url": "https://api.github.com/users/mhall1/received_events",
                "type": "User",
                "site_admin": false
            },
            "created_at": "2014-12-20T12:41:28Z",
            "updated_at": "2014-12-20T12:41:28Z",
            "author_association": "CONTRIBUTOR",
            "body": "The problem seems to be that the \"allow\" list I'm checking in the test sends back the capitalized version of \"options\" in both cases, so whether the caller passes in methods=['options'] or 'OPTIONS' is added automatically, I can't tell the difference in the test.\n\nI'm not familiar enough with the code to know what else I could check, I was just doing it the way it was done in the other tests in that block.\n\nIf you could point me in the right direction, I'd appreciate it.\n"
        },
        {
            "url": "https://api.github.com/repos/pallets/flask/issues/comments/67734636",
            "html_url": "https://github.com/pallets/flask/pull/1290#issuecomment-67734636",
            "issue_url": "https://api.github.com/repos/pallets/flask/issues/1290",
            "id": 67734636,
            "node_id": "MDEyOklzc3VlQ29tbWVudDY3NzM0NjM2",
            "user": {
                "login": "untitaker",
                "id": 837573,
                "node_id": "MDQ6VXNlcjgzNzU3Mw==",
                "avatar_url": "https://avatars0.githubusercontent.com/u/837573?v=4",
                "gravatar_id": "",
                "url": "https://api.github.com/users/untitaker",
                "html_url": "https://github.com/untitaker",
                "followers_url": "https://api.github.com/users/untitaker/followers",
                "following_url": "https://api.github.com/users/untitaker/following{/other_user}",
                "gists_url": "https://api.github.com/users/untitaker/gists{/gist_id}",
                "starred_url": "https://api.github.com/users/untitaker/starred{/owner}{/repo}",
                "subscriptions_url": "https://api.github.com/users/untitaker/subscriptions",
                "organizations_url": "https://api.github.com/users/untitaker/orgs",
                "repos_url": "https://api.github.com/users/untitaker/repos",
                "events_url": "https://api.github.com/users/untitaker/events{/privacy}",
                "received_events_url": "https://api.github.com/users/untitaker/received_events",
                "type": "User",
                "site_admin": false
            },
            "created_at": "2014-12-20T12:44:33Z",
            "updated_at": "2014-12-20T12:44:33Z",
            "author_association": "MEMBER",
            "body": "I think the content returned in your view function should be unique (and distinguishable from any responses Flask creates). So then you could check the response content of `c.options(...)`, in which case Flask should've NOT generated its own automatic response and instead returned the one from the view function.\n"
        },
        {
            "url": "https://api.github.com/repos/pallets/flask/issues/comments/67734807",
            "html_url": "https://github.com/pallets/flask/pull/1290#issuecomment-67734807",
            "issue_url": "https://api.github.com/repos/pallets/flask/issues/1290",
            "id": 67734807,
            "node_id": "MDEyOklzc3VlQ29tbWVudDY3NzM0ODA3",
            "user": {
                "login": "mhall1",
                "id": 10175441,
                "node_id": "MDQ6VXNlcjEwMTc1NDQx",
                "avatar_url": "https://avatars1.githubusercontent.com/u/10175441?v=4",
                "gravatar_id": "",
                "url": "https://api.github.com/users/mhall1",
                "html_url": "https://github.com/mhall1",
                "followers_url": "https://api.github.com/users/mhall1/followers",
                "following_url": "https://api.github.com/users/mhall1/following{/other_user}",
                "gists_url": "https://api.github.com/users/mhall1/gists{/gist_id}",
                "starred_url": "https://api.github.com/users/mhall1/starred{/owner}{/repo}",
                "subscriptions_url": "https://api.github.com/users/mhall1/subscriptions",
                "organizations_url": "https://api.github.com/users/mhall1/orgs",
                "repos_url": "https://api.github.com/users/mhall1/repos",
                "events_url": "https://api.github.com/users/mhall1/events{/privacy}",
                "received_events_url": "https://api.github.com/users/mhall1/received_events",
                "type": "User",
                "site_admin": false
            },
            "created_at": "2014-12-20T12:49:37Z",
            "updated_at": "2014-12-20T12:49:37Z",
            "author_association": "CONTRIBUTOR",
            "body": "That makes sense. Thanks :)\n"
        },
        {
            "url": "https://api.github.com/repos/pallets/flask/issues/comments/67735847",
            "html_url": "https://github.com/pallets/flask/pull/1290#issuecomment-67735847",
            "issue_url": "https://api.github.com/repos/pallets/flask/issues/1290",
            "id": 67735847,
            "node_id": "MDEyOklzc3VlQ29tbWVudDY3NzM1ODQ3",
            "user": {
                "login": "mhall1",
                "id": 10175441,
                "node_id": "MDQ6VXNlcjEwMTc1NDQx",
                "avatar_url": "https://avatars1.githubusercontent.com/u/10175441?v=4",
                "gravatar_id": "",
                "url": "https://api.github.com/users/mhall1",
                "html_url": "https://github.com/mhall1",
                "followers_url": "https://api.github.com/users/mhall1/followers",
                "following_url": "https://api.github.com/users/mhall1/following{/other_user}",
                "gists_url": "https://api.github.com/users/mhall1/gists{/gist_id}",
                "starred_url": "https://api.github.com/users/mhall1/starred{/owner}{/repo}",
                "subscriptions_url": "https://api.github.com/users/mhall1/subscriptions",
                "organizations_url": "https://api.github.com/users/mhall1/orgs",
                "repos_url": "https://api.github.com/users/mhall1/repos",
                "events_url": "https://api.github.com/users/mhall1/events{/privacy}",
                "received_events_url": "https://api.github.com/users/mhall1/received_events",
                "type": "User",
                "site_admin": false
            },
            "created_at": "2014-12-20T13:29:32Z",
            "updated_at": "2014-12-20T13:29:32Z",
            "author_association": "CONTRIBUTOR",
            "body": "Looks like its not working on python 2.6. I'll set up a test environment for 2.6 tomorrow and sort it out. Sorry for all the back-and-forth on this :)\n"
        },
        {
            "url": "https://api.github.com/repos/pallets/flask/issues/comments/67736367",
            "html_url": "https://github.com/pallets/flask/pull/1290#issuecomment-67736367",
            "issue_url": "https://api.github.com/repos/pallets/flask/issues/1290",
            "id": 67736367,
            "node_id": "MDEyOklzc3VlQ29tbWVudDY3NzM2MzY3",
            "user": {
                "login": "untitaker",
                "id": 837573,
                "node_id": "MDQ6VXNlcjgzNzU3Mw==",
                "avatar_url": "https://avatars0.githubusercontent.com/u/837573?v=4",
                "gravatar_id": "",
                "url": "https://api.github.com/users/untitaker",
                "html_url": "https://github.com/untitaker",
                "followers_url": "https://api.github.com/users/untitaker/followers",
                "following_url": "https://api.github.com/users/untitaker/following{/other_user}",
                "gists_url": "https://api.github.com/users/untitaker/gists{/gist_id}",
                "starred_url": "https://api.github.com/users/untitaker/starred{/owner}{/repo}",
                "subscriptions_url": "https://api.github.com/users/untitaker/subscriptions",
                "organizations_url": "https://api.github.com/users/untitaker/orgs",
                "repos_url": "https://api.github.com/users/untitaker/repos",
                "events_url": "https://api.github.com/users/untitaker/events{/privacy}",
                "received_events_url": "https://api.github.com/users/untitaker/received_events",
                "type": "User",
                "site_admin": false
            },
            "created_at": "2014-12-20T13:50:59Z",
            "updated_at": "2014-12-20T13:50:59Z",
            "author_association": "MEMBER",
            "body": "Nothing to do with 2.6, it's just that older versions of Werkzeug have no c.options shortcut, you'll have to use c.open('options', ...).\n\nAnd something is broken with Py3.\n\nOn 20 December 2014 14:29:42 CET, Michael Hall notifications@github.com wrote:\n\n> Looks like its not working on python 2.6. I'll set up a test\n> environment for 2.6 tomorrow and sort it out. Sorry for all the\n> back-and-forth on this :)\n> \n> ---\n> \n> Reply to this email directly or view it on GitHub:\n> https://github.com/mitsuhiko/flask/pull/1290#issuecomment-67735847\n"
        },
        {
            "url": "https://api.github.com/repos/pallets/flask/issues/comments/68066914",
            "html_url": "https://github.com/pallets/flask/pull/1290#issuecomment-68066914",
            "issue_url": "https://api.github.com/repos/pallets/flask/issues/1290",
            "id": 68066914,
            "node_id": "MDEyOklzc3VlQ29tbWVudDY4MDY2OTE0",
            "user": {
                "login": "mhall1",
                "id": 10175441,
                "node_id": "MDQ6VXNlcjEwMTc1NDQx",
                "avatar_url": "https://avatars1.githubusercontent.com/u/10175441?v=4",
                "gravatar_id": "",
                "url": "https://api.github.com/users/mhall1",
                "html_url": "https://github.com/mhall1",
                "followers_url": "https://api.github.com/users/mhall1/followers",
                "following_url": "https://api.github.com/users/mhall1/following{/other_user}",
                "gists_url": "https://api.github.com/users/mhall1/gists{/gist_id}",
                "starred_url": "https://api.github.com/users/mhall1/starred{/owner}{/repo}",
                "subscriptions_url": "https://api.github.com/users/mhall1/subscriptions",
                "organizations_url": "https://api.github.com/users/mhall1/orgs",
                "repos_url": "https://api.github.com/users/mhall1/repos",
                "events_url": "https://api.github.com/users/mhall1/events{/privacy}",
                "received_events_url": "https://api.github.com/users/mhall1/received_events",
                "type": "User",
                "site_admin": false
            },
            "created_at": "2014-12-24T17:56:58Z",
            "updated_at": "2014-12-24T17:56:58Z",
            "author_association": "CONTRIBUTOR",
            "body": "It seems to be good now. Sorry for the spammed commits, I had some trouble with the build.\n"
        },
        {
            "url": "https://api.github.com/repos/pallets/flask/issues/comments/68106976",
            "html_url": "https://github.com/pallets/flask/pull/1290#issuecomment-68106976",
            "issue_url": "https://api.github.com/repos/pallets/flask/issues/1290",
            "id": 68106976,
            "node_id": "MDEyOklzc3VlQ29tbWVudDY4MTA2OTc2",
            "user": {
                "login": "untitaker",
                "id": 837573,
                "node_id": "MDQ6VXNlcjgzNzU3Mw==",
                "avatar_url": "https://avatars0.githubusercontent.com/u/837573?v=4",
                "gravatar_id": "",
                "url": "https://api.github.com/users/untitaker",
                "html_url": "https://github.com/untitaker",
                "followers_url": "https://api.github.com/users/untitaker/followers",
                "following_url": "https://api.github.com/users/untitaker/following{/other_user}",
                "gists_url": "https://api.github.com/users/untitaker/gists{/gist_id}",
                "starred_url": "https://api.github.com/users/untitaker/starred{/owner}{/repo}",
                "subscriptions_url": "https://api.github.com/users/untitaker/subscriptions",
                "organizations_url": "https://api.github.com/users/untitaker/orgs",
                "repos_url": "https://api.github.com/users/untitaker/repos",
                "events_url": "https://api.github.com/users/untitaker/events{/privacy}",
                "received_events_url": "https://api.github.com/users/untitaker/received_events",
                "type": "User",
                "site_admin": false
            },
            "created_at": "2014-12-25T16:01:41Z",
            "updated_at": "2014-12-25T16:01:41Z",
            "author_association": "MEMBER",
            "body": "The tests still pass without the fix. The method parameter in `c.get(..., method='options')` seems to be case-sensitive, `c.get(..., method='OPTIONS')` behaves properly.\n"
        },
        {
            "url": "https://api.github.com/repos/pallets/flask/issues/comments/68107042",
            "html_url": "https://github.com/pallets/flask/pull/1290#issuecomment-68107042",
            "issue_url": "https://api.github.com/repos/pallets/flask/issues/1290",
            "id": 68107042,
            "node_id": "MDEyOklzc3VlQ29tbWVudDY4MTA3MDQy",
            "user": {
                "login": "untitaker",
                "id": 837573,
                "node_id": "MDQ6VXNlcjgzNzU3Mw==",
                "avatar_url": "https://avatars0.githubusercontent.com/u/837573?v=4",
                "gravatar_id": "",
                "url": "https://api.github.com/users/untitaker",
                "html_url": "https://github.com/untitaker",
                "followers_url": "https://api.github.com/users/untitaker/followers",
                "following_url": "https://api.github.com/users/untitaker/following{/other_user}",
                "gists_url": "https://api.github.com/users/untitaker/gists{/gist_id}",
                "starred_url": "https://api.github.com/users/untitaker/starred{/owner}{/repo}",
                "subscriptions_url": "https://api.github.com/users/untitaker/subscriptions",
                "organizations_url": "https://api.github.com/users/untitaker/orgs",
                "repos_url": "https://api.github.com/users/untitaker/repos",
                "events_url": "https://api.github.com/users/untitaker/events{/privacy}",
                "received_events_url": "https://api.github.com/users/untitaker/received_events",
                "type": "User",
                "site_admin": false
            },
            "created_at": "2014-12-25T16:03:55Z",
            "updated_at": "2014-12-25T16:03:55Z",
            "author_association": "MEMBER",
            "body": "`Request.method` should be case-insensitive. This is a bug in Werkzeug?\n"
        },
        {
            "url": "https://api.github.com/repos/pallets/flask/issues/comments/68142032",
            "html_url": "https://github.com/pallets/flask/pull/1290#issuecomment-68142032",
            "issue_url": "https://api.github.com/repos/pallets/flask/issues/1290",
            "id": 68142032,
            "node_id": "MDEyOklzc3VlQ29tbWVudDY4MTQyMDMy",
            "user": {
                "login": "mhall1",
                "id": 10175441,
                "node_id": "MDQ6VXNlcjEwMTc1NDQx",
                "avatar_url": "https://avatars1.githubusercontent.com/u/10175441?v=4",
                "gravatar_id": "",
                "url": "https://api.github.com/users/mhall1",
                "html_url": "https://github.com/mhall1",
                "followers_url": "https://api.github.com/users/mhall1/followers",
                "following_url": "https://api.github.com/users/mhall1/following{/other_user}",
                "gists_url": "https://api.github.com/users/mhall1/gists{/gist_id}",
                "starred_url": "https://api.github.com/users/mhall1/starred{/owner}{/repo}",
                "subscriptions_url": "https://api.github.com/users/mhall1/subscriptions",
                "organizations_url": "https://api.github.com/users/mhall1/orgs",
                "repos_url": "https://api.github.com/users/mhall1/repos",
                "events_url": "https://api.github.com/users/mhall1/events{/privacy}",
                "received_events_url": "https://api.github.com/users/mhall1/received_events",
                "type": "User",
                "site_admin": false
            },
            "created_at": "2014-12-26T13:58:13Z",
            "updated_at": "2014-12-26T13:58:13Z",
            "author_association": "CONTRIBUTOR",
            "body": "Its probably in Werkzeug. I'll open an issue for it. I've updated the test with the uppercase version in the meantime.\n"
        },
        {
            "url": "https://api.github.com/repos/pallets/flask/issues/comments/68153971",
            "html_url": "https://github.com/pallets/flask/pull/1290#issuecomment-68153971",
            "issue_url": "https://api.github.com/repos/pallets/flask/issues/1290",
            "id": 68153971,
            "node_id": "MDEyOklzc3VlQ29tbWVudDY4MTUzOTcx",
            "user": {
                "login": "untitaker",
                "id": 837573,
                "node_id": "MDQ6VXNlcjgzNzU3Mw==",
                "avatar_url": "https://avatars0.githubusercontent.com/u/837573?v=4",
                "gravatar_id": "",
                "url": "https://api.github.com/users/untitaker",
                "html_url": "https://github.com/untitaker",
                "followers_url": "https://api.github.com/users/untitaker/followers",
                "following_url": "https://api.github.com/users/untitaker/following{/other_user}",
                "gists_url": "https://api.github.com/users/untitaker/gists{/gist_id}",
                "starred_url": "https://api.github.com/users/untitaker/starred{/owner}{/repo}",
                "subscriptions_url": "https://api.github.com/users/untitaker/subscriptions",
                "organizations_url": "https://api.github.com/users/untitaker/orgs",
                "repos_url": "https://api.github.com/users/untitaker/repos",
                "events_url": "https://api.github.com/users/untitaker/events{/privacy}",
                "received_events_url": "https://api.github.com/users/untitaker/received_events",
                "type": "User",
                "site_admin": false
            },
            "created_at": "2014-12-26T19:14:08Z",
            "updated_at": "2014-12-26T19:14:08Z",
            "author_association": "MEMBER",
            "body": "Awesome, thanks!\n"
        }
    ]
}