{
    "url": "https://api.github.com/repos/pallets/flask/issues/1293",
    "repository_url": "https://api.github.com/repos/pallets/flask",
    "labels_url": "https://api.github.com/repos/pallets/flask/issues/1293/labels{/name}",
    "comments_url": "https://api.github.com/repos/pallets/flask/issues/1293/comments",
    "events_url": "https://api.github.com/repos/pallets/flask/issues/1293/events",
    "html_url": "https://github.com/pallets/flask/issues/1293",
    "id": 52855963,
    "node_id": "MDU6SXNzdWU1Mjg1NTk2Mw==",
    "number": 1293,
    "title": "Project Feedback Site",
    "user": {
        "login": "DavidCDean",
        "id": 559289,
        "node_id": "MDQ6VXNlcjU1OTI4OQ==",
        "avatar_url": "https://avatars2.githubusercontent.com/u/559289?v=4",
        "gravatar_id": "",
        "url": "https://api.github.com/users/DavidCDean",
        "html_url": "https://github.com/DavidCDean",
        "followers_url": "https://api.github.com/users/DavidCDean/followers",
        "following_url": "https://api.github.com/users/DavidCDean/following{/other_user}",
        "gists_url": "https://api.github.com/users/DavidCDean/gists{/gist_id}",
        "starred_url": "https://api.github.com/users/DavidCDean/starred{/owner}{/repo}",
        "subscriptions_url": "https://api.github.com/users/DavidCDean/subscriptions",
        "organizations_url": "https://api.github.com/users/DavidCDean/orgs",
        "repos_url": "https://api.github.com/users/DavidCDean/repos",
        "events_url": "https://api.github.com/users/DavidCDean/events{/privacy}",
        "received_events_url": "https://api.github.com/users/DavidCDean/received_events",
        "type": "User",
        "site_admin": false
    },
    "labels": [],
    "state": "closed",
    "locked": false,
    "assignee": null,
    "assignees": [],
    "milestone": null,
    "comments": 1,
    "created_at": "2014-12-25T09:26:27Z",
    "updated_at": "2014-12-25T15:49:22Z",
    "closed_at": "2014-12-25T15:49:22Z",
    "author_association": "NONE",
    "body": "The project feedback site referenced on the Flask website appears to be unavailable.\n",
    "comments_inline": [
        {
            "url": "https://api.github.com/repos/pallets/flask/issues/comments/68106701",
            "html_url": "https://github.com/pallets/flask/issues/1293#issuecomment-68106701",
            "issue_url": "https://api.github.com/repos/pallets/flask/issues/1293",
            "id": 68106701,
            "node_id": "MDEyOklzc3VlQ29tbWVudDY4MTA2NzAx",
            "user": {
                "login": "untitaker",
                "id": 837573,
                "node_id": "MDQ6VXNlcjgzNzU3Mw==",
                "avatar_url": "https://avatars0.githubusercontent.com/u/837573?v=4",
                "gravatar_id": "",
                "url": "https://api.github.com/users/untitaker",
                "html_url": "https://github.com/untitaker",
                "followers_url": "https://api.github.com/users/untitaker/followers",
                "following_url": "https://api.github.com/users/untitaker/following{/other_user}",
                "gists_url": "https://api.github.com/users/untitaker/gists{/gist_id}",
                "starred_url": "https://api.github.com/users/untitaker/starred{/owner}{/repo}",
                "subscriptions_url": "https://api.github.com/users/untitaker/subscriptions",
                "organizations_url": "https://api.github.com/users/untitaker/orgs",
                "repos_url": "https://api.github.com/users/untitaker/repos",
                "events_url": "https://api.github.com/users/untitaker/events{/privacy}",
                "received_events_url": "https://api.github.com/users/untitaker/received_events",
                "type": "User",
                "site_admin": false
            },
            "created_at": "2014-12-25T15:49:22Z",
            "updated_at": "2014-12-25T15:49:22Z",
            "author_association": "MEMBER",
            "body": "https://github.com/pocoo/metaflask/issues/41\n"
        }
    ]
}