{
    "url": "https://api.github.com/repos/pallets/flask/issues/1294",
    "repository_url": "https://api.github.com/repos/pallets/flask",
    "labels_url": "https://api.github.com/repos/pallets/flask/issues/1294/labels{/name}",
    "comments_url": "https://api.github.com/repos/pallets/flask/issues/1294/comments",
    "events_url": "https://api.github.com/repos/pallets/flask/issues/1294/events",
    "html_url": "https://github.com/pallets/flask/issues/1294",
    "id": 52855992,
    "node_id": "MDU6SXNzdWU1Mjg1NTk5Mg==",
    "number": 1294,
    "title": "Documentation",
    "user": {
        "login": "DavidCDean",
        "id": 559289,
        "node_id": "MDQ6VXNlcjU1OTI4OQ==",
        "avatar_url": "https://avatars2.githubusercontent.com/u/559289?v=4",
        "gravatar_id": "",
        "url": "https://api.github.com/users/DavidCDean",
        "html_url": "https://github.com/DavidCDean",
        "followers_url": "https://api.github.com/users/DavidCDean/followers",
        "following_url": "https://api.github.com/users/DavidCDean/following{/other_user}",
        "gists_url": "https://api.github.com/users/DavidCDean/gists{/gist_id}",
        "starred_url": "https://api.github.com/users/DavidCDean/starred{/owner}{/repo}",
        "subscriptions_url": "https://api.github.com/users/DavidCDean/subscriptions",
        "organizations_url": "https://api.github.com/users/DavidCDean/orgs",
        "repos_url": "https://api.github.com/users/DavidCDean/repos",
        "events_url": "https://api.github.com/users/DavidCDean/events{/privacy}",
        "received_events_url": "https://api.github.com/users/DavidCDean/received_events",
        "type": "User",
        "site_admin": false
    },
    "labels": [],
    "state": "closed",
    "locked": false,
    "assignee": null,
    "assignees": [],
    "milestone": null,
    "comments": 1,
    "created_at": "2014-12-25T09:27:16Z",
    "updated_at": "2014-12-25T15:48:49Z",
    "closed_at": "2014-12-25T15:48:49Z",
    "author_association": "NONE",
    "body": "Is there a documentation download for Flask (and/or Jinja and Werkzeug)?\n",
    "comments_inline": [
        {
            "url": "https://api.github.com/repos/pallets/flask/issues/comments/68106690",
            "html_url": "https://github.com/pallets/flask/issues/1294#issuecomment-68106690",
            "issue_url": "https://api.github.com/repos/pallets/flask/issues/1294",
            "id": 68106690,
            "node_id": "MDEyOklzc3VlQ29tbWVudDY4MTA2Njkw",
            "user": {
                "login": "untitaker",
                "id": 837573,
                "node_id": "MDQ6VXNlcjgzNzU3Mw==",
                "avatar_url": "https://avatars0.githubusercontent.com/u/837573?v=4",
                "gravatar_id": "",
                "url": "https://api.github.com/users/untitaker",
                "html_url": "https://github.com/untitaker",
                "followers_url": "https://api.github.com/users/untitaker/followers",
                "following_url": "https://api.github.com/users/untitaker/following{/other_user}",
                "gists_url": "https://api.github.com/users/untitaker/gists{/gist_id}",
                "starred_url": "https://api.github.com/users/untitaker/starred{/owner}{/repo}",
                "subscriptions_url": "https://api.github.com/users/untitaker/subscriptions",
                "organizations_url": "https://api.github.com/users/untitaker/orgs",
                "repos_url": "https://api.github.com/users/untitaker/repos",
                "events_url": "https://api.github.com/users/untitaker/events{/privacy}",
                "received_events_url": "https://api.github.com/users/untitaker/received_events",
                "type": "User",
                "site_admin": false
            },
            "created_at": "2014-12-25T15:48:49Z",
            "updated_at": "2014-12-25T15:48:49Z",
            "author_association": "MEMBER",
            "body": "There should be, but currently there isn't. See https://github.com/pocoo/metaflask/issues/7\n"
        }
    ]
}