{
    "url": "https://api.github.com/repos/pallets/flask/issues/1299",
    "repository_url": "https://api.github.com/repos/pallets/flask",
    "labels_url": "https://api.github.com/repos/pallets/flask/issues/1299/labels{/name}",
    "comments_url": "https://api.github.com/repos/pallets/flask/issues/1299/comments",
    "events_url": "https://api.github.com/repos/pallets/flask/issues/1299/events",
    "html_url": "https://github.com/pallets/flask/pull/1299",
    "id": 53130478,
    "node_id": "MDExOlB1bGxSZXF1ZXN0MjY2OTM4ODc=",
    "number": 1299,
    "title": "Update quickstart.rst",
    "user": {
        "login": "sateeshkumarb",
        "id": 429263,
        "node_id": "MDQ6VXNlcjQyOTI2Mw==",
        "avatar_url": "https://avatars0.githubusercontent.com/u/429263?v=4",
        "gravatar_id": "",
        "url": "https://api.github.com/users/sateeshkumarb",
        "html_url": "https://github.com/sateeshkumarb",
        "followers_url": "https://api.github.com/users/sateeshkumarb/followers",
        "following_url": "https://api.github.com/users/sateeshkumarb/following{/other_user}",
        "gists_url": "https://api.github.com/users/sateeshkumarb/gists{/gist_id}",
        "starred_url": "https://api.github.com/users/sateeshkumarb/starred{/owner}{/repo}",
        "subscriptions_url": "https://api.github.com/users/sateeshkumarb/subscriptions",
        "organizations_url": "https://api.github.com/users/sateeshkumarb/orgs",
        "repos_url": "https://api.github.com/users/sateeshkumarb/repos",
        "events_url": "https://api.github.com/users/sateeshkumarb/events{/privacy}",
        "received_events_url": "https://api.github.com/users/sateeshkumarb/received_events",
        "type": "User",
        "site_admin": false
    },
    "labels": [],
    "state": "closed",
    "locked": false,
    "assignee": null,
    "assignees": [],
    "milestone": null,
    "comments": 1,
    "created_at": "2014-12-30T17:12:32Z",
    "updated_at": "2014-12-30T17:14:59Z",
    "closed_at": "2014-12-30T17:14:59Z",
    "author_association": "CONTRIBUTOR",
    "pull_request": {
        "url": "https://api.github.com/repos/pallets/flask/pulls/1299",
        "html_url": "https://github.com/pallets/flask/pull/1299",
        "diff_url": "https://github.com/pallets/flask/pull/1299.diff",
        "patch_url": "https://github.com/pallets/flask/pull/1299.patch"
    },
    "body": "Minor grammar correction.\n",
    "comments_inline": [
        {
            "url": "https://api.github.com/repos/pallets/flask/issues/comments/68375371",
            "html_url": "https://github.com/pallets/flask/pull/1299#issuecomment-68375371",
            "issue_url": "https://api.github.com/repos/pallets/flask/issues/1299",
            "id": 68375371,
            "node_id": "MDEyOklzc3VlQ29tbWVudDY4Mzc1Mzcx",
            "user": {
                "login": "untitaker",
                "id": 837573,
                "node_id": "MDQ6VXNlcjgzNzU3Mw==",
                "avatar_url": "https://avatars0.githubusercontent.com/u/837573?v=4",
                "gravatar_id": "",
                "url": "https://api.github.com/users/untitaker",
                "html_url": "https://github.com/untitaker",
                "followers_url": "https://api.github.com/users/untitaker/followers",
                "following_url": "https://api.github.com/users/untitaker/following{/other_user}",
                "gists_url": "https://api.github.com/users/untitaker/gists{/gist_id}",
                "starred_url": "https://api.github.com/users/untitaker/starred{/owner}{/repo}",
                "subscriptions_url": "https://api.github.com/users/untitaker/subscriptions",
                "organizations_url": "https://api.github.com/users/untitaker/orgs",
                "repos_url": "https://api.github.com/users/untitaker/repos",
                "events_url": "https://api.github.com/users/untitaker/events{/privacy}",
                "received_events_url": "https://api.github.com/users/untitaker/received_events",
                "type": "User",
                "site_admin": false
            },
            "created_at": "2014-12-30T17:14:57Z",
            "updated_at": "2014-12-30T17:14:57Z",
            "author_association": "MEMBER",
            "body": "Don't think it's more _correct_ this way, but it is more natural to read. Thanks!\n"
        }
    ]
}