{
    "url": "https://api.github.com/repos/pallets/flask/issues/13",
    "repository_url": "https://api.github.com/repos/pallets/flask",
    "labels_url": "https://api.github.com/repos/pallets/flask/issues/13/labels{/name}",
    "comments_url": "https://api.github.com/repos/pallets/flask/issues/13/comments",
    "events_url": "https://api.github.com/repos/pallets/flask/issues/13/events",
    "html_url": "https://github.com/pallets/flask/issues/13",
    "id": 178406,
    "node_id": "MDU6SXNzdWUxNzg0MDY=",
    "number": 13,
    "title": "decorators to add custom jinja filters/globals",
    "user": {
        "login": "sebest",
        "id": 115339,
        "node_id": "MDQ6VXNlcjExNTMzOQ==",
        "avatar_url": "https://avatars0.githubusercontent.com/u/115339?v=4",
        "gravatar_id": "",
        "url": "https://api.github.com/users/sebest",
        "html_url": "https://github.com/sebest",
        "followers_url": "https://api.github.com/users/sebest/followers",
        "following_url": "https://api.github.com/users/sebest/following{/other_user}",
        "gists_url": "https://api.github.com/users/sebest/gists{/gist_id}",
        "starred_url": "https://api.github.com/users/sebest/starred{/owner}{/repo}",
        "subscriptions_url": "https://api.github.com/users/sebest/subscriptions",
        "organizations_url": "https://api.github.com/users/sebest/orgs",
        "repos_url": "https://api.github.com/users/sebest/repos",
        "events_url": "https://api.github.com/users/sebest/events{/privacy}",
        "received_events_url": "https://api.github.com/users/sebest/received_events",
        "type": "User",
        "site_admin": false
    },
    "labels": [],
    "state": "closed",
    "locked": false,
    "assignee": null,
    "assignees": [],
    "milestone": null,
    "comments": 8,
    "created_at": "2010-04-23T15:01:01Z",
    "updated_at": "2011-09-09T08:48:06Z",
    "closed_at": "2010-04-26T06:59:43Z",
    "author_association": "CONTRIBUTOR",
    "body": "Hello,\n\nit would be nice to have a decorator to define a function as a jinja filter instead of adding the function to \napp.jinja_env.filters\n\nthanx\n",
    "comments_inline": [
        {
            "url": "https://api.github.com/repos/pallets/flask/issues/comments/218779",
            "html_url": "https://github.com/pallets/flask/issues/13#issuecomment-218779",
            "issue_url": "https://api.github.com/repos/pallets/flask/issues/13",
            "id": 218779,
            "node_id": "MDEyOklzc3VlQ29tbWVudDIxODc3OQ==",
            "user": {
                "login": "mitsuhiko",
                "id": 7396,
                "node_id": "MDQ6VXNlcjczOTY=",
                "avatar_url": "https://avatars1.githubusercontent.com/u/7396?v=4",
                "gravatar_id": "",
                "url": "https://api.github.com/users/mitsuhiko",
                "html_url": "https://github.com/mitsuhiko",
                "followers_url": "https://api.github.com/users/mitsuhiko/followers",
                "following_url": "https://api.github.com/users/mitsuhiko/following{/other_user}",
                "gists_url": "https://api.github.com/users/mitsuhiko/gists{/gist_id}",
                "starred_url": "https://api.github.com/users/mitsuhiko/starred{/owner}{/repo}",
                "subscriptions_url": "https://api.github.com/users/mitsuhiko/subscriptions",
                "organizations_url": "https://api.github.com/users/mitsuhiko/orgs",
                "repos_url": "https://api.github.com/users/mitsuhiko/repos",
                "events_url": "https://api.github.com/users/mitsuhiko/events{/privacy}",
                "received_events_url": "https://api.github.com/users/mitsuhiko/received_events",
                "type": "User",
                "site_admin": false
            },
            "created_at": "2010-04-23T20:34:18Z",
            "updated_at": "2010-04-23T20:34:18Z",
            "author_association": "MEMBER",
            "body": "Makes a lot of sense, do you want to make a patch with tests for that?\n"
        },
        {
            "url": "https://api.github.com/repos/pallets/flask/issues/comments/218803",
            "html_url": "https://github.com/pallets/flask/issues/13#issuecomment-218803",
            "issue_url": "https://api.github.com/repos/pallets/flask/issues/13",
            "id": 218803,
            "node_id": "MDEyOklzc3VlQ29tbWVudDIxODgwMw==",
            "user": {
                "login": "sebest",
                "id": 115339,
                "node_id": "MDQ6VXNlcjExNTMzOQ==",
                "avatar_url": "https://avatars0.githubusercontent.com/u/115339?v=4",
                "gravatar_id": "",
                "url": "https://api.github.com/users/sebest",
                "html_url": "https://github.com/sebest",
                "followers_url": "https://api.github.com/users/sebest/followers",
                "following_url": "https://api.github.com/users/sebest/following{/other_user}",
                "gists_url": "https://api.github.com/users/sebest/gists{/gist_id}",
                "starred_url": "https://api.github.com/users/sebest/starred{/owner}{/repo}",
                "subscriptions_url": "https://api.github.com/users/sebest/subscriptions",
                "organizations_url": "https://api.github.com/users/sebest/orgs",
                "repos_url": "https://api.github.com/users/sebest/repos",
                "events_url": "https://api.github.com/users/sebest/events{/privacy}",
                "received_events_url": "https://api.github.com/users/sebest/received_events",
                "type": "User",
                "site_admin": false
            },
            "created_at": "2010-04-23T21:02:30Z",
            "updated_at": "2010-04-23T21:02:30Z",
            "author_association": "CONTRIBUTOR",
            "body": "yes, i'll give it a try!\n"
        },
        {
            "url": "https://api.github.com/repos/pallets/flask/issues/comments/218881",
            "html_url": "https://github.com/pallets/flask/issues/13#issuecomment-218881",
            "issue_url": "https://api.github.com/repos/pallets/flask/issues/13",
            "id": 218881,
            "node_id": "MDEyOklzc3VlQ29tbWVudDIxODg4MQ==",
            "user": {
                "login": "sebest",
                "id": 115339,
                "node_id": "MDQ6VXNlcjExNTMzOQ==",
                "avatar_url": "https://avatars0.githubusercontent.com/u/115339?v=4",
                "gravatar_id": "",
                "url": "https://api.github.com/users/sebest",
                "html_url": "https://github.com/sebest",
                "followers_url": "https://api.github.com/users/sebest/followers",
                "following_url": "https://api.github.com/users/sebest/following{/other_user}",
                "gists_url": "https://api.github.com/users/sebest/gists{/gist_id}",
                "starred_url": "https://api.github.com/users/sebest/starred{/owner}{/repo}",
                "subscriptions_url": "https://api.github.com/users/sebest/subscriptions",
                "organizations_url": "https://api.github.com/users/sebest/orgs",
                "repos_url": "https://api.github.com/users/sebest/repos",
                "events_url": "https://api.github.com/users/sebest/events{/privacy}",
                "received_events_url": "https://api.github.com/users/sebest/received_events",
                "type": "User",
                "site_admin": false
            },
            "created_at": "2010-04-23T22:09:49Z",
            "updated_at": "2010-04-23T22:09:49Z",
            "author_association": "CONTRIBUTOR",
            "body": "any advice on the place to put this code?\n"
        },
        {
            "url": "https://api.github.com/repos/pallets/flask/issues/comments/218947",
            "html_url": "https://github.com/pallets/flask/issues/13#issuecomment-218947",
            "issue_url": "https://api.github.com/repos/pallets/flask/issues/13",
            "id": 218947,
            "node_id": "MDEyOklzc3VlQ29tbWVudDIxODk0Nw==",
            "user": {
                "login": "cgrinds",
                "id": 242252,
                "node_id": "MDQ6VXNlcjI0MjI1Mg==",
                "avatar_url": "https://avatars1.githubusercontent.com/u/242252?v=4",
                "gravatar_id": "",
                "url": "https://api.github.com/users/cgrinds",
                "html_url": "https://github.com/cgrinds",
                "followers_url": "https://api.github.com/users/cgrinds/followers",
                "following_url": "https://api.github.com/users/cgrinds/following{/other_user}",
                "gists_url": "https://api.github.com/users/cgrinds/gists{/gist_id}",
                "starred_url": "https://api.github.com/users/cgrinds/starred{/owner}{/repo}",
                "subscriptions_url": "https://api.github.com/users/cgrinds/subscriptions",
                "organizations_url": "https://api.github.com/users/cgrinds/orgs",
                "repos_url": "https://api.github.com/users/cgrinds/repos",
                "events_url": "https://api.github.com/users/cgrinds/events{/privacy}",
                "received_events_url": "https://api.github.com/users/cgrinds/received_events",
                "type": "User",
                "site_admin": false
            },
            "created_at": "2010-04-23T23:51:08Z",
            "updated_at": "2010-04-23T23:51:08Z",
            "author_association": "CONTRIBUTOR",
            "body": "Hey sebest - How about forking and changing the code there?\n"
        },
        {
            "url": "https://api.github.com/repos/pallets/flask/issues/comments/218961",
            "html_url": "https://github.com/pallets/flask/issues/13#issuecomment-218961",
            "issue_url": "https://api.github.com/repos/pallets/flask/issues/13",
            "id": 218961,
            "node_id": "MDEyOklzc3VlQ29tbWVudDIxODk2MQ==",
            "user": {
                "login": "sebest",
                "id": 115339,
                "node_id": "MDQ6VXNlcjExNTMzOQ==",
                "avatar_url": "https://avatars0.githubusercontent.com/u/115339?v=4",
                "gravatar_id": "",
                "url": "https://api.github.com/users/sebest",
                "html_url": "https://github.com/sebest",
                "followers_url": "https://api.github.com/users/sebest/followers",
                "following_url": "https://api.github.com/users/sebest/following{/other_user}",
                "gists_url": "https://api.github.com/users/sebest/gists{/gist_id}",
                "starred_url": "https://api.github.com/users/sebest/starred{/owner}{/repo}",
                "subscriptions_url": "https://api.github.com/users/sebest/subscriptions",
                "organizations_url": "https://api.github.com/users/sebest/orgs",
                "repos_url": "https://api.github.com/users/sebest/repos",
                "events_url": "https://api.github.com/users/sebest/events{/privacy}",
                "received_events_url": "https://api.github.com/users/sebest/received_events",
                "type": "User",
                "site_admin": false
            },
            "created_at": "2010-04-24T00:07:24Z",
            "updated_at": "2010-04-24T00:07:24Z",
            "author_association": "CONTRIBUTOR",
            "body": "@cgrind: my question was related to flask code organization. (not github usage)\n"
        },
        {
            "url": "https://api.github.com/repos/pallets/flask/issues/comments/219434",
            "html_url": "https://github.com/pallets/flask/issues/13#issuecomment-219434",
            "issue_url": "https://api.github.com/repos/pallets/flask/issues/13",
            "id": 219434,
            "node_id": "MDEyOklzc3VlQ29tbWVudDIxOTQzNA==",
            "user": {
                "login": "mitsuhiko",
                "id": 7396,
                "node_id": "MDQ6VXNlcjczOTY=",
                "avatar_url": "https://avatars1.githubusercontent.com/u/7396?v=4",
                "gravatar_id": "",
                "url": "https://api.github.com/users/mitsuhiko",
                "html_url": "https://github.com/mitsuhiko",
                "followers_url": "https://api.github.com/users/mitsuhiko/followers",
                "following_url": "https://api.github.com/users/mitsuhiko/following{/other_user}",
                "gists_url": "https://api.github.com/users/mitsuhiko/gists{/gist_id}",
                "starred_url": "https://api.github.com/users/mitsuhiko/starred{/owner}{/repo}",
                "subscriptions_url": "https://api.github.com/users/mitsuhiko/subscriptions",
                "organizations_url": "https://api.github.com/users/mitsuhiko/orgs",
                "repos_url": "https://api.github.com/users/mitsuhiko/repos",
                "events_url": "https://api.github.com/users/mitsuhiko/events{/privacy}",
                "received_events_url": "https://api.github.com/users/mitsuhiko/received_events",
                "type": "User",
                "site_admin": false
            },
            "created_at": "2010-04-24T15:37:04Z",
            "updated_at": "2010-04-24T15:37:04Z",
            "author_association": "MEMBER",
            "body": "Flask.template_filter :)\n"
        },
        {
            "url": "https://api.github.com/repos/pallets/flask/issues/comments/220554",
            "html_url": "https://github.com/pallets/flask/issues/13#issuecomment-220554",
            "issue_url": "https://api.github.com/repos/pallets/flask/issues/13",
            "id": 220554,
            "node_id": "MDEyOklzc3VlQ29tbWVudDIyMDU1NA==",
            "user": {
                "login": "mitsuhiko",
                "id": 7396,
                "node_id": "MDQ6VXNlcjczOTY=",
                "avatar_url": "https://avatars1.githubusercontent.com/u/7396?v=4",
                "gravatar_id": "",
                "url": "https://api.github.com/users/mitsuhiko",
                "html_url": "https://github.com/mitsuhiko",
                "followers_url": "https://api.github.com/users/mitsuhiko/followers",
                "following_url": "https://api.github.com/users/mitsuhiko/following{/other_user}",
                "gists_url": "https://api.github.com/users/mitsuhiko/gists{/gist_id}",
                "starred_url": "https://api.github.com/users/mitsuhiko/starred{/owner}{/repo}",
                "subscriptions_url": "https://api.github.com/users/mitsuhiko/subscriptions",
                "organizations_url": "https://api.github.com/users/mitsuhiko/orgs",
                "repos_url": "https://api.github.com/users/mitsuhiko/repos",
                "events_url": "https://api.github.com/users/mitsuhiko/events{/privacy}",
                "received_events_url": "https://api.github.com/users/mitsuhiko/received_events",
                "type": "User",
                "site_admin": false
            },
            "created_at": "2010-04-26T06:59:43Z",
            "updated_at": "2010-04-26T06:59:43Z",
            "author_association": "MEMBER",
            "body": "Pulled the changes.\n"
        },
        {
            "url": "https://api.github.com/repos/pallets/flask/issues/comments/2049311",
            "html_url": "https://github.com/pallets/flask/issues/13#issuecomment-2049311",
            "issue_url": "https://api.github.com/repos/pallets/flask/issues/13",
            "id": 2049311,
            "node_id": "MDEyOklzc3VlQ29tbWVudDIwNDkzMTE=",
            "user": {
                "login": "lestatcheb",
                "id": 822527,
                "node_id": "MDQ6VXNlcjgyMjUyNw==",
                "avatar_url": "https://avatars0.githubusercontent.com/u/822527?v=4",
                "gravatar_id": "",
                "url": "https://api.github.com/users/lestatcheb",
                "html_url": "https://github.com/lestatcheb",
                "followers_url": "https://api.github.com/users/lestatcheb/followers",
                "following_url": "https://api.github.com/users/lestatcheb/following{/other_user}",
                "gists_url": "https://api.github.com/users/lestatcheb/gists{/gist_id}",
                "starred_url": "https://api.github.com/users/lestatcheb/starred{/owner}{/repo}",
                "subscriptions_url": "https://api.github.com/users/lestatcheb/subscriptions",
                "organizations_url": "https://api.github.com/users/lestatcheb/orgs",
                "repos_url": "https://api.github.com/users/lestatcheb/repos",
                "events_url": "https://api.github.com/users/lestatcheb/events{/privacy}",
                "received_events_url": "https://api.github.com/users/lestatcheb/received_events",
                "type": "User",
                "site_admin": false
            },
            "created_at": "2011-09-09T08:48:06Z",
            "updated_at": "2011-09-09T08:48:06Z",
            "author_association": "NONE",
            "body": "mitsuhiko, can you please add also Flask.template_global decorator for add functions to app.jinja_env.globals ?\n\nThanks!\n"
        }
    ]
}