{
    "url": "https://api.github.com/repos/pallets/flask/issues/130",
    "repository_url": "https://api.github.com/repos/pallets/flask",
    "labels_url": "https://api.github.com/repos/pallets/flask/issues/130/labels{/name}",
    "comments_url": "https://api.github.com/repos/pallets/flask/issues/130/comments",
    "events_url": "https://api.github.com/repos/pallets/flask/issues/130/events",
    "html_url": "https://github.com/pallets/flask/pull/130",
    "id": 377777,
    "node_id": "MDExOlB1bGxSZXF1ZXN0MTkxNjQ=",
    "number": 130,
    "title": "Website",
    "user": {
        "login": "dag",
        "id": 319,
        "node_id": "MDQ6VXNlcjMxOQ==",
        "avatar_url": "https://avatars1.githubusercontent.com/u/319?v=4",
        "gravatar_id": "",
        "url": "https://api.github.com/users/dag",
        "html_url": "https://github.com/dag",
        "followers_url": "https://api.github.com/users/dag/followers",
        "following_url": "https://api.github.com/users/dag/following{/other_user}",
        "gists_url": "https://api.github.com/users/dag/gists{/gist_id}",
        "starred_url": "https://api.github.com/users/dag/starred{/owner}{/repo}",
        "subscriptions_url": "https://api.github.com/users/dag/subscriptions",
        "organizations_url": "https://api.github.com/users/dag/orgs",
        "repos_url": "https://api.github.com/users/dag/repos",
        "events_url": "https://api.github.com/users/dag/events{/privacy}",
        "received_events_url": "https://api.github.com/users/dag/received_events",
        "type": "User",
        "site_admin": false
    },
    "labels": [],
    "state": "closed",
    "locked": false,
    "assignee": null,
    "assignees": [],
    "milestone": null,
    "comments": 1,
    "created_at": "2010-10-23T10:10:09Z",
    "updated_at": "2014-06-12T07:00:21Z",
    "closed_at": "2010-10-23T11:17:11Z",
    "author_association": "CONTRIBUTOR",
    "pull_request": {
        "url": "https://api.github.com/repos/pallets/flask/pulls/130",
        "html_url": "https://github.com/pallets/flask/pull/130",
        "diff_url": "https://github.com/pallets/flask/pull/130.diff",
        "patch_url": "https://github.com/pallets/flask/pull/130.patch"
    },
    "body": "",
    "comments_inline": [
        {
            "url": "https://api.github.com/repos/pallets/flask/issues/comments/487669",
            "html_url": "https://github.com/pallets/flask/pull/130#issuecomment-487669",
            "issue_url": "https://api.github.com/repos/pallets/flask/issues/130",
            "id": 487669,
            "node_id": "MDEyOklzc3VlQ29tbWVudDQ4NzY2OQ==",
            "user": {
                "login": "mitsuhiko",
                "id": 7396,
                "node_id": "MDQ6VXNlcjczOTY=",
                "avatar_url": "https://avatars1.githubusercontent.com/u/7396?v=4",
                "gravatar_id": "",
                "url": "https://api.github.com/users/mitsuhiko",
                "html_url": "https://github.com/mitsuhiko",
                "followers_url": "https://api.github.com/users/mitsuhiko/followers",
                "following_url": "https://api.github.com/users/mitsuhiko/following{/other_user}",
                "gists_url": "https://api.github.com/users/mitsuhiko/gists{/gist_id}",
                "starred_url": "https://api.github.com/users/mitsuhiko/starred{/owner}{/repo}",
                "subscriptions_url": "https://api.github.com/users/mitsuhiko/subscriptions",
                "organizations_url": "https://api.github.com/users/mitsuhiko/orgs",
                "repos_url": "https://api.github.com/users/mitsuhiko/repos",
                "events_url": "https://api.github.com/users/mitsuhiko/events{/privacy}",
                "received_events_url": "https://api.github.com/users/mitsuhiko/received_events",
                "type": "User",
                "site_admin": false
            },
            "created_at": "2010-10-23T11:17:11Z",
            "updated_at": "2010-10-23T11:17:11Z",
            "author_association": "MEMBER",
            "body": "Pulled.\n"
        }
    ]
}