{
    "url": "https://api.github.com/repos/pallets/flask/issues/1300",
    "repository_url": "https://api.github.com/repos/pallets/flask",
    "labels_url": "https://api.github.com/repos/pallets/flask/issues/1300/labels{/name}",
    "comments_url": "https://api.github.com/repos/pallets/flask/issues/1300/comments",
    "events_url": "https://api.github.com/repos/pallets/flask/issues/1300/events",
    "html_url": "https://github.com/pallets/flask/issues/1300",
    "id": 53157158,
    "node_id": "MDU6SXNzdWU1MzE1NzE1OA==",
    "number": 1300,
    "title": "Links to PDF and HTML Zipped Docs return 404 error",
    "user": {
        "login": "texpilot",
        "id": 3036806,
        "node_id": "MDQ6VXNlcjMwMzY4MDY=",
        "avatar_url": "https://avatars3.githubusercontent.com/u/3036806?v=4",
        "gravatar_id": "",
        "url": "https://api.github.com/users/texpilot",
        "html_url": "https://github.com/texpilot",
        "followers_url": "https://api.github.com/users/texpilot/followers",
        "following_url": "https://api.github.com/users/texpilot/following{/other_user}",
        "gists_url": "https://api.github.com/users/texpilot/gists{/gist_id}",
        "starred_url": "https://api.github.com/users/texpilot/starred{/owner}{/repo}",
        "subscriptions_url": "https://api.github.com/users/texpilot/subscriptions",
        "organizations_url": "https://api.github.com/users/texpilot/orgs",
        "repos_url": "https://api.github.com/users/texpilot/repos",
        "events_url": "https://api.github.com/users/texpilot/events{/privacy}",
        "received_events_url": "https://api.github.com/users/texpilot/received_events",
        "type": "User",
        "site_admin": false
    },
    "labels": [],
    "state": "closed",
    "locked": false,
    "assignee": null,
    "assignees": [],
    "milestone": null,
    "comments": 4,
    "created_at": "2014-12-30T23:47:12Z",
    "updated_at": "2016-01-26T22:25:48Z",
    "closed_at": "2016-01-26T22:25:48Z",
    "author_association": "NONE",
    "body": "Trying to download the PDF version of the flask docs from URL http://flask.pocoo.org returns error code 404. Same thing with the HTML Zipped link.\n\nLooking forward to getting into Flask!\n",
    "comments_inline": [
        {
            "url": "https://api.github.com/repos/pallets/flask/issues/comments/68533345",
            "html_url": "https://github.com/pallets/flask/issues/1300#issuecomment-68533345",
            "issue_url": "https://api.github.com/repos/pallets/flask/issues/1300",
            "id": 68533345,
            "node_id": "MDEyOklzc3VlQ29tbWVudDY4NTMzMzQ1",
            "user": {
                "login": "ghost",
                "id": 10137,
                "node_id": "MDQ6VXNlcjEwMTM3",
                "avatar_url": "https://avatars3.githubusercontent.com/u/10137?v=4",
                "gravatar_id": "",
                "url": "https://api.github.com/users/ghost",
                "html_url": "https://github.com/ghost",
                "followers_url": "https://api.github.com/users/ghost/followers",
                "following_url": "https://api.github.com/users/ghost/following{/other_user}",
                "gists_url": "https://api.github.com/users/ghost/gists{/gist_id}",
                "starred_url": "https://api.github.com/users/ghost/starred{/owner}{/repo}",
                "subscriptions_url": "https://api.github.com/users/ghost/subscriptions",
                "organizations_url": "https://api.github.com/users/ghost/orgs",
                "repos_url": "https://api.github.com/users/ghost/repos",
                "events_url": "https://api.github.com/users/ghost/events{/privacy}",
                "received_events_url": "https://api.github.com/users/ghost/received_events",
                "type": "User",
                "site_admin": false
            },
            "created_at": "2015-01-02T15:16:47Z",
            "updated_at": "2015-01-02T15:16:47Z",
            "author_association": "NONE",
            "body": "Documentation on flask is available from http://flask.readthedocs.org/ \n\nDive into flask. Don't wait. Regarding the PDF or HTML Zipped link, didn't find it there (http://flask.pocoo.org) anywhere.\n"
        },
        {
            "url": "https://api.github.com/repos/pallets/flask/issues/comments/68533511",
            "html_url": "https://github.com/pallets/flask/issues/1300#issuecomment-68533511",
            "issue_url": "https://api.github.com/repos/pallets/flask/issues/1300",
            "id": 68533511,
            "node_id": "MDEyOklzc3VlQ29tbWVudDY4NTMzNTEx",
            "user": {
                "login": "ghost",
                "id": 10137,
                "node_id": "MDQ6VXNlcjEwMTM3",
                "avatar_url": "https://avatars3.githubusercontent.com/u/10137?v=4",
                "gravatar_id": "",
                "url": "https://api.github.com/users/ghost",
                "html_url": "https://github.com/ghost",
                "followers_url": "https://api.github.com/users/ghost/followers",
                "following_url": "https://api.github.com/users/ghost/following{/other_user}",
                "gists_url": "https://api.github.com/users/ghost/gists{/gist_id}",
                "starred_url": "https://api.github.com/users/ghost/starred{/owner}{/repo}",
                "subscriptions_url": "https://api.github.com/users/ghost/subscriptions",
                "organizations_url": "https://api.github.com/users/ghost/orgs",
                "repos_url": "https://api.github.com/users/ghost/repos",
                "events_url": "https://api.github.com/users/ghost/events{/privacy}",
                "received_events_url": "https://api.github.com/users/ghost/received_events",
                "type": "User",
                "site_admin": false
            },
            "created_at": "2015-01-02T15:18:49Z",
            "updated_at": "2015-01-02T15:18:49Z",
            "author_association": "NONE",
            "body": "This issue has already been reported https://github.com/mitsuhiko/flask/issues/1251\n"
        },
        {
            "url": "https://api.github.com/repos/pallets/flask/issues/comments/68540016",
            "html_url": "https://github.com/pallets/flask/issues/1300#issuecomment-68540016",
            "issue_url": "https://api.github.com/repos/pallets/flask/issues/1300",
            "id": 68540016,
            "node_id": "MDEyOklzc3VlQ29tbWVudDY4NTQwMDE2",
            "user": {
                "login": "texpilot",
                "id": 3036806,
                "node_id": "MDQ6VXNlcjMwMzY4MDY=",
                "avatar_url": "https://avatars3.githubusercontent.com/u/3036806?v=4",
                "gravatar_id": "",
                "url": "https://api.github.com/users/texpilot",
                "html_url": "https://github.com/texpilot",
                "followers_url": "https://api.github.com/users/texpilot/followers",
                "following_url": "https://api.github.com/users/texpilot/following{/other_user}",
                "gists_url": "https://api.github.com/users/texpilot/gists{/gist_id}",
                "starred_url": "https://api.github.com/users/texpilot/starred{/owner}{/repo}",
                "subscriptions_url": "https://api.github.com/users/texpilot/subscriptions",
                "organizations_url": "https://api.github.com/users/texpilot/orgs",
                "repos_url": "https://api.github.com/users/texpilot/repos",
                "events_url": "https://api.github.com/users/texpilot/events{/privacy}",
                "received_events_url": "https://api.github.com/users/texpilot/received_events",
                "type": "User",
                "site_admin": false
            },
            "created_at": "2015-01-02T16:36:10Z",
            "updated_at": "2015-01-02T16:36:10Z",
            "author_association": "NONE",
            "body": "Thanks Karthik.\n\nThe \"PDF\" and \u201czipped HTML\u201d links are right on the home page (http://flask.pocoo.org http://flask.pocoo.org/), under the \u201cInterested?\u201d section:\n\nInterested?\nDownload latest release http://pypi.python.org/packages/source/F/Flask/Flask-0.10.1.tar.gz (0.10.1)\nRead the documentation http://flask.pocoo.org/docs/ or download as PDF http://flask.pocoo.org/docs/flask-docs.pdf and zipped HTML http://flask.pocoo.org/docs/flask-docs.zip\n<\u2026>\n\nFYI, the \u201cas PDF\u201d, \u201cas ePub\u201d, \u201cas .mobi\u201d, \u201cas zipped HTML\u201d links at http://flask.readthedocs.org/en/latest/ also all return 404 Not Found as well.\n\n> On Jan 2, 2015, at 9:17 AM, Karthik Narendran notifications@github.com wrote:\n> \n> Documentation on flask is available from http://flask.readthedocs.org/ http://flask.readthedocs.org/\n> Dive into flask. Don't wait. Regarding the PDF or HTML Zipped link, didn't find it there (http://flask.pocoo.org http://flask.pocoo.org/) anywhere.\n> \n> \u2014\n> Reply to this email directly or view it on GitHub https://github.com/mitsuhiko/flask/issues/1300#issuecomment-68533345.\n"
        },
        {
            "url": "https://api.github.com/repos/pallets/flask/issues/comments/68542842",
            "html_url": "https://github.com/pallets/flask/issues/1300#issuecomment-68542842",
            "issue_url": "https://api.github.com/repos/pallets/flask/issues/1300",
            "id": 68542842,
            "node_id": "MDEyOklzc3VlQ29tbWVudDY4NTQyODQy",
            "user": {
                "login": "ghost",
                "id": 10137,
                "node_id": "MDQ6VXNlcjEwMTM3",
                "avatar_url": "https://avatars3.githubusercontent.com/u/10137?v=4",
                "gravatar_id": "",
                "url": "https://api.github.com/users/ghost",
                "html_url": "https://github.com/ghost",
                "followers_url": "https://api.github.com/users/ghost/followers",
                "following_url": "https://api.github.com/users/ghost/following{/other_user}",
                "gists_url": "https://api.github.com/users/ghost/gists{/gist_id}",
                "starred_url": "https://api.github.com/users/ghost/starred{/owner}{/repo}",
                "subscriptions_url": "https://api.github.com/users/ghost/subscriptions",
                "organizations_url": "https://api.github.com/users/ghost/orgs",
                "repos_url": "https://api.github.com/users/ghost/repos",
                "events_url": "https://api.github.com/users/ghost/events{/privacy}",
                "received_events_url": "https://api.github.com/users/ghost/received_events",
                "type": "User",
                "site_admin": false
            },
            "created_at": "2015-01-02T17:09:23Z",
            "updated_at": "2015-01-02T17:10:04Z",
            "author_association": "NONE",
            "body": "Happy to help :+1:\n\nAlso, it seems like the people at pocoo are working on this documentation issue. Issue https://github.com/pocoo/metaflask/issues/7\n"
        }
    ]
}