{
    "url": "https://api.github.com/repos/pallets/flask/issues/1302",
    "repository_url": "https://api.github.com/repos/pallets/flask",
    "labels_url": "https://api.github.com/repos/pallets/flask/issues/1302/labels{/name}",
    "comments_url": "https://api.github.com/repos/pallets/flask/issues/1302/comments",
    "events_url": "https://api.github.com/repos/pallets/flask/issues/1302/events",
    "html_url": "https://github.com/pallets/flask/issues/1302",
    "id": 53204245,
    "node_id": "MDU6SXNzdWU1MzIwNDI0NQ==",
    "number": 1302,
    "title": "testing documentation missing \"TESTING\" config",
    "user": {
        "login": "yisding",
        "id": 1209314,
        "node_id": "MDQ6VXNlcjEyMDkzMTQ=",
        "avatar_url": "https://avatars1.githubusercontent.com/u/1209314?v=4",
        "gravatar_id": "",
        "url": "https://api.github.com/users/yisding",
        "html_url": "https://github.com/yisding",
        "followers_url": "https://api.github.com/users/yisding/followers",
        "following_url": "https://api.github.com/users/yisding/following{/other_user}",
        "gists_url": "https://api.github.com/users/yisding/gists{/gist_id}",
        "starred_url": "https://api.github.com/users/yisding/starred{/owner}{/repo}",
        "subscriptions_url": "https://api.github.com/users/yisding/subscriptions",
        "organizations_url": "https://api.github.com/users/yisding/orgs",
        "repos_url": "https://api.github.com/users/yisding/repos",
        "events_url": "https://api.github.com/users/yisding/events{/privacy}",
        "received_events_url": "https://api.github.com/users/yisding/received_events",
        "type": "User",
        "site_admin": false
    },
    "labels": [
        {
            "id": 32876,
            "node_id": "MDU6TGFiZWwzMjg3Ng==",
            "url": "https://api.github.com/repos/pallets/flask/labels/docs",
            "name": "docs",
            "color": "0e8a16",
            "default": false,
            "description": null
        }
    ],
    "state": "closed",
    "locked": false,
    "assignee": null,
    "assignees": [],
    "milestone": null,
    "comments": 6,
    "created_at": "2014-12-31T21:28:12Z",
    "updated_at": "2017-04-13T23:45:25Z",
    "closed_at": "2017-04-13T23:45:25Z",
    "author_association": "NONE",
    "body": "http://flask.pocoo.org/docs/dev/testing/\n\nIn the first code box there's flaskr.app.config['TESTING'] = True\n\nBut then it goes missing here:\n\nhttp://flask.pocoo.org/docs/dev/testing/#the-first-test\n",
    "comments_inline": [
        {
            "url": "https://api.github.com/repos/pallets/flask/issues/comments/68485083",
            "html_url": "https://github.com/pallets/flask/issues/1302#issuecomment-68485083",
            "issue_url": "https://api.github.com/repos/pallets/flask/issues/1302",
            "id": 68485083,
            "node_id": "MDEyOklzc3VlQ29tbWVudDY4NDg1MDgz",
            "user": {
                "login": "untitaker",
                "id": 837573,
                "node_id": "MDQ6VXNlcjgzNzU3Mw==",
                "avatar_url": "https://avatars0.githubusercontent.com/u/837573?v=4",
                "gravatar_id": "",
                "url": "https://api.github.com/users/untitaker",
                "html_url": "https://github.com/untitaker",
                "followers_url": "https://api.github.com/users/untitaker/followers",
                "following_url": "https://api.github.com/users/untitaker/following{/other_user}",
                "gists_url": "https://api.github.com/users/untitaker/gists{/gist_id}",
                "starred_url": "https://api.github.com/users/untitaker/starred{/owner}{/repo}",
                "subscriptions_url": "https://api.github.com/users/untitaker/subscriptions",
                "organizations_url": "https://api.github.com/users/untitaker/orgs",
                "repos_url": "https://api.github.com/users/untitaker/repos",
                "events_url": "https://api.github.com/users/untitaker/events{/privacy}",
                "received_events_url": "https://api.github.com/users/untitaker/received_events",
                "type": "User",
                "site_admin": false
            },
            "created_at": "2015-01-01T11:52:32Z",
            "updated_at": "2015-01-01T11:52:32Z",
            "author_association": "MEMBER",
            "body": "I think the whole page needs to be rewritten, see #1180 \n"
        },
        {
            "url": "https://api.github.com/repos/pallets/flask/issues/comments/68557660",
            "html_url": "https://github.com/pallets/flask/issues/1302#issuecomment-68557660",
            "issue_url": "https://api.github.com/repos/pallets/flask/issues/1302",
            "id": 68557660,
            "node_id": "MDEyOklzc3VlQ29tbWVudDY4NTU3NjYw",
            "user": {
                "login": "yisding",
                "id": 1209314,
                "node_id": "MDQ6VXNlcjEyMDkzMTQ=",
                "avatar_url": "https://avatars1.githubusercontent.com/u/1209314?v=4",
                "gravatar_id": "",
                "url": "https://api.github.com/users/yisding",
                "html_url": "https://github.com/yisding",
                "followers_url": "https://api.github.com/users/yisding/followers",
                "following_url": "https://api.github.com/users/yisding/following{/other_user}",
                "gists_url": "https://api.github.com/users/yisding/gists{/gist_id}",
                "starred_url": "https://api.github.com/users/yisding/starred{/owner}{/repo}",
                "subscriptions_url": "https://api.github.com/users/yisding/subscriptions",
                "organizations_url": "https://api.github.com/users/yisding/orgs",
                "repos_url": "https://api.github.com/users/yisding/repos",
                "events_url": "https://api.github.com/users/yisding/events{/privacy}",
                "received_events_url": "https://api.github.com/users/yisding/received_events",
                "type": "User",
                "site_admin": false
            },
            "created_at": "2015-01-02T20:07:32Z",
            "updated_at": "2015-01-02T20:07:32Z",
            "author_association": "NONE",
            "body": "What's the consensus on the rewrite? Did people decide to rewrite it using pytest? Also, as of right now, the code doesn't work in py3k because of the bytes/strings change.\n"
        },
        {
            "url": "https://api.github.com/repos/pallets/flask/issues/comments/68557741",
            "html_url": "https://github.com/pallets/flask/issues/1302#issuecomment-68557741",
            "issue_url": "https://api.github.com/repos/pallets/flask/issues/1302",
            "id": 68557741,
            "node_id": "MDEyOklzc3VlQ29tbWVudDY4NTU3NzQx",
            "user": {
                "login": "untitaker",
                "id": 837573,
                "node_id": "MDQ6VXNlcjgzNzU3Mw==",
                "avatar_url": "https://avatars0.githubusercontent.com/u/837573?v=4",
                "gravatar_id": "",
                "url": "https://api.github.com/users/untitaker",
                "html_url": "https://github.com/untitaker",
                "followers_url": "https://api.github.com/users/untitaker/followers",
                "following_url": "https://api.github.com/users/untitaker/following{/other_user}",
                "gists_url": "https://api.github.com/users/untitaker/gists{/gist_id}",
                "starred_url": "https://api.github.com/users/untitaker/starred{/owner}{/repo}",
                "subscriptions_url": "https://api.github.com/users/untitaker/subscriptions",
                "organizations_url": "https://api.github.com/users/untitaker/orgs",
                "repos_url": "https://api.github.com/users/untitaker/repos",
                "events_url": "https://api.github.com/users/untitaker/events{/privacy}",
                "received_events_url": "https://api.github.com/users/untitaker/received_events",
                "type": "User",
                "site_admin": false
            },
            "created_at": "2015-01-02T20:08:36Z",
            "updated_at": "2015-01-02T20:08:36Z",
            "author_association": "MEMBER",
            "body": "There is no clear consensus, @mitsuhiko should decide IMO.\n"
        },
        {
            "url": "https://api.github.com/repos/pallets/flask/issues/comments/68558576",
            "html_url": "https://github.com/pallets/flask/issues/1302#issuecomment-68558576",
            "issue_url": "https://api.github.com/repos/pallets/flask/issues/1302",
            "id": 68558576,
            "node_id": "MDEyOklzc3VlQ29tbWVudDY4NTU4NTc2",
            "user": {
                "login": "yisding",
                "id": 1209314,
                "node_id": "MDQ6VXNlcjEyMDkzMTQ=",
                "avatar_url": "https://avatars1.githubusercontent.com/u/1209314?v=4",
                "gravatar_id": "",
                "url": "https://api.github.com/users/yisding",
                "html_url": "https://github.com/yisding",
                "followers_url": "https://api.github.com/users/yisding/followers",
                "following_url": "https://api.github.com/users/yisding/following{/other_user}",
                "gists_url": "https://api.github.com/users/yisding/gists{/gist_id}",
                "starred_url": "https://api.github.com/users/yisding/starred{/owner}{/repo}",
                "subscriptions_url": "https://api.github.com/users/yisding/subscriptions",
                "organizations_url": "https://api.github.com/users/yisding/orgs",
                "repos_url": "https://api.github.com/users/yisding/repos",
                "events_url": "https://api.github.com/users/yisding/events{/privacy}",
                "received_events_url": "https://api.github.com/users/yisding/received_events",
                "type": "User",
                "site_admin": false
            },
            "created_at": "2015-01-02T20:18:58Z",
            "updated_at": "2015-01-02T20:19:45Z",
            "author_association": "NONE",
            "body": "Fair enough. I created a patch to take care of this specific issue in the meantime (along with adding a couple of byte tags for py3k)\n\n```\n--- testing.rst 2015-01-02 14:11:42.066397336 -0600\n+++ testing.rst.new 2015-01-02 14:14:23.010391830 -0600\n@@ -98,8 +98,10 @@\n\n         def setUp(self):\n             self.db_fd, flaskr.app.config['DATABASE'] = tempfile.mkstemp()\n+            flaskr.app.config['TESTING'] = True\n             self.app = flaskr.app.test_client()\n-            flaskr.init_db()\n+            with flaskr.app.app_context():\n+                flaskr.init_db()\n\n         def tearDown(self):\n             os.close(self.db_fd)\n@@ -152,13 +154,13 @@\n\n    def test_login_logout(self):\n        rv = self.login('admin', 'default')\n-       assert 'You were logged in' in rv.data\n+       assert b'You were logged in' in rv.data\n        rv = self.logout()\n-       assert 'You were logged out' in rv.data\n+       assert b'You were logged out' in rv.data\n        rv = self.login('adminx', 'default')\n-       assert 'Invalid username' in rv.data\n+       assert b'Invalid username' in rv.data\n        rv = self.login('admin', 'defaultx')\n-       assert 'Invalid password' in rv.data\n+       assert b'Invalid password' in rv.data\n\n Test Adding Messages\n --------------------\n@@ -172,9 +174,9 @@\n             title='<Hello>',\n             text='<strong>HTML</strong> allowed here'\n         ), follow_redirects=True)\n-        assert 'No entries here so far' not in rv.data\n-        assert '&lt;Hello&gt;' in rv.data\n-        assert '<strong>HTML</strong> allowed here' in rv.data\n+        assert b'No entries here so far' not in rv.data\n+        assert b'&lt;Hello&gt;' in rv.data\n+        assert b'<strong>HTML</strong> allowed here' in rv.data\n\n Here we check that HTML is allowed in the text but not in the title,\n which is the intended behavior.\n```\n"
        },
        {
            "url": "https://api.github.com/repos/pallets/flask/issues/comments/88099740",
            "html_url": "https://github.com/pallets/flask/issues/1302#issuecomment-88099740",
            "issue_url": "https://api.github.com/repos/pallets/flask/issues/1302",
            "id": 88099740,
            "node_id": "MDEyOklzc3VlQ29tbWVudDg4MDk5NzQw",
            "user": {
                "login": "keyan",
                "id": 6401746,
                "node_id": "MDQ6VXNlcjY0MDE3NDY=",
                "avatar_url": "https://avatars0.githubusercontent.com/u/6401746?v=4",
                "gravatar_id": "",
                "url": "https://api.github.com/users/keyan",
                "html_url": "https://github.com/keyan",
                "followers_url": "https://api.github.com/users/keyan/followers",
                "following_url": "https://api.github.com/users/keyan/following{/other_user}",
                "gists_url": "https://api.github.com/users/keyan/gists{/gist_id}",
                "starred_url": "https://api.github.com/users/keyan/starred{/owner}{/repo}",
                "subscriptions_url": "https://api.github.com/users/keyan/subscriptions",
                "organizations_url": "https://api.github.com/users/keyan/orgs",
                "repos_url": "https://api.github.com/users/keyan/repos",
                "events_url": "https://api.github.com/users/keyan/events{/privacy}",
                "received_events_url": "https://api.github.com/users/keyan/received_events",
                "type": "User",
                "site_admin": false
            },
            "created_at": "2015-03-31T14:03:43Z",
            "updated_at": "2015-03-31T14:03:43Z",
            "author_association": "MEMBER",
            "body": "@yisding thanks for your help, did you submit a PR with that change? I think it would be a useful fix for now and we can close this issue and deal with the page re-write in #1180.\n"
        },
        {
            "url": "https://api.github.com/repos/pallets/flask/issues/comments/263064127",
            "html_url": "https://github.com/pallets/flask/issues/1302#issuecomment-263064127",
            "issue_url": "https://api.github.com/repos/pallets/flask/issues/1302",
            "id": 263064127,
            "node_id": "MDEyOklzc3VlQ29tbWVudDI2MzA2NDEyNw==",
            "user": {
                "login": "root-11",
                "id": 4048422,
                "node_id": "MDQ6VXNlcjQwNDg0MjI=",
                "avatar_url": "https://avatars0.githubusercontent.com/u/4048422?v=4",
                "gravatar_id": "",
                "url": "https://api.github.com/users/root-11",
                "html_url": "https://github.com/root-11",
                "followers_url": "https://api.github.com/users/root-11/followers",
                "following_url": "https://api.github.com/users/root-11/following{/other_user}",
                "gists_url": "https://api.github.com/users/root-11/gists{/gist_id}",
                "starred_url": "https://api.github.com/users/root-11/starred{/owner}{/repo}",
                "subscriptions_url": "https://api.github.com/users/root-11/subscriptions",
                "organizations_url": "https://api.github.com/users/root-11/orgs",
                "repos_url": "https://api.github.com/users/root-11/repos",
                "events_url": "https://api.github.com/users/root-11/events{/privacy}",
                "received_events_url": "https://api.github.com/users/root-11/received_events",
                "type": "User",
                "site_admin": false
            },
            "created_at": "2016-11-26T13:43:07Z",
            "updated_at": "2016-11-26T13:43:07Z",
            "author_association": "CONTRIBUTOR",
            "body": "The patch above has not been committed, but solves the problem immediately.\r\n\r\n(I've just been going through the tutorial for 0.11 using copy paste straight from http://flask.pocoo.org/docs/0.11/tutorial/ to assure that my students don't get stressed when having to)\r\n\r\n\r\nHere is my environment.\r\n```\r\nD:\\flaskr>activate flask_tutorial\r\n\r\n(flask_tutorial) D:\\flaskr>conda list\r\n# packages in environment at C:\\Anaconda3\\envs\\flask_tutorial:\r\n#\r\nclick                     6.6                      py35_0\r\nflask                     0.11.1                   py35_0\r\nitsdangerous              0.24                     py35_0\r\njinja2                    2.8                      py35_1\r\nmarkupsafe                0.23                     py35_2\r\npip                       9.0.1                    py35_0\r\npython                    3.5.2                         0\r\nsetuptools                27.2.0                   py35_1\r\nvs2015_runtime            14.0.25123                    0\r\nwerkzeug                  0.11.11                  py35_1\r\nwheel                     0.29.0                   py35_0\r\n\r\n(flask_tutorial) D:\\flaskr>\r\n```\r\nand here is the evidence that it runs:\r\n\r\n```\r\nD:\\flaskr>python flaskr_tests.py\r\n..\r\n----------------------------------------------------------------------\r\nRan 2 tests in 0.432s\r\n\r\nOK\r\n\r\nD:\\flaskr>\r\n```\r\n\r\nPlease patch it asap.\r\n"
        }
    ]
}