{
    "url": "https://api.github.com/repos/pallets/flask/issues/1303",
    "repository_url": "https://api.github.com/repos/pallets/flask",
    "labels_url": "https://api.github.com/repos/pallets/flask/issues/1303/labels{/name}",
    "comments_url": "https://api.github.com/repos/pallets/flask/issues/1303/comments",
    "events_url": "https://api.github.com/repos/pallets/flask/issues/1303/events",
    "html_url": "https://github.com/pallets/flask/pull/1303",
    "id": 53235042,
    "node_id": "MDExOlB1bGxSZXF1ZXN0MjY3NDg4NjQ=",
    "number": 1303,
    "title": "Happy New Year 2015",
    "user": {
        "login": "Parkayun",
        "id": 1791297,
        "node_id": "MDQ6VXNlcjE3OTEyOTc=",
        "avatar_url": "https://avatars2.githubusercontent.com/u/1791297?v=4",
        "gravatar_id": "",
        "url": "https://api.github.com/users/Parkayun",
        "html_url": "https://github.com/Parkayun",
        "followers_url": "https://api.github.com/users/Parkayun/followers",
        "following_url": "https://api.github.com/users/Parkayun/following{/other_user}",
        "gists_url": "https://api.github.com/users/Parkayun/gists{/gist_id}",
        "starred_url": "https://api.github.com/users/Parkayun/starred{/owner}{/repo}",
        "subscriptions_url": "https://api.github.com/users/Parkayun/subscriptions",
        "organizations_url": "https://api.github.com/users/Parkayun/orgs",
        "repos_url": "https://api.github.com/users/Parkayun/repos",
        "events_url": "https://api.github.com/users/Parkayun/events{/privacy}",
        "received_events_url": "https://api.github.com/users/Parkayun/received_events",
        "type": "User",
        "site_admin": false
    },
    "labels": [],
    "state": "closed",
    "locked": false,
    "assignee": null,
    "assignees": [],
    "milestone": null,
    "comments": 1,
    "created_at": "2015-01-02T02:35:43Z",
    "updated_at": "2015-01-03T13:00:39Z",
    "closed_at": "2015-01-03T13:00:39Z",
    "author_association": "CONTRIBUTOR",
    "pull_request": {
        "url": "https://api.github.com/repos/pallets/flask/pulls/1303",
        "html_url": "https://github.com/pallets/flask/pull/1303",
        "diff_url": "https://github.com/pallets/flask/pull/1303.diff",
        "patch_url": "https://github.com/pallets/flask/pull/1303.patch"
    },
    "body": "",
    "comments_inline": [
        {
            "url": "https://api.github.com/repos/pallets/flask/issues/comments/68594224",
            "html_url": "https://github.com/pallets/flask/pull/1303#issuecomment-68594224",
            "issue_url": "https://api.github.com/repos/pallets/flask/issues/1303",
            "id": 68594224,
            "node_id": "MDEyOklzc3VlQ29tbWVudDY4NTk0MjI0",
            "user": {
                "login": "untitaker",
                "id": 837573,
                "node_id": "MDQ6VXNlcjgzNzU3Mw==",
                "avatar_url": "https://avatars0.githubusercontent.com/u/837573?v=4",
                "gravatar_id": "",
                "url": "https://api.github.com/users/untitaker",
                "html_url": "https://github.com/untitaker",
                "followers_url": "https://api.github.com/users/untitaker/followers",
                "following_url": "https://api.github.com/users/untitaker/following{/other_user}",
                "gists_url": "https://api.github.com/users/untitaker/gists{/gist_id}",
                "starred_url": "https://api.github.com/users/untitaker/starred{/owner}{/repo}",
                "subscriptions_url": "https://api.github.com/users/untitaker/subscriptions",
                "organizations_url": "https://api.github.com/users/untitaker/orgs",
                "repos_url": "https://api.github.com/users/untitaker/repos",
                "events_url": "https://api.github.com/users/untitaker/events{/privacy}",
                "received_events_url": "https://api.github.com/users/untitaker/received_events",
                "type": "User",
                "site_admin": false
            },
            "created_at": "2015-01-03T13:00:36Z",
            "updated_at": "2015-01-03T13:00:36Z",
            "author_association": "MEMBER",
            "body": "Happy new year to you! :-) \n"
        }
    ]
}