{
    "url": "https://api.github.com/repos/pallets/flask/issues/1305",
    "repository_url": "https://api.github.com/repos/pallets/flask",
    "labels_url": "https://api.github.com/repos/pallets/flask/issues/1305/labels{/name}",
    "comments_url": "https://api.github.com/repos/pallets/flask/issues/1305/comments",
    "events_url": "https://api.github.com/repos/pallets/flask/issues/1305/events",
    "html_url": "https://github.com/pallets/flask/issues/1305",
    "id": 53257337,
    "node_id": "MDU6SXNzdWU1MzI1NzMzNw==",
    "number": 1305,
    "title": "request.form issue",
    "user": {
        "login": "ghost",
        "id": 10137,
        "node_id": "MDQ6VXNlcjEwMTM3",
        "avatar_url": "https://avatars3.githubusercontent.com/u/10137?v=4",
        "gravatar_id": "",
        "url": "https://api.github.com/users/ghost",
        "html_url": "https://github.com/ghost",
        "followers_url": "https://api.github.com/users/ghost/followers",
        "following_url": "https://api.github.com/users/ghost/following{/other_user}",
        "gists_url": "https://api.github.com/users/ghost/gists{/gist_id}",
        "starred_url": "https://api.github.com/users/ghost/starred{/owner}{/repo}",
        "subscriptions_url": "https://api.github.com/users/ghost/subscriptions",
        "organizations_url": "https://api.github.com/users/ghost/orgs",
        "repos_url": "https://api.github.com/users/ghost/repos",
        "events_url": "https://api.github.com/users/ghost/events{/privacy}",
        "received_events_url": "https://api.github.com/users/ghost/received_events",
        "type": "User",
        "site_admin": false
    },
    "labels": [],
    "state": "closed",
    "locked": false,
    "assignee": null,
    "assignees": [],
    "milestone": null,
    "comments": 3,
    "created_at": "2015-01-02T15:13:17Z",
    "updated_at": "2015-01-02T17:05:58Z",
    "closed_at": "2015-01-02T17:00:42Z",
    "author_association": "NONE",
    "body": "Just encountered this issue. Don't know if it had already been reported.\nUsing `request.form['field']` to access checkbox doesnot work; whereas `request.form.get('field')` works. It is possible to use both `request.form.get('field')` or `request.form['field']` to access text fields.\n",
    "comments_inline": [
        {
            "url": "https://api.github.com/repos/pallets/flask/issues/comments/68540870",
            "html_url": "https://github.com/pallets/flask/issues/1305#issuecomment-68540870",
            "issue_url": "https://api.github.com/repos/pallets/flask/issues/1305",
            "id": 68540870,
            "node_id": "MDEyOklzc3VlQ29tbWVudDY4NTQwODcw",
            "user": {
                "login": "DasIch",
                "id": 182316,
                "node_id": "MDQ6VXNlcjE4MjMxNg==",
                "avatar_url": "https://avatars0.githubusercontent.com/u/182316?v=4",
                "gravatar_id": "",
                "url": "https://api.github.com/users/DasIch",
                "html_url": "https://github.com/DasIch",
                "followers_url": "https://api.github.com/users/DasIch/followers",
                "following_url": "https://api.github.com/users/DasIch/following{/other_user}",
                "gists_url": "https://api.github.com/users/DasIch/gists{/gist_id}",
                "starred_url": "https://api.github.com/users/DasIch/starred{/owner}{/repo}",
                "subscriptions_url": "https://api.github.com/users/DasIch/subscriptions",
                "organizations_url": "https://api.github.com/users/DasIch/orgs",
                "repos_url": "https://api.github.com/users/DasIch/repos",
                "events_url": "https://api.github.com/users/DasIch/events{/privacy}",
                "received_events_url": "https://api.github.com/users/DasIch/received_events",
                "type": "User",
                "site_admin": false
            },
            "created_at": "2015-01-02T16:45:21Z",
            "updated_at": "2015-01-02T16:45:21Z",
            "author_association": "CONTRIBUTOR",
            "body": "\"Works\" and \"Doesn't work\" are not accurate descriptions for anything, especially without context. Please describe clearly what happens that you think shouldn't, what you think should happen instead and sufficient information - preferrably executable code - to reproduce the problem.\n"
        },
        {
            "url": "https://api.github.com/repos/pallets/flask/issues/comments/68542177",
            "html_url": "https://github.com/pallets/flask/issues/1305#issuecomment-68542177",
            "issue_url": "https://api.github.com/repos/pallets/flask/issues/1305",
            "id": 68542177,
            "node_id": "MDEyOklzc3VlQ29tbWVudDY4NTQyMTc3",
            "user": {
                "login": "untitaker",
                "id": 837573,
                "node_id": "MDQ6VXNlcjgzNzU3Mw==",
                "avatar_url": "https://avatars0.githubusercontent.com/u/837573?v=4",
                "gravatar_id": "",
                "url": "https://api.github.com/users/untitaker",
                "html_url": "https://github.com/untitaker",
                "followers_url": "https://api.github.com/users/untitaker/followers",
                "following_url": "https://api.github.com/users/untitaker/following{/other_user}",
                "gists_url": "https://api.github.com/users/untitaker/gists{/gist_id}",
                "starred_url": "https://api.github.com/users/untitaker/starred{/owner}{/repo}",
                "subscriptions_url": "https://api.github.com/users/untitaker/subscriptions",
                "organizations_url": "https://api.github.com/users/untitaker/orgs",
                "repos_url": "https://api.github.com/users/untitaker/repos",
                "events_url": "https://api.github.com/users/untitaker/events{/privacy}",
                "received_events_url": "https://api.github.com/users/untitaker/received_events",
                "type": "User",
                "site_admin": false
            },
            "created_at": "2015-01-02T17:00:42Z",
            "updated_at": "2015-01-02T17:00:42Z",
            "author_association": "MEMBER",
            "body": "If a checkbox is unticked, no form value and no key is sent.\n"
        },
        {
            "url": "https://api.github.com/repos/pallets/flask/issues/comments/68542568",
            "html_url": "https://github.com/pallets/flask/issues/1305#issuecomment-68542568",
            "issue_url": "https://api.github.com/repos/pallets/flask/issues/1305",
            "id": 68542568,
            "node_id": "MDEyOklzc3VlQ29tbWVudDY4NTQyNTY4",
            "user": {
                "login": "ghost",
                "id": 10137,
                "node_id": "MDQ6VXNlcjEwMTM3",
                "avatar_url": "https://avatars3.githubusercontent.com/u/10137?v=4",
                "gravatar_id": "",
                "url": "https://api.github.com/users/ghost",
                "html_url": "https://github.com/ghost",
                "followers_url": "https://api.github.com/users/ghost/followers",
                "following_url": "https://api.github.com/users/ghost/following{/other_user}",
                "gists_url": "https://api.github.com/users/ghost/gists{/gist_id}",
                "starred_url": "https://api.github.com/users/ghost/starred{/owner}{/repo}",
                "subscriptions_url": "https://api.github.com/users/ghost/subscriptions",
                "organizations_url": "https://api.github.com/users/ghost/orgs",
                "repos_url": "https://api.github.com/users/ghost/repos",
                "events_url": "https://api.github.com/users/ghost/events{/privacy}",
                "received_events_url": "https://api.github.com/users/ghost/received_events",
                "type": "User",
                "site_admin": false
            },
            "created_at": "2015-01-02T17:05:58Z",
            "updated_at": "2015-01-02T17:05:58Z",
            "author_association": "NONE",
            "body": "Hmm... Thanks @untitaker That sort of answers my question. :smiley: \n"
        }
    ]
}