{
    "url": "https://api.github.com/repos/pallets/flask/issues/1452",
    "repository_url": "https://api.github.com/repos/pallets/flask",
    "labels_url": "https://api.github.com/repos/pallets/flask/issues/1452/labels{/name}",
    "comments_url": "https://api.github.com/repos/pallets/flask/issues/1452/comments",
    "events_url": "https://api.github.com/repos/pallets/flask/issues/1452/events",
    "html_url": "https://github.com/pallets/flask/pull/1452",
    "id": 73356752,
    "node_id": "MDExOlB1bGxSZXF1ZXN0MzQ3NDAyNTU=",
    "number": 1452,
    "title": "Move object_hook outside loads method so class can be extend and reused",
    "user": {
        "login": "s-block",
        "id": 3502157,
        "node_id": "MDQ6VXNlcjM1MDIxNTc=",
        "avatar_url": "https://avatars0.githubusercontent.com/u/3502157?v=4",
        "gravatar_id": "",
        "url": "https://api.github.com/users/s-block",
        "html_url": "https://github.com/s-block",
        "followers_url": "https://api.github.com/users/s-block/followers",
        "following_url": "https://api.github.com/users/s-block/following{/other_user}",
        "gists_url": "https://api.github.com/users/s-block/gists{/gist_id}",
        "starred_url": "https://api.github.com/users/s-block/starred{/owner}{/repo}",
        "subscriptions_url": "https://api.github.com/users/s-block/subscriptions",
        "organizations_url": "https://api.github.com/users/s-block/orgs",
        "repos_url": "https://api.github.com/users/s-block/repos",
        "events_url": "https://api.github.com/users/s-block/events{/privacy}",
        "received_events_url": "https://api.github.com/users/s-block/received_events",
        "type": "User",
        "site_admin": false
    },
    "labels": [
        {
            "id": 398831866,
            "node_id": "MDU6TGFiZWwzOTg4MzE4NjY=",
            "url": "https://api.github.com/repos/pallets/flask/labels/json",
            "name": "json",
            "color": "1d76db",
            "default": false,
            "description": null
        },
        {
            "id": 398835124,
            "node_id": "MDU6TGFiZWwzOTg4MzUxMjQ=",
            "url": "https://api.github.com/repos/pallets/flask/labels/session",
            "name": "session",
            "color": "1d76db",
            "default": false,
            "description": null
        }
    ],
    "state": "closed",
    "locked": false,
    "assignee": {
        "login": "davidism",
        "id": 1242887,
        "node_id": "MDQ6VXNlcjEyNDI4ODc=",
        "avatar_url": "https://avatars1.githubusercontent.com/u/1242887?v=4",
        "gravatar_id": "",
        "url": "https://api.github.com/users/davidism",
        "html_url": "https://github.com/davidism",
        "followers_url": "https://api.github.com/users/davidism/followers",
        "following_url": "https://api.github.com/users/davidism/following{/other_user}",
        "gists_url": "https://api.github.com/users/davidism/gists{/gist_id}",
        "starred_url": "https://api.github.com/users/davidism/starred{/owner}{/repo}",
        "subscriptions_url": "https://api.github.com/users/davidism/subscriptions",
        "organizations_url": "https://api.github.com/users/davidism/orgs",
        "repos_url": "https://api.github.com/users/davidism/repos",
        "events_url": "https://api.github.com/users/davidism/events{/privacy}",
        "received_events_url": "https://api.github.com/users/davidism/received_events",
        "type": "User",
        "site_admin": false
    },
    "assignees": [
        {
            "login": "davidism",
            "id": 1242887,
            "node_id": "MDQ6VXNlcjEyNDI4ODc=",
            "avatar_url": "https://avatars1.githubusercontent.com/u/1242887?v=4",
            "gravatar_id": "",
            "url": "https://api.github.com/users/davidism",
            "html_url": "https://github.com/davidism",
            "followers_url": "https://api.github.com/users/davidism/followers",
            "following_url": "https://api.github.com/users/davidism/following{/other_user}",
            "gists_url": "https://api.github.com/users/davidism/gists{/gist_id}",
            "starred_url": "https://api.github.com/users/davidism/starred{/owner}{/repo}",
            "subscriptions_url": "https://api.github.com/users/davidism/subscriptions",
            "organizations_url": "https://api.github.com/users/davidism/orgs",
            "repos_url": "https://api.github.com/users/davidism/repos",
            "events_url": "https://api.github.com/users/davidism/events{/privacy}",
            "received_events_url": "https://api.github.com/users/davidism/received_events",
            "type": "User",
            "site_admin": false
        }
    ],
    "milestone": {
        "url": "https://api.github.com/repos/pallets/flask/milestones/2",
        "html_url": "https://github.com/pallets/flask/milestone/2",
        "labels_url": "https://api.github.com/repos/pallets/flask/milestones/2/labels",
        "id": 795954,
        "node_id": "MDk6TWlsZXN0b25lNzk1OTU0",
        "number": 2,
        "title": "1.0",
        "description": "",
        "creator": {
            "login": "untitaker",
            "id": 837573,
            "node_id": "MDQ6VXNlcjgzNzU3Mw==",
            "avatar_url": "https://avatars0.githubusercontent.com/u/837573?v=4",
            "gravatar_id": "",
            "url": "https://api.github.com/users/untitaker",
            "html_url": "https://github.com/untitaker",
            "followers_url": "https://api.github.com/users/untitaker/followers",
            "following_url": "https://api.github.com/users/untitaker/following{/other_user}",
            "gists_url": "https://api.github.com/users/untitaker/gists{/gist_id}",
            "starred_url": "https://api.github.com/users/untitaker/starred{/owner}{/repo}",
            "subscriptions_url": "https://api.github.com/users/untitaker/subscriptions",
            "organizations_url": "https://api.github.com/users/untitaker/orgs",
            "repos_url": "https://api.github.com/users/untitaker/repos",
            "events_url": "https://api.github.com/users/untitaker/events{/privacy}",
            "received_events_url": "https://api.github.com/users/untitaker/received_events",
            "type": "User",
            "site_admin": false
        },
        "open_issues": 0,
        "closed_issues": 159,
        "state": "closed",
        "created_at": "2014-09-19T15:47:20Z",
        "updated_at": "2018-04-26T21:07:44Z",
        "due_on": "2018-04-26T07:00:00Z",
        "closed_at": "2018-04-26T21:07:44Z"
    },
    "comments": 20,
    "created_at": "2015-05-05T16:09:34Z",
    "updated_at": "2018-10-23T17:44:13Z",
    "closed_at": "2017-06-02T06:13:18Z",
    "author_association": "CONTRIBUTOR",
    "pull_request": {
        "url": "https://api.github.com/repos/pallets/flask/pulls/1452",
        "html_url": "https://github.com/pallets/flask/pull/1452",
        "diff_url": "https://github.com/pallets/flask/pull/1452.diff",
        "patch_url": "https://github.com/pallets/flask/pull/1452.patch"
    },
    "body": "Wanted to be able to extend the session serializer class without duplicating all the code for object hook - as with the _tag function above.\n",
    "comments_inline": [
        {
            "url": "https://api.github.com/repos/pallets/flask/issues/comments/105208362",
            "html_url": "https://github.com/pallets/flask/pull/1452#issuecomment-105208362",
            "issue_url": "https://api.github.com/repos/pallets/flask/issues/1452",
            "id": 105208362,
            "node_id": "MDEyOklzc3VlQ29tbWVudDEwNTIwODM2Mg==",
            "user": {
                "login": "ThiefMaster",
                "id": 179599,
                "node_id": "MDQ6VXNlcjE3OTU5OQ==",
                "avatar_url": "https://avatars1.githubusercontent.com/u/179599?v=4",
                "gravatar_id": "",
                "url": "https://api.github.com/users/ThiefMaster",
                "html_url": "https://github.com/ThiefMaster",
                "followers_url": "https://api.github.com/users/ThiefMaster/followers",
                "following_url": "https://api.github.com/users/ThiefMaster/following{/other_user}",
                "gists_url": "https://api.github.com/users/ThiefMaster/gists{/gist_id}",
                "starred_url": "https://api.github.com/users/ThiefMaster/starred{/owner}{/repo}",
                "subscriptions_url": "https://api.github.com/users/ThiefMaster/subscriptions",
                "organizations_url": "https://api.github.com/users/ThiefMaster/orgs",
                "repos_url": "https://api.github.com/users/ThiefMaster/repos",
                "events_url": "https://api.github.com/users/ThiefMaster/events{/privacy}",
                "received_events_url": "https://api.github.com/users/ThiefMaster/received_events",
                "type": "User",
                "site_admin": false
            },
            "created_at": "2015-05-25T11:06:56Z",
            "updated_at": "2015-05-25T11:06:56Z",
            "author_association": "MEMBER",
            "body": "There's a typo in your commit message (\"opbject\").\n"
        },
        {
            "url": "https://api.github.com/repos/pallets/flask/issues/comments/105209851",
            "html_url": "https://github.com/pallets/flask/pull/1452#issuecomment-105209851",
            "issue_url": "https://api.github.com/repos/pallets/flask/issues/1452",
            "id": 105209851,
            "node_id": "MDEyOklzc3VlQ29tbWVudDEwNTIwOTg1MQ==",
            "user": {
                "login": "ThiefMaster",
                "id": 179599,
                "node_id": "MDQ6VXNlcjE3OTU5OQ==",
                "avatar_url": "https://avatars1.githubusercontent.com/u/179599?v=4",
                "gravatar_id": "",
                "url": "https://api.github.com/users/ThiefMaster",
                "html_url": "https://github.com/ThiefMaster",
                "followers_url": "https://api.github.com/users/ThiefMaster/followers",
                "following_url": "https://api.github.com/users/ThiefMaster/following{/other_user}",
                "gists_url": "https://api.github.com/users/ThiefMaster/gists{/gist_id}",
                "starred_url": "https://api.github.com/users/ThiefMaster/starred{/owner}{/repo}",
                "subscriptions_url": "https://api.github.com/users/ThiefMaster/subscriptions",
                "organizations_url": "https://api.github.com/users/ThiefMaster/orgs",
                "repos_url": "https://api.github.com/users/ThiefMaster/repos",
                "events_url": "https://api.github.com/users/ThiefMaster/events{/privacy}",
                "received_events_url": "https://api.github.com/users/ThiefMaster/received_events",
                "type": "User",
                "site_admin": false
            },
            "created_at": "2015-05-25T11:09:12Z",
            "updated_at": "2015-05-25T11:09:12Z",
            "author_association": "MEMBER",
            "body": "Wouldn't it be better to make it a static method of `TaggedJSONSerializer`? That way you can simply subclass it instead of having to rewrite the dumps/loads methods of that class or monkeypatch.\n\nIn the same go, it'd be nice to make those two methods static, too, and use the class itself instead of an instance of it. Those methods never access `self` anyway...\n"
        },
        {
            "url": "https://api.github.com/repos/pallets/flask/issues/comments/113435702",
            "html_url": "https://github.com/pallets/flask/pull/1452#issuecomment-113435702",
            "issue_url": "https://api.github.com/repos/pallets/flask/issues/1452",
            "id": 113435702,
            "node_id": "MDEyOklzc3VlQ29tbWVudDExMzQzNTcwMg==",
            "user": {
                "login": "s-block",
                "id": 3502157,
                "node_id": "MDQ6VXNlcjM1MDIxNTc=",
                "avatar_url": "https://avatars0.githubusercontent.com/u/3502157?v=4",
                "gravatar_id": "",
                "url": "https://api.github.com/users/s-block",
                "html_url": "https://github.com/s-block",
                "followers_url": "https://api.github.com/users/s-block/followers",
                "following_url": "https://api.github.com/users/s-block/following{/other_user}",
                "gists_url": "https://api.github.com/users/s-block/gists{/gist_id}",
                "starred_url": "https://api.github.com/users/s-block/starred{/owner}{/repo}",
                "subscriptions_url": "https://api.github.com/users/s-block/subscriptions",
                "organizations_url": "https://api.github.com/users/s-block/orgs",
                "repos_url": "https://api.github.com/users/s-block/repos",
                "events_url": "https://api.github.com/users/s-block/events{/privacy}",
                "received_events_url": "https://api.github.com/users/s-block/received_events",
                "type": "User",
                "site_admin": false
            },
            "created_at": "2015-06-19T08:47:28Z",
            "updated_at": "2015-06-19T08:47:28Z",
            "author_association": "CONTRIBUTOR",
            "body": "Yeah I agree. I will try and do this today.\n"
        },
        {
            "url": "https://api.github.com/repos/pallets/flask/issues/comments/113787778",
            "html_url": "https://github.com/pallets/flask/pull/1452#issuecomment-113787778",
            "issue_url": "https://api.github.com/repos/pallets/flask/issues/1452",
            "id": 113787778,
            "node_id": "MDEyOklzc3VlQ29tbWVudDExMzc4Nzc3OA==",
            "user": {
                "login": "ThiefMaster",
                "id": 179599,
                "node_id": "MDQ6VXNlcjE3OTU5OQ==",
                "avatar_url": "https://avatars1.githubusercontent.com/u/179599?v=4",
                "gravatar_id": "",
                "url": "https://api.github.com/users/ThiefMaster",
                "html_url": "https://github.com/ThiefMaster",
                "followers_url": "https://api.github.com/users/ThiefMaster/followers",
                "following_url": "https://api.github.com/users/ThiefMaster/following{/other_user}",
                "gists_url": "https://api.github.com/users/ThiefMaster/gists{/gist_id}",
                "starred_url": "https://api.github.com/users/ThiefMaster/starred{/owner}{/repo}",
                "subscriptions_url": "https://api.github.com/users/ThiefMaster/subscriptions",
                "organizations_url": "https://api.github.com/users/ThiefMaster/orgs",
                "repos_url": "https://api.github.com/users/ThiefMaster/repos",
                "events_url": "https://api.github.com/users/ThiefMaster/events{/privacy}",
                "received_events_url": "https://api.github.com/users/ThiefMaster/received_events",
                "type": "User",
                "site_admin": false
            },
            "created_at": "2015-06-20T16:26:26Z",
            "updated_at": "2015-06-20T16:26:26Z",
            "author_association": "MEMBER",
            "body": "While you're at it, maybe #1511 could be interesting to fix at the same time.\n"
        },
        {
            "url": "https://api.github.com/repos/pallets/flask/issues/comments/113787907",
            "html_url": "https://github.com/pallets/flask/pull/1452#issuecomment-113787907",
            "issue_url": "https://api.github.com/repos/pallets/flask/issues/1452",
            "id": 113787907,
            "node_id": "MDEyOklzc3VlQ29tbWVudDExMzc4NzkwNw==",
            "user": {
                "login": "ThiefMaster",
                "id": 179599,
                "node_id": "MDQ6VXNlcjE3OTU5OQ==",
                "avatar_url": "https://avatars1.githubusercontent.com/u/179599?v=4",
                "gravatar_id": "",
                "url": "https://api.github.com/users/ThiefMaster",
                "html_url": "https://github.com/ThiefMaster",
                "followers_url": "https://api.github.com/users/ThiefMaster/followers",
                "following_url": "https://api.github.com/users/ThiefMaster/following{/other_user}",
                "gists_url": "https://api.github.com/users/ThiefMaster/gists{/gist_id}",
                "starred_url": "https://api.github.com/users/ThiefMaster/starred{/owner}{/repo}",
                "subscriptions_url": "https://api.github.com/users/ThiefMaster/subscriptions",
                "organizations_url": "https://api.github.com/users/ThiefMaster/orgs",
                "repos_url": "https://api.github.com/users/ThiefMaster/repos",
                "events_url": "https://api.github.com/users/ThiefMaster/events{/privacy}",
                "received_events_url": "https://api.github.com/users/ThiefMaster/received_events",
                "type": "User",
                "site_admin": false
            },
            "created_at": "2015-06-20T16:29:48Z",
            "updated_at": "2015-06-20T16:29:48Z",
            "author_association": "MEMBER",
            "body": "I'd move the untagging code into a method, too. It's a bit pointless to be able to override it for only one direction\n"
        },
        {
            "url": "https://api.github.com/repos/pallets/flask/issues/comments/113788113",
            "html_url": "https://github.com/pallets/flask/pull/1452#issuecomment-113788113",
            "issue_url": "https://api.github.com/repos/pallets/flask/issues/1452",
            "id": 113788113,
            "node_id": "MDEyOklzc3VlQ29tbWVudDExMzc4ODExMw==",
            "user": {
                "login": "ThiefMaster",
                "id": 179599,
                "node_id": "MDQ6VXNlcjE3OTU5OQ==",
                "avatar_url": "https://avatars1.githubusercontent.com/u/179599?v=4",
                "gravatar_id": "",
                "url": "https://api.github.com/users/ThiefMaster",
                "html_url": "https://github.com/ThiefMaster",
                "followers_url": "https://api.github.com/users/ThiefMaster/followers",
                "following_url": "https://api.github.com/users/ThiefMaster/following{/other_user}",
                "gists_url": "https://api.github.com/users/ThiefMaster/gists{/gist_id}",
                "starred_url": "https://api.github.com/users/ThiefMaster/starred{/owner}{/repo}",
                "subscriptions_url": "https://api.github.com/users/ThiefMaster/subscriptions",
                "organizations_url": "https://api.github.com/users/ThiefMaster/orgs",
                "repos_url": "https://api.github.com/users/ThiefMaster/repos",
                "events_url": "https://api.github.com/users/ThiefMaster/events{/privacy}",
                "received_events_url": "https://api.github.com/users/ThiefMaster/received_events",
                "type": "User",
                "site_admin": false
            },
            "created_at": "2015-06-20T16:31:18Z",
            "updated_at": "2015-06-20T16:31:18Z",
            "author_association": "MEMBER",
            "body": "This is what I'd do btw (started working on it earlier today before I remembered that there's already your PR).\n\n``` python\nclass TaggedJSONSerializer(object):\n    \"\"\"A customized JSON serializer that supports a few extra types that\n    we take for granted when serializing (tuples, markup objects, datetime).\n    \"\"\"\n\n    def dumps(self, value):\n        return json.dumps(self._tag(value), separators=(',', ':'))\n\n    def loads(self, value):\n        def object_hook(obj):\n            if len(obj) != 1:\n                return obj\n            the_key, the_value = next(iteritems(obj))\n            rv = self._untag(the_key, the_value)\n            return obj if rv is None else rv\n        return json.loads(value, object_hook=object_hook)\n\n    def _untag(self, key, value):\n        if key == ' t':\n            return tuple(value)\n        elif key == ' u':\n            return uuid.UUID(value)\n        elif key == ' b':\n            return b64decode(value)\n        elif key == ' m':\n            return Markup(value)\n        elif key == ' d':\n            return parse_date(value)\n        return None\n\n    def _tag(self, value):\n        if isinstance(value, tuple):\n            return {' t': [self._tag(x) for x in value]}\n        elif isinstance(value, uuid.UUID):\n            return {' u': value.hex}\n        elif isinstance(value, bytes):\n            return {' b': b64encode(value).decode('ascii')}\n        elif callable(getattr(value, '__html__', None)):\n            return {' m': text_type(value.__html__())}\n        elif isinstance(value, list):\n            return [self._tag(x) for x in value]\n        elif isinstance(value, datetime):\n            return {' d': http_date(value)}\n        elif isinstance(value, dict):\n            return dict((k, self._tag(v)) for k, v in iteritems(value))\n        elif isinstance(value, str):\n            try:\n                return text_type(value)\n            except UnicodeError:\n                from flask.debughelpers import UnexpectedUnicodeError\n                raise UnexpectedUnicodeError(u'A byte string with '\n                    u'non-ASCII data was passed to the session system '\n                    u'which can only store unicode strings.  Consider '\n                    u'base64 encoding your string (String was %r)' % value)\n        return value\n```\n"
        },
        {
            "url": "https://api.github.com/repos/pallets/flask/issues/comments/120308555",
            "html_url": "https://github.com/pallets/flask/pull/1452#issuecomment-120308555",
            "issue_url": "https://api.github.com/repos/pallets/flask/issues/1452",
            "id": 120308555,
            "node_id": "MDEyOklzc3VlQ29tbWVudDEyMDMwODU1NQ==",
            "user": {
                "login": "s-block",
                "id": 3502157,
                "node_id": "MDQ6VXNlcjM1MDIxNTc=",
                "avatar_url": "https://avatars0.githubusercontent.com/u/3502157?v=4",
                "gravatar_id": "",
                "url": "https://api.github.com/users/s-block",
                "html_url": "https://github.com/s-block",
                "followers_url": "https://api.github.com/users/s-block/followers",
                "following_url": "https://api.github.com/users/s-block/following{/other_user}",
                "gists_url": "https://api.github.com/users/s-block/gists{/gist_id}",
                "starred_url": "https://api.github.com/users/s-block/starred{/owner}{/repo}",
                "subscriptions_url": "https://api.github.com/users/s-block/subscriptions",
                "organizations_url": "https://api.github.com/users/s-block/orgs",
                "repos_url": "https://api.github.com/users/s-block/repos",
                "events_url": "https://api.github.com/users/s-block/events{/privacy}",
                "received_events_url": "https://api.github.com/users/s-block/received_events",
                "type": "User",
                "site_admin": false
            },
            "created_at": "2015-07-10T09:06:27Z",
            "updated_at": "2015-07-10T09:06:27Z",
            "author_association": "CONTRIBUTOR",
            "body": "I have added a fix for issue #1511 as well as making the class extendible, could someone have a look and see what you think?\n"
        },
        {
            "url": "https://api.github.com/repos/pallets/flask/issues/comments/120310460",
            "html_url": "https://github.com/pallets/flask/pull/1452#issuecomment-120310460",
            "issue_url": "https://api.github.com/repos/pallets/flask/issues/1452",
            "id": 120310460,
            "node_id": "MDEyOklzc3VlQ29tbWVudDEyMDMxMDQ2MA==",
            "user": {
                "login": "ThiefMaster",
                "id": 179599,
                "node_id": "MDQ6VXNlcjE3OTU5OQ==",
                "avatar_url": "https://avatars1.githubusercontent.com/u/179599?v=4",
                "gravatar_id": "",
                "url": "https://api.github.com/users/ThiefMaster",
                "html_url": "https://github.com/ThiefMaster",
                "followers_url": "https://api.github.com/users/ThiefMaster/followers",
                "following_url": "https://api.github.com/users/ThiefMaster/following{/other_user}",
                "gists_url": "https://api.github.com/users/ThiefMaster/gists{/gist_id}",
                "starred_url": "https://api.github.com/users/ThiefMaster/starred{/owner}{/repo}",
                "subscriptions_url": "https://api.github.com/users/ThiefMaster/subscriptions",
                "organizations_url": "https://api.github.com/users/ThiefMaster/orgs",
                "repos_url": "https://api.github.com/users/ThiefMaster/repos",
                "events_url": "https://api.github.com/users/ThiefMaster/events{/privacy}",
                "received_events_url": "https://api.github.com/users/ThiefMaster/received_events",
                "type": "User",
                "site_admin": false
            },
            "created_at": "2015-07-10T09:09:42Z",
            "updated_at": "2015-07-10T09:09:48Z",
            "author_association": "MEMBER",
            "body": "Looks quite complex (don't have time to thoroughly review it right now). Also, it adds a list of valid tags at yet another place, making it harder to extend... maybe it'd be worth refactoring the whole thing to change the way the conversions are defined?\n\n``` python\nconversions = {\n    't': {'check': lambda value: isinstance(value, tuple),\n          'tag': lambda value: [self._tag(x) for x in value]},\n          'untag': lambda value: tuple(value)},\n    ...\n}\n```\n\nor something similar\n"
        },
        {
            "url": "https://api.github.com/repos/pallets/flask/issues/comments/122297756",
            "html_url": "https://github.com/pallets/flask/pull/1452#issuecomment-122297756",
            "issue_url": "https://api.github.com/repos/pallets/flask/issues/1452",
            "id": 122297756,
            "node_id": "MDEyOklzc3VlQ29tbWVudDEyMjI5Nzc1Ng==",
            "user": {
                "login": "s-block",
                "id": 3502157,
                "node_id": "MDQ6VXNlcjM1MDIxNTc=",
                "avatar_url": "https://avatars0.githubusercontent.com/u/3502157?v=4",
                "gravatar_id": "",
                "url": "https://api.github.com/users/s-block",
                "html_url": "https://github.com/s-block",
                "followers_url": "https://api.github.com/users/s-block/followers",
                "following_url": "https://api.github.com/users/s-block/following{/other_user}",
                "gists_url": "https://api.github.com/users/s-block/gists{/gist_id}",
                "starred_url": "https://api.github.com/users/s-block/starred{/owner}{/repo}",
                "subscriptions_url": "https://api.github.com/users/s-block/subscriptions",
                "organizations_url": "https://api.github.com/users/s-block/orgs",
                "repos_url": "https://api.github.com/users/s-block/repos",
                "events_url": "https://api.github.com/users/s-block/events{/privacy}",
                "received_events_url": "https://api.github.com/users/s-block/received_events",
                "type": "User",
                "site_admin": false
            },
            "created_at": "2015-07-17T14:44:25Z",
            "updated_at": "2015-07-18T07:13:27Z",
            "author_association": "CONTRIBUTOR",
            "body": "So I have done something along the lines of your suggestion, conversions couldn't be a dict as it needs to retain order of checks, OrderedDict wasn't in python until 2.7 so tests would fail so I have made a list.\n\nAlso some tag/untag's couldn't be lambdas so had to declare self.conversions in **init** to access self._custom_tag/untag methods\n\nAny thoughts? Looks like more code but will be much easier to extend:\n\n``` python\ndef __init__(self):\n    super(TaggedJSONSerializer, self).__init__()\n    self.conversions.append(...)\n```\n"
        },
        {
            "url": "https://api.github.com/repos/pallets/flask/issues/comments/262187463",
            "html_url": "https://github.com/pallets/flask/pull/1452#issuecomment-262187463",
            "issue_url": "https://api.github.com/repos/pallets/flask/issues/1452",
            "id": 262187463,
            "node_id": "MDEyOklzc3VlQ29tbWVudDI2MjE4NzQ2Mw==",
            "user": {
                "login": "RonnyPfannschmidt",
                "id": 156838,
                "node_id": "MDQ6VXNlcjE1NjgzOA==",
                "avatar_url": "https://avatars1.githubusercontent.com/u/156838?v=4",
                "gravatar_id": "",
                "url": "https://api.github.com/users/RonnyPfannschmidt",
                "html_url": "https://github.com/RonnyPfannschmidt",
                "followers_url": "https://api.github.com/users/RonnyPfannschmidt/followers",
                "following_url": "https://api.github.com/users/RonnyPfannschmidt/following{/other_user}",
                "gists_url": "https://api.github.com/users/RonnyPfannschmidt/gists{/gist_id}",
                "starred_url": "https://api.github.com/users/RonnyPfannschmidt/starred{/owner}{/repo}",
                "subscriptions_url": "https://api.github.com/users/RonnyPfannschmidt/subscriptions",
                "organizations_url": "https://api.github.com/users/RonnyPfannschmidt/orgs",
                "repos_url": "https://api.github.com/users/RonnyPfannschmidt/repos",
                "events_url": "https://api.github.com/users/RonnyPfannschmidt/events{/privacy}",
                "received_events_url": "https://api.github.com/users/RonnyPfannschmidt/received_events",
                "type": "User",
                "site_admin": false
            },
            "created_at": "2016-11-22T09:18:02Z",
            "updated_at": "2016-11-22T09:18:02Z",
            "author_association": "CONTRIBUTOR",
            "body": "did anyone check the performance on this? compared to current methods and #2093 "
        },
        {
            "url": "https://api.github.com/repos/pallets/flask/issues/comments/282066191",
            "html_url": "https://github.com/pallets/flask/pull/1452#issuecomment-282066191",
            "issue_url": "https://api.github.com/repos/pallets/flask/issues/1452",
            "id": 282066191,
            "node_id": "MDEyOklzc3VlQ29tbWVudDI4MjA2NjE5MQ==",
            "user": {
                "login": "s-block",
                "id": 3502157,
                "node_id": "MDQ6VXNlcjM1MDIxNTc=",
                "avatar_url": "https://avatars0.githubusercontent.com/u/3502157?v=4",
                "gravatar_id": "",
                "url": "https://api.github.com/users/s-block",
                "html_url": "https://github.com/s-block",
                "followers_url": "https://api.github.com/users/s-block/followers",
                "following_url": "https://api.github.com/users/s-block/following{/other_user}",
                "gists_url": "https://api.github.com/users/s-block/gists{/gist_id}",
                "starred_url": "https://api.github.com/users/s-block/starred{/owner}{/repo}",
                "subscriptions_url": "https://api.github.com/users/s-block/subscriptions",
                "organizations_url": "https://api.github.com/users/s-block/orgs",
                "repos_url": "https://api.github.com/users/s-block/repos",
                "events_url": "https://api.github.com/users/s-block/events{/privacy}",
                "received_events_url": "https://api.github.com/users/s-block/received_events",
                "type": "User",
                "site_admin": false
            },
            "created_at": "2017-02-23T17:45:38Z",
            "updated_at": "2017-02-24T15:01:56Z",
            "author_association": "CONTRIBUTOR",
            "body": "I did a quick performance test on the session and the proposed code is slightly slower but not by much.\r\n\r\nThe test code was:\r\n\r\n```python\r\nimport cProfile\r\nfrom datetime import datetime\r\nimport uuid\r\n\r\nimport flask\r\nfrom flask.sessions import TaggedJSONSerializer\r\n\r\n\r\ndef test_session_performance():\r\n    now = datetime.utcnow().replace(microsecond=0)\r\n    the_uuid = uuid.uuid4()\r\n\r\n    data = [\r\n        (1, 2, 3),\r\n        the_uuid,\r\n        b'\\xff',\r\n        flask.Markup('Hello!'),\r\n        now,\r\n    ]\r\n\r\n    cycles = 10000\r\n\r\n    session = TaggedJSONSerializer()\r\n\r\n    for d in data * cycles:\r\n        dumped = session.dumps(d)\r\n        session.loads(dumped)\r\n\r\n\r\nif __name__ == '__main__':\r\n    cProfile.run('test_session_performance()')\r\n\r\n```\r\n\r\nLatest flask master branch:\r\n4.319 seconds\r\n4.409 seconds\r\n4.455 seconds\r\n\r\nThis branch:\r\n4.891 seconds\r\n4.913 seconds\r\n4.957 seconds\r\n\r\n\r\n\r\n\r\n"
        },
        {
            "url": "https://api.github.com/repos/pallets/flask/issues/comments/297351083",
            "html_url": "https://github.com/pallets/flask/pull/1452#issuecomment-297351083",
            "issue_url": "https://api.github.com/repos/pallets/flask/issues/1452",
            "id": 297351083,
            "node_id": "MDEyOklzc3VlQ29tbWVudDI5NzM1MTA4Mw==",
            "user": {
                "login": "s-block",
                "id": 3502157,
                "node_id": "MDQ6VXNlcjM1MDIxNTc=",
                "avatar_url": "https://avatars0.githubusercontent.com/u/3502157?v=4",
                "gravatar_id": "",
                "url": "https://api.github.com/users/s-block",
                "html_url": "https://github.com/s-block",
                "followers_url": "https://api.github.com/users/s-block/followers",
                "following_url": "https://api.github.com/users/s-block/following{/other_user}",
                "gists_url": "https://api.github.com/users/s-block/gists{/gist_id}",
                "starred_url": "https://api.github.com/users/s-block/starred{/owner}{/repo}",
                "subscriptions_url": "https://api.github.com/users/s-block/subscriptions",
                "organizations_url": "https://api.github.com/users/s-block/orgs",
                "repos_url": "https://api.github.com/users/s-block/repos",
                "events_url": "https://api.github.com/users/s-block/events{/privacy}",
                "received_events_url": "https://api.github.com/users/s-block/received_events",
                "type": "User",
                "site_admin": false
            },
            "created_at": "2017-04-26T10:48:03Z",
            "updated_at": "2017-04-26T10:48:03Z",
            "author_association": "CONTRIBUTOR",
            "body": "Is this OK to be merged? It would be good to get this functionality in."
        },
        {
            "url": "https://api.github.com/repos/pallets/flask/issues/comments/297404681",
            "html_url": "https://github.com/pallets/flask/pull/1452#issuecomment-297404681",
            "issue_url": "https://api.github.com/repos/pallets/flask/issues/1452",
            "id": 297404681,
            "node_id": "MDEyOklzc3VlQ29tbWVudDI5NzQwNDY4MQ==",
            "user": {
                "login": "davidism",
                "id": 1242887,
                "node_id": "MDQ6VXNlcjEyNDI4ODc=",
                "avatar_url": "https://avatars1.githubusercontent.com/u/1242887?v=4",
                "gravatar_id": "",
                "url": "https://api.github.com/users/davidism",
                "html_url": "https://github.com/davidism",
                "followers_url": "https://api.github.com/users/davidism/followers",
                "following_url": "https://api.github.com/users/davidism/following{/other_user}",
                "gists_url": "https://api.github.com/users/davidism/gists{/gist_id}",
                "starred_url": "https://api.github.com/users/davidism/starred{/owner}{/repo}",
                "subscriptions_url": "https://api.github.com/users/davidism/subscriptions",
                "organizations_url": "https://api.github.com/users/davidism/orgs",
                "repos_url": "https://api.github.com/users/davidism/repos",
                "events_url": "https://api.github.com/users/davidism/events{/privacy}",
                "received_events_url": "https://api.github.com/users/davidism/received_events",
                "type": "User",
                "site_admin": false
            },
            "created_at": "2017-04-26T13:18:29Z",
            "updated_at": "2017-04-26T13:19:29Z",
            "author_association": "MEMBER",
            "body": "I'm working through the PR backlog right now, this is on the list. Would you mind enabling the \"allow edits from maintainers\" option in the sidebar?"
        },
        {
            "url": "https://api.github.com/repos/pallets/flask/issues/comments/297410217",
            "html_url": "https://github.com/pallets/flask/pull/1452#issuecomment-297410217",
            "issue_url": "https://api.github.com/repos/pallets/flask/issues/1452",
            "id": 297410217,
            "node_id": "MDEyOklzc3VlQ29tbWVudDI5NzQxMDIxNw==",
            "user": {
                "login": "s-block",
                "id": 3502157,
                "node_id": "MDQ6VXNlcjM1MDIxNTc=",
                "avatar_url": "https://avatars0.githubusercontent.com/u/3502157?v=4",
                "gravatar_id": "",
                "url": "https://api.github.com/users/s-block",
                "html_url": "https://github.com/s-block",
                "followers_url": "https://api.github.com/users/s-block/followers",
                "following_url": "https://api.github.com/users/s-block/following{/other_user}",
                "gists_url": "https://api.github.com/users/s-block/gists{/gist_id}",
                "starred_url": "https://api.github.com/users/s-block/starred{/owner}{/repo}",
                "subscriptions_url": "https://api.github.com/users/s-block/subscriptions",
                "organizations_url": "https://api.github.com/users/s-block/orgs",
                "repos_url": "https://api.github.com/users/s-block/repos",
                "events_url": "https://api.github.com/users/s-block/events{/privacy}",
                "received_events_url": "https://api.github.com/users/s-block/received_events",
                "type": "User",
                "site_admin": false
            },
            "created_at": "2017-04-26T13:35:42Z",
            "updated_at": "2017-04-26T13:35:42Z",
            "author_association": "CONTRIBUTOR",
            "body": "No problem. Done."
        },
        {
            "url": "https://api.github.com/repos/pallets/flask/issues/comments/305595362",
            "html_url": "https://github.com/pallets/flask/pull/1452#issuecomment-305595362",
            "issue_url": "https://api.github.com/repos/pallets/flask/issues/1452",
            "id": 305595362,
            "node_id": "MDEyOklzc3VlQ29tbWVudDMwNTU5NTM2Mg==",
            "user": {
                "login": "davidism",
                "id": 1242887,
                "node_id": "MDQ6VXNlcjEyNDI4ODc=",
                "avatar_url": "https://avatars1.githubusercontent.com/u/1242887?v=4",
                "gravatar_id": "",
                "url": "https://api.github.com/users/davidism",
                "html_url": "https://github.com/davidism",
                "followers_url": "https://api.github.com/users/davidism/followers",
                "following_url": "https://api.github.com/users/davidism/following{/other_user}",
                "gists_url": "https://api.github.com/users/davidism/gists{/gist_id}",
                "starred_url": "https://api.github.com/users/davidism/starred{/owner}{/repo}",
                "subscriptions_url": "https://api.github.com/users/davidism/subscriptions",
                "organizations_url": "https://api.github.com/users/davidism/orgs",
                "repos_url": "https://api.github.com/users/davidism/repos",
                "events_url": "https://api.github.com/users/davidism/events{/privacy}",
                "received_events_url": "https://api.github.com/users/davidism/received_events",
                "type": "User",
                "site_admin": false
            },
            "created_at": "2017-06-01T19:26:48Z",
            "updated_at": "2017-06-01T20:56:42Z",
            "author_association": "MEMBER",
            "body": "I was reviewing this and decided it's not extensible enough. Added some review comments, but they're already fixed on my local branch.\r\n\r\nNew idea is to have a `JSONTag` interface, and give `TaggedJSONSerializer` a `register` method to add new tags. Then someone can do:\r\n\r\n~~~python\r\nclass TagOrderedDict(JSONTag):\r\n    key = ' od'\r\n\r\n    def check(self, value):\r\n        return isinstance(value, OrderedDict)\r\n\r\n    def to_json(self, value):\r\n        return [(self.serializer.tag(k), self.serializer.tag(v)) for k, v in value]\r\n\r\n    def to_python(self, value):\r\n        return OrderedDict((self.serializer.untag(k), self.serializer.untag(v)) for k, v in value)\r\n\r\napp.session_interface.serializer.register(TagOrderedDict)\r\n~~~"
        },
        {
            "url": "https://api.github.com/repos/pallets/flask/issues/comments/305609953",
            "html_url": "https://github.com/pallets/flask/pull/1452#issuecomment-305609953",
            "issue_url": "https://api.github.com/repos/pallets/flask/issues/1452",
            "id": 305609953,
            "node_id": "MDEyOklzc3VlQ29tbWVudDMwNTYwOTk1Mw==",
            "user": {
                "login": "davidism",
                "id": 1242887,
                "node_id": "MDQ6VXNlcjEyNDI4ODc=",
                "avatar_url": "https://avatars1.githubusercontent.com/u/1242887?v=4",
                "gravatar_id": "",
                "url": "https://api.github.com/users/davidism",
                "html_url": "https://github.com/davidism",
                "followers_url": "https://api.github.com/users/davidism/followers",
                "following_url": "https://api.github.com/users/davidism/following{/other_user}",
                "gists_url": "https://api.github.com/users/davidism/gists{/gist_id}",
                "starred_url": "https://api.github.com/users/davidism/starred{/owner}{/repo}",
                "subscriptions_url": "https://api.github.com/users/davidism/subscriptions",
                "organizations_url": "https://api.github.com/users/davidism/orgs",
                "repos_url": "https://api.github.com/users/davidism/repos",
                "events_url": "https://api.github.com/users/davidism/events{/privacy}",
                "received_events_url": "https://api.github.com/users/davidism/received_events",
                "type": "User",
                "site_admin": false
            },
            "created_at": "2017-06-01T20:24:49Z",
            "updated_at": "2017-06-01T20:24:49Z",
            "author_association": "MEMBER",
            "body": "Re: performance: new method is ~ 30 \u00b5s slower.\r\n\r\n~~~\r\nold: 70.7 \u00b5s \u00b1 164 ns per loop (mean \u00b1 std. dev. of 7 runs, 10000 loops each)\r\nnew: 96.3 \u00b5s \u00b1 678 ns per loop (mean \u00b1 std. dev. of 7 runs, 10000 loops each)\r\n~~~\r\n\r\nYou'd need to handle 2,000,000 requests before you wasted 1 extra minute. There's always Flask-Session, etc. where server-side sessions are serialized with `pickle`, which is *much* faster."
        },
        {
            "url": "https://api.github.com/repos/pallets/flask/issues/comments/305617702",
            "html_url": "https://github.com/pallets/flask/pull/1452#issuecomment-305617702",
            "issue_url": "https://api.github.com/repos/pallets/flask/issues/1452",
            "id": 305617702,
            "node_id": "MDEyOklzc3VlQ29tbWVudDMwNTYxNzcwMg==",
            "user": {
                "login": "davidism",
                "id": 1242887,
                "node_id": "MDQ6VXNlcjEyNDI4ODc=",
                "avatar_url": "https://avatars1.githubusercontent.com/u/1242887?v=4",
                "gravatar_id": "",
                "url": "https://api.github.com/users/davidism",
                "html_url": "https://github.com/davidism",
                "followers_url": "https://api.github.com/users/davidism/followers",
                "following_url": "https://api.github.com/users/davidism/following{/other_user}",
                "gists_url": "https://api.github.com/users/davidism/gists{/gist_id}",
                "starred_url": "https://api.github.com/users/davidism/starred{/owner}{/repo}",
                "subscriptions_url": "https://api.github.com/users/davidism/subscriptions",
                "organizations_url": "https://api.github.com/users/davidism/orgs",
                "repos_url": "https://api.github.com/users/davidism/repos",
                "events_url": "https://api.github.com/users/davidism/events{/privacy}",
                "received_events_url": "https://api.github.com/users/davidism/received_events",
                "type": "User",
                "site_admin": false
            },
            "created_at": "2017-06-01T20:55:33Z",
            "updated_at": "2017-06-01T20:55:33Z",
            "author_association": "MEMBER",
            "body": "Hmm, maybe this should all be moved to itsdangerous. It's not actually Flask specific."
        },
        {
            "url": "https://api.github.com/repos/pallets/flask/issues/comments/305633481",
            "html_url": "https://github.com/pallets/flask/pull/1452#issuecomment-305633481",
            "issue_url": "https://api.github.com/repos/pallets/flask/issues/1452",
            "id": 305633481,
            "node_id": "MDEyOklzc3VlQ29tbWVudDMwNTYzMzQ4MQ==",
            "user": {
                "login": "untitaker",
                "id": 837573,
                "node_id": "MDQ6VXNlcjgzNzU3Mw==",
                "avatar_url": "https://avatars0.githubusercontent.com/u/837573?v=4",
                "gravatar_id": "",
                "url": "https://api.github.com/users/untitaker",
                "html_url": "https://github.com/untitaker",
                "followers_url": "https://api.github.com/users/untitaker/followers",
                "following_url": "https://api.github.com/users/untitaker/following{/other_user}",
                "gists_url": "https://api.github.com/users/untitaker/gists{/gist_id}",
                "starred_url": "https://api.github.com/users/untitaker/starred{/owner}{/repo}",
                "subscriptions_url": "https://api.github.com/users/untitaker/subscriptions",
                "organizations_url": "https://api.github.com/users/untitaker/orgs",
                "repos_url": "https://api.github.com/users/untitaker/repos",
                "events_url": "https://api.github.com/users/untitaker/events{/privacy}",
                "received_events_url": "https://api.github.com/users/untitaker/received_events",
                "type": "User",
                "site_admin": false
            },
            "created_at": "2017-06-01T22:02:54Z",
            "updated_at": "2017-06-01T22:02:54Z",
            "author_association": "MEMBER",
            "body": "I don't really see how it's got anything to do with itsdangerous either though"
        },
        {
            "url": "https://api.github.com/repos/pallets/flask/issues/comments/305667086",
            "html_url": "https://github.com/pallets/flask/pull/1452#issuecomment-305667086",
            "issue_url": "https://api.github.com/repos/pallets/flask/issues/1452",
            "id": 305667086,
            "node_id": "MDEyOklzc3VlQ29tbWVudDMwNTY2NzA4Ng==",
            "user": {
                "login": "davidism",
                "id": 1242887,
                "node_id": "MDQ6VXNlcjEyNDI4ODc=",
                "avatar_url": "https://avatars1.githubusercontent.com/u/1242887?v=4",
                "gravatar_id": "",
                "url": "https://api.github.com/users/davidism",
                "html_url": "https://github.com/davidism",
                "followers_url": "https://api.github.com/users/davidism/followers",
                "following_url": "https://api.github.com/users/davidism/following{/other_user}",
                "gists_url": "https://api.github.com/users/davidism/gists{/gist_id}",
                "starred_url": "https://api.github.com/users/davidism/starred{/owner}{/repo}",
                "subscriptions_url": "https://api.github.com/users/davidism/subscriptions",
                "organizations_url": "https://api.github.com/users/davidism/orgs",
                "repos_url": "https://api.github.com/users/davidism/repos",
                "events_url": "https://api.github.com/users/davidism/events{/privacy}",
                "received_events_url": "https://api.github.com/users/davidism/received_events",
                "type": "User",
                "site_admin": false
            },
            "created_at": "2017-06-02T01:49:11Z",
            "updated_at": "2017-06-02T01:49:11Z",
            "author_association": "MEMBER",
            "body": "The only place it's being used is passed to itsdangerous. Eh, I could go either way, probably not worth the trouble."
        },
        {
            "url": "https://api.github.com/repos/pallets/flask/issues/comments/305699079",
            "html_url": "https://github.com/pallets/flask/pull/1452#issuecomment-305699079",
            "issue_url": "https://api.github.com/repos/pallets/flask/issues/1452",
            "id": 305699079,
            "node_id": "MDEyOklzc3VlQ29tbWVudDMwNTY5OTA3OQ==",
            "user": {
                "login": "davidism",
                "id": 1242887,
                "node_id": "MDQ6VXNlcjEyNDI4ODc=",
                "avatar_url": "https://avatars1.githubusercontent.com/u/1242887?v=4",
                "gravatar_id": "",
                "url": "https://api.github.com/users/davidism",
                "html_url": "https://github.com/davidism",
                "followers_url": "https://api.github.com/users/davidism/followers",
                "following_url": "https://api.github.com/users/davidism/following{/other_user}",
                "gists_url": "https://api.github.com/users/davidism/gists{/gist_id}",
                "starred_url": "https://api.github.com/users/davidism/starred{/owner}{/repo}",
                "subscriptions_url": "https://api.github.com/users/davidism/subscriptions",
                "organizations_url": "https://api.github.com/users/davidism/orgs",
                "repos_url": "https://api.github.com/users/davidism/repos",
                "events_url": "https://api.github.com/users/davidism/events{/privacy}",
                "received_events_url": "https://api.github.com/users/davidism/received_events",
                "type": "User",
                "site_admin": false
            },
            "created_at": "2017-06-02T06:13:18Z",
            "updated_at": "2017-06-02T06:13:18Z",
            "author_association": "MEMBER",
            "body": "Continued in #2352. Thank you for working on this @s-block!"
        }
    ]
}