{
    "url": "https://api.github.com/repos/pallets/flask/issues/1453",
    "repository_url": "https://api.github.com/repos/pallets/flask",
    "labels_url": "https://api.github.com/repos/pallets/flask/issues/1453/labels{/name}",
    "comments_url": "https://api.github.com/repos/pallets/flask/issues/1453/comments",
    "events_url": "https://api.github.com/repos/pallets/flask/issues/1453/events",
    "html_url": "https://github.com/pallets/flask/pull/1453",
    "id": 73615704,
    "node_id": "MDExOlB1bGxSZXF1ZXN0MzQ4MTUwOTA=",
    "number": 1453,
    "title": "Replace 'I' with 'We'",
    "user": {
        "login": "ozbek",
        "id": 452620,
        "node_id": "MDQ6VXNlcjQ1MjYyMA==",
        "avatar_url": "https://avatars2.githubusercontent.com/u/452620?v=4",
        "gravatar_id": "",
        "url": "https://api.github.com/users/ozbek",
        "html_url": "https://github.com/ozbek",
        "followers_url": "https://api.github.com/users/ozbek/followers",
        "following_url": "https://api.github.com/users/ozbek/following{/other_user}",
        "gists_url": "https://api.github.com/users/ozbek/gists{/gist_id}",
        "starred_url": "https://api.github.com/users/ozbek/starred{/owner}{/repo}",
        "subscriptions_url": "https://api.github.com/users/ozbek/subscriptions",
        "organizations_url": "https://api.github.com/users/ozbek/orgs",
        "repos_url": "https://api.github.com/users/ozbek/repos",
        "events_url": "https://api.github.com/users/ozbek/events{/privacy}",
        "received_events_url": "https://api.github.com/users/ozbek/received_events",
        "type": "User",
        "site_admin": false
    },
    "labels": [],
    "state": "closed",
    "locked": false,
    "assignee": null,
    "assignees": [],
    "milestone": null,
    "comments": 1,
    "created_at": "2015-05-06T13:14:47Z",
    "updated_at": "2015-05-06T13:55:34Z",
    "closed_at": "2015-05-06T13:55:28Z",
    "author_association": "CONTRIBUTOR",
    "pull_request": {
        "url": "https://api.github.com/repos/pallets/flask/pulls/1453",
        "html_url": "https://github.com/pallets/flask/pull/1453",
        "diff_url": "https://github.com/pallets/flask/pull/1453.diff",
        "patch_url": "https://github.com/pallets/flask/pull/1453.patch"
    },
    "body": "To be consistent with the usage elsewhere in the README\n",
    "comments_inline": [
        {
            "url": "https://api.github.com/repos/pallets/flask/issues/comments/99471784",
            "html_url": "https://github.com/pallets/flask/pull/1453#issuecomment-99471784",
            "issue_url": "https://api.github.com/repos/pallets/flask/issues/1453",
            "id": 99471784,
            "node_id": "MDEyOklzc3VlQ29tbWVudDk5NDcxNzg0",
            "user": {
                "login": "untitaker",
                "id": 837573,
                "node_id": "MDQ6VXNlcjgzNzU3Mw==",
                "avatar_url": "https://avatars0.githubusercontent.com/u/837573?v=4",
                "gravatar_id": "",
                "url": "https://api.github.com/users/untitaker",
                "html_url": "https://github.com/untitaker",
                "followers_url": "https://api.github.com/users/untitaker/followers",
                "following_url": "https://api.github.com/users/untitaker/following{/other_user}",
                "gists_url": "https://api.github.com/users/untitaker/gists{/gist_id}",
                "starred_url": "https://api.github.com/users/untitaker/starred{/owner}{/repo}",
                "subscriptions_url": "https://api.github.com/users/untitaker/subscriptions",
                "organizations_url": "https://api.github.com/users/untitaker/orgs",
                "repos_url": "https://api.github.com/users/untitaker/repos",
                "events_url": "https://api.github.com/users/untitaker/events{/privacy}",
                "received_events_url": "https://api.github.com/users/untitaker/received_events",
                "type": "User",
                "site_admin": false
            },
            "created_at": "2015-05-06T13:55:34Z",
            "updated_at": "2015-05-06T13:55:34Z",
            "author_association": "MEMBER",
            "body": "Thanks!\n"
        }
    ]
}