{
    "url": "https://api.github.com/repos/pallets/flask/issues/1455",
    "repository_url": "https://api.github.com/repos/pallets/flask",
    "labels_url": "https://api.github.com/repos/pallets/flask/issues/1455/labels{/name}",
    "comments_url": "https://api.github.com/repos/pallets/flask/issues/1455/comments",
    "events_url": "https://api.github.com/repos/pallets/flask/issues/1455/events",
    "html_url": "https://github.com/pallets/flask/pull/1455",
    "id": 73764413,
    "node_id": "MDExOlB1bGxSZXF1ZXN0MzQ4Njk3MTk=",
    "number": 1455,
    "title": "Add pip install --editable . to contributing docs",
    "user": {
        "login": "nickjj",
        "id": 813219,
        "node_id": "MDQ6VXNlcjgxMzIxOQ==",
        "avatar_url": "https://avatars2.githubusercontent.com/u/813219?v=4",
        "gravatar_id": "",
        "url": "https://api.github.com/users/nickjj",
        "html_url": "https://github.com/nickjj",
        "followers_url": "https://api.github.com/users/nickjj/followers",
        "following_url": "https://api.github.com/users/nickjj/following{/other_user}",
        "gists_url": "https://api.github.com/users/nickjj/gists{/gist_id}",
        "starred_url": "https://api.github.com/users/nickjj/starred{/owner}{/repo}",
        "subscriptions_url": "https://api.github.com/users/nickjj/subscriptions",
        "organizations_url": "https://api.github.com/users/nickjj/orgs",
        "repos_url": "https://api.github.com/users/nickjj/repos",
        "events_url": "https://api.github.com/users/nickjj/events{/privacy}",
        "received_events_url": "https://api.github.com/users/nickjj/received_events",
        "type": "User",
        "site_admin": false
    },
    "labels": [],
    "state": "closed",
    "locked": false,
    "assignee": null,
    "assignees": [],
    "milestone": null,
    "comments": 1,
    "created_at": "2015-05-06T23:08:34Z",
    "updated_at": "2015-05-07T11:24:13Z",
    "closed_at": "2015-05-07T11:24:13Z",
    "author_association": "CONTRIBUTOR",
    "pull_request": {
        "url": "https://api.github.com/repos/pallets/flask/pulls/1455",
        "html_url": "https://github.com/pallets/flask/pull/1455",
        "diff_url": "https://github.com/pallets/flask/pull/1455.diff",
        "patch_url": "https://github.com/pallets/flask/pull/1455.patch"
    },
    "body": "",
    "comments_inline": [
        {
            "url": "https://api.github.com/repos/pallets/flask/issues/comments/99820524",
            "html_url": "https://github.com/pallets/flask/pull/1455#issuecomment-99820524",
            "issue_url": "https://api.github.com/repos/pallets/flask/issues/1455",
            "id": 99820524,
            "node_id": "MDEyOklzc3VlQ29tbWVudDk5ODIwNTI0",
            "user": {
                "login": "untitaker",
                "id": 837573,
                "node_id": "MDQ6VXNlcjgzNzU3Mw==",
                "avatar_url": "https://avatars0.githubusercontent.com/u/837573?v=4",
                "gravatar_id": "",
                "url": "https://api.github.com/users/untitaker",
                "html_url": "https://github.com/untitaker",
                "followers_url": "https://api.github.com/users/untitaker/followers",
                "following_url": "https://api.github.com/users/untitaker/following{/other_user}",
                "gists_url": "https://api.github.com/users/untitaker/gists{/gist_id}",
                "starred_url": "https://api.github.com/users/untitaker/starred{/owner}{/repo}",
                "subscriptions_url": "https://api.github.com/users/untitaker/subscriptions",
                "organizations_url": "https://api.github.com/users/untitaker/orgs",
                "repos_url": "https://api.github.com/users/untitaker/repos",
                "events_url": "https://api.github.com/users/untitaker/events{/privacy}",
                "received_events_url": "https://api.github.com/users/untitaker/received_events",
                "type": "User",
                "site_admin": false
            },
            "created_at": "2015-05-07T11:24:11Z",
            "updated_at": "2015-05-07T11:24:11Z",
            "author_association": "MEMBER",
            "body": "Thanks!\n"
        }
    ]
}