{
    "url": "https://api.github.com/repos/pallets/flask/issues/1456",
    "repository_url": "https://api.github.com/repos/pallets/flask",
    "labels_url": "https://api.github.com/repos/pallets/flask/issues/1456/labels{/name}",
    "comments_url": "https://api.github.com/repos/pallets/flask/issues/1456/comments",
    "events_url": "https://api.github.com/repos/pallets/flask/issues/1456/events",
    "html_url": "https://github.com/pallets/flask/pull/1456",
    "id": 74787657,
    "node_id": "MDExOlB1bGxSZXF1ZXN0MzUwNzQ5ODU=",
    "number": 1456,
    "title": "Add X-Forwarded-Proto header to proxy setup example docs",
    "user": {
        "login": "jonafato",
        "id": 392720,
        "node_id": "MDQ6VXNlcjM5MjcyMA==",
        "avatar_url": "https://avatars3.githubusercontent.com/u/392720?v=4",
        "gravatar_id": "",
        "url": "https://api.github.com/users/jonafato",
        "html_url": "https://github.com/jonafato",
        "followers_url": "https://api.github.com/users/jonafato/followers",
        "following_url": "https://api.github.com/users/jonafato/following{/other_user}",
        "gists_url": "https://api.github.com/users/jonafato/gists{/gist_id}",
        "starred_url": "https://api.github.com/users/jonafato/starred{/owner}{/repo}",
        "subscriptions_url": "https://api.github.com/users/jonafato/subscriptions",
        "organizations_url": "https://api.github.com/users/jonafato/orgs",
        "repos_url": "https://api.github.com/users/jonafato/repos",
        "events_url": "https://api.github.com/users/jonafato/events{/privacy}",
        "received_events_url": "https://api.github.com/users/jonafato/received_events",
        "type": "User",
        "site_admin": false
    },
    "labels": [],
    "state": "closed",
    "locked": false,
    "assignee": null,
    "assignees": [],
    "milestone": null,
    "comments": 1,
    "created_at": "2015-05-10T00:03:04Z",
    "updated_at": "2016-02-17T21:02:22Z",
    "closed_at": "2016-02-17T21:02:22Z",
    "author_association": "CONTRIBUTOR",
    "pull_request": {
        "url": "https://api.github.com/repos/pallets/flask/pulls/1456",
        "html_url": "https://github.com/pallets/flask/pull/1456",
        "diff_url": "https://github.com/pallets/flask/pull/1456.diff",
        "patch_url": "https://github.com/pallets/flask/pull/1456.patch"
    },
    "body": "The `ProxyFix` middleware provided by Werkzeug uses this header for\nreturning accurate values from request.is_secure and request.scheme.\nWithout adding this header, Flask won't properly detect when it is being\nserved over HTTPS and will fail to generate proper external links and\ncause certain extensions (e.g. Flask-OAuthlib) to function improperly.\nAdding this header to the example setup should reduce issues encountered\nby developers when following this guide.\n\nCredit where due: I tend to find this information when I need it in a [blog post](http://cramer.io/2013/06/27/serving-python-web-applications/) by David Cramer.\n",
    "comments_inline": [
        {
            "url": "https://api.github.com/repos/pallets/flask/issues/comments/185401669",
            "html_url": "https://github.com/pallets/flask/pull/1456#issuecomment-185401669",
            "issue_url": "https://api.github.com/repos/pallets/flask/issues/1456",
            "id": 185401669,
            "node_id": "MDEyOklzc3VlQ29tbWVudDE4NTQwMTY2OQ==",
            "user": {
                "login": "untitaker",
                "id": 837573,
                "node_id": "MDQ6VXNlcjgzNzU3Mw==",
                "avatar_url": "https://avatars0.githubusercontent.com/u/837573?v=4",
                "gravatar_id": "",
                "url": "https://api.github.com/users/untitaker",
                "html_url": "https://github.com/untitaker",
                "followers_url": "https://api.github.com/users/untitaker/followers",
                "following_url": "https://api.github.com/users/untitaker/following{/other_user}",
                "gists_url": "https://api.github.com/users/untitaker/gists{/gist_id}",
                "starred_url": "https://api.github.com/users/untitaker/starred{/owner}{/repo}",
                "subscriptions_url": "https://api.github.com/users/untitaker/subscriptions",
                "organizations_url": "https://api.github.com/users/untitaker/orgs",
                "repos_url": "https://api.github.com/users/untitaker/repos",
                "events_url": "https://api.github.com/users/untitaker/events{/privacy}",
                "received_events_url": "https://api.github.com/users/untitaker/received_events",
                "type": "User",
                "site_admin": false
            },
            "created_at": "2016-02-17T21:02:18Z",
            "updated_at": "2016-02-17T21:02:18Z",
            "author_association": "MEMBER",
            "body": "Excellent, thank you.\n"
        }
    ]
}