{
    "url": "https://api.github.com/repos/pallets/flask/issues/1458",
    "repository_url": "https://api.github.com/repos/pallets/flask",
    "labels_url": "https://api.github.com/repos/pallets/flask/issues/1458/labels{/name}",
    "comments_url": "https://api.github.com/repos/pallets/flask/issues/1458/comments",
    "events_url": "https://api.github.com/repos/pallets/flask/issues/1458/events",
    "html_url": "https://github.com/pallets/flask/pull/1458",
    "id": 76064329,
    "node_id": "MDExOlB1bGxSZXF1ZXN0MzUzNTExODA=",
    "number": 1458,
    "title": "config.from_pyfile() avoid UnicodeDecodeError",
    "user": {
        "login": "goneri",
        "id": 49379,
        "node_id": "MDQ6VXNlcjQ5Mzc5",
        "avatar_url": "https://avatars1.githubusercontent.com/u/49379?v=4",
        "gravatar_id": "",
        "url": "https://api.github.com/users/goneri",
        "html_url": "https://github.com/goneri",
        "followers_url": "https://api.github.com/users/goneri/followers",
        "following_url": "https://api.github.com/users/goneri/following{/other_user}",
        "gists_url": "https://api.github.com/users/goneri/gists{/gist_id}",
        "starred_url": "https://api.github.com/users/goneri/starred{/owner}{/repo}",
        "subscriptions_url": "https://api.github.com/users/goneri/subscriptions",
        "organizations_url": "https://api.github.com/users/goneri/orgs",
        "repos_url": "https://api.github.com/users/goneri/repos",
        "events_url": "https://api.github.com/users/goneri/events{/privacy}",
        "received_events_url": "https://api.github.com/users/goneri/received_events",
        "type": "User",
        "site_admin": false
    },
    "labels": [],
    "state": "closed",
    "locked": false,
    "assignee": null,
    "assignees": [],
    "milestone": null,
    "comments": 0,
    "created_at": "2015-05-13T17:34:03Z",
    "updated_at": "2015-05-15T11:16:16Z",
    "closed_at": "2015-05-15T11:16:16Z",
    "author_association": "NONE",
    "pull_request": {
        "url": "https://api.github.com/repos/pallets/flask/pulls/1458",
        "html_url": "https://github.com/pallets/flask/pull/1458",
        "diff_url": "https://github.com/pallets/flask/pull/1458.diff",
        "patch_url": "https://github.com/pallets/flask/pull/1458.patch"
    },
    "body": "If the local variables (LC_*) are not properly configured, Python\nuse ASCII as the default encoding. This is fine and Flask works properly.\n\nIf the configuration file come with non ASCII caractere, an\nUnicodeDecodeError exception will be raised as soon as read() will\ntry to decode the byte stream.\n\nio.open() as been introduced in Py26 and the ability to specify\nthe encoding of the file. We use it to force the use of binary mode.\n"
}