{
    "url": "https://api.github.com/repos/pallets/flask/issues/1459",
    "repository_url": "https://api.github.com/repos/pallets/flask",
    "labels_url": "https://api.github.com/repos/pallets/flask/issues/1459/labels{/name}",
    "comments_url": "https://api.github.com/repos/pallets/flask/issues/1459/comments",
    "events_url": "https://api.github.com/repos/pallets/flask/issues/1459/events",
    "html_url": "https://github.com/pallets/flask/issues/1459",
    "id": 76210522,
    "node_id": "MDU6SXNzdWU3NjIxMDUyMg==",
    "number": 1459,
    "title": "after_request excuted twice",
    "user": {
        "login": "zhangwen9229",
        "id": 5137377,
        "node_id": "MDQ6VXNlcjUxMzczNzc=",
        "avatar_url": "https://avatars2.githubusercontent.com/u/5137377?v=4",
        "gravatar_id": "",
        "url": "https://api.github.com/users/zhangwen9229",
        "html_url": "https://github.com/zhangwen9229",
        "followers_url": "https://api.github.com/users/zhangwen9229/followers",
        "following_url": "https://api.github.com/users/zhangwen9229/following{/other_user}",
        "gists_url": "https://api.github.com/users/zhangwen9229/gists{/gist_id}",
        "starred_url": "https://api.github.com/users/zhangwen9229/starred{/owner}{/repo}",
        "subscriptions_url": "https://api.github.com/users/zhangwen9229/subscriptions",
        "organizations_url": "https://api.github.com/users/zhangwen9229/orgs",
        "repos_url": "https://api.github.com/users/zhangwen9229/repos",
        "events_url": "https://api.github.com/users/zhangwen9229/events{/privacy}",
        "received_events_url": "https://api.github.com/users/zhangwen9229/received_events",
        "type": "User",
        "site_admin": false
    },
    "labels": [],
    "state": "closed",
    "locked": false,
    "assignee": null,
    "assignees": [],
    "milestone": null,
    "comments": 2,
    "created_at": "2015-05-14T03:13:21Z",
    "updated_at": "2015-07-02T10:50:19Z",
    "closed_at": "2015-06-14T09:48:22Z",
    "author_association": "NONE",
    "body": "Use plugin\uff1aflask-restful\nin app.py:(please see my annotation)  \ndef process_response(self, response):\n        ctx = _request_ctx_stack.top\n        bp = ctx.request.blueprint\n        funcs = ctx._after_request_functions         # here is None\n        if bp is not None and bp in self.after_request_funcs:\n            funcs = chain(funcs, reversed(self.after_request_funcs[bp]))\n        if None in self.after_request_funcs: \n            funcs = chain(funcs, reversed(self.after_request_funcs[None]))     # here is <itertools.chain object at 0x000000000449FFD0>\n        for handler in funcs:               #  then this loop be excuted twice\n            response = handler(response)\n        if not self.session_interface.is_null_session(ctx.session):\n            self.save_session(ctx.session, response)\n        return response\n\nplease help..\n",
    "comments_inline": [
        {
            "url": "https://api.github.com/repos/pallets/flask/issues/comments/102080674",
            "html_url": "https://github.com/pallets/flask/issues/1459#issuecomment-102080674",
            "issue_url": "https://api.github.com/repos/pallets/flask/issues/1459",
            "id": 102080674,
            "node_id": "MDEyOklzc3VlQ29tbWVudDEwMjA4MDY3NA==",
            "user": {
                "login": "ThiefMaster",
                "id": 179599,
                "node_id": "MDQ6VXNlcjE3OTU5OQ==",
                "avatar_url": "https://avatars1.githubusercontent.com/u/179599?v=4",
                "gravatar_id": "",
                "url": "https://api.github.com/users/ThiefMaster",
                "html_url": "https://github.com/ThiefMaster",
                "followers_url": "https://api.github.com/users/ThiefMaster/followers",
                "following_url": "https://api.github.com/users/ThiefMaster/following{/other_user}",
                "gists_url": "https://api.github.com/users/ThiefMaster/gists{/gist_id}",
                "starred_url": "https://api.github.com/users/ThiefMaster/starred{/owner}{/repo}",
                "subscriptions_url": "https://api.github.com/users/ThiefMaster/subscriptions",
                "organizations_url": "https://api.github.com/users/ThiefMaster/orgs",
                "repos_url": "https://api.github.com/users/ThiefMaster/repos",
                "events_url": "https://api.github.com/users/ThiefMaster/events{/privacy}",
                "received_events_url": "https://api.github.com/users/ThiefMaster/received_events",
                "type": "User",
                "site_admin": false
            },
            "created_at": "2015-05-14T15:51:46Z",
            "updated_at": "2015-05-14T15:51:46Z",
            "author_association": "MEMBER",
            "body": "> please help..\n\nPlease format your code properly. Click on _Markdown supported_ on top of the editor to read the formatting help from GitHub.\n\nAlso, if the problem only occurs in Flask-Restful, it should go to the issue tracker of that extension.\n"
        },
        {
            "url": "https://api.github.com/repos/pallets/flask/issues/comments/117996316",
            "html_url": "https://github.com/pallets/flask/issues/1459#issuecomment-117996316",
            "issue_url": "https://api.github.com/repos/pallets/flask/issues/1459",
            "id": 117996316,
            "node_id": "MDEyOklzc3VlQ29tbWVudDExNzk5NjMxNg==",
            "user": {
                "login": "zhangwen9229",
                "id": 5137377,
                "node_id": "MDQ6VXNlcjUxMzczNzc=",
                "avatar_url": "https://avatars2.githubusercontent.com/u/5137377?v=4",
                "gravatar_id": "",
                "url": "https://api.github.com/users/zhangwen9229",
                "html_url": "https://github.com/zhangwen9229",
                "followers_url": "https://api.github.com/users/zhangwen9229/followers",
                "following_url": "https://api.github.com/users/zhangwen9229/following{/other_user}",
                "gists_url": "https://api.github.com/users/zhangwen9229/gists{/gist_id}",
                "starred_url": "https://api.github.com/users/zhangwen9229/starred{/owner}{/repo}",
                "subscriptions_url": "https://api.github.com/users/zhangwen9229/subscriptions",
                "organizations_url": "https://api.github.com/users/zhangwen9229/orgs",
                "repos_url": "https://api.github.com/users/zhangwen9229/repos",
                "events_url": "https://api.github.com/users/zhangwen9229/events{/privacy}",
                "received_events_url": "https://api.github.com/users/zhangwen9229/received_events",
                "type": "User",
                "site_admin": false
            },
            "created_at": "2015-07-02T10:50:19Z",
            "updated_at": "2015-07-02T10:50:19Z",
            "author_association": "NONE",
            "body": "All in all,thank you for your reply. \n"
        }
    ]
}