{
    "url": "https://api.github.com/repos/pallets/flask/issues/146",
    "repository_url": "https://api.github.com/repos/pallets/flask",
    "labels_url": "https://api.github.com/repos/pallets/flask/issues/146/labels{/name}",
    "comments_url": "https://api.github.com/repos/pallets/flask/issues/146/comments",
    "events_url": "https://api.github.com/repos/pallets/flask/issues/146/events",
    "html_url": "https://github.com/pallets/flask/pull/146",
    "id": 431641,
    "node_id": "MDExOlB1bGxSZXF1ZXN0MzIwMTY=",
    "number": 146,
    "title": "Passthrough exceptions in TESTING mode",
    "user": {
        "login": "miracle2k",
        "id": 13807,
        "node_id": "MDQ6VXNlcjEzODA3",
        "avatar_url": "https://avatars1.githubusercontent.com/u/13807?v=4",
        "gravatar_id": "",
        "url": "https://api.github.com/users/miracle2k",
        "html_url": "https://github.com/miracle2k",
        "followers_url": "https://api.github.com/users/miracle2k/followers",
        "following_url": "https://api.github.com/users/miracle2k/following{/other_user}",
        "gists_url": "https://api.github.com/users/miracle2k/gists{/gist_id}",
        "starred_url": "https://api.github.com/users/miracle2k/starred{/owner}{/repo}",
        "subscriptions_url": "https://api.github.com/users/miracle2k/subscriptions",
        "organizations_url": "https://api.github.com/users/miracle2k/orgs",
        "repos_url": "https://api.github.com/users/miracle2k/repos",
        "events_url": "https://api.github.com/users/miracle2k/events{/privacy}",
        "received_events_url": "https://api.github.com/users/miracle2k/received_events",
        "type": "User",
        "site_admin": false
    },
    "labels": [],
    "state": "closed",
    "locked": false,
    "assignee": null,
    "assignees": [],
    "milestone": null,
    "comments": 2,
    "created_at": "2010-11-21T23:17:35Z",
    "updated_at": "2014-06-12T06:59:44Z",
    "closed_at": "2011-03-16T14:27:17Z",
    "author_association": "NONE",
    "pull_request": {
        "url": "https://api.github.com/repos/pallets/flask/pulls/146",
        "html_url": "https://github.com/pallets/flask/pull/146",
        "diff_url": "https://github.com/pallets/flask/pull/146.diff",
        "patch_url": "https://github.com/pallets/flask/pull/146.patch"
    },
    "body": "I think if TESTING is set, Flask should re-raise exceptions just like it currently does if DEBUG is enabled. This would enable a behavior similar to DEBUG_PROPAGATE_EXCEPTIONS while still testing with DEBUG=False.\n",
    "comments_inline": [
        {
            "url": "https://api.github.com/repos/pallets/flask/issues/comments/569935",
            "html_url": "https://github.com/pallets/flask/pull/146#issuecomment-569935",
            "issue_url": "https://api.github.com/repos/pallets/flask/issues/146",
            "id": 569935,
            "node_id": "MDEyOklzc3VlQ29tbWVudDU2OTkzNQ==",
            "user": {
                "login": "mitsuhiko",
                "id": 7396,
                "node_id": "MDQ6VXNlcjczOTY=",
                "avatar_url": "https://avatars1.githubusercontent.com/u/7396?v=4",
                "gravatar_id": "",
                "url": "https://api.github.com/users/mitsuhiko",
                "html_url": "https://github.com/mitsuhiko",
                "followers_url": "https://api.github.com/users/mitsuhiko/followers",
                "following_url": "https://api.github.com/users/mitsuhiko/following{/other_user}",
                "gists_url": "https://api.github.com/users/mitsuhiko/gists{/gist_id}",
                "starred_url": "https://api.github.com/users/mitsuhiko/starred{/owner}{/repo}",
                "subscriptions_url": "https://api.github.com/users/mitsuhiko/subscriptions",
                "organizations_url": "https://api.github.com/users/mitsuhiko/orgs",
                "repos_url": "https://api.github.com/users/mitsuhiko/repos",
                "events_url": "https://api.github.com/users/mitsuhiko/events{/privacy}",
                "received_events_url": "https://api.github.com/users/mitsuhiko/received_events",
                "type": "User",
                "site_admin": false
            },
            "created_at": "2010-11-27T17:09:00Z",
            "updated_at": "2010-11-27T17:09:00Z",
            "author_association": "MEMBER",
            "body": "I would like to pull this but it might break people's code. Can you bring this up on the mailinglist?\n"
        },
        {
            "url": "https://api.github.com/repos/pallets/flask/issues/comments/874223",
            "html_url": "https://github.com/pallets/flask/pull/146#issuecomment-874223",
            "issue_url": "https://api.github.com/repos/pallets/flask/issues/146",
            "id": 874223,
            "node_id": "MDEyOklzc3VlQ29tbWVudDg3NDIyMw==",
            "user": {
                "login": "rduplain",
                "id": 36428,
                "node_id": "MDQ6VXNlcjM2NDI4",
                "avatar_url": "https://avatars1.githubusercontent.com/u/36428?v=4",
                "gravatar_id": "",
                "url": "https://api.github.com/users/rduplain",
                "html_url": "https://github.com/rduplain",
                "followers_url": "https://api.github.com/users/rduplain/followers",
                "following_url": "https://api.github.com/users/rduplain/following{/other_user}",
                "gists_url": "https://api.github.com/users/rduplain/gists{/gist_id}",
                "starred_url": "https://api.github.com/users/rduplain/starred{/owner}{/repo}",
                "subscriptions_url": "https://api.github.com/users/rduplain/subscriptions",
                "organizations_url": "https://api.github.com/users/rduplain/orgs",
                "repos_url": "https://api.github.com/users/rduplain/repos",
                "events_url": "https://api.github.com/users/rduplain/events{/privacy}",
                "received_events_url": "https://api.github.com/users/rduplain/received_events",
                "type": "User",
                "site_admin": false
            },
            "created_at": "2011-03-15T04:45:08Z",
            "updated_at": "2011-03-15T04:45:08Z",
            "author_association": "CONTRIBUTOR",
            "body": "This is implemented in 8569dfee6136bfda4a5fa2297aed3d82700bb1a5 -- please close.\n"
        }
    ]
}