{
    "url": "https://api.github.com/repos/pallets/flask/issues/1460",
    "repository_url": "https://api.github.com/repos/pallets/flask",
    "labels_url": "https://api.github.com/repos/pallets/flask/issues/1460/labels{/name}",
    "comments_url": "https://api.github.com/repos/pallets/flask/issues/1460/comments",
    "events_url": "https://api.github.com/repos/pallets/flask/issues/1460/events",
    "html_url": "https://github.com/pallets/flask/issues/1460",
    "id": 76240048,
    "node_id": "MDU6SXNzdWU3NjI0MDA0OA==",
    "number": 1460,
    "title": "Flask Documentation PDF is missing",
    "user": {
        "login": "smorin",
        "id": 124719,
        "node_id": "MDQ6VXNlcjEyNDcxOQ==",
        "avatar_url": "https://avatars3.githubusercontent.com/u/124719?v=4",
        "gravatar_id": "",
        "url": "https://api.github.com/users/smorin",
        "html_url": "https://github.com/smorin",
        "followers_url": "https://api.github.com/users/smorin/followers",
        "following_url": "https://api.github.com/users/smorin/following{/other_user}",
        "gists_url": "https://api.github.com/users/smorin/gists{/gist_id}",
        "starred_url": "https://api.github.com/users/smorin/starred{/owner}{/repo}",
        "subscriptions_url": "https://api.github.com/users/smorin/subscriptions",
        "organizations_url": "https://api.github.com/users/smorin/orgs",
        "repos_url": "https://api.github.com/users/smorin/repos",
        "events_url": "https://api.github.com/users/smorin/events{/privacy}",
        "received_events_url": "https://api.github.com/users/smorin/received_events",
        "type": "User",
        "site_admin": false
    },
    "labels": [],
    "state": "closed",
    "locked": false,
    "assignee": null,
    "assignees": [],
    "milestone": null,
    "comments": 1,
    "created_at": "2015-05-14T05:35:32Z",
    "updated_at": "2019-06-23T14:40:38Z",
    "closed_at": "2015-09-10T21:53:55Z",
    "author_association": "NONE",
    "body": "Flask Documentation PDF is missing\n\nRead the documentation or download as PDF and zipped HTML\nLinks to http://flask.pocoo.org/docs/flask-docs.pdf and http://flask.pocoo.org/docs/flask-docs.zip\n\nBoth of which are missing.\n",
    "comments_inline": [
        {
            "url": "https://api.github.com/repos/pallets/flask/issues/comments/101937092",
            "html_url": "https://github.com/pallets/flask/issues/1460#issuecomment-101937092",
            "issue_url": "https://api.github.com/repos/pallets/flask/issues/1460",
            "id": 101937092,
            "node_id": "MDEyOklzc3VlQ29tbWVudDEwMTkzNzA5Mg==",
            "user": {
                "login": "davidism",
                "id": 1242887,
                "node_id": "MDQ6VXNlcjEyNDI4ODc=",
                "avatar_url": "https://avatars1.githubusercontent.com/u/1242887?v=4",
                "gravatar_id": "",
                "url": "https://api.github.com/users/davidism",
                "html_url": "https://github.com/davidism",
                "followers_url": "https://api.github.com/users/davidism/followers",
                "following_url": "https://api.github.com/users/davidism/following{/other_user}",
                "gists_url": "https://api.github.com/users/davidism/gists{/gist_id}",
                "starred_url": "https://api.github.com/users/davidism/starred{/owner}{/repo}",
                "subscriptions_url": "https://api.github.com/users/davidism/subscriptions",
                "organizations_url": "https://api.github.com/users/davidism/orgs",
                "repos_url": "https://api.github.com/users/davidism/repos",
                "events_url": "https://api.github.com/users/davidism/events{/privacy}",
                "received_events_url": "https://api.github.com/users/davidism/received_events",
                "type": "User",
                "site_admin": false
            },
            "created_at": "2015-05-14T06:36:50Z",
            "updated_at": "2015-05-14T06:36:50Z",
            "author_association": "MEMBER",
            "body": "Duplicate of pocoo/metaflask#7 and [all these](https://github.com/mitsuhiko/flask/issues?q=pdf).\n"
        }
    ]
}