{
    "url": "https://api.github.com/repos/pallets/flask/issues/1461",
    "repository_url": "https://api.github.com/repos/pallets/flask",
    "labels_url": "https://api.github.com/repos/pallets/flask/issues/1461/labels{/name}",
    "comments_url": "https://api.github.com/repos/pallets/flask/issues/1461/comments",
    "events_url": "https://api.github.com/repos/pallets/flask/issues/1461/events",
    "html_url": "https://github.com/pallets/flask/pull/1461",
    "id": 76621011,
    "node_id": "MDExOlB1bGxSZXF1ZXN0MzU0ODg0Mzg=",
    "number": 1461,
    "title": "fixed import of werkzeug secure_filename",
    "user": {
        "login": "jpoehnelt",
        "id": 3392975,
        "node_id": "MDQ6VXNlcjMzOTI5NzU=",
        "avatar_url": "https://avatars0.githubusercontent.com/u/3392975?v=4",
        "gravatar_id": "",
        "url": "https://api.github.com/users/jpoehnelt",
        "html_url": "https://github.com/jpoehnelt",
        "followers_url": "https://api.github.com/users/jpoehnelt/followers",
        "following_url": "https://api.github.com/users/jpoehnelt/following{/other_user}",
        "gists_url": "https://api.github.com/users/jpoehnelt/gists{/gist_id}",
        "starred_url": "https://api.github.com/users/jpoehnelt/starred{/owner}{/repo}",
        "subscriptions_url": "https://api.github.com/users/jpoehnelt/subscriptions",
        "organizations_url": "https://api.github.com/users/jpoehnelt/orgs",
        "repos_url": "https://api.github.com/users/jpoehnelt/repos",
        "events_url": "https://api.github.com/users/jpoehnelt/events{/privacy}",
        "received_events_url": "https://api.github.com/users/jpoehnelt/received_events",
        "type": "User",
        "site_admin": false
    },
    "labels": [],
    "state": "closed",
    "locked": false,
    "assignee": null,
    "assignees": [],
    "milestone": null,
    "comments": 1,
    "created_at": "2015-05-15T06:45:15Z",
    "updated_at": "2015-05-15T08:24:24Z",
    "closed_at": "2015-05-15T08:24:24Z",
    "author_association": "CONTRIBUTOR",
    "pull_request": {
        "url": "https://api.github.com/repos/pallets/flask/pulls/1461",
        "html_url": "https://github.com/pallets/flask/pull/1461",
        "diff_url": "https://github.com/pallets/flask/pull/1461.diff",
        "patch_url": "https://github.com/pallets/flask/pull/1461.patch"
    },
    "body": "minor inconsistency in docs\n",
    "comments_inline": [
        {
            "url": "https://api.github.com/repos/pallets/flask/issues/comments/102315111",
            "html_url": "https://github.com/pallets/flask/pull/1461#issuecomment-102315111",
            "issue_url": "https://api.github.com/repos/pallets/flask/issues/1461",
            "id": 102315111,
            "node_id": "MDEyOklzc3VlQ29tbWVudDEwMjMxNTExMQ==",
            "user": {
                "login": "untitaker",
                "id": 837573,
                "node_id": "MDQ6VXNlcjgzNzU3Mw==",
                "avatar_url": "https://avatars0.githubusercontent.com/u/837573?v=4",
                "gravatar_id": "",
                "url": "https://api.github.com/users/untitaker",
                "html_url": "https://github.com/untitaker",
                "followers_url": "https://api.github.com/users/untitaker/followers",
                "following_url": "https://api.github.com/users/untitaker/following{/other_user}",
                "gists_url": "https://api.github.com/users/untitaker/gists{/gist_id}",
                "starred_url": "https://api.github.com/users/untitaker/starred{/owner}{/repo}",
                "subscriptions_url": "https://api.github.com/users/untitaker/subscriptions",
                "organizations_url": "https://api.github.com/users/untitaker/orgs",
                "repos_url": "https://api.github.com/users/untitaker/repos",
                "events_url": "https://api.github.com/users/untitaker/events{/privacy}",
                "received_events_url": "https://api.github.com/users/untitaker/received_events",
                "type": "User",
                "site_admin": false
            },
            "created_at": "2015-05-15T08:24:22Z",
            "updated_at": "2015-05-15T08:24:22Z",
            "author_association": "MEMBER",
            "body": "Thanks!\n"
        }
    ]
}