{
    "url": "https://api.github.com/repos/pallets/flask/issues/1462",
    "repository_url": "https://api.github.com/repos/pallets/flask",
    "labels_url": "https://api.github.com/repos/pallets/flask/issues/1462/labels{/name}",
    "comments_url": "https://api.github.com/repos/pallets/flask/issues/1462/comments",
    "events_url": "https://api.github.com/repos/pallets/flask/issues/1462/events",
    "html_url": "https://github.com/pallets/flask/pull/1462",
    "id": 78219730,
    "node_id": "MDExOlB1bGxSZXF1ZXN0MzU3NjU1ODM=",
    "number": 1462,
    "title": "fix doc string",
    "user": {
        "login": "ryanwang520",
        "id": 3983408,
        "node_id": "MDQ6VXNlcjM5ODM0MDg=",
        "avatar_url": "https://avatars1.githubusercontent.com/u/3983408?v=4",
        "gravatar_id": "",
        "url": "https://api.github.com/users/ryanwang520",
        "html_url": "https://github.com/ryanwang520",
        "followers_url": "https://api.github.com/users/ryanwang520/followers",
        "following_url": "https://api.github.com/users/ryanwang520/following{/other_user}",
        "gists_url": "https://api.github.com/users/ryanwang520/gists{/gist_id}",
        "starred_url": "https://api.github.com/users/ryanwang520/starred{/owner}{/repo}",
        "subscriptions_url": "https://api.github.com/users/ryanwang520/subscriptions",
        "organizations_url": "https://api.github.com/users/ryanwang520/orgs",
        "repos_url": "https://api.github.com/users/ryanwang520/repos",
        "events_url": "https://api.github.com/users/ryanwang520/events{/privacy}",
        "received_events_url": "https://api.github.com/users/ryanwang520/received_events",
        "type": "User",
        "site_admin": false
    },
    "labels": [],
    "state": "closed",
    "locked": false,
    "assignee": null,
    "assignees": [],
    "milestone": null,
    "comments": 1,
    "created_at": "2015-05-19T19:26:36Z",
    "updated_at": "2015-05-20T12:27:49Z",
    "closed_at": "2015-05-20T12:27:49Z",
    "author_association": "CONTRIBUTOR",
    "pull_request": {
        "url": "https://api.github.com/repos/pallets/flask/pulls/1462",
        "html_url": "https://github.com/pallets/flask/pull/1462",
        "diff_url": "https://github.com/pallets/flask/pull/1462.diff",
        "patch_url": "https://github.com/pallets/flask/pull/1462.patch"
    },
    "body": "the doc string for  `_find_error_handler` is incomplete.\n",
    "comments_inline": [
        {
            "url": "https://api.github.com/repos/pallets/flask/issues/comments/103854243",
            "html_url": "https://github.com/pallets/flask/pull/1462#issuecomment-103854243",
            "issue_url": "https://api.github.com/repos/pallets/flask/issues/1462",
            "id": 103854243,
            "node_id": "MDEyOklzc3VlQ29tbWVudDEwMzg1NDI0Mw==",
            "user": {
                "login": "untitaker",
                "id": 837573,
                "node_id": "MDQ6VXNlcjgzNzU3Mw==",
                "avatar_url": "https://avatars0.githubusercontent.com/u/837573?v=4",
                "gravatar_id": "",
                "url": "https://api.github.com/users/untitaker",
                "html_url": "https://github.com/untitaker",
                "followers_url": "https://api.github.com/users/untitaker/followers",
                "following_url": "https://api.github.com/users/untitaker/following{/other_user}",
                "gists_url": "https://api.github.com/users/untitaker/gists{/gist_id}",
                "starred_url": "https://api.github.com/users/untitaker/starred{/owner}{/repo}",
                "subscriptions_url": "https://api.github.com/users/untitaker/subscriptions",
                "organizations_url": "https://api.github.com/users/untitaker/orgs",
                "repos_url": "https://api.github.com/users/untitaker/repos",
                "events_url": "https://api.github.com/users/untitaker/events{/privacy}",
                "received_events_url": "https://api.github.com/users/untitaker/received_events",
                "type": "User",
                "site_admin": false
            },
            "created_at": "2015-05-20T11:42:43Z",
            "updated_at": "2015-05-20T11:42:43Z",
            "author_association": "MEMBER",
            "body": "I think this phrasing is kind of repetitive, although I know that the current one is not explicitly saying that it falls back. A fix for this could be to replace the last sentence with \"Otherwise falls back to ...\".\n"
        }
    ]
}