{
    "url": "https://api.github.com/repos/pallets/flask/issues/1463",
    "repository_url": "https://api.github.com/repos/pallets/flask",
    "labels_url": "https://api.github.com/repos/pallets/flask/issues/1463/labels{/name}",
    "comments_url": "https://api.github.com/repos/pallets/flask/issues/1463/comments",
    "events_url": "https://api.github.com/repos/pallets/flask/issues/1463/events",
    "html_url": "https://github.com/pallets/flask/pull/1463",
    "id": 78506372,
    "node_id": "MDExOlB1bGxSZXF1ZXN0MzU4MjY1OTg=",
    "number": 1463,
    "title": "fix docstring for _find_errorhandler",
    "user": {
        "login": "ryanwang520",
        "id": 3983408,
        "node_id": "MDQ6VXNlcjM5ODM0MDg=",
        "avatar_url": "https://avatars1.githubusercontent.com/u/3983408?v=4",
        "gravatar_id": "",
        "url": "https://api.github.com/users/ryanwang520",
        "html_url": "https://github.com/ryanwang520",
        "followers_url": "https://api.github.com/users/ryanwang520/followers",
        "following_url": "https://api.github.com/users/ryanwang520/following{/other_user}",
        "gists_url": "https://api.github.com/users/ryanwang520/gists{/gist_id}",
        "starred_url": "https://api.github.com/users/ryanwang520/starred{/owner}{/repo}",
        "subscriptions_url": "https://api.github.com/users/ryanwang520/subscriptions",
        "organizations_url": "https://api.github.com/users/ryanwang520/orgs",
        "repos_url": "https://api.github.com/users/ryanwang520/repos",
        "events_url": "https://api.github.com/users/ryanwang520/events{/privacy}",
        "received_events_url": "https://api.github.com/users/ryanwang520/received_events",
        "type": "User",
        "site_admin": false
    },
    "labels": [],
    "state": "closed",
    "locked": false,
    "assignee": null,
    "assignees": [],
    "milestone": null,
    "comments": 2,
    "created_at": "2015-05-20T12:33:13Z",
    "updated_at": "2015-05-20T13:10:45Z",
    "closed_at": "2015-05-20T12:52:08Z",
    "author_association": "CONTRIBUTOR",
    "pull_request": {
        "url": "https://api.github.com/repos/pallets/flask/pulls/1463",
        "html_url": "https://github.com/pallets/flask/pull/1463",
        "diff_url": "https://github.com/pallets/flask/pull/1463.diff",
        "patch_url": "https://github.com/pallets/flask/pull/1463.patch"
    },
    "body": "Drop  #1462 for this one. Maybe it  is much more clear now.\n",
    "comments_inline": [
        {
            "url": "https://api.github.com/repos/pallets/flask/issues/comments/103873462",
            "html_url": "https://github.com/pallets/flask/pull/1463#issuecomment-103873462",
            "issue_url": "https://api.github.com/repos/pallets/flask/issues/1463",
            "id": 103873462,
            "node_id": "MDEyOklzc3VlQ29tbWVudDEwMzg3MzQ2Mg==",
            "user": {
                "login": "untitaker",
                "id": 837573,
                "node_id": "MDQ6VXNlcjgzNzU3Mw==",
                "avatar_url": "https://avatars0.githubusercontent.com/u/837573?v=4",
                "gravatar_id": "",
                "url": "https://api.github.com/users/untitaker",
                "html_url": "https://github.com/untitaker",
                "followers_url": "https://api.github.com/users/untitaker/followers",
                "following_url": "https://api.github.com/users/untitaker/following{/other_user}",
                "gists_url": "https://api.github.com/users/untitaker/gists{/gist_id}",
                "starred_url": "https://api.github.com/users/untitaker/starred{/owner}{/repo}",
                "subscriptions_url": "https://api.github.com/users/untitaker/subscriptions",
                "organizations_url": "https://api.github.com/users/untitaker/orgs",
                "repos_url": "https://api.github.com/users/untitaker/repos",
                "events_url": "https://api.github.com/users/untitaker/events{/privacy}",
                "received_events_url": "https://api.github.com/users/untitaker/received_events",
                "type": "User",
                "site_admin": false
            },
            "created_at": "2015-05-20T12:51:56Z",
            "updated_at": "2015-05-20T12:52:06Z",
            "author_association": "MEMBER",
            "body": "Excellent, thanks!\n\nBTW you can use `git commit --amend` and `git push -f` to update your current pull request, no need to create a new one.\n"
        },
        {
            "url": "https://api.github.com/repos/pallets/flask/issues/comments/103878290",
            "html_url": "https://github.com/pallets/flask/pull/1463#issuecomment-103878290",
            "issue_url": "https://api.github.com/repos/pallets/flask/issues/1463",
            "id": 103878290,
            "node_id": "MDEyOklzc3VlQ29tbWVudDEwMzg3ODI5MA==",
            "user": {
                "login": "ryanwang520",
                "id": 3983408,
                "node_id": "MDQ6VXNlcjM5ODM0MDg=",
                "avatar_url": "https://avatars1.githubusercontent.com/u/3983408?v=4",
                "gravatar_id": "",
                "url": "https://api.github.com/users/ryanwang520",
                "html_url": "https://github.com/ryanwang520",
                "followers_url": "https://api.github.com/users/ryanwang520/followers",
                "following_url": "https://api.github.com/users/ryanwang520/following{/other_user}",
                "gists_url": "https://api.github.com/users/ryanwang520/gists{/gist_id}",
                "starred_url": "https://api.github.com/users/ryanwang520/starred{/owner}{/repo}",
                "subscriptions_url": "https://api.github.com/users/ryanwang520/subscriptions",
                "organizations_url": "https://api.github.com/users/ryanwang520/orgs",
                "repos_url": "https://api.github.com/users/ryanwang520/repos",
                "events_url": "https://api.github.com/users/ryanwang520/events{/privacy}",
                "received_events_url": "https://api.github.com/users/ryanwang520/received_events",
                "type": "User",
                "site_admin": false
            },
            "created_at": "2015-05-20T13:10:45Z",
            "updated_at": "2015-05-20T13:10:45Z",
            "author_association": "CONTRIBUTOR",
            "body": "Thanks for your advice.\n"
        }
    ]
}