{
    "url": "https://api.github.com/repos/pallets/flask/issues/1464",
    "repository_url": "https://api.github.com/repos/pallets/flask",
    "labels_url": "https://api.github.com/repos/pallets/flask/issues/1464/labels{/name}",
    "comments_url": "https://api.github.com/repos/pallets/flask/issues/1464/comments",
    "events_url": "https://api.github.com/repos/pallets/flask/issues/1464/events",
    "html_url": "https://github.com/pallets/flask/issues/1464",
    "id": 78518163,
    "node_id": "MDU6SXNzdWU3ODUxODE2Mw==",
    "number": 1464,
    "title": "uWSGI / nginx documentation is incorrect",
    "user": {
        "login": "jribbens",
        "id": 350846,
        "node_id": "MDQ6VXNlcjM1MDg0Ng==",
        "avatar_url": "https://avatars2.githubusercontent.com/u/350846?v=4",
        "gravatar_id": "",
        "url": "https://api.github.com/users/jribbens",
        "html_url": "https://github.com/jribbens",
        "followers_url": "https://api.github.com/users/jribbens/followers",
        "following_url": "https://api.github.com/users/jribbens/following{/other_user}",
        "gists_url": "https://api.github.com/users/jribbens/gists{/gist_id}",
        "starred_url": "https://api.github.com/users/jribbens/starred{/owner}{/repo}",
        "subscriptions_url": "https://api.github.com/users/jribbens/subscriptions",
        "organizations_url": "https://api.github.com/users/jribbens/orgs",
        "repos_url": "https://api.github.com/users/jribbens/repos",
        "events_url": "https://api.github.com/users/jribbens/events{/privacy}",
        "received_events_url": "https://api.github.com/users/jribbens/received_events",
        "type": "User",
        "site_admin": false
    },
    "labels": [
        {
            "id": 32876,
            "node_id": "MDU6TGFiZWwzMjg3Ng==",
            "url": "https://api.github.com/repos/pallets/flask/labels/docs",
            "name": "docs",
            "color": "0e8a16",
            "default": false,
            "description": null
        }
    ],
    "state": "closed",
    "locked": false,
    "assignee": {
        "login": "davidism",
        "id": 1242887,
        "node_id": "MDQ6VXNlcjEyNDI4ODc=",
        "avatar_url": "https://avatars1.githubusercontent.com/u/1242887?v=4",
        "gravatar_id": "",
        "url": "https://api.github.com/users/davidism",
        "html_url": "https://github.com/davidism",
        "followers_url": "https://api.github.com/users/davidism/followers",
        "following_url": "https://api.github.com/users/davidism/following{/other_user}",
        "gists_url": "https://api.github.com/users/davidism/gists{/gist_id}",
        "starred_url": "https://api.github.com/users/davidism/starred{/owner}{/repo}",
        "subscriptions_url": "https://api.github.com/users/davidism/subscriptions",
        "organizations_url": "https://api.github.com/users/davidism/orgs",
        "repos_url": "https://api.github.com/users/davidism/repos",
        "events_url": "https://api.github.com/users/davidism/events{/privacy}",
        "received_events_url": "https://api.github.com/users/davidism/received_events",
        "type": "User",
        "site_admin": false
    },
    "assignees": [
        {
            "login": "davidism",
            "id": 1242887,
            "node_id": "MDQ6VXNlcjEyNDI4ODc=",
            "avatar_url": "https://avatars1.githubusercontent.com/u/1242887?v=4",
            "gravatar_id": "",
            "url": "https://api.github.com/users/davidism",
            "html_url": "https://github.com/davidism",
            "followers_url": "https://api.github.com/users/davidism/followers",
            "following_url": "https://api.github.com/users/davidism/following{/other_user}",
            "gists_url": "https://api.github.com/users/davidism/gists{/gist_id}",
            "starred_url": "https://api.github.com/users/davidism/starred{/owner}{/repo}",
            "subscriptions_url": "https://api.github.com/users/davidism/subscriptions",
            "organizations_url": "https://api.github.com/users/davidism/orgs",
            "repos_url": "https://api.github.com/users/davidism/repos",
            "events_url": "https://api.github.com/users/davidism/events{/privacy}",
            "received_events_url": "https://api.github.com/users/davidism/received_events",
            "type": "User",
            "site_admin": false
        }
    ],
    "milestone": {
        "url": "https://api.github.com/repos/pallets/flask/milestones/2",
        "html_url": "https://github.com/pallets/flask/milestone/2",
        "labels_url": "https://api.github.com/repos/pallets/flask/milestones/2/labels",
        "id": 795954,
        "node_id": "MDk6TWlsZXN0b25lNzk1OTU0",
        "number": 2,
        "title": "1.0",
        "description": "",
        "creator": {
            "login": "untitaker",
            "id": 837573,
            "node_id": "MDQ6VXNlcjgzNzU3Mw==",
            "avatar_url": "https://avatars0.githubusercontent.com/u/837573?v=4",
            "gravatar_id": "",
            "url": "https://api.github.com/users/untitaker",
            "html_url": "https://github.com/untitaker",
            "followers_url": "https://api.github.com/users/untitaker/followers",
            "following_url": "https://api.github.com/users/untitaker/following{/other_user}",
            "gists_url": "https://api.github.com/users/untitaker/gists{/gist_id}",
            "starred_url": "https://api.github.com/users/untitaker/starred{/owner}{/repo}",
            "subscriptions_url": "https://api.github.com/users/untitaker/subscriptions",
            "organizations_url": "https://api.github.com/users/untitaker/orgs",
            "repos_url": "https://api.github.com/users/untitaker/repos",
            "events_url": "https://api.github.com/users/untitaker/events{/privacy}",
            "received_events_url": "https://api.github.com/users/untitaker/received_events",
            "type": "User",
            "site_admin": false
        },
        "open_issues": 0,
        "closed_issues": 159,
        "state": "closed",
        "created_at": "2014-09-19T15:47:20Z",
        "updated_at": "2018-04-26T21:07:44Z",
        "due_on": "2018-04-26T07:00:00Z",
        "closed_at": "2018-04-26T21:07:44Z"
    },
    "comments": 5,
    "created_at": "2015-05-20T13:09:01Z",
    "updated_at": "2015-11-12T12:25:26Z",
    "closed_at": "2015-11-12T12:08:56Z",
    "author_association": "NONE",
    "body": "The Flask documentation for how to use it with uWSGI and nginx is incorrect. As the uWSGI docs say at http://uwsgi-docs.readthedocs.org/en/latest/Nginx.html#hosting-multiple-apps-in-the-same-process-aka-managing-script-name-and-path-info, \"ancient uWSGI versions used to support the so called \u201cuwsgi_modifier1 30\u201d approach. Do not do it. it is a really ugly hack\". The documentation should be updated to talk about the `manage-script-name` and `mount` options instead.\n",
    "comments_inline": [
        {
            "url": "https://api.github.com/repos/pallets/flask/issues/comments/156085022",
            "html_url": "https://github.com/pallets/flask/issues/1464#issuecomment-156085022",
            "issue_url": "https://api.github.com/repos/pallets/flask/issues/1464",
            "id": 156085022,
            "node_id": "MDEyOklzc3VlQ29tbWVudDE1NjA4NTAyMg==",
            "user": {
                "login": "jeffwidman",
                "id": 483314,
                "node_id": "MDQ6VXNlcjQ4MzMxNA==",
                "avatar_url": "https://avatars2.githubusercontent.com/u/483314?v=4",
                "gravatar_id": "",
                "url": "https://api.github.com/users/jeffwidman",
                "html_url": "https://github.com/jeffwidman",
                "followers_url": "https://api.github.com/users/jeffwidman/followers",
                "following_url": "https://api.github.com/users/jeffwidman/following{/other_user}",
                "gists_url": "https://api.github.com/users/jeffwidman/gists{/gist_id}",
                "starred_url": "https://api.github.com/users/jeffwidman/starred{/owner}{/repo}",
                "subscriptions_url": "https://api.github.com/users/jeffwidman/subscriptions",
                "organizations_url": "https://api.github.com/users/jeffwidman/orgs",
                "repos_url": "https://api.github.com/users/jeffwidman/repos",
                "events_url": "https://api.github.com/users/jeffwidman/events{/privacy}",
                "received_events_url": "https://api.github.com/users/jeffwidman/received_events",
                "type": "User",
                "site_admin": false
            },
            "created_at": "2015-11-12T11:58:32Z",
            "updated_at": "2015-11-12T11:59:22Z",
            "author_association": "MEMBER",
            "body": "@davidism just in case you didn't see my comment on the PR... I dug into this pretty heavily a few weeks ago--submitted a couple of fixes to the uWSGI docs. The updates in #1558 are solid. Like Flask, uWSGI offers more than one way to do things, so there are alternative configs, but this works and is a lot better than the deprecated methods currently recommended by the Flask docs. I don't see any reason to hold off on merging it. \n"
        },
        {
            "url": "https://api.github.com/repos/pallets/flask/issues/comments/156085456",
            "html_url": "https://github.com/pallets/flask/issues/1464#issuecomment-156085456",
            "issue_url": "https://api.github.com/repos/pallets/flask/issues/1464",
            "id": 156085456,
            "node_id": "MDEyOklzc3VlQ29tbWVudDE1NjA4NTQ1Ng==",
            "user": {
                "login": "mitsuhiko",
                "id": 7396,
                "node_id": "MDQ6VXNlcjczOTY=",
                "avatar_url": "https://avatars1.githubusercontent.com/u/7396?v=4",
                "gravatar_id": "",
                "url": "https://api.github.com/users/mitsuhiko",
                "html_url": "https://github.com/mitsuhiko",
                "followers_url": "https://api.github.com/users/mitsuhiko/followers",
                "following_url": "https://api.github.com/users/mitsuhiko/following{/other_user}",
                "gists_url": "https://api.github.com/users/mitsuhiko/gists{/gist_id}",
                "starred_url": "https://api.github.com/users/mitsuhiko/starred{/owner}{/repo}",
                "subscriptions_url": "https://api.github.com/users/mitsuhiko/subscriptions",
                "organizations_url": "https://api.github.com/users/mitsuhiko/orgs",
                "repos_url": "https://api.github.com/users/mitsuhiko/repos",
                "events_url": "https://api.github.com/users/mitsuhiko/events{/privacy}",
                "received_events_url": "https://api.github.com/users/mitsuhiko/received_events",
                "type": "User",
                "site_admin": false
            },
            "created_at": "2015-11-12T12:00:24Z",
            "updated_at": "2015-11-12T12:00:24Z",
            "author_association": "MEMBER",
            "body": "@jeffwidman just to carify: do you suggest merging #1558?\n"
        },
        {
            "url": "https://api.github.com/repos/pallets/flask/issues/comments/156086877",
            "html_url": "https://github.com/pallets/flask/issues/1464#issuecomment-156086877",
            "issue_url": "https://api.github.com/repos/pallets/flask/issues/1464",
            "id": 156086877,
            "node_id": "MDEyOklzc3VlQ29tbWVudDE1NjA4Njg3Nw==",
            "user": {
                "login": "jeffwidman",
                "id": 483314,
                "node_id": "MDQ6VXNlcjQ4MzMxNA==",
                "avatar_url": "https://avatars2.githubusercontent.com/u/483314?v=4",
                "gravatar_id": "",
                "url": "https://api.github.com/users/jeffwidman",
                "html_url": "https://github.com/jeffwidman",
                "followers_url": "https://api.github.com/users/jeffwidman/followers",
                "following_url": "https://api.github.com/users/jeffwidman/following{/other_user}",
                "gists_url": "https://api.github.com/users/jeffwidman/gists{/gist_id}",
                "starred_url": "https://api.github.com/users/jeffwidman/starred{/owner}{/repo}",
                "subscriptions_url": "https://api.github.com/users/jeffwidman/subscriptions",
                "organizations_url": "https://api.github.com/users/jeffwidman/orgs",
                "repos_url": "https://api.github.com/users/jeffwidman/repos",
                "events_url": "https://api.github.com/users/jeffwidman/events{/privacy}",
                "received_events_url": "https://api.github.com/users/jeffwidman/received_events",
                "type": "User",
                "site_admin": false
            },
            "created_at": "2015-11-12T12:07:15Z",
            "updated_at": "2015-11-12T12:07:15Z",
            "author_association": "MEMBER",
            "body": "Yes\n"
        },
        {
            "url": "https://api.github.com/repos/pallets/flask/issues/comments/156087866",
            "html_url": "https://github.com/pallets/flask/issues/1464#issuecomment-156087866",
            "issue_url": "https://api.github.com/repos/pallets/flask/issues/1464",
            "id": 156087866,
            "node_id": "MDEyOklzc3VlQ29tbWVudDE1NjA4Nzg2Ng==",
            "user": {
                "login": "mitsuhiko",
                "id": 7396,
                "node_id": "MDQ6VXNlcjczOTY=",
                "avatar_url": "https://avatars1.githubusercontent.com/u/7396?v=4",
                "gravatar_id": "",
                "url": "https://api.github.com/users/mitsuhiko",
                "html_url": "https://github.com/mitsuhiko",
                "followers_url": "https://api.github.com/users/mitsuhiko/followers",
                "following_url": "https://api.github.com/users/mitsuhiko/following{/other_user}",
                "gists_url": "https://api.github.com/users/mitsuhiko/gists{/gist_id}",
                "starred_url": "https://api.github.com/users/mitsuhiko/starred{/owner}{/repo}",
                "subscriptions_url": "https://api.github.com/users/mitsuhiko/subscriptions",
                "organizations_url": "https://api.github.com/users/mitsuhiko/orgs",
                "repos_url": "https://api.github.com/users/mitsuhiko/repos",
                "events_url": "https://api.github.com/users/mitsuhiko/events{/privacy}",
                "received_events_url": "https://api.github.com/users/mitsuhiko/received_events",
                "type": "User",
                "site_admin": false
            },
            "created_at": "2015-11-12T12:13:49Z",
            "updated_at": "2015-11-12T12:13:49Z",
            "author_association": "MEMBER",
            "body": "Merged :)\n"
        },
        {
            "url": "https://api.github.com/repos/pallets/flask/issues/comments/156091148",
            "html_url": "https://github.com/pallets/flask/issues/1464#issuecomment-156091148",
            "issue_url": "https://api.github.com/repos/pallets/flask/issues/1464",
            "id": 156091148,
            "node_id": "MDEyOklzc3VlQ29tbWVudDE1NjA5MTE0OA==",
            "user": {
                "login": "jeffwidman",
                "id": 483314,
                "node_id": "MDQ6VXNlcjQ4MzMxNA==",
                "avatar_url": "https://avatars2.githubusercontent.com/u/483314?v=4",
                "gravatar_id": "",
                "url": "https://api.github.com/users/jeffwidman",
                "html_url": "https://github.com/jeffwidman",
                "followers_url": "https://api.github.com/users/jeffwidman/followers",
                "following_url": "https://api.github.com/users/jeffwidman/following{/other_user}",
                "gists_url": "https://api.github.com/users/jeffwidman/gists{/gist_id}",
                "starred_url": "https://api.github.com/users/jeffwidman/starred{/owner}{/repo}",
                "subscriptions_url": "https://api.github.com/users/jeffwidman/subscriptions",
                "organizations_url": "https://api.github.com/users/jeffwidman/orgs",
                "repos_url": "https://api.github.com/users/jeffwidman/repos",
                "events_url": "https://api.github.com/users/jeffwidman/events{/privacy}",
                "received_events_url": "https://api.github.com/users/jeffwidman/received_events",
                "type": "User",
                "site_admin": false
            },
            "created_at": "2015-11-12T12:25:26Z",
            "updated_at": "2015-11-12T12:25:26Z",
            "author_association": "MEMBER",
            "body": ":+1: \n"
        }
    ]
}