{
    "url": "https://api.github.com/repos/pallets/flask/issues/1465",
    "repository_url": "https://api.github.com/repos/pallets/flask",
    "labels_url": "https://api.github.com/repos/pallets/flask/issues/1465/labels{/name}",
    "comments_url": "https://api.github.com/repos/pallets/flask/issues/1465/comments",
    "events_url": "https://api.github.com/repos/pallets/flask/issues/1465/events",
    "html_url": "https://github.com/pallets/flask/issues/1465",
    "id": 78862672,
    "node_id": "MDU6SXNzdWU3ODg2MjY3Mg==",
    "number": 1465,
    "title": "packaging docs outdated",
    "user": {
        "login": "wimglenn",
        "id": 6615374,
        "node_id": "MDQ6VXNlcjY2MTUzNzQ=",
        "avatar_url": "https://avatars1.githubusercontent.com/u/6615374?v=4",
        "gravatar_id": "",
        "url": "https://api.github.com/users/wimglenn",
        "html_url": "https://github.com/wimglenn",
        "followers_url": "https://api.github.com/users/wimglenn/followers",
        "following_url": "https://api.github.com/users/wimglenn/following{/other_user}",
        "gists_url": "https://api.github.com/users/wimglenn/gists{/gist_id}",
        "starred_url": "https://api.github.com/users/wimglenn/starred{/owner}{/repo}",
        "subscriptions_url": "https://api.github.com/users/wimglenn/subscriptions",
        "organizations_url": "https://api.github.com/users/wimglenn/orgs",
        "repos_url": "https://api.github.com/users/wimglenn/repos",
        "events_url": "https://api.github.com/users/wimglenn/events{/privacy}",
        "received_events_url": "https://api.github.com/users/wimglenn/received_events",
        "type": "User",
        "site_admin": false
    },
    "labels": [
        {
            "id": 32876,
            "node_id": "MDU6TGFiZWwzMjg3Ng==",
            "url": "https://api.github.com/repos/pallets/flask/labels/docs",
            "name": "docs",
            "color": "0e8a16",
            "default": false,
            "description": null
        },
        {
            "id": 170296925,
            "node_id": "MDU6TGFiZWwxNzAyOTY5MjU=",
            "url": "https://api.github.com/repos/pallets/flask/labels/good%20first%20issue",
            "name": "good first issue",
            "color": "fbca04",
            "default": true,
            "description": null
        }
    ],
    "state": "closed",
    "locked": false,
    "assignee": null,
    "assignees": [],
    "milestone": null,
    "comments": 6,
    "created_at": "2015-05-21T06:56:12Z",
    "updated_at": "2016-05-03T16:09:36Z",
    "closed_at": "2015-10-31T21:40:34Z",
    "author_association": "CONTRIBUTOR",
    "body": "from here ->  http://flask.pocoo.org/docs/0.10/patterns/distribute/\n\ndistribute has gone the way of the norwegian blue, hence dead link at  http://python-distribute.org/distribute_setup.py  should be cleaned up\n",
    "comments_inline": [
        {
            "url": "https://api.github.com/repos/pallets/flask/issues/comments/127036574",
            "html_url": "https://github.com/pallets/flask/issues/1465#issuecomment-127036574",
            "issue_url": "https://api.github.com/repos/pallets/flask/issues/1465",
            "id": 127036574,
            "node_id": "MDEyOklzc3VlQ29tbWVudDEyNzAzNjU3NA==",
            "user": {
                "login": "keyan",
                "id": 6401746,
                "node_id": "MDQ6VXNlcjY0MDE3NDY=",
                "avatar_url": "https://avatars0.githubusercontent.com/u/6401746?v=4",
                "gravatar_id": "",
                "url": "https://api.github.com/users/keyan",
                "html_url": "https://github.com/keyan",
                "followers_url": "https://api.github.com/users/keyan/followers",
                "following_url": "https://api.github.com/users/keyan/following{/other_user}",
                "gists_url": "https://api.github.com/users/keyan/gists{/gist_id}",
                "starred_url": "https://api.github.com/users/keyan/starred{/owner}{/repo}",
                "subscriptions_url": "https://api.github.com/users/keyan/subscriptions",
                "organizations_url": "https://api.github.com/users/keyan/orgs",
                "repos_url": "https://api.github.com/users/keyan/repos",
                "events_url": "https://api.github.com/users/keyan/events{/privacy}",
                "received_events_url": "https://api.github.com/users/keyan/received_events",
                "type": "User",
                "site_admin": false
            },
            "created_at": "2015-08-02T15:30:05Z",
            "updated_at": "2015-08-02T15:30:05Z",
            "author_association": "MEMBER",
            "body": "Thanks @wimglenn.\n\nTo any new contributors that are interested in fixing this, the relevant file is:\nhttps://github.com/mitsuhiko/flask/blob/master/docs/patterns/distribute.rst\n\nIt may make sense to completely remove this section and adjust any links to it. It seems mostly outdated.\n"
        },
        {
            "url": "https://api.github.com/repos/pallets/flask/issues/comments/129042140",
            "html_url": "https://github.com/pallets/flask/issues/1465#issuecomment-129042140",
            "issue_url": "https://api.github.com/repos/pallets/flask/issues/1465",
            "id": 129042140,
            "node_id": "MDEyOklzc3VlQ29tbWVudDEyOTA0MjE0MA==",
            "user": {
                "login": "thatarchguy",
                "id": 2035462,
                "node_id": "MDQ6VXNlcjIwMzU0NjI=",
                "avatar_url": "https://avatars1.githubusercontent.com/u/2035462?v=4",
                "gravatar_id": "",
                "url": "https://api.github.com/users/thatarchguy",
                "html_url": "https://github.com/thatarchguy",
                "followers_url": "https://api.github.com/users/thatarchguy/followers",
                "following_url": "https://api.github.com/users/thatarchguy/following{/other_user}",
                "gists_url": "https://api.github.com/users/thatarchguy/gists{/gist_id}",
                "starred_url": "https://api.github.com/users/thatarchguy/starred{/owner}{/repo}",
                "subscriptions_url": "https://api.github.com/users/thatarchguy/subscriptions",
                "organizations_url": "https://api.github.com/users/thatarchguy/orgs",
                "repos_url": "https://api.github.com/users/thatarchguy/repos",
                "events_url": "https://api.github.com/users/thatarchguy/events{/privacy}",
                "received_events_url": "https://api.github.com/users/thatarchguy/received_events",
                "type": "User",
                "site_admin": false
            },
            "created_at": "2015-08-08T20:11:59Z",
            "updated_at": "2015-08-08T20:11:59Z",
            "author_association": "NONE",
            "body": "Distribute is deprecated.\nI don't think this warrants deleting the page, since the information is still relevant. \nShould the page be renamed to setuptools and updated accordingly?\n"
        },
        {
            "url": "https://api.github.com/repos/pallets/flask/issues/comments/129114012",
            "html_url": "https://github.com/pallets/flask/issues/1465#issuecomment-129114012",
            "issue_url": "https://api.github.com/repos/pallets/flask/issues/1465",
            "id": 129114012,
            "node_id": "MDEyOklzc3VlQ29tbWVudDEyOTExNDAxMg==",
            "user": {
                "login": "keyan",
                "id": 6401746,
                "node_id": "MDQ6VXNlcjY0MDE3NDY=",
                "avatar_url": "https://avatars0.githubusercontent.com/u/6401746?v=4",
                "gravatar_id": "",
                "url": "https://api.github.com/users/keyan",
                "html_url": "https://github.com/keyan",
                "followers_url": "https://api.github.com/users/keyan/followers",
                "following_url": "https://api.github.com/users/keyan/following{/other_user}",
                "gists_url": "https://api.github.com/users/keyan/gists{/gist_id}",
                "starred_url": "https://api.github.com/users/keyan/starred{/owner}{/repo}",
                "subscriptions_url": "https://api.github.com/users/keyan/subscriptions",
                "organizations_url": "https://api.github.com/users/keyan/orgs",
                "repos_url": "https://api.github.com/users/keyan/repos",
                "events_url": "https://api.github.com/users/keyan/events{/privacy}",
                "received_events_url": "https://api.github.com/users/keyan/received_events",
                "type": "User",
                "site_admin": false
            },
            "created_at": "2015-08-09T05:00:40Z",
            "updated_at": "2015-08-09T05:00:40Z",
            "author_association": "MEMBER",
            "body": "@thatarchguy, I disagree. The old docs will exist if anyone would like to look at them later, this page has information that should not be used. Renaming/updating is akin to making a new page for setuptools, the two tasks can probably be done in separate PRs.\n"
        },
        {
            "url": "https://api.github.com/repos/pallets/flask/issues/comments/129126224",
            "html_url": "https://github.com/pallets/flask/issues/1465#issuecomment-129126224",
            "issue_url": "https://api.github.com/repos/pallets/flask/issues/1465",
            "id": 129126224,
            "node_id": "MDEyOklzc3VlQ29tbWVudDEyOTEyNjIyNA==",
            "user": {
                "login": "RonnyPfannschmidt",
                "id": 156838,
                "node_id": "MDQ6VXNlcjE1NjgzOA==",
                "avatar_url": "https://avatars1.githubusercontent.com/u/156838?v=4",
                "gravatar_id": "",
                "url": "https://api.github.com/users/RonnyPfannschmidt",
                "html_url": "https://github.com/RonnyPfannschmidt",
                "followers_url": "https://api.github.com/users/RonnyPfannschmidt/followers",
                "following_url": "https://api.github.com/users/RonnyPfannschmidt/following{/other_user}",
                "gists_url": "https://api.github.com/users/RonnyPfannschmidt/gists{/gist_id}",
                "starred_url": "https://api.github.com/users/RonnyPfannschmidt/starred{/owner}{/repo}",
                "subscriptions_url": "https://api.github.com/users/RonnyPfannschmidt/subscriptions",
                "organizations_url": "https://api.github.com/users/RonnyPfannschmidt/orgs",
                "repos_url": "https://api.github.com/users/RonnyPfannschmidt/repos",
                "events_url": "https://api.github.com/users/RonnyPfannschmidt/events{/privacy}",
                "received_events_url": "https://api.github.com/users/RonnyPfannschmidt/received_events",
                "type": "User",
                "site_admin": false
            },
            "created_at": "2015-08-09T05:50:03Z",
            "updated_at": "2015-08-09T05:50:03Z",
            "author_association": "CONTRIBUTOR",
            "body": "the information is mostly the same, rename and word replace seems to be the least effect to go from bad back to good\n"
        },
        {
            "url": "https://api.github.com/repos/pallets/flask/issues/comments/152774935",
            "html_url": "https://github.com/pallets/flask/issues/1465#issuecomment-152774935",
            "issue_url": "https://api.github.com/repos/pallets/flask/issues/1465",
            "id": 152774935,
            "node_id": "MDEyOklzc3VlQ29tbWVudDE1Mjc3NDkzNQ==",
            "user": {
                "login": "davidism",
                "id": 1242887,
                "node_id": "MDQ6VXNlcjEyNDI4ODc=",
                "avatar_url": "https://avatars1.githubusercontent.com/u/1242887?v=4",
                "gravatar_id": "",
                "url": "https://api.github.com/users/davidism",
                "html_url": "https://github.com/davidism",
                "followers_url": "https://api.github.com/users/davidism/followers",
                "following_url": "https://api.github.com/users/davidism/following{/other_user}",
                "gists_url": "https://api.github.com/users/davidism/gists{/gist_id}",
                "starred_url": "https://api.github.com/users/davidism/starred{/owner}{/repo}",
                "subscriptions_url": "https://api.github.com/users/davidism/subscriptions",
                "organizations_url": "https://api.github.com/users/davidism/orgs",
                "repos_url": "https://api.github.com/users/davidism/repos",
                "events_url": "https://api.github.com/users/davidism/events{/privacy}",
                "received_events_url": "https://api.github.com/users/davidism/received_events",
                "type": "User",
                "site_admin": false
            },
            "created_at": "2015-10-31T21:40:34Z",
            "updated_at": "2015-10-31T21:40:34Z",
            "author_association": "MEMBER",
            "body": "move discussion to pull request #1588\n"
        },
        {
            "url": "https://api.github.com/repos/pallets/flask/issues/comments/216579334",
            "html_url": "https://github.com/pallets/flask/issues/1465#issuecomment-216579334",
            "issue_url": "https://api.github.com/repos/pallets/flask/issues/1465",
            "id": 216579334,
            "node_id": "MDEyOklzc3VlQ29tbWVudDIxNjU3OTMzNA==",
            "user": {
                "login": "cgoldberg",
                "id": 1113081,
                "node_id": "MDQ6VXNlcjExMTMwODE=",
                "avatar_url": "https://avatars0.githubusercontent.com/u/1113081?v=4",
                "gravatar_id": "",
                "url": "https://api.github.com/users/cgoldberg",
                "html_url": "https://github.com/cgoldberg",
                "followers_url": "https://api.github.com/users/cgoldberg/followers",
                "following_url": "https://api.github.com/users/cgoldberg/following{/other_user}",
                "gists_url": "https://api.github.com/users/cgoldberg/gists{/gist_id}",
                "starred_url": "https://api.github.com/users/cgoldberg/starred{/owner}{/repo}",
                "subscriptions_url": "https://api.github.com/users/cgoldberg/subscriptions",
                "organizations_url": "https://api.github.com/users/cgoldberg/orgs",
                "repos_url": "https://api.github.com/users/cgoldberg/repos",
                "events_url": "https://api.github.com/users/cgoldberg/events{/privacy}",
                "received_events_url": "https://api.github.com/users/cgoldberg/received_events",
                "type": "User",
                "site_admin": false
            },
            "created_at": "2016-05-03T16:09:36Z",
            "updated_at": "2016-05-03T16:09:36Z",
            "author_association": "CONTRIBUTOR",
            "body": "just submitted PR #1795 to finish fixing this (#1588 left some references to Distribute)\n"
        }
    ]
}