{
    "url": "https://api.github.com/repos/pallets/flask/issues/1472",
    "repository_url": "https://api.github.com/repos/pallets/flask",
    "labels_url": "https://api.github.com/repos/pallets/flask/issues/1472/labels{/name}",
    "comments_url": "https://api.github.com/repos/pallets/flask/issues/1472/comments",
    "events_url": "https://api.github.com/repos/pallets/flask/issues/1472/events",
    "html_url": "https://github.com/pallets/flask/pull/1472",
    "id": 80492850,
    "node_id": "MDExOlB1bGxSZXF1ZXN0MzYxMzE5MzE=",
    "number": 1472,
    "title": "Add a method to register multiple blueprints at once.",
    "user": {
        "login": "sinwoobang",
        "id": 6701124,
        "node_id": "MDQ6VXNlcjY3MDExMjQ=",
        "avatar_url": "https://avatars0.githubusercontent.com/u/6701124?v=4",
        "gravatar_id": "",
        "url": "https://api.github.com/users/sinwoobang",
        "html_url": "https://github.com/sinwoobang",
        "followers_url": "https://api.github.com/users/sinwoobang/followers",
        "following_url": "https://api.github.com/users/sinwoobang/following{/other_user}",
        "gists_url": "https://api.github.com/users/sinwoobang/gists{/gist_id}",
        "starred_url": "https://api.github.com/users/sinwoobang/starred{/owner}{/repo}",
        "subscriptions_url": "https://api.github.com/users/sinwoobang/subscriptions",
        "organizations_url": "https://api.github.com/users/sinwoobang/orgs",
        "repos_url": "https://api.github.com/users/sinwoobang/repos",
        "events_url": "https://api.github.com/users/sinwoobang/events{/privacy}",
        "received_events_url": "https://api.github.com/users/sinwoobang/received_events",
        "type": "User",
        "site_admin": false
    },
    "labels": [],
    "state": "closed",
    "locked": false,
    "assignee": null,
    "assignees": [],
    "milestone": null,
    "comments": 3,
    "created_at": "2015-05-25T10:48:17Z",
    "updated_at": "2015-05-25T15:09:49Z",
    "closed_at": "2015-05-25T15:09:49Z",
    "author_association": "NONE",
    "pull_request": {
        "url": "https://api.github.com/repos/pallets/flask/pulls/1472",
        "html_url": "https://github.com/pallets/flask/pull/1472",
        "diff_url": "https://github.com/pallets/flask/pull/1472.diff",
        "patch_url": "https://github.com/pallets/flask/pull/1472.patch"
    },
    "body": "Hi, I added a method to register multiple blueprints.\n#### Example\n\n``` python\napp.register_blueprints([a_blueprint, b_blueprint, c_blueprint])\n```\n\nThanks.\n",
    "comments_inline": [
        {
            "url": "https://api.github.com/repos/pallets/flask/issues/comments/105207478",
            "html_url": "https://github.com/pallets/flask/pull/1472#issuecomment-105207478",
            "issue_url": "https://api.github.com/repos/pallets/flask/issues/1472",
            "id": 105207478,
            "node_id": "MDEyOklzc3VlQ29tbWVudDEwNTIwNzQ3OA==",
            "user": {
                "login": "ThiefMaster",
                "id": 179599,
                "node_id": "MDQ6VXNlcjE3OTU5OQ==",
                "avatar_url": "https://avatars1.githubusercontent.com/u/179599?v=4",
                "gravatar_id": "",
                "url": "https://api.github.com/users/ThiefMaster",
                "html_url": "https://github.com/ThiefMaster",
                "followers_url": "https://api.github.com/users/ThiefMaster/followers",
                "following_url": "https://api.github.com/users/ThiefMaster/following{/other_user}",
                "gists_url": "https://api.github.com/users/ThiefMaster/gists{/gist_id}",
                "starred_url": "https://api.github.com/users/ThiefMaster/starred{/owner}{/repo}",
                "subscriptions_url": "https://api.github.com/users/ThiefMaster/subscriptions",
                "organizations_url": "https://api.github.com/users/ThiefMaster/orgs",
                "repos_url": "https://api.github.com/users/ThiefMaster/repos",
                "events_url": "https://api.github.com/users/ThiefMaster/events{/privacy}",
                "received_events_url": "https://api.github.com/users/ThiefMaster/received_events",
                "type": "User",
                "site_admin": false
            },
            "created_at": "2015-05-25T11:03:52Z",
            "updated_at": "2015-05-25T11:04:55Z",
            "author_association": "MEMBER",
            "body": "What's the benefit of having this method? It saves you exactly one line of code in your application and you lose the ability so specify options...\n"
        },
        {
            "url": "https://api.github.com/repos/pallets/flask/issues/comments/105224272",
            "html_url": "https://github.com/pallets/flask/pull/1472#issuecomment-105224272",
            "issue_url": "https://api.github.com/repos/pallets/flask/issues/1472",
            "id": 105224272,
            "node_id": "MDEyOklzc3VlQ29tbWVudDEwNTIyNDI3Mg==",
            "user": {
                "login": "sinwoobang",
                "id": 6701124,
                "node_id": "MDQ6VXNlcjY3MDExMjQ=",
                "avatar_url": "https://avatars0.githubusercontent.com/u/6701124?v=4",
                "gravatar_id": "",
                "url": "https://api.github.com/users/sinwoobang",
                "html_url": "https://github.com/sinwoobang",
                "followers_url": "https://api.github.com/users/sinwoobang/followers",
                "following_url": "https://api.github.com/users/sinwoobang/following{/other_user}",
                "gists_url": "https://api.github.com/users/sinwoobang/gists{/gist_id}",
                "starred_url": "https://api.github.com/users/sinwoobang/starred{/owner}{/repo}",
                "subscriptions_url": "https://api.github.com/users/sinwoobang/subscriptions",
                "organizations_url": "https://api.github.com/users/sinwoobang/orgs",
                "repos_url": "https://api.github.com/users/sinwoobang/repos",
                "events_url": "https://api.github.com/users/sinwoobang/events{/privacy}",
                "received_events_url": "https://api.github.com/users/sinwoobang/received_events",
                "type": "User",
                "site_admin": false
            },
            "created_at": "2015-05-25T12:21:34Z",
            "updated_at": "2015-05-25T12:32:33Z",
            "author_association": "NONE",
            "body": "@ThiefMaster \nYes, you're right.\nIt just reduce the small amount of code.\n\nBut, I wanted to reduce the repetition of register_blueprint method even a little.\nThe larger the project, I had to be often used to duplicate the function.\n\nAnd, What is the option you are talking about?\nIf you have said the url_prefix option, It can be possible to be replaced with Blueprint class option.\n\nSorry, I'm not fluent in English.\nI tried to politely as possible.\nPlease comment me more if you have a question.\n\nThanks.\n"
        },
        {
            "url": "https://api.github.com/repos/pallets/flask/issues/comments/105249382",
            "html_url": "https://github.com/pallets/flask/pull/1472#issuecomment-105249382",
            "issue_url": "https://api.github.com/repos/pallets/flask/issues/1472",
            "id": 105249382,
            "node_id": "MDEyOklzc3VlQ29tbWVudDEwNTI0OTM4Mg==",
            "user": {
                "login": "untitaker",
                "id": 837573,
                "node_id": "MDQ6VXNlcjgzNzU3Mw==",
                "avatar_url": "https://avatars0.githubusercontent.com/u/837573?v=4",
                "gravatar_id": "",
                "url": "https://api.github.com/users/untitaker",
                "html_url": "https://github.com/untitaker",
                "followers_url": "https://api.github.com/users/untitaker/followers",
                "following_url": "https://api.github.com/users/untitaker/following{/other_user}",
                "gists_url": "https://api.github.com/users/untitaker/gists{/gist_id}",
                "starred_url": "https://api.github.com/users/untitaker/starred{/owner}{/repo}",
                "subscriptions_url": "https://api.github.com/users/untitaker/subscriptions",
                "organizations_url": "https://api.github.com/users/untitaker/orgs",
                "repos_url": "https://api.github.com/users/untitaker/repos",
                "events_url": "https://api.github.com/users/untitaker/events{/privacy}",
                "received_events_url": "https://api.github.com/users/untitaker/received_events",
                "type": "User",
                "site_admin": false
            },
            "created_at": "2015-05-25T15:09:49Z",
            "updated_at": "2015-05-25T15:09:49Z",
            "author_association": "MEMBER",
            "body": "Sorry, I don't think this change should be included in Flask. It might seem \"convenient\" at first, but all it really does is enlargen the API and increase the amount of things to learn when looking at Flask code without knowing Flask itself.\n\n> Sorry, I'm not fluent in English.\n> I tried to politely as possible.\n\nYou did not come across as impolite in any way!\n"
        }
    ]
}