{
    "url": "https://api.github.com/repos/pallets/flask/issues/1474",
    "repository_url": "https://api.github.com/repos/pallets/flask",
    "labels_url": "https://api.github.com/repos/pallets/flask/issues/1474/labels{/name}",
    "comments_url": "https://api.github.com/repos/pallets/flask/issues/1474/comments",
    "events_url": "https://api.github.com/repos/pallets/flask/issues/1474/events",
    "html_url": "https://github.com/pallets/flask/issues/1474",
    "id": 82619104,
    "node_id": "MDU6SXNzdWU4MjYxOTEwNA==",
    "number": 1474,
    "title": "Add flask laptop decals sale link to the website",
    "user": {
        "login": "mnickey",
        "id": 583599,
        "node_id": "MDQ6VXNlcjU4MzU5OQ==",
        "avatar_url": "https://avatars2.githubusercontent.com/u/583599?v=4",
        "gravatar_id": "",
        "url": "https://api.github.com/users/mnickey",
        "html_url": "https://github.com/mnickey",
        "followers_url": "https://api.github.com/users/mnickey/followers",
        "following_url": "https://api.github.com/users/mnickey/following{/other_user}",
        "gists_url": "https://api.github.com/users/mnickey/gists{/gist_id}",
        "starred_url": "https://api.github.com/users/mnickey/starred{/owner}{/repo}",
        "subscriptions_url": "https://api.github.com/users/mnickey/subscriptions",
        "organizations_url": "https://api.github.com/users/mnickey/orgs",
        "repos_url": "https://api.github.com/users/mnickey/repos",
        "events_url": "https://api.github.com/users/mnickey/events{/privacy}",
        "received_events_url": "https://api.github.com/users/mnickey/received_events",
        "type": "User",
        "site_admin": false
    },
    "labels": [],
    "state": "closed",
    "locked": false,
    "assignee": null,
    "assignees": [],
    "milestone": null,
    "comments": 4,
    "created_at": "2015-05-29T22:54:27Z",
    "updated_at": "2016-01-26T19:10:26Z",
    "closed_at": "2016-01-26T19:10:26Z",
    "author_association": "NONE",
    "body": "This is neither a bug or issue but a request.\nWhere can I find laptop decals for flask? I'm loving this framework and would like to promote it with a laptop decal or sticker but I cannot find any.   \n\nCan we make this happen? Stickermule was suggested on reddit but I think this should be held in flask 'store' should this come about. \n",
    "comments_inline": [
        {
            "url": "https://api.github.com/repos/pallets/flask/issues/comments/108493731",
            "html_url": "https://github.com/pallets/flask/issues/1474#issuecomment-108493731",
            "issue_url": "https://api.github.com/repos/pallets/flask/issues/1474",
            "id": 108493731,
            "node_id": "MDEyOklzc3VlQ29tbWVudDEwODQ5MzczMQ==",
            "user": {
                "login": "untitaker",
                "id": 837573,
                "node_id": "MDQ6VXNlcjgzNzU3Mw==",
                "avatar_url": "https://avatars0.githubusercontent.com/u/837573?v=4",
                "gravatar_id": "",
                "url": "https://api.github.com/users/untitaker",
                "html_url": "https://github.com/untitaker",
                "followers_url": "https://api.github.com/users/untitaker/followers",
                "following_url": "https://api.github.com/users/untitaker/following{/other_user}",
                "gists_url": "https://api.github.com/users/untitaker/gists{/gist_id}",
                "starred_url": "https://api.github.com/users/untitaker/starred{/owner}{/repo}",
                "subscriptions_url": "https://api.github.com/users/untitaker/subscriptions",
                "organizations_url": "https://api.github.com/users/untitaker/orgs",
                "repos_url": "https://api.github.com/users/untitaker/repos",
                "events_url": "https://api.github.com/users/untitaker/events{/privacy}",
                "received_events_url": "https://api.github.com/users/untitaker/received_events",
                "type": "User",
                "site_admin": false
            },
            "created_at": "2015-06-03T15:50:05Z",
            "updated_at": "2015-06-03T15:50:05Z",
            "author_association": "MEMBER",
            "body": "The Flask store is powered by Spreadshirt, who seem to sell pretty much anything but stickers... given that, I think Stickermule would be a good idea.\n\nFWIW I don't think anything of this has to be official merchandise, a third-party might sell it as well.\n"
        },
        {
            "url": "https://api.github.com/repos/pallets/flask/issues/comments/115205435",
            "html_url": "https://github.com/pallets/flask/issues/1474#issuecomment-115205435",
            "issue_url": "https://api.github.com/repos/pallets/flask/issues/1474",
            "id": 115205435,
            "node_id": "MDEyOklzc3VlQ29tbWVudDExNTIwNTQzNQ==",
            "user": {
                "login": "nickjj",
                "id": 813219,
                "node_id": "MDQ6VXNlcjgxMzIxOQ==",
                "avatar_url": "https://avatars2.githubusercontent.com/u/813219?v=4",
                "gravatar_id": "",
                "url": "https://api.github.com/users/nickjj",
                "html_url": "https://github.com/nickjj",
                "followers_url": "https://api.github.com/users/nickjj/followers",
                "following_url": "https://api.github.com/users/nickjj/following{/other_user}",
                "gists_url": "https://api.github.com/users/nickjj/gists{/gist_id}",
                "starred_url": "https://api.github.com/users/nickjj/starred{/owner}{/repo}",
                "subscriptions_url": "https://api.github.com/users/nickjj/subscriptions",
                "organizations_url": "https://api.github.com/users/nickjj/orgs",
                "repos_url": "https://api.github.com/users/nickjj/repos",
                "events_url": "https://api.github.com/users/nickjj/events{/privacy}",
                "received_events_url": "https://api.github.com/users/nickjj/received_events",
                "type": "User",
                "site_admin": false
            },
            "created_at": "2015-06-25T10:36:11Z",
            "updated_at": "2015-06-25T10:41:39Z",
            "author_association": "CONTRIBUTOR",
            "body": "I spoke with Armin about this the other day. They are up for sale on Stickermule:\nhttps://www.stickermule.com/marketplace/6037-flask-web-framework\n\nHere's a few real life shots of them to get an idea of the scale:\nhttps://pbs.twimg.com/media/CIEN_YDUwAAWr-V.jpg:large\nhttps://pbs.twimg.com/media/CIEOYC-UcAA871K.jpg:large\n"
        },
        {
            "url": "https://api.github.com/repos/pallets/flask/issues/comments/117215210",
            "html_url": "https://github.com/pallets/flask/issues/1474#issuecomment-117215210",
            "issue_url": "https://api.github.com/repos/pallets/flask/issues/1474",
            "id": 117215210,
            "node_id": "MDEyOklzc3VlQ29tbWVudDExNzIxNTIxMA==",
            "user": {
                "login": "untitaker",
                "id": 837573,
                "node_id": "MDQ6VXNlcjgzNzU3Mw==",
                "avatar_url": "https://avatars0.githubusercontent.com/u/837573?v=4",
                "gravatar_id": "",
                "url": "https://api.github.com/users/untitaker",
                "html_url": "https://github.com/untitaker",
                "followers_url": "https://api.github.com/users/untitaker/followers",
                "following_url": "https://api.github.com/users/untitaker/following{/other_user}",
                "gists_url": "https://api.github.com/users/untitaker/gists{/gist_id}",
                "starred_url": "https://api.github.com/users/untitaker/starred{/owner}{/repo}",
                "subscriptions_url": "https://api.github.com/users/untitaker/subscriptions",
                "organizations_url": "https://api.github.com/users/untitaker/orgs",
                "repos_url": "https://api.github.com/users/untitaker/repos",
                "events_url": "https://api.github.com/users/untitaker/events{/privacy}",
                "received_events_url": "https://api.github.com/users/untitaker/received_events",
                "type": "User",
                "site_admin": false
            },
            "created_at": "2015-06-30T14:51:44Z",
            "updated_at": "2015-06-30T14:51:44Z",
            "author_association": "MEMBER",
            "body": "Nice! We should put those on the website.\n"
        },
        {
            "url": "https://api.github.com/repos/pallets/flask/issues/comments/175182814",
            "html_url": "https://github.com/pallets/flask/issues/1474#issuecomment-175182814",
            "issue_url": "https://api.github.com/repos/pallets/flask/issues/1474",
            "id": 175182814,
            "node_id": "MDEyOklzc3VlQ29tbWVudDE3NTE4MjgxNA==",
            "user": {
                "login": "davidism",
                "id": 1242887,
                "node_id": "MDQ6VXNlcjEyNDI4ODc=",
                "avatar_url": "https://avatars1.githubusercontent.com/u/1242887?v=4",
                "gravatar_id": "",
                "url": "https://api.github.com/users/davidism",
                "html_url": "https://github.com/davidism",
                "followers_url": "https://api.github.com/users/davidism/followers",
                "following_url": "https://api.github.com/users/davidism/following{/other_user}",
                "gists_url": "https://api.github.com/users/davidism/gists{/gist_id}",
                "starred_url": "https://api.github.com/users/davidism/starred{/owner}{/repo}",
                "subscriptions_url": "https://api.github.com/users/davidism/subscriptions",
                "organizations_url": "https://api.github.com/users/davidism/orgs",
                "repos_url": "https://api.github.com/users/davidism/repos",
                "events_url": "https://api.github.com/users/davidism/events{/privacy}",
                "received_events_url": "https://api.github.com/users/davidism/received_events",
                "type": "User",
                "site_admin": false
            },
            "created_at": "2016-01-26T19:10:26Z",
            "updated_at": "2016-01-26T19:10:26Z",
            "author_association": "MEMBER",
            "body": "Cool, I'll take some with me to PyCon this year.  Added in mitsuhiko/flask-website@f344f0857fa0bcc7d8c63d0c186f82abd0e83712, although I'm not sure when that will go live.\n"
        }
    ]
}