{
    "url": "https://api.github.com/repos/pallets/flask/issues/1475",
    "repository_url": "https://api.github.com/repos/pallets/flask",
    "labels_url": "https://api.github.com/repos/pallets/flask/issues/1475/labels{/name}",
    "comments_url": "https://api.github.com/repos/pallets/flask/issues/1475/comments",
    "events_url": "https://api.github.com/repos/pallets/flask/issues/1475/events",
    "html_url": "https://github.com/pallets/flask/pull/1475",
    "id": 82810996,
    "node_id": "MDExOlB1bGxSZXF1ZXN0MzY1NjUzOTk=",
    "number": 1475,
    "title": "Minor flask/json.py documentation change",
    "user": {
        "login": "igncp",
        "id": 5245900,
        "node_id": "MDQ6VXNlcjUyNDU5MDA=",
        "avatar_url": "https://avatars3.githubusercontent.com/u/5245900?v=4",
        "gravatar_id": "",
        "url": "https://api.github.com/users/igncp",
        "html_url": "https://github.com/igncp",
        "followers_url": "https://api.github.com/users/igncp/followers",
        "following_url": "https://api.github.com/users/igncp/following{/other_user}",
        "gists_url": "https://api.github.com/users/igncp/gists{/gist_id}",
        "starred_url": "https://api.github.com/users/igncp/starred{/owner}{/repo}",
        "subscriptions_url": "https://api.github.com/users/igncp/subscriptions",
        "organizations_url": "https://api.github.com/users/igncp/orgs",
        "repos_url": "https://api.github.com/users/igncp/repos",
        "events_url": "https://api.github.com/users/igncp/events{/privacy}",
        "received_events_url": "https://api.github.com/users/igncp/received_events",
        "type": "User",
        "site_admin": false
    },
    "labels": [],
    "state": "closed",
    "locked": false,
    "assignee": null,
    "assignees": [],
    "milestone": null,
    "comments": 0,
    "created_at": "2015-05-30T13:16:16Z",
    "updated_at": "2015-05-30T14:50:15Z",
    "closed_at": "2015-05-30T14:50:15Z",
    "author_association": "NONE",
    "pull_request": {
        "url": "https://api.github.com/repos/pallets/flask/pulls/1475",
        "html_url": "https://github.com/pallets/flask/pull/1475",
        "diff_url": "https://github.com/pallets/flask/pull/1475.diff",
        "patch_url": "https://github.com/pallets/flask/pull/1475.patch"
    },
    "body": "Minor docummentation change\n"
}