{
    "url": "https://api.github.com/repos/pallets/flask/issues/148",
    "repository_url": "https://api.github.com/repos/pallets/flask",
    "labels_url": "https://api.github.com/repos/pallets/flask/issues/148/labels{/name}",
    "comments_url": "https://api.github.com/repos/pallets/flask/issues/148/comments",
    "events_url": "https://api.github.com/repos/pallets/flask/issues/148/events",
    "html_url": "https://github.com/pallets/flask/issues/148",
    "id": 454487,
    "node_id": "MDU6SXNzdWU0NTQ0ODc=",
    "number": 148,
    "title": "Allow custom TestClient",
    "user": {
        "login": "danjac",
        "id": 249779,
        "node_id": "MDQ6VXNlcjI0OTc3OQ==",
        "avatar_url": "https://avatars2.githubusercontent.com/u/249779?v=4",
        "gravatar_id": "",
        "url": "https://api.github.com/users/danjac",
        "html_url": "https://github.com/danjac",
        "followers_url": "https://api.github.com/users/danjac/followers",
        "following_url": "https://api.github.com/users/danjac/following{/other_user}",
        "gists_url": "https://api.github.com/users/danjac/gists{/gist_id}",
        "starred_url": "https://api.github.com/users/danjac/starred{/owner}{/repo}",
        "subscriptions_url": "https://api.github.com/users/danjac/subscriptions",
        "organizations_url": "https://api.github.com/users/danjac/orgs",
        "repos_url": "https://api.github.com/users/danjac/repos",
        "events_url": "https://api.github.com/users/danjac/events{/privacy}",
        "received_events_url": "https://api.github.com/users/danjac/received_events",
        "type": "User",
        "site_admin": false
    },
    "labels": [],
    "state": "closed",
    "locked": false,
    "assignee": null,
    "assignees": [],
    "milestone": null,
    "comments": 2,
    "created_at": "2010-12-03T18:42:28Z",
    "updated_at": "2010-12-06T10:12:53Z",
    "closed_at": "2010-12-06T10:16:20Z",
    "author_association": "NONE",
    "body": "It would be useful to make the test client class an overridable property (as is currently the case with response_class).\n\nIt would then be possible to insert a custom TestClient class with additional methods (for example, a \"login\" method) in unit tests.\n\nFor example:\n\n```\napp.test_client_class = MyCustomClient\nclient = app.test_client() \n```\n",
    "comments_inline": [
        {
            "url": "https://api.github.com/repos/pallets/flask/issues/comments/590508",
            "html_url": "https://github.com/pallets/flask/issues/148#issuecomment-590508",
            "issue_url": "https://api.github.com/repos/pallets/flask/issues/148",
            "id": 590508,
            "node_id": "MDEyOklzc3VlQ29tbWVudDU5MDUwOA==",
            "user": {
                "login": "mitsuhiko",
                "id": 7396,
                "node_id": "MDQ6VXNlcjczOTY=",
                "avatar_url": "https://avatars1.githubusercontent.com/u/7396?v=4",
                "gravatar_id": "",
                "url": "https://api.github.com/users/mitsuhiko",
                "html_url": "https://github.com/mitsuhiko",
                "followers_url": "https://api.github.com/users/mitsuhiko/followers",
                "following_url": "https://api.github.com/users/mitsuhiko/following{/other_user}",
                "gists_url": "https://api.github.com/users/mitsuhiko/gists{/gist_id}",
                "starred_url": "https://api.github.com/users/mitsuhiko/starred{/owner}{/repo}",
                "subscriptions_url": "https://api.github.com/users/mitsuhiko/subscriptions",
                "organizations_url": "https://api.github.com/users/mitsuhiko/orgs",
                "repos_url": "https://api.github.com/users/mitsuhiko/repos",
                "events_url": "https://api.github.com/users/mitsuhiko/events{/privacy}",
                "received_events_url": "https://api.github.com/users/mitsuhiko/received_events",
                "type": "User",
                "site_admin": false
            },
            "created_at": "2010-12-06T02:16:20Z",
            "updated_at": "2010-12-06T02:16:20Z",
            "author_association": "MEMBER",
            "body": "Added the ability to override the test client&#39;s class.  This closed by 4b65c7ed5a31d56e194817231eb88e1083ba285d\n"
        },
        {
            "url": "https://api.github.com/repos/pallets/flask/issues/comments/591010",
            "html_url": "https://github.com/pallets/flask/issues/148#issuecomment-591010",
            "issue_url": "https://api.github.com/repos/pallets/flask/issues/148",
            "id": 591010,
            "node_id": "MDEyOklzc3VlQ29tbWVudDU5MTAxMA==",
            "user": {
                "login": "danjac",
                "id": 249779,
                "node_id": "MDQ6VXNlcjI0OTc3OQ==",
                "avatar_url": "https://avatars2.githubusercontent.com/u/249779?v=4",
                "gravatar_id": "",
                "url": "https://api.github.com/users/danjac",
                "html_url": "https://github.com/danjac",
                "followers_url": "https://api.github.com/users/danjac/followers",
                "following_url": "https://api.github.com/users/danjac/following{/other_user}",
                "gists_url": "https://api.github.com/users/danjac/gists{/gist_id}",
                "starred_url": "https://api.github.com/users/danjac/starred{/owner}{/repo}",
                "subscriptions_url": "https://api.github.com/users/danjac/subscriptions",
                "organizations_url": "https://api.github.com/users/danjac/orgs",
                "repos_url": "https://api.github.com/users/danjac/repos",
                "events_url": "https://api.github.com/users/danjac/events{/privacy}",
                "received_events_url": "https://api.github.com/users/danjac/received_events",
                "type": "User",
                "site_admin": false
            },
            "created_at": "2010-12-06T10:12:53Z",
            "updated_at": "2010-12-06T10:12:53Z",
            "author_association": "NONE",
            "body": "Perfect, thanks.\n"
        }
    ]
}