{
    "url": "https://api.github.com/repos/pallets/flask/issues/1481",
    "repository_url": "https://api.github.com/repos/pallets/flask",
    "labels_url": "https://api.github.com/repos/pallets/flask/issues/1481/labels{/name}",
    "comments_url": "https://api.github.com/repos/pallets/flask/issues/1481/comments",
    "events_url": "https://api.github.com/repos/pallets/flask/issues/1481/events",
    "html_url": "https://github.com/pallets/flask/issues/1481",
    "id": 85665901,
    "node_id": "MDU6SXNzdWU4NTY2NTkwMQ==",
    "number": 1481,
    "title": "pkgutil.get_loader now throws errors on Python3.4",
    "user": {
        "login": "rawrgulmuffins",
        "id": 1521575,
        "node_id": "MDQ6VXNlcjE1MjE1NzU=",
        "avatar_url": "https://avatars0.githubusercontent.com/u/1521575?v=4",
        "gravatar_id": "",
        "url": "https://api.github.com/users/rawrgulmuffins",
        "html_url": "https://github.com/rawrgulmuffins",
        "followers_url": "https://api.github.com/users/rawrgulmuffins/followers",
        "following_url": "https://api.github.com/users/rawrgulmuffins/following{/other_user}",
        "gists_url": "https://api.github.com/users/rawrgulmuffins/gists{/gist_id}",
        "starred_url": "https://api.github.com/users/rawrgulmuffins/starred{/owner}{/repo}",
        "subscriptions_url": "https://api.github.com/users/rawrgulmuffins/subscriptions",
        "organizations_url": "https://api.github.com/users/rawrgulmuffins/orgs",
        "repos_url": "https://api.github.com/users/rawrgulmuffins/repos",
        "events_url": "https://api.github.com/users/rawrgulmuffins/events{/privacy}",
        "received_events_url": "https://api.github.com/users/rawrgulmuffins/received_events",
        "type": "User",
        "site_admin": false
    },
    "labels": [],
    "state": "closed",
    "locked": false,
    "assignee": null,
    "assignees": [],
    "milestone": null,
    "comments": 1,
    "created_at": "2015-06-06T00:47:39Z",
    "updated_at": "2015-06-06T01:13:42Z",
    "closed_at": "2015-06-06T01:13:42Z",
    "author_association": "NONE",
    "body": "In Python2.7 get_loader returns an empty string if a loader isn't found.\n\n```\n$ python\nPython 2.7.6 (default, Mar 22 2014, 22:59:56) \n[GCC 4.8.2] on linux2\nType \"help\", \"copyright\", \"credits\" or \"license\" for more information.\n>>> import pkgutil\n>>> pkgutil.get_loader(\"testing\")\n>>> pkgutil.get_loader(__name__)\n<pkgutil.ImpLoader instance at 0x7f03a435f8c0>\n>>> \n```\n\nPython3.4 an AttributeError is thrown.\n\n```\n$ python\nPython 3.4.0 (default, Apr 11 2014, 13:05:11) \n[GCC 4.8.2] on linux\nType \"help\", \"copyright\", \"credits\" or \"license\" for more information.\n>>> import pkgutil\n>>> pkgutil.get_loader(__name__)\n<class '_frozen_importlib.BuiltinImporter'>\n>>> pkgutil.get_loader(\"testing\")\nTraceback (most recent call last):\nFile \"<stdin>\", line 1, in <module>\nFile \"/usr/lib/python3.4/pkgutil.py\", line 467, in get_loader\n    return find_loader(fullname)\nFile \"/usr/lib/python3.4/pkgutil.py\", line 488, in find_loader\n    return spec.loader\nAttributeError: 'NoneType' object has no attribute 'loader'\n>>> \n```\n\nThis means that if someone does something like\n\n```\nfrom flask import Flask\napp = Flask(\"testing\")\n```\n\nThen \n\n```\nAttributeError: 'NoneType' object has no attribute 'loader'\n```\n\nis thrown on Python3.4\n\nSuggested changes in flask/flask/helpers.py \n\nin get_root_path\n\n```\n637    # Next attempt: check the loader.\n638    loader = pkgutil.get_loader(import_name)\n```\n\nto \n\n```\nload =  None\ntry:\n    loader = pkgutil.get_loader(import_name)\nexcept AttributeError:\n    pass\n```\n",
    "comments_inline": [
        {
            "url": "https://api.github.com/repos/pallets/flask/issues/comments/109493720",
            "html_url": "https://github.com/pallets/flask/issues/1481#issuecomment-109493720",
            "issue_url": "https://api.github.com/repos/pallets/flask/issues/1481",
            "id": 109493720,
            "node_id": "MDEyOklzc3VlQ29tbWVudDEwOTQ5MzcyMA==",
            "user": {
                "login": "untitaker",
                "id": 837573,
                "node_id": "MDQ6VXNlcjgzNzU3Mw==",
                "avatar_url": "https://avatars0.githubusercontent.com/u/837573?v=4",
                "gravatar_id": "",
                "url": "https://api.github.com/users/untitaker",
                "html_url": "https://github.com/untitaker",
                "followers_url": "https://api.github.com/users/untitaker/followers",
                "following_url": "https://api.github.com/users/untitaker/following{/other_user}",
                "gists_url": "https://api.github.com/users/untitaker/gists{/gist_id}",
                "starred_url": "https://api.github.com/users/untitaker/starred{/owner}{/repo}",
                "subscriptions_url": "https://api.github.com/users/untitaker/subscriptions",
                "organizations_url": "https://api.github.com/users/untitaker/orgs",
                "repos_url": "https://api.github.com/users/untitaker/repos",
                "events_url": "https://api.github.com/users/untitaker/events{/privacy}",
                "received_events_url": "https://api.github.com/users/untitaker/received_events",
                "type": "User",
                "site_admin": false
            },
            "created_at": "2015-06-06T01:13:42Z",
            "updated_at": "2015-06-06T01:13:42Z",
            "author_association": "MEMBER",
            "body": "This is the same as https://github.com/mitsuhiko/flask/pull/1017.\n\nI can't reproduce this issue with 3.4.3, but with 3.4.1 I can. So I think that this was a bug in Python that got fixed in a timely manner, and is unlikely to affect many users. Flask should not work around it.\n"
        }
    ]
}