{
    "url": "https://api.github.com/repos/pallets/flask/issues/1482",
    "repository_url": "https://api.github.com/repos/pallets/flask",
    "labels_url": "https://api.github.com/repos/pallets/flask/issues/1482/labels{/name}",
    "comments_url": "https://api.github.com/repos/pallets/flask/issues/1482/comments",
    "events_url": "https://api.github.com/repos/pallets/flask/issues/1482/events",
    "html_url": "https://github.com/pallets/flask/pull/1482",
    "id": 85666408,
    "node_id": "MDExOlB1bGxSZXF1ZXN0MzcwODE0OTI=",
    "number": 1482,
    "title": "Code fix for issue #1481",
    "user": {
        "login": "rawrgulmuffins",
        "id": 1521575,
        "node_id": "MDQ6VXNlcjE1MjE1NzU=",
        "avatar_url": "https://avatars0.githubusercontent.com/u/1521575?v=4",
        "gravatar_id": "",
        "url": "https://api.github.com/users/rawrgulmuffins",
        "html_url": "https://github.com/rawrgulmuffins",
        "followers_url": "https://api.github.com/users/rawrgulmuffins/followers",
        "following_url": "https://api.github.com/users/rawrgulmuffins/following{/other_user}",
        "gists_url": "https://api.github.com/users/rawrgulmuffins/gists{/gist_id}",
        "starred_url": "https://api.github.com/users/rawrgulmuffins/starred{/owner}{/repo}",
        "subscriptions_url": "https://api.github.com/users/rawrgulmuffins/subscriptions",
        "organizations_url": "https://api.github.com/users/rawrgulmuffins/orgs",
        "repos_url": "https://api.github.com/users/rawrgulmuffins/repos",
        "events_url": "https://api.github.com/users/rawrgulmuffins/events{/privacy}",
        "received_events_url": "https://api.github.com/users/rawrgulmuffins/received_events",
        "type": "User",
        "site_admin": false
    },
    "labels": [
        {
            "id": 125213303,
            "node_id": "MDU6TGFiZWwxMjUyMTMzMDM=",
            "url": "https://api.github.com/repos/pallets/flask/labels/discussion",
            "name": "discussion",
            "color": "c5def5",
            "default": false,
            "description": null
        }
    ],
    "state": "closed",
    "locked": false,
    "assignee": null,
    "assignees": [],
    "milestone": null,
    "comments": 4,
    "created_at": "2015-06-06T00:49:48Z",
    "updated_at": "2016-04-08T08:02:14Z",
    "closed_at": "2016-04-08T08:02:14Z",
    "author_association": "NONE",
    "pull_request": {
        "url": "https://api.github.com/repos/pallets/flask/pulls/1482",
        "html_url": "https://github.com/pallets/flask/pull/1482",
        "diff_url": "https://github.com/pallets/flask/pull/1482.diff",
        "patch_url": "https://github.com/pallets/flask/pull/1482.patch"
    },
    "body": "This is a unit test and code fix for issue #1481 that keeps the previous behavior of get_root_path and intercepts the new `AttributeError` thrown by `pkgutil.get_loader`.\n",
    "comments_inline": [
        {
            "url": "https://api.github.com/repos/pallets/flask/issues/comments/109493738",
            "html_url": "https://github.com/pallets/flask/pull/1482#issuecomment-109493738",
            "issue_url": "https://api.github.com/repos/pallets/flask/issues/1482",
            "id": 109493738,
            "node_id": "MDEyOklzc3VlQ29tbWVudDEwOTQ5MzczOA==",
            "user": {
                "login": "untitaker",
                "id": 837573,
                "node_id": "MDQ6VXNlcjgzNzU3Mw==",
                "avatar_url": "https://avatars0.githubusercontent.com/u/837573?v=4",
                "gravatar_id": "",
                "url": "https://api.github.com/users/untitaker",
                "html_url": "https://github.com/untitaker",
                "followers_url": "https://api.github.com/users/untitaker/followers",
                "following_url": "https://api.github.com/users/untitaker/following{/other_user}",
                "gists_url": "https://api.github.com/users/untitaker/gists{/gist_id}",
                "starred_url": "https://api.github.com/users/untitaker/starred{/owner}{/repo}",
                "subscriptions_url": "https://api.github.com/users/untitaker/subscriptions",
                "organizations_url": "https://api.github.com/users/untitaker/orgs",
                "repos_url": "https://api.github.com/users/untitaker/repos",
                "events_url": "https://api.github.com/users/untitaker/events{/privacy}",
                "received_events_url": "https://api.github.com/users/untitaker/received_events",
                "type": "User",
                "site_admin": false
            },
            "created_at": "2015-06-06T01:14:01Z",
            "updated_at": "2015-06-06T01:14:01Z",
            "author_association": "MEMBER",
            "body": "Closing, see issue #1481 for rationale.\n"
        },
        {
            "url": "https://api.github.com/repos/pallets/flask/issues/comments/109494834",
            "html_url": "https://github.com/pallets/flask/pull/1482#issuecomment-109494834",
            "issue_url": "https://api.github.com/repos/pallets/flask/issues/1482",
            "id": 109494834,
            "node_id": "MDEyOklzc3VlQ29tbWVudDEwOTQ5NDgzNA==",
            "user": {
                "login": "untitaker",
                "id": 837573,
                "node_id": "MDQ6VXNlcjgzNzU3Mw==",
                "avatar_url": "https://avatars0.githubusercontent.com/u/837573?v=4",
                "gravatar_id": "",
                "url": "https://api.github.com/users/untitaker",
                "html_url": "https://github.com/untitaker",
                "followers_url": "https://api.github.com/users/untitaker/followers",
                "following_url": "https://api.github.com/users/untitaker/following{/other_user}",
                "gists_url": "https://api.github.com/users/untitaker/gists{/gist_id}",
                "starred_url": "https://api.github.com/users/untitaker/starred{/owner}{/repo}",
                "subscriptions_url": "https://api.github.com/users/untitaker/subscriptions",
                "organizations_url": "https://api.github.com/users/untitaker/orgs",
                "repos_url": "https://api.github.com/users/untitaker/repos",
                "events_url": "https://api.github.com/users/untitaker/events{/privacy}",
                "received_events_url": "https://api.github.com/users/untitaker/received_events",
                "type": "User",
                "site_admin": false
            },
            "created_at": "2015-06-06T01:24:36Z",
            "updated_at": "2015-06-06T01:24:36Z",
            "author_association": "MEMBER",
            "body": "We actually have https://github.com/mitsuhiko/flask/issues/1011, _another issue_ open for this. I also elaborated there why I think that this fix isn't a good idea. I am still unsure about this.\n"
        },
        {
            "url": "https://api.github.com/repos/pallets/flask/issues/comments/109844976",
            "html_url": "https://github.com/pallets/flask/pull/1482#issuecomment-109844976",
            "issue_url": "https://api.github.com/repos/pallets/flask/issues/1482",
            "id": 109844976,
            "node_id": "MDEyOklzc3VlQ29tbWVudDEwOTg0NDk3Ng==",
            "user": {
                "login": "rawrgulmuffins",
                "id": 1521575,
                "node_id": "MDQ6VXNlcjE1MjE1NzU=",
                "avatar_url": "https://avatars0.githubusercontent.com/u/1521575?v=4",
                "gravatar_id": "",
                "url": "https://api.github.com/users/rawrgulmuffins",
                "html_url": "https://github.com/rawrgulmuffins",
                "followers_url": "https://api.github.com/users/rawrgulmuffins/followers",
                "following_url": "https://api.github.com/users/rawrgulmuffins/following{/other_user}",
                "gists_url": "https://api.github.com/users/rawrgulmuffins/gists{/gist_id}",
                "starred_url": "https://api.github.com/users/rawrgulmuffins/starred{/owner}{/repo}",
                "subscriptions_url": "https://api.github.com/users/rawrgulmuffins/subscriptions",
                "organizations_url": "https://api.github.com/users/rawrgulmuffins/orgs",
                "repos_url": "https://api.github.com/users/rawrgulmuffins/repos",
                "events_url": "https://api.github.com/users/rawrgulmuffins/events{/privacy}",
                "received_events_url": "https://api.github.com/users/rawrgulmuffins/received_events",
                "type": "User",
                "site_admin": false
            },
            "created_at": "2015-06-08T02:57:48Z",
            "updated_at": "2015-06-08T08:33:42Z",
            "author_association": "NONE",
            "body": "I added my reply in #1011 and will respond in that thread.\n"
        },
        {
            "url": "https://api.github.com/repos/pallets/flask/issues/comments/207291772",
            "html_url": "https://github.com/pallets/flask/pull/1482#issuecomment-207291772",
            "issue_url": "https://api.github.com/repos/pallets/flask/issues/1482",
            "id": 207291772,
            "node_id": "MDEyOklzc3VlQ29tbWVudDIwNzI5MTc3Mg==",
            "user": {
                "login": "jeffwidman",
                "id": 483314,
                "node_id": "MDQ6VXNlcjQ4MzMxNA==",
                "avatar_url": "https://avatars2.githubusercontent.com/u/483314?v=4",
                "gravatar_id": "",
                "url": "https://api.github.com/users/jeffwidman",
                "html_url": "https://github.com/jeffwidman",
                "followers_url": "https://api.github.com/users/jeffwidman/followers",
                "following_url": "https://api.github.com/users/jeffwidman/following{/other_user}",
                "gists_url": "https://api.github.com/users/jeffwidman/gists{/gist_id}",
                "starred_url": "https://api.github.com/users/jeffwidman/starred{/owner}{/repo}",
                "subscriptions_url": "https://api.github.com/users/jeffwidman/subscriptions",
                "organizations_url": "https://api.github.com/users/jeffwidman/orgs",
                "repos_url": "https://api.github.com/users/jeffwidman/repos",
                "events_url": "https://api.github.com/users/jeffwidman/events{/privacy}",
                "received_events_url": "https://api.github.com/users/jeffwidman/received_events",
                "type": "User",
                "site_admin": false
            },
            "created_at": "2016-04-08T08:02:14Z",
            "updated_at": "2016-04-08T08:02:14Z",
            "author_association": "MEMBER",
            "body": "Closing for now per https://github.com/pallets/flask/issues/1011#issuecomment-207290881\n"
        }
    ]
}