{
    "url": "https://api.github.com/repos/pallets/flask/issues/1483",
    "repository_url": "https://api.github.com/repos/pallets/flask",
    "labels_url": "https://api.github.com/repos/pallets/flask/issues/1483/labels{/name}",
    "comments_url": "https://api.github.com/repos/pallets/flask/issues/1483/comments",
    "events_url": "https://api.github.com/repos/pallets/flask/issues/1483/events",
    "html_url": "https://github.com/pallets/flask/pull/1483",
    "id": 85677383,
    "node_id": "MDExOlB1bGxSZXF1ZXN0MzcwODI5NTg=",
    "number": 1483,
    "title": "Show original autodoc signatures",
    "user": {
        "login": "untitaker",
        "id": 837573,
        "node_id": "MDQ6VXNlcjgzNzU3Mw==",
        "avatar_url": "https://avatars0.githubusercontent.com/u/837573?v=4",
        "gravatar_id": "",
        "url": "https://api.github.com/users/untitaker",
        "html_url": "https://github.com/untitaker",
        "followers_url": "https://api.github.com/users/untitaker/followers",
        "following_url": "https://api.github.com/users/untitaker/following{/other_user}",
        "gists_url": "https://api.github.com/users/untitaker/gists{/gist_id}",
        "starred_url": "https://api.github.com/users/untitaker/starred{/owner}{/repo}",
        "subscriptions_url": "https://api.github.com/users/untitaker/subscriptions",
        "organizations_url": "https://api.github.com/users/untitaker/orgs",
        "repos_url": "https://api.github.com/users/untitaker/repos",
        "events_url": "https://api.github.com/users/untitaker/events{/privacy}",
        "received_events_url": "https://api.github.com/users/untitaker/received_events",
        "type": "User",
        "site_admin": false
    },
    "labels": [],
    "state": "closed",
    "locked": false,
    "assignee": null,
    "assignees": [],
    "milestone": null,
    "comments": 0,
    "created_at": "2015-06-06T02:05:59Z",
    "updated_at": "2015-06-06T02:17:57Z",
    "closed_at": "2015-06-06T02:17:57Z",
    "author_association": "MEMBER",
    "pull_request": {
        "url": "https://api.github.com/repos/pallets/flask/pulls/1483",
        "html_url": "https://github.com/pallets/flask/pull/1483",
        "diff_url": "https://github.com/pallets/flask/pull/1483.diff",
        "patch_url": "https://github.com/pallets/flask/pull/1483.patch"
    },
    "body": "Alternative to #1403\n"
}