{
    "url": "https://api.github.com/repos/pallets/flask/issues/1485",
    "repository_url": "https://api.github.com/repos/pallets/flask",
    "labels_url": "https://api.github.com/repos/pallets/flask/issues/1485/labels{/name}",
    "comments_url": "https://api.github.com/repos/pallets/flask/issues/1485/comments",
    "events_url": "https://api.github.com/repos/pallets/flask/issues/1485/events",
    "html_url": "https://github.com/pallets/flask/issues/1485",
    "id": 85890397,
    "node_id": "MDU6SXNzdWU4NTg5MDM5Nw==",
    "number": 1485,
    "title": "Consider adding documentation about script-name-stripping middleware to CGI deployment documentation",
    "user": {
        "login": "DanielGibbsNZ",
        "id": 2750246,
        "node_id": "MDQ6VXNlcjI3NTAyNDY=",
        "avatar_url": "https://avatars3.githubusercontent.com/u/2750246?v=4",
        "gravatar_id": "",
        "url": "https://api.github.com/users/DanielGibbsNZ",
        "html_url": "https://github.com/DanielGibbsNZ",
        "followers_url": "https://api.github.com/users/DanielGibbsNZ/followers",
        "following_url": "https://api.github.com/users/DanielGibbsNZ/following{/other_user}",
        "gists_url": "https://api.github.com/users/DanielGibbsNZ/gists{/gist_id}",
        "starred_url": "https://api.github.com/users/DanielGibbsNZ/starred{/owner}{/repo}",
        "subscriptions_url": "https://api.github.com/users/DanielGibbsNZ/subscriptions",
        "organizations_url": "https://api.github.com/users/DanielGibbsNZ/orgs",
        "repos_url": "https://api.github.com/users/DanielGibbsNZ/repos",
        "events_url": "https://api.github.com/users/DanielGibbsNZ/events{/privacy}",
        "received_events_url": "https://api.github.com/users/DanielGibbsNZ/received_events",
        "type": "User",
        "site_admin": false
    },
    "labels": [
        {
            "id": 32876,
            "node_id": "MDU6TGFiZWwzMjg3Ng==",
            "url": "https://api.github.com/repos/pallets/flask/labels/docs",
            "name": "docs",
            "color": "0e8a16",
            "default": false,
            "description": null
        }
    ],
    "state": "closed",
    "locked": false,
    "assignee": null,
    "assignees": [],
    "milestone": {
        "url": "https://api.github.com/repos/pallets/flask/milestones/3",
        "html_url": "https://github.com/pallets/flask/milestone/3",
        "labels_url": "https://api.github.com/repos/pallets/flask/milestones/3/labels",
        "id": 3093266,
        "node_id": "MDk6TWlsZXN0b25lMzA5MzI2Ng==",
        "number": 3,
        "title": "1.1.0",
        "description": "",
        "creator": {
            "login": "davidism",
            "id": 1242887,
            "node_id": "MDQ6VXNlcjEyNDI4ODc=",
            "avatar_url": "https://avatars1.githubusercontent.com/u/1242887?v=4",
            "gravatar_id": "",
            "url": "https://api.github.com/users/davidism",
            "html_url": "https://github.com/davidism",
            "followers_url": "https://api.github.com/users/davidism/followers",
            "following_url": "https://api.github.com/users/davidism/following{/other_user}",
            "gists_url": "https://api.github.com/users/davidism/gists{/gist_id}",
            "starred_url": "https://api.github.com/users/davidism/starred{/owner}{/repo}",
            "subscriptions_url": "https://api.github.com/users/davidism/subscriptions",
            "organizations_url": "https://api.github.com/users/davidism/orgs",
            "repos_url": "https://api.github.com/users/davidism/repos",
            "events_url": "https://api.github.com/users/davidism/events{/privacy}",
            "received_events_url": "https://api.github.com/users/davidism/received_events",
            "type": "User",
            "site_admin": false
        },
        "open_issues": 0,
        "closed_issues": 48,
        "state": "closed",
        "created_at": "2018-02-06T16:14:43Z",
        "updated_at": "2019-07-06T22:03:23Z",
        "due_on": null,
        "closed_at": "2019-07-06T22:03:23Z"
    },
    "comments": 1,
    "created_at": "2015-06-07T10:57:47Z",
    "updated_at": "2019-01-20T13:01:12Z",
    "closed_at": "2019-01-20T13:01:12Z",
    "author_association": "NONE",
    "body": "The FastCGI deployment documentation mentions that it may be necessary to configure some middleware to strip the `SCRIPT_NAME` environment variable of the actual script file name in order to prevent it appearing in the URL (e.g. `example.com/yourapplication.fcgi/news/`).\n\nThe default `mod_rewrite` configuration given in the CGI deployment documentation has the same issues yet no mention of this workaround is given. Please consider mentioning this on this page also.\n",
    "comments_inline": [
        {
            "url": "https://api.github.com/repos/pallets/flask/issues/comments/455864719",
            "html_url": "https://github.com/pallets/flask/issues/1485#issuecomment-455864719",
            "issue_url": "https://api.github.com/repos/pallets/flask/issues/1485",
            "id": 455864719,
            "node_id": "MDEyOklzc3VlQ29tbWVudDQ1NTg2NDcxOQ==",
            "user": {
                "login": "davidism",
                "id": 1242887,
                "node_id": "MDQ6VXNlcjEyNDI4ODc=",
                "avatar_url": "https://avatars1.githubusercontent.com/u/1242887?v=4",
                "gravatar_id": "",
                "url": "https://api.github.com/users/davidism",
                "html_url": "https://github.com/davidism",
                "followers_url": "https://api.github.com/users/davidism/followers",
                "following_url": "https://api.github.com/users/davidism/following{/other_user}",
                "gists_url": "https://api.github.com/users/davidism/gists{/gist_id}",
                "starred_url": "https://api.github.com/users/davidism/starred{/owner}{/repo}",
                "subscriptions_url": "https://api.github.com/users/davidism/subscriptions",
                "organizations_url": "https://api.github.com/users/davidism/orgs",
                "repos_url": "https://api.github.com/users/davidism/repos",
                "events_url": "https://api.github.com/users/davidism/events{/privacy}",
                "received_events_url": "https://api.github.com/users/davidism/received_events",
                "type": "User",
                "site_admin": false
            },
            "created_at": "2019-01-20T13:01:12Z",
            "updated_at": "2019-01-20T13:01:12Z",
            "author_association": "MEMBER",
            "body": "I'm moving away from officially supporting mod_userdir deployments. After testing with mod_proxy_fcgi, SCRIPT_NAME was always set appropriately."
        }
    ]
}