{
    "url": "https://api.github.com/repos/pallets/flask/issues/1487",
    "repository_url": "https://api.github.com/repos/pallets/flask",
    "labels_url": "https://api.github.com/repos/pallets/flask/issues/1487/labels{/name}",
    "comments_url": "https://api.github.com/repos/pallets/flask/issues/1487/comments",
    "events_url": "https://api.github.com/repos/pallets/flask/issues/1487/events",
    "html_url": "https://github.com/pallets/flask/pull/1487",
    "id": 86168755,
    "node_id": "MDExOlB1bGxSZXF1ZXN0MzcxNTA4NTE=",
    "number": 1487,
    "title": "Update celery.rst",
    "user": {
        "login": "ZhangBohan",
        "id": 2317407,
        "node_id": "MDQ6VXNlcjIzMTc0MDc=",
        "avatar_url": "https://avatars0.githubusercontent.com/u/2317407?v=4",
        "gravatar_id": "",
        "url": "https://api.github.com/users/ZhangBohan",
        "html_url": "https://github.com/ZhangBohan",
        "followers_url": "https://api.github.com/users/ZhangBohan/followers",
        "following_url": "https://api.github.com/users/ZhangBohan/following{/other_user}",
        "gists_url": "https://api.github.com/users/ZhangBohan/gists{/gist_id}",
        "starred_url": "https://api.github.com/users/ZhangBohan/starred{/owner}{/repo}",
        "subscriptions_url": "https://api.github.com/users/ZhangBohan/subscriptions",
        "organizations_url": "https://api.github.com/users/ZhangBohan/orgs",
        "repos_url": "https://api.github.com/users/ZhangBohan/repos",
        "events_url": "https://api.github.com/users/ZhangBohan/events{/privacy}",
        "received_events_url": "https://api.github.com/users/ZhangBohan/received_events",
        "type": "User",
        "site_admin": false
    },
    "labels": [],
    "state": "closed",
    "locked": false,
    "assignee": null,
    "assignees": [],
    "milestone": null,
    "comments": 2,
    "created_at": "2015-06-08T13:05:02Z",
    "updated_at": "2015-06-09T01:33:37Z",
    "closed_at": "2015-06-08T13:18:46Z",
    "author_association": "NONE",
    "pull_request": {
        "url": "https://api.github.com/repos/pallets/flask/pulls/1487",
        "html_url": "https://github.com/pallets/flask/pull/1487",
        "diff_url": "https://github.com/pallets/flask/pull/1487.diff",
        "patch_url": "https://github.com/pallets/flask/pull/1487.patch"
    },
    "body": "update celery url\n",
    "comments_inline": [
        {
            "url": "https://api.github.com/repos/pallets/flask/issues/comments/109993271",
            "html_url": "https://github.com/pallets/flask/pull/1487#issuecomment-109993271",
            "issue_url": "https://api.github.com/repos/pallets/flask/issues/1487",
            "id": 109993271,
            "node_id": "MDEyOklzc3VlQ29tbWVudDEwOTk5MzI3MQ==",
            "user": {
                "login": "untitaker",
                "id": 837573,
                "node_id": "MDQ6VXNlcjgzNzU3Mw==",
                "avatar_url": "https://avatars0.githubusercontent.com/u/837573?v=4",
                "gravatar_id": "",
                "url": "https://api.github.com/users/untitaker",
                "html_url": "https://github.com/untitaker",
                "followers_url": "https://api.github.com/users/untitaker/followers",
                "following_url": "https://api.github.com/users/untitaker/following{/other_user}",
                "gists_url": "https://api.github.com/users/untitaker/gists{/gist_id}",
                "starred_url": "https://api.github.com/users/untitaker/starred{/owner}{/repo}",
                "subscriptions_url": "https://api.github.com/users/untitaker/subscriptions",
                "organizations_url": "https://api.github.com/users/untitaker/orgs",
                "repos_url": "https://api.github.com/users/untitaker/repos",
                "events_url": "https://api.github.com/users/untitaker/events{/privacy}",
                "received_events_url": "https://api.github.com/users/untitaker/received_events",
                "type": "User",
                "site_admin": false
            },
            "created_at": "2015-06-08T13:18:46Z",
            "updated_at": "2015-06-08T13:18:50Z",
            "author_association": "MEMBER",
            "body": "Hello @ZhangBohan, please write a proper commit message instead of leaving GitHub's default. I've fixed the link in master.\n"
        },
        {
            "url": "https://api.github.com/repos/pallets/flask/issues/comments/110192012",
            "html_url": "https://github.com/pallets/flask/pull/1487#issuecomment-110192012",
            "issue_url": "https://api.github.com/repos/pallets/flask/issues/1487",
            "id": 110192012,
            "node_id": "MDEyOklzc3VlQ29tbWVudDExMDE5MjAxMg==",
            "user": {
                "login": "ZhangBohan",
                "id": 2317407,
                "node_id": "MDQ6VXNlcjIzMTc0MDc=",
                "avatar_url": "https://avatars0.githubusercontent.com/u/2317407?v=4",
                "gravatar_id": "",
                "url": "https://api.github.com/users/ZhangBohan",
                "html_url": "https://github.com/ZhangBohan",
                "followers_url": "https://api.github.com/users/ZhangBohan/followers",
                "following_url": "https://api.github.com/users/ZhangBohan/following{/other_user}",
                "gists_url": "https://api.github.com/users/ZhangBohan/gists{/gist_id}",
                "starred_url": "https://api.github.com/users/ZhangBohan/starred{/owner}{/repo}",
                "subscriptions_url": "https://api.github.com/users/ZhangBohan/subscriptions",
                "organizations_url": "https://api.github.com/users/ZhangBohan/orgs",
                "repos_url": "https://api.github.com/users/ZhangBohan/repos",
                "events_url": "https://api.github.com/users/ZhangBohan/events{/privacy}",
                "received_events_url": "https://api.github.com/users/ZhangBohan/received_events",
                "type": "User",
                "site_admin": false
            },
            "created_at": "2015-06-09T01:33:37Z",
            "updated_at": "2015-06-09T01:33:37Z",
            "author_association": "NONE",
            "body": "@untitaker ok\n"
        }
    ]
}