{
    "url": "https://api.github.com/repos/pallets/flask/issues/1491",
    "repository_url": "https://api.github.com/repos/pallets/flask",
    "labels_url": "https://api.github.com/repos/pallets/flask/issues/1491/labels{/name}",
    "comments_url": "https://api.github.com/repos/pallets/flask/issues/1491/comments",
    "events_url": "https://api.github.com/repos/pallets/flask/issues/1491/events",
    "html_url": "https://github.com/pallets/flask/pull/1491",
    "id": 86895492,
    "node_id": "MDExOlB1bGxSZXF1ZXN0MzczMzcxOTU=",
    "number": 1491,
    "title": "Remove the word `trivially` here",
    "user": {
        "login": "nvie",
        "id": 83844,
        "node_id": "MDQ6VXNlcjgzODQ0",
        "avatar_url": "https://avatars0.githubusercontent.com/u/83844?v=4",
        "gravatar_id": "",
        "url": "https://api.github.com/users/nvie",
        "html_url": "https://github.com/nvie",
        "followers_url": "https://api.github.com/users/nvie/followers",
        "following_url": "https://api.github.com/users/nvie/following{/other_user}",
        "gists_url": "https://api.github.com/users/nvie/gists{/gist_id}",
        "starred_url": "https://api.github.com/users/nvie/starred{/owner}{/repo}",
        "subscriptions_url": "https://api.github.com/users/nvie/subscriptions",
        "organizations_url": "https://api.github.com/users/nvie/orgs",
        "repos_url": "https://api.github.com/users/nvie/repos",
        "events_url": "https://api.github.com/users/nvie/events{/privacy}",
        "received_events_url": "https://api.github.com/users/nvie/received_events",
        "type": "User",
        "site_admin": false
    },
    "labels": [],
    "state": "closed",
    "locked": false,
    "assignee": null,
    "assignees": [],
    "milestone": null,
    "comments": 1,
    "created_at": "2015-06-10T08:58:57Z",
    "updated_at": "2015-06-10T09:45:37Z",
    "closed_at": "2015-06-10T09:45:37Z",
    "author_association": "CONTRIBUTOR",
    "pull_request": {
        "url": "https://api.github.com/repos/pallets/flask/pulls/1491",
        "html_url": "https://github.com/pallets/flask/pull/1491",
        "diff_url": "https://github.com/pallets/flask/pull/1491.diff",
        "patch_url": "https://github.com/pallets/flask/pull/1491.patch"
    },
    "body": "A lot of things are trivial, or debatably trivial, but this is not one of them :)\n",
    "comments_inline": [
        {
            "url": "https://api.github.com/repos/pallets/flask/issues/comments/110674408",
            "html_url": "https://github.com/pallets/flask/pull/1491#issuecomment-110674408",
            "issue_url": "https://api.github.com/repos/pallets/flask/issues/1491",
            "id": 110674408,
            "node_id": "MDEyOklzc3VlQ29tbWVudDExMDY3NDQwOA==",
            "user": {
                "login": "untitaker",
                "id": 837573,
                "node_id": "MDQ6VXNlcjgzNzU3Mw==",
                "avatar_url": "https://avatars0.githubusercontent.com/u/837573?v=4",
                "gravatar_id": "",
                "url": "https://api.github.com/users/untitaker",
                "html_url": "https://github.com/untitaker",
                "followers_url": "https://api.github.com/users/untitaker/followers",
                "following_url": "https://api.github.com/users/untitaker/following{/other_user}",
                "gists_url": "https://api.github.com/users/untitaker/gists{/gist_id}",
                "starred_url": "https://api.github.com/users/untitaker/starred{/owner}{/repo}",
                "subscriptions_url": "https://api.github.com/users/untitaker/subscriptions",
                "organizations_url": "https://api.github.com/users/untitaker/orgs",
                "repos_url": "https://api.github.com/users/untitaker/repos",
                "events_url": "https://api.github.com/users/untitaker/events{/privacy}",
                "received_events_url": "https://api.github.com/users/untitaker/received_events",
                "type": "User",
                "site_admin": false
            },
            "created_at": "2015-06-10T09:45:35Z",
            "updated_at": "2015-06-10T09:45:35Z",
            "author_association": "MEMBER",
            "body": "Trivial or not, that word doesn't help anything. Thanks!\n"
        }
    ]
}