{
    "url": "https://api.github.com/repos/pallets/flask/issues/1492",
    "repository_url": "https://api.github.com/repos/pallets/flask",
    "labels_url": "https://api.github.com/repos/pallets/flask/issues/1492/labels{/name}",
    "comments_url": "https://api.github.com/repos/pallets/flask/issues/1492/comments",
    "events_url": "https://api.github.com/repos/pallets/flask/issues/1492/events",
    "html_url": "https://github.com/pallets/flask/issues/1492",
    "id": 86900380,
    "node_id": "MDU6SXNzdWU4NjkwMDM4MA==",
    "number": 1492,
    "title": "Any new release ?",
    "user": {
        "login": "nlamirault",
        "id": 29233,
        "node_id": "MDQ6VXNlcjI5MjMz",
        "avatar_url": "https://avatars0.githubusercontent.com/u/29233?v=4",
        "gravatar_id": "",
        "url": "https://api.github.com/users/nlamirault",
        "html_url": "https://github.com/nlamirault",
        "followers_url": "https://api.github.com/users/nlamirault/followers",
        "following_url": "https://api.github.com/users/nlamirault/following{/other_user}",
        "gists_url": "https://api.github.com/users/nlamirault/gists{/gist_id}",
        "starred_url": "https://api.github.com/users/nlamirault/starred{/owner}{/repo}",
        "subscriptions_url": "https://api.github.com/users/nlamirault/subscriptions",
        "organizations_url": "https://api.github.com/users/nlamirault/orgs",
        "repos_url": "https://api.github.com/users/nlamirault/repos",
        "events_url": "https://api.github.com/users/nlamirault/events{/privacy}",
        "received_events_url": "https://api.github.com/users/nlamirault/received_events",
        "type": "User",
        "site_admin": false
    },
    "labels": [],
    "state": "closed",
    "locked": false,
    "assignee": null,
    "assignees": [],
    "milestone": null,
    "comments": 7,
    "created_at": "2015-06-10T09:18:25Z",
    "updated_at": "2015-07-02T11:54:39Z",
    "closed_at": "2015-06-10T09:45:08Z",
    "author_association": "NONE",
    "body": "Is a new version planned?\nLast version 0.10.1 is very old : on Jun 14, 2013 \n",
    "comments_inline": [
        {
            "url": "https://api.github.com/repos/pallets/flask/issues/comments/110666261",
            "html_url": "https://github.com/pallets/flask/issues/1492#issuecomment-110666261",
            "issue_url": "https://api.github.com/repos/pallets/flask/issues/1492",
            "id": 110666261,
            "node_id": "MDEyOklzc3VlQ29tbWVudDExMDY2NjI2MQ==",
            "user": {
                "login": "ThiefMaster",
                "id": 179599,
                "node_id": "MDQ6VXNlcjE3OTU5OQ==",
                "avatar_url": "https://avatars1.githubusercontent.com/u/179599?v=4",
                "gravatar_id": "",
                "url": "https://api.github.com/users/ThiefMaster",
                "html_url": "https://github.com/ThiefMaster",
                "followers_url": "https://api.github.com/users/ThiefMaster/followers",
                "following_url": "https://api.github.com/users/ThiefMaster/following{/other_user}",
                "gists_url": "https://api.github.com/users/ThiefMaster/gists{/gist_id}",
                "starred_url": "https://api.github.com/users/ThiefMaster/starred{/owner}{/repo}",
                "subscriptions_url": "https://api.github.com/users/ThiefMaster/subscriptions",
                "organizations_url": "https://api.github.com/users/ThiefMaster/orgs",
                "repos_url": "https://api.github.com/users/ThiefMaster/repos",
                "events_url": "https://api.github.com/users/ThiefMaster/events{/privacy}",
                "received_events_url": "https://api.github.com/users/ThiefMaster/received_events",
                "type": "User",
                "site_admin": false
            },
            "created_at": "2015-06-10T09:18:55Z",
            "updated_at": "2015-06-10T09:20:16Z",
            "author_association": "MEMBER",
            "body": "Yes, obviously. 0.10.1 is very stable though.\n"
        },
        {
            "url": "https://api.github.com/repos/pallets/flask/issues/comments/114438171",
            "html_url": "https://github.com/pallets/flask/issues/1492#issuecomment-114438171",
            "issue_url": "https://api.github.com/repos/pallets/flask/issues/1492",
            "id": 114438171,
            "node_id": "MDEyOklzc3VlQ29tbWVudDExNDQzODE3MQ==",
            "user": {
                "login": "gobijan",
                "id": 49339,
                "node_id": "MDQ6VXNlcjQ5MzM5",
                "avatar_url": "https://avatars3.githubusercontent.com/u/49339?v=4",
                "gravatar_id": "",
                "url": "https://api.github.com/users/gobijan",
                "html_url": "https://github.com/gobijan",
                "followers_url": "https://api.github.com/users/gobijan/followers",
                "following_url": "https://api.github.com/users/gobijan/following{/other_user}",
                "gists_url": "https://api.github.com/users/gobijan/gists{/gist_id}",
                "starred_url": "https://api.github.com/users/gobijan/starred{/owner}{/repo}",
                "subscriptions_url": "https://api.github.com/users/gobijan/subscriptions",
                "organizations_url": "https://api.github.com/users/gobijan/orgs",
                "repos_url": "https://api.github.com/users/gobijan/repos",
                "events_url": "https://api.github.com/users/gobijan/events{/privacy}",
                "received_events_url": "https://api.github.com/users/gobijan/received_events",
                "type": "User",
                "site_admin": false
            },
            "created_at": "2015-06-23T10:31:45Z",
            "updated_at": "2015-06-23T10:31:45Z",
            "author_association": "NONE",
            "body": "Get it out the door. So much has happened on the repo since 2013. Why not create a 1.0.0-beta1 and let people try it out. \n"
        },
        {
            "url": "https://api.github.com/repos/pallets/flask/issues/comments/114439217",
            "html_url": "https://github.com/pallets/flask/issues/1492#issuecomment-114439217",
            "issue_url": "https://api.github.com/repos/pallets/flask/issues/1492",
            "id": 114439217,
            "node_id": "MDEyOklzc3VlQ29tbWVudDExNDQzOTIxNw==",
            "user": {
                "login": "untitaker",
                "id": 837573,
                "node_id": "MDQ6VXNlcjgzNzU3Mw==",
                "avatar_url": "https://avatars0.githubusercontent.com/u/837573?v=4",
                "gravatar_id": "",
                "url": "https://api.github.com/users/untitaker",
                "html_url": "https://github.com/untitaker",
                "followers_url": "https://api.github.com/users/untitaker/followers",
                "following_url": "https://api.github.com/users/untitaker/following{/other_user}",
                "gists_url": "https://api.github.com/users/untitaker/gists{/gist_id}",
                "starred_url": "https://api.github.com/users/untitaker/starred{/owner}{/repo}",
                "subscriptions_url": "https://api.github.com/users/untitaker/subscriptions",
                "organizations_url": "https://api.github.com/users/untitaker/orgs",
                "repos_url": "https://api.github.com/users/untitaker/repos",
                "events_url": "https://api.github.com/users/untitaker/events{/privacy}",
                "received_events_url": "https://api.github.com/users/untitaker/received_events",
                "type": "User",
                "site_admin": false
            },
            "created_at": "2015-06-23T10:34:10Z",
            "updated_at": "2015-06-23T10:34:10Z",
            "author_association": "MEMBER",
            "body": "Because nothing is finished at all. Take a look at the milestones.\n"
        },
        {
            "url": "https://api.github.com/repos/pallets/flask/issues/comments/114439481",
            "html_url": "https://github.com/pallets/flask/issues/1492#issuecomment-114439481",
            "issue_url": "https://api.github.com/repos/pallets/flask/issues/1492",
            "id": 114439481,
            "node_id": "MDEyOklzc3VlQ29tbWVudDExNDQzOTQ4MQ==",
            "user": {
                "login": "untitaker",
                "id": 837573,
                "node_id": "MDQ6VXNlcjgzNzU3Mw==",
                "avatar_url": "https://avatars0.githubusercontent.com/u/837573?v=4",
                "gravatar_id": "",
                "url": "https://api.github.com/users/untitaker",
                "html_url": "https://github.com/untitaker",
                "followers_url": "https://api.github.com/users/untitaker/followers",
                "following_url": "https://api.github.com/users/untitaker/following{/other_user}",
                "gists_url": "https://api.github.com/users/untitaker/gists{/gist_id}",
                "starred_url": "https://api.github.com/users/untitaker/starred{/owner}{/repo}",
                "subscriptions_url": "https://api.github.com/users/untitaker/subscriptions",
                "organizations_url": "https://api.github.com/users/untitaker/orgs",
                "repos_url": "https://api.github.com/users/untitaker/repos",
                "events_url": "https://api.github.com/users/untitaker/events{/privacy}",
                "received_events_url": "https://api.github.com/users/untitaker/received_events",
                "type": "User",
                "site_admin": false
            },
            "created_at": "2015-06-23T10:35:39Z",
            "updated_at": "2015-06-23T10:35:39Z",
            "author_association": "MEMBER",
            "body": "We could make a few alphas though, good point.\n"
        },
        {
            "url": "https://api.github.com/repos/pallets/flask/issues/comments/115680346",
            "html_url": "https://github.com/pallets/flask/issues/1492#issuecomment-115680346",
            "issue_url": "https://api.github.com/repos/pallets/flask/issues/1492",
            "id": 115680346,
            "node_id": "MDEyOklzc3VlQ29tbWVudDExNTY4MDM0Ng==",
            "user": {
                "login": "bastianh",
                "id": 17590,
                "node_id": "MDQ6VXNlcjE3NTkw",
                "avatar_url": "https://avatars3.githubusercontent.com/u/17590?v=4",
                "gravatar_id": "",
                "url": "https://api.github.com/users/bastianh",
                "html_url": "https://github.com/bastianh",
                "followers_url": "https://api.github.com/users/bastianh/followers",
                "following_url": "https://api.github.com/users/bastianh/following{/other_user}",
                "gists_url": "https://api.github.com/users/bastianh/gists{/gist_id}",
                "starred_url": "https://api.github.com/users/bastianh/starred{/owner}{/repo}",
                "subscriptions_url": "https://api.github.com/users/bastianh/subscriptions",
                "organizations_url": "https://api.github.com/users/bastianh/orgs",
                "repos_url": "https://api.github.com/users/bastianh/repos",
                "events_url": "https://api.github.com/users/bastianh/events{/privacy}",
                "received_events_url": "https://api.github.com/users/bastianh/received_events",
                "type": "User",
                "site_admin": false
            },
            "created_at": "2015-06-26T13:19:54Z",
            "updated_at": "2015-06-26T13:19:54Z",
            "author_association": "CONTRIBUTOR",
            "body": "alphas would be great ;)\n"
        },
        {
            "url": "https://api.github.com/repos/pallets/flask/issues/comments/115682682",
            "html_url": "https://github.com/pallets/flask/issues/1492#issuecomment-115682682",
            "issue_url": "https://api.github.com/repos/pallets/flask/issues/1492",
            "id": 115682682,
            "node_id": "MDEyOklzc3VlQ29tbWVudDExNTY4MjY4Mg==",
            "user": {
                "login": "gobijan",
                "id": 49339,
                "node_id": "MDQ6VXNlcjQ5MzM5",
                "avatar_url": "https://avatars3.githubusercontent.com/u/49339?v=4",
                "gravatar_id": "",
                "url": "https://api.github.com/users/gobijan",
                "html_url": "https://github.com/gobijan",
                "followers_url": "https://api.github.com/users/gobijan/followers",
                "following_url": "https://api.github.com/users/gobijan/following{/other_user}",
                "gists_url": "https://api.github.com/users/gobijan/gists{/gist_id}",
                "starred_url": "https://api.github.com/users/gobijan/starred{/owner}{/repo}",
                "subscriptions_url": "https://api.github.com/users/gobijan/subscriptions",
                "organizations_url": "https://api.github.com/users/gobijan/orgs",
                "repos_url": "https://api.github.com/users/gobijan/repos",
                "events_url": "https://api.github.com/users/gobijan/events{/privacy}",
                "received_events_url": "https://api.github.com/users/gobijan/received_events",
                "type": "User",
                "site_admin": false
            },
            "created_at": "2015-06-26T13:23:23Z",
            "updated_at": "2015-06-26T13:23:23Z",
            "author_association": "NONE",
            "body": "Maybe the milstones need to be readjusted in order to get a new release out ;)\n"
        },
        {
            "url": "https://api.github.com/repos/pallets/flask/issues/comments/118008320",
            "html_url": "https://github.com/pallets/flask/issues/1492#issuecomment-118008320",
            "issue_url": "https://api.github.com/repos/pallets/flask/issues/1492",
            "id": 118008320,
            "node_id": "MDEyOklzc3VlQ29tbWVudDExODAwODMyMA==",
            "user": {
                "login": "mileswd",
                "id": 5622554,
                "node_id": "MDQ6VXNlcjU2MjI1NTQ=",
                "avatar_url": "https://avatars1.githubusercontent.com/u/5622554?v=4",
                "gravatar_id": "",
                "url": "https://api.github.com/users/mileswd",
                "html_url": "https://github.com/mileswd",
                "followers_url": "https://api.github.com/users/mileswd/followers",
                "following_url": "https://api.github.com/users/mileswd/following{/other_user}",
                "gists_url": "https://api.github.com/users/mileswd/gists{/gist_id}",
                "starred_url": "https://api.github.com/users/mileswd/starred{/owner}{/repo}",
                "subscriptions_url": "https://api.github.com/users/mileswd/subscriptions",
                "organizations_url": "https://api.github.com/users/mileswd/orgs",
                "repos_url": "https://api.github.com/users/mileswd/repos",
                "events_url": "https://api.github.com/users/mileswd/events{/privacy}",
                "received_events_url": "https://api.github.com/users/mileswd/received_events",
                "type": "User",
                "site_admin": false
            },
            "created_at": "2015-07-02T11:54:39Z",
            "updated_at": "2015-07-02T11:54:39Z",
            "author_association": "NONE",
            "body": "+1 for alpha builds\n"
        }
    ]
}