{
    "url": "https://api.github.com/repos/pallets/flask/issues/1495",
    "repository_url": "https://api.github.com/repos/pallets/flask",
    "labels_url": "https://api.github.com/repos/pallets/flask/issues/1495/labels{/name}",
    "comments_url": "https://api.github.com/repos/pallets/flask/issues/1495/comments",
    "events_url": "https://api.github.com/repos/pallets/flask/issues/1495/events",
    "html_url": "https://github.com/pallets/flask/pull/1495",
    "id": 87217706,
    "node_id": "MDExOlB1bGxSZXF1ZXN0Mzc0MzAxNjk=",
    "number": 1495,
    "title": "Done",
    "user": {
        "login": "AlexKhodaverdian",
        "id": 7978384,
        "node_id": "MDQ6VXNlcjc5NzgzODQ=",
        "avatar_url": "https://avatars2.githubusercontent.com/u/7978384?v=4",
        "gravatar_id": "",
        "url": "https://api.github.com/users/AlexKhodaverdian",
        "html_url": "https://github.com/AlexKhodaverdian",
        "followers_url": "https://api.github.com/users/AlexKhodaverdian/followers",
        "following_url": "https://api.github.com/users/AlexKhodaverdian/following{/other_user}",
        "gists_url": "https://api.github.com/users/AlexKhodaverdian/gists{/gist_id}",
        "starred_url": "https://api.github.com/users/AlexKhodaverdian/starred{/owner}{/repo}",
        "subscriptions_url": "https://api.github.com/users/AlexKhodaverdian/subscriptions",
        "organizations_url": "https://api.github.com/users/AlexKhodaverdian/orgs",
        "repos_url": "https://api.github.com/users/AlexKhodaverdian/repos",
        "events_url": "https://api.github.com/users/AlexKhodaverdian/events{/privacy}",
        "received_events_url": "https://api.github.com/users/AlexKhodaverdian/received_events",
        "type": "User",
        "site_admin": false
    },
    "labels": [],
    "state": "closed",
    "locked": false,
    "assignee": null,
    "assignees": [],
    "milestone": null,
    "comments": 4,
    "created_at": "2015-06-11T05:28:49Z",
    "updated_at": "2015-06-12T13:21:20Z",
    "closed_at": "2015-06-11T10:22:54Z",
    "author_association": "NONE",
    "pull_request": {
        "url": "https://api.github.com/repos/pallets/flask/pulls/1495",
        "html_url": "https://github.com/pallets/flask/pull/1495",
        "diff_url": "https://github.com/pallets/flask/pull/1495.diff",
        "patch_url": "https://github.com/pallets/flask/pull/1495.patch"
    },
    "body": "Added a Q & A to a README from information found throughout the web\n",
    "comments_inline": [
        {
            "url": "https://api.github.com/repos/pallets/flask/issues/comments/111078414",
            "html_url": "https://github.com/pallets/flask/pull/1495#issuecomment-111078414",
            "issue_url": "https://api.github.com/repos/pallets/flask/issues/1495",
            "id": 111078414,
            "node_id": "MDEyOklzc3VlQ29tbWVudDExMTA3ODQxNA==",
            "user": {
                "login": "untitaker",
                "id": 837573,
                "node_id": "MDQ6VXNlcjgzNzU3Mw==",
                "avatar_url": "https://avatars0.githubusercontent.com/u/837573?v=4",
                "gravatar_id": "",
                "url": "https://api.github.com/users/untitaker",
                "html_url": "https://github.com/untitaker",
                "followers_url": "https://api.github.com/users/untitaker/followers",
                "following_url": "https://api.github.com/users/untitaker/following{/other_user}",
                "gists_url": "https://api.github.com/users/untitaker/gists{/gist_id}",
                "starred_url": "https://api.github.com/users/untitaker/starred{/owner}{/repo}",
                "subscriptions_url": "https://api.github.com/users/untitaker/subscriptions",
                "organizations_url": "https://api.github.com/users/untitaker/orgs",
                "repos_url": "https://api.github.com/users/untitaker/repos",
                "events_url": "https://api.github.com/users/untitaker/events{/privacy}",
                "received_events_url": "https://api.github.com/users/untitaker/received_events",
                "type": "User",
                "site_admin": false
            },
            "created_at": "2015-06-11T10:22:53Z",
            "updated_at": "2015-06-11T10:22:53Z",
            "author_association": "MEMBER",
            "body": "I think this information is better stored somewhere else than the README.\n"
        },
        {
            "url": "https://api.github.com/repos/pallets/flask/issues/comments/111366459",
            "html_url": "https://github.com/pallets/flask/pull/1495#issuecomment-111366459",
            "issue_url": "https://api.github.com/repos/pallets/flask/issues/1495",
            "id": 111366459,
            "node_id": "MDEyOklzc3VlQ29tbWVudDExMTM2NjQ1OQ==",
            "user": {
                "login": "AlexKhodaverdian",
                "id": 7978384,
                "node_id": "MDQ6VXNlcjc5NzgzODQ=",
                "avatar_url": "https://avatars2.githubusercontent.com/u/7978384?v=4",
                "gravatar_id": "",
                "url": "https://api.github.com/users/AlexKhodaverdian",
                "html_url": "https://github.com/AlexKhodaverdian",
                "followers_url": "https://api.github.com/users/AlexKhodaverdian/followers",
                "following_url": "https://api.github.com/users/AlexKhodaverdian/following{/other_user}",
                "gists_url": "https://api.github.com/users/AlexKhodaverdian/gists{/gist_id}",
                "starred_url": "https://api.github.com/users/AlexKhodaverdian/starred{/owner}{/repo}",
                "subscriptions_url": "https://api.github.com/users/AlexKhodaverdian/subscriptions",
                "organizations_url": "https://api.github.com/users/AlexKhodaverdian/orgs",
                "repos_url": "https://api.github.com/users/AlexKhodaverdian/repos",
                "events_url": "https://api.github.com/users/AlexKhodaverdian/events{/privacy}",
                "received_events_url": "https://api.github.com/users/AlexKhodaverdian/received_events",
                "type": "User",
                "site_admin": false
            },
            "created_at": "2015-06-12T05:40:30Z",
            "updated_at": "2015-06-12T05:40:30Z",
            "author_association": "NONE",
            "body": "Do you mind if I ask where a more appropriate place would be for this?\n"
        },
        {
            "url": "https://api.github.com/repos/pallets/flask/issues/comments/111490544",
            "html_url": "https://github.com/pallets/flask/pull/1495#issuecomment-111490544",
            "issue_url": "https://api.github.com/repos/pallets/flask/issues/1495",
            "id": 111490544,
            "node_id": "MDEyOklzc3VlQ29tbWVudDExMTQ5MDU0NA==",
            "user": {
                "login": "davidism",
                "id": 1242887,
                "node_id": "MDQ6VXNlcjEyNDI4ODc=",
                "avatar_url": "https://avatars1.githubusercontent.com/u/1242887?v=4",
                "gravatar_id": "",
                "url": "https://api.github.com/users/davidism",
                "html_url": "https://github.com/davidism",
                "followers_url": "https://api.github.com/users/davidism/followers",
                "following_url": "https://api.github.com/users/davidism/following{/other_user}",
                "gists_url": "https://api.github.com/users/davidism/gists{/gist_id}",
                "starred_url": "https://api.github.com/users/davidism/starred{/owner}{/repo}",
                "subscriptions_url": "https://api.github.com/users/davidism/subscriptions",
                "organizations_url": "https://api.github.com/users/davidism/orgs",
                "repos_url": "https://api.github.com/users/davidism/repos",
                "events_url": "https://api.github.com/users/davidism/events{/privacy}",
                "received_events_url": "https://api.github.com/users/davidism/received_events",
                "type": "User",
                "site_admin": false
            },
            "created_at": "2015-06-12T13:20:07Z",
            "updated_at": "2015-06-12T13:20:07Z",
            "author_association": "MEMBER",
            "body": "A post on your personal blog, as this is almost entirely opinion.  Also, there are a bunch of spelling and grammar mistakes, and some of the answers seem to be cut short.\n"
        },
        {
            "url": "https://api.github.com/repos/pallets/flask/issues/comments/111491441",
            "html_url": "https://github.com/pallets/flask/pull/1495#issuecomment-111491441",
            "issue_url": "https://api.github.com/repos/pallets/flask/issues/1495",
            "id": 111491441,
            "node_id": "MDEyOklzc3VlQ29tbWVudDExMTQ5MTQ0MQ==",
            "user": {
                "login": "ThiefMaster",
                "id": 179599,
                "node_id": "MDQ6VXNlcjE3OTU5OQ==",
                "avatar_url": "https://avatars1.githubusercontent.com/u/179599?v=4",
                "gravatar_id": "",
                "url": "https://api.github.com/users/ThiefMaster",
                "html_url": "https://github.com/ThiefMaster",
                "followers_url": "https://api.github.com/users/ThiefMaster/followers",
                "following_url": "https://api.github.com/users/ThiefMaster/following{/other_user}",
                "gists_url": "https://api.github.com/users/ThiefMaster/gists{/gist_id}",
                "starred_url": "https://api.github.com/users/ThiefMaster/starred{/owner}{/repo}",
                "subscriptions_url": "https://api.github.com/users/ThiefMaster/subscriptions",
                "organizations_url": "https://api.github.com/users/ThiefMaster/orgs",
                "repos_url": "https://api.github.com/users/ThiefMaster/repos",
                "events_url": "https://api.github.com/users/ThiefMaster/events{/privacy}",
                "received_events_url": "https://api.github.com/users/ThiefMaster/received_events",
                "type": "User",
                "site_admin": false
            },
            "created_at": "2015-06-12T13:21:20Z",
            "updated_at": "2015-06-12T13:21:20Z",
            "author_association": "MEMBER",
            "body": "Besides that, \"Done\" is not a very good title for a pull request...\n"
        }
    ]
}