{
    "url": "https://api.github.com/repos/pallets/flask/issues/1623",
    "repository_url": "https://api.github.com/repos/pallets/flask",
    "labels_url": "https://api.github.com/repos/pallets/flask/issues/1623/labels{/name}",
    "comments_url": "https://api.github.com/repos/pallets/flask/issues/1623/comments",
    "events_url": "https://api.github.com/repos/pallets/flask/issues/1623/events",
    "html_url": "https://github.com/pallets/flask/issues/1623",
    "id": 118237134,
    "node_id": "MDU6SXNzdWUxMTgyMzcxMzQ=",
    "number": 1623,
    "title": "demo doesn't show the active port",
    "user": {
        "login": "llimllib",
        "id": 7150,
        "node_id": "MDQ6VXNlcjcxNTA=",
        "avatar_url": "https://avatars3.githubusercontent.com/u/7150?v=4",
        "gravatar_id": "",
        "url": "https://api.github.com/users/llimllib",
        "html_url": "https://github.com/llimllib",
        "followers_url": "https://api.github.com/users/llimllib/followers",
        "following_url": "https://api.github.com/users/llimllib/following{/other_user}",
        "gists_url": "https://api.github.com/users/llimllib/gists{/gist_id}",
        "starred_url": "https://api.github.com/users/llimllib/starred{/owner}{/repo}",
        "subscriptions_url": "https://api.github.com/users/llimllib/subscriptions",
        "organizations_url": "https://api.github.com/users/llimllib/orgs",
        "repos_url": "https://api.github.com/users/llimllib/repos",
        "events_url": "https://api.github.com/users/llimllib/events{/privacy}",
        "received_events_url": "https://api.github.com/users/llimllib/received_events",
        "type": "User",
        "site_admin": false
    },
    "labels": [],
    "state": "closed",
    "locked": false,
    "assignee": null,
    "assignees": [],
    "milestone": null,
    "comments": 2,
    "created_at": "2015-11-22T03:51:24Z",
    "updated_at": "2015-11-22T13:55:31Z",
    "closed_at": "2015-11-22T09:18:30Z",
    "author_association": "CONTRIBUTOR",
    "body": "On python 3.4.3 with `flask-0.10.1`, running the demo in the [quickstart](http://flask.pocoo.org/docs/0.10/quickstart/) doesn't print what port it's on:\n\n```\n$ python helloworld.py\n * Restarting with stat\n * Debugger is active!\n * Debugger pin code: 281-051-764\n```\n\nit is on port 5000, so you can guess it from the docs, but I think it should tell the user what port it's running on?\n",
    "comments_inline": [
        {
            "url": "https://api.github.com/repos/pallets/flask/issues/comments/158738695",
            "html_url": "https://github.com/pallets/flask/issues/1623#issuecomment-158738695",
            "issue_url": "https://api.github.com/repos/pallets/flask/issues/1623",
            "id": 158738695,
            "node_id": "MDEyOklzc3VlQ29tbWVudDE1ODczODY5NQ==",
            "user": {
                "login": "mitsuhiko",
                "id": 7396,
                "node_id": "MDQ6VXNlcjczOTY=",
                "avatar_url": "https://avatars1.githubusercontent.com/u/7396?v=4",
                "gravatar_id": "",
                "url": "https://api.github.com/users/mitsuhiko",
                "html_url": "https://github.com/mitsuhiko",
                "followers_url": "https://api.github.com/users/mitsuhiko/followers",
                "following_url": "https://api.github.com/users/mitsuhiko/following{/other_user}",
                "gists_url": "https://api.github.com/users/mitsuhiko/gists{/gist_id}",
                "starred_url": "https://api.github.com/users/mitsuhiko/starred{/owner}{/repo}",
                "subscriptions_url": "https://api.github.com/users/mitsuhiko/subscriptions",
                "organizations_url": "https://api.github.com/users/mitsuhiko/orgs",
                "repos_url": "https://api.github.com/users/mitsuhiko/repos",
                "events_url": "https://api.github.com/users/mitsuhiko/events{/privacy}",
                "received_events_url": "https://api.github.com/users/mitsuhiko/received_events",
                "type": "User",
                "site_admin": false
            },
            "created_at": "2015-11-22T09:18:30Z",
            "updated_at": "2015-11-22T09:18:30Z",
            "author_association": "MEMBER",
            "body": "That seems to be a regression in Werkzeug on Python 3.  I will open an issue in the correct tracker.\n"
        },
        {
            "url": "https://api.github.com/repos/pallets/flask/issues/comments/158761592",
            "html_url": "https://github.com/pallets/flask/issues/1623#issuecomment-158761592",
            "issue_url": "https://api.github.com/repos/pallets/flask/issues/1623",
            "id": 158761592,
            "node_id": "MDEyOklzc3VlQ29tbWVudDE1ODc2MTU5Mg==",
            "user": {
                "login": "llimllib",
                "id": 7150,
                "node_id": "MDQ6VXNlcjcxNTA=",
                "avatar_url": "https://avatars3.githubusercontent.com/u/7150?v=4",
                "gravatar_id": "",
                "url": "https://api.github.com/users/llimllib",
                "html_url": "https://github.com/llimllib",
                "followers_url": "https://api.github.com/users/llimllib/followers",
                "following_url": "https://api.github.com/users/llimllib/following{/other_user}",
                "gists_url": "https://api.github.com/users/llimllib/gists{/gist_id}",
                "starred_url": "https://api.github.com/users/llimllib/starred{/owner}{/repo}",
                "subscriptions_url": "https://api.github.com/users/llimllib/subscriptions",
                "organizations_url": "https://api.github.com/users/llimllib/orgs",
                "repos_url": "https://api.github.com/users/llimllib/repos",
                "events_url": "https://api.github.com/users/llimllib/events{/privacy}",
                "received_events_url": "https://api.github.com/users/llimllib/received_events",
                "type": "User",
                "site_admin": false
            },
            "created_at": "2015-11-22T13:55:31Z",
            "updated_at": "2015-11-22T13:55:31Z",
            "author_association": "CONTRIBUTOR",
            "body": "Thanks, and sorry for opening it was n the wrong project\n"
        }
    ]
}