{
    "url": "https://api.github.com/repos/pallets/flask/issues/1624",
    "repository_url": "https://api.github.com/repos/pallets/flask",
    "labels_url": "https://api.github.com/repos/pallets/flask/issues/1624/labels{/name}",
    "comments_url": "https://api.github.com/repos/pallets/flask/issues/1624/comments",
    "events_url": "https://api.github.com/repos/pallets/flask/issues/1624/events",
    "html_url": "https://github.com/pallets/flask/pull/1624",
    "id": 118246683,
    "node_id": "MDExOlB1bGxSZXF1ZXN0NTE0NTkxNDc=",
    "number": 1624,
    "title": "Render the code block in mongokit.rst",
    "user": {
        "login": "lord63",
        "id": 5268051,
        "node_id": "MDQ6VXNlcjUyNjgwNTE=",
        "avatar_url": "https://avatars0.githubusercontent.com/u/5268051?v=4",
        "gravatar_id": "",
        "url": "https://api.github.com/users/lord63",
        "html_url": "https://github.com/lord63",
        "followers_url": "https://api.github.com/users/lord63/followers",
        "following_url": "https://api.github.com/users/lord63/following{/other_user}",
        "gists_url": "https://api.github.com/users/lord63/gists{/gist_id}",
        "starred_url": "https://api.github.com/users/lord63/starred{/owner}{/repo}",
        "subscriptions_url": "https://api.github.com/users/lord63/subscriptions",
        "organizations_url": "https://api.github.com/users/lord63/orgs",
        "repos_url": "https://api.github.com/users/lord63/repos",
        "events_url": "https://api.github.com/users/lord63/events{/privacy}",
        "received_events_url": "https://api.github.com/users/lord63/received_events",
        "type": "User",
        "site_admin": false
    },
    "labels": [],
    "state": "closed",
    "locked": false,
    "assignee": null,
    "assignees": [],
    "milestone": null,
    "comments": 0,
    "created_at": "2015-11-22T06:51:12Z",
    "updated_at": "2015-11-22T08:15:58Z",
    "closed_at": "2015-11-22T08:15:58Z",
    "author_association": "CONTRIBUTOR",
    "pull_request": {
        "url": "https://api.github.com/repos/pallets/flask/pulls/1624",
        "html_url": "https://github.com/pallets/flask/pull/1624",
        "diff_url": "https://github.com/pallets/flask/pull/1624.diff",
        "patch_url": "https://github.com/pallets/flask/pull/1624.patch"
    },
    "body": "The code block in [mongokit pattern](http://flask.pocoo.org/docs/dev/patterns/mongokit/#declarative) seems not rendered properly. Fix it by adding the missing blank line.\n"
}