{
    "url": "https://api.github.com/repos/pallets/flask/issues/1626",
    "repository_url": "https://api.github.com/repos/pallets/flask",
    "labels_url": "https://api.github.com/repos/pallets/flask/issues/1626/labels{/name}",
    "comments_url": "https://api.github.com/repos/pallets/flask/issues/1626/comments",
    "events_url": "https://api.github.com/repos/pallets/flask/issues/1626/events",
    "html_url": "https://github.com/pallets/flask/issues/1626",
    "id": 119053302,
    "node_id": "MDU6SXNzdWUxMTkwNTMzMDI=",
    "number": 1626,
    "title": "Can't deploy flask in nginx using python 3 (in a subroot) ",
    "user": {
        "login": "osk386",
        "id": 1568533,
        "node_id": "MDQ6VXNlcjE1Njg1MzM=",
        "avatar_url": "https://avatars1.githubusercontent.com/u/1568533?v=4",
        "gravatar_id": "",
        "url": "https://api.github.com/users/osk386",
        "html_url": "https://github.com/osk386",
        "followers_url": "https://api.github.com/users/osk386/followers",
        "following_url": "https://api.github.com/users/osk386/following{/other_user}",
        "gists_url": "https://api.github.com/users/osk386/gists{/gist_id}",
        "starred_url": "https://api.github.com/users/osk386/starred{/owner}{/repo}",
        "subscriptions_url": "https://api.github.com/users/osk386/subscriptions",
        "organizations_url": "https://api.github.com/users/osk386/orgs",
        "repos_url": "https://api.github.com/users/osk386/repos",
        "events_url": "https://api.github.com/users/osk386/events{/privacy}",
        "received_events_url": "https://api.github.com/users/osk386/received_events",
        "type": "User",
        "site_admin": false
    },
    "labels": [],
    "state": "closed",
    "locked": false,
    "assignee": null,
    "assignees": [],
    "milestone": null,
    "comments": 2,
    "created_at": "2015-11-26T14:17:58Z",
    "updated_at": "2015-11-26T22:47:16Z",
    "closed_at": "2015-11-26T15:06:01Z",
    "author_association": "NONE",
    "body": "I am trying to deploy a flask application into an url subroot like\n\nlocalhost/flaskapp\n\nI configured my project with this settings:\n\nwsgi.ini\n\n```\n[uwsgi]\nsocket = /tmp/wsgi.sock\nchmod-socket    = 666\nuid = www-data\ngid = www-data\nchdir= /var/www/flaskproject\nmodule = wsgi \ncallable = application\nlogto = /var/www/flaskproject/logs/t.log \n```\n\nnginx.conf\n\n```\nlocation / {\n     root   /var/www/website;\n  }\n\n\nlocation = /flaskapp { rewrite ^ /flaskapp/; }\nlocation /flaskapp { try_files $uri @application; }\nlocation @application {\n  include uwsgi_params;\n  uwsgi_param SCRIPT_NAME /flaskapp;\n  uwsgi_modifier1 30;\n  uwsgi_pass unix:/tmp/wsgi.sock;\n}\n```\n\nwsgi.py\n\n```\nfrom myapp import application\n\nif __name__ == \"__main__\":\n    application.run()\n```\n\nmyapp.py\n\n```\nfrom flask import Flask\n\napplication = Flask(__name__)\n\n@application.route(\"/\")\ndef index():\n    try:\n        import http.client\n        fr = \"OK Python 3.x\"\n\n    except ImportError:         \n        fr = \"OK Python 2.x\"           \n    return fr\n\n@application.route(\"/more\")\ndef sdf():\n    return \"OK deeper subroot\"\n\nif __name__ == \"__main__\":\n    application.run(host='0.0.0.0')\n```\n\nI execute this into virtualenvs for python 2.7 and python 3.4, each one with their respective uwsgi modules compiled( I mean compiled for python 2.7 and 3.4).\n\nWhen I run each one, open my browser and I got this:\n\n**_2.7 venv:**_\n\nlocalhost: webpage (it's ok)\n\nlocalhost/flaskapp: \"OK Python 2.x\"\n\nlocalhost/flaskapp/more: \"OK deeper subroot\"\n\n**_3.4 venv**_\n\nlocalhost: webpage (it's ok)\n\nlocalhost/flaskapp: \"Not found\" message\n\nlocalhost/flaskapp/more: \"Not found\" message\n\nAs you can see, this works with python 2.7 but in python 3.4. I want to know how to run this with python 3.4, \n\nThank you\n",
    "comments_inline": [
        {
            "url": "https://api.github.com/repos/pallets/flask/issues/comments/159934314",
            "html_url": "https://github.com/pallets/flask/issues/1626#issuecomment-159934314",
            "issue_url": "https://api.github.com/repos/pallets/flask/issues/1626",
            "id": 159934314,
            "node_id": "MDEyOklzc3VlQ29tbWVudDE1OTkzNDMxNA==",
            "user": {
                "login": "mitsuhiko",
                "id": 7396,
                "node_id": "MDQ6VXNlcjczOTY=",
                "avatar_url": "https://avatars1.githubusercontent.com/u/7396?v=4",
                "gravatar_id": "",
                "url": "https://api.github.com/users/mitsuhiko",
                "html_url": "https://github.com/mitsuhiko",
                "followers_url": "https://api.github.com/users/mitsuhiko/followers",
                "following_url": "https://api.github.com/users/mitsuhiko/following{/other_user}",
                "gists_url": "https://api.github.com/users/mitsuhiko/gists{/gist_id}",
                "starred_url": "https://api.github.com/users/mitsuhiko/starred{/owner}{/repo}",
                "subscriptions_url": "https://api.github.com/users/mitsuhiko/subscriptions",
                "organizations_url": "https://api.github.com/users/mitsuhiko/orgs",
                "repos_url": "https://api.github.com/users/mitsuhiko/repos",
                "events_url": "https://api.github.com/users/mitsuhiko/events{/privacy}",
                "received_events_url": "https://api.github.com/users/mitsuhiko/received_events",
                "type": "User",
                "site_admin": false
            },
            "created_at": "2015-11-26T15:06:01Z",
            "updated_at": "2015-11-26T15:06:01Z",
            "author_association": "MEMBER",
            "body": "Hi. You should probably ask this question on stackoverflow. This is an issue tracker and not a support forum :)\n\nThis is also not related to Flask but uwsgi most likely which is what serves up the app.\n"
        },
        {
            "url": "https://api.github.com/repos/pallets/flask/issues/comments/160001211",
            "html_url": "https://github.com/pallets/flask/issues/1626#issuecomment-160001211",
            "issue_url": "https://api.github.com/repos/pallets/flask/issues/1626",
            "id": 160001211,
            "node_id": "MDEyOklzc3VlQ29tbWVudDE2MDAwMTIxMQ==",
            "user": {
                "login": "jeffwidman",
                "id": 483314,
                "node_id": "MDQ6VXNlcjQ4MzMxNA==",
                "avatar_url": "https://avatars2.githubusercontent.com/u/483314?v=4",
                "gravatar_id": "",
                "url": "https://api.github.com/users/jeffwidman",
                "html_url": "https://github.com/jeffwidman",
                "followers_url": "https://api.github.com/users/jeffwidman/followers",
                "following_url": "https://api.github.com/users/jeffwidman/following{/other_user}",
                "gists_url": "https://api.github.com/users/jeffwidman/gists{/gist_id}",
                "starred_url": "https://api.github.com/users/jeffwidman/starred{/owner}{/repo}",
                "subscriptions_url": "https://api.github.com/users/jeffwidman/subscriptions",
                "organizations_url": "https://api.github.com/users/jeffwidman/orgs",
                "repos_url": "https://api.github.com/users/jeffwidman/repos",
                "events_url": "https://api.github.com/users/jeffwidman/events{/privacy}",
                "received_events_url": "https://api.github.com/users/jeffwidman/received_events",
                "type": "User",
                "site_admin": false
            },
            "created_at": "2015-11-26T22:47:16Z",
            "updated_at": "2015-11-26T22:47:16Z",
            "author_association": "MEMBER",
            "body": "FYI @osk386 if you're reading the Flask docs on how to deploy with Nginx/uWSGI you'll want to make sure you're reading the dev version because it has updated instructions for uWSGI + Flask... see this PR: https://github.com/mitsuhiko/flask/pull/1558\n"
        }
    ]
}