{
    "url": "https://api.github.com/repos/pallets/flask/issues/1628",
    "repository_url": "https://api.github.com/repos/pallets/flask",
    "labels_url": "https://api.github.com/repos/pallets/flask/issues/1628/labels{/name}",
    "comments_url": "https://api.github.com/repos/pallets/flask/issues/1628/comments",
    "events_url": "https://api.github.com/repos/pallets/flask/issues/1628/events",
    "html_url": "https://github.com/pallets/flask/pull/1628",
    "id": 119101157,
    "node_id": "MDExOlB1bGxSZXF1ZXN0NTE5NDUwNjg=",
    "number": 1628,
    "title": "In case a test fails a .cache directory is created",
    "user": {
        "login": "redian",
        "id": 816941,
        "node_id": "MDQ6VXNlcjgxNjk0MQ==",
        "avatar_url": "https://avatars2.githubusercontent.com/u/816941?v=4",
        "gravatar_id": "",
        "url": "https://api.github.com/users/redian",
        "html_url": "https://github.com/redian",
        "followers_url": "https://api.github.com/users/redian/followers",
        "following_url": "https://api.github.com/users/redian/following{/other_user}",
        "gists_url": "https://api.github.com/users/redian/gists{/gist_id}",
        "starred_url": "https://api.github.com/users/redian/starred{/owner}{/repo}",
        "subscriptions_url": "https://api.github.com/users/redian/subscriptions",
        "organizations_url": "https://api.github.com/users/redian/orgs",
        "repos_url": "https://api.github.com/users/redian/repos",
        "events_url": "https://api.github.com/users/redian/events{/privacy}",
        "received_events_url": "https://api.github.com/users/redian/received_events",
        "type": "User",
        "site_admin": false
    },
    "labels": [],
    "state": "closed",
    "locked": false,
    "assignee": null,
    "assignees": [],
    "milestone": null,
    "comments": 4,
    "created_at": "2015-11-26T20:51:45Z",
    "updated_at": "2015-11-26T21:04:19Z",
    "closed_at": "2015-11-26T21:03:22Z",
    "author_association": "CONTRIBUTOR",
    "pull_request": {
        "url": "https://api.github.com/repos/pallets/flask/pulls/1628",
        "html_url": "https://github.com/pallets/flask/pull/1628",
        "diff_url": "https://github.com/pallets/flask/pull/1628.diff",
        "patch_url": "https://github.com/pallets/flask/pull/1628.patch"
    },
    "body": "I think this could be handy and potentially minimise the risk\nanyone commits it to the project.\n\n```\nflask - (master) $ tree .cache/\n.cache/\n\u2514\u2500\u2500 v\n    \u2514\u2500\u2500 cache\n        \u2514\u2500\u2500 lastfailed\n\n```\n",
    "comments_inline": [
        {
            "url": "https://api.github.com/repos/pallets/flask/issues/comments/159993022",
            "html_url": "https://github.com/pallets/flask/pull/1628#issuecomment-159993022",
            "issue_url": "https://api.github.com/repos/pallets/flask/issues/1628",
            "id": 159993022,
            "node_id": "MDEyOklzc3VlQ29tbWVudDE1OTk5MzAyMg==",
            "user": {
                "login": "ThiefMaster",
                "id": 179599,
                "node_id": "MDQ6VXNlcjE3OTU5OQ==",
                "avatar_url": "https://avatars1.githubusercontent.com/u/179599?v=4",
                "gravatar_id": "",
                "url": "https://api.github.com/users/ThiefMaster",
                "html_url": "https://github.com/ThiefMaster",
                "followers_url": "https://api.github.com/users/ThiefMaster/followers",
                "following_url": "https://api.github.com/users/ThiefMaster/following{/other_user}",
                "gists_url": "https://api.github.com/users/ThiefMaster/gists{/gist_id}",
                "starred_url": "https://api.github.com/users/ThiefMaster/starred{/owner}{/repo}",
                "subscriptions_url": "https://api.github.com/users/ThiefMaster/subscriptions",
                "organizations_url": "https://api.github.com/users/ThiefMaster/orgs",
                "repos_url": "https://api.github.com/users/ThiefMaster/repos",
                "events_url": "https://api.github.com/users/ThiefMaster/events{/privacy}",
                "received_events_url": "https://api.github.com/users/ThiefMaster/received_events",
                "type": "User",
                "site_admin": false
            },
            "created_at": "2015-11-26T20:53:43Z",
            "updated_at": "2015-11-26T20:53:43Z",
            "author_association": "MEMBER",
            "body": "I think it's a new feature in a somewhat recent pytest version to create `.cache` - having it on `.gitignore` makes sense indeed.\n\nI'd add `.cache/` though to make it clear that it's a directory and possibly reword the commit message - right now it sounds more like the commit changes it so that such a directory is created. _\"Add .cache dir to gitignore\"_ might summarize the commit better?\n"
        },
        {
            "url": "https://api.github.com/repos/pallets/flask/issues/comments/159993080",
            "html_url": "https://github.com/pallets/flask/pull/1628#issuecomment-159993080",
            "issue_url": "https://api.github.com/repos/pallets/flask/issues/1628",
            "id": 159993080,
            "node_id": "MDEyOklzc3VlQ29tbWVudDE1OTk5MzA4MA==",
            "user": {
                "login": "mitsuhiko",
                "id": 7396,
                "node_id": "MDQ6VXNlcjczOTY=",
                "avatar_url": "https://avatars1.githubusercontent.com/u/7396?v=4",
                "gravatar_id": "",
                "url": "https://api.github.com/users/mitsuhiko",
                "html_url": "https://github.com/mitsuhiko",
                "followers_url": "https://api.github.com/users/mitsuhiko/followers",
                "following_url": "https://api.github.com/users/mitsuhiko/following{/other_user}",
                "gists_url": "https://api.github.com/users/mitsuhiko/gists{/gist_id}",
                "starred_url": "https://api.github.com/users/mitsuhiko/starred{/owner}{/repo}",
                "subscriptions_url": "https://api.github.com/users/mitsuhiko/subscriptions",
                "organizations_url": "https://api.github.com/users/mitsuhiko/orgs",
                "repos_url": "https://api.github.com/users/mitsuhiko/repos",
                "events_url": "https://api.github.com/users/mitsuhiko/events{/privacy}",
                "received_events_url": "https://api.github.com/users/mitsuhiko/received_events",
                "type": "User",
                "site_admin": false
            },
            "created_at": "2015-11-26T20:54:28Z",
            "updated_at": "2015-11-26T20:54:28Z",
            "author_association": "MEMBER",
            "body": "+1 on the gitignore. I saw this pop up in other projects of mine as well recently.\n"
        },
        {
            "url": "https://api.github.com/repos/pallets/flask/issues/comments/159993844",
            "html_url": "https://github.com/pallets/flask/pull/1628#issuecomment-159993844",
            "issue_url": "https://api.github.com/repos/pallets/flask/issues/1628",
            "id": 159993844,
            "node_id": "MDEyOklzc3VlQ29tbWVudDE1OTk5Mzg0NA==",
            "user": {
                "login": "redian",
                "id": 816941,
                "node_id": "MDQ6VXNlcjgxNjk0MQ==",
                "avatar_url": "https://avatars2.githubusercontent.com/u/816941?v=4",
                "gravatar_id": "",
                "url": "https://api.github.com/users/redian",
                "html_url": "https://github.com/redian",
                "followers_url": "https://api.github.com/users/redian/followers",
                "following_url": "https://api.github.com/users/redian/following{/other_user}",
                "gists_url": "https://api.github.com/users/redian/gists{/gist_id}",
                "starred_url": "https://api.github.com/users/redian/starred{/owner}{/repo}",
                "subscriptions_url": "https://api.github.com/users/redian/subscriptions",
                "organizations_url": "https://api.github.com/users/redian/orgs",
                "repos_url": "https://api.github.com/users/redian/repos",
                "events_url": "https://api.github.com/users/redian/events{/privacy}",
                "received_events_url": "https://api.github.com/users/redian/received_events",
                "type": "User",
                "site_admin": false
            },
            "created_at": "2015-11-26T21:03:22Z",
            "updated_at": "2015-11-26T21:03:22Z",
            "author_association": "CONTRIBUTOR",
            "body": "I missed your renaming bit sorry, will close this pull request and make another one.\n\nSorry about that.\n"
        },
        {
            "url": "https://api.github.com/repos/pallets/flask/issues/comments/159993886",
            "html_url": "https://github.com/pallets/flask/pull/1628#issuecomment-159993886",
            "issue_url": "https://api.github.com/repos/pallets/flask/issues/1628",
            "id": 159993886,
            "node_id": "MDEyOklzc3VlQ29tbWVudDE1OTk5Mzg4Ng==",
            "user": {
                "login": "ThiefMaster",
                "id": 179599,
                "node_id": "MDQ6VXNlcjE3OTU5OQ==",
                "avatar_url": "https://avatars1.githubusercontent.com/u/179599?v=4",
                "gravatar_id": "",
                "url": "https://api.github.com/users/ThiefMaster",
                "html_url": "https://github.com/ThiefMaster",
                "followers_url": "https://api.github.com/users/ThiefMaster/followers",
                "following_url": "https://api.github.com/users/ThiefMaster/following{/other_user}",
                "gists_url": "https://api.github.com/users/ThiefMaster/gists{/gist_id}",
                "starred_url": "https://api.github.com/users/ThiefMaster/starred{/owner}{/repo}",
                "subscriptions_url": "https://api.github.com/users/ThiefMaster/subscriptions",
                "organizations_url": "https://api.github.com/users/ThiefMaster/orgs",
                "repos_url": "https://api.github.com/users/ThiefMaster/repos",
                "events_url": "https://api.github.com/users/ThiefMaster/events{/privacy}",
                "received_events_url": "https://api.github.com/users/ThiefMaster/received_events",
                "type": "User",
                "site_admin": false
            },
            "created_at": "2015-11-26T21:03:55Z",
            "updated_at": "2015-11-26T21:04:19Z",
            "author_association": "MEMBER",
            "body": "you can just forcepush to the branch (to replace the commits you have there right now); no need to create a new PR\n"
        }
    ]
}