{
    "url": "https://api.github.com/repos/pallets/flask/issues/1629",
    "repository_url": "https://api.github.com/repos/pallets/flask",
    "labels_url": "https://api.github.com/repos/pallets/flask/issues/1629/labels{/name}",
    "comments_url": "https://api.github.com/repos/pallets/flask/issues/1629/comments",
    "events_url": "https://api.github.com/repos/pallets/flask/issues/1629/events",
    "html_url": "https://github.com/pallets/flask/pull/1629",
    "id": 119102024,
    "node_id": "MDExOlB1bGxSZXF1ZXN0NTE5NDU1NzM=",
    "number": 1629,
    "title": "Add .cache dir to gitignore",
    "user": {
        "login": "redian",
        "id": 816941,
        "node_id": "MDQ6VXNlcjgxNjk0MQ==",
        "avatar_url": "https://avatars2.githubusercontent.com/u/816941?v=4",
        "gravatar_id": "",
        "url": "https://api.github.com/users/redian",
        "html_url": "https://github.com/redian",
        "followers_url": "https://api.github.com/users/redian/followers",
        "following_url": "https://api.github.com/users/redian/following{/other_user}",
        "gists_url": "https://api.github.com/users/redian/gists{/gist_id}",
        "starred_url": "https://api.github.com/users/redian/starred{/owner}{/repo}",
        "subscriptions_url": "https://api.github.com/users/redian/subscriptions",
        "organizations_url": "https://api.github.com/users/redian/orgs",
        "repos_url": "https://api.github.com/users/redian/repos",
        "events_url": "https://api.github.com/users/redian/events{/privacy}",
        "received_events_url": "https://api.github.com/users/redian/received_events",
        "type": "User",
        "site_admin": false
    },
    "labels": [],
    "state": "closed",
    "locked": false,
    "assignee": null,
    "assignees": [],
    "milestone": null,
    "comments": 1,
    "created_at": "2015-11-26T21:04:38Z",
    "updated_at": "2015-11-27T03:17:41Z",
    "closed_at": "2015-11-27T03:17:41Z",
    "author_association": "CONTRIBUTOR",
    "pull_request": {
        "url": "https://api.github.com/repos/pallets/flask/pulls/1629",
        "html_url": "https://github.com/pallets/flask/pull/1629",
        "diff_url": "https://github.com/pallets/flask/pull/1629.diff",
        "patch_url": "https://github.com/pallets/flask/pull/1629.patch"
    },
    "body": "I think this could be handy and potentially minimise the risk\nanyone commits it to the project.\n\n```\nflask - (master) $ tree .cache/\n.cache/\n\u2514\u2500\u2500 v\n    \u2514\u2500\u2500 cache\n        \u2514\u2500\u2500 lastfailed\n\n```\n",
    "comments_inline": [
        {
            "url": "https://api.github.com/repos/pallets/flask/issues/comments/159993992",
            "html_url": "https://github.com/pallets/flask/pull/1629#issuecomment-159993992",
            "issue_url": "https://api.github.com/repos/pallets/flask/issues/1629",
            "id": 159993992,
            "node_id": "MDEyOklzc3VlQ29tbWVudDE1OTk5Mzk5Mg==",
            "user": {
                "login": "ThiefMaster",
                "id": 179599,
                "node_id": "MDQ6VXNlcjE3OTU5OQ==",
                "avatar_url": "https://avatars1.githubusercontent.com/u/179599?v=4",
                "gravatar_id": "",
                "url": "https://api.github.com/users/ThiefMaster",
                "html_url": "https://github.com/ThiefMaster",
                "followers_url": "https://api.github.com/users/ThiefMaster/followers",
                "following_url": "https://api.github.com/users/ThiefMaster/following{/other_user}",
                "gists_url": "https://api.github.com/users/ThiefMaster/gists{/gist_id}",
                "starred_url": "https://api.github.com/users/ThiefMaster/starred{/owner}{/repo}",
                "subscriptions_url": "https://api.github.com/users/ThiefMaster/subscriptions",
                "organizations_url": "https://api.github.com/users/ThiefMaster/orgs",
                "repos_url": "https://api.github.com/users/ThiefMaster/repos",
                "events_url": "https://api.github.com/users/ThiefMaster/events{/privacy}",
                "received_events_url": "https://api.github.com/users/ThiefMaster/received_events",
                "type": "User",
                "site_admin": false
            },
            "created_at": "2015-11-26T21:05:15Z",
            "updated_at": "2015-11-26T21:05:15Z",
            "author_association": "MEMBER",
            "body": ":+1:\n"
        }
    ]
}