{
    "url": "https://api.github.com/repos/pallets/flask/issues/1630",
    "repository_url": "https://api.github.com/repos/pallets/flask",
    "labels_url": "https://api.github.com/repos/pallets/flask/issues/1630/labels{/name}",
    "comments_url": "https://api.github.com/repos/pallets/flask/issues/1630/comments",
    "events_url": "https://api.github.com/repos/pallets/flask/issues/1630/events",
    "html_url": "https://github.com/pallets/flask/pull/1630",
    "id": 119104594,
    "node_id": "MDExOlB1bGxSZXF1ZXN0NTE5NDcxNDc=",
    "number": 1630,
    "title": "Skip tests if redbaron is not installed",
    "user": {
        "login": "redian",
        "id": 816941,
        "node_id": "MDQ6VXNlcjgxNjk0MQ==",
        "avatar_url": "https://avatars2.githubusercontent.com/u/816941?v=4",
        "gravatar_id": "",
        "url": "https://api.github.com/users/redian",
        "html_url": "https://github.com/redian",
        "followers_url": "https://api.github.com/users/redian/followers",
        "following_url": "https://api.github.com/users/redian/following{/other_user}",
        "gists_url": "https://api.github.com/users/redian/gists{/gist_id}",
        "starred_url": "https://api.github.com/users/redian/starred{/owner}{/repo}",
        "subscriptions_url": "https://api.github.com/users/redian/subscriptions",
        "organizations_url": "https://api.github.com/users/redian/orgs",
        "repos_url": "https://api.github.com/users/redian/repos",
        "events_url": "https://api.github.com/users/redian/events{/privacy}",
        "received_events_url": "https://api.github.com/users/redian/received_events",
        "type": "User",
        "site_admin": false
    },
    "labels": [],
    "state": "closed",
    "locked": false,
    "assignee": null,
    "assignees": [],
    "milestone": null,
    "comments": 7,
    "created_at": "2015-11-26T21:47:46Z",
    "updated_at": "2015-11-27T16:57:56Z",
    "closed_at": "2015-11-27T16:57:56Z",
    "author_association": "CONTRIBUTOR",
    "pull_request": {
        "url": "https://api.github.com/repos/pallets/flask/pulls/1630",
        "html_url": "https://github.com/pallets/flask/pull/1630",
        "diff_url": "https://github.com/pallets/flask/pull/1630.diff",
        "patch_url": "https://github.com/pallets/flask/pull/1630.patch"
    },
    "body": "This will make sure these tests will be skipped if you don't have redbaron installed.\n",
    "comments_inline": [
        {
            "url": "https://api.github.com/repos/pallets/flask/issues/comments/159997286",
            "html_url": "https://github.com/pallets/flask/pull/1630#issuecomment-159997286",
            "issue_url": "https://api.github.com/repos/pallets/flask/issues/1630",
            "id": 159997286,
            "node_id": "MDEyOklzc3VlQ29tbWVudDE1OTk5NzI4Ng==",
            "user": {
                "login": "ThiefMaster",
                "id": 179599,
                "node_id": "MDQ6VXNlcjE3OTU5OQ==",
                "avatar_url": "https://avatars1.githubusercontent.com/u/179599?v=4",
                "gravatar_id": "",
                "url": "https://api.github.com/users/ThiefMaster",
                "html_url": "https://github.com/ThiefMaster",
                "followers_url": "https://api.github.com/users/ThiefMaster/followers",
                "following_url": "https://api.github.com/users/ThiefMaster/following{/other_user}",
                "gists_url": "https://api.github.com/users/ThiefMaster/gists{/gist_id}",
                "starred_url": "https://api.github.com/users/ThiefMaster/starred{/owner}{/repo}",
                "subscriptions_url": "https://api.github.com/users/ThiefMaster/subscriptions",
                "organizations_url": "https://api.github.com/users/ThiefMaster/orgs",
                "repos_url": "https://api.github.com/users/ThiefMaster/repos",
                "events_url": "https://api.github.com/users/ThiefMaster/events{/privacy}",
                "received_events_url": "https://api.github.com/users/ThiefMaster/received_events",
                "type": "User",
                "site_admin": false
            },
            "created_at": "2015-11-26T21:49:01Z",
            "updated_at": "2015-11-26T21:49:01Z",
            "author_association": "MEMBER",
            "body": "unrelated, but your `user.email` is set to an email not associated with your github account\n"
        },
        {
            "url": "https://api.github.com/repos/pallets/flask/issues/comments/159997460",
            "html_url": "https://github.com/pallets/flask/pull/1630#issuecomment-159997460",
            "issue_url": "https://api.github.com/repos/pallets/flask/issues/1630",
            "id": 159997460,
            "node_id": "MDEyOklzc3VlQ29tbWVudDE1OTk5NzQ2MA==",
            "user": {
                "login": "redian",
                "id": 816941,
                "node_id": "MDQ6VXNlcjgxNjk0MQ==",
                "avatar_url": "https://avatars2.githubusercontent.com/u/816941?v=4",
                "gravatar_id": "",
                "url": "https://api.github.com/users/redian",
                "html_url": "https://github.com/redian",
                "followers_url": "https://api.github.com/users/redian/followers",
                "following_url": "https://api.github.com/users/redian/following{/other_user}",
                "gists_url": "https://api.github.com/users/redian/gists{/gist_id}",
                "starred_url": "https://api.github.com/users/redian/starred{/owner}{/repo}",
                "subscriptions_url": "https://api.github.com/users/redian/subscriptions",
                "organizations_url": "https://api.github.com/users/redian/orgs",
                "repos_url": "https://api.github.com/users/redian/repos",
                "events_url": "https://api.github.com/users/redian/events{/privacy}",
                "received_events_url": "https://api.github.com/users/redian/received_events",
                "type": "User",
                "site_admin": false
            },
            "created_at": "2015-11-26T21:51:18Z",
            "updated_at": "2015-11-26T21:51:18Z",
            "author_association": "CONTRIBUTOR",
            "body": "@ThiefMaster i noticed that as well, i just updated my profile and added the other email (work) address.\n"
        },
        {
            "url": "https://api.github.com/repos/pallets/flask/issues/comments/159997939",
            "html_url": "https://github.com/pallets/flask/pull/1630#issuecomment-159997939",
            "issue_url": "https://api.github.com/repos/pallets/flask/issues/1630",
            "id": 159997939,
            "node_id": "MDEyOklzc3VlQ29tbWVudDE1OTk5NzkzOQ==",
            "user": {
                "login": "ThiefMaster",
                "id": 179599,
                "node_id": "MDQ6VXNlcjE3OTU5OQ==",
                "avatar_url": "https://avatars1.githubusercontent.com/u/179599?v=4",
                "gravatar_id": "",
                "url": "https://api.github.com/users/ThiefMaster",
                "html_url": "https://github.com/ThiefMaster",
                "followers_url": "https://api.github.com/users/ThiefMaster/followers",
                "following_url": "https://api.github.com/users/ThiefMaster/following{/other_user}",
                "gists_url": "https://api.github.com/users/ThiefMaster/gists{/gist_id}",
                "starred_url": "https://api.github.com/users/ThiefMaster/starred{/owner}{/repo}",
                "subscriptions_url": "https://api.github.com/users/ThiefMaster/subscriptions",
                "organizations_url": "https://api.github.com/users/ThiefMaster/orgs",
                "repos_url": "https://api.github.com/users/ThiefMaster/repos",
                "events_url": "https://api.github.com/users/ThiefMaster/events{/privacy}",
                "received_events_url": "https://api.github.com/users/ThiefMaster/received_events",
                "type": "User",
                "site_admin": false
            },
            "created_at": "2015-11-26T21:58:03Z",
            "updated_at": "2015-11-26T21:58:03Z",
            "author_association": "MEMBER",
            "body": "Works great! In the end it's a skip and not an xfail, so I'd change the commit message accordingly\n\nbtw, usually a separate branch is better for PRs - since PRs are often merged with a merge commit and not a fast-forward your `master` will diverge from upstream's master once the PR is merged (which is easy to fix though, once it's merged you can simply `git fetch upstream` and `git reset --hard upstream/master` and then force-push)\n"
        },
        {
            "url": "https://api.github.com/repos/pallets/flask/issues/comments/159999197",
            "html_url": "https://github.com/pallets/flask/pull/1630#issuecomment-159999197",
            "issue_url": "https://api.github.com/repos/pallets/flask/issues/1630",
            "id": 159999197,
            "node_id": "MDEyOklzc3VlQ29tbWVudDE1OTk5OTE5Nw==",
            "user": {
                "login": "redian",
                "id": 816941,
                "node_id": "MDQ6VXNlcjgxNjk0MQ==",
                "avatar_url": "https://avatars2.githubusercontent.com/u/816941?v=4",
                "gravatar_id": "",
                "url": "https://api.github.com/users/redian",
                "html_url": "https://github.com/redian",
                "followers_url": "https://api.github.com/users/redian/followers",
                "following_url": "https://api.github.com/users/redian/following{/other_user}",
                "gists_url": "https://api.github.com/users/redian/gists{/gist_id}",
                "starred_url": "https://api.github.com/users/redian/starred{/owner}{/repo}",
                "subscriptions_url": "https://api.github.com/users/redian/subscriptions",
                "organizations_url": "https://api.github.com/users/redian/orgs",
                "repos_url": "https://api.github.com/users/redian/repos",
                "events_url": "https://api.github.com/users/redian/events{/privacy}",
                "received_events_url": "https://api.github.com/users/redian/received_events",
                "type": "User",
                "site_admin": false
            },
            "created_at": "2015-11-26T22:15:51Z",
            "updated_at": "2015-11-26T22:15:51Z",
            "author_association": "CONTRIBUTOR",
            "body": "Thanks for your suggestions @ThiefMaster \nFor my other commits i will use a new branch from my fork not master,\nand will fetch upstream.\nRegards\n"
        },
        {
            "url": "https://api.github.com/repos/pallets/flask/issues/comments/160000526",
            "html_url": "https://github.com/pallets/flask/pull/1630#issuecomment-160000526",
            "issue_url": "https://api.github.com/repos/pallets/flask/issues/1630",
            "id": 160000526,
            "node_id": "MDEyOklzc3VlQ29tbWVudDE2MDAwMDUyNg==",
            "user": {
                "login": "redian",
                "id": 816941,
                "node_id": "MDQ6VXNlcjgxNjk0MQ==",
                "avatar_url": "https://avatars2.githubusercontent.com/u/816941?v=4",
                "gravatar_id": "",
                "url": "https://api.github.com/users/redian",
                "html_url": "https://github.com/redian",
                "followers_url": "https://api.github.com/users/redian/followers",
                "following_url": "https://api.github.com/users/redian/following{/other_user}",
                "gists_url": "https://api.github.com/users/redian/gists{/gist_id}",
                "starred_url": "https://api.github.com/users/redian/starred{/owner}{/repo}",
                "subscriptions_url": "https://api.github.com/users/redian/subscriptions",
                "organizations_url": "https://api.github.com/users/redian/orgs",
                "repos_url": "https://api.github.com/users/redian/repos",
                "events_url": "https://api.github.com/users/redian/events{/privacy}",
                "received_events_url": "https://api.github.com/users/redian/received_events",
                "type": "User",
                "site_admin": false
            },
            "created_at": "2015-11-26T22:37:01Z",
            "updated_at": "2015-11-26T22:37:01Z",
            "author_association": "CONTRIBUTOR",
            "body": "Sorry about that, i did not realise that i was pushing over here.\n"
        },
        {
            "url": "https://api.github.com/repos/pallets/flask/issues/comments/160046563",
            "html_url": "https://github.com/pallets/flask/pull/1630#issuecomment-160046563",
            "issue_url": "https://api.github.com/repos/pallets/flask/issues/1630",
            "id": 160046563,
            "node_id": "MDEyOklzc3VlQ29tbWVudDE2MDA0NjU2Mw==",
            "user": {
                "login": "davidism",
                "id": 1242887,
                "node_id": "MDQ6VXNlcjEyNDI4ODc=",
                "avatar_url": "https://avatars1.githubusercontent.com/u/1242887?v=4",
                "gravatar_id": "",
                "url": "https://api.github.com/users/davidism",
                "html_url": "https://github.com/davidism",
                "followers_url": "https://api.github.com/users/davidism/followers",
                "following_url": "https://api.github.com/users/davidism/following{/other_user}",
                "gists_url": "https://api.github.com/users/davidism/gists{/gist_id}",
                "starred_url": "https://api.github.com/users/davidism/starred{/owner}{/repo}",
                "subscriptions_url": "https://api.github.com/users/davidism/subscriptions",
                "organizations_url": "https://api.github.com/users/davidism/orgs",
                "repos_url": "https://api.github.com/users/davidism/repos",
                "events_url": "https://api.github.com/users/davidism/events{/privacy}",
                "received_events_url": "https://api.github.com/users/davidism/received_events",
                "type": "User",
                "site_admin": false
            },
            "created_at": "2015-11-27T05:29:21Z",
            "updated_at": "2015-11-27T05:29:21Z",
            "author_association": "MEMBER",
            "body": "Rebase to remove the last two commits and I'll merge this.\n"
        },
        {
            "url": "https://api.github.com/repos/pallets/flask/issues/comments/160065635",
            "html_url": "https://github.com/pallets/flask/pull/1630#issuecomment-160065635",
            "issue_url": "https://api.github.com/repos/pallets/flask/issues/1630",
            "id": 160065635,
            "node_id": "MDEyOklzc3VlQ29tbWVudDE2MDA2NTYzNQ==",
            "user": {
                "login": "redian",
                "id": 816941,
                "node_id": "MDQ6VXNlcjgxNjk0MQ==",
                "avatar_url": "https://avatars2.githubusercontent.com/u/816941?v=4",
                "gravatar_id": "",
                "url": "https://api.github.com/users/redian",
                "html_url": "https://github.com/redian",
                "followers_url": "https://api.github.com/users/redian/followers",
                "following_url": "https://api.github.com/users/redian/following{/other_user}",
                "gists_url": "https://api.github.com/users/redian/gists{/gist_id}",
                "starred_url": "https://api.github.com/users/redian/starred{/owner}{/repo}",
                "subscriptions_url": "https://api.github.com/users/redian/subscriptions",
                "organizations_url": "https://api.github.com/users/redian/orgs",
                "repos_url": "https://api.github.com/users/redian/repos",
                "events_url": "https://api.github.com/users/redian/events{/privacy}",
                "received_events_url": "https://api.github.com/users/redian/received_events",
                "type": "User",
                "site_admin": false
            },
            "created_at": "2015-11-27T08:14:22Z",
            "updated_at": "2015-11-27T08:14:22Z",
            "author_association": "CONTRIBUTOR",
            "body": "Hi @davidism i removed the last 2 commits sorry about that.\n"
        }
    ]
}