{
    "url": "https://api.github.com/repos/pallets/flask/issues/1631",
    "repository_url": "https://api.github.com/repos/pallets/flask",
    "labels_url": "https://api.github.com/repos/pallets/flask/issues/1631/labels{/name}",
    "comments_url": "https://api.github.com/repos/pallets/flask/issues/1631/comments",
    "events_url": "https://api.github.com/repos/pallets/flask/issues/1631/events",
    "html_url": "https://github.com/pallets/flask/pull/1631",
    "id": 119289040,
    "node_id": "MDExOlB1bGxSZXF1ZXN0NTIwMzg5MTQ=",
    "number": 1631,
    "title": "Extend documentation about uwsgi/nginx deployment",
    "user": {
        "login": "stephane",
        "id": 1815,
        "node_id": "MDQ6VXNlcjE4MTU=",
        "avatar_url": "https://avatars1.githubusercontent.com/u/1815?v=4",
        "gravatar_id": "",
        "url": "https://api.github.com/users/stephane",
        "html_url": "https://github.com/stephane",
        "followers_url": "https://api.github.com/users/stephane/followers",
        "following_url": "https://api.github.com/users/stephane/following{/other_user}",
        "gists_url": "https://api.github.com/users/stephane/gists{/gist_id}",
        "starred_url": "https://api.github.com/users/stephane/starred{/owner}{/repo}",
        "subscriptions_url": "https://api.github.com/users/stephane/subscriptions",
        "organizations_url": "https://api.github.com/users/stephane/orgs",
        "repos_url": "https://api.github.com/users/stephane/repos",
        "events_url": "https://api.github.com/users/stephane/events{/privacy}",
        "received_events_url": "https://api.github.com/users/stephane/received_events",
        "type": "User",
        "site_admin": false
    },
    "labels": [],
    "state": "closed",
    "locked": false,
    "assignee": null,
    "assignees": [],
    "milestone": null,
    "comments": 1,
    "created_at": "2015-11-28T11:48:51Z",
    "updated_at": "2016-04-04T18:20:11Z",
    "closed_at": "2016-04-04T18:20:11Z",
    "author_association": "CONTRIBUTOR",
    "pull_request": {
        "url": "https://api.github.com/repos/pallets/flask/pulls/1631",
        "html_url": "https://github.com/pallets/flask/pull/1631",
        "diff_url": "https://github.com/pallets/flask/pull/1631.diff",
        "patch_url": "https://github.com/pallets/flask/pull/1631.patch"
    },
    "body": "This patch intends to provide more information about uwsgi/nginx deployment when the app callable is in (`yourapp/__init__.py`) and the application is attached to the '/' URL.\nI'm not English native so I expect some remarks ;)\n\nRelated to previous #1464\n",
    "comments_inline": [
        {
            "url": "https://api.github.com/repos/pallets/flask/issues/comments/205077676",
            "html_url": "https://github.com/pallets/flask/pull/1631#issuecomment-205077676",
            "issue_url": "https://api.github.com/repos/pallets/flask/issues/1631",
            "id": 205077676,
            "node_id": "MDEyOklzc3VlQ29tbWVudDIwNTA3NzY3Ng==",
            "user": {
                "login": "jeffwidman",
                "id": 483314,
                "node_id": "MDQ6VXNlcjQ4MzMxNA==",
                "avatar_url": "https://avatars2.githubusercontent.com/u/483314?v=4",
                "gravatar_id": "",
                "url": "https://api.github.com/users/jeffwidman",
                "html_url": "https://github.com/jeffwidman",
                "followers_url": "https://api.github.com/users/jeffwidman/followers",
                "following_url": "https://api.github.com/users/jeffwidman/following{/other_user}",
                "gists_url": "https://api.github.com/users/jeffwidman/gists{/gist_id}",
                "starred_url": "https://api.github.com/users/jeffwidman/starred{/owner}{/repo}",
                "subscriptions_url": "https://api.github.com/users/jeffwidman/subscriptions",
                "organizations_url": "https://api.github.com/users/jeffwidman/orgs",
                "repos_url": "https://api.github.com/users/jeffwidman/repos",
                "events_url": "https://api.github.com/users/jeffwidman/events{/privacy}",
                "received_events_url": "https://api.github.com/users/jeffwidman/received_events",
                "type": "User",
                "site_admin": false
            },
            "created_at": "2016-04-03T23:41:30Z",
            "updated_at": "2016-04-03T23:41:30Z",
            "author_association": "MEMBER",
            "body": "@stephane At first glance this looks useful. Can you rebase?\n"
        }
    ]
}