{
    "url": "https://api.github.com/repos/pallets/flask/issues/1633",
    "repository_url": "https://api.github.com/repos/pallets/flask",
    "labels_url": "https://api.github.com/repos/pallets/flask/issues/1633/labels{/name}",
    "comments_url": "https://api.github.com/repos/pallets/flask/issues/1633/comments",
    "events_url": "https://api.github.com/repos/pallets/flask/issues/1633/events",
    "html_url": "https://github.com/pallets/flask/issues/1633",
    "id": 119645116,
    "node_id": "MDU6SXNzdWUxMTk2NDUxMTY=",
    "number": 1633,
    "title": "Catch-All URLs",
    "user": {
        "login": "maangulo12",
        "id": 12598866,
        "node_id": "MDQ6VXNlcjEyNTk4ODY2",
        "avatar_url": "https://avatars2.githubusercontent.com/u/12598866?v=4",
        "gravatar_id": "",
        "url": "https://api.github.com/users/maangulo12",
        "html_url": "https://github.com/maangulo12",
        "followers_url": "https://api.github.com/users/maangulo12/followers",
        "following_url": "https://api.github.com/users/maangulo12/following{/other_user}",
        "gists_url": "https://api.github.com/users/maangulo12/gists{/gist_id}",
        "starred_url": "https://api.github.com/users/maangulo12/starred{/owner}{/repo}",
        "subscriptions_url": "https://api.github.com/users/maangulo12/subscriptions",
        "organizations_url": "https://api.github.com/users/maangulo12/orgs",
        "repos_url": "https://api.github.com/users/maangulo12/repos",
        "events_url": "https://api.github.com/users/maangulo12/events{/privacy}",
        "received_events_url": "https://api.github.com/users/maangulo12/received_events",
        "type": "User",
        "site_admin": false
    },
    "labels": [],
    "state": "closed",
    "locked": false,
    "assignee": null,
    "assignees": [],
    "milestone": null,
    "comments": 3,
    "created_at": "2015-12-01T05:26:49Z",
    "updated_at": "2019-03-09T19:19:06Z",
    "closed_at": "2015-12-01T23:41:52Z",
    "author_association": "NONE",
    "body": "Hello.\n\nI am trying to create a Catch-All function which serves every URL. I am following the example from http://flask.pocoo.org/snippets/57/ \n\nHere is the code snippet:\n\n> ``` python\n> from flask import Flask\n> app = Flask(__name__)\n> \n> @app.route('/', defaults={'path': ''})\n> @app.route('/<path:path>')\n> def catch_all(path):\n>     return 'You want path: %s' % path\n> \n> if __name__ == '__main__':\n>     app.run() \n> ```\n\nThis code snippet does not catch all of the URLs. Am I missing something here? \n\nThanks.\n",
    "comments_inline": [
        {
            "url": "https://api.github.com/repos/pallets/flask/issues/comments/160975653",
            "html_url": "https://github.com/pallets/flask/issues/1633#issuecomment-160975653",
            "issue_url": "https://api.github.com/repos/pallets/flask/issues/1633",
            "id": 160975653,
            "node_id": "MDEyOklzc3VlQ29tbWVudDE2MDk3NTY1Mw==",
            "user": {
                "login": "davidism",
                "id": 1242887,
                "node_id": "MDQ6VXNlcjEyNDI4ODc=",
                "avatar_url": "https://avatars1.githubusercontent.com/u/1242887?v=4",
                "gravatar_id": "",
                "url": "https://api.github.com/users/davidism",
                "html_url": "https://github.com/davidism",
                "followers_url": "https://api.github.com/users/davidism/followers",
                "following_url": "https://api.github.com/users/davidism/following{/other_user}",
                "gists_url": "https://api.github.com/users/davidism/gists{/gist_id}",
                "starred_url": "https://api.github.com/users/davidism/starred{/owner}{/repo}",
                "subscriptions_url": "https://api.github.com/users/davidism/subscriptions",
                "organizations_url": "https://api.github.com/users/davidism/orgs",
                "repos_url": "https://api.github.com/users/davidism/repos",
                "events_url": "https://api.github.com/users/davidism/events{/privacy}",
                "received_events_url": "https://api.github.com/users/davidism/received_events",
                "type": "User",
                "site_admin": false
            },
            "created_at": "2015-12-01T13:51:32Z",
            "updated_at": "2015-12-01T13:51:32Z",
            "author_association": "MEMBER",
            "body": "Which url doesn't it catch?\n"
        },
        {
            "url": "https://api.github.com/repos/pallets/flask/issues/comments/161083169",
            "html_url": "https://github.com/pallets/flask/issues/1633#issuecomment-161083169",
            "issue_url": "https://api.github.com/repos/pallets/flask/issues/1633",
            "id": 161083169,
            "node_id": "MDEyOklzc3VlQ29tbWVudDE2MTA4MzE2OQ==",
            "user": {
                "login": "maangulo12",
                "id": 12598866,
                "node_id": "MDQ6VXNlcjEyNTk4ODY2",
                "avatar_url": "https://avatars2.githubusercontent.com/u/12598866?v=4",
                "gravatar_id": "",
                "url": "https://api.github.com/users/maangulo12",
                "html_url": "https://github.com/maangulo12",
                "followers_url": "https://api.github.com/users/maangulo12/followers",
                "following_url": "https://api.github.com/users/maangulo12/following{/other_user}",
                "gists_url": "https://api.github.com/users/maangulo12/gists{/gist_id}",
                "starred_url": "https://api.github.com/users/maangulo12/starred{/owner}{/repo}",
                "subscriptions_url": "https://api.github.com/users/maangulo12/subscriptions",
                "organizations_url": "https://api.github.com/users/maangulo12/orgs",
                "repos_url": "https://api.github.com/users/maangulo12/repos",
                "events_url": "https://api.github.com/users/maangulo12/events{/privacy}",
                "received_events_url": "https://api.github.com/users/maangulo12/received_events",
                "type": "User",
                "site_admin": false
            },
            "created_at": "2015-12-01T20:16:21Z",
            "updated_at": "2015-12-01T20:16:21Z",
            "author_association": "NONE",
            "body": "Thanks for the reply, David. I found the cause of my problem.\n\nThis is what I was doing originally:\n\n> ``` python\n> from flask import Flask\n> app = Flask(__name__, static_url_path='')\n> \n> @app.route('/', defaults={'path': ''})\n> @app.route('/<path:path>')\n> def catch_all(path):\n>     return 'You want path: %s' % path\n> \n> if __name__ == '__main__':\n>     app.run() \n> ```\n\nstatic_url_path='' was breaking the code...\nI would not recommend setting static_url_path if you are creating a catch-all function.\n"
        },
        {
            "url": "https://api.github.com/repos/pallets/flask/issues/comments/471213474",
            "html_url": "https://github.com/pallets/flask/issues/1633#issuecomment-471213474",
            "issue_url": "https://api.github.com/repos/pallets/flask/issues/1633",
            "id": 471213474,
            "node_id": "MDEyOklzc3VlQ29tbWVudDQ3MTIxMzQ3NA==",
            "user": {
                "login": "FredDavison",
                "id": 7536092,
                "node_id": "MDQ6VXNlcjc1MzYwOTI=",
                "avatar_url": "https://avatars2.githubusercontent.com/u/7536092?v=4",
                "gravatar_id": "",
                "url": "https://api.github.com/users/FredDavison",
                "html_url": "https://github.com/FredDavison",
                "followers_url": "https://api.github.com/users/FredDavison/followers",
                "following_url": "https://api.github.com/users/FredDavison/following{/other_user}",
                "gists_url": "https://api.github.com/users/FredDavison/gists{/gist_id}",
                "starred_url": "https://api.github.com/users/FredDavison/starred{/owner}{/repo}",
                "subscriptions_url": "https://api.github.com/users/FredDavison/subscriptions",
                "organizations_url": "https://api.github.com/users/FredDavison/orgs",
                "repos_url": "https://api.github.com/users/FredDavison/repos",
                "events_url": "https://api.github.com/users/FredDavison/events{/privacy}",
                "received_events_url": "https://api.github.com/users/FredDavison/received_events",
                "type": "User",
                "site_admin": false
            },
            "created_at": "2019-03-09T19:19:06Z",
            "updated_at": "2019-03-09T19:19:06Z",
            "author_association": "NONE",
            "body": "Is there a way to have a `static_url_path` which isn't `None` and a catch-all function working harmoniously?  What's the reason for `static_url_path` interfering with catch-all routing?"
        }
    ]
}