{
    "url": "https://api.github.com/repos/pallets/flask/issues/1635",
    "repository_url": "https://api.github.com/repos/pallets/flask",
    "labels_url": "https://api.github.com/repos/pallets/flask/issues/1635/labels{/name}",
    "comments_url": "https://api.github.com/repos/pallets/flask/issues/1635/comments",
    "events_url": "https://api.github.com/repos/pallets/flask/issues/1635/events",
    "html_url": "https://github.com/pallets/flask/issues/1635",
    "id": 119969006,
    "node_id": "MDU6SXNzdWUxMTk5NjkwMDY=",
    "number": 1635,
    "title": "Links to download documentation need updating",
    "user": {
        "login": "mbordas09",
        "id": 15899322,
        "node_id": "MDQ6VXNlcjE1ODk5MzIy",
        "avatar_url": "https://avatars3.githubusercontent.com/u/15899322?v=4",
        "gravatar_id": "",
        "url": "https://api.github.com/users/mbordas09",
        "html_url": "https://github.com/mbordas09",
        "followers_url": "https://api.github.com/users/mbordas09/followers",
        "following_url": "https://api.github.com/users/mbordas09/following{/other_user}",
        "gists_url": "https://api.github.com/users/mbordas09/gists{/gist_id}",
        "starred_url": "https://api.github.com/users/mbordas09/starred{/owner}{/repo}",
        "subscriptions_url": "https://api.github.com/users/mbordas09/subscriptions",
        "organizations_url": "https://api.github.com/users/mbordas09/orgs",
        "repos_url": "https://api.github.com/users/mbordas09/repos",
        "events_url": "https://api.github.com/users/mbordas09/events{/privacy}",
        "received_events_url": "https://api.github.com/users/mbordas09/received_events",
        "type": "User",
        "site_admin": false
    },
    "labels": [],
    "state": "closed",
    "locked": false,
    "assignee": null,
    "assignees": [],
    "milestone": null,
    "comments": 1,
    "created_at": "2015-12-02T15:38:30Z",
    "updated_at": "2015-12-02T16:20:57Z",
    "closed_at": "2015-12-02T16:20:57Z",
    "author_association": "NONE",
    "body": "First, the link to the docs on the main page:\n\n```\nhttp://flask.pocoo.org/docs/\n```\n\nis missing the links on the left for downloading the docs. It should be:\n\n```\nhttp://flask.readthedocs.org/en/latest/\n```\n\nSecond, the download links on the left are dead ends:\n\n```\nhttp://flask.pocoo.org/docs/flask-docs.[epub,pdf,mobi,zip]\n```\n\nshould be:\n\n```\nhttp://readthedocs.org/projects/flask/downloads/[pdf,epub,htmlzip]/latest/\n```\n\nSame thing for the docs download links on the main page under the heading \"Interested?\"\n",
    "comments_inline": [
        {
            "url": "https://api.github.com/repos/pallets/flask/issues/comments/161351843",
            "html_url": "https://github.com/pallets/flask/issues/1635#issuecomment-161351843",
            "issue_url": "https://api.github.com/repos/pallets/flask/issues/1635",
            "id": 161351843,
            "node_id": "MDEyOklzc3VlQ29tbWVudDE2MTM1MTg0Mw==",
            "user": {
                "login": "davidism",
                "id": 1242887,
                "node_id": "MDQ6VXNlcjEyNDI4ODc=",
                "avatar_url": "https://avatars1.githubusercontent.com/u/1242887?v=4",
                "gravatar_id": "",
                "url": "https://api.github.com/users/davidism",
                "html_url": "https://github.com/davidism",
                "followers_url": "https://api.github.com/users/davidism/followers",
                "following_url": "https://api.github.com/users/davidism/following{/other_user}",
                "gists_url": "https://api.github.com/users/davidism/gists{/gist_id}",
                "starred_url": "https://api.github.com/users/davidism/starred{/owner}{/repo}",
                "subscriptions_url": "https://api.github.com/users/davidism/subscriptions",
                "organizations_url": "https://api.github.com/users/davidism/orgs",
                "repos_url": "https://api.github.com/users/davidism/repos",
                "events_url": "https://api.github.com/users/davidism/events{/privacy}",
                "received_events_url": "https://api.github.com/users/davidism/received_events",
                "type": "User",
                "site_admin": false
            },
            "created_at": "2015-12-02T16:20:57Z",
            "updated_at": "2015-12-02T16:20:57Z",
            "author_association": "MEMBER",
            "body": "The readthedocs version is not an official source of documentation.  The links are indeed broken on the official site, but that belongs under either pocoo/metaflask#7 or pocoo/metaflask#43 or mitsuhiko/flask-website#16.\n"
        }
    ]
}