{
    "url": "https://api.github.com/repos/pallets/flask/issues/1636",
    "repository_url": "https://api.github.com/repos/pallets/flask",
    "labels_url": "https://api.github.com/repos/pallets/flask/issues/1636/labels{/name}",
    "comments_url": "https://api.github.com/repos/pallets/flask/issues/1636/comments",
    "events_url": "https://api.github.com/repos/pallets/flask/issues/1636/events",
    "html_url": "https://github.com/pallets/flask/pull/1636",
    "id": 120092019,
    "node_id": "MDExOlB1bGxSZXF1ZXN0NTI0OTA2NzY=",
    "number": 1636,
    "title": "update flaskr example design",
    "user": {
        "login": "mscalora",
        "id": 363882,
        "node_id": "MDQ6VXNlcjM2Mzg4Mg==",
        "avatar_url": "https://avatars3.githubusercontent.com/u/363882?v=4",
        "gravatar_id": "",
        "url": "https://api.github.com/users/mscalora",
        "html_url": "https://github.com/mscalora",
        "followers_url": "https://api.github.com/users/mscalora/followers",
        "following_url": "https://api.github.com/users/mscalora/following{/other_user}",
        "gists_url": "https://api.github.com/users/mscalora/gists{/gist_id}",
        "starred_url": "https://api.github.com/users/mscalora/starred{/owner}{/repo}",
        "subscriptions_url": "https://api.github.com/users/mscalora/subscriptions",
        "organizations_url": "https://api.github.com/users/mscalora/orgs",
        "repos_url": "https://api.github.com/users/mscalora/repos",
        "events_url": "https://api.github.com/users/mscalora/events{/privacy}",
        "received_events_url": "https://api.github.com/users/mscalora/received_events",
        "type": "User",
        "site_admin": false
    },
    "labels": [],
    "state": "closed",
    "locked": false,
    "assignee": null,
    "assignees": [],
    "milestone": null,
    "comments": 1,
    "created_at": "2015-12-03T04:26:52Z",
    "updated_at": "2015-12-03T04:50:43Z",
    "closed_at": "2015-12-03T04:47:11Z",
    "author_association": "NONE",
    "pull_request": {
        "url": "https://api.github.com/repos/pallets/flask/pulls/1636",
        "html_url": "https://github.com/pallets/flask/pull/1636",
        "diff_url": "https://github.com/pallets/flask/pull/1636.diff",
        "patch_url": "https://github.com/pallets/flask/pull/1636.patch"
    },
    "body": "convert flaskr example to responsive design using bootstrap 3\n",
    "comments_inline": [
        {
            "url": "https://api.github.com/repos/pallets/flask/issues/comments/161513209",
            "html_url": "https://github.com/pallets/flask/pull/1636#issuecomment-161513209",
            "issue_url": "https://api.github.com/repos/pallets/flask/issues/1636",
            "id": 161513209,
            "node_id": "MDEyOklzc3VlQ29tbWVudDE2MTUxMzIwOQ==",
            "user": {
                "login": "davidism",
                "id": 1242887,
                "node_id": "MDQ6VXNlcjEyNDI4ODc=",
                "avatar_url": "https://avatars1.githubusercontent.com/u/1242887?v=4",
                "gravatar_id": "",
                "url": "https://api.github.com/users/davidism",
                "html_url": "https://github.com/davidism",
                "followers_url": "https://api.github.com/users/davidism/followers",
                "following_url": "https://api.github.com/users/davidism/following{/other_user}",
                "gists_url": "https://api.github.com/users/davidism/gists{/gist_id}",
                "starred_url": "https://api.github.com/users/davidism/starred{/owner}{/repo}",
                "subscriptions_url": "https://api.github.com/users/davidism/subscriptions",
                "organizations_url": "https://api.github.com/users/davidism/orgs",
                "repos_url": "https://api.github.com/users/davidism/repos",
                "events_url": "https://api.github.com/users/davidism/events{/privacy}",
                "received_events_url": "https://api.github.com/users/davidism/received_events",
                "type": "User",
                "site_admin": false
            },
            "created_at": "2015-12-03T04:47:11Z",
            "updated_at": "2015-12-03T04:50:43Z",
            "author_association": "MEMBER",
            "body": "Thanks for your interest.  The point of the examples is to be concise and straightforward.  This just makes the HTML more complex, which is not the focus of this example.\n"
        }
    ]
}