{
    "url": "https://api.github.com/repos/pallets/flask/issues/1642",
    "repository_url": "https://api.github.com/repos/pallets/flask",
    "labels_url": "https://api.github.com/repos/pallets/flask/issues/1642/labels{/name}",
    "comments_url": "https://api.github.com/repos/pallets/flask/issues/1642/comments",
    "events_url": "https://api.github.com/repos/pallets/flask/issues/1642/events",
    "html_url": "https://github.com/pallets/flask/pull/1642",
    "id": 120727569,
    "node_id": "MDExOlB1bGxSZXF1ZXN0NTI4MTk0Mzk=",
    "number": 1642,
    "title": "0.10 maintenance",
    "user": {
        "login": "yshlodha",
        "id": 12555379,
        "node_id": "MDQ6VXNlcjEyNTU1Mzc5",
        "avatar_url": "https://avatars1.githubusercontent.com/u/12555379?v=4",
        "gravatar_id": "",
        "url": "https://api.github.com/users/yshlodha",
        "html_url": "https://github.com/yshlodha",
        "followers_url": "https://api.github.com/users/yshlodha/followers",
        "following_url": "https://api.github.com/users/yshlodha/following{/other_user}",
        "gists_url": "https://api.github.com/users/yshlodha/gists{/gist_id}",
        "starred_url": "https://api.github.com/users/yshlodha/starred{/owner}{/repo}",
        "subscriptions_url": "https://api.github.com/users/yshlodha/subscriptions",
        "organizations_url": "https://api.github.com/users/yshlodha/orgs",
        "repos_url": "https://api.github.com/users/yshlodha/repos",
        "events_url": "https://api.github.com/users/yshlodha/events{/privacy}",
        "received_events_url": "https://api.github.com/users/yshlodha/received_events",
        "type": "User",
        "site_admin": false
    },
    "labels": [],
    "state": "closed",
    "locked": false,
    "assignee": null,
    "assignees": [],
    "milestone": null,
    "comments": 3,
    "created_at": "2015-12-07T09:04:57Z",
    "updated_at": "2015-12-07T10:42:03Z",
    "closed_at": "2015-12-07T10:05:27Z",
    "author_association": "NONE",
    "pull_request": {
        "url": "https://api.github.com/repos/pallets/flask/pulls/1642",
        "html_url": "https://github.com/pallets/flask/pull/1642",
        "diff_url": "https://github.com/pallets/flask/pull/1642.diff",
        "patch_url": "https://github.com/pallets/flask/pull/1642.patch"
    },
    "body": "Made changes regarding to instance path of files in flask/testsuite/test_apps\n\nWhile running test case by run-test.py module it causes Error for instance path.\n\n``` sh\nFAIL: test_main_module_paths (flask.testsuite.config.InstanceTestCase)\n----------------------------------------------------------------------\nTraceback (most recent call last):\n  File \"../flaskenv/flask/flask/testsuite/config.py\", line 157, in test_main_module_paths\n    self.assert_equal(app.instance_path, os.path.join(here, 'instance'))\n\n  File \"../flaskenv/flask/flask/testsuite/__init__.py\", line 141, in assert_equal\n    return self.assertEqual(x, y)\n\nAssertionError: '../flaskenv/var/run-tests-instance' != '../flaskenv/flask/instance'\n- ../flaskenv/var/run-tests-instance\n?             ^ ^ ----------\n+ ../flaskenv/flask/instance\n?             ^^ ^^\n```\n\n``` sh\nFAIL: test_uninstalled_module_paths (flask.testsuite.config.InstanceTestCase)\n----------------------------------------------------------------------\nTraceback (most recent call last):\n  File \"../flaskenv/flask/flask/testsuite/config.py\", line 164, in test_uninstalled_module_paths\n    self.assert_equal(app.instance_path, os.path.join(here, 'test_apps', 'instance'))\n\n  File \"../flaskenv/flask/flask/testsuite/__init__.py\", line 141, in assert_equal\n    return self.assertEqual(x, y)\n\nAssertionError: '/hom[23 chars]ang-py3-test/flaskenv/var/config_module_app-instance' != '/hom[23 chars]ang-py3-test/flaskenv/flask/flask/testsuite/test_apps/instance'\n- ../flaskenv/var/config_module_app-instance\n?             ^ ^ ---  ^^^^^^^     ^\n+ ../flaskenv/flask/flask/testsuite/test_apps/instance\n?             ^^ ^^  +++++++++++ ^ +++++    ^^\n```\n\n``` sh\nFAIL: test_uninstalled_package_paths (flask.testsuite.config.InstanceTestCase)\n\\----------------------------------------------------------------------\nTraceback (most recent call last):\n  File \"../flaskenv/flask/flask/testsuite/config.py\", line 169, in test_uninstalled_package_paths\n    self.assert_equal(app.instance_path, os.path.join(here, 'test_apps', 'instance'))\n\n  File \"../flaskenv/flask/flask/testsuite/__init__.py\", line 141, in assert_equal\n    return self.assertEqual(x, y)\n\nAssertionError: '/hom[23 chars]ang-py3-test/flaskenv/var/config_package_app-instance' != '/hom[23 chars]ang-py3-test/flaskenv/flask/flask/testsuite/test_apps/instance'\n- ../flaskenv/var/config_package_app-instance\n?             ^ ^ ---  ^^^^^^^^     ^\n+ ../flaskenv/flask/flask/testsuite/test_apps/instance\n?             ^^ ^^  +++++++++++ ^ +++++    ^^\n\n----------------------------------------------------------------------\nRan 226 tests in 4.574s\n\nFAILED (failures=3)\n```\n\nChanges In the following files remove this instance path Error from the Test case:\n- flask/testsuite/test_apps/config_module_app.py.\n- flask/testsuite/test_apps/config_package_app/**init**.py.\n- flask/testsuite/test_apps/main_app.py\n",
    "comments_inline": [
        {
            "url": "https://api.github.com/repos/pallets/flask/issues/comments/162454041",
            "html_url": "https://github.com/pallets/flask/pull/1642#issuecomment-162454041",
            "issue_url": "https://api.github.com/repos/pallets/flask/issues/1642",
            "id": 162454041,
            "node_id": "MDEyOklzc3VlQ29tbWVudDE2MjQ1NDA0MQ==",
            "user": {
                "login": "ThiefMaster",
                "id": 179599,
                "node_id": "MDQ6VXNlcjE3OTU5OQ==",
                "avatar_url": "https://avatars1.githubusercontent.com/u/179599?v=4",
                "gravatar_id": "",
                "url": "https://api.github.com/users/ThiefMaster",
                "html_url": "https://github.com/ThiefMaster",
                "followers_url": "https://api.github.com/users/ThiefMaster/followers",
                "following_url": "https://api.github.com/users/ThiefMaster/following{/other_user}",
                "gists_url": "https://api.github.com/users/ThiefMaster/gists{/gist_id}",
                "starred_url": "https://api.github.com/users/ThiefMaster/starred{/owner}{/repo}",
                "subscriptions_url": "https://api.github.com/users/ThiefMaster/subscriptions",
                "organizations_url": "https://api.github.com/users/ThiefMaster/orgs",
                "repos_url": "https://api.github.com/users/ThiefMaster/repos",
                "events_url": "https://api.github.com/users/ThiefMaster/events{/privacy}",
                "received_events_url": "https://api.github.com/users/ThiefMaster/received_events",
                "type": "User",
                "site_admin": false
            },
            "created_at": "2015-12-07T09:05:53Z",
            "updated_at": "2015-12-07T09:06:18Z",
            "author_association": "MEMBER",
            "body": "I don't think it makes any sense to split this into four commits. Also, the commit messages are absolutely meaningless. Can you please squash them into one and use a message that actually explains the change instead of the files you changed?\n"
        },
        {
            "url": "https://api.github.com/repos/pallets/flask/issues/comments/162454189",
            "html_url": "https://github.com/pallets/flask/pull/1642#issuecomment-162454189",
            "issue_url": "https://api.github.com/repos/pallets/flask/issues/1642",
            "id": 162454189,
            "node_id": "MDEyOklzc3VlQ29tbWVudDE2MjQ1NDE4OQ==",
            "user": {
                "login": "ThiefMaster",
                "id": 179599,
                "node_id": "MDQ6VXNlcjE3OTU5OQ==",
                "avatar_url": "https://avatars1.githubusercontent.com/u/179599?v=4",
                "gravatar_id": "",
                "url": "https://api.github.com/users/ThiefMaster",
                "html_url": "https://github.com/ThiefMaster",
                "followers_url": "https://api.github.com/users/ThiefMaster/followers",
                "following_url": "https://api.github.com/users/ThiefMaster/following{/other_user}",
                "gists_url": "https://api.github.com/users/ThiefMaster/gists{/gist_id}",
                "starred_url": "https://api.github.com/users/ThiefMaster/starred{/owner}{/repo}",
                "subscriptions_url": "https://api.github.com/users/ThiefMaster/subscriptions",
                "organizations_url": "https://api.github.com/users/ThiefMaster/orgs",
                "repos_url": "https://api.github.com/users/ThiefMaster/repos",
                "events_url": "https://api.github.com/users/ThiefMaster/events{/privacy}",
                "received_events_url": "https://api.github.com/users/ThiefMaster/received_events",
                "type": "User",
                "site_admin": false
            },
            "created_at": "2015-12-07T09:06:41Z",
            "updated_at": "2015-12-07T09:07:46Z",
            "author_association": "MEMBER",
            "body": "Also, you introduce code that's not valid PEP8 (missing space after `,` and excessively long lines, one of them is almost 130 chars!)\n"
        },
        {
            "url": "https://api.github.com/repos/pallets/flask/issues/comments/162479261",
            "html_url": "https://github.com/pallets/flask/pull/1642#issuecomment-162479261",
            "issue_url": "https://api.github.com/repos/pallets/flask/issues/1642",
            "id": 162479261,
            "node_id": "MDEyOklzc3VlQ29tbWVudDE2MjQ3OTI2MQ==",
            "user": {
                "login": "ThiefMaster",
                "id": 179599,
                "node_id": "MDQ6VXNlcjE3OTU5OQ==",
                "avatar_url": "https://avatars1.githubusercontent.com/u/179599?v=4",
                "gravatar_id": "",
                "url": "https://api.github.com/users/ThiefMaster",
                "html_url": "https://github.com/ThiefMaster",
                "followers_url": "https://api.github.com/users/ThiefMaster/followers",
                "following_url": "https://api.github.com/users/ThiefMaster/following{/other_user}",
                "gists_url": "https://api.github.com/users/ThiefMaster/gists{/gist_id}",
                "starred_url": "https://api.github.com/users/ThiefMaster/starred{/owner}{/repo}",
                "subscriptions_url": "https://api.github.com/users/ThiefMaster/subscriptions",
                "organizations_url": "https://api.github.com/users/ThiefMaster/orgs",
                "repos_url": "https://api.github.com/users/ThiefMaster/repos",
                "events_url": "https://api.github.com/users/ThiefMaster/events{/privacy}",
                "received_events_url": "https://api.github.com/users/ThiefMaster/received_events",
                "type": "User",
                "site_admin": false
            },
            "created_at": "2015-12-07T10:42:03Z",
            "updated_at": "2015-12-07T10:42:03Z",
            "author_association": "MEMBER",
            "body": "FYI you can just force-push instead of creating a new PR\n"
        }
    ]
}