{
    "url": "https://api.github.com/repos/pallets/flask/issues/1643",
    "repository_url": "https://api.github.com/repos/pallets/flask",
    "labels_url": "https://api.github.com/repos/pallets/flask/issues/1643/labels{/name}",
    "comments_url": "https://api.github.com/repos/pallets/flask/issues/1643/comments",
    "events_url": "https://api.github.com/repos/pallets/flask/issues/1643/events",
    "html_url": "https://github.com/pallets/flask/pull/1643",
    "id": 120739756,
    "node_id": "MDExOlB1bGxSZXF1ZXN0NTI4MjU5ODc=",
    "number": 1643,
    "title": "Issue Regarding to instance path in testsuite directory",
    "user": {
        "login": "yshlodha",
        "id": 12555379,
        "node_id": "MDQ6VXNlcjEyNTU1Mzc5",
        "avatar_url": "https://avatars1.githubusercontent.com/u/12555379?v=4",
        "gravatar_id": "",
        "url": "https://api.github.com/users/yshlodha",
        "html_url": "https://github.com/yshlodha",
        "followers_url": "https://api.github.com/users/yshlodha/followers",
        "following_url": "https://api.github.com/users/yshlodha/following{/other_user}",
        "gists_url": "https://api.github.com/users/yshlodha/gists{/gist_id}",
        "starred_url": "https://api.github.com/users/yshlodha/starred{/owner}{/repo}",
        "subscriptions_url": "https://api.github.com/users/yshlodha/subscriptions",
        "organizations_url": "https://api.github.com/users/yshlodha/orgs",
        "repos_url": "https://api.github.com/users/yshlodha/repos",
        "events_url": "https://api.github.com/users/yshlodha/events{/privacy}",
        "received_events_url": "https://api.github.com/users/yshlodha/received_events",
        "type": "User",
        "site_admin": false
    },
    "labels": [],
    "state": "closed",
    "locked": false,
    "assignee": null,
    "assignees": [],
    "milestone": null,
    "comments": 16,
    "created_at": "2015-12-07T10:13:31Z",
    "updated_at": "2015-12-07T15:06:11Z",
    "closed_at": "2015-12-07T15:05:17Z",
    "author_association": "NONE",
    "pull_request": {
        "url": "https://api.github.com/repos/pallets/flask/pulls/1643",
        "html_url": "https://github.com/pallets/flask/pull/1643",
        "diff_url": "https://github.com/pallets/flask/pull/1643.diff",
        "patch_url": "https://github.com/pallets/flask/pull/1643.patch"
    },
    "body": "## Made changes regarding to instance path of files in flask/testsuite/test_apps\n\nWhile running test case by run-test.py module it causes Error for instance path.\n\n``` sh\nFAIL: test_main_module_paths (flask.testsuite.config.InstanceTestCase)\n----------------------------------------------------------------------\nTraceback (most recent call last):\n  File \"../flaskenv/flask/flask/testsuite/config.py\", line 157, in test_main_module_paths\n    self.assert_equal(app.instance_path, os.path.join(here, 'instance'))\n\n  File \"../flaskenv/flask/flask/testsuite/__init__.py\", line 141, in assert_equal\n    return self.assertEqual(x, y)\n\nAssertionError: '../flaskenv/var/run-tests-instance' != '../flaskenv/flask/instance'\n- ../flaskenv/var/run-tests-instance\n?             ^ ^ ----------\n+ ../flaskenv/flask/instance\n?             ^^ ^^\n```\n\n``` sh\nFAIL: test_uninstalled_module_paths (flask.testsuite.config.InstanceTestCase)\n----------------------------------------------------------------------\nTraceback (most recent call last):\n  File \"../flaskenv/flask/flask/testsuite/config.py\", line 164, in test_uninstalled_module_paths\n    self.assert_equal(app.instance_path, os.path.join(here, 'test_apps', 'instance'))\n\n  File \"../flaskenv/flask/flask/testsuite/__init__.py\", line 141, in assert_equal\n    return self.assertEqual(x, y)\n\nAssertionError: '/hom[23 chars]ang-py3-test/flaskenv/var/config_module_app-instance' != '/hom[23 chars]ang-py3-test/flaskenv/flask/flask/testsuite/test_apps/instance'\n- ../flaskenv/var/config_module_app-instance\n?             ^ ^ ---  ^^^^^^^     ^\n+ ../flaskenv/flask/flask/testsuite/test_apps/instance\n?             ^^ ^^  +++++++++++ ^ +++++    ^^\n```\n\n``` sh\nFAIL: test_uninstalled_package_paths (flask.testsuite.config.InstanceTestCase)\n\\----------------------------------------------------------------------\nTraceback (most recent call last):\n  File \"../flaskenv/flask/flask/testsuite/config.py\", line 169, in test_uninstalled_package_paths\n    self.assert_equal(app.instance_path, os.path.join(here, 'test_apps', 'instance'))\n\n  File \"../flaskenv/flask/flask/testsuite/__init__.py\", line 141, in assert_equal\n    return self.assertEqual(x, y)\n\nAssertionError: '/hom[23 chars]ang-py3-test/flaskenv/var/config_package_app-instance' != '/hom[23 chars]ang-py3-test/flaskenv/flask/flask/testsuite/test_apps/instance'\n- ../flaskenv/var/config_package_app-instance\n?             ^ ^ ---  ^^^^^^^^     ^\n+ ../flaskenv/flask/flask/testsuite/test_apps/instance\n?             ^^ ^^  +++++++++++ ^ +++++    ^^\n\n----------------------------------------------------------------------\nRan 226 tests in 4.574s\n\nFAILED (failures=3)\n```\n\nChanges In the following files remove this instance path Error from the Test case:\n- flask/testsuite/test_apps/config_module_app.py.\n\n``` sh\napp = flask.Flask(__name__, instance_path=os.path.join(\n               os.path.abspath(os.path.dirname(__file__)),'instance')\n              )\n```\n- flask/testsuite/test_apps/config_package_app/**init**.py.\n\n``` sh\napp = flask.Flask(__name__, instance_path=os.path.join(os.path.abspath(\n                os.path.dirname(os.path.dirname(__file__))),'instance')\n              )\n```\n- flask/testsuite/test_apps/main_app.py\n\n``` sh\nimport os\n\napp = flask.Flask('__main__', instance_path=os.path.join(\n                os.path.abspath(os.path.dirname('__main__')),'instance')\n              )\n```\n",
    "comments_inline": [
        {
            "url": "https://api.github.com/repos/pallets/flask/issues/comments/162479387",
            "html_url": "https://github.com/pallets/flask/pull/1643#issuecomment-162479387",
            "issue_url": "https://api.github.com/repos/pallets/flask/issues/1643",
            "id": 162479387,
            "node_id": "MDEyOklzc3VlQ29tbWVudDE2MjQ3OTM4Nw==",
            "user": {
                "login": "ThiefMaster",
                "id": 179599,
                "node_id": "MDQ6VXNlcjE3OTU5OQ==",
                "avatar_url": "https://avatars1.githubusercontent.com/u/179599?v=4",
                "gravatar_id": "",
                "url": "https://api.github.com/users/ThiefMaster",
                "html_url": "https://github.com/ThiefMaster",
                "followers_url": "https://api.github.com/users/ThiefMaster/followers",
                "following_url": "https://api.github.com/users/ThiefMaster/following{/other_user}",
                "gists_url": "https://api.github.com/users/ThiefMaster/gists{/gist_id}",
                "starred_url": "https://api.github.com/users/ThiefMaster/starred{/owner}{/repo}",
                "subscriptions_url": "https://api.github.com/users/ThiefMaster/subscriptions",
                "organizations_url": "https://api.github.com/users/ThiefMaster/orgs",
                "repos_url": "https://api.github.com/users/ThiefMaster/repos",
                "events_url": "https://api.github.com/users/ThiefMaster/events{/privacy}",
                "received_events_url": "https://api.github.com/users/ThiefMaster/received_events",
                "type": "User",
                "site_admin": false
            },
            "created_at": "2015-12-07T10:42:43Z",
            "updated_at": "2015-12-07T10:42:43Z",
            "author_association": "MEMBER",
            "body": "Just as before...\n\n> I don't think it makes any sense to split this into four commits. Also, the commit messages are absolutely meaningless. Can you please squash them into one and use a message that actually explains the change instead of the files you changed?\n\nThe line wrapping style is also _very_ weird and I guess not PEP8-valid.\n"
        },
        {
            "url": "https://api.github.com/repos/pallets/flask/issues/comments/162531276",
            "html_url": "https://github.com/pallets/flask/pull/1643#issuecomment-162531276",
            "issue_url": "https://api.github.com/repos/pallets/flask/issues/1643",
            "id": 162531276,
            "node_id": "MDEyOklzc3VlQ29tbWVudDE2MjUzMTI3Ng==",
            "user": {
                "login": "davidism",
                "id": 1242887,
                "node_id": "MDQ6VXNlcjEyNDI4ODc=",
                "avatar_url": "https://avatars1.githubusercontent.com/u/1242887?v=4",
                "gravatar_id": "",
                "url": "https://api.github.com/users/davidism",
                "html_url": "https://github.com/davidism",
                "followers_url": "https://api.github.com/users/davidism/followers",
                "following_url": "https://api.github.com/users/davidism/following{/other_user}",
                "gists_url": "https://api.github.com/users/davidism/gists{/gist_id}",
                "starred_url": "https://api.github.com/users/davidism/starred{/owner}{/repo}",
                "subscriptions_url": "https://api.github.com/users/davidism/subscriptions",
                "organizations_url": "https://api.github.com/users/davidism/orgs",
                "repos_url": "https://api.github.com/users/davidism/repos",
                "events_url": "https://api.github.com/users/davidism/events{/privacy}",
                "received_events_url": "https://api.github.com/users/davidism/received_events",
                "type": "User",
                "site_admin": false
            },
            "created_at": "2015-12-07T14:01:02Z",
            "updated_at": "2015-12-07T14:04:58Z",
            "author_association": "MEMBER",
            "body": "I don't get these errors when running `py.test` or `tox`, [nor does Travis-CI](https://travis-ci.org/mitsuhiko/flask/builds/94776144).\n\nIf the instance path is getting set incorrectly, are we sure we just want to be manually setting it in the tests rather than fixing why it's getting set incorrectly?\n"
        },
        {
            "url": "https://api.github.com/repos/pallets/flask/issues/comments/162533352",
            "html_url": "https://github.com/pallets/flask/pull/1643#issuecomment-162533352",
            "issue_url": "https://api.github.com/repos/pallets/flask/issues/1643",
            "id": 162533352,
            "node_id": "MDEyOklzc3VlQ29tbWVudDE2MjUzMzM1Mg==",
            "user": {
                "login": "yshlodha",
                "id": 12555379,
                "node_id": "MDQ6VXNlcjEyNTU1Mzc5",
                "avatar_url": "https://avatars1.githubusercontent.com/u/12555379?v=4",
                "gravatar_id": "",
                "url": "https://api.github.com/users/yshlodha",
                "html_url": "https://github.com/yshlodha",
                "followers_url": "https://api.github.com/users/yshlodha/followers",
                "following_url": "https://api.github.com/users/yshlodha/following{/other_user}",
                "gists_url": "https://api.github.com/users/yshlodha/gists{/gist_id}",
                "starred_url": "https://api.github.com/users/yshlodha/starred{/owner}{/repo}",
                "subscriptions_url": "https://api.github.com/users/yshlodha/subscriptions",
                "organizations_url": "https://api.github.com/users/yshlodha/orgs",
                "repos_url": "https://api.github.com/users/yshlodha/repos",
                "events_url": "https://api.github.com/users/yshlodha/events{/privacy}",
                "received_events_url": "https://api.github.com/users/yshlodha/received_events",
                "type": "User",
                "site_admin": false
            },
            "created_at": "2015-12-07T14:08:27Z",
            "updated_at": "2015-12-07T14:08:27Z",
            "author_association": "NONE",
            "body": "Error Occure While I execute run-test.py with python interpreter.\nAnd entry in the CHANGES is not mine it may be merged when I squashed my commit and by mistake it is merge to someone else commit\n"
        },
        {
            "url": "https://api.github.com/repos/pallets/flask/issues/comments/162533733",
            "html_url": "https://github.com/pallets/flask/pull/1643#issuecomment-162533733",
            "issue_url": "https://api.github.com/repos/pallets/flask/issues/1643",
            "id": 162533733,
            "node_id": "MDEyOklzc3VlQ29tbWVudDE2MjUzMzczMw==",
            "user": {
                "login": "ThiefMaster",
                "id": 179599,
                "node_id": "MDQ6VXNlcjE3OTU5OQ==",
                "avatar_url": "https://avatars1.githubusercontent.com/u/179599?v=4",
                "gravatar_id": "",
                "url": "https://api.github.com/users/ThiefMaster",
                "html_url": "https://github.com/ThiefMaster",
                "followers_url": "https://api.github.com/users/ThiefMaster/followers",
                "following_url": "https://api.github.com/users/ThiefMaster/following{/other_user}",
                "gists_url": "https://api.github.com/users/ThiefMaster/gists{/gist_id}",
                "starred_url": "https://api.github.com/users/ThiefMaster/starred{/owner}{/repo}",
                "subscriptions_url": "https://api.github.com/users/ThiefMaster/subscriptions",
                "organizations_url": "https://api.github.com/users/ThiefMaster/orgs",
                "repos_url": "https://api.github.com/users/ThiefMaster/repos",
                "events_url": "https://api.github.com/users/ThiefMaster/events{/privacy}",
                "received_events_url": "https://api.github.com/users/ThiefMaster/received_events",
                "type": "User",
                "site_admin": false
            },
            "created_at": "2015-12-07T14:10:31Z",
            "updated_at": "2015-12-07T14:10:31Z",
            "author_association": "MEMBER",
            "body": "@davidism: The PR is for 0.10 which doesn't use py.test yet\n"
        },
        {
            "url": "https://api.github.com/repos/pallets/flask/issues/comments/162534859",
            "html_url": "https://github.com/pallets/flask/pull/1643#issuecomment-162534859",
            "issue_url": "https://api.github.com/repos/pallets/flask/issues/1643",
            "id": 162534859,
            "node_id": "MDEyOklzc3VlQ29tbWVudDE2MjUzNDg1OQ==",
            "user": {
                "login": "davidism",
                "id": 1242887,
                "node_id": "MDQ6VXNlcjEyNDI4ODc=",
                "avatar_url": "https://avatars1.githubusercontent.com/u/1242887?v=4",
                "gravatar_id": "",
                "url": "https://api.github.com/users/davidism",
                "html_url": "https://github.com/davidism",
                "followers_url": "https://api.github.com/users/davidism/followers",
                "following_url": "https://api.github.com/users/davidism/following{/other_user}",
                "gists_url": "https://api.github.com/users/davidism/gists{/gist_id}",
                "starred_url": "https://api.github.com/users/davidism/starred{/owner}{/repo}",
                "subscriptions_url": "https://api.github.com/users/davidism/subscriptions",
                "organizations_url": "https://api.github.com/users/davidism/orgs",
                "repos_url": "https://api.github.com/users/davidism/repos",
                "events_url": "https://api.github.com/users/davidism/events{/privacy}",
                "received_events_url": "https://api.github.com/users/davidism/received_events",
                "type": "User",
                "site_admin": false
            },
            "created_at": "2015-12-07T14:16:16Z",
            "updated_at": "2015-12-07T14:17:53Z",
            "author_association": "MEMBER",
            "body": "Not saying this isn't happening in some configuration, but I don't get the error with `python run-tests.py` or `tox` on the 0.10-maintenance branch either, [nor does Travis](https://travis-ci.org/mitsuhiko/flask/builds/71225501).  Where/how are you running this to get this error?\n"
        },
        {
            "url": "https://api.github.com/repos/pallets/flask/issues/comments/162536819",
            "html_url": "https://github.com/pallets/flask/pull/1643#issuecomment-162536819",
            "issue_url": "https://api.github.com/repos/pallets/flask/issues/1643",
            "id": 162536819,
            "node_id": "MDEyOklzc3VlQ29tbWVudDE2MjUzNjgxOQ==",
            "user": {
                "login": "yshlodha",
                "id": 12555379,
                "node_id": "MDQ6VXNlcjEyNTU1Mzc5",
                "avatar_url": "https://avatars1.githubusercontent.com/u/12555379?v=4",
                "gravatar_id": "",
                "url": "https://api.github.com/users/yshlodha",
                "html_url": "https://github.com/yshlodha",
                "followers_url": "https://api.github.com/users/yshlodha/followers",
                "following_url": "https://api.github.com/users/yshlodha/following{/other_user}",
                "gists_url": "https://api.github.com/users/yshlodha/gists{/gist_id}",
                "starred_url": "https://api.github.com/users/yshlodha/starred{/owner}{/repo}",
                "subscriptions_url": "https://api.github.com/users/yshlodha/subscriptions",
                "organizations_url": "https://api.github.com/users/yshlodha/orgs",
                "repos_url": "https://api.github.com/users/yshlodha/repos",
                "events_url": "https://api.github.com/users/yshlodha/events{/privacy}",
                "received_events_url": "https://api.github.com/users/yshlodha/received_events",
                "type": "User",
                "site_admin": false
            },
            "created_at": "2015-12-07T14:22:55Z",
            "updated_at": "2015-12-07T14:27:23Z",
            "author_association": "NONE",
            "body": "I follow below process in virtualenv with python3.4 and flask 0.10.1 installed :\n\n``` sh\n$ git clone https://github.com/mitsuhiko/flask.git\n```\n\n``` sh\n$ cd flask/\n$ git checkout 0.10.1\n```\n\n``` sh\n$ python run-tests.py\n```\n\nAnd Error occures\n"
        },
        {
            "url": "https://api.github.com/repos/pallets/flask/issues/comments/162538891",
            "html_url": "https://github.com/pallets/flask/pull/1643#issuecomment-162538891",
            "issue_url": "https://api.github.com/repos/pallets/flask/issues/1643",
            "id": 162538891,
            "node_id": "MDEyOklzc3VlQ29tbWVudDE2MjUzODg5MQ==",
            "user": {
                "login": "ThiefMaster",
                "id": 179599,
                "node_id": "MDQ6VXNlcjE3OTU5OQ==",
                "avatar_url": "https://avatars1.githubusercontent.com/u/179599?v=4",
                "gravatar_id": "",
                "url": "https://api.github.com/users/ThiefMaster",
                "html_url": "https://github.com/ThiefMaster",
                "followers_url": "https://api.github.com/users/ThiefMaster/followers",
                "following_url": "https://api.github.com/users/ThiefMaster/following{/other_user}",
                "gists_url": "https://api.github.com/users/ThiefMaster/gists{/gist_id}",
                "starred_url": "https://api.github.com/users/ThiefMaster/starred{/owner}{/repo}",
                "subscriptions_url": "https://api.github.com/users/ThiefMaster/subscriptions",
                "organizations_url": "https://api.github.com/users/ThiefMaster/orgs",
                "repos_url": "https://api.github.com/users/ThiefMaster/repos",
                "events_url": "https://api.github.com/users/ThiefMaster/events{/privacy}",
                "received_events_url": "https://api.github.com/users/ThiefMaster/received_events",
                "type": "User",
                "site_admin": false
            },
            "created_at": "2015-12-07T14:27:20Z",
            "updated_at": "2015-12-07T14:27:20Z",
            "author_association": "MEMBER",
            "body": "```\n[adrian:/tmp]> git clone https://github.com/mitsuhiko/flask.git\n[adrian:/tmp]> cd flask\n[adrian:/tmp/flask:master]> git checkout 0.10.1\n\n[adrian:/tmp/flask:tags/0.10.1]> python run-tests.py\nTraceback (most recent call last):\n  File \"run-tests.py\", line 4, in <module>\n    from flask.testsuite import main\n  File \"/tmp/flask/flask/__init__.py\", line 17, in <module>\n    from werkzeug.exceptions import abort\nImportError: No module named werkzeug.exceptions\n\n[adrian:/tmp/flask:tags/0.10.1]> virtualenv .env\n[adrian:/tmp/flask:tags/0.10.1 %]> source .env/bin/activate\n\n[adrian:/tmp/flask:tags/0.10.1 %]> python run-tests.py\nTraceback (most recent call last):\n  File \"run-tests.py\", line 4, in <module>\n    from flask.testsuite import main\n  File \"/tmp/flask/flask/__init__.py\", line 17, in <module>\n    from werkzeug.exceptions import abort\nImportError: No module named werkzeug.exceptions\n\n[adrian:/tmp/flask:tags/0.10.1 %]> pip install werkzeug jinja2 itsdangerous\n\n[adrian:/tmp/flask:tags/0.10.1 %]> python run-tests.py\n..................................................................................................................................................................................................................................\n----------------------------------------------------------------------\nRan 226 tests in 0.465s\n\nOK\n```\n\nWorks fine for me. (Python 2.7.10)\n"
        },
        {
            "url": "https://api.github.com/repos/pallets/flask/issues/comments/162541541",
            "html_url": "https://github.com/pallets/flask/pull/1643#issuecomment-162541541",
            "issue_url": "https://api.github.com/repos/pallets/flask/issues/1643",
            "id": 162541541,
            "node_id": "MDEyOklzc3VlQ29tbWVudDE2MjU0MTU0MQ==",
            "user": {
                "login": "yshlodha",
                "id": 12555379,
                "node_id": "MDQ6VXNlcjEyNTU1Mzc5",
                "avatar_url": "https://avatars1.githubusercontent.com/u/12555379?v=4",
                "gravatar_id": "",
                "url": "https://api.github.com/users/yshlodha",
                "html_url": "https://github.com/yshlodha",
                "followers_url": "https://api.github.com/users/yshlodha/followers",
                "following_url": "https://api.github.com/users/yshlodha/following{/other_user}",
                "gists_url": "https://api.github.com/users/yshlodha/gists{/gist_id}",
                "starred_url": "https://api.github.com/users/yshlodha/starred{/owner}{/repo}",
                "subscriptions_url": "https://api.github.com/users/yshlodha/subscriptions",
                "organizations_url": "https://api.github.com/users/yshlodha/orgs",
                "repos_url": "https://api.github.com/users/yshlodha/repos",
                "events_url": "https://api.github.com/users/yshlodha/events{/privacy}",
                "received_events_url": "https://api.github.com/users/yshlodha/received_events",
                "type": "User",
                "site_admin": false
            },
            "created_at": "2015-12-07T14:33:25Z",
            "updated_at": "2015-12-07T14:33:25Z",
            "author_association": "NONE",
            "body": "``` sh\n:~/$ virtualenv -p python3.4 flaskenv\nRunning virtualenv with interpreter /usr/bin/python3.4\nUsing base prefix '/usr'\nNew python executable in flaskenv/bin/python3.4\nAlso creating executable in flaskenv/bin/python\nInstalling setuptools, pip...done.\n:~/$ cd flaskenv/\n:~/flaskenv$ source bin/activate\n(flaskenv):~/flaskenv$ pip install flask==0.10.1\nCollecting flask==0.10.1\n  Using cached Flask-0.10.1.tar.gz\nCollecting Werkzeug>=0.7 (from flask==0.10.1)\n  Using cached Werkzeug-0.11.2-py2.py3-none-any.whl\nCollecting Jinja2>=2.4 (from flask==0.10.1)\n  Using cached Jinja2-2.8-py2.py3-none-any.whl\nCollecting itsdangerous>=0.21 (from flask==0.10.1)\n  Using cached itsdangerous-0.24.tar.gz\nCollecting MarkupSafe (from Jinja2>=2.4->flask==0.10.1)\n  Using cached MarkupSafe-0.23.tar.gz\nInstalling collected packages: MarkupSafe, itsdangerous, Jinja2, Werkzeug, flask\n  Running setup.py install for MarkupSafe\n    building 'markupsafe._speedups' extension\n    i686-linux-gnu-gcc -pthread -DNDEBUG -g -fwrapv -O2 -Wall -Wstrict-prototypes -g -fstack-protector --param=ssp-buffer-size=4 -Wformat -Werror=format-security -D_FORTIFY_SOURCE=2 -fPIC -I/usr/include/python3.4m -I/home/yash/flaskenv/include/python3.4m -c markupsafe/_speedups.c -o build/temp.linux-i686-3.4/markupsafe/_speedups.o\n    i686-linux-gnu-gcc -pthread -shared -Wl,-O1 -Wl,-Bsymbolic-functions -Wl,-Bsymbolic-functions -Wl,-z,relro -Wl,-Bsymbolic-functions -Wl,-z,relro -g -fstack-protector --param=ssp-buffer-size=4 -Wformat -Werror=format-security -D_FORTIFY_SOURCE=2 build/temp.linux-i686-3.4/markupsafe/_speedups.o -o build/lib.linux-i686-3.4/markupsafe/_speedups.cpython-34m.so\n  Running setup.py install for itsdangerous\n\n\n  Running setup.py install for flask\nSuccessfully installed Jinja2-2.8 MarkupSafe-0.23 Werkzeug-0.11.2 flask-0.10.1 itsdangerous-0.24\n(flaskenv):~/flaskenv$ pip install pytest\nCollecting pytest\n  Downloading pytest-2.8.4-py2.py3-none-any.whl (150kB)\n    100% |################################| 151kB 2.2MB/s \nCollecting py>=1.4.29 (from pytest)\n  Using cached py-1.4.31-py2.py3-none-any.whl\nInstalling collected packages: py, pytest\n\n\nSuccessfully installed py-1.4.31 pytest-2.8.4\n(flaskenv):~/flaskenv$ git clone https://github.com/mitsuhiko/flask.git\nCloning into 'flask'...\nremote: Counting objects: 11603, done.\nremote: Total 11603 (delta 0), reused 0 (delta 0), pack-reused 11603\nReceiving objects: 100% (11603/11603), 5.22 MiB | 667.00 KiB/s, done.\nResolving deltas: 100% (7146/7146), done.\nChecking connectivity... done.\n(flaskenv):~/flaskenv$ cd flask/\n(flaskenv):~/flaskenv/flask$ git checkout 0.10.1\nNote: checking out '0.10.1'.\n\nYou are in 'detached HEAD' state. You can look around, make experimental\nchanges and commit them, and you can discard any commits you make in this\nstate without impacting any branches by performing another checkout.\n\nIf you want to create a new branch to retain commits you create, you may\ndo so (now or later) by using -b with the checkout command again. Example:\n\n  git checkout -b new_branch_name\n\nHEAD is now at 298334f... Bump version number to 0.10.1\n(flaskenv):~/flaskenv/flask$ python run-tests.py \n........................................................................................................................F..FF.....................................................................................................\n======================================================================\nFAIL: test_main_module_paths (flask.testsuite.config.InstanceTestCase)\n----------------------------------------------------------------------\nTraceback (most recent call last):\n  File \"/home/yash/flaskenv/flask/flask/testsuite/config.py\", line 155, in test_main_module_paths\n    self.assert_equal(app.instance_path, os.path.join(here, 'instance'))\n  File \"/home/yash/flaskenv/flask/flask/testsuite/__init__.py\", line 139, in assert_equal\n    return self.assertEqual(x, y)\nAssertionError: '/home/yash/flaskenv/var/run-tests-instance' != '/home/yash/flaskenv/flask/instance'\n- /home/yash/flaskenv/var/run-tests-instance\n?                                         ^ ^ ----------\n+ /home/yash/flaskenv/flask/instance\n?                                         ^^ ^^\n\n\n======================================================================\nFAIL: test_uninstalled_module_paths (flask.testsuite.config.InstanceTestCase)\n----------------------------------------------------------------------\nTraceback (most recent call last):\n  File \"/home/yash/flaskenv/flask/flask/testsuite/config.py\", line 162, in test_uninstalled_module_paths\n    self.assert_equal(app.instance_path, os.path.join(here, 'test_apps', 'instance'))\n  File \"/home/yash/flaskenv/flask/flask/testsuite/__init__.py\", line 139, in assert_equal\n    return self.assertEqual(x, y)\nAssertionError: '/hom[14 chars]stomtags-lib/flaskenv/var/config_module_app-instance' != '/hom[14 chars]stomtags-lib/flaskenv/flask/flask/testsuite/test_apps/instance'\n- /home/yash/flaskenv/var/config_module_app-instance\n?                                         ^ ^ ---  ^^^^^^^     ^\n+ /home/yash/flaskenv/flask/flask/testsuite/test_apps/instance\n?                                         ^^ ^^  +++++++++++ ^ +++++    ^^\n\n\n======================================================================\nFAIL: test_uninstalled_package_paths (flask.testsuite.config.InstanceTestCase)\n----------------------------------------------------------------------\nTraceback (most recent call last):\n  File \"/home/yash/flaskenv/flask/flask/testsuite/config.py\", line 167, in test_uninstalled_package_paths\n    self.assert_equal(app.instance_path, os.path.join(here, 'test_apps', 'instance'))\n  File \"/home/yash/flaskenv/flask/flask/testsuite/__init__.py\", line 139, in assert_equal\n    return self.assertEqual(x, y)\nAssertionError: '/hom[14 chars]stomtags-lib/flaskenv/var/config_package_app-instance' != '/hom[14 chars]stomtags-lib/flaskenv/flask/flask/testsuite/test_apps/instance'\n- /home/yash/flaskenv/var/config_package_app-instance\n?                                         ^ ^ ---  ^^^^^^^^     ^\n+ /home/yash/flaskenv/flask/flask/testsuite/test_apps/instance\n?                                         ^^ ^^  +++++++++++ ^ +++++    ^^\n\n\n----------------------------------------------------------------------\nRan 226 tests in 4.202s\n\n```\n"
        },
        {
            "url": "https://api.github.com/repos/pallets/flask/issues/comments/162543165",
            "html_url": "https://github.com/pallets/flask/pull/1643#issuecomment-162543165",
            "issue_url": "https://api.github.com/repos/pallets/flask/issues/1643",
            "id": 162543165,
            "node_id": "MDEyOklzc3VlQ29tbWVudDE2MjU0MzE2NQ==",
            "user": {
                "login": "ThiefMaster",
                "id": 179599,
                "node_id": "MDQ6VXNlcjE3OTU5OQ==",
                "avatar_url": "https://avatars1.githubusercontent.com/u/179599?v=4",
                "gravatar_id": "",
                "url": "https://api.github.com/users/ThiefMaster",
                "html_url": "https://github.com/ThiefMaster",
                "followers_url": "https://api.github.com/users/ThiefMaster/followers",
                "following_url": "https://api.github.com/users/ThiefMaster/following{/other_user}",
                "gists_url": "https://api.github.com/users/ThiefMaster/gists{/gist_id}",
                "starred_url": "https://api.github.com/users/ThiefMaster/starred{/owner}{/repo}",
                "subscriptions_url": "https://api.github.com/users/ThiefMaster/subscriptions",
                "organizations_url": "https://api.github.com/users/ThiefMaster/orgs",
                "repos_url": "https://api.github.com/users/ThiefMaster/repos",
                "events_url": "https://api.github.com/users/ThiefMaster/events{/privacy}",
                "received_events_url": "https://api.github.com/users/ThiefMaster/received_events",
                "type": "User",
                "site_admin": false
            },
            "created_at": "2015-12-07T14:38:49Z",
            "updated_at": "2015-12-07T14:38:56Z",
            "author_association": "MEMBER",
            "body": "OK, I can reproduce it, by having the flask source cloned _inside_ the virtualenv folder. I think that's a very obscure idea in the first place...\n"
        },
        {
            "url": "https://api.github.com/repos/pallets/flask/issues/comments/162543901",
            "html_url": "https://github.com/pallets/flask/pull/1643#issuecomment-162543901",
            "issue_url": "https://api.github.com/repos/pallets/flask/issues/1643",
            "id": 162543901,
            "node_id": "MDEyOklzc3VlQ29tbWVudDE2MjU0MzkwMQ==",
            "user": {
                "login": "yshlodha",
                "id": 12555379,
                "node_id": "MDQ6VXNlcjEyNTU1Mzc5",
                "avatar_url": "https://avatars1.githubusercontent.com/u/12555379?v=4",
                "gravatar_id": "",
                "url": "https://api.github.com/users/yshlodha",
                "html_url": "https://github.com/yshlodha",
                "followers_url": "https://api.github.com/users/yshlodha/followers",
                "following_url": "https://api.github.com/users/yshlodha/following{/other_user}",
                "gists_url": "https://api.github.com/users/yshlodha/gists{/gist_id}",
                "starred_url": "https://api.github.com/users/yshlodha/starred{/owner}{/repo}",
                "subscriptions_url": "https://api.github.com/users/yshlodha/subscriptions",
                "organizations_url": "https://api.github.com/users/yshlodha/orgs",
                "repos_url": "https://api.github.com/users/yshlodha/repos",
                "events_url": "https://api.github.com/users/yshlodha/events{/privacy}",
                "received_events_url": "https://api.github.com/users/yshlodha/received_events",
                "type": "User",
                "site_admin": false
            },
            "created_at": "2015-12-07T14:42:05Z",
            "updated_at": "2015-12-07T14:42:05Z",
            "author_association": "NONE",
            "body": "It is working fine on python 2.7. I am also able to execute it on python2.7 but not on python3.4\n"
        },
        {
            "url": "https://api.github.com/repos/pallets/flask/issues/comments/162544132",
            "html_url": "https://github.com/pallets/flask/pull/1643#issuecomment-162544132",
            "issue_url": "https://api.github.com/repos/pallets/flask/issues/1643",
            "id": 162544132,
            "node_id": "MDEyOklzc3VlQ29tbWVudDE2MjU0NDEzMg==",
            "user": {
                "login": "ThiefMaster",
                "id": 179599,
                "node_id": "MDQ6VXNlcjE3OTU5OQ==",
                "avatar_url": "https://avatars1.githubusercontent.com/u/179599?v=4",
                "gravatar_id": "",
                "url": "https://api.github.com/users/ThiefMaster",
                "html_url": "https://github.com/ThiefMaster",
                "followers_url": "https://api.github.com/users/ThiefMaster/followers",
                "following_url": "https://api.github.com/users/ThiefMaster/following{/other_user}",
                "gists_url": "https://api.github.com/users/ThiefMaster/gists{/gist_id}",
                "starred_url": "https://api.github.com/users/ThiefMaster/starred{/owner}{/repo}",
                "subscriptions_url": "https://api.github.com/users/ThiefMaster/subscriptions",
                "organizations_url": "https://api.github.com/users/ThiefMaster/orgs",
                "repos_url": "https://api.github.com/users/ThiefMaster/repos",
                "events_url": "https://api.github.com/users/ThiefMaster/events{/privacy}",
                "received_events_url": "https://api.github.com/users/ThiefMaster/received_events",
                "type": "User",
                "site_admin": false
            },
            "created_at": "2015-12-07T14:43:08Z",
            "updated_at": "2015-12-07T14:43:08Z",
            "author_association": "MEMBER",
            "body": "Does it fail for you if you are not inside the virtualenv's folder (usually you don't put any custom stuff inside there, but rather have e.g. `flask/.env` as your virtualenv location)\n"
        },
        {
            "url": "https://api.github.com/repos/pallets/flask/issues/comments/162545443",
            "html_url": "https://github.com/pallets/flask/pull/1643#issuecomment-162545443",
            "issue_url": "https://api.github.com/repos/pallets/flask/issues/1643",
            "id": 162545443,
            "node_id": "MDEyOklzc3VlQ29tbWVudDE2MjU0NTQ0Mw==",
            "user": {
                "login": "davidism",
                "id": 1242887,
                "node_id": "MDQ6VXNlcjEyNDI4ODc=",
                "avatar_url": "https://avatars1.githubusercontent.com/u/1242887?v=4",
                "gravatar_id": "",
                "url": "https://api.github.com/users/davidism",
                "html_url": "https://github.com/davidism",
                "followers_url": "https://api.github.com/users/davidism/followers",
                "following_url": "https://api.github.com/users/davidism/following{/other_user}",
                "gists_url": "https://api.github.com/users/davidism/gists{/gist_id}",
                "starred_url": "https://api.github.com/users/davidism/starred{/owner}{/repo}",
                "subscriptions_url": "https://api.github.com/users/davidism/subscriptions",
                "organizations_url": "https://api.github.com/users/davidism/orgs",
                "repos_url": "https://api.github.com/users/davidism/repos",
                "events_url": "https://api.github.com/users/davidism/events{/privacy}",
                "received_events_url": "https://api.github.com/users/davidism/received_events",
                "type": "User",
                "site_admin": false
            },
            "created_at": "2015-12-07T14:47:53Z",
            "updated_at": "2015-12-07T14:47:53Z",
            "author_association": "MEMBER",
            "body": "There are a couple of weird things in your setup.  Typically the virtualenv is created inside (or completely separate from) the project folder.  You've installed the release distribution, but then are testing with the repo tag.  Use `pip install -e .` instead to install the code in development mode, or just don't install flask==0.10 from pypi.\n\nIf the Flask app sees its files inside a virtualenv, it assumes it is installed for production and the default instance path changes.\n\n``` bash\n$ git clone https://github.com/mitsuhiko/flask flask_test\n$ cd flask_test\n$ virtualenv -p /usr/bin/python3.4 env\n$ source ./env/bin/activate\n$ pip install -e .\n$ python run_tests.py\n```\n\nAt this point I don't think this is a bug with Flask, it's a problem with your environment.\n"
        },
        {
            "url": "https://api.github.com/repos/pallets/flask/issues/comments/162546384",
            "html_url": "https://github.com/pallets/flask/pull/1643#issuecomment-162546384",
            "issue_url": "https://api.github.com/repos/pallets/flask/issues/1643",
            "id": 162546384,
            "node_id": "MDEyOklzc3VlQ29tbWVudDE2MjU0NjM4NA==",
            "user": {
                "login": "davidism",
                "id": 1242887,
                "node_id": "MDQ6VXNlcjEyNDI4ODc=",
                "avatar_url": "https://avatars1.githubusercontent.com/u/1242887?v=4",
                "gravatar_id": "",
                "url": "https://api.github.com/users/davidism",
                "html_url": "https://github.com/davidism",
                "followers_url": "https://api.github.com/users/davidism/followers",
                "following_url": "https://api.github.com/users/davidism/following{/other_user}",
                "gists_url": "https://api.github.com/users/davidism/gists{/gist_id}",
                "starred_url": "https://api.github.com/users/davidism/starred{/owner}{/repo}",
                "subscriptions_url": "https://api.github.com/users/davidism/subscriptions",
                "organizations_url": "https://api.github.com/users/davidism/orgs",
                "repos_url": "https://api.github.com/users/davidism/repos",
                "events_url": "https://api.github.com/users/davidism/events{/privacy}",
                "received_events_url": "https://api.github.com/users/davidism/received_events",
                "type": "User",
                "site_admin": false
            },
            "created_at": "2015-12-07T14:51:36Z",
            "updated_at": "2015-12-07T14:51:36Z",
            "author_association": "MEMBER",
            "body": "Anyway, my original point was that if we think that Flask's autodetection for the instance path is incorrect, we need to change that behavior, not just force the path in the tests, which just hides the issue.  I think Flask is doing the right thing though.\n"
        },
        {
            "url": "https://api.github.com/repos/pallets/flask/issues/comments/162548596",
            "html_url": "https://github.com/pallets/flask/pull/1643#issuecomment-162548596",
            "issue_url": "https://api.github.com/repos/pallets/flask/issues/1643",
            "id": 162548596,
            "node_id": "MDEyOklzc3VlQ29tbWVudDE2MjU0ODU5Ng==",
            "user": {
                "login": "yshlodha",
                "id": 12555379,
                "node_id": "MDQ6VXNlcjEyNTU1Mzc5",
                "avatar_url": "https://avatars1.githubusercontent.com/u/12555379?v=4",
                "gravatar_id": "",
                "url": "https://api.github.com/users/yshlodha",
                "html_url": "https://github.com/yshlodha",
                "followers_url": "https://api.github.com/users/yshlodha/followers",
                "following_url": "https://api.github.com/users/yshlodha/following{/other_user}",
                "gists_url": "https://api.github.com/users/yshlodha/gists{/gist_id}",
                "starred_url": "https://api.github.com/users/yshlodha/starred{/owner}{/repo}",
                "subscriptions_url": "https://api.github.com/users/yshlodha/subscriptions",
                "organizations_url": "https://api.github.com/users/yshlodha/orgs",
                "repos_url": "https://api.github.com/users/yshlodha/repos",
                "events_url": "https://api.github.com/users/yshlodha/events{/privacy}",
                "received_events_url": "https://api.github.com/users/yshlodha/received_events",
                "type": "User",
                "site_admin": false
            },
            "created_at": "2015-12-07T14:59:30Z",
            "updated_at": "2015-12-07T15:00:46Z",
            "author_association": "NONE",
            "body": "First thing virtualenv is named as \"flaskenv\" not \"flask/.env\" means env is not create inside the flask  and Yes if I run test cases without using virtualenv it run successfully. And Yeah it may be problem with my environment but I am not fully sure that environment have something wrong. And yes forcing path is not good way but it helps me. \n"
        },
        {
            "url": "https://api.github.com/repos/pallets/flask/issues/comments/162548778",
            "html_url": "https://github.com/pallets/flask/pull/1643#issuecomment-162548778",
            "issue_url": "https://api.github.com/repos/pallets/flask/issues/1643",
            "id": 162548778,
            "node_id": "MDEyOklzc3VlQ29tbWVudDE2MjU0ODc3OA==",
            "user": {
                "login": "ThiefMaster",
                "id": 179599,
                "node_id": "MDQ6VXNlcjE3OTU5OQ==",
                "avatar_url": "https://avatars1.githubusercontent.com/u/179599?v=4",
                "gravatar_id": "",
                "url": "https://api.github.com/users/ThiefMaster",
                "html_url": "https://github.com/ThiefMaster",
                "followers_url": "https://api.github.com/users/ThiefMaster/followers",
                "following_url": "https://api.github.com/users/ThiefMaster/following{/other_user}",
                "gists_url": "https://api.github.com/users/ThiefMaster/gists{/gist_id}",
                "starred_url": "https://api.github.com/users/ThiefMaster/starred{/owner}{/repo}",
                "subscriptions_url": "https://api.github.com/users/ThiefMaster/subscriptions",
                "organizations_url": "https://api.github.com/users/ThiefMaster/orgs",
                "repos_url": "https://api.github.com/users/ThiefMaster/repos",
                "events_url": "https://api.github.com/users/ThiefMaster/events{/privacy}",
                "received_events_url": "https://api.github.com/users/ThiefMaster/received_events",
                "type": "User",
                "site_admin": false
            },
            "created_at": "2015-12-07T15:00:18Z",
            "updated_at": "2015-12-07T15:00:51Z",
            "author_association": "MEMBER",
            "body": "That's the whole problem: You have this structure:\n\n```\n.../flaskenv/  # your virtualenv\n.../flaskenv/flask/  # your flask git clone\n```\n\nUsually you have this:\n\n```\n.../flask/  # the flask git clone\n.../flask/.env/  # the virtualenv\n```\n"
        },
        {
            "url": "https://api.github.com/repos/pallets/flask/issues/comments/162550303",
            "html_url": "https://github.com/pallets/flask/pull/1643#issuecomment-162550303",
            "issue_url": "https://api.github.com/repos/pallets/flask/issues/1643",
            "id": 162550303,
            "node_id": "MDEyOklzc3VlQ29tbWVudDE2MjU1MDMwMw==",
            "user": {
                "login": "yshlodha",
                "id": 12555379,
                "node_id": "MDQ6VXNlcjEyNTU1Mzc5",
                "avatar_url": "https://avatars1.githubusercontent.com/u/12555379?v=4",
                "gravatar_id": "",
                "url": "https://api.github.com/users/yshlodha",
                "html_url": "https://github.com/yshlodha",
                "followers_url": "https://api.github.com/users/yshlodha/followers",
                "following_url": "https://api.github.com/users/yshlodha/following{/other_user}",
                "gists_url": "https://api.github.com/users/yshlodha/gists{/gist_id}",
                "starred_url": "https://api.github.com/users/yshlodha/starred{/owner}{/repo}",
                "subscriptions_url": "https://api.github.com/users/yshlodha/subscriptions",
                "organizations_url": "https://api.github.com/users/yshlodha/orgs",
                "repos_url": "https://api.github.com/users/yshlodha/repos",
                "events_url": "https://api.github.com/users/yshlodha/events{/privacy}",
                "received_events_url": "https://api.github.com/users/yshlodha/received_events",
                "type": "User",
                "site_admin": false
            },
            "created_at": "2015-12-07T15:06:11Z",
            "updated_at": "2015-12-07T15:06:11Z",
            "author_association": "NONE",
            "body": "Yeah It's Working when env is created inside the repo\n"
        }
    ]
}