{
    "url": "https://api.github.com/repos/pallets/flask/issues/1644",
    "repository_url": "https://api.github.com/repos/pallets/flask",
    "labels_url": "https://api.github.com/repos/pallets/flask/issues/1644/labels{/name}",
    "comments_url": "https://api.github.com/repos/pallets/flask/issues/1644/comments",
    "events_url": "https://api.github.com/repos/pallets/flask/issues/1644/events",
    "html_url": "https://github.com/pallets/flask/issues/1644",
    "id": 120845274,
    "node_id": "MDU6SXNzdWUxMjA4NDUyNzQ=",
    "number": 1644,
    "title": "Please update mod_wsgi documentation to use httpd 2.4 syntax",
    "user": {
        "login": "et304383",
        "id": 2693414,
        "node_id": "MDQ6VXNlcjI2OTM0MTQ=",
        "avatar_url": "https://avatars3.githubusercontent.com/u/2693414?v=4",
        "gravatar_id": "",
        "url": "https://api.github.com/users/et304383",
        "html_url": "https://github.com/et304383",
        "followers_url": "https://api.github.com/users/et304383/followers",
        "following_url": "https://api.github.com/users/et304383/following{/other_user}",
        "gists_url": "https://api.github.com/users/et304383/gists{/gist_id}",
        "starred_url": "https://api.github.com/users/et304383/starred{/owner}{/repo}",
        "subscriptions_url": "https://api.github.com/users/et304383/subscriptions",
        "organizations_url": "https://api.github.com/users/et304383/orgs",
        "repos_url": "https://api.github.com/users/et304383/repos",
        "events_url": "https://api.github.com/users/et304383/events{/privacy}",
        "received_events_url": "https://api.github.com/users/et304383/received_events",
        "type": "User",
        "site_admin": false
    },
    "labels": [
        {
            "id": 170296925,
            "node_id": "MDU6TGFiZWwxNzAyOTY5MjU=",
            "url": "https://api.github.com/repos/pallets/flask/labels/good%20first%20issue",
            "name": "good first issue",
            "color": "fbca04",
            "default": true,
            "description": null
        }
    ],
    "state": "closed",
    "locked": false,
    "assignee": null,
    "assignees": [],
    "milestone": null,
    "comments": 0,
    "created_at": "2015-12-07T19:11:56Z",
    "updated_at": "2015-12-10T05:09:13Z",
    "closed_at": "2015-12-10T05:09:13Z",
    "author_association": "NONE",
    "body": "This is my own fault as I was looking for other more non-obvious issues with my permissions but the documentation here:\n\nhttp://flask.pocoo.org/docs/0.10/deploying/mod_wsgi/\n\nUses httpd 2.2 syntax for directory permissions.\n\nAt the very least, a note should be added to remind folks to use httpd 2.4 syntax of \"Require All Granted\".\n"
}