{
    "url": "https://api.github.com/repos/pallets/flask/issues/1645",
    "repository_url": "https://api.github.com/repos/pallets/flask",
    "labels_url": "https://api.github.com/repos/pallets/flask/issues/1645/labels{/name}",
    "comments_url": "https://api.github.com/repos/pallets/flask/issues/1645/comments",
    "events_url": "https://api.github.com/repos/pallets/flask/issues/1645/events",
    "html_url": "https://github.com/pallets/flask/issues/1645",
    "id": 120854248,
    "node_id": "MDU6SXNzdWUxMjA4NTQyNDg=",
    "number": 1645,
    "title": "template loaders configuration don't support zipped applications",
    "user": {
        "login": "RonnyPfannschmidt",
        "id": 156838,
        "node_id": "MDQ6VXNlcjE1NjgzOA==",
        "avatar_url": "https://avatars1.githubusercontent.com/u/156838?v=4",
        "gravatar_id": "",
        "url": "https://api.github.com/users/RonnyPfannschmidt",
        "html_url": "https://github.com/RonnyPfannschmidt",
        "followers_url": "https://api.github.com/users/RonnyPfannschmidt/followers",
        "following_url": "https://api.github.com/users/RonnyPfannschmidt/following{/other_user}",
        "gists_url": "https://api.github.com/users/RonnyPfannschmidt/gists{/gist_id}",
        "starred_url": "https://api.github.com/users/RonnyPfannschmidt/starred{/owner}{/repo}",
        "subscriptions_url": "https://api.github.com/users/RonnyPfannschmidt/subscriptions",
        "organizations_url": "https://api.github.com/users/RonnyPfannschmidt/orgs",
        "repos_url": "https://api.github.com/users/RonnyPfannschmidt/repos",
        "events_url": "https://api.github.com/users/RonnyPfannschmidt/events{/privacy}",
        "received_events_url": "https://api.github.com/users/RonnyPfannschmidt/received_events",
        "type": "User",
        "site_admin": false
    },
    "labels": [],
    "state": "closed",
    "locked": false,
    "assignee": null,
    "assignees": [],
    "milestone": null,
    "comments": 4,
    "created_at": "2015-12-07T19:57:12Z",
    "updated_at": "2016-01-03T13:33:54Z",
    "closed_at": "2016-01-03T13:33:54Z",
    "author_association": "CONTRIBUTOR",
    "body": "based on #1562\n\ndue to using a filesystem-loader instead of a package-loader, egg based installs and zipped python applications as well as compressed wheels in the pythonpath can not load templates\n\nthe problem lies in `_PackageBoundObject` not using a package loader,\ni don't recall if this was done for performance or due to other downsides\n",
    "comments_inline": [
        {
            "url": "https://api.github.com/repos/pallets/flask/issues/comments/165679477",
            "html_url": "https://github.com/pallets/flask/issues/1645#issuecomment-165679477",
            "issue_url": "https://api.github.com/repos/pallets/flask/issues/1645",
            "id": 165679477,
            "node_id": "MDEyOklzc3VlQ29tbWVudDE2NTY3OTQ3Nw==",
            "user": {
                "login": "alexpantyukhin",
                "id": 6513121,
                "node_id": "MDQ6VXNlcjY1MTMxMjE=",
                "avatar_url": "https://avatars3.githubusercontent.com/u/6513121?v=4",
                "gravatar_id": "",
                "url": "https://api.github.com/users/alexpantyukhin",
                "html_url": "https://github.com/alexpantyukhin",
                "followers_url": "https://api.github.com/users/alexpantyukhin/followers",
                "following_url": "https://api.github.com/users/alexpantyukhin/following{/other_user}",
                "gists_url": "https://api.github.com/users/alexpantyukhin/gists{/gist_id}",
                "starred_url": "https://api.github.com/users/alexpantyukhin/starred{/owner}{/repo}",
                "subscriptions_url": "https://api.github.com/users/alexpantyukhin/subscriptions",
                "organizations_url": "https://api.github.com/users/alexpantyukhin/orgs",
                "repos_url": "https://api.github.com/users/alexpantyukhin/repos",
                "events_url": "https://api.github.com/users/alexpantyukhin/events{/privacy}",
                "received_events_url": "https://api.github.com/users/alexpantyukhin/received_events",
                "type": "User",
                "site_admin": false
            },
            "created_at": "2015-12-18T05:48:07Z",
            "updated_at": "2015-12-18T05:48:07Z",
            "author_association": "CONTRIBUTOR",
            "body": "But `PackageLoader` works only with package as I see. Maybe it would be okay to have some another option (something like `template_package`) and if it None use the approach with `FileSystemLoader`?\n"
        },
        {
            "url": "https://api.github.com/repos/pallets/flask/issues/comments/165712596",
            "html_url": "https://github.com/pallets/flask/issues/1645#issuecomment-165712596",
            "issue_url": "https://api.github.com/repos/pallets/flask/issues/1645",
            "id": 165712596,
            "node_id": "MDEyOklzc3VlQ29tbWVudDE2NTcxMjU5Ng==",
            "user": {
                "login": "RonnyPfannschmidt",
                "id": 156838,
                "node_id": "MDQ6VXNlcjE1NjgzOA==",
                "avatar_url": "https://avatars1.githubusercontent.com/u/156838?v=4",
                "gravatar_id": "",
                "url": "https://api.github.com/users/RonnyPfannschmidt",
                "html_url": "https://github.com/RonnyPfannschmidt",
                "followers_url": "https://api.github.com/users/RonnyPfannschmidt/followers",
                "following_url": "https://api.github.com/users/RonnyPfannschmidt/following{/other_user}",
                "gists_url": "https://api.github.com/users/RonnyPfannschmidt/gists{/gist_id}",
                "starred_url": "https://api.github.com/users/RonnyPfannschmidt/starred{/owner}{/repo}",
                "subscriptions_url": "https://api.github.com/users/RonnyPfannschmidt/subscriptions",
                "organizations_url": "https://api.github.com/users/RonnyPfannschmidt/orgs",
                "repos_url": "https://api.github.com/users/RonnyPfannschmidt/repos",
                "events_url": "https://api.github.com/users/RonnyPfannschmidt/events{/privacy}",
                "received_events_url": "https://api.github.com/users/RonnyPfannschmidt/received_events",
                "type": "User",
                "site_admin": false
            },
            "created_at": "2015-12-18T08:24:43Z",
            "updated_at": "2015-12-18T08:24:43Z",
            "author_association": "CONTRIBUTOR",
            "body": "well, any non single file app is usually in a package - so i dont see a huge problem there\n"
        },
        {
            "url": "https://api.github.com/repos/pallets/flask/issues/comments/166108085",
            "html_url": "https://github.com/pallets/flask/issues/1645#issuecomment-166108085",
            "issue_url": "https://api.github.com/repos/pallets/flask/issues/1645",
            "id": 166108085,
            "node_id": "MDEyOklzc3VlQ29tbWVudDE2NjEwODA4NQ==",
            "user": {
                "login": "mitsuhiko",
                "id": 7396,
                "node_id": "MDQ6VXNlcjczOTY=",
                "avatar_url": "https://avatars1.githubusercontent.com/u/7396?v=4",
                "gravatar_id": "",
                "url": "https://api.github.com/users/mitsuhiko",
                "html_url": "https://github.com/mitsuhiko",
                "followers_url": "https://api.github.com/users/mitsuhiko/followers",
                "following_url": "https://api.github.com/users/mitsuhiko/following{/other_user}",
                "gists_url": "https://api.github.com/users/mitsuhiko/gists{/gist_id}",
                "starred_url": "https://api.github.com/users/mitsuhiko/starred{/owner}{/repo}",
                "subscriptions_url": "https://api.github.com/users/mitsuhiko/subscriptions",
                "organizations_url": "https://api.github.com/users/mitsuhiko/orgs",
                "repos_url": "https://api.github.com/users/mitsuhiko/repos",
                "events_url": "https://api.github.com/users/mitsuhiko/events{/privacy}",
                "received_events_url": "https://api.github.com/users/mitsuhiko/received_events",
                "type": "User",
                "site_admin": false
            },
            "created_at": "2015-12-20T10:42:51Z",
            "updated_at": "2015-12-20T10:42:51Z",
            "author_association": "MEMBER",
            "body": "@RonnyPfannschmidt mainly was done because `/static` breaks anyways. So it does not help if we can ship packages but not static files.\n"
        },
        {
            "url": "https://api.github.com/repos/pallets/flask/issues/comments/168499181",
            "html_url": "https://github.com/pallets/flask/issues/1645#issuecomment-168499181",
            "issue_url": "https://api.github.com/repos/pallets/flask/issues/1645",
            "id": 168499181,
            "node_id": "MDEyOklzc3VlQ29tbWVudDE2ODQ5OTE4MQ==",
            "user": {
                "login": "RonnyPfannschmidt",
                "id": 156838,
                "node_id": "MDQ6VXNlcjE1NjgzOA==",
                "avatar_url": "https://avatars1.githubusercontent.com/u/156838?v=4",
                "gravatar_id": "",
                "url": "https://api.github.com/users/RonnyPfannschmidt",
                "html_url": "https://github.com/RonnyPfannschmidt",
                "followers_url": "https://api.github.com/users/RonnyPfannschmidt/followers",
                "following_url": "https://api.github.com/users/RonnyPfannschmidt/following{/other_user}",
                "gists_url": "https://api.github.com/users/RonnyPfannschmidt/gists{/gist_id}",
                "starred_url": "https://api.github.com/users/RonnyPfannschmidt/starred{/owner}{/repo}",
                "subscriptions_url": "https://api.github.com/users/RonnyPfannschmidt/subscriptions",
                "organizations_url": "https://api.github.com/users/RonnyPfannschmidt/orgs",
                "repos_url": "https://api.github.com/users/RonnyPfannschmidt/repos",
                "events_url": "https://api.github.com/users/RonnyPfannschmidt/events{/privacy}",
                "received_events_url": "https://api.github.com/users/RonnyPfannschmidt/received_events",
                "type": "User",
                "site_admin": false
            },
            "created_at": "2016-01-03T13:33:54Z",
            "updated_at": "2016-01-03T13:33:54Z",
            "author_association": "CONTRIBUTOR",
            "body": "closing as wont fix then, should this be documented somewhere?\n"
        }
    ]
}