{
    "url": "https://api.github.com/repos/pallets/flask/issues/1649",
    "repository_url": "https://api.github.com/repos/pallets/flask",
    "labels_url": "https://api.github.com/repos/pallets/flask/issues/1649/labels{/name}",
    "comments_url": "https://api.github.com/repos/pallets/flask/issues/1649/comments",
    "events_url": "https://api.github.com/repos/pallets/flask/issues/1649/events",
    "html_url": "https://github.com/pallets/flask/issues/1649",
    "id": 121768102,
    "node_id": "MDU6SXNzdWUxMjE3NjgxMDI=",
    "number": 1649,
    "title": "[support] I get None with request.form",
    "user": {
        "login": "somenxavier",
        "id": 89915,
        "node_id": "MDQ6VXNlcjg5OTE1",
        "avatar_url": "https://avatars3.githubusercontent.com/u/89915?v=4",
        "gravatar_id": "",
        "url": "https://api.github.com/users/somenxavier",
        "html_url": "https://github.com/somenxavier",
        "followers_url": "https://api.github.com/users/somenxavier/followers",
        "following_url": "https://api.github.com/users/somenxavier/following{/other_user}",
        "gists_url": "https://api.github.com/users/somenxavier/gists{/gist_id}",
        "starred_url": "https://api.github.com/users/somenxavier/starred{/owner}{/repo}",
        "subscriptions_url": "https://api.github.com/users/somenxavier/subscriptions",
        "organizations_url": "https://api.github.com/users/somenxavier/orgs",
        "repos_url": "https://api.github.com/users/somenxavier/repos",
        "events_url": "https://api.github.com/users/somenxavier/events{/privacy}",
        "received_events_url": "https://api.github.com/users/somenxavier/received_events",
        "type": "User",
        "site_admin": false
    },
    "labels": [],
    "state": "closed",
    "locked": false,
    "assignee": null,
    "assignees": [],
    "milestone": null,
    "comments": 6,
    "created_at": "2015-12-11T18:46:54Z",
    "updated_at": "2015-12-12T11:56:26Z",
    "closed_at": "2015-12-11T18:51:31Z",
    "author_association": "NONE",
    "body": "Hi,\n\nI have these:\n\n```\n# Imports\nfrom flask import Flask, jsonify, request, make_response, render_template, url_for, flash, redirect\nfrom yaml import load, dump\ntry:\n    from yaml import CLoader as Loader, CDumper as Dumper\nexcept ImportError:\n    from yaml import Loader, Dumper\n\n\n# Global variables\nversion = \"0.1\"\napp = Flask(__name__)\napp.secret_key = 'el meu secret'\n\n\n# Main procedure\n@app.route(\"/new/\", methods=['POST'])\ndef create_new_activity():\n    flash(\"Funciona?\")\n    flash(request.form.get('body'))\n    return redirect(url_for('show_new_activity_form'))\n\n@app.route(\"/new/\", methods=['GET'])\ndef show_new_activity_form():\n    return render_template('activity.html')\n\n\nif __name__ == \"__main__\":\n    app.debug = True\n    app.run()\n```\n\nMy templates are very simple:\n\n```\n{% extends \"base.html\" %}\n{% block title %}New activity{% endblock %}\n{% block content %}\n  <script>\n  $(document).ready(function() {\n    $('select').material_select();\n  });\n  </script>  \n\n  <h1>New activity</h1>\n\n\n  <div class=\"row\">\n      <form action=\"{{ url_for('create_new_activity') }}\" method=\"post\">\n          <input placeholder=\"identification\" id=\"serial\" type=\"text\" class=\"validate\">\n          <textarea id=\"body\" class=\"materialize-textarea\"></textarea>\n      <select id=\"tags\" required multiple>\n            <option value=\"1\" selected>Option 1</option>\n            <option value=\"2\">Option 2</option>\n            <option value=\"3\">Option 3</option>\n          </select>\n          <input type=submit>\n      </form>\n   {% with messages = get_flashed_messages() %}\n    {% if messages %}\n      <ul class=flashes>\n      {% for message in messages %}\n        <li>{{ message }}</li>\n      {% endfor %}\n      </ul>\n    {% endif %}\n  {% endwith %}\n  </div>\n{% endblock %}\n```\n\n```\n<!DOCTYPE html>\n<html>\n  <head>\n    <title>{% block title %}{% endblock %} &in; tam </title>\n    <!--Let browser know website is optimized for mobile-->\n    <meta name=\"viewport\" content=\"width=device-width, initial-scale=1.0\"/>\n    {% block css_js %}\n    <!-- CSS and Javascript headers -->\n    <link href=\"http://fonts.googleapis.com/icon?family=Material+Icons\" rel=\"stylesheet\">\n    <link rel=\"stylesheet\" href=\"https://cdnjs.cloudflare.com/ajax/libs/materialize/0.97.3/css/materialize.min.css\">\n    <script type=\"text/javascript\" src=\"https://code.jquery.com/jquery-2.1.1.min.js\"></script>\n    <script src=\"https://cdnjs.cloudflare.com/ajax/libs/materialize/0.97.3/js/materialize.min.js\"></script>\n    {% endblock %}\n  </head>\n  <body>\n    <div class=\"navbar-fixed\">\n      <nav class=\"z-depth-1\" role=\"navigation\">\n        <div class=\"nav-wrapper container\">\n          <a id=\"logo-container\" class=\"brand-logo left\" href=\"/\">tam</a>\n          <ul class=\"right\">\n            <li><a href=\"{{ url_for('show_new_activity_form') }}\">New</a></li>\n          </ul>\n        </div>\n      </nav>\n    </div>\n    <div class=\"container\">\n      <div class=\"section\">\n         {% block content %}{% endblock %}\n      </div>\n    </div>\n    <footer class=\"page-footer\">\n     <div class=\"container\">Tam application</div>\n     <div class=\"footer-copyright\">\n       <div class=\"container\">\n          Tam is distributed under <a href=\"https://www.gnu.org/licenses/gpl-3.0.txt\">GPL 3</a> or above\n       </div>\n     </div>\n    </footer>\n  </body>\n</html>\n```\n\nI get always \"None\" in the result of `request.form.get('body')` which I really fill in. What happens there?\n\nThanks,\n",
    "comments_inline": [
        {
            "url": "https://api.github.com/repos/pallets/flask/issues/comments/164016209",
            "html_url": "https://github.com/pallets/flask/issues/1649#issuecomment-164016209",
            "issue_url": "https://api.github.com/repos/pallets/flask/issues/1649",
            "id": 164016209,
            "node_id": "MDEyOklzc3VlQ29tbWVudDE2NDAxNjIwOQ==",
            "user": {
                "login": "davidism",
                "id": 1242887,
                "node_id": "MDQ6VXNlcjEyNDI4ODc=",
                "avatar_url": "https://avatars1.githubusercontent.com/u/1242887?v=4",
                "gravatar_id": "",
                "url": "https://api.github.com/users/davidism",
                "html_url": "https://github.com/davidism",
                "followers_url": "https://api.github.com/users/davidism/followers",
                "following_url": "https://api.github.com/users/davidism/following{/other_user}",
                "gists_url": "https://api.github.com/users/davidism/gists{/gist_id}",
                "starred_url": "https://api.github.com/users/davidism/starred{/owner}{/repo}",
                "subscriptions_url": "https://api.github.com/users/davidism/subscriptions",
                "organizations_url": "https://api.github.com/users/davidism/orgs",
                "repos_url": "https://api.github.com/users/davidism/repos",
                "events_url": "https://api.github.com/users/davidism/events{/privacy}",
                "received_events_url": "https://api.github.com/users/davidism/received_events",
                "type": "User",
                "site_admin": false
            },
            "created_at": "2015-12-11T18:51:31Z",
            "updated_at": "2015-12-11T18:52:31Z",
            "author_association": "MEMBER",
            "body": "You need to name inputs.  `<textarea name=\"body\"></textarea>`  Please use the mailing list, IRC, or Stack Overflow for support questions in the future, GitHub is for bugs and feature requests.\n"
        },
        {
            "url": "https://api.github.com/repos/pallets/flask/issues/comments/164016333",
            "html_url": "https://github.com/pallets/flask/issues/1649#issuecomment-164016333",
            "issue_url": "https://api.github.com/repos/pallets/flask/issues/1649",
            "id": 164016333,
            "node_id": "MDEyOklzc3VlQ29tbWVudDE2NDAxNjMzMw==",
            "user": {
                "login": "wgwz",
                "id": 10120306,
                "node_id": "MDQ6VXNlcjEwMTIwMzA2",
                "avatar_url": "https://avatars2.githubusercontent.com/u/10120306?v=4",
                "gravatar_id": "",
                "url": "https://api.github.com/users/wgwz",
                "html_url": "https://github.com/wgwz",
                "followers_url": "https://api.github.com/users/wgwz/followers",
                "following_url": "https://api.github.com/users/wgwz/following{/other_user}",
                "gists_url": "https://api.github.com/users/wgwz/gists{/gist_id}",
                "starred_url": "https://api.github.com/users/wgwz/starred{/owner}{/repo}",
                "subscriptions_url": "https://api.github.com/users/wgwz/subscriptions",
                "organizations_url": "https://api.github.com/users/wgwz/orgs",
                "repos_url": "https://api.github.com/users/wgwz/repos",
                "events_url": "https://api.github.com/users/wgwz/events{/privacy}",
                "received_events_url": "https://api.github.com/users/wgwz/received_events",
                "type": "User",
                "site_admin": false
            },
            "created_at": "2015-12-11T18:52:02Z",
            "updated_at": "2015-12-11T18:52:02Z",
            "author_association": "CONTRIBUTOR",
            "body": "I'm not sure that you are posting this in the right place, but someone will let us know soon I imagine. Have you tried printing `request.form` to make sure that it contains what are expecting it to? Add a line above the get method `print request.form`.\n"
        },
        {
            "url": "https://api.github.com/repos/pallets/flask/issues/comments/164126789",
            "html_url": "https://github.com/pallets/flask/issues/1649#issuecomment-164126789",
            "issue_url": "https://api.github.com/repos/pallets/flask/issues/1649",
            "id": 164126789,
            "node_id": "MDEyOklzc3VlQ29tbWVudDE2NDEyNjc4OQ==",
            "user": {
                "login": "somenxavier",
                "id": 89915,
                "node_id": "MDQ6VXNlcjg5OTE1",
                "avatar_url": "https://avatars3.githubusercontent.com/u/89915?v=4",
                "gravatar_id": "",
                "url": "https://api.github.com/users/somenxavier",
                "html_url": "https://github.com/somenxavier",
                "followers_url": "https://api.github.com/users/somenxavier/followers",
                "following_url": "https://api.github.com/users/somenxavier/following{/other_user}",
                "gists_url": "https://api.github.com/users/somenxavier/gists{/gist_id}",
                "starred_url": "https://api.github.com/users/somenxavier/starred{/owner}{/repo}",
                "subscriptions_url": "https://api.github.com/users/somenxavier/subscriptions",
                "organizations_url": "https://api.github.com/users/somenxavier/orgs",
                "repos_url": "https://api.github.com/users/somenxavier/repos",
                "events_url": "https://api.github.com/users/somenxavier/events{/privacy}",
                "received_events_url": "https://api.github.com/users/somenxavier/received_events",
                "type": "User",
                "site_admin": false
            },
            "created_at": "2015-12-12T08:49:50Z",
            "updated_at": "2015-12-12T08:49:50Z",
            "author_association": "NONE",
            "body": "@davidism Sorry for posting here. I did not know that. I was sure that Flask see `id=` and not `name=`.  Perhaps you could mention in the docs. I did not see that.\n"
        },
        {
            "url": "https://api.github.com/repos/pallets/flask/issues/comments/164127208",
            "html_url": "https://github.com/pallets/flask/issues/1649#issuecomment-164127208",
            "issue_url": "https://api.github.com/repos/pallets/flask/issues/1649",
            "id": 164127208,
            "node_id": "MDEyOklzc3VlQ29tbWVudDE2NDEyNzIwOA==",
            "user": {
                "login": "ThiefMaster",
                "id": 179599,
                "node_id": "MDQ6VXNlcjE3OTU5OQ==",
                "avatar_url": "https://avatars1.githubusercontent.com/u/179599?v=4",
                "gravatar_id": "",
                "url": "https://api.github.com/users/ThiefMaster",
                "html_url": "https://github.com/ThiefMaster",
                "followers_url": "https://api.github.com/users/ThiefMaster/followers",
                "following_url": "https://api.github.com/users/ThiefMaster/following{/other_user}",
                "gists_url": "https://api.github.com/users/ThiefMaster/gists{/gist_id}",
                "starred_url": "https://api.github.com/users/ThiefMaster/starred{/owner}{/repo}",
                "subscriptions_url": "https://api.github.com/users/ThiefMaster/subscriptions",
                "organizations_url": "https://api.github.com/users/ThiefMaster/orgs",
                "repos_url": "https://api.github.com/users/ThiefMaster/repos",
                "events_url": "https://api.github.com/users/ThiefMaster/events{/privacy}",
                "received_events_url": "https://api.github.com/users/ThiefMaster/received_events",
                "type": "User",
                "site_admin": false
            },
            "created_at": "2015-12-12T09:01:49Z",
            "updated_at": "2015-12-12T09:01:49Z",
            "author_association": "MEMBER",
            "body": "I don't think HTML basics belong in the flask docs\n"
        },
        {
            "url": "https://api.github.com/repos/pallets/flask/issues/comments/164142229",
            "html_url": "https://github.com/pallets/flask/issues/1649#issuecomment-164142229",
            "issue_url": "https://api.github.com/repos/pallets/flask/issues/1649",
            "id": 164142229,
            "node_id": "MDEyOklzc3VlQ29tbWVudDE2NDE0MjIyOQ==",
            "user": {
                "login": "somenxavier",
                "id": 89915,
                "node_id": "MDQ6VXNlcjg5OTE1",
                "avatar_url": "https://avatars3.githubusercontent.com/u/89915?v=4",
                "gravatar_id": "",
                "url": "https://api.github.com/users/somenxavier",
                "html_url": "https://github.com/somenxavier",
                "followers_url": "https://api.github.com/users/somenxavier/followers",
                "following_url": "https://api.github.com/users/somenxavier/following{/other_user}",
                "gists_url": "https://api.github.com/users/somenxavier/gists{/gist_id}",
                "starred_url": "https://api.github.com/users/somenxavier/starred{/owner}{/repo}",
                "subscriptions_url": "https://api.github.com/users/somenxavier/subscriptions",
                "organizations_url": "https://api.github.com/users/somenxavier/orgs",
                "repos_url": "https://api.github.com/users/somenxavier/repos",
                "events_url": "https://api.github.com/users/somenxavier/events{/privacy}",
                "received_events_url": "https://api.github.com/users/somenxavier/received_events",
                "type": "User",
                "site_admin": false
            },
            "created_at": "2015-12-12T11:53:13Z",
            "updated_at": "2015-12-12T11:53:13Z",
            "author_association": "NONE",
            "body": "@ThiefMaster I don't think so. But what and how flask gets values (from `name` attribute in this case) is important and is flask-related, in my opinion. See this way: I, a user, missunderstand the docs and I ask you this topic. If you improve the docs, perhaps no one would ask again.\n"
        },
        {
            "url": "https://api.github.com/repos/pallets/flask/issues/comments/164142387",
            "html_url": "https://github.com/pallets/flask/issues/1649#issuecomment-164142387",
            "issue_url": "https://api.github.com/repos/pallets/flask/issues/1649",
            "id": 164142387,
            "node_id": "MDEyOklzc3VlQ29tbWVudDE2NDE0MjM4Nw==",
            "user": {
                "login": "ThiefMaster",
                "id": 179599,
                "node_id": "MDQ6VXNlcjE3OTU5OQ==",
                "avatar_url": "https://avatars1.githubusercontent.com/u/179599?v=4",
                "gravatar_id": "",
                "url": "https://api.github.com/users/ThiefMaster",
                "html_url": "https://github.com/ThiefMaster",
                "followers_url": "https://api.github.com/users/ThiefMaster/followers",
                "following_url": "https://api.github.com/users/ThiefMaster/following{/other_user}",
                "gists_url": "https://api.github.com/users/ThiefMaster/gists{/gist_id}",
                "starred_url": "https://api.github.com/users/ThiefMaster/starred{/owner}{/repo}",
                "subscriptions_url": "https://api.github.com/users/ThiefMaster/subscriptions",
                "organizations_url": "https://api.github.com/users/ThiefMaster/orgs",
                "repos_url": "https://api.github.com/users/ThiefMaster/repos",
                "events_url": "https://api.github.com/users/ThiefMaster/events{/privacy}",
                "received_events_url": "https://api.github.com/users/ThiefMaster/received_events",
                "type": "User",
                "site_admin": false
            },
            "created_at": "2015-12-12T11:56:26Z",
            "updated_at": "2015-12-12T11:56:26Z",
            "author_association": "MEMBER",
            "body": "But it's how HTML forms work - the name/value is what's submitted. No matter what's running on the server side.\n"
        }
    ]
}