{
    "url": "https://api.github.com/repos/pallets/flask/issues/165",
    "repository_url": "https://api.github.com/repos/pallets/flask",
    "labels_url": "https://api.github.com/repos/pallets/flask/issues/165/labels{/name}",
    "comments_url": "https://api.github.com/repos/pallets/flask/issues/165/comments",
    "events_url": "https://api.github.com/repos/pallets/flask/issues/165/events",
    "html_url": "https://github.com/pallets/flask/pull/165",
    "id": 574867,
    "node_id": "MDExOlB1bGxSZXF1ZXN0NjY5MTM=",
    "number": 165,
    "title": "Updated documentation for deploying with Lighttpd",
    "user": {
        "login": "fmw",
        "id": 88273,
        "node_id": "MDQ6VXNlcjg4Mjcz",
        "avatar_url": "https://avatars2.githubusercontent.com/u/88273?v=4",
        "gravatar_id": "",
        "url": "https://api.github.com/users/fmw",
        "html_url": "https://github.com/fmw",
        "followers_url": "https://api.github.com/users/fmw/followers",
        "following_url": "https://api.github.com/users/fmw/following{/other_user}",
        "gists_url": "https://api.github.com/users/fmw/gists{/gist_id}",
        "starred_url": "https://api.github.com/users/fmw/starred{/owner}{/repo}",
        "subscriptions_url": "https://api.github.com/users/fmw/subscriptions",
        "organizations_url": "https://api.github.com/users/fmw/orgs",
        "repos_url": "https://api.github.com/users/fmw/repos",
        "events_url": "https://api.github.com/users/fmw/events{/privacy}",
        "received_events_url": "https://api.github.com/users/fmw/received_events",
        "type": "User",
        "site_admin": false
    },
    "labels": [],
    "state": "closed",
    "locked": false,
    "assignee": null,
    "assignees": [],
    "milestone": null,
    "comments": 1,
    "created_at": "2011-02-04T13:28:45Z",
    "updated_at": "2014-06-12T10:22:35Z",
    "closed_at": "2011-02-05T16:29:54Z",
    "author_association": "CONTRIBUTOR",
    "pull_request": {
        "url": "https://api.github.com/repos/pallets/flask/pulls/165",
        "html_url": "https://github.com/pallets/flask/pull/165",
        "diff_url": "https://github.com/pallets/flask/pull/165.diff",
        "patch_url": "https://github.com/pallets/flask/pull/165.patch"
    },
    "body": "I've updated the documentation for Lighttpd deployment with FastCGI.\n",
    "comments_inline": [
        {
            "url": "https://api.github.com/repos/pallets/flask/issues/comments/741841",
            "html_url": "https://github.com/pallets/flask/pull/165#issuecomment-741841",
            "issue_url": "https://api.github.com/repos/pallets/flask/issues/165",
            "id": 741841,
            "node_id": "MDEyOklzc3VlQ29tbWVudDc0MTg0MQ==",
            "user": {
                "login": "mitsuhiko",
                "id": 7396,
                "node_id": "MDQ6VXNlcjczOTY=",
                "avatar_url": "https://avatars1.githubusercontent.com/u/7396?v=4",
                "gravatar_id": "",
                "url": "https://api.github.com/users/mitsuhiko",
                "html_url": "https://github.com/mitsuhiko",
                "followers_url": "https://api.github.com/users/mitsuhiko/followers",
                "following_url": "https://api.github.com/users/mitsuhiko/following{/other_user}",
                "gists_url": "https://api.github.com/users/mitsuhiko/gists{/gist_id}",
                "starred_url": "https://api.github.com/users/mitsuhiko/starred{/owner}{/repo}",
                "subscriptions_url": "https://api.github.com/users/mitsuhiko/subscriptions",
                "organizations_url": "https://api.github.com/users/mitsuhiko/orgs",
                "repos_url": "https://api.github.com/users/mitsuhiko/repos",
                "events_url": "https://api.github.com/users/mitsuhiko/events{/privacy}",
                "received_events_url": "https://api.github.com/users/mitsuhiko/received_events",
                "type": "User",
                "site_admin": false
            },
            "created_at": "2011-02-05T16:29:54Z",
            "updated_at": "2011-02-05T16:29:54Z",
            "author_association": "MEMBER",
            "body": "Thanks a lot. I pulled these. Should be online with the next documentation rebuild.\n"
        }
    ]
}