{
    "url": "https://api.github.com/repos/pallets/flask/issues/1651",
    "repository_url": "https://api.github.com/repos/pallets/flask",
    "labels_url": "https://api.github.com/repos/pallets/flask/issues/1651/labels{/name}",
    "comments_url": "https://api.github.com/repos/pallets/flask/issues/1651/comments",
    "events_url": "https://api.github.com/repos/pallets/flask/issues/1651/events",
    "html_url": "https://github.com/pallets/flask/pull/1651",
    "id": 121921703,
    "node_id": "MDExOlB1bGxSZXF1ZXN0NTM1MDA3NjY=",
    "number": 1651,
    "title": "Remove with_statement in flask/ctx.py",
    "user": {
        "login": "lord63",
        "id": 5268051,
        "node_id": "MDQ6VXNlcjUyNjgwNTE=",
        "avatar_url": "https://avatars0.githubusercontent.com/u/5268051?v=4",
        "gravatar_id": "",
        "url": "https://api.github.com/users/lord63",
        "html_url": "https://github.com/lord63",
        "followers_url": "https://api.github.com/users/lord63/followers",
        "following_url": "https://api.github.com/users/lord63/following{/other_user}",
        "gists_url": "https://api.github.com/users/lord63/gists{/gist_id}",
        "starred_url": "https://api.github.com/users/lord63/starred{/owner}{/repo}",
        "subscriptions_url": "https://api.github.com/users/lord63/subscriptions",
        "organizations_url": "https://api.github.com/users/lord63/orgs",
        "repos_url": "https://api.github.com/users/lord63/repos",
        "events_url": "https://api.github.com/users/lord63/events{/privacy}",
        "received_events_url": "https://api.github.com/users/lord63/received_events",
        "type": "User",
        "site_admin": false
    },
    "labels": [],
    "state": "closed",
    "locked": false,
    "assignee": null,
    "assignees": [],
    "milestone": null,
    "comments": 3,
    "created_at": "2015-12-13T14:16:19Z",
    "updated_at": "2015-12-20T10:43:29Z",
    "closed_at": "2015-12-13T17:21:01Z",
    "author_association": "CONTRIBUTOR",
    "pull_request": {
        "url": "https://api.github.com/repos/pallets/flask/pulls/1651",
        "html_url": "https://github.com/pallets/flask/pull/1651",
        "diff_url": "https://github.com/pallets/flask/pull/1651.diff",
        "patch_url": "https://github.com/pallets/flask/pull/1651.patch"
    },
    "body": "It seems that we don't support 2.5 any more, and the with statement is mandatory since 2.6, I think we could remove it now.\n",
    "comments_inline": [
        {
            "url": "https://api.github.com/repos/pallets/flask/issues/comments/164276368",
            "html_url": "https://github.com/pallets/flask/pull/1651#issuecomment-164276368",
            "issue_url": "https://api.github.com/repos/pallets/flask/issues/1651",
            "id": 164276368,
            "node_id": "MDEyOklzc3VlQ29tbWVudDE2NDI3NjM2OA==",
            "user": {
                "login": "gregorynicholas",
                "id": 407650,
                "node_id": "MDQ6VXNlcjQwNzY1MA==",
                "avatar_url": "https://avatars1.githubusercontent.com/u/407650?v=4",
                "gravatar_id": "",
                "url": "https://api.github.com/users/gregorynicholas",
                "html_url": "https://github.com/gregorynicholas",
                "followers_url": "https://api.github.com/users/gregorynicholas/followers",
                "following_url": "https://api.github.com/users/gregorynicholas/following{/other_user}",
                "gists_url": "https://api.github.com/users/gregorynicholas/gists{/gist_id}",
                "starred_url": "https://api.github.com/users/gregorynicholas/starred{/owner}{/repo}",
                "subscriptions_url": "https://api.github.com/users/gregorynicholas/subscriptions",
                "organizations_url": "https://api.github.com/users/gregorynicholas/orgs",
                "repos_url": "https://api.github.com/users/gregorynicholas/repos",
                "events_url": "https://api.github.com/users/gregorynicholas/events{/privacy}",
                "received_events_url": "https://api.github.com/users/gregorynicholas/received_events",
                "type": "User",
                "site_admin": false
            },
            "created_at": "2015-12-13T16:40:56Z",
            "updated_at": "2015-12-13T16:40:56Z",
            "author_association": "NONE",
            "body": ":+1: \n"
        },
        {
            "url": "https://api.github.com/repos/pallets/flask/issues/comments/164315725",
            "html_url": "https://github.com/pallets/flask/pull/1651#issuecomment-164315725",
            "issue_url": "https://api.github.com/repos/pallets/flask/issues/1651",
            "id": 164315725,
            "node_id": "MDEyOklzc3VlQ29tbWVudDE2NDMxNTcyNQ==",
            "user": {
                "login": "lord63",
                "id": 5268051,
                "node_id": "MDQ6VXNlcjUyNjgwNTE=",
                "avatar_url": "https://avatars0.githubusercontent.com/u/5268051?v=4",
                "gravatar_id": "",
                "url": "https://api.github.com/users/lord63",
                "html_url": "https://github.com/lord63",
                "followers_url": "https://api.github.com/users/lord63/followers",
                "following_url": "https://api.github.com/users/lord63/following{/other_user}",
                "gists_url": "https://api.github.com/users/lord63/gists{/gist_id}",
                "starred_url": "https://api.github.com/users/lord63/starred{/owner}{/repo}",
                "subscriptions_url": "https://api.github.com/users/lord63/subscriptions",
                "organizations_url": "https://api.github.com/users/lord63/orgs",
                "repos_url": "https://api.github.com/users/lord63/repos",
                "events_url": "https://api.github.com/users/lord63/events{/privacy}",
                "received_events_url": "https://api.github.com/users/lord63/received_events",
                "type": "User",
                "site_admin": false
            },
            "created_at": "2015-12-14T00:46:49Z",
            "updated_at": "2015-12-14T00:46:49Z",
            "author_association": "CONTRIBUTOR",
            "body": "@davidism By the way, currently the `setup.py` doesn't explicitly point out the python versions flask support, is there any reasons? I'll send another PR if it makes sense that we should point it out clearly.\n"
        },
        {
            "url": "https://api.github.com/repos/pallets/flask/issues/comments/166108100",
            "html_url": "https://github.com/pallets/flask/pull/1651#issuecomment-166108100",
            "issue_url": "https://api.github.com/repos/pallets/flask/issues/1651",
            "id": 166108100,
            "node_id": "MDEyOklzc3VlQ29tbWVudDE2NjEwODEwMA==",
            "user": {
                "login": "mitsuhiko",
                "id": 7396,
                "node_id": "MDQ6VXNlcjczOTY=",
                "avatar_url": "https://avatars1.githubusercontent.com/u/7396?v=4",
                "gravatar_id": "",
                "url": "https://api.github.com/users/mitsuhiko",
                "html_url": "https://github.com/mitsuhiko",
                "followers_url": "https://api.github.com/users/mitsuhiko/followers",
                "following_url": "https://api.github.com/users/mitsuhiko/following{/other_user}",
                "gists_url": "https://api.github.com/users/mitsuhiko/gists{/gist_id}",
                "starred_url": "https://api.github.com/users/mitsuhiko/starred{/owner}{/repo}",
                "subscriptions_url": "https://api.github.com/users/mitsuhiko/subscriptions",
                "organizations_url": "https://api.github.com/users/mitsuhiko/orgs",
                "repos_url": "https://api.github.com/users/mitsuhiko/repos",
                "events_url": "https://api.github.com/users/mitsuhiko/events{/privacy}",
                "received_events_url": "https://api.github.com/users/mitsuhiko/received_events",
                "type": "User",
                "site_admin": false
            },
            "created_at": "2015-12-20T10:43:29Z",
            "updated_at": "2015-12-20T10:43:29Z",
            "author_association": "MEMBER",
            "body": "@lord63 would make sense.  Current supported set can be found in the travis config.\n"
        }
    ]
}