{
    "url": "https://api.github.com/repos/pallets/flask/issues/1652",
    "repository_url": "https://api.github.com/repos/pallets/flask",
    "labels_url": "https://api.github.com/repos/pallets/flask/issues/1652/labels{/name}",
    "comments_url": "https://api.github.com/repos/pallets/flask/issues/1652/comments",
    "events_url": "https://api.github.com/repos/pallets/flask/issues/1652/events",
    "html_url": "https://github.com/pallets/flask/issues/1652",
    "id": 121956009,
    "node_id": "MDU6SXNzdWUxMjE5NTYwMDk=",
    "number": 1652,
    "title": "Error running minitwit example",
    "user": {
        "login": "sdimitro",
        "id": 2281588,
        "node_id": "MDQ6VXNlcjIyODE1ODg=",
        "avatar_url": "https://avatars2.githubusercontent.com/u/2281588?v=4",
        "gravatar_id": "",
        "url": "https://api.github.com/users/sdimitro",
        "html_url": "https://github.com/sdimitro",
        "followers_url": "https://api.github.com/users/sdimitro/followers",
        "following_url": "https://api.github.com/users/sdimitro/following{/other_user}",
        "gists_url": "https://api.github.com/users/sdimitro/gists{/gist_id}",
        "starred_url": "https://api.github.com/users/sdimitro/starred{/owner}{/repo}",
        "subscriptions_url": "https://api.github.com/users/sdimitro/subscriptions",
        "organizations_url": "https://api.github.com/users/sdimitro/orgs",
        "repos_url": "https://api.github.com/users/sdimitro/repos",
        "events_url": "https://api.github.com/users/sdimitro/events{/privacy}",
        "received_events_url": "https://api.github.com/users/sdimitro/received_events",
        "type": "User",
        "site_admin": false
    },
    "labels": [],
    "state": "closed",
    "locked": false,
    "assignee": null,
    "assignees": [],
    "milestone": null,
    "comments": 1,
    "created_at": "2015-12-14T00:43:41Z",
    "updated_at": "2016-01-13T00:14:46Z",
    "closed_at": "2015-12-15T16:40:13Z",
    "author_association": "NONE",
    "body": "flask version is latest bleeding (from repo)\npython version is 3.4 and OS is OpenBSD.\n\nTraceback below:\n\n```\nTraceback (most recent call last):\n  File \"/usr/local/bin/flask\", line 9, in <module>\n    load_entry_point('Flask==0.11.dev0', 'console_scripts', 'flask')()\n  File \"/usr/local/lib/python3.4/site-packages/flask/cli.py\", line 494, in main\n    cli.main(args=args, prog_name=name)\n  File \"/usr/local/lib/python3.4/site-packages/flask/cli.py\", line 342, in main\n    return AppGroup.main(self, *args, **kwargs)\n  File \"/usr/local/lib/python3.4/site-packages/click/core.py\", line 675, in main\n    _verify_python3_env()\n  File \"/usr/local/lib/python3.4/site-packages/click/_unicodefun.py\", line 69, in _verify_python3_env\n    if locale.lower().endswith(('.utf-8', '.utf8')):\nTypeError: 'str' does not support the buffer interface\n```\n",
    "comments_inline": [
        {
            "url": "https://api.github.com/repos/pallets/flask/issues/comments/171107178",
            "html_url": "https://github.com/pallets/flask/issues/1652#issuecomment-171107178",
            "issue_url": "https://api.github.com/repos/pallets/flask/issues/1652",
            "id": 171107178,
            "node_id": "MDEyOklzc3VlQ29tbWVudDE3MTEwNzE3OA==",
            "user": {
                "login": "jianinz",
                "id": 631927,
                "node_id": "MDQ6VXNlcjYzMTkyNw==",
                "avatar_url": "https://avatars3.githubusercontent.com/u/631927?v=4",
                "gravatar_id": "",
                "url": "https://api.github.com/users/jianinz",
                "html_url": "https://github.com/jianinz",
                "followers_url": "https://api.github.com/users/jianinz/followers",
                "following_url": "https://api.github.com/users/jianinz/following{/other_user}",
                "gists_url": "https://api.github.com/users/jianinz/gists{/gist_id}",
                "starred_url": "https://api.github.com/users/jianinz/starred{/owner}{/repo}",
                "subscriptions_url": "https://api.github.com/users/jianinz/subscriptions",
                "organizations_url": "https://api.github.com/users/jianinz/orgs",
                "repos_url": "https://api.github.com/users/jianinz/repos",
                "events_url": "https://api.github.com/users/jianinz/events{/privacy}",
                "received_events_url": "https://api.github.com/users/jianinz/received_events",
                "type": "User",
                "site_admin": false
            },
            "created_at": "2016-01-13T00:14:46Z",
            "updated_at": "2016-01-13T00:14:46Z",
            "author_association": "NONE",
            "body": "Hi @sdimitro have you got this problem solved? I am having the same issue, tried different approaches that were found online, still no success, wondering how you might get it working\n"
        }
    ]
}