{
    "url": "https://api.github.com/repos/pallets/flask/issues/1654",
    "repository_url": "https://api.github.com/repos/pallets/flask",
    "labels_url": "https://api.github.com/repos/pallets/flask/issues/1654/labels{/name}",
    "comments_url": "https://api.github.com/repos/pallets/flask/issues/1654/comments",
    "events_url": "https://api.github.com/repos/pallets/flask/issues/1654/events",
    "html_url": "https://github.com/pallets/flask/issues/1654",
    "id": 122455713,
    "node_id": "MDU6SXNzdWUxMjI0NTU3MTM=",
    "number": 1654,
    "title": "why command flask not found",
    "user": {
        "login": "quantwizard",
        "id": 9456493,
        "node_id": "MDQ6VXNlcjk0NTY0OTM=",
        "avatar_url": "https://avatars3.githubusercontent.com/u/9456493?v=4",
        "gravatar_id": "",
        "url": "https://api.github.com/users/quantwizard",
        "html_url": "https://github.com/quantwizard",
        "followers_url": "https://api.github.com/users/quantwizard/followers",
        "following_url": "https://api.github.com/users/quantwizard/following{/other_user}",
        "gists_url": "https://api.github.com/users/quantwizard/gists{/gist_id}",
        "starred_url": "https://api.github.com/users/quantwizard/starred{/owner}{/repo}",
        "subscriptions_url": "https://api.github.com/users/quantwizard/subscriptions",
        "organizations_url": "https://api.github.com/users/quantwizard/orgs",
        "repos_url": "https://api.github.com/users/quantwizard/repos",
        "events_url": "https://api.github.com/users/quantwizard/events{/privacy}",
        "received_events_url": "https://api.github.com/users/quantwizard/received_events",
        "type": "User",
        "site_admin": false
    },
    "labels": [],
    "state": "closed",
    "locked": true,
    "assignee": null,
    "assignees": [],
    "milestone": null,
    "comments": 4,
    "created_at": "2015-12-16T08:51:22Z",
    "updated_at": "2018-10-04T19:42:57Z",
    "closed_at": "2015-12-16T10:16:49Z",
    "author_association": "NONE",
    "body": "I git clone and enter the flaskr folder, then run the following command in Bash:\nflask --app=flaskr initdb\n\nthen I got error: command not found: flask\n\nHow do I setup flaskr in this case? Do I miss something?\n",
    "comments_inline": [
        {
            "url": "https://api.github.com/repos/pallets/flask/issues/comments/165050315",
            "html_url": "https://github.com/pallets/flask/issues/1654#issuecomment-165050315",
            "issue_url": "https://api.github.com/repos/pallets/flask/issues/1654",
            "id": 165050315,
            "node_id": "MDEyOklzc3VlQ29tbWVudDE2NTA1MDMxNQ==",
            "user": {
                "login": "icedtea1",
                "id": 8077999,
                "node_id": "MDQ6VXNlcjgwNzc5OTk=",
                "avatar_url": "https://avatars0.githubusercontent.com/u/8077999?v=4",
                "gravatar_id": "",
                "url": "https://api.github.com/users/icedtea1",
                "html_url": "https://github.com/icedtea1",
                "followers_url": "https://api.github.com/users/icedtea1/followers",
                "following_url": "https://api.github.com/users/icedtea1/following{/other_user}",
                "gists_url": "https://api.github.com/users/icedtea1/gists{/gist_id}",
                "starred_url": "https://api.github.com/users/icedtea1/starred{/owner}{/repo}",
                "subscriptions_url": "https://api.github.com/users/icedtea1/subscriptions",
                "organizations_url": "https://api.github.com/users/icedtea1/orgs",
                "repos_url": "https://api.github.com/users/icedtea1/repos",
                "events_url": "https://api.github.com/users/icedtea1/events{/privacy}",
                "received_events_url": "https://api.github.com/users/icedtea1/received_events",
                "type": "User",
                "site_admin": false
            },
            "created_at": "2015-12-16T09:46:43Z",
            "updated_at": "2015-12-16T09:46:43Z",
            "author_association": "NONE",
            "body": " pip install https://github.com/mitsuhiko/flask/tarball/master\n\nthen try again.\n"
        },
        {
            "url": "https://api.github.com/repos/pallets/flask/issues/comments/165056889",
            "html_url": "https://github.com/pallets/flask/issues/1654#issuecomment-165056889",
            "issue_url": "https://api.github.com/repos/pallets/flask/issues/1654",
            "id": 165056889,
            "node_id": "MDEyOklzc3VlQ29tbWVudDE2NTA1Njg4OQ==",
            "user": {
                "login": "quantwizard",
                "id": 9456493,
                "node_id": "MDQ6VXNlcjk0NTY0OTM=",
                "avatar_url": "https://avatars3.githubusercontent.com/u/9456493?v=4",
                "gravatar_id": "",
                "url": "https://api.github.com/users/quantwizard",
                "html_url": "https://github.com/quantwizard",
                "followers_url": "https://api.github.com/users/quantwizard/followers",
                "following_url": "https://api.github.com/users/quantwizard/following{/other_user}",
                "gists_url": "https://api.github.com/users/quantwizard/gists{/gist_id}",
                "starred_url": "https://api.github.com/users/quantwizard/starred{/owner}{/repo}",
                "subscriptions_url": "https://api.github.com/users/quantwizard/subscriptions",
                "organizations_url": "https://api.github.com/users/quantwizard/orgs",
                "repos_url": "https://api.github.com/users/quantwizard/repos",
                "events_url": "https://api.github.com/users/quantwizard/events{/privacy}",
                "received_events_url": "https://api.github.com/users/quantwizard/received_events",
                "type": "User",
                "site_admin": false
            },
            "created_at": "2015-12-16T10:16:49Z",
            "updated_at": "2015-12-16T10:16:49Z",
            "author_association": "NONE",
            "body": "It works, thanks!\n"
        },
        {
            "url": "https://api.github.com/repos/pallets/flask/issues/comments/427140990",
            "html_url": "https://github.com/pallets/flask/issues/1654#issuecomment-427140990",
            "issue_url": "https://api.github.com/repos/pallets/flask/issues/1654",
            "id": 427140990,
            "node_id": "MDEyOklzc3VlQ29tbWVudDQyNzE0MDk5MA==",
            "user": {
                "login": "helfgott",
                "id": 23141119,
                "node_id": "MDQ6VXNlcjIzMTQxMTE5",
                "avatar_url": "https://avatars2.githubusercontent.com/u/23141119?v=4",
                "gravatar_id": "",
                "url": "https://api.github.com/users/helfgott",
                "html_url": "https://github.com/helfgott",
                "followers_url": "https://api.github.com/users/helfgott/followers",
                "following_url": "https://api.github.com/users/helfgott/following{/other_user}",
                "gists_url": "https://api.github.com/users/helfgott/gists{/gist_id}",
                "starred_url": "https://api.github.com/users/helfgott/starred{/owner}{/repo}",
                "subscriptions_url": "https://api.github.com/users/helfgott/subscriptions",
                "organizations_url": "https://api.github.com/users/helfgott/orgs",
                "repos_url": "https://api.github.com/users/helfgott/repos",
                "events_url": "https://api.github.com/users/helfgott/events{/privacy}",
                "received_events_url": "https://api.github.com/users/helfgott/received_events",
                "type": "User",
                "site_admin": false
            },
            "created_at": "2018-10-04T19:28:06Z",
            "updated_at": "2018-10-04T19:28:06Z",
            "author_association": "NONE",
            "body": "Verify where you have installed flask:\r\n\r\n\r\n    mortiz@florida:~/Documents/projects$ pip freeze |grep -i flask\r\n    Flask==1.0.2\r\n    mortiz@florida:~/Documents/projects$ pip2 freeze |grep -i flask\r\n    Flask==1.0.2\r\n    mortiz@florida:~/Documents/projects$ pip3 freeze |grep -i flask\r\n    Flask==1.0.2\r\n    Flask-CLI==0.4.0\r\n    Flask-Jsonpify==1.5.0\r\n    Flask-RESTful==0.3.6\r\n    Flask-SQLAlchemy==2.3.2\r\n\r\nVerify you are installing flask for your correct python version inside your virtual environment.\r\n\r\n**Find out your python version \"inside your (venv)\"**\r\n\r\n    mortiz@florida:~/Documents/projects/python/APIS/new_project_py_2_7$ which python\r\n        /home/mortiz/Documents/projects/python/APIS/new_project_py_2_7/venv/bin/python\r\n\r\n    (venv) mortiz@florida:~/Documents/projects/python/APIS/new_project_py_2_7$ python --version\r\n    Python 3.5.3\r\n\r\n**Installation of flask for python3**\r\n\r\n    pip3 install flask\r\n    #or\r\n    python3 -m pip install flask\r\n\r\n**Installation of flask for python2**\r\n\r\n    pip2 install flask\r\n    #or\r\n    python2 -m pip install flask\r\n\r\n**Installation of flask for default python (be careful if you are inside your (venv) or in your shell)**\r\n\r\n    pip install flask\r\n    python -m install flask\r\n\r\n> Explanation\r\n\r\nFor people who run higher versions of Flask consider evaluating your environment as [explained here][1].\r\n\r\nFor me the problem was installing flask for python2 when the binary of my (venv) ran python3. \r\n\r\n  [1]: http://migueleonardortiz.com.ar/python/bash-flask-command-not-found-with-flask-1-0-2/1692\r\n\r\n"
        },
        {
            "url": "https://api.github.com/repos/pallets/flask/issues/comments/427145081",
            "html_url": "https://github.com/pallets/flask/issues/1654#issuecomment-427145081",
            "issue_url": "https://api.github.com/repos/pallets/flask/issues/1654",
            "id": 427145081,
            "node_id": "MDEyOklzc3VlQ29tbWVudDQyNzE0NTA4MQ==",
            "user": {
                "login": "davidism",
                "id": 1242887,
                "node_id": "MDQ6VXNlcjEyNDI4ODc=",
                "avatar_url": "https://avatars1.githubusercontent.com/u/1242887?v=4",
                "gravatar_id": "",
                "url": "https://api.github.com/users/davidism",
                "html_url": "https://github.com/davidism",
                "followers_url": "https://api.github.com/users/davidism/followers",
                "following_url": "https://api.github.com/users/davidism/following{/other_user}",
                "gists_url": "https://api.github.com/users/davidism/gists{/gist_id}",
                "starred_url": "https://api.github.com/users/davidism/starred{/owner}{/repo}",
                "subscriptions_url": "https://api.github.com/users/davidism/subscriptions",
                "organizations_url": "https://api.github.com/users/davidism/orgs",
                "repos_url": "https://api.github.com/users/davidism/repos",
                "events_url": "https://api.github.com/users/davidism/events{/privacy}",
                "received_events_url": "https://api.github.com/users/davidism/received_events",
                "type": "User",
                "site_admin": false
            },
            "created_at": "2018-10-04T19:42:51Z",
            "updated_at": "2018-10-04T19:42:51Z",
            "author_association": "MEMBER",
            "body": "@helfgott  thanks for following up with this, but your really over-complicating things. The answer is \"make sure you're in an active virtualenv, then do `pip install flask`.\" Within a virtualenv, `pip` and `python` point to the correct version, whereas with the numbered ones you always have a chance you'll use the wrong one."
        }
    ]
}