{
    "url": "https://api.github.com/repos/pallets/flask/issues/1655",
    "repository_url": "https://api.github.com/repos/pallets/flask",
    "labels_url": "https://api.github.com/repos/pallets/flask/issues/1655/labels{/name}",
    "comments_url": "https://api.github.com/repos/pallets/flask/issues/1655/comments",
    "events_url": "https://api.github.com/repos/pallets/flask/issues/1655/events",
    "html_url": "https://github.com/pallets/flask/pull/1655",
    "id": 122512186,
    "node_id": "MDExOlB1bGxSZXF1ZXN0NTM4NDU5NTc=",
    "number": 1655,
    "title": "minor revision of documentation.",
    "user": {
        "login": "bagratte",
        "id": 11438666,
        "node_id": "MDQ6VXNlcjExNDM4NjY2",
        "avatar_url": "https://avatars2.githubusercontent.com/u/11438666?v=4",
        "gravatar_id": "",
        "url": "https://api.github.com/users/bagratte",
        "html_url": "https://github.com/bagratte",
        "followers_url": "https://api.github.com/users/bagratte/followers",
        "following_url": "https://api.github.com/users/bagratte/following{/other_user}",
        "gists_url": "https://api.github.com/users/bagratte/gists{/gist_id}",
        "starred_url": "https://api.github.com/users/bagratte/starred{/owner}{/repo}",
        "subscriptions_url": "https://api.github.com/users/bagratte/subscriptions",
        "organizations_url": "https://api.github.com/users/bagratte/orgs",
        "repos_url": "https://api.github.com/users/bagratte/repos",
        "events_url": "https://api.github.com/users/bagratte/events{/privacy}",
        "received_events_url": "https://api.github.com/users/bagratte/received_events",
        "type": "User",
        "site_admin": false
    },
    "labels": [],
    "state": "closed",
    "locked": false,
    "assignee": null,
    "assignees": [],
    "milestone": null,
    "comments": 6,
    "created_at": "2015-12-16T14:14:37Z",
    "updated_at": "2018-10-23T17:43:44Z",
    "closed_at": "2016-04-01T21:12:25Z",
    "author_association": "CONTRIBUTOR",
    "pull_request": {
        "url": "https://api.github.com/repos/pallets/flask/pulls/1655",
        "html_url": "https://github.com/pallets/flask/pull/1655",
        "diff_url": "https://github.com/pallets/flask/pull/1655.diff",
        "patch_url": "https://github.com/pallets/flask/pull/1655.patch"
    },
    "body": "mostly typos and other minor corrections i've come across reading the documentation.\n",
    "comments_inline": [
        {
            "url": "https://api.github.com/repos/pallets/flask/issues/comments/165120129",
            "html_url": "https://github.com/pallets/flask/pull/1655#issuecomment-165120129",
            "issue_url": "https://api.github.com/repos/pallets/flask/issues/1655",
            "id": 165120129,
            "node_id": "MDEyOklzc3VlQ29tbWVudDE2NTEyMDEyOQ==",
            "user": {
                "login": "ThiefMaster",
                "id": 179599,
                "node_id": "MDQ6VXNlcjE3OTU5OQ==",
                "avatar_url": "https://avatars1.githubusercontent.com/u/179599?v=4",
                "gravatar_id": "",
                "url": "https://api.github.com/users/ThiefMaster",
                "html_url": "https://github.com/ThiefMaster",
                "followers_url": "https://api.github.com/users/ThiefMaster/followers",
                "following_url": "https://api.github.com/users/ThiefMaster/following{/other_user}",
                "gists_url": "https://api.github.com/users/ThiefMaster/gists{/gist_id}",
                "starred_url": "https://api.github.com/users/ThiefMaster/starred{/owner}{/repo}",
                "subscriptions_url": "https://api.github.com/users/ThiefMaster/subscriptions",
                "organizations_url": "https://api.github.com/users/ThiefMaster/orgs",
                "repos_url": "https://api.github.com/users/ThiefMaster/repos",
                "events_url": "https://api.github.com/users/ThiefMaster/events{/privacy}",
                "received_events_url": "https://api.github.com/users/ThiefMaster/received_events",
                "type": "User",
                "site_admin": false
            },
            "created_at": "2015-12-16T14:15:25Z",
            "updated_at": "2015-12-16T14:16:12Z",
            "author_association": "MEMBER",
            "body": "You changed the linebreak style of that file..\n\n> Showing with 892 additions and 892 deletions. \n\nCan you please fix this and then amend+force-push?\n"
        },
        {
            "url": "https://api.github.com/repos/pallets/flask/issues/comments/165131955",
            "html_url": "https://github.com/pallets/flask/pull/1655#issuecomment-165131955",
            "issue_url": "https://api.github.com/repos/pallets/flask/issues/1655",
            "id": 165131955,
            "node_id": "MDEyOklzc3VlQ29tbWVudDE2NTEzMTk1NQ==",
            "user": {
                "login": "bagratte",
                "id": 11438666,
                "node_id": "MDQ6VXNlcjExNDM4NjY2",
                "avatar_url": "https://avatars2.githubusercontent.com/u/11438666?v=4",
                "gravatar_id": "",
                "url": "https://api.github.com/users/bagratte",
                "html_url": "https://github.com/bagratte",
                "followers_url": "https://api.github.com/users/bagratte/followers",
                "following_url": "https://api.github.com/users/bagratte/following{/other_user}",
                "gists_url": "https://api.github.com/users/bagratte/gists{/gist_id}",
                "starred_url": "https://api.github.com/users/bagratte/starred{/owner}{/repo}",
                "subscriptions_url": "https://api.github.com/users/bagratte/subscriptions",
                "organizations_url": "https://api.github.com/users/bagratte/orgs",
                "repos_url": "https://api.github.com/users/bagratte/repos",
                "events_url": "https://api.github.com/users/bagratte/events{/privacy}",
                "received_events_url": "https://api.github.com/users/bagratte/received_events",
                "type": "User",
                "site_admin": false
            },
            "created_at": "2015-12-16T14:52:45Z",
            "updated_at": "2015-12-16T14:52:45Z",
            "author_association": "CONTRIBUTOR",
            "body": "sorry for the linebreaks. fixed.\n"
        },
        {
            "url": "https://api.github.com/repos/pallets/flask/issues/comments/165170406",
            "html_url": "https://github.com/pallets/flask/pull/1655#issuecomment-165170406",
            "issue_url": "https://api.github.com/repos/pallets/flask/issues/1655",
            "id": 165170406,
            "node_id": "MDEyOklzc3VlQ29tbWVudDE2NTE3MDQwNg==",
            "user": {
                "login": "davidism",
                "id": 1242887,
                "node_id": "MDQ6VXNlcjEyNDI4ODc=",
                "avatar_url": "https://avatars1.githubusercontent.com/u/1242887?v=4",
                "gravatar_id": "",
                "url": "https://api.github.com/users/davidism",
                "html_url": "https://github.com/davidism",
                "followers_url": "https://api.github.com/users/davidism/followers",
                "following_url": "https://api.github.com/users/davidism/following{/other_user}",
                "gists_url": "https://api.github.com/users/davidism/gists{/gist_id}",
                "starred_url": "https://api.github.com/users/davidism/starred{/owner}{/repo}",
                "subscriptions_url": "https://api.github.com/users/davidism/subscriptions",
                "organizations_url": "https://api.github.com/users/davidism/orgs",
                "repos_url": "https://api.github.com/users/davidism/repos",
                "events_url": "https://api.github.com/users/davidism/events{/privacy}",
                "received_events_url": "https://api.github.com/users/davidism/received_events",
                "type": "User",
                "site_admin": false
            },
            "created_at": "2015-12-16T16:43:08Z",
            "updated_at": "2015-12-16T16:43:08Z",
            "author_association": "MEMBER",
            "body": "This should be the other way around \"client wants\" not \"clients want\".  The docs typically refer to a single server and single client.\n"
        },
        {
            "url": "https://api.github.com/repos/pallets/flask/issues/comments/167435530",
            "html_url": "https://github.com/pallets/flask/pull/1655#issuecomment-167435530",
            "issue_url": "https://api.github.com/repos/pallets/flask/issues/1655",
            "id": 167435530,
            "node_id": "MDEyOklzc3VlQ29tbWVudDE2NzQzNTUzMA==",
            "user": {
                "login": "davidism",
                "id": 1242887,
                "node_id": "MDQ6VXNlcjEyNDI4ODc=",
                "avatar_url": "https://avatars1.githubusercontent.com/u/1242887?v=4",
                "gravatar_id": "",
                "url": "https://api.github.com/users/davidism",
                "html_url": "https://github.com/davidism",
                "followers_url": "https://api.github.com/users/davidism/followers",
                "following_url": "https://api.github.com/users/davidism/following{/other_user}",
                "gists_url": "https://api.github.com/users/davidism/gists{/gist_id}",
                "starred_url": "https://api.github.com/users/davidism/starred{/owner}{/repo}",
                "subscriptions_url": "https://api.github.com/users/davidism/subscriptions",
                "organizations_url": "https://api.github.com/users/davidism/orgs",
                "repos_url": "https://api.github.com/users/davidism/repos",
                "events_url": "https://api.github.com/users/davidism/events{/privacy}",
                "received_events_url": "https://api.github.com/users/davidism/received_events",
                "type": "User",
                "site_admin": false
            },
            "created_at": "2015-12-27T18:48:22Z",
            "updated_at": "2015-12-27T18:48:22Z",
            "author_association": "MEMBER",
            "body": "I really appreciate the proofreading, thanks!  Squash this into one commit and I'll merge it.\n"
        },
        {
            "url": "https://api.github.com/repos/pallets/flask/issues/comments/190776786",
            "html_url": "https://github.com/pallets/flask/pull/1655#issuecomment-190776786",
            "issue_url": "https://api.github.com/repos/pallets/flask/issues/1655",
            "id": 190776786,
            "node_id": "MDEyOklzc3VlQ29tbWVudDE5MDc3Njc4Ng==",
            "user": {
                "login": "davidism",
                "id": 1242887,
                "node_id": "MDQ6VXNlcjEyNDI4ODc=",
                "avatar_url": "https://avatars1.githubusercontent.com/u/1242887?v=4",
                "gravatar_id": "",
                "url": "https://api.github.com/users/davidism",
                "html_url": "https://github.com/davidism",
                "followers_url": "https://api.github.com/users/davidism/followers",
                "following_url": "https://api.github.com/users/davidism/following{/other_user}",
                "gists_url": "https://api.github.com/users/davidism/gists{/gist_id}",
                "starred_url": "https://api.github.com/users/davidism/starred{/owner}{/repo}",
                "subscriptions_url": "https://api.github.com/users/davidism/subscriptions",
                "organizations_url": "https://api.github.com/users/davidism/orgs",
                "repos_url": "https://api.github.com/users/davidism/repos",
                "events_url": "https://api.github.com/users/davidism/events{/privacy}",
                "received_events_url": "https://api.github.com/users/davidism/received_events",
                "type": "User",
                "site_admin": false
            },
            "created_at": "2016-03-01T15:43:12Z",
            "updated_at": "2016-03-01T15:43:12Z",
            "author_association": "MEMBER",
            "body": "Please address the line comments and then this can be merged.\n"
        },
        {
            "url": "https://api.github.com/repos/pallets/flask/issues/comments/204567146",
            "html_url": "https://github.com/pallets/flask/pull/1655#issuecomment-204567146",
            "issue_url": "https://api.github.com/repos/pallets/flask/issues/1655",
            "id": 204567146,
            "node_id": "MDEyOklzc3VlQ29tbWVudDIwNDU2NzE0Ng==",
            "user": {
                "login": "untitaker",
                "id": 837573,
                "node_id": "MDQ6VXNlcjgzNzU3Mw==",
                "avatar_url": "https://avatars0.githubusercontent.com/u/837573?v=4",
                "gravatar_id": "",
                "url": "https://api.github.com/users/untitaker",
                "html_url": "https://github.com/untitaker",
                "followers_url": "https://api.github.com/users/untitaker/followers",
                "following_url": "https://api.github.com/users/untitaker/following{/other_user}",
                "gists_url": "https://api.github.com/users/untitaker/gists{/gist_id}",
                "starred_url": "https://api.github.com/users/untitaker/starred{/owner}{/repo}",
                "subscriptions_url": "https://api.github.com/users/untitaker/subscriptions",
                "organizations_url": "https://api.github.com/users/untitaker/orgs",
                "repos_url": "https://api.github.com/users/untitaker/repos",
                "events_url": "https://api.github.com/users/untitaker/events{/privacy}",
                "received_events_url": "https://api.github.com/users/untitaker/received_events",
                "type": "User",
                "site_admin": false
            },
            "created_at": "2016-04-01T21:12:19Z",
            "updated_at": "2016-04-01T21:12:19Z",
            "author_association": "MEMBER",
            "body": "I think the current PR is fine. Thanks!\n"
        }
    ]
}