{
    "url": "https://api.github.com/repos/pallets/flask/issues/1659",
    "repository_url": "https://api.github.com/repos/pallets/flask",
    "labels_url": "https://api.github.com/repos/pallets/flask/issues/1659/labels{/name}",
    "comments_url": "https://api.github.com/repos/pallets/flask/issues/1659/comments",
    "events_url": "https://api.github.com/repos/pallets/flask/issues/1659/events",
    "html_url": "https://github.com/pallets/flask/pull/1659",
    "id": 123061202,
    "node_id": "MDExOlB1bGxSZXF1ZXN0NTQxNzA4OTM=",
    "number": 1659,
    "title": "Add encoding param in config.from_pyfile",
    "user": {
        "login": "daimon99",
        "id": 10393473,
        "node_id": "MDQ6VXNlcjEwMzkzNDcz",
        "avatar_url": "https://avatars3.githubusercontent.com/u/10393473?v=4",
        "gravatar_id": "",
        "url": "https://api.github.com/users/daimon99",
        "html_url": "https://github.com/daimon99",
        "followers_url": "https://api.github.com/users/daimon99/followers",
        "following_url": "https://api.github.com/users/daimon99/following{/other_user}",
        "gists_url": "https://api.github.com/users/daimon99/gists{/gist_id}",
        "starred_url": "https://api.github.com/users/daimon99/starred{/owner}{/repo}",
        "subscriptions_url": "https://api.github.com/users/daimon99/subscriptions",
        "organizations_url": "https://api.github.com/users/daimon99/orgs",
        "repos_url": "https://api.github.com/users/daimon99/repos",
        "events_url": "https://api.github.com/users/daimon99/events{/privacy}",
        "received_events_url": "https://api.github.com/users/daimon99/received_events",
        "type": "User",
        "site_admin": false
    },
    "labels": [],
    "state": "closed",
    "locked": false,
    "assignee": null,
    "assignees": [],
    "milestone": null,
    "comments": 1,
    "created_at": "2015-12-19T04:19:19Z",
    "updated_at": "2015-12-20T10:30:00Z",
    "closed_at": "2015-12-19T04:22:07Z",
    "author_association": "NONE",
    "pull_request": {
        "url": "https://api.github.com/repos/pallets/flask/pulls/1659",
        "html_url": "https://github.com/pallets/flask/pull/1659",
        "diff_url": "https://github.com/pallets/flask/pull/1659.diff",
        "patch_url": "https://github.com/pallets/flask/pull/1659.patch"
    },
    "body": "Enhance: When in windows, and the config file is hard code by utf8, flask.config.from_pyfile will not encoding correctly.\nNow give a param to let the user to choose the encoding of the config file\n",
    "comments_inline": [
        {
            "url": "https://api.github.com/repos/pallets/flask/issues/comments/166106973",
            "html_url": "https://github.com/pallets/flask/pull/1659#issuecomment-166106973",
            "issue_url": "https://api.github.com/repos/pallets/flask/issues/1659",
            "id": 166106973,
            "node_id": "MDEyOklzc3VlQ29tbWVudDE2NjEwNjk3Mw==",
            "user": {
                "login": "mitsuhiko",
                "id": 7396,
                "node_id": "MDQ6VXNlcjczOTY=",
                "avatar_url": "https://avatars1.githubusercontent.com/u/7396?v=4",
                "gravatar_id": "",
                "url": "https://api.github.com/users/mitsuhiko",
                "html_url": "https://github.com/mitsuhiko",
                "followers_url": "https://api.github.com/users/mitsuhiko/followers",
                "following_url": "https://api.github.com/users/mitsuhiko/following{/other_user}",
                "gists_url": "https://api.github.com/users/mitsuhiko/gists{/gist_id}",
                "starred_url": "https://api.github.com/users/mitsuhiko/starred{/owner}{/repo}",
                "subscriptions_url": "https://api.github.com/users/mitsuhiko/subscriptions",
                "organizations_url": "https://api.github.com/users/mitsuhiko/orgs",
                "repos_url": "https://api.github.com/users/mitsuhiko/repos",
                "events_url": "https://api.github.com/users/mitsuhiko/events{/privacy}",
                "received_events_url": "https://api.github.com/users/mitsuhiko/received_events",
                "type": "User",
                "site_admin": false
            },
            "created_at": "2015-12-20T10:30:00Z",
            "updated_at": "2015-12-20T10:30:00Z",
            "author_association": "MEMBER",
            "body": "It should honor the encoding markers but i would not be surprised if that function fails on python 3 because it opens in text mode.\n"
        }
    ]
}