{
    "url": "https://api.github.com/repos/pallets/flask/issues/166",
    "repository_url": "https://api.github.com/repos/pallets/flask",
    "labels_url": "https://api.github.com/repos/pallets/flask/issues/166/labels{/name}",
    "comments_url": "https://api.github.com/repos/pallets/flask/issues/166/comments",
    "events_url": "https://api.github.com/repos/pallets/flask/issues/166/events",
    "html_url": "https://github.com/pallets/flask/issues/166",
    "id": 578099,
    "node_id": "MDU6SXNzdWU1NzgwOTk=",
    "number": 166,
    "title": "Update Extension List",
    "user": {
        "login": "mitsuhiko",
        "id": 7396,
        "node_id": "MDQ6VXNlcjczOTY=",
        "avatar_url": "https://avatars1.githubusercontent.com/u/7396?v=4",
        "gravatar_id": "",
        "url": "https://api.github.com/users/mitsuhiko",
        "html_url": "https://github.com/mitsuhiko",
        "followers_url": "https://api.github.com/users/mitsuhiko/followers",
        "following_url": "https://api.github.com/users/mitsuhiko/following{/other_user}",
        "gists_url": "https://api.github.com/users/mitsuhiko/gists{/gist_id}",
        "starred_url": "https://api.github.com/users/mitsuhiko/starred{/owner}{/repo}",
        "subscriptions_url": "https://api.github.com/users/mitsuhiko/subscriptions",
        "organizations_url": "https://api.github.com/users/mitsuhiko/orgs",
        "repos_url": "https://api.github.com/users/mitsuhiko/repos",
        "events_url": "https://api.github.com/users/mitsuhiko/events{/privacy}",
        "received_events_url": "https://api.github.com/users/mitsuhiko/received_events",
        "type": "User",
        "site_admin": false
    },
    "labels": [],
    "state": "closed",
    "locked": false,
    "assignee": null,
    "assignees": [],
    "milestone": null,
    "comments": 1,
    "created_at": "2011-02-06T05:06:20Z",
    "updated_at": "2011-02-06T12:06:20Z",
    "closed_at": "2011-02-06T12:06:20Z",
    "author_association": "MEMBER",
    "body": "There are tons of new extensions that need to be reviewed :)\n\nhttp://pypi.python.org/pypi?%3Aaction=search&term=flask&submit=search\n",
    "comments_inline": [
        {
            "url": "https://api.github.com/repos/pallets/flask/issues/comments/743375",
            "html_url": "https://github.com/pallets/flask/issues/166#issuecomment-743375",
            "issue_url": "https://api.github.com/repos/pallets/flask/issues/166",
            "id": 743375,
            "node_id": "MDEyOklzc3VlQ29tbWVudDc0MzM3NQ==",
            "user": {
                "login": "mitsuhiko",
                "id": 7396,
                "node_id": "MDQ6VXNlcjczOTY=",
                "avatar_url": "https://avatars1.githubusercontent.com/u/7396?v=4",
                "gravatar_id": "",
                "url": "https://api.github.com/users/mitsuhiko",
                "html_url": "https://github.com/mitsuhiko",
                "followers_url": "https://api.github.com/users/mitsuhiko/followers",
                "following_url": "https://api.github.com/users/mitsuhiko/following{/other_user}",
                "gists_url": "https://api.github.com/users/mitsuhiko/gists{/gist_id}",
                "starred_url": "https://api.github.com/users/mitsuhiko/starred{/owner}{/repo}",
                "subscriptions_url": "https://api.github.com/users/mitsuhiko/subscriptions",
                "organizations_url": "https://api.github.com/users/mitsuhiko/orgs",
                "repos_url": "https://api.github.com/users/mitsuhiko/repos",
                "events_url": "https://api.github.com/users/mitsuhiko/events{/privacy}",
                "received_events_url": "https://api.github.com/users/mitsuhiko/received_events",
                "type": "User",
                "site_admin": false
            },
            "created_at": "2011-02-06T12:06:20Z",
            "updated_at": "2011-02-06T12:06:20Z",
            "author_association": "MEMBER",
            "body": "Done. Review still needed though.\n"
        }
    ]
}