{
    "url": "https://api.github.com/repos/pallets/flask/issues/1660",
    "repository_url": "https://api.github.com/repos/pallets/flask",
    "labels_url": "https://api.github.com/repos/pallets/flask/issues/1660/labels{/name}",
    "comments_url": "https://api.github.com/repos/pallets/flask/issues/1660/comments",
    "events_url": "https://api.github.com/repos/pallets/flask/issues/1660/events",
    "html_url": "https://github.com/pallets/flask/issues/1660",
    "id": 123151277,
    "node_id": "MDU6SXNzdWUxMjMxNTEyNzc=",
    "number": 1660,
    "title": "COC?",
    "user": {
        "login": "alison985",
        "id": 1840865,
        "node_id": "MDQ6VXNlcjE4NDA4NjU=",
        "avatar_url": "https://avatars1.githubusercontent.com/u/1840865?v=4",
        "gravatar_id": "",
        "url": "https://api.github.com/users/alison985",
        "html_url": "https://github.com/alison985",
        "followers_url": "https://api.github.com/users/alison985/followers",
        "following_url": "https://api.github.com/users/alison985/following{/other_user}",
        "gists_url": "https://api.github.com/users/alison985/gists{/gist_id}",
        "starred_url": "https://api.github.com/users/alison985/starred{/owner}{/repo}",
        "subscriptions_url": "https://api.github.com/users/alison985/subscriptions",
        "organizations_url": "https://api.github.com/users/alison985/orgs",
        "repos_url": "https://api.github.com/users/alison985/repos",
        "events_url": "https://api.github.com/users/alison985/events{/privacy}",
        "received_events_url": "https://api.github.com/users/alison985/received_events",
        "type": "User",
        "site_admin": false
    },
    "labels": [],
    "state": "closed",
    "locked": true,
    "assignee": null,
    "assignees": [],
    "milestone": null,
    "comments": 1,
    "created_at": "2015-12-20T10:11:34Z",
    "updated_at": "2015-12-20T12:42:56Z",
    "closed_at": "2015-12-20T10:13:06Z",
    "author_association": "NONE",
    "body": "Hi,\n\nI'm just wondering what your code of conduct is for this project?\n\nThanks,\nAlison\n",
    "comments_inline": [
        {
            "url": "https://api.github.com/repos/pallets/flask/issues/comments/166102923",
            "html_url": "https://github.com/pallets/flask/issues/1660#issuecomment-166102923",
            "issue_url": "https://api.github.com/repos/pallets/flask/issues/1660",
            "id": 166102923,
            "node_id": "MDEyOklzc3VlQ29tbWVudDE2NjEwMjkyMw==",
            "user": {
                "login": "mitsuhiko",
                "id": 7396,
                "node_id": "MDQ6VXNlcjczOTY=",
                "avatar_url": "https://avatars1.githubusercontent.com/u/7396?v=4",
                "gravatar_id": "",
                "url": "https://api.github.com/users/mitsuhiko",
                "html_url": "https://github.com/mitsuhiko",
                "followers_url": "https://api.github.com/users/mitsuhiko/followers",
                "following_url": "https://api.github.com/users/mitsuhiko/following{/other_user}",
                "gists_url": "https://api.github.com/users/mitsuhiko/gists{/gist_id}",
                "starred_url": "https://api.github.com/users/mitsuhiko/starred{/owner}{/repo}",
                "subscriptions_url": "https://api.github.com/users/mitsuhiko/subscriptions",
                "organizations_url": "https://api.github.com/users/mitsuhiko/orgs",
                "repos_url": "https://api.github.com/users/mitsuhiko/repos",
                "events_url": "https://api.github.com/users/mitsuhiko/events{/privacy}",
                "received_events_url": "https://api.github.com/users/mitsuhiko/received_events",
                "type": "User",
                "site_admin": false
            },
            "created_at": "2015-12-20T10:13:06Z",
            "updated_at": "2015-12-20T10:13:06Z",
            "author_association": "MEMBER",
            "body": "This project does not need one. Decent behaviour can be enforced without one.\n\n(Aside: please do not use the issue tracker for asking questions)\n"
        }
    ]
}