{
    "url": "https://api.github.com/repos/pallets/flask/issues/1666",
    "repository_url": "https://api.github.com/repos/pallets/flask",
    "labels_url": "https://api.github.com/repos/pallets/flask/issues/1666/labels{/name}",
    "comments_url": "https://api.github.com/repos/pallets/flask/issues/1666/comments",
    "events_url": "https://api.github.com/repos/pallets/flask/issues/1666/events",
    "html_url": "https://github.com/pallets/flask/pull/1666",
    "id": 123957058,
    "node_id": "MDExOlB1bGxSZXF1ZXN0NTQ2MTA2MDY=",
    "number": 1666,
    "title": "Fixed mistake in CONTRIBUTING.rst file, regarding pip install.",
    "user": {
        "login": "AvivC",
        "id": 7305419,
        "node_id": "MDQ6VXNlcjczMDU0MTk=",
        "avatar_url": "https://avatars0.githubusercontent.com/u/7305419?v=4",
        "gravatar_id": "",
        "url": "https://api.github.com/users/AvivC",
        "html_url": "https://github.com/AvivC",
        "followers_url": "https://api.github.com/users/AvivC/followers",
        "following_url": "https://api.github.com/users/AvivC/following{/other_user}",
        "gists_url": "https://api.github.com/users/AvivC/gists{/gist_id}",
        "starred_url": "https://api.github.com/users/AvivC/starred{/owner}{/repo}",
        "subscriptions_url": "https://api.github.com/users/AvivC/subscriptions",
        "organizations_url": "https://api.github.com/users/AvivC/orgs",
        "repos_url": "https://api.github.com/users/AvivC/repos",
        "events_url": "https://api.github.com/users/AvivC/events{/privacy}",
        "received_events_url": "https://api.github.com/users/AvivC/received_events",
        "type": "User",
        "site_admin": false
    },
    "labels": [],
    "state": "closed",
    "locked": false,
    "assignee": null,
    "assignees": [],
    "milestone": null,
    "comments": 5,
    "created_at": "2015-12-27T02:32:31Z",
    "updated_at": "2015-12-27T18:42:46Z",
    "closed_at": "2015-12-27T18:42:46Z",
    "author_association": "CONTRIBUTOR",
    "pull_request": {
        "url": "https://api.github.com/repos/pallets/flask/pulls/1666",
        "html_url": "https://github.com/pallets/flask/pull/1666",
        "diff_url": "https://github.com/pallets/flask/pull/1666.diff",
        "patch_url": "https://github.com/pallets/flask/pull/1666.patch"
    },
    "body": "Changed  'pip install --editable .' to 'pip install --editable flask', which works. Also added an explanatory comment, since as a beginner to pip I found this confusing.\n",
    "comments_inline": [
        {
            "url": "https://api.github.com/repos/pallets/flask/issues/comments/167375854",
            "html_url": "https://github.com/pallets/flask/pull/1666#issuecomment-167375854",
            "issue_url": "https://api.github.com/repos/pallets/flask/issues/1666",
            "id": 167375854,
            "node_id": "MDEyOklzc3VlQ29tbWVudDE2NzM3NTg1NA==",
            "user": {
                "login": "ThiefMaster",
                "id": 179599,
                "node_id": "MDQ6VXNlcjE3OTU5OQ==",
                "avatar_url": "https://avatars1.githubusercontent.com/u/179599?v=4",
                "gravatar_id": "",
                "url": "https://api.github.com/users/ThiefMaster",
                "html_url": "https://github.com/ThiefMaster",
                "followers_url": "https://api.github.com/users/ThiefMaster/followers",
                "following_url": "https://api.github.com/users/ThiefMaster/following{/other_user}",
                "gists_url": "https://api.github.com/users/ThiefMaster/gists{/gist_id}",
                "starred_url": "https://api.github.com/users/ThiefMaster/starred{/owner}{/repo}",
                "subscriptions_url": "https://api.github.com/users/ThiefMaster/subscriptions",
                "organizations_url": "https://api.github.com/users/ThiefMaster/orgs",
                "repos_url": "https://api.github.com/users/ThiefMaster/repos",
                "events_url": "https://api.github.com/users/ThiefMaster/events{/privacy}",
                "received_events_url": "https://api.github.com/users/ThiefMaster/received_events",
                "type": "User",
                "site_admin": false
            },
            "created_at": "2015-12-27T02:33:45Z",
            "updated_at": "2015-12-27T02:35:01Z",
            "author_association": "MEMBER",
            "body": "I think `cd flask` after cloning would make more sense. When running the tests later on, you really don't want to do it in some directory that might contain other stuff, you want to do it in the flask directory. And then `pip install --editable .` is what you want.\n"
        },
        {
            "url": "https://api.github.com/repos/pallets/flask/issues/comments/167375945",
            "html_url": "https://github.com/pallets/flask/pull/1666#issuecomment-167375945",
            "issue_url": "https://api.github.com/repos/pallets/flask/issues/1666",
            "id": 167375945,
            "node_id": "MDEyOklzc3VlQ29tbWVudDE2NzM3NTk0NQ==",
            "user": {
                "login": "AvivC",
                "id": 7305419,
                "node_id": "MDQ6VXNlcjczMDU0MTk=",
                "avatar_url": "https://avatars0.githubusercontent.com/u/7305419?v=4",
                "gravatar_id": "",
                "url": "https://api.github.com/users/AvivC",
                "html_url": "https://github.com/AvivC",
                "followers_url": "https://api.github.com/users/AvivC/followers",
                "following_url": "https://api.github.com/users/AvivC/following{/other_user}",
                "gists_url": "https://api.github.com/users/AvivC/gists{/gist_id}",
                "starred_url": "https://api.github.com/users/AvivC/starred{/owner}{/repo}",
                "subscriptions_url": "https://api.github.com/users/AvivC/subscriptions",
                "organizations_url": "https://api.github.com/users/AvivC/orgs",
                "repos_url": "https://api.github.com/users/AvivC/repos",
                "events_url": "https://api.github.com/users/AvivC/events{/privacy}",
                "received_events_url": "https://api.github.com/users/AvivC/received_events",
                "type": "User",
                "site_admin": false
            },
            "created_at": "2015-12-27T02:39:27Z",
            "updated_at": "2015-12-27T02:39:27Z",
            "author_association": "CONTRIBUTOR",
            "body": "Very well, than I will add a cd flask to the code.\n"
        },
        {
            "url": "https://api.github.com/repos/pallets/flask/issues/comments/167375964",
            "html_url": "https://github.com/pallets/flask/pull/1666#issuecomment-167375964",
            "issue_url": "https://api.github.com/repos/pallets/flask/issues/1666",
            "id": 167375964,
            "node_id": "MDEyOklzc3VlQ29tbWVudDE2NzM3NTk2NA==",
            "user": {
                "login": "ThiefMaster",
                "id": 179599,
                "node_id": "MDQ6VXNlcjE3OTU5OQ==",
                "avatar_url": "https://avatars1.githubusercontent.com/u/179599?v=4",
                "gravatar_id": "",
                "url": "https://api.github.com/users/ThiefMaster",
                "html_url": "https://github.com/ThiefMaster",
                "followers_url": "https://api.github.com/users/ThiefMaster/followers",
                "following_url": "https://api.github.com/users/ThiefMaster/following{/other_user}",
                "gists_url": "https://api.github.com/users/ThiefMaster/gists{/gist_id}",
                "starred_url": "https://api.github.com/users/ThiefMaster/starred{/owner}{/repo}",
                "subscriptions_url": "https://api.github.com/users/ThiefMaster/subscriptions",
                "organizations_url": "https://api.github.com/users/ThiefMaster/orgs",
                "repos_url": "https://api.github.com/users/ThiefMaster/repos",
                "events_url": "https://api.github.com/users/ThiefMaster/events{/privacy}",
                "received_events_url": "https://api.github.com/users/ThiefMaster/received_events",
                "type": "User",
                "site_admin": false
            },
            "created_at": "2015-12-27T02:41:00Z",
            "updated_at": "2015-12-27T02:41:39Z",
            "author_association": "MEMBER",
            "body": "BTW, it's usually a good idea to keep git commits formatted like this:\n\n```\nshort summary, no more than 51 chars\n\n^ line 2 is always empty\nmore verbose information goes here if needed\n...\n...\n```\n\nvarious tools and also GitHub show the first line as a summary, and if it's too long it gets truncated which is quite ugly\n"
        },
        {
            "url": "https://api.github.com/repos/pallets/flask/issues/comments/167376007",
            "html_url": "https://github.com/pallets/flask/pull/1666#issuecomment-167376007",
            "issue_url": "https://api.github.com/repos/pallets/flask/issues/1666",
            "id": 167376007,
            "node_id": "MDEyOklzc3VlQ29tbWVudDE2NzM3NjAwNw==",
            "user": {
                "login": "AvivC",
                "id": 7305419,
                "node_id": "MDQ6VXNlcjczMDU0MTk=",
                "avatar_url": "https://avatars0.githubusercontent.com/u/7305419?v=4",
                "gravatar_id": "",
                "url": "https://api.github.com/users/AvivC",
                "html_url": "https://github.com/AvivC",
                "followers_url": "https://api.github.com/users/AvivC/followers",
                "following_url": "https://api.github.com/users/AvivC/following{/other_user}",
                "gists_url": "https://api.github.com/users/AvivC/gists{/gist_id}",
                "starred_url": "https://api.github.com/users/AvivC/starred{/owner}{/repo}",
                "subscriptions_url": "https://api.github.com/users/AvivC/subscriptions",
                "organizations_url": "https://api.github.com/users/AvivC/orgs",
                "repos_url": "https://api.github.com/users/AvivC/repos",
                "events_url": "https://api.github.com/users/AvivC/events{/privacy}",
                "received_events_url": "https://api.github.com/users/AvivC/received_events",
                "type": "User",
                "site_admin": false
            },
            "created_at": "2015-12-27T02:43:05Z",
            "updated_at": "2015-12-27T02:43:05Z",
            "author_association": "CONTRIBUTOR",
            "body": "You mean a line break between the summary and the rest of the info? And thanks for the feedback, rather new to GitHub contribution :)\n"
        },
        {
            "url": "https://api.github.com/repos/pallets/flask/issues/comments/167376032",
            "html_url": "https://github.com/pallets/flask/pull/1666#issuecomment-167376032",
            "issue_url": "https://api.github.com/repos/pallets/flask/issues/1666",
            "id": 167376032,
            "node_id": "MDEyOklzc3VlQ29tbWVudDE2NzM3NjAzMg==",
            "user": {
                "login": "ThiefMaster",
                "id": 179599,
                "node_id": "MDQ6VXNlcjE3OTU5OQ==",
                "avatar_url": "https://avatars1.githubusercontent.com/u/179599?v=4",
                "gravatar_id": "",
                "url": "https://api.github.com/users/ThiefMaster",
                "html_url": "https://github.com/ThiefMaster",
                "followers_url": "https://api.github.com/users/ThiefMaster/followers",
                "following_url": "https://api.github.com/users/ThiefMaster/following{/other_user}",
                "gists_url": "https://api.github.com/users/ThiefMaster/gists{/gist_id}",
                "starred_url": "https://api.github.com/users/ThiefMaster/starred{/owner}{/repo}",
                "subscriptions_url": "https://api.github.com/users/ThiefMaster/subscriptions",
                "organizations_url": "https://api.github.com/users/ThiefMaster/orgs",
                "repos_url": "https://api.github.com/users/ThiefMaster/repos",
                "events_url": "https://api.github.com/users/ThiefMaster/events{/privacy}",
                "received_events_url": "https://api.github.com/users/ThiefMaster/received_events",
                "type": "User",
                "site_admin": false
            },
            "created_at": "2015-12-27T02:44:10Z",
            "updated_at": "2015-12-27T02:46:10Z",
            "author_association": "MEMBER",
            "body": "http://chris.beams.io/posts/git-commit/ is a pretty good guide on how to write great commit messages\n\nOh, and amend the commit you currently have and force-push (adding an extra commit would just introduce noise in the history)\n"
        }
    ]
}