{
    "url": "https://api.github.com/repos/pallets/flask/issues/1667",
    "repository_url": "https://api.github.com/repos/pallets/flask",
    "labels_url": "https://api.github.com/repos/pallets/flask/issues/1667/labels{/name}",
    "comments_url": "https://api.github.com/repos/pallets/flask/issues/1667/comments",
    "events_url": "https://api.github.com/repos/pallets/flask/issues/1667/events",
    "html_url": "https://github.com/pallets/flask/issues/1667",
    "id": 124053781,
    "node_id": "MDU6SXNzdWUxMjQwNTM3ODE=",
    "number": 1667,
    "title": "Flask framework not support html5 video label on safari and iOS devices",
    "user": {
        "login": "WPDreamMelody",
        "id": 3898789,
        "node_id": "MDQ6VXNlcjM4OTg3ODk=",
        "avatar_url": "https://avatars2.githubusercontent.com/u/3898789?v=4",
        "gravatar_id": "",
        "url": "https://api.github.com/users/WPDreamMelody",
        "html_url": "https://github.com/WPDreamMelody",
        "followers_url": "https://api.github.com/users/WPDreamMelody/followers",
        "following_url": "https://api.github.com/users/WPDreamMelody/following{/other_user}",
        "gists_url": "https://api.github.com/users/WPDreamMelody/gists{/gist_id}",
        "starred_url": "https://api.github.com/users/WPDreamMelody/starred{/owner}{/repo}",
        "subscriptions_url": "https://api.github.com/users/WPDreamMelody/subscriptions",
        "organizations_url": "https://api.github.com/users/WPDreamMelody/orgs",
        "repos_url": "https://api.github.com/users/WPDreamMelody/repos",
        "events_url": "https://api.github.com/users/WPDreamMelody/events{/privacy}",
        "received_events_url": "https://api.github.com/users/WPDreamMelody/received_events",
        "type": "User",
        "site_admin": false
    },
    "labels": [],
    "state": "closed",
    "locked": false,
    "assignee": null,
    "assignees": [],
    "milestone": null,
    "comments": 8,
    "created_at": "2015-12-28T11:20:19Z",
    "updated_at": "2015-12-29T05:59:50Z",
    "closed_at": "2015-12-29T00:05:04Z",
    "author_association": "NONE",
    "body": "how to solve Flask framework not support html5 video label on safari and iOS7\u30018\u30019 devices? The video can play on chrome &android.\neg:\nhttps://github.com/mitsuhiko/flask/issues/712\nthe article have not solution.\n",
    "comments_inline": [
        {
            "url": "https://api.github.com/repos/pallets/flask/issues/comments/167553991",
            "html_url": "https://github.com/pallets/flask/issues/1667#issuecomment-167553991",
            "issue_url": "https://api.github.com/repos/pallets/flask/issues/1667",
            "id": 167553991,
            "node_id": "MDEyOklzc3VlQ29tbWVudDE2NzU1Mzk5MQ==",
            "user": {
                "login": "ThiefMaster",
                "id": 179599,
                "node_id": "MDQ6VXNlcjE3OTU5OQ==",
                "avatar_url": "https://avatars1.githubusercontent.com/u/179599?v=4",
                "gravatar_id": "",
                "url": "https://api.github.com/users/ThiefMaster",
                "html_url": "https://github.com/ThiefMaster",
                "followers_url": "https://api.github.com/users/ThiefMaster/followers",
                "following_url": "https://api.github.com/users/ThiefMaster/following{/other_user}",
                "gists_url": "https://api.github.com/users/ThiefMaster/gists{/gist_id}",
                "starred_url": "https://api.github.com/users/ThiefMaster/starred{/owner}{/repo}",
                "subscriptions_url": "https://api.github.com/users/ThiefMaster/subscriptions",
                "organizations_url": "https://api.github.com/users/ThiefMaster/orgs",
                "repos_url": "https://api.github.com/users/ThiefMaster/repos",
                "events_url": "https://api.github.com/users/ThiefMaster/events{/privacy}",
                "received_events_url": "https://api.github.com/users/ThiefMaster/received_events",
                "type": "User",
                "site_admin": false
            },
            "created_at": "2015-12-28T12:07:03Z",
            "updated_at": "2015-12-28T12:07:03Z",
            "author_association": "MEMBER",
            "body": "Does it work with a real webserver?\n\nAlso, I believe this is actually an issue with the werkzeug dev server (which is not suitable for production anyway): mitsuhiko/werkzeug#410\n"
        },
        {
            "url": "https://api.github.com/repos/pallets/flask/issues/comments/167555277",
            "html_url": "https://github.com/pallets/flask/issues/1667#issuecomment-167555277",
            "issue_url": "https://api.github.com/repos/pallets/flask/issues/1667",
            "id": 167555277,
            "node_id": "MDEyOklzc3VlQ29tbWVudDE2NzU1NTI3Nw==",
            "user": {
                "login": "WPDreamMelody",
                "id": 3898789,
                "node_id": "MDQ6VXNlcjM4OTg3ODk=",
                "avatar_url": "https://avatars2.githubusercontent.com/u/3898789?v=4",
                "gravatar_id": "",
                "url": "https://api.github.com/users/WPDreamMelody",
                "html_url": "https://github.com/WPDreamMelody",
                "followers_url": "https://api.github.com/users/WPDreamMelody/followers",
                "following_url": "https://api.github.com/users/WPDreamMelody/following{/other_user}",
                "gists_url": "https://api.github.com/users/WPDreamMelody/gists{/gist_id}",
                "starred_url": "https://api.github.com/users/WPDreamMelody/starred{/owner}{/repo}",
                "subscriptions_url": "https://api.github.com/users/WPDreamMelody/subscriptions",
                "organizations_url": "https://api.github.com/users/WPDreamMelody/orgs",
                "repos_url": "https://api.github.com/users/WPDreamMelody/repos",
                "events_url": "https://api.github.com/users/WPDreamMelody/events{/privacy}",
                "received_events_url": "https://api.github.com/users/WPDreamMelody/received_events",
                "type": "User",
                "site_admin": false
            },
            "created_at": "2015-12-28T12:13:40Z",
            "updated_at": "2015-12-28T12:13:40Z",
            "author_association": "NONE",
            "body": "localhost & real webserver all does not work. \noh,NO! My server using python flask\n"
        },
        {
            "url": "https://api.github.com/repos/pallets/flask/issues/comments/167555385",
            "html_url": "https://github.com/pallets/flask/issues/1667#issuecomment-167555385",
            "issue_url": "https://api.github.com/repos/pallets/flask/issues/1667",
            "id": 167555385,
            "node_id": "MDEyOklzc3VlQ29tbWVudDE2NzU1NTM4NQ==",
            "user": {
                "login": "ThiefMaster",
                "id": 179599,
                "node_id": "MDQ6VXNlcjE3OTU5OQ==",
                "avatar_url": "https://avatars1.githubusercontent.com/u/179599?v=4",
                "gravatar_id": "",
                "url": "https://api.github.com/users/ThiefMaster",
                "html_url": "https://github.com/ThiefMaster",
                "followers_url": "https://api.github.com/users/ThiefMaster/followers",
                "following_url": "https://api.github.com/users/ThiefMaster/following{/other_user}",
                "gists_url": "https://api.github.com/users/ThiefMaster/gists{/gist_id}",
                "starred_url": "https://api.github.com/users/ThiefMaster/starred{/owner}{/repo}",
                "subscriptions_url": "https://api.github.com/users/ThiefMaster/subscriptions",
                "organizations_url": "https://api.github.com/users/ThiefMaster/orgs",
                "repos_url": "https://api.github.com/users/ThiefMaster/repos",
                "events_url": "https://api.github.com/users/ThiefMaster/events{/privacy}",
                "received_events_url": "https://api.github.com/users/ThiefMaster/received_events",
                "type": "User",
                "site_admin": false
            },
            "created_at": "2015-12-28T12:14:10Z",
            "updated_at": "2015-12-28T12:14:10Z",
            "author_association": "MEMBER",
            "body": "> oh,NO! My server using python flask\n\nwhat? which webserver are you using?\n"
        },
        {
            "url": "https://api.github.com/repos/pallets/flask/issues/comments/167562353",
            "html_url": "https://github.com/pallets/flask/issues/1667#issuecomment-167562353",
            "issue_url": "https://api.github.com/repos/pallets/flask/issues/1667",
            "id": 167562353,
            "node_id": "MDEyOklzc3VlQ29tbWVudDE2NzU2MjM1Mw==",
            "user": {
                "login": "WPDreamMelody",
                "id": 3898789,
                "node_id": "MDQ6VXNlcjM4OTg3ODk=",
                "avatar_url": "https://avatars2.githubusercontent.com/u/3898789?v=4",
                "gravatar_id": "",
                "url": "https://api.github.com/users/WPDreamMelody",
                "html_url": "https://github.com/WPDreamMelody",
                "followers_url": "https://api.github.com/users/WPDreamMelody/followers",
                "following_url": "https://api.github.com/users/WPDreamMelody/following{/other_user}",
                "gists_url": "https://api.github.com/users/WPDreamMelody/gists{/gist_id}",
                "starred_url": "https://api.github.com/users/WPDreamMelody/starred{/owner}{/repo}",
                "subscriptions_url": "https://api.github.com/users/WPDreamMelody/subscriptions",
                "organizations_url": "https://api.github.com/users/WPDreamMelody/orgs",
                "repos_url": "https://api.github.com/users/WPDreamMelody/repos",
                "events_url": "https://api.github.com/users/WPDreamMelody/events{/privacy}",
                "received_events_url": "https://api.github.com/users/WPDreamMelody/received_events",
                "type": "User",
                "site_admin": false
            },
            "created_at": "2015-12-28T12:34:47Z",
            "updated_at": "2015-12-28T12:35:25Z",
            "author_association": "NONE",
            "body": "i'm using flask framework write service RestfulAPI\u3002\nserver based on Cloud Server.\n"
        },
        {
            "url": "https://api.github.com/repos/pallets/flask/issues/comments/167562455",
            "html_url": "https://github.com/pallets/flask/issues/1667#issuecomment-167562455",
            "issue_url": "https://api.github.com/repos/pallets/flask/issues/1667",
            "id": 167562455,
            "node_id": "MDEyOklzc3VlQ29tbWVudDE2NzU2MjQ1NQ==",
            "user": {
                "login": "ThiefMaster",
                "id": 179599,
                "node_id": "MDQ6VXNlcjE3OTU5OQ==",
                "avatar_url": "https://avatars1.githubusercontent.com/u/179599?v=4",
                "gravatar_id": "",
                "url": "https://api.github.com/users/ThiefMaster",
                "html_url": "https://github.com/ThiefMaster",
                "followers_url": "https://api.github.com/users/ThiefMaster/followers",
                "following_url": "https://api.github.com/users/ThiefMaster/following{/other_user}",
                "gists_url": "https://api.github.com/users/ThiefMaster/gists{/gist_id}",
                "starred_url": "https://api.github.com/users/ThiefMaster/starred{/owner}{/repo}",
                "subscriptions_url": "https://api.github.com/users/ThiefMaster/subscriptions",
                "organizations_url": "https://api.github.com/users/ThiefMaster/orgs",
                "repos_url": "https://api.github.com/users/ThiefMaster/repos",
                "events_url": "https://api.github.com/users/ThiefMaster/events{/privacy}",
                "received_events_url": "https://api.github.com/users/ThiefMaster/received_events",
                "type": "User",
                "site_admin": false
            },
            "created_at": "2015-12-28T12:36:18Z",
            "updated_at": "2015-12-28T12:36:18Z",
            "author_association": "MEMBER",
            "body": "what's cloud server?\n"
        },
        {
            "url": "https://api.github.com/repos/pallets/flask/issues/comments/167562582",
            "html_url": "https://github.com/pallets/flask/issues/1667#issuecomment-167562582",
            "issue_url": "https://api.github.com/repos/pallets/flask/issues/1667",
            "id": 167562582,
            "node_id": "MDEyOklzc3VlQ29tbWVudDE2NzU2MjU4Mg==",
            "user": {
                "login": "WPDreamMelody",
                "id": 3898789,
                "node_id": "MDQ6VXNlcjM4OTg3ODk=",
                "avatar_url": "https://avatars2.githubusercontent.com/u/3898789?v=4",
                "gravatar_id": "",
                "url": "https://api.github.com/users/WPDreamMelody",
                "html_url": "https://github.com/WPDreamMelody",
                "followers_url": "https://api.github.com/users/WPDreamMelody/followers",
                "following_url": "https://api.github.com/users/WPDreamMelody/following{/other_user}",
                "gists_url": "https://api.github.com/users/WPDreamMelody/gists{/gist_id}",
                "starred_url": "https://api.github.com/users/WPDreamMelody/starred{/owner}{/repo}",
                "subscriptions_url": "https://api.github.com/users/WPDreamMelody/subscriptions",
                "organizations_url": "https://api.github.com/users/WPDreamMelody/orgs",
                "repos_url": "https://api.github.com/users/WPDreamMelody/repos",
                "events_url": "https://api.github.com/users/WPDreamMelody/events{/privacy}",
                "received_events_url": "https://api.github.com/users/WPDreamMelody/received_events",
                "type": "User",
                "site_admin": false
            },
            "created_at": "2015-12-28T12:38:00Z",
            "updated_at": "2015-12-28T12:38:00Z",
            "author_association": "NONE",
            "body": "http://www.aliyun.com/\n"
        },
        {
            "url": "https://api.github.com/repos/pallets/flask/issues/comments/167681726",
            "html_url": "https://github.com/pallets/flask/issues/1667#issuecomment-167681726",
            "issue_url": "https://api.github.com/repos/pallets/flask/issues/1667",
            "id": 167681726,
            "node_id": "MDEyOklzc3VlQ29tbWVudDE2NzY4MTcyNg==",
            "user": {
                "login": "davidism",
                "id": 1242887,
                "node_id": "MDQ6VXNlcjEyNDI4ODc=",
                "avatar_url": "https://avatars1.githubusercontent.com/u/1242887?v=4",
                "gravatar_id": "",
                "url": "https://api.github.com/users/davidism",
                "html_url": "https://github.com/davidism",
                "followers_url": "https://api.github.com/users/davidism/followers",
                "following_url": "https://api.github.com/users/davidism/following{/other_user}",
                "gists_url": "https://api.github.com/users/davidism/gists{/gist_id}",
                "starred_url": "https://api.github.com/users/davidism/starred{/owner}{/repo}",
                "subscriptions_url": "https://api.github.com/users/davidism/subscriptions",
                "organizations_url": "https://api.github.com/users/davidism/orgs",
                "repos_url": "https://api.github.com/users/davidism/repos",
                "events_url": "https://api.github.com/users/davidism/events{/privacy}",
                "received_events_url": "https://api.github.com/users/davidism/received_events",
                "type": "User",
                "site_admin": false
            },
            "created_at": "2015-12-29T00:05:04Z",
            "updated_at": "2015-12-29T00:05:04Z",
            "author_association": "MEMBER",
            "body": "Serving HTML5 video and audio requires multiple parallel requests.  Whatever server you're using, make sure it runs with more than one thread or process.  Werkzeug (which Flask uses), Gunicorn, and uWSGI all default to one process.\n\nThis is not a support forum.  Please use IRC, the mailing list, or Stack Overflow instead.\n"
        },
        {
            "url": "https://api.github.com/repos/pallets/flask/issues/comments/167723771",
            "html_url": "https://github.com/pallets/flask/issues/1667#issuecomment-167723771",
            "issue_url": "https://api.github.com/repos/pallets/flask/issues/1667",
            "id": 167723771,
            "node_id": "MDEyOklzc3VlQ29tbWVudDE2NzcyMzc3MQ==",
            "user": {
                "login": "WPDreamMelody",
                "id": 3898789,
                "node_id": "MDQ6VXNlcjM4OTg3ODk=",
                "avatar_url": "https://avatars2.githubusercontent.com/u/3898789?v=4",
                "gravatar_id": "",
                "url": "https://api.github.com/users/WPDreamMelody",
                "html_url": "https://github.com/WPDreamMelody",
                "followers_url": "https://api.github.com/users/WPDreamMelody/followers",
                "following_url": "https://api.github.com/users/WPDreamMelody/following{/other_user}",
                "gists_url": "https://api.github.com/users/WPDreamMelody/gists{/gist_id}",
                "starred_url": "https://api.github.com/users/WPDreamMelody/starred{/owner}{/repo}",
                "subscriptions_url": "https://api.github.com/users/WPDreamMelody/subscriptions",
                "organizations_url": "https://api.github.com/users/WPDreamMelody/orgs",
                "repos_url": "https://api.github.com/users/WPDreamMelody/repos",
                "events_url": "https://api.github.com/users/WPDreamMelody/events{/privacy}",
                "received_events_url": "https://api.github.com/users/WPDreamMelody/received_events",
                "type": "User",
                "site_admin": false
            },
            "created_at": "2015-12-29T05:59:39Z",
            "updated_at": "2015-12-29T05:59:50Z",
            "author_association": "NONE",
            "body": "@davidism thanks\uff0cbut how chrome/IE can support play?The just one process\n"
        }
    ]
}