{
    "url": "https://api.github.com/repos/pallets/flask/issues/1797",
    "repository_url": "https://api.github.com/repos/pallets/flask",
    "labels_url": "https://api.github.com/repos/pallets/flask/issues/1797/labels{/name}",
    "comments_url": "https://api.github.com/repos/pallets/flask/issues/1797/comments",
    "events_url": "https://api.github.com/repos/pallets/flask/issues/1797/events",
    "html_url": "https://github.com/pallets/flask/pull/1797",
    "id": 153027714,
    "node_id": "MDExOlB1bGxSZXF1ZXN0Njg4NzI0NTY=",
    "number": 1797,
    "title": "#1782: Add flag to handle file-like objects",
    "user": {
        "login": "g3wanghc",
        "id": 7648872,
        "node_id": "MDQ6VXNlcjc2NDg4NzI=",
        "avatar_url": "https://avatars1.githubusercontent.com/u/7648872?v=4",
        "gravatar_id": "",
        "url": "https://api.github.com/users/g3wanghc",
        "html_url": "https://github.com/g3wanghc",
        "followers_url": "https://api.github.com/users/g3wanghc/followers",
        "following_url": "https://api.github.com/users/g3wanghc/following{/other_user}",
        "gists_url": "https://api.github.com/users/g3wanghc/gists{/gist_id}",
        "starred_url": "https://api.github.com/users/g3wanghc/starred{/owner}{/repo}",
        "subscriptions_url": "https://api.github.com/users/g3wanghc/subscriptions",
        "organizations_url": "https://api.github.com/users/g3wanghc/orgs",
        "repos_url": "https://api.github.com/users/g3wanghc/repos",
        "events_url": "https://api.github.com/users/g3wanghc/events{/privacy}",
        "received_events_url": "https://api.github.com/users/g3wanghc/received_events",
        "type": "User",
        "site_admin": false
    },
    "labels": [],
    "state": "closed",
    "locked": false,
    "assignee": null,
    "assignees": [],
    "milestone": null,
    "comments": 2,
    "created_at": "2016-05-04T14:35:57Z",
    "updated_at": "2016-05-04T19:02:59Z",
    "closed_at": "2016-05-04T19:00:55Z",
    "author_association": "NONE",
    "pull_request": {
        "url": "https://api.github.com/repos/pallets/flask/pulls/1797",
        "html_url": "https://github.com/pallets/flask/pull/1797",
        "diff_url": "https://github.com/pallets/flask/pull/1797.diff",
        "patch_url": "https://github.com/pallets/flask/pull/1797.patch"
    },
    "body": "A flag to deal with file-like object while keeping the `.name` and `.filename` properties.\n",
    "comments_inline": [
        {
            "url": "https://api.github.com/repos/pallets/flask/issues/comments/216939261",
            "html_url": "https://github.com/pallets/flask/pull/1797#issuecomment-216939261",
            "issue_url": "https://api.github.com/repos/pallets/flask/issues/1797",
            "id": 216939261,
            "node_id": "MDEyOklzc3VlQ29tbWVudDIxNjkzOTI2MQ==",
            "user": {
                "login": "ThiefMaster",
                "id": 179599,
                "node_id": "MDQ6VXNlcjE3OTU5OQ==",
                "avatar_url": "https://avatars1.githubusercontent.com/u/179599?v=4",
                "gravatar_id": "",
                "url": "https://api.github.com/users/ThiefMaster",
                "html_url": "https://github.com/ThiefMaster",
                "followers_url": "https://api.github.com/users/ThiefMaster/followers",
                "following_url": "https://api.github.com/users/ThiefMaster/following{/other_user}",
                "gists_url": "https://api.github.com/users/ThiefMaster/gists{/gist_id}",
                "starred_url": "https://api.github.com/users/ThiefMaster/starred{/owner}{/repo}",
                "subscriptions_url": "https://api.github.com/users/ThiefMaster/subscriptions",
                "organizations_url": "https://api.github.com/users/ThiefMaster/orgs",
                "repos_url": "https://api.github.com/users/ThiefMaster/repos",
                "events_url": "https://api.github.com/users/ThiefMaster/events{/privacy}",
                "received_events_url": "https://api.github.com/users/ThiefMaster/received_events",
                "type": "User",
                "site_admin": false
            },
            "created_at": "2016-05-04T17:24:47Z",
            "updated_at": "2016-05-04T19:02:59Z",
            "author_association": "MEMBER",
            "body": "Haven't reviewed it closer yet, but those commits should most likely be squashed into a single one.\n"
        },
        {
            "url": "https://api.github.com/repos/pallets/flask/issues/comments/216967579",
            "html_url": "https://github.com/pallets/flask/pull/1797#issuecomment-216967579",
            "issue_url": "https://api.github.com/repos/pallets/flask/issues/1797",
            "id": 216967579,
            "node_id": "MDEyOklzc3VlQ29tbWVudDIxNjk2NzU3OQ==",
            "user": {
                "login": "g3wanghc",
                "id": 7648872,
                "node_id": "MDQ6VXNlcjc2NDg4NzI=",
                "avatar_url": "https://avatars1.githubusercontent.com/u/7648872?v=4",
                "gravatar_id": "",
                "url": "https://api.github.com/users/g3wanghc",
                "html_url": "https://github.com/g3wanghc",
                "followers_url": "https://api.github.com/users/g3wanghc/followers",
                "following_url": "https://api.github.com/users/g3wanghc/following{/other_user}",
                "gists_url": "https://api.github.com/users/g3wanghc/gists{/gist_id}",
                "starred_url": "https://api.github.com/users/g3wanghc/starred{/owner}{/repo}",
                "subscriptions_url": "https://api.github.com/users/g3wanghc/subscriptions",
                "organizations_url": "https://api.github.com/users/g3wanghc/orgs",
                "repos_url": "https://api.github.com/users/g3wanghc/repos",
                "events_url": "https://api.github.com/users/g3wanghc/events{/privacy}",
                "received_events_url": "https://api.github.com/users/g3wanghc/received_events",
                "type": "User",
                "site_admin": false
            },
            "created_at": "2016-05-04T19:00:55Z",
            "updated_at": "2016-05-04T19:00:55Z",
            "author_association": "NONE",
            "body": "Need to work on a better solution.\n"
        }
    ]
}