{
    "url": "https://api.github.com/repos/pallets/flask/issues/1799",
    "repository_url": "https://api.github.com/repos/pallets/flask",
    "labels_url": "https://api.github.com/repos/pallets/flask/issues/1799/labels{/name}",
    "comments_url": "https://api.github.com/repos/pallets/flask/issues/1799/comments",
    "events_url": "https://api.github.com/repos/pallets/flask/issues/1799/events",
    "html_url": "https://github.com/pallets/flask/issues/1799",
    "id": 153574901,
    "node_id": "MDU6SXNzdWUxNTM1NzQ5MDE=",
    "number": 1799,
    "title": "Does Response() work for anyone?",
    "user": {
        "login": "juanitogan",
        "id": 2923222,
        "node_id": "MDQ6VXNlcjI5MjMyMjI=",
        "avatar_url": "https://avatars3.githubusercontent.com/u/2923222?v=4",
        "gravatar_id": "",
        "url": "https://api.github.com/users/juanitogan",
        "html_url": "https://github.com/juanitogan",
        "followers_url": "https://api.github.com/users/juanitogan/followers",
        "following_url": "https://api.github.com/users/juanitogan/following{/other_user}",
        "gists_url": "https://api.github.com/users/juanitogan/gists{/gist_id}",
        "starred_url": "https://api.github.com/users/juanitogan/starred{/owner}{/repo}",
        "subscriptions_url": "https://api.github.com/users/juanitogan/subscriptions",
        "organizations_url": "https://api.github.com/users/juanitogan/orgs",
        "repos_url": "https://api.github.com/users/juanitogan/repos",
        "events_url": "https://api.github.com/users/juanitogan/events{/privacy}",
        "received_events_url": "https://api.github.com/users/juanitogan/received_events",
        "type": "User",
        "site_admin": false
    },
    "labels": [],
    "state": "closed",
    "locked": false,
    "assignee": null,
    "assignees": [],
    "milestone": null,
    "comments": 11,
    "created_at": "2016-05-07T05:23:48Z",
    "updated_at": "2016-05-07T10:26:21Z",
    "closed_at": "2016-05-07T10:26:21Z",
    "author_association": "NONE",
    "body": "I've been trying to stream some data out of the database into a downloadable CSV file and having trouble at every turn.  I've been following what guides I can find.  Response() gives errors and setting headers on make_response() fails to produce a response the browser recognizes as savable (even with `response.headers[\"Content-Disposition\"] = \"attachment;filename=study.csv\"` ).  I've never gone this direction with data extractions so I can't say I know what to expect with HTTP.\n\nAnyhow, here are the messages from attempts to use Response:\n\n```\n   return Response(generate(), mimetype='text/csv')\nTypeError: __init__() takes 1 positional argument but 2 were given\n\n    return Response(generate())\nTypeError: __init__() takes 1 positional argument but 2 were given\n\n    return Response(\"1,2,3\")\nTypeError: __init__() takes 1 positional argument but 2 were given\n```\n",
    "comments_inline": [
        {
            "url": "https://api.github.com/repos/pallets/flask/issues/comments/217613914",
            "html_url": "https://github.com/pallets/flask/issues/1799#issuecomment-217613914",
            "issue_url": "https://api.github.com/repos/pallets/flask/issues/1799",
            "id": 217613914,
            "node_id": "MDEyOklzc3VlQ29tbWVudDIxNzYxMzkxNA==",
            "user": {
                "login": "RonnyPfannschmidt",
                "id": 156838,
                "node_id": "MDQ6VXNlcjE1NjgzOA==",
                "avatar_url": "https://avatars1.githubusercontent.com/u/156838?v=4",
                "gravatar_id": "",
                "url": "https://api.github.com/users/RonnyPfannschmidt",
                "html_url": "https://github.com/RonnyPfannschmidt",
                "followers_url": "https://api.github.com/users/RonnyPfannschmidt/followers",
                "following_url": "https://api.github.com/users/RonnyPfannschmidt/following{/other_user}",
                "gists_url": "https://api.github.com/users/RonnyPfannschmidt/gists{/gist_id}",
                "starred_url": "https://api.github.com/users/RonnyPfannschmidt/starred{/owner}{/repo}",
                "subscriptions_url": "https://api.github.com/users/RonnyPfannschmidt/subscriptions",
                "organizations_url": "https://api.github.com/users/RonnyPfannschmidt/orgs",
                "repos_url": "https://api.github.com/users/RonnyPfannschmidt/repos",
                "events_url": "https://api.github.com/users/RonnyPfannschmidt/events{/privacy}",
                "received_events_url": "https://api.github.com/users/RonnyPfannschmidt/received_events",
                "type": "User",
                "site_admin": false
            },
            "created_at": "2016-05-07T07:39:39Z",
            "updated_at": "2016-05-07T07:39:39Z",
            "author_association": "CONTRIBUTOR",
            "body": "more context please - without knowing what you do we have no idea what went wrong and the calls look correct on their own, if you use this as stack-overflow replacement, at least provide full context\n"
        },
        {
            "url": "https://api.github.com/repos/pallets/flask/issues/comments/217617502",
            "html_url": "https://github.com/pallets/flask/issues/1799#issuecomment-217617502",
            "issue_url": "https://api.github.com/repos/pallets/flask/issues/1799",
            "id": 217617502,
            "node_id": "MDEyOklzc3VlQ29tbWVudDIxNzYxNzUwMg==",
            "user": {
                "login": "juanitogan",
                "id": 2923222,
                "node_id": "MDQ6VXNlcjI5MjMyMjI=",
                "avatar_url": "https://avatars3.githubusercontent.com/u/2923222?v=4",
                "gravatar_id": "",
                "url": "https://api.github.com/users/juanitogan",
                "html_url": "https://github.com/juanitogan",
                "followers_url": "https://api.github.com/users/juanitogan/followers",
                "following_url": "https://api.github.com/users/juanitogan/following{/other_user}",
                "gists_url": "https://api.github.com/users/juanitogan/gists{/gist_id}",
                "starred_url": "https://api.github.com/users/juanitogan/starred{/owner}{/repo}",
                "subscriptions_url": "https://api.github.com/users/juanitogan/subscriptions",
                "organizations_url": "https://api.github.com/users/juanitogan/orgs",
                "repos_url": "https://api.github.com/users/juanitogan/repos",
                "events_url": "https://api.github.com/users/juanitogan/events{/privacy}",
                "received_events_url": "https://api.github.com/users/juanitogan/received_events",
                "type": "User",
                "site_admin": false
            },
            "created_at": "2016-05-07T08:03:33Z",
            "updated_at": "2016-05-07T08:08:30Z",
            "author_association": "NONE",
            "body": "I believe I gave too much context instead of too little.  That's why it looks a lot like a StackOverflow question.  Really, the point is Response generates an error and doesn't appear to work... at all.  That's an issue and not an SO question (yet).  But, okay, if you want more code, not much to see other than what I already posted:\n\n```\n    test = [(\"1\",\"2\",\"3\"),(\"4\",\"5\",\"6\")]\n    def generate():\n        for row in test:\n            yield ','.join(row) + '\\n'\n    return Response(generate(), mimetype='text/csv')\n```\n\nPretty much the same as this: http://flask.pocoo.org/docs/0.10/patterns/streaming/\n"
        },
        {
            "url": "https://api.github.com/repos/pallets/flask/issues/comments/217618120",
            "html_url": "https://github.com/pallets/flask/issues/1799#issuecomment-217618120",
            "issue_url": "https://api.github.com/repos/pallets/flask/issues/1799",
            "id": 217618120,
            "node_id": "MDEyOklzc3VlQ29tbWVudDIxNzYxODEyMA==",
            "user": {
                "login": "RonnyPfannschmidt",
                "id": 156838,
                "node_id": "MDQ6VXNlcjE1NjgzOA==",
                "avatar_url": "https://avatars1.githubusercontent.com/u/156838?v=4",
                "gravatar_id": "",
                "url": "https://api.github.com/users/RonnyPfannschmidt",
                "html_url": "https://github.com/RonnyPfannschmidt",
                "followers_url": "https://api.github.com/users/RonnyPfannschmidt/followers",
                "following_url": "https://api.github.com/users/RonnyPfannschmidt/following{/other_user}",
                "gists_url": "https://api.github.com/users/RonnyPfannschmidt/gists{/gist_id}",
                "starred_url": "https://api.github.com/users/RonnyPfannschmidt/starred{/owner}{/repo}",
                "subscriptions_url": "https://api.github.com/users/RonnyPfannschmidt/subscriptions",
                "organizations_url": "https://api.github.com/users/RonnyPfannschmidt/orgs",
                "repos_url": "https://api.github.com/users/RonnyPfannschmidt/repos",
                "events_url": "https://api.github.com/users/RonnyPfannschmidt/events{/privacy}",
                "received_events_url": "https://api.github.com/users/RonnyPfannschmidt/received_events",
                "type": "User",
                "site_admin": false
            },
            "created_at": "2016-05-07T08:17:16Z",
            "updated_at": "2016-05-07T08:17:16Z",
            "author_association": "CONTRIBUTOR",
            "body": "i just created a virtualenv with flask and bpython:\n\n``` pycon\n>>> from flask import Response\n>>> test = [(\"1\",\"2\",\"3\"),(\"4\",\"5\",\"6\")]\n>>> def generate():\n...     for row in test:\n...         yield ','.join(row) + '\\n'\n...     \n... \n>>> Response(generate(), mimetype='text/csv')\n<Response streamed [200 OK]>\n>>> Response(generate(), mimetype='text/csv').data\n'1,2,3\\n4,5,6\\n'\n>>> import flask\n>>> import sys\n>>> sys.version\n'2.7.11 (default, Mar 31 2016, 20:46:51) \\n[GCC 5.3.1 20151207 (Red Hat 5.3.1-2)]'\n>>> flask.__version__\n'0.10.1'\n```\n\nso please show what you actually do with context that tells is more than correct calls break\n"
        },
        {
            "url": "https://api.github.com/repos/pallets/flask/issues/comments/217621262",
            "html_url": "https://github.com/pallets/flask/issues/1799#issuecomment-217621262",
            "issue_url": "https://api.github.com/repos/pallets/flask/issues/1799",
            "id": 217621262,
            "node_id": "MDEyOklzc3VlQ29tbWVudDIxNzYyMTI2Mg==",
            "user": {
                "login": "juanitogan",
                "id": 2923222,
                "node_id": "MDQ6VXNlcjI5MjMyMjI=",
                "avatar_url": "https://avatars3.githubusercontent.com/u/2923222?v=4",
                "gravatar_id": "",
                "url": "https://api.github.com/users/juanitogan",
                "html_url": "https://github.com/juanitogan",
                "followers_url": "https://api.github.com/users/juanitogan/followers",
                "following_url": "https://api.github.com/users/juanitogan/following{/other_user}",
                "gists_url": "https://api.github.com/users/juanitogan/gists{/gist_id}",
                "starred_url": "https://api.github.com/users/juanitogan/starred{/owner}{/repo}",
                "subscriptions_url": "https://api.github.com/users/juanitogan/subscriptions",
                "organizations_url": "https://api.github.com/users/juanitogan/orgs",
                "repos_url": "https://api.github.com/users/juanitogan/repos",
                "events_url": "https://api.github.com/users/juanitogan/events{/privacy}",
                "received_events_url": "https://api.github.com/users/juanitogan/received_events",
                "type": "User",
                "site_admin": false
            },
            "created_at": "2016-05-07T08:58:10Z",
            "updated_at": "2016-05-07T08:58:10Z",
            "author_association": "NONE",
            "body": "Okay, thank you.  I get the same results when run that way -- thus, I can now see it works in the same venv at least.  It appears I need to look deeper and see why it isn't working through the REST API I'm building.  Running through localhost:5000.  This was the very last API of the project.  Arg.  All else is working.  Probably something very basic I'm missing.\n\nAnyway, in case it means something to someone,  here's the whole proc:\n\n```\n@app.route(\"/api/admin/studies/<int:study_id>/csv\", methods=[\"GET\"])\n@admin.login_required\ndef admin_get_csv(study_id):\n\n    test = [(\"1\",\"2\",\"3\"),(\"4\",\"5\",\"6\")]\n    def generate():\n        for row in test:\n            yield ','.join(row) + '\\n'\n\n    return Response(generate(), mimetype='text/csv')\n```\n\nand the full error stack:\n\n```\n127.0.0.1 - - [07/May/2016 03:53:36] \"GET /api/admin/studies/4/csv HTTP/1.1\" 500 -\nTraceback (most recent call last):\n  File \"/home/Jernigan/.virtualenvs/tlfb/lib/python3.4/site-packages/flask/app.py\", line 1836, in __call__\n    return self.wsgi_app(environ, start_response)\n  File \"/home/Jernigan/.virtualenvs/tlfb/lib/python3.4/site-packages/flask/app.py\", line 1820, in wsgi_app\n    response = self.make_response(self.handle_exception(e))\n  File \"/home/Jernigan/.virtualenvs/tlfb/lib/python3.4/site-packages/flask/app.py\", line 1403, in handle_exception\n    reraise(exc_type, exc_value, tb)\n  File \"/home/Jernigan/.virtualenvs/tlfb/lib/python3.4/site-packages/flask/_compat.py\", line 33, in reraise\n    raise value\n  File \"/home/Jernigan/.virtualenvs/tlfb/lib/python3.4/site-packages/flask/app.py\", line 1817, in wsgi_app\n    response = self.full_dispatch_request()\n  File \"/home/Jernigan/.virtualenvs/tlfb/lib/python3.4/site-packages/flask/app.py\", line 1477, in full_dispatch_request\n    rv = self.handle_user_exception(e)\n  File \"/home/Jernigan/.virtualenvs/tlfb/lib/python3.4/site-packages/flask/app.py\", line 1381, in handle_user_exception\n    reraise(exc_type, exc_value, tb)\n  File \"/home/Jernigan/.virtualenvs/tlfb/lib/python3.4/site-packages/flask/_compat.py\", line 33, in reraise\n    raise value\n  File \"/home/Jernigan/.virtualenvs/tlfb/lib/python3.4/site-packages/flask/app.py\", line 1475, in full_dispatch_request\n    rv = self.dispatch_request()\n  File \"/home/Jernigan/.virtualenvs/tlfb/lib/python3.4/site-packages/flask/app.py\", line 1461, in dispatch_request\n    return self.view_functions[rule.endpoint](**req.view_args)\n  File \"/home/Jernigan/.virtualenvs/tlfb/lib/python3.4/site-packages/flask_httpauth.py\", line 88, in decorated\n    return f(*args, **kwargs)\n  File \"/home/Jernigan/tlfb/app/adminapi.py\", line 403, in admin_get_csv\n    return Response(generate(), mimetype='text/csv')\nTypeError: __init__() takes 1 positional argument but 2 were given\n```\n"
        },
        {
            "url": "https://api.github.com/repos/pallets/flask/issues/comments/217621534",
            "html_url": "https://github.com/pallets/flask/issues/1799#issuecomment-217621534",
            "issue_url": "https://api.github.com/repos/pallets/flask/issues/1799",
            "id": 217621534,
            "node_id": "MDEyOklzc3VlQ29tbWVudDIxNzYyMTUzNA==",
            "user": {
                "login": "RonnyPfannschmidt",
                "id": 156838,
                "node_id": "MDQ6VXNlcjE1NjgzOA==",
                "avatar_url": "https://avatars1.githubusercontent.com/u/156838?v=4",
                "gravatar_id": "",
                "url": "https://api.github.com/users/RonnyPfannschmidt",
                "html_url": "https://github.com/RonnyPfannschmidt",
                "followers_url": "https://api.github.com/users/RonnyPfannschmidt/followers",
                "following_url": "https://api.github.com/users/RonnyPfannschmidt/following{/other_user}",
                "gists_url": "https://api.github.com/users/RonnyPfannschmidt/gists{/gist_id}",
                "starred_url": "https://api.github.com/users/RonnyPfannschmidt/starred{/owner}{/repo}",
                "subscriptions_url": "https://api.github.com/users/RonnyPfannschmidt/subscriptions",
                "organizations_url": "https://api.github.com/users/RonnyPfannschmidt/orgs",
                "repos_url": "https://api.github.com/users/RonnyPfannschmidt/repos",
                "events_url": "https://api.github.com/users/RonnyPfannschmidt/events{/privacy}",
                "received_events_url": "https://api.github.com/users/RonnyPfannschmidt/received_events",
                "type": "User",
                "site_admin": false
            },
            "created_at": "2016-05-07T09:05:20Z",
            "updated_at": "2016-05-07T09:05:20Z",
            "author_association": "CONTRIBUTOR",
            "body": "still showing nothing but code that looks correct, where is your Response type imported from?\n"
        },
        {
            "url": "https://api.github.com/repos/pallets/flask/issues/comments/217621880",
            "html_url": "https://github.com/pallets/flask/issues/1799#issuecomment-217621880",
            "issue_url": "https://api.github.com/repos/pallets/flask/issues/1799",
            "id": 217621880,
            "node_id": "MDEyOklzc3VlQ29tbWVudDIxNzYyMTg4MA==",
            "user": {
                "login": "juanitogan",
                "id": 2923222,
                "node_id": "MDQ6VXNlcjI5MjMyMjI=",
                "avatar_url": "https://avatars3.githubusercontent.com/u/2923222?v=4",
                "gravatar_id": "",
                "url": "https://api.github.com/users/juanitogan",
                "html_url": "https://github.com/juanitogan",
                "followers_url": "https://api.github.com/users/juanitogan/followers",
                "following_url": "https://api.github.com/users/juanitogan/following{/other_user}",
                "gists_url": "https://api.github.com/users/juanitogan/gists{/gist_id}",
                "starred_url": "https://api.github.com/users/juanitogan/starred{/owner}{/repo}",
                "subscriptions_url": "https://api.github.com/users/juanitogan/subscriptions",
                "organizations_url": "https://api.github.com/users/juanitogan/orgs",
                "repos_url": "https://api.github.com/users/juanitogan/repos",
                "events_url": "https://api.github.com/users/juanitogan/events{/privacy}",
                "received_events_url": "https://api.github.com/users/juanitogan/received_events",
                "type": "User",
                "site_admin": false
            },
            "created_at": "2016-05-07T09:13:44Z",
            "updated_at": "2016-05-07T09:13:44Z",
            "author_association": "NONE",
            "body": "Yeah, I know.  Frustrating.  I have the whole app running and now this on the last day.  Regardless, I appreciate you talking to me.  Thank you.\n\n```\nfrom app import app\nfrom flask import request, abort, g, jsonify, Response, make_response\nfrom flask.ext.jsontools import jsonapi\nfrom flask.ext.httpauth import HTTPTokenAuth\nfrom sqlalchemy.orm import noload, contains_eager\nfrom datetime import date, time, datetime\n# JSON encoding.\nfrom app.json_encoder import AlchemyEncoder\napp.json_encoder = AlchemyEncoder\n```\n"
        },
        {
            "url": "https://api.github.com/repos/pallets/flask/issues/comments/217622457",
            "html_url": "https://github.com/pallets/flask/issues/1799#issuecomment-217622457",
            "issue_url": "https://api.github.com/repos/pallets/flask/issues/1799",
            "id": 217622457,
            "node_id": "MDEyOklzc3VlQ29tbWVudDIxNzYyMjQ1Nw==",
            "user": {
                "login": "RonnyPfannschmidt",
                "id": 156838,
                "node_id": "MDQ6VXNlcjE1NjgzOA==",
                "avatar_url": "https://avatars1.githubusercontent.com/u/156838?v=4",
                "gravatar_id": "",
                "url": "https://api.github.com/users/RonnyPfannschmidt",
                "html_url": "https://github.com/RonnyPfannschmidt",
                "followers_url": "https://api.github.com/users/RonnyPfannschmidt/followers",
                "following_url": "https://api.github.com/users/RonnyPfannschmidt/following{/other_user}",
                "gists_url": "https://api.github.com/users/RonnyPfannschmidt/gists{/gist_id}",
                "starred_url": "https://api.github.com/users/RonnyPfannschmidt/starred{/owner}{/repo}",
                "subscriptions_url": "https://api.github.com/users/RonnyPfannschmidt/subscriptions",
                "organizations_url": "https://api.github.com/users/RonnyPfannschmidt/orgs",
                "repos_url": "https://api.github.com/users/RonnyPfannschmidt/repos",
                "events_url": "https://api.github.com/users/RonnyPfannschmidt/events{/privacy}",
                "received_events_url": "https://api.github.com/users/RonnyPfannschmidt/received_events",
                "type": "User",
                "site_admin": false
            },
            "created_at": "2016-05-07T09:28:14Z",
            "updated_at": "2016-05-07T09:28:14Z",
            "author_association": "CONTRIBUTOR",
            "body": "can you show the output if `pip freeze` ?\n"
        },
        {
            "url": "https://api.github.com/repos/pallets/flask/issues/comments/217622650",
            "html_url": "https://github.com/pallets/flask/issues/1799#issuecomment-217622650",
            "issue_url": "https://api.github.com/repos/pallets/flask/issues/1799",
            "id": 217622650,
            "node_id": "MDEyOklzc3VlQ29tbWVudDIxNzYyMjY1MA==",
            "user": {
                "login": "juanitogan",
                "id": 2923222,
                "node_id": "MDQ6VXNlcjI5MjMyMjI=",
                "avatar_url": "https://avatars3.githubusercontent.com/u/2923222?v=4",
                "gravatar_id": "",
                "url": "https://api.github.com/users/juanitogan",
                "html_url": "https://github.com/juanitogan",
                "followers_url": "https://api.github.com/users/juanitogan/followers",
                "following_url": "https://api.github.com/users/juanitogan/following{/other_user}",
                "gists_url": "https://api.github.com/users/juanitogan/gists{/gist_id}",
                "starred_url": "https://api.github.com/users/juanitogan/starred{/owner}{/repo}",
                "subscriptions_url": "https://api.github.com/users/juanitogan/subscriptions",
                "organizations_url": "https://api.github.com/users/juanitogan/orgs",
                "repos_url": "https://api.github.com/users/juanitogan/repos",
                "events_url": "https://api.github.com/users/juanitogan/events{/privacy}",
                "received_events_url": "https://api.github.com/users/juanitogan/received_events",
                "type": "User",
                "site_admin": false
            },
            "created_at": "2016-05-07T09:33:14Z",
            "updated_at": "2016-05-07T09:33:14Z",
            "author_association": "NONE",
            "body": "```\n(tlfb) \u279c  tlfb git:(master) \u2717 pip freeze\nalembic==0.8.4\nFlask==0.10.1\nFlask-HTTPAuth==3.1.2\nflask-jsontools==0.1.1.post0\nFlask-Migrate==1.7.0\nFlask-Script==2.0.5\nFlask-SQLAlchemy==2.1\ninflection==0.3.1\nitsdangerous==0.24\nJinja2==2.8\nMako==1.0.3\nMarkupSafe==0.23\npasslib==1.6.5\npsycopg2==2.6.1\npython-editor==0.5\nSQLAlchemy==1.0.11\nWerkzeug==0.11.3\nwheel==0.26.0\n```\n"
        },
        {
            "url": "https://api.github.com/repos/pallets/flask/issues/comments/217622987",
            "html_url": "https://github.com/pallets/flask/issues/1799#issuecomment-217622987",
            "issue_url": "https://api.github.com/repos/pallets/flask/issues/1799",
            "id": 217622987,
            "node_id": "MDEyOklzc3VlQ29tbWVudDIxNzYyMjk4Nw==",
            "user": {
                "login": "juanitogan",
                "id": 2923222,
                "node_id": "MDQ6VXNlcjI5MjMyMjI=",
                "avatar_url": "https://avatars3.githubusercontent.com/u/2923222?v=4",
                "gravatar_id": "",
                "url": "https://api.github.com/users/juanitogan",
                "html_url": "https://github.com/juanitogan",
                "followers_url": "https://api.github.com/users/juanitogan/followers",
                "following_url": "https://api.github.com/users/juanitogan/following{/other_user}",
                "gists_url": "https://api.github.com/users/juanitogan/gists{/gist_id}",
                "starred_url": "https://api.github.com/users/juanitogan/starred{/owner}{/repo}",
                "subscriptions_url": "https://api.github.com/users/juanitogan/subscriptions",
                "organizations_url": "https://api.github.com/users/juanitogan/orgs",
                "repos_url": "https://api.github.com/users/juanitogan/repos",
                "events_url": "https://api.github.com/users/juanitogan/events{/privacy}",
                "received_events_url": "https://api.github.com/users/juanitogan/received_events",
                "type": "User",
                "site_admin": false
            },
            "created_at": "2016-05-07T09:41:52Z",
            "updated_at": "2016-05-07T09:41:52Z",
            "author_association": "NONE",
            "body": "and in case you are curious:\n\n```\n>>> from flask import Response\n>>> test = [(\"1\",\"2\",\"3\"),(\"4\",\"5\",\"6\")]\n>>> def generate():\n...     for row in test:\n...         yield ','.join(row) + '\\n'\n...\n>>> Response(generate(), mimetype='text/csv')\n<Response streamed [200 OK]>\n>>> Response(generate(), mimetype='text/csv').data\nb'1,2,3\\n4,5,6\\n'\n>>> import flask\n>>> import sys\n>>> sys.version\n'3.4.3 (default, May  5 2015, 17:04:32) \\n[GCC 4.9.2]'\n>>> flask.__version__\n'0.10.1'\n```\n"
        },
        {
            "url": "https://api.github.com/repos/pallets/flask/issues/comments/217627137",
            "html_url": "https://github.com/pallets/flask/issues/1799#issuecomment-217627137",
            "issue_url": "https://api.github.com/repos/pallets/flask/issues/1799",
            "id": 217627137,
            "node_id": "MDEyOklzc3VlQ29tbWVudDIxNzYyNzEzNw==",
            "user": {
                "login": "juanitogan",
                "id": 2923222,
                "node_id": "MDQ6VXNlcjI5MjMyMjI=",
                "avatar_url": "https://avatars3.githubusercontent.com/u/2923222?v=4",
                "gravatar_id": "",
                "url": "https://api.github.com/users/juanitogan",
                "html_url": "https://github.com/juanitogan",
                "followers_url": "https://api.github.com/users/juanitogan/followers",
                "following_url": "https://api.github.com/users/juanitogan/following{/other_user}",
                "gists_url": "https://api.github.com/users/juanitogan/gists{/gist_id}",
                "starred_url": "https://api.github.com/users/juanitogan/starred{/owner}{/repo}",
                "subscriptions_url": "https://api.github.com/users/juanitogan/subscriptions",
                "organizations_url": "https://api.github.com/users/juanitogan/orgs",
                "repos_url": "https://api.github.com/users/juanitogan/repos",
                "events_url": "https://api.github.com/users/juanitogan/events{/privacy}",
                "received_events_url": "https://api.github.com/users/juanitogan/received_events",
                "type": "User",
                "site_admin": false
            },
            "created_at": "2016-05-07T10:18:24Z",
            "updated_at": "2016-05-07T10:18:24Z",
            "author_association": "NONE",
            "body": "Oh, duh.  Found it.  I import my models with \\* and one of them is named Response for the responses table.  I found this after trying `import flask` and `flask.Response` and that worked.  Now, I just need to figure out why the browser isn't triggering the save when it received the response.  But I can take that conversation elsewhere.\n\nThank you for taking the time.  It helped me even though it was my own dumb oversight.\n"
        },
        {
            "url": "https://api.github.com/repos/pallets/flask/issues/comments/217627507",
            "html_url": "https://github.com/pallets/flask/issues/1799#issuecomment-217627507",
            "issue_url": "https://api.github.com/repos/pallets/flask/issues/1799",
            "id": 217627507,
            "node_id": "MDEyOklzc3VlQ29tbWVudDIxNzYyNzUwNw==",
            "user": {
                "login": "RonnyPfannschmidt",
                "id": 156838,
                "node_id": "MDQ6VXNlcjE1NjgzOA==",
                "avatar_url": "https://avatars1.githubusercontent.com/u/156838?v=4",
                "gravatar_id": "",
                "url": "https://api.github.com/users/RonnyPfannschmidt",
                "html_url": "https://github.com/RonnyPfannschmidt",
                "followers_url": "https://api.github.com/users/RonnyPfannschmidt/followers",
                "following_url": "https://api.github.com/users/RonnyPfannschmidt/following{/other_user}",
                "gists_url": "https://api.github.com/users/RonnyPfannschmidt/gists{/gist_id}",
                "starred_url": "https://api.github.com/users/RonnyPfannschmidt/starred{/owner}{/repo}",
                "subscriptions_url": "https://api.github.com/users/RonnyPfannschmidt/subscriptions",
                "organizations_url": "https://api.github.com/users/RonnyPfannschmidt/orgs",
                "repos_url": "https://api.github.com/users/RonnyPfannschmidt/repos",
                "events_url": "https://api.github.com/users/RonnyPfannschmidt/events{/privacy}",
                "received_events_url": "https://api.github.com/users/RonnyPfannschmidt/received_events",
                "type": "User",
                "site_admin": false
            },
            "created_at": "2016-05-07T10:26:21Z",
            "updated_at": "2016-05-07T10:26:21Z",
            "author_association": "CONTRIBUTOR",
            "body": "im glad you found the real error, have a nice day\n"
        }
    ]
}