{
    "url": "https://api.github.com/repos/pallets/flask/issues/180",
    "repository_url": "https://api.github.com/repos/pallets/flask",
    "labels_url": "https://api.github.com/repos/pallets/flask/issues/180/labels{/name}",
    "comments_url": "https://api.github.com/repos/pallets/flask/issues/180/comments",
    "events_url": "https://api.github.com/repos/pallets/flask/issues/180/events",
    "html_url": "https://github.com/pallets/flask/issues/180",
    "id": 607811,
    "node_id": "MDU6SXNzdWU2MDc4MTE=",
    "number": 180,
    "title": "Documentation not properly cross referenced",
    "user": {
        "login": "mitsuhiko",
        "id": 7396,
        "node_id": "MDQ6VXNlcjczOTY=",
        "avatar_url": "https://avatars1.githubusercontent.com/u/7396?v=4",
        "gravatar_id": "",
        "url": "https://api.github.com/users/mitsuhiko",
        "html_url": "https://github.com/mitsuhiko",
        "followers_url": "https://api.github.com/users/mitsuhiko/followers",
        "following_url": "https://api.github.com/users/mitsuhiko/following{/other_user}",
        "gists_url": "https://api.github.com/users/mitsuhiko/gists{/gist_id}",
        "starred_url": "https://api.github.com/users/mitsuhiko/starred{/owner}{/repo}",
        "subscriptions_url": "https://api.github.com/users/mitsuhiko/subscriptions",
        "organizations_url": "https://api.github.com/users/mitsuhiko/orgs",
        "repos_url": "https://api.github.com/users/mitsuhiko/repos",
        "events_url": "https://api.github.com/users/mitsuhiko/events{/privacy}",
        "received_events_url": "https://api.github.com/users/mitsuhiko/received_events",
        "type": "User",
        "site_admin": false
    },
    "labels": [
        {
            "id": 32876,
            "node_id": "MDU6TGFiZWwzMjg3Ng==",
            "url": "https://api.github.com/repos/pallets/flask/labels/docs",
            "name": "docs",
            "color": "0e8a16",
            "default": false,
            "description": null
        }
    ],
    "state": "closed",
    "locked": false,
    "assignee": null,
    "assignees": [],
    "milestone": null,
    "comments": 2,
    "created_at": "2011-02-17T22:11:15Z",
    "updated_at": "2011-03-14T01:13:33Z",
    "closed_at": "2011-03-14T01:13:33Z",
    "author_association": "MEMBER",
    "body": "The documentation should cross reference better. A few of these might be caused by the recent moving around inside Werkzeug.\n\nRelated feedback issues:\n- http://feedback.flask.pocoo.org/message/92\n",
    "comments_inline": [
        {
            "url": "https://api.github.com/repos/pallets/flask/issues/comments/867401",
            "html_url": "https://github.com/pallets/flask/issues/180#issuecomment-867401",
            "issue_url": "https://api.github.com/repos/pallets/flask/issues/180",
            "id": 867401,
            "node_id": "MDEyOklzc3VlQ29tbWVudDg2NzQwMQ==",
            "user": {
                "login": "swanson",
                "id": 56947,
                "node_id": "MDQ6VXNlcjU2OTQ3",
                "avatar_url": "https://avatars3.githubusercontent.com/u/56947?v=4",
                "gravatar_id": "",
                "url": "https://api.github.com/users/swanson",
                "html_url": "https://github.com/swanson",
                "followers_url": "https://api.github.com/users/swanson/followers",
                "following_url": "https://api.github.com/users/swanson/following{/other_user}",
                "gists_url": "https://api.github.com/users/swanson/gists{/gist_id}",
                "starred_url": "https://api.github.com/users/swanson/starred{/owner}{/repo}",
                "subscriptions_url": "https://api.github.com/users/swanson/subscriptions",
                "organizations_url": "https://api.github.com/users/swanson/orgs",
                "repos_url": "https://api.github.com/users/swanson/repos",
                "events_url": "https://api.github.com/users/swanson/events{/privacy}",
                "received_events_url": "https://api.github.com/users/swanson/received_events",
                "type": "User",
                "site_admin": false
            },
            "created_at": "2011-03-14T01:07:48Z",
            "updated_at": "2011-03-14T01:07:48Z",
            "author_association": "CONTRIBUTOR",
            "body": "https://github.com/mitsuhiko/flask/pull/196\n"
        },
        {
            "url": "https://api.github.com/repos/pallets/flask/issues/comments/867420",
            "html_url": "https://github.com/pallets/flask/issues/180#issuecomment-867420",
            "issue_url": "https://api.github.com/repos/pallets/flask/issues/180",
            "id": 867420,
            "node_id": "MDEyOklzc3VlQ29tbWVudDg2NzQyMA==",
            "user": {
                "login": "mitsuhiko",
                "id": 7396,
                "node_id": "MDQ6VXNlcjczOTY=",
                "avatar_url": "https://avatars1.githubusercontent.com/u/7396?v=4",
                "gravatar_id": "",
                "url": "https://api.github.com/users/mitsuhiko",
                "html_url": "https://github.com/mitsuhiko",
                "followers_url": "https://api.github.com/users/mitsuhiko/followers",
                "following_url": "https://api.github.com/users/mitsuhiko/following{/other_user}",
                "gists_url": "https://api.github.com/users/mitsuhiko/gists{/gist_id}",
                "starred_url": "https://api.github.com/users/mitsuhiko/starred{/owner}{/repo}",
                "subscriptions_url": "https://api.github.com/users/mitsuhiko/subscriptions",
                "organizations_url": "https://api.github.com/users/mitsuhiko/orgs",
                "repos_url": "https://api.github.com/users/mitsuhiko/repos",
                "events_url": "https://api.github.com/users/mitsuhiko/events{/privacy}",
                "received_events_url": "https://api.github.com/users/mitsuhiko/received_events",
                "type": "User",
                "site_admin": false
            },
            "created_at": "2011-03-14T01:13:33Z",
            "updated_at": "2011-03-14T01:13:33Z",
            "author_association": "MEMBER",
            "body": "Fixed.\n"
        }
    ]
}