{
    "url": "https://api.github.com/repos/pallets/flask/issues/1801",
    "repository_url": "https://api.github.com/repos/pallets/flask",
    "labels_url": "https://api.github.com/repos/pallets/flask/issues/1801/labels{/name}",
    "comments_url": "https://api.github.com/repos/pallets/flask/issues/1801/comments",
    "events_url": "https://api.github.com/repos/pallets/flask/issues/1801/events",
    "html_url": "https://github.com/pallets/flask/pull/1801",
    "id": 153698397,
    "node_id": "MDExOlB1bGxSZXF1ZXN0NjkyOTI0NzI=",
    "number": 1801,
    "title": "Fix \"with\" formatting in doc",
    "user": {
        "login": "ben4ever",
        "id": 986086,
        "node_id": "MDQ6VXNlcjk4NjA4Ng==",
        "avatar_url": "https://avatars3.githubusercontent.com/u/986086?v=4",
        "gravatar_id": "",
        "url": "https://api.github.com/users/ben4ever",
        "html_url": "https://github.com/ben4ever",
        "followers_url": "https://api.github.com/users/ben4ever/followers",
        "following_url": "https://api.github.com/users/ben4ever/following{/other_user}",
        "gists_url": "https://api.github.com/users/ben4ever/gists{/gist_id}",
        "starred_url": "https://api.github.com/users/ben4ever/starred{/owner}{/repo}",
        "subscriptions_url": "https://api.github.com/users/ben4ever/subscriptions",
        "organizations_url": "https://api.github.com/users/ben4ever/orgs",
        "repos_url": "https://api.github.com/users/ben4ever/repos",
        "events_url": "https://api.github.com/users/ben4ever/events{/privacy}",
        "received_events_url": "https://api.github.com/users/ben4ever/received_events",
        "type": "User",
        "site_admin": false
    },
    "labels": [],
    "state": "closed",
    "locked": false,
    "assignee": null,
    "assignees": [],
    "milestone": null,
    "comments": 0,
    "created_at": "2016-05-09T03:44:50Z",
    "updated_at": "2016-05-09T05:44:18Z",
    "closed_at": "2016-05-09T05:44:17Z",
    "author_association": "CONTRIBUTOR",
    "pull_request": {
        "url": "https://api.github.com/repos/pallets/flask/pulls/1801",
        "html_url": "https://github.com/pallets/flask/pull/1801",
        "diff_url": "https://github.com/pallets/flask/pull/1801.diff",
        "patch_url": "https://github.com/pallets/flask/pull/1801.patch"
    },
    "body": "`with` statement isn't properly formatted in reST in two sections in the `flask.testing.FlaskClient` documentation.\n"
}