{
    "url": "https://api.github.com/repos/pallets/flask/issues/1802",
    "repository_url": "https://api.github.com/repos/pallets/flask",
    "labels_url": "https://api.github.com/repos/pallets/flask/issues/1802/labels{/name}",
    "comments_url": "https://api.github.com/repos/pallets/flask/issues/1802/comments",
    "events_url": "https://api.github.com/repos/pallets/flask/issues/1802/events",
    "html_url": "https://github.com/pallets/flask/issues/1802",
    "id": 153738539,
    "node_id": "MDU6SXNzdWUxNTM3Mzg1Mzk=",
    "number": 1802,
    "title": "Why `from . import views` can solve circle import in Flask?",
    "user": {
        "login": "zjyExcelsior",
        "id": 6839922,
        "node_id": "MDQ6VXNlcjY4Mzk5MjI=",
        "avatar_url": "https://avatars2.githubusercontent.com/u/6839922?v=4",
        "gravatar_id": "",
        "url": "https://api.github.com/users/zjyExcelsior",
        "html_url": "https://github.com/zjyExcelsior",
        "followers_url": "https://api.github.com/users/zjyExcelsior/followers",
        "following_url": "https://api.github.com/users/zjyExcelsior/following{/other_user}",
        "gists_url": "https://api.github.com/users/zjyExcelsior/gists{/gist_id}",
        "starred_url": "https://api.github.com/users/zjyExcelsior/starred{/owner}{/repo}",
        "subscriptions_url": "https://api.github.com/users/zjyExcelsior/subscriptions",
        "organizations_url": "https://api.github.com/users/zjyExcelsior/orgs",
        "repos_url": "https://api.github.com/users/zjyExcelsior/repos",
        "events_url": "https://api.github.com/users/zjyExcelsior/events{/privacy}",
        "received_events_url": "https://api.github.com/users/zjyExcelsior/received_events",
        "type": "User",
        "site_admin": false
    },
    "labels": [],
    "state": "closed",
    "locked": false,
    "assignee": null,
    "assignees": [],
    "milestone": null,
    "comments": 2,
    "created_at": "2016-05-09T09:40:14Z",
    "updated_at": "2016-05-09T15:34:36Z",
    "closed_at": "2016-05-09T09:41:04Z",
    "author_association": "NONE",
    "body": "I learn from [Larger Applications](http://flask.pocoo.org/docs/0.10/patterns/packages/).In this document, It says: \"all the view functions (the ones with a route() decorator on top) have to be imported in the **init**.py file. **Not the object itself, but the module it is in.**\"  \nI don't know why when I do this: `from . import views`,It succeed.Though `from views import *` can also work well.  \nI organize these file like this:\n\n```\nmyapplication/\n  runner.py\n  myflask/\n    __init__.py\n    views.py\n    templates/\n    static/\n    ...\n```\n\nrunner.py:\n\n```\nfrom testFlask import app\napp.run()\n```\n\nmyflask/__init__.py:\n\n```\nfrom flask import Flask\napp = Flask(__name__)\nfrom . import views # why this can work????\n```\n\nmyflask/views.py:\n\n```\nfrom . import app\n@app.route('/')\ndef index():\n    return 'Hello World!'\n```\n\nand I run it:\n\n```\n$ cd myapplication\n$ python runner.py\n```\n\nIt's OK to run this Flask app. However I want to know why `from . import views` can solve this **circle import** problem in flask? And why the doc says: **Not the object itself, but the module it is in**????\n",
    "comments_inline": [
        {
            "url": "https://api.github.com/repos/pallets/flask/issues/comments/217820256",
            "html_url": "https://github.com/pallets/flask/issues/1802#issuecomment-217820256",
            "issue_url": "https://api.github.com/repos/pallets/flask/issues/1802",
            "id": 217820256,
            "node_id": "MDEyOklzc3VlQ29tbWVudDIxNzgyMDI1Ng==",
            "user": {
                "login": "ThiefMaster",
                "id": 179599,
                "node_id": "MDQ6VXNlcjE3OTU5OQ==",
                "avatar_url": "https://avatars1.githubusercontent.com/u/179599?v=4",
                "gravatar_id": "",
                "url": "https://api.github.com/users/ThiefMaster",
                "html_url": "https://github.com/ThiefMaster",
                "followers_url": "https://api.github.com/users/ThiefMaster/followers",
                "following_url": "https://api.github.com/users/ThiefMaster/following{/other_user}",
                "gists_url": "https://api.github.com/users/ThiefMaster/gists{/gist_id}",
                "starred_url": "https://api.github.com/users/ThiefMaster/starred{/owner}{/repo}",
                "subscriptions_url": "https://api.github.com/users/ThiefMaster/subscriptions",
                "organizations_url": "https://api.github.com/users/ThiefMaster/orgs",
                "repos_url": "https://api.github.com/users/ThiefMaster/repos",
                "events_url": "https://api.github.com/users/ThiefMaster/events{/privacy}",
                "received_events_url": "https://api.github.com/users/ThiefMaster/received_events",
                "type": "User",
                "site_admin": false
            },
            "created_at": "2016-05-09T09:41:04Z",
            "updated_at": "2016-05-09T09:41:04Z",
            "author_association": "MEMBER",
            "body": "Please use IRC or Stack Overflow for this - the issue tracker is not the right place for general questions.\n"
        },
        {
            "url": "https://api.github.com/repos/pallets/flask/issues/comments/217820624",
            "html_url": "https://github.com/pallets/flask/issues/1802#issuecomment-217820624",
            "issue_url": "https://api.github.com/repos/pallets/flask/issues/1802",
            "id": 217820624,
            "node_id": "MDEyOklzc3VlQ29tbWVudDIxNzgyMDYyNA==",
            "user": {
                "login": "RonnyPfannschmidt",
                "id": 156838,
                "node_id": "MDQ6VXNlcjE1NjgzOA==",
                "avatar_url": "https://avatars1.githubusercontent.com/u/156838?v=4",
                "gravatar_id": "",
                "url": "https://api.github.com/users/RonnyPfannschmidt",
                "html_url": "https://github.com/RonnyPfannschmidt",
                "followers_url": "https://api.github.com/users/RonnyPfannschmidt/followers",
                "following_url": "https://api.github.com/users/RonnyPfannschmidt/following{/other_user}",
                "gists_url": "https://api.github.com/users/RonnyPfannschmidt/gists{/gist_id}",
                "starred_url": "https://api.github.com/users/RonnyPfannschmidt/starred{/owner}{/repo}",
                "subscriptions_url": "https://api.github.com/users/RonnyPfannschmidt/subscriptions",
                "organizations_url": "https://api.github.com/users/RonnyPfannschmidt/orgs",
                "repos_url": "https://api.github.com/users/RonnyPfannschmidt/repos",
                "events_url": "https://api.github.com/users/RonnyPfannschmidt/events{/privacy}",
                "received_events_url": "https://api.github.com/users/RonnyPfannschmidt/received_events",
                "type": "User",
                "site_admin": false
            },
            "created_at": "2016-05-09T09:42:58Z",
            "updated_at": "2016-05-09T09:42:58Z",
            "author_association": "CONTRIBUTOR",
            "body": "to explain - modules that are still in evaluation are already importable\n\nso declaring the app object fist means it can be imported from other places and the cycle is resolved\n"
        }
    ]
}