{
    "url": "https://api.github.com/repos/pallets/flask/issues/1803",
    "repository_url": "https://api.github.com/repos/pallets/flask",
    "labels_url": "https://api.github.com/repos/pallets/flask/issues/1803/labels{/name}",
    "comments_url": "https://api.github.com/repos/pallets/flask/issues/1803/comments",
    "events_url": "https://api.github.com/repos/pallets/flask/issues/1803/events",
    "html_url": "https://github.com/pallets/flask/issues/1803",
    "id": 153950503,
    "node_id": "MDU6SXNzdWUxNTM5NTA1MDM=",
    "number": 1803,
    "title": "'config object has not attribute from_json' error ",
    "user": {
        "login": "0decimal0",
        "id": 10919848,
        "node_id": "MDQ6VXNlcjEwOTE5ODQ4",
        "avatar_url": "https://avatars1.githubusercontent.com/u/10919848?v=4",
        "gravatar_id": "",
        "url": "https://api.github.com/users/0decimal0",
        "html_url": "https://github.com/0decimal0",
        "followers_url": "https://api.github.com/users/0decimal0/followers",
        "following_url": "https://api.github.com/users/0decimal0/following{/other_user}",
        "gists_url": "https://api.github.com/users/0decimal0/gists{/gist_id}",
        "starred_url": "https://api.github.com/users/0decimal0/starred{/owner}{/repo}",
        "subscriptions_url": "https://api.github.com/users/0decimal0/subscriptions",
        "organizations_url": "https://api.github.com/users/0decimal0/orgs",
        "repos_url": "https://api.github.com/users/0decimal0/repos",
        "events_url": "https://api.github.com/users/0decimal0/events{/privacy}",
        "received_events_url": "https://api.github.com/users/0decimal0/received_events",
        "type": "User",
        "site_admin": false
    },
    "labels": [],
    "state": "closed",
    "locked": false,
    "assignee": null,
    "assignees": [],
    "milestone": null,
    "comments": 0,
    "created_at": "2016-05-10T08:28:57Z",
    "updated_at": "2016-05-10T08:32:15Z",
    "closed_at": "2016-05-10T08:32:15Z",
    "author_association": "NONE",
    "body": "I am getting this error while running my web app. I am reading config values from json by doing this : \n`app.config.from_json('config.json')`\n"
}