{
    "url": "https://api.github.com/repos/pallets/flask/issues/1804",
    "repository_url": "https://api.github.com/repos/pallets/flask",
    "labels_url": "https://api.github.com/repos/pallets/flask/issues/1804/labels{/name}",
    "comments_url": "https://api.github.com/repos/pallets/flask/issues/1804/comments",
    "events_url": "https://api.github.com/repos/pallets/flask/issues/1804/events",
    "html_url": "https://github.com/pallets/flask/issues/1804",
    "id": 153950508,
    "node_id": "MDU6SXNzdWUxNTM5NTA1MDg=",
    "number": 1804,
    "title": "'config object has no attribute from_json' error ",
    "user": {
        "login": "0decimal0",
        "id": 10919848,
        "node_id": "MDQ6VXNlcjEwOTE5ODQ4",
        "avatar_url": "https://avatars1.githubusercontent.com/u/10919848?v=4",
        "gravatar_id": "",
        "url": "https://api.github.com/users/0decimal0",
        "html_url": "https://github.com/0decimal0",
        "followers_url": "https://api.github.com/users/0decimal0/followers",
        "following_url": "https://api.github.com/users/0decimal0/following{/other_user}",
        "gists_url": "https://api.github.com/users/0decimal0/gists{/gist_id}",
        "starred_url": "https://api.github.com/users/0decimal0/starred{/owner}{/repo}",
        "subscriptions_url": "https://api.github.com/users/0decimal0/subscriptions",
        "organizations_url": "https://api.github.com/users/0decimal0/orgs",
        "repos_url": "https://api.github.com/users/0decimal0/repos",
        "events_url": "https://api.github.com/users/0decimal0/events{/privacy}",
        "received_events_url": "https://api.github.com/users/0decimal0/received_events",
        "type": "User",
        "site_admin": false
    },
    "labels": [],
    "state": "closed",
    "locked": false,
    "assignee": null,
    "assignees": [],
    "milestone": null,
    "comments": 1,
    "created_at": "2016-05-10T08:28:58Z",
    "updated_at": "2016-05-10T08:30:06Z",
    "closed_at": "2016-05-10T08:30:02Z",
    "author_association": "NONE",
    "body": "I am getting this error while running my web app. I am reading config values from json by doing this : \n`app.config.from_json('config.json')`\n",
    "comments_inline": [
        {
            "url": "https://api.github.com/repos/pallets/flask/issues/comments/218091888",
            "html_url": "https://github.com/pallets/flask/issues/1804#issuecomment-218091888",
            "issue_url": "https://api.github.com/repos/pallets/flask/issues/1804",
            "id": 218091888,
            "node_id": "MDEyOklzc3VlQ29tbWVudDIxODA5MTg4OA==",
            "user": {
                "login": "ThiefMaster",
                "id": 179599,
                "node_id": "MDQ6VXNlcjE3OTU5OQ==",
                "avatar_url": "https://avatars1.githubusercontent.com/u/179599?v=4",
                "gravatar_id": "",
                "url": "https://api.github.com/users/ThiefMaster",
                "html_url": "https://github.com/ThiefMaster",
                "followers_url": "https://api.github.com/users/ThiefMaster/followers",
                "following_url": "https://api.github.com/users/ThiefMaster/following{/other_user}",
                "gists_url": "https://api.github.com/users/ThiefMaster/gists{/gist_id}",
                "starred_url": "https://api.github.com/users/ThiefMaster/starred{/owner}{/repo}",
                "subscriptions_url": "https://api.github.com/users/ThiefMaster/subscriptions",
                "organizations_url": "https://api.github.com/users/ThiefMaster/orgs",
                "repos_url": "https://api.github.com/users/ThiefMaster/repos",
                "events_url": "https://api.github.com/users/ThiefMaster/events{/privacy}",
                "received_events_url": "https://api.github.com/users/ThiefMaster/received_events",
                "type": "User",
                "site_admin": false
            },
            "created_at": "2016-05-10T08:30:02Z",
            "updated_at": "2016-05-10T08:30:06Z",
            "author_association": "MEMBER",
            "body": "https://github.com/pallets/flask/blob/2bf477cfeafd87c69b88e1ec58b5eb67abf756e2/CHANGES#L27\n\nYou need to use the latest version from Git for this.\n"
        }
    ]
}