{
    "url": "https://api.github.com/repos/pallets/flask/issues/1806",
    "repository_url": "https://api.github.com/repos/pallets/flask",
    "labels_url": "https://api.github.com/repos/pallets/flask/issues/1806/labels{/name}",
    "comments_url": "https://api.github.com/repos/pallets/flask/issues/1806/comments",
    "events_url": "https://api.github.com/repos/pallets/flask/issues/1806/events",
    "html_url": "https://github.com/pallets/flask/pull/1806",
    "id": 154432840,
    "node_id": "MDExOlB1bGxSZXF1ZXN0Njk4MDIzOTQ=",
    "number": 1806,
    "title": "Forward ported CLI tests from Flask-CLI and fixed a bug with the CLI's name.",
    "user": {
        "login": "jezdez",
        "id": 1610,
        "node_id": "MDQ6VXNlcjE2MTA=",
        "avatar_url": "https://avatars0.githubusercontent.com/u/1610?v=4",
        "gravatar_id": "",
        "url": "https://api.github.com/users/jezdez",
        "html_url": "https://github.com/jezdez",
        "followers_url": "https://api.github.com/users/jezdez/followers",
        "following_url": "https://api.github.com/users/jezdez/following{/other_user}",
        "gists_url": "https://api.github.com/users/jezdez/gists{/gist_id}",
        "starred_url": "https://api.github.com/users/jezdez/starred{/owner}{/repo}",
        "subscriptions_url": "https://api.github.com/users/jezdez/subscriptions",
        "organizations_url": "https://api.github.com/users/jezdez/orgs",
        "repos_url": "https://api.github.com/users/jezdez/repos",
        "events_url": "https://api.github.com/users/jezdez/events{/privacy}",
        "received_events_url": "https://api.github.com/users/jezdez/received_events",
        "type": "User",
        "site_admin": false
    },
    "labels": [],
    "state": "closed",
    "locked": false,
    "assignee": null,
    "assignees": [],
    "milestone": null,
    "comments": 1,
    "created_at": "2016-05-12T09:08:35Z",
    "updated_at": "2016-05-16T17:36:58Z",
    "closed_at": "2016-05-16T17:36:55Z",
    "author_association": "CONTRIBUTOR",
    "pull_request": {
        "url": "https://api.github.com/repos/pallets/flask/pulls/1806",
        "html_url": "https://github.com/pallets/flask/pull/1806",
        "diff_url": "https://github.com/pallets/flask/pull/1806.diff",
        "patch_url": "https://github.com/pallets/flask/pull/1806.patch"
    },
    "body": "To clarify, looking at the [signature of the click's Group class](https://github.com/pallets/click/blob/6.6/click/core.py#L1135-L1138) I found that passing the whole Flask app isn't what it expects, but just a command group name.\n",
    "comments_inline": [
        {
            "url": "https://api.github.com/repos/pallets/flask/issues/comments/219490968",
            "html_url": "https://github.com/pallets/flask/pull/1806#issuecomment-219490968",
            "issue_url": "https://api.github.com/repos/pallets/flask/issues/1806",
            "id": 219490968,
            "node_id": "MDEyOklzc3VlQ29tbWVudDIxOTQ5MDk2OA==",
            "user": {
                "login": "untitaker",
                "id": 837573,
                "node_id": "MDQ6VXNlcjgzNzU3Mw==",
                "avatar_url": "https://avatars0.githubusercontent.com/u/837573?v=4",
                "gravatar_id": "",
                "url": "https://api.github.com/users/untitaker",
                "html_url": "https://github.com/untitaker",
                "followers_url": "https://api.github.com/users/untitaker/followers",
                "following_url": "https://api.github.com/users/untitaker/following{/other_user}",
                "gists_url": "https://api.github.com/users/untitaker/gists{/gist_id}",
                "starred_url": "https://api.github.com/users/untitaker/starred{/owner}{/repo}",
                "subscriptions_url": "https://api.github.com/users/untitaker/subscriptions",
                "organizations_url": "https://api.github.com/users/untitaker/orgs",
                "repos_url": "https://api.github.com/users/untitaker/repos",
                "events_url": "https://api.github.com/users/untitaker/events{/privacy}",
                "received_events_url": "https://api.github.com/users/untitaker/received_events",
                "type": "User",
                "site_admin": false
            },
            "created_at": "2016-05-16T17:36:58Z",
            "updated_at": "2016-05-16T17:36:58Z",
            "author_association": "MEMBER",
            "body": "Excellent, thanks!\n"
        }
    ]
}