{
    "url": "https://api.github.com/repos/pallets/flask/issues/1807",
    "repository_url": "https://api.github.com/repos/pallets/flask",
    "labels_url": "https://api.github.com/repos/pallets/flask/issues/1807/labels{/name}",
    "comments_url": "https://api.github.com/repos/pallets/flask/issues/1807/comments",
    "events_url": "https://api.github.com/repos/pallets/flask/issues/1807/events",
    "html_url": "https://github.com/pallets/flask/issues/1807",
    "id": 154666152,
    "node_id": "MDU6SXNzdWUxNTQ2NjYxNTI=",
    "number": 1807,
    "title": "stop/terminate flask outside request context",
    "user": {
        "login": "ghost",
        "id": 10137,
        "node_id": "MDQ6VXNlcjEwMTM3",
        "avatar_url": "https://avatars3.githubusercontent.com/u/10137?v=4",
        "gravatar_id": "",
        "url": "https://api.github.com/users/ghost",
        "html_url": "https://github.com/ghost",
        "followers_url": "https://api.github.com/users/ghost/followers",
        "following_url": "https://api.github.com/users/ghost/following{/other_user}",
        "gists_url": "https://api.github.com/users/ghost/gists{/gist_id}",
        "starred_url": "https://api.github.com/users/ghost/starred{/owner}{/repo}",
        "subscriptions_url": "https://api.github.com/users/ghost/subscriptions",
        "organizations_url": "https://api.github.com/users/ghost/orgs",
        "repos_url": "https://api.github.com/users/ghost/repos",
        "events_url": "https://api.github.com/users/ghost/events{/privacy}",
        "received_events_url": "https://api.github.com/users/ghost/received_events",
        "type": "User",
        "site_admin": false
    },
    "labels": [],
    "state": "closed",
    "locked": false,
    "assignee": null,
    "assignees": [],
    "milestone": null,
    "comments": 5,
    "created_at": "2016-05-13T09:06:42Z",
    "updated_at": "2016-05-13T10:13:20Z",
    "closed_at": "2016-05-13T10:13:20Z",
    "author_association": "NONE",
    "body": "is it possible to stop flask outside request context ? as i know there's no way for it .\n\nmaybe a function( stop() ) that changes a flag( shutdown_signal=False ==> True ) for werkzeug that stops server for listening on new connections ?\ni can contribute on making this feature if you allow me ...\n",
    "comments_inline": [
        {
            "url": "https://api.github.com/repos/pallets/flask/issues/comments/218990612",
            "html_url": "https://github.com/pallets/flask/issues/1807#issuecomment-218990612",
            "issue_url": "https://api.github.com/repos/pallets/flask/issues/1807",
            "id": 218990612,
            "node_id": "MDEyOklzc3VlQ29tbWVudDIxODk5MDYxMg==",
            "user": {
                "login": "ThiefMaster",
                "id": 179599,
                "node_id": "MDQ6VXNlcjE3OTU5OQ==",
                "avatar_url": "https://avatars1.githubusercontent.com/u/179599?v=4",
                "gravatar_id": "",
                "url": "https://api.github.com/users/ThiefMaster",
                "html_url": "https://github.com/ThiefMaster",
                "followers_url": "https://api.github.com/users/ThiefMaster/followers",
                "following_url": "https://api.github.com/users/ThiefMaster/following{/other_user}",
                "gists_url": "https://api.github.com/users/ThiefMaster/gists{/gist_id}",
                "starred_url": "https://api.github.com/users/ThiefMaster/starred{/owner}{/repo}",
                "subscriptions_url": "https://api.github.com/users/ThiefMaster/subscriptions",
                "organizations_url": "https://api.github.com/users/ThiefMaster/orgs",
                "repos_url": "https://api.github.com/users/ThiefMaster/repos",
                "events_url": "https://api.github.com/users/ThiefMaster/events{/privacy}",
                "received_events_url": "https://api.github.com/users/ThiefMaster/received_events",
                "type": "User",
                "site_admin": false
            },
            "created_at": "2016-05-13T09:07:18Z",
            "updated_at": "2016-05-13T09:07:35Z",
            "author_association": "MEMBER",
            "body": "Why do you want this? `app.run()` is only meant for development anyway - and there you could simpy `os.kill()` the process if you want to terminate it.\n"
        },
        {
            "url": "https://api.github.com/repos/pallets/flask/issues/comments/218993364",
            "html_url": "https://github.com/pallets/flask/issues/1807#issuecomment-218993364",
            "issue_url": "https://api.github.com/repos/pallets/flask/issues/1807",
            "id": 218993364,
            "node_id": "MDEyOklzc3VlQ29tbWVudDIxODk5MzM2NA==",
            "user": {
                "login": "ghost",
                "id": 10137,
                "node_id": "MDQ6VXNlcjEwMTM3",
                "avatar_url": "https://avatars3.githubusercontent.com/u/10137?v=4",
                "gravatar_id": "",
                "url": "https://api.github.com/users/ghost",
                "html_url": "https://github.com/ghost",
                "followers_url": "https://api.github.com/users/ghost/followers",
                "following_url": "https://api.github.com/users/ghost/following{/other_user}",
                "gists_url": "https://api.github.com/users/ghost/gists{/gist_id}",
                "starred_url": "https://api.github.com/users/ghost/starred{/owner}{/repo}",
                "subscriptions_url": "https://api.github.com/users/ghost/subscriptions",
                "organizations_url": "https://api.github.com/users/ghost/orgs",
                "repos_url": "https://api.github.com/users/ghost/repos",
                "events_url": "https://api.github.com/users/ghost/events{/privacy}",
                "received_events_url": "https://api.github.com/users/ghost/received_events",
                "type": "User",
                "site_admin": false
            },
            "created_at": "2016-05-13T09:19:27Z",
            "updated_at": "2016-05-13T09:19:27Z",
            "author_association": "NONE",
            "body": "i am developing a thing that use flask in another thread (maybe i should bring it to main one) ... i should try os.kill() i guess ...\n"
        },
        {
            "url": "https://api.github.com/repos/pallets/flask/issues/comments/218993478",
            "html_url": "https://github.com/pallets/flask/issues/1807#issuecomment-218993478",
            "issue_url": "https://api.github.com/repos/pallets/flask/issues/1807",
            "id": 218993478,
            "node_id": "MDEyOklzc3VlQ29tbWVudDIxODk5MzQ3OA==",
            "user": {
                "login": "ThiefMaster",
                "id": 179599,
                "node_id": "MDQ6VXNlcjE3OTU5OQ==",
                "avatar_url": "https://avatars1.githubusercontent.com/u/179599?v=4",
                "gravatar_id": "",
                "url": "https://api.github.com/users/ThiefMaster",
                "html_url": "https://github.com/ThiefMaster",
                "followers_url": "https://api.github.com/users/ThiefMaster/followers",
                "following_url": "https://api.github.com/users/ThiefMaster/following{/other_user}",
                "gists_url": "https://api.github.com/users/ThiefMaster/gists{/gist_id}",
                "starred_url": "https://api.github.com/users/ThiefMaster/starred{/owner}{/repo}",
                "subscriptions_url": "https://api.github.com/users/ThiefMaster/subscriptions",
                "organizations_url": "https://api.github.com/users/ThiefMaster/orgs",
                "repos_url": "https://api.github.com/users/ThiefMaster/repos",
                "events_url": "https://api.github.com/users/ThiefMaster/events{/privacy}",
                "received_events_url": "https://api.github.com/users/ThiefMaster/received_events",
                "type": "User",
                "site_admin": false
            },
            "created_at": "2016-05-13T09:20:01Z",
            "updated_at": "2016-05-13T09:20:01Z",
            "author_association": "MEMBER",
            "body": "Using `app.run()`? Sound like a bad idea.\n"
        },
        {
            "url": "https://api.github.com/repos/pallets/flask/issues/comments/218994670",
            "html_url": "https://github.com/pallets/flask/issues/1807#issuecomment-218994670",
            "issue_url": "https://api.github.com/repos/pallets/flask/issues/1807",
            "id": 218994670,
            "node_id": "MDEyOklzc3VlQ29tbWVudDIxODk5NDY3MA==",
            "user": {
                "login": "ghost",
                "id": 10137,
                "node_id": "MDQ6VXNlcjEwMTM3",
                "avatar_url": "https://avatars3.githubusercontent.com/u/10137?v=4",
                "gravatar_id": "",
                "url": "https://api.github.com/users/ghost",
                "html_url": "https://github.com/ghost",
                "followers_url": "https://api.github.com/users/ghost/followers",
                "following_url": "https://api.github.com/users/ghost/following{/other_user}",
                "gists_url": "https://api.github.com/users/ghost/gists{/gist_id}",
                "starred_url": "https://api.github.com/users/ghost/starred{/owner}{/repo}",
                "subscriptions_url": "https://api.github.com/users/ghost/subscriptions",
                "organizations_url": "https://api.github.com/users/ghost/orgs",
                "repos_url": "https://api.github.com/users/ghost/repos",
                "events_url": "https://api.github.com/users/ghost/events{/privacy}",
                "received_events_url": "https://api.github.com/users/ghost/received_events",
                "type": "User",
                "site_admin": false
            },
            "created_at": "2016-05-13T09:25:33Z",
            "updated_at": "2016-05-13T09:26:11Z",
            "author_association": "NONE",
            "body": "what about using cherrypy server since werkzeug is only for development ?\nhttp://flask.pocoo.org/snippets/24/\n"
        },
        {
            "url": "https://api.github.com/repos/pallets/flask/issues/comments/219004900",
            "html_url": "https://github.com/pallets/flask/issues/1807#issuecomment-219004900",
            "issue_url": "https://api.github.com/repos/pallets/flask/issues/1807",
            "id": 219004900,
            "node_id": "MDEyOklzc3VlQ29tbWVudDIxOTAwNDkwMA==",
            "user": {
                "login": "ghost",
                "id": 10137,
                "node_id": "MDQ6VXNlcjEwMTM3",
                "avatar_url": "https://avatars3.githubusercontent.com/u/10137?v=4",
                "gravatar_id": "",
                "url": "https://api.github.com/users/ghost",
                "html_url": "https://github.com/ghost",
                "followers_url": "https://api.github.com/users/ghost/followers",
                "following_url": "https://api.github.com/users/ghost/following{/other_user}",
                "gists_url": "https://api.github.com/users/ghost/gists{/gist_id}",
                "starred_url": "https://api.github.com/users/ghost/starred{/owner}{/repo}",
                "subscriptions_url": "https://api.github.com/users/ghost/subscriptions",
                "organizations_url": "https://api.github.com/users/ghost/orgs",
                "repos_url": "https://api.github.com/users/ghost/repos",
                "events_url": "https://api.github.com/users/ghost/events{/privacy}",
                "received_events_url": "https://api.github.com/users/ghost/received_events",
                "type": "User",
                "site_admin": false
            },
            "created_at": "2016-05-13T10:13:20Z",
            "updated_at": "2016-05-13T10:13:20Z",
            "author_association": "NONE",
            "body": "using cherrypy server worked well for me ... thanks\n"
        }
    ]
}