{
    "url": "https://api.github.com/repos/pallets/flask/issues/1809",
    "repository_url": "https://api.github.com/repos/pallets/flask",
    "labels_url": "https://api.github.com/repos/pallets/flask/issues/1809/labels{/name}",
    "comments_url": "https://api.github.com/repos/pallets/flask/issues/1809/comments",
    "events_url": "https://api.github.com/repos/pallets/flask/issues/1809/events",
    "html_url": "https://github.com/pallets/flask/issues/1809",
    "id": 154828923,
    "node_id": "MDU6SXNzdWUxNTQ4Mjg5MjM=",
    "number": 1809,
    "title": "flask.Flask.register_blueprint is poorly documented",
    "user": {
        "login": "JeromeJ",
        "id": 650065,
        "node_id": "MDQ6VXNlcjY1MDA2NQ==",
        "avatar_url": "https://avatars2.githubusercontent.com/u/650065?v=4",
        "gravatar_id": "",
        "url": "https://api.github.com/users/JeromeJ",
        "html_url": "https://github.com/JeromeJ",
        "followers_url": "https://api.github.com/users/JeromeJ/followers",
        "following_url": "https://api.github.com/users/JeromeJ/following{/other_user}",
        "gists_url": "https://api.github.com/users/JeromeJ/gists{/gist_id}",
        "starred_url": "https://api.github.com/users/JeromeJ/starred{/owner}{/repo}",
        "subscriptions_url": "https://api.github.com/users/JeromeJ/subscriptions",
        "organizations_url": "https://api.github.com/users/JeromeJ/orgs",
        "repos_url": "https://api.github.com/users/JeromeJ/repos",
        "events_url": "https://api.github.com/users/JeromeJ/events{/privacy}",
        "received_events_url": "https://api.github.com/users/JeromeJ/received_events",
        "type": "User",
        "site_admin": false
    },
    "labels": [
        {
            "id": 357932495,
            "node_id": "MDU6TGFiZWwzNTc5MzI0OTU=",
            "url": "https://api.github.com/repos/pallets/flask/labels/blueprints",
            "name": "blueprints",
            "color": "1d76db",
            "default": false,
            "description": null
        },
        {
            "id": 32876,
            "node_id": "MDU6TGFiZWwzMjg3Ng==",
            "url": "https://api.github.com/repos/pallets/flask/labels/docs",
            "name": "docs",
            "color": "0e8a16",
            "default": false,
            "description": null
        }
    ],
    "state": "closed",
    "locked": false,
    "assignee": null,
    "assignees": [],
    "milestone": null,
    "comments": 7,
    "created_at": "2016-05-14T02:10:05Z",
    "updated_at": "2017-06-14T14:41:44Z",
    "closed_at": "2017-06-14T14:41:44Z",
    "author_association": "NONE",
    "body": "http://flask.pocoo.org/docs/0.10/api/#flask.Flask.register_blueprint\n\nThe documentation doesn't list or explain any of the arguments used by `flask.Flask.register_blueprint`.\n\nIt only says:\n\n```\nregister_blueprint(*args, **kwargs)\u00b6\nRegisters a blueprint on the application.\n\nNew in version 0.7.\n```\n\nFor one, I know there should be at least `use_prefix` and maybe (or surely) more than that.\n\n**Note:** All Flask version's documentation seems to be affected by this.\n",
    "comments_inline": [
        {
            "url": "https://api.github.com/repos/pallets/flask/issues/comments/219551579",
            "html_url": "https://github.com/pallets/flask/issues/1809#issuecomment-219551579",
            "issue_url": "https://api.github.com/repos/pallets/flask/issues/1809",
            "id": 219551579,
            "node_id": "MDEyOklzc3VlQ29tbWVudDIxOTU1MTU3OQ==",
            "user": {
                "login": "Sanjurjo7",
                "id": 9040826,
                "node_id": "MDQ6VXNlcjkwNDA4MjY=",
                "avatar_url": "https://avatars2.githubusercontent.com/u/9040826?v=4",
                "gravatar_id": "",
                "url": "https://api.github.com/users/Sanjurjo7",
                "html_url": "https://github.com/Sanjurjo7",
                "followers_url": "https://api.github.com/users/Sanjurjo7/followers",
                "following_url": "https://api.github.com/users/Sanjurjo7/following{/other_user}",
                "gists_url": "https://api.github.com/users/Sanjurjo7/gists{/gist_id}",
                "starred_url": "https://api.github.com/users/Sanjurjo7/starred{/owner}{/repo}",
                "subscriptions_url": "https://api.github.com/users/Sanjurjo7/subscriptions",
                "organizations_url": "https://api.github.com/users/Sanjurjo7/orgs",
                "repos_url": "https://api.github.com/users/Sanjurjo7/repos",
                "events_url": "https://api.github.com/users/Sanjurjo7/events{/privacy}",
                "received_events_url": "https://api.github.com/users/Sanjurjo7/received_events",
                "type": "User",
                "site_admin": false
            },
            "created_at": "2016-05-16T21:20:24Z",
            "updated_at": "2016-05-16T21:20:24Z",
            "author_association": "CONTRIBUTOR",
            "body": "I'd like to work on this. What would you recommend looking at as a good example of documentation in Flask already?\n"
        },
        {
            "url": "https://api.github.com/repos/pallets/flask/issues/comments/219559616",
            "html_url": "https://github.com/pallets/flask/issues/1809#issuecomment-219559616",
            "issue_url": "https://api.github.com/repos/pallets/flask/issues/1809",
            "id": 219559616,
            "node_id": "MDEyOklzc3VlQ29tbWVudDIxOTU1OTYxNg==",
            "user": {
                "login": "jeffwidman",
                "id": 483314,
                "node_id": "MDQ6VXNlcjQ4MzMxNA==",
                "avatar_url": "https://avatars2.githubusercontent.com/u/483314?v=4",
                "gravatar_id": "",
                "url": "https://api.github.com/users/jeffwidman",
                "html_url": "https://github.com/jeffwidman",
                "followers_url": "https://api.github.com/users/jeffwidman/followers",
                "following_url": "https://api.github.com/users/jeffwidman/following{/other_user}",
                "gists_url": "https://api.github.com/users/jeffwidman/gists{/gist_id}",
                "starred_url": "https://api.github.com/users/jeffwidman/starred{/owner}{/repo}",
                "subscriptions_url": "https://api.github.com/users/jeffwidman/subscriptions",
                "organizations_url": "https://api.github.com/users/jeffwidman/orgs",
                "repos_url": "https://api.github.com/users/jeffwidman/repos",
                "events_url": "https://api.github.com/users/jeffwidman/events{/privacy}",
                "received_events_url": "https://api.github.com/users/jeffwidman/received_events",
                "type": "User",
                "site_admin": false
            },
            "created_at": "2016-05-16T21:51:42Z",
            "updated_at": "2016-05-16T21:51:42Z",
            "author_association": "MEMBER",
            "body": "@Sanjurjo7 Go for it! \n\nI haven't looked at it in-depth, but the API docs are probably auto-generated by Sphinx using the function's docstrings. So probably what you need to do is expand this a bit: https://github.com/pallets/flask/blob/master/flask/app.py#L936\n\nWhile I'm not sure it's a canonically good example, there's certainly more info in the `add_url_rule` docstring: https://github.com/pallets/flask/blob/master/flask/app.py#L962\n\nHopefully that's enough to get you started.\n"
        },
        {
            "url": "https://api.github.com/repos/pallets/flask/issues/comments/219692766",
            "html_url": "https://github.com/pallets/flask/issues/1809#issuecomment-219692766",
            "issue_url": "https://api.github.com/repos/pallets/flask/issues/1809",
            "id": 219692766,
            "node_id": "MDEyOklzc3VlQ29tbWVudDIxOTY5Mjc2Ng==",
            "user": {
                "login": "Sanjurjo7",
                "id": 9040826,
                "node_id": "MDQ6VXNlcjkwNDA4MjY=",
                "avatar_url": "https://avatars2.githubusercontent.com/u/9040826?v=4",
                "gravatar_id": "",
                "url": "https://api.github.com/users/Sanjurjo7",
                "html_url": "https://github.com/Sanjurjo7",
                "followers_url": "https://api.github.com/users/Sanjurjo7/followers",
                "following_url": "https://api.github.com/users/Sanjurjo7/following{/other_user}",
                "gists_url": "https://api.github.com/users/Sanjurjo7/gists{/gist_id}",
                "starred_url": "https://api.github.com/users/Sanjurjo7/starred{/owner}{/repo}",
                "subscriptions_url": "https://api.github.com/users/Sanjurjo7/subscriptions",
                "organizations_url": "https://api.github.com/users/Sanjurjo7/orgs",
                "repos_url": "https://api.github.com/users/Sanjurjo7/repos",
                "events_url": "https://api.github.com/users/Sanjurjo7/events{/privacy}",
                "received_events_url": "https://api.github.com/users/Sanjurjo7/received_events",
                "type": "User",
                "site_admin": false
            },
            "created_at": "2016-05-17T11:38:32Z",
            "updated_at": "2016-05-17T11:38:51Z",
            "author_association": "CONTRIBUTOR",
            "body": "Okay, this is what I've got:\n\n```\n\"\"\"Registers a blueprint on the application.\n        Blueprint name is passed in as first argument\n        options passed as additional keyword arguments\n        and forwarded to blueprints in the 'options' dict.\n        options include:\n                subdomain, url_prefix, url_defaults,\n                static_folder, static_url_path,\n                template_folder, root_path\n        All options set to None by default, (i.e.\n        static_folder=None, etc) and are handled by\n        blueprints.py\n        see :ref:blueprints for option usage\n\n        .. versionadded:: 0.7\n        \"\"\"\n```\n\nI'm new to contributing though, so I've got a named branch (iss1809_register_blueprint_docs) with commits, but I'm not sure how to start a pull request...\n"
        },
        {
            "url": "https://api.github.com/repos/pallets/flask/issues/comments/219695778",
            "html_url": "https://github.com/pallets/flask/issues/1809#issuecomment-219695778",
            "issue_url": "https://api.github.com/repos/pallets/flask/issues/1809",
            "id": 219695778,
            "node_id": "MDEyOklzc3VlQ29tbWVudDIxOTY5NTc3OA==",
            "user": {
                "login": "Sanjurjo7",
                "id": 9040826,
                "node_id": "MDQ6VXNlcjkwNDA4MjY=",
                "avatar_url": "https://avatars2.githubusercontent.com/u/9040826?v=4",
                "gravatar_id": "",
                "url": "https://api.github.com/users/Sanjurjo7",
                "html_url": "https://github.com/Sanjurjo7",
                "followers_url": "https://api.github.com/users/Sanjurjo7/followers",
                "following_url": "https://api.github.com/users/Sanjurjo7/following{/other_user}",
                "gists_url": "https://api.github.com/users/Sanjurjo7/gists{/gist_id}",
                "starred_url": "https://api.github.com/users/Sanjurjo7/starred{/owner}{/repo}",
                "subscriptions_url": "https://api.github.com/users/Sanjurjo7/subscriptions",
                "organizations_url": "https://api.github.com/users/Sanjurjo7/orgs",
                "repos_url": "https://api.github.com/users/Sanjurjo7/repos",
                "events_url": "https://api.github.com/users/Sanjurjo7/events{/privacy}",
                "received_events_url": "https://api.github.com/users/Sanjurjo7/received_events",
                "type": "User",
                "site_admin": false
            },
            "created_at": "2016-05-17T11:53:49Z",
            "updated_at": "2016-05-17T11:53:49Z",
            "author_association": "CONTRIBUTOR",
            "body": "Oh, sweet, nm, I think I figured it out.\n"
        },
        {
            "url": "https://api.github.com/repos/pallets/flask/issues/comments/220835144",
            "html_url": "https://github.com/pallets/flask/issues/1809#issuecomment-220835144",
            "issue_url": "https://api.github.com/repos/pallets/flask/issues/1809",
            "id": 220835144,
            "node_id": "MDEyOklzc3VlQ29tbWVudDIyMDgzNTE0NA==",
            "user": {
                "login": "Sanjurjo7",
                "id": 9040826,
                "node_id": "MDQ6VXNlcjkwNDA4MjY=",
                "avatar_url": "https://avatars2.githubusercontent.com/u/9040826?v=4",
                "gravatar_id": "",
                "url": "https://api.github.com/users/Sanjurjo7",
                "html_url": "https://github.com/Sanjurjo7",
                "followers_url": "https://api.github.com/users/Sanjurjo7/followers",
                "following_url": "https://api.github.com/users/Sanjurjo7/following{/other_user}",
                "gists_url": "https://api.github.com/users/Sanjurjo7/gists{/gist_id}",
                "starred_url": "https://api.github.com/users/Sanjurjo7/starred{/owner}{/repo}",
                "subscriptions_url": "https://api.github.com/users/Sanjurjo7/subscriptions",
                "organizations_url": "https://api.github.com/users/Sanjurjo7/orgs",
                "repos_url": "https://api.github.com/users/Sanjurjo7/repos",
                "events_url": "https://api.github.com/users/Sanjurjo7/events{/privacy}",
                "received_events_url": "https://api.github.com/users/Sanjurjo7/received_events",
                "type": "User",
                "site_admin": false
            },
            "created_at": "2016-05-22T14:23:24Z",
            "updated_at": "2016-05-22T14:23:24Z",
            "author_association": "CONTRIBUTOR",
            "body": "Done with this one. Pull #1811 got it. :^)\n"
        },
        {
            "url": "https://api.github.com/repos/pallets/flask/issues/comments/220835440",
            "html_url": "https://github.com/pallets/flask/issues/1809#issuecomment-220835440",
            "issue_url": "https://api.github.com/repos/pallets/flask/issues/1809",
            "id": 220835440,
            "node_id": "MDEyOklzc3VlQ29tbWVudDIyMDgzNTQ0MA==",
            "user": {
                "login": "JeromeJ",
                "id": 650065,
                "node_id": "MDQ6VXNlcjY1MDA2NQ==",
                "avatar_url": "https://avatars2.githubusercontent.com/u/650065?v=4",
                "gravatar_id": "",
                "url": "https://api.github.com/users/JeromeJ",
                "html_url": "https://github.com/JeromeJ",
                "followers_url": "https://api.github.com/users/JeromeJ/followers",
                "following_url": "https://api.github.com/users/JeromeJ/following{/other_user}",
                "gists_url": "https://api.github.com/users/JeromeJ/gists{/gist_id}",
                "starred_url": "https://api.github.com/users/JeromeJ/starred{/owner}{/repo}",
                "subscriptions_url": "https://api.github.com/users/JeromeJ/subscriptions",
                "organizations_url": "https://api.github.com/users/JeromeJ/orgs",
                "repos_url": "https://api.github.com/users/JeromeJ/repos",
                "events_url": "https://api.github.com/users/JeromeJ/events{/privacy}",
                "received_events_url": "https://api.github.com/users/JeromeJ/received_events",
                "type": "User",
                "site_admin": false
            },
            "created_at": "2016-05-22T14:29:36Z",
            "updated_at": "2016-05-22T14:29:36Z",
            "author_association": "NONE",
            "body": "Thanks for the hard work! I don't know if I would have been able to pull it off myself!\n"
        },
        {
            "url": "https://api.github.com/repos/pallets/flask/issues/comments/226010881",
            "html_url": "https://github.com/pallets/flask/issues/1809#issuecomment-226010881",
            "issue_url": "https://api.github.com/repos/pallets/flask/issues/1809",
            "id": 226010881,
            "node_id": "MDEyOklzc3VlQ29tbWVudDIyNjAxMDg4MQ==",
            "user": {
                "login": "untitaker",
                "id": 837573,
                "node_id": "MDQ6VXNlcjgzNzU3Mw==",
                "avatar_url": "https://avatars0.githubusercontent.com/u/837573?v=4",
                "gravatar_id": "",
                "url": "https://api.github.com/users/untitaker",
                "html_url": "https://github.com/untitaker",
                "followers_url": "https://api.github.com/users/untitaker/followers",
                "following_url": "https://api.github.com/users/untitaker/following{/other_user}",
                "gists_url": "https://api.github.com/users/untitaker/gists{/gist_id}",
                "starred_url": "https://api.github.com/users/untitaker/starred{/owner}{/repo}",
                "subscriptions_url": "https://api.github.com/users/untitaker/subscriptions",
                "organizations_url": "https://api.github.com/users/untitaker/orgs",
                "repos_url": "https://api.github.com/users/untitaker/repos",
                "events_url": "https://api.github.com/users/untitaker/events{/privacy}",
                "received_events_url": "https://api.github.com/users/untitaker/received_events",
                "type": "User",
                "site_admin": false
            },
            "created_at": "2016-06-14T20:46:31Z",
            "updated_at": "2016-06-14T20:46:31Z",
            "author_association": "MEMBER",
            "body": "I'm reopening this issue because #1811 contains incorrect information and was reverted in #1912\n"
        }
    ]
}