{
    "url": "https://api.github.com/repos/pallets/flask/issues/1811",
    "repository_url": "https://api.github.com/repos/pallets/flask",
    "labels_url": "https://api.github.com/repos/pallets/flask/issues/1811/labels{/name}",
    "comments_url": "https://api.github.com/repos/pallets/flask/issues/1811/comments",
    "events_url": "https://api.github.com/repos/pallets/flask/issues/1811/events",
    "html_url": "https://github.com/pallets/flask/pull/1811",
    "id": 155240946,
    "node_id": "MDExOlB1bGxSZXF1ZXN0NzAzNDM2MTA=",
    "number": 1811,
    "title": "Addressing Issue 1809",
    "user": {
        "login": "Sanjurjo7",
        "id": 9040826,
        "node_id": "MDQ6VXNlcjkwNDA4MjY=",
        "avatar_url": "https://avatars2.githubusercontent.com/u/9040826?v=4",
        "gravatar_id": "",
        "url": "https://api.github.com/users/Sanjurjo7",
        "html_url": "https://github.com/Sanjurjo7",
        "followers_url": "https://api.github.com/users/Sanjurjo7/followers",
        "following_url": "https://api.github.com/users/Sanjurjo7/following{/other_user}",
        "gists_url": "https://api.github.com/users/Sanjurjo7/gists{/gist_id}",
        "starred_url": "https://api.github.com/users/Sanjurjo7/starred{/owner}{/repo}",
        "subscriptions_url": "https://api.github.com/users/Sanjurjo7/subscriptions",
        "organizations_url": "https://api.github.com/users/Sanjurjo7/orgs",
        "repos_url": "https://api.github.com/users/Sanjurjo7/repos",
        "events_url": "https://api.github.com/users/Sanjurjo7/events{/privacy}",
        "received_events_url": "https://api.github.com/users/Sanjurjo7/received_events",
        "type": "User",
        "site_admin": false
    },
    "labels": [],
    "state": "closed",
    "locked": false,
    "assignee": {
        "login": "davidism",
        "id": 1242887,
        "node_id": "MDQ6VXNlcjEyNDI4ODc=",
        "avatar_url": "https://avatars1.githubusercontent.com/u/1242887?v=4",
        "gravatar_id": "",
        "url": "https://api.github.com/users/davidism",
        "html_url": "https://github.com/davidism",
        "followers_url": "https://api.github.com/users/davidism/followers",
        "following_url": "https://api.github.com/users/davidism/following{/other_user}",
        "gists_url": "https://api.github.com/users/davidism/gists{/gist_id}",
        "starred_url": "https://api.github.com/users/davidism/starred{/owner}{/repo}",
        "subscriptions_url": "https://api.github.com/users/davidism/subscriptions",
        "organizations_url": "https://api.github.com/users/davidism/orgs",
        "repos_url": "https://api.github.com/users/davidism/repos",
        "events_url": "https://api.github.com/users/davidism/events{/privacy}",
        "received_events_url": "https://api.github.com/users/davidism/received_events",
        "type": "User",
        "site_admin": false
    },
    "assignees": [
        {
            "login": "davidism",
            "id": 1242887,
            "node_id": "MDQ6VXNlcjEyNDI4ODc=",
            "avatar_url": "https://avatars1.githubusercontent.com/u/1242887?v=4",
            "gravatar_id": "",
            "url": "https://api.github.com/users/davidism",
            "html_url": "https://github.com/davidism",
            "followers_url": "https://api.github.com/users/davidism/followers",
            "following_url": "https://api.github.com/users/davidism/following{/other_user}",
            "gists_url": "https://api.github.com/users/davidism/gists{/gist_id}",
            "starred_url": "https://api.github.com/users/davidism/starred{/owner}{/repo}",
            "subscriptions_url": "https://api.github.com/users/davidism/subscriptions",
            "organizations_url": "https://api.github.com/users/davidism/orgs",
            "repos_url": "https://api.github.com/users/davidism/repos",
            "events_url": "https://api.github.com/users/davidism/events{/privacy}",
            "received_events_url": "https://api.github.com/users/davidism/received_events",
            "type": "User",
            "site_admin": false
        }
    ],
    "milestone": null,
    "comments": 13,
    "created_at": "2016-05-17T11:53:08Z",
    "updated_at": "2016-06-14T21:31:54Z",
    "closed_at": "2016-05-22T14:09:21Z",
    "author_association": "CONTRIBUTOR",
    "pull_request": {
        "url": "https://api.github.com/repos/pallets/flask/pulls/1811",
        "html_url": "https://github.com/pallets/flask/pull/1811",
        "diff_url": "https://github.com/pallets/flask/pull/1811.diff",
        "patch_url": "https://github.com/pallets/flask/pull/1811.patch"
    },
    "body": "Added to docstring for Flask.register_blueprint to clarify kwargs.  Was unsure of the conventions for using :ref: but figured this fit, please let me know if there's a better way to do that.\n",
    "comments_inline": [
        {
            "url": "https://api.github.com/repos/pallets/flask/issues/comments/219789585",
            "html_url": "https://github.com/pallets/flask/pull/1811#issuecomment-219789585",
            "issue_url": "https://api.github.com/repos/pallets/flask/issues/1811",
            "id": 219789585,
            "node_id": "MDEyOklzc3VlQ29tbWVudDIxOTc4OTU4NQ==",
            "user": {
                "login": "jeffwidman",
                "id": 483314,
                "node_id": "MDQ6VXNlcjQ4MzMxNA==",
                "avatar_url": "https://avatars2.githubusercontent.com/u/483314?v=4",
                "gravatar_id": "",
                "url": "https://api.github.com/users/jeffwidman",
                "html_url": "https://github.com/jeffwidman",
                "followers_url": "https://api.github.com/users/jeffwidman/followers",
                "following_url": "https://api.github.com/users/jeffwidman/following{/other_user}",
                "gists_url": "https://api.github.com/users/jeffwidman/gists{/gist_id}",
                "starred_url": "https://api.github.com/users/jeffwidman/starred{/owner}{/repo}",
                "subscriptions_url": "https://api.github.com/users/jeffwidman/subscriptions",
                "organizations_url": "https://api.github.com/users/jeffwidman/orgs",
                "repos_url": "https://api.github.com/users/jeffwidman/repos",
                "events_url": "https://api.github.com/users/jeffwidman/events{/privacy}",
                "received_events_url": "https://api.github.com/users/jeffwidman/received_events",
                "type": "User",
                "site_admin": false
            },
            "created_at": "2016-05-17T17:20:06Z",
            "updated_at": "2016-05-17T17:20:06Z",
            "author_association": "MEMBER",
            "body": "You should review PEP 257, as there are a couple of docstring conventions you're missing.\n"
        },
        {
            "url": "https://api.github.com/repos/pallets/flask/issues/comments/219795889",
            "html_url": "https://github.com/pallets/flask/pull/1811#issuecomment-219795889",
            "issue_url": "https://api.github.com/repos/pallets/flask/issues/1811",
            "id": 219795889,
            "node_id": "MDEyOklzc3VlQ29tbWVudDIxOTc5NTg4OQ==",
            "user": {
                "login": "Sanjurjo7",
                "id": 9040826,
                "node_id": "MDQ6VXNlcjkwNDA4MjY=",
                "avatar_url": "https://avatars2.githubusercontent.com/u/9040826?v=4",
                "gravatar_id": "",
                "url": "https://api.github.com/users/Sanjurjo7",
                "html_url": "https://github.com/Sanjurjo7",
                "followers_url": "https://api.github.com/users/Sanjurjo7/followers",
                "following_url": "https://api.github.com/users/Sanjurjo7/following{/other_user}",
                "gists_url": "https://api.github.com/users/Sanjurjo7/gists{/gist_id}",
                "starred_url": "https://api.github.com/users/Sanjurjo7/starred{/owner}{/repo}",
                "subscriptions_url": "https://api.github.com/users/Sanjurjo7/subscriptions",
                "organizations_url": "https://api.github.com/users/Sanjurjo7/orgs",
                "repos_url": "https://api.github.com/users/Sanjurjo7/repos",
                "events_url": "https://api.github.com/users/Sanjurjo7/events{/privacy}",
                "received_events_url": "https://api.github.com/users/Sanjurjo7/received_events",
                "type": "User",
                "site_admin": false
            },
            "created_at": "2016-05-17T17:40:49Z",
            "updated_at": "2016-05-22T13:33:25Z",
            "author_association": "CONTRIBUTOR",
            "body": "Got it. Thanks for the reference, will give it an update this evening.\n"
        },
        {
            "url": "https://api.github.com/repos/pallets/flask/issues/comments/220704441",
            "html_url": "https://github.com/pallets/flask/pull/1811#issuecomment-220704441",
            "issue_url": "https://api.github.com/repos/pallets/flask/issues/1811",
            "id": 220704441,
            "node_id": "MDEyOklzc3VlQ29tbWVudDIyMDcwNDQ0MQ==",
            "user": {
                "login": "ThiefMaster",
                "id": 179599,
                "node_id": "MDQ6VXNlcjE3OTU5OQ==",
                "avatar_url": "https://avatars1.githubusercontent.com/u/179599?v=4",
                "gravatar_id": "",
                "url": "https://api.github.com/users/ThiefMaster",
                "html_url": "https://github.com/ThiefMaster",
                "followers_url": "https://api.github.com/users/ThiefMaster/followers",
                "following_url": "https://api.github.com/users/ThiefMaster/following{/other_user}",
                "gists_url": "https://api.github.com/users/ThiefMaster/gists{/gist_id}",
                "starred_url": "https://api.github.com/users/ThiefMaster/starred{/owner}{/repo}",
                "subscriptions_url": "https://api.github.com/users/ThiefMaster/subscriptions",
                "organizations_url": "https://api.github.com/users/ThiefMaster/orgs",
                "repos_url": "https://api.github.com/users/ThiefMaster/repos",
                "events_url": "https://api.github.com/users/ThiefMaster/events{/privacy}",
                "received_events_url": "https://api.github.com/users/ThiefMaster/received_events",
                "type": "User",
                "site_admin": false
            },
            "created_at": "2016-05-20T20:00:11Z",
            "updated_at": "2016-05-20T20:00:50Z",
            "author_association": "MEMBER",
            "body": "The first word should be \"Register\" (command-style)\n\n> The docstring is a phrase ending in a period. It prescribes the function or method's effect as a command (\"Do this\", \"Return that\"), not as a description; e.g. don't write \"Returns the pathname ...\". \n\nThe code-ish parts should be wrapped in double backticks to format them as code (maybe run sphinx and build the docs locally to look at the results)\n"
        },
        {
            "url": "https://api.github.com/repos/pallets/flask/issues/comments/220710817",
            "html_url": "https://github.com/pallets/flask/pull/1811#issuecomment-220710817",
            "issue_url": "https://api.github.com/repos/pallets/flask/issues/1811",
            "id": 220710817,
            "node_id": "MDEyOklzc3VlQ29tbWVudDIyMDcxMDgxNw==",
            "user": {
                "login": "davidism",
                "id": 1242887,
                "node_id": "MDQ6VXNlcjEyNDI4ODc=",
                "avatar_url": "https://avatars1.githubusercontent.com/u/1242887?v=4",
                "gravatar_id": "",
                "url": "https://api.github.com/users/davidism",
                "html_url": "https://github.com/davidism",
                "followers_url": "https://api.github.com/users/davidism/followers",
                "following_url": "https://api.github.com/users/davidism/following{/other_user}",
                "gists_url": "https://api.github.com/users/davidism/gists{/gist_id}",
                "starred_url": "https://api.github.com/users/davidism/starred{/owner}{/repo}",
                "subscriptions_url": "https://api.github.com/users/davidism/subscriptions",
                "organizations_url": "https://api.github.com/users/davidism/orgs",
                "repos_url": "https://api.github.com/users/davidism/repos",
                "events_url": "https://api.github.com/users/davidism/events{/privacy}",
                "received_events_url": "https://api.github.com/users/davidism/received_events",
                "type": "User",
                "site_admin": false
            },
            "created_at": "2016-05-20T20:29:47Z",
            "updated_at": "2016-05-20T20:30:06Z",
            "author_association": "MEMBER",
            "body": "I appreciate the effort, but this isn't ready to merge.  This doesn't read at all like the other docs.  It has multiple grammar issues.  It's not formatted correctly.  Please review other documentation examples.\n"
        },
        {
            "url": "https://api.github.com/repos/pallets/flask/issues/comments/220727875",
            "html_url": "https://github.com/pallets/flask/pull/1811#issuecomment-220727875",
            "issue_url": "https://api.github.com/repos/pallets/flask/issues/1811",
            "id": 220727875,
            "node_id": "MDEyOklzc3VlQ29tbWVudDIyMDcyNzg3NQ==",
            "user": {
                "login": "Sanjurjo7",
                "id": 9040826,
                "node_id": "MDQ6VXNlcjkwNDA4MjY=",
                "avatar_url": "https://avatars2.githubusercontent.com/u/9040826?v=4",
                "gravatar_id": "",
                "url": "https://api.github.com/users/Sanjurjo7",
                "html_url": "https://github.com/Sanjurjo7",
                "followers_url": "https://api.github.com/users/Sanjurjo7/followers",
                "following_url": "https://api.github.com/users/Sanjurjo7/following{/other_user}",
                "gists_url": "https://api.github.com/users/Sanjurjo7/gists{/gist_id}",
                "starred_url": "https://api.github.com/users/Sanjurjo7/starred{/owner}{/repo}",
                "subscriptions_url": "https://api.github.com/users/Sanjurjo7/subscriptions",
                "organizations_url": "https://api.github.com/users/Sanjurjo7/orgs",
                "repos_url": "https://api.github.com/users/Sanjurjo7/repos",
                "events_url": "https://api.github.com/users/Sanjurjo7/events{/privacy}",
                "received_events_url": "https://api.github.com/users/Sanjurjo7/received_events",
                "type": "User",
                "site_admin": false
            },
            "created_at": "2016-05-20T21:56:04Z",
            "updated_at": "2016-05-20T21:56:04Z",
            "author_association": "CONTRIBUTOR",
            "body": "I'm replacing the references to the kwargs with :param kwarg: is that the bit you mean should be set apart with double backticks @ThiefMaster?\n"
        },
        {
            "url": "https://api.github.com/repos/pallets/flask/issues/comments/220734271",
            "html_url": "https://github.com/pallets/flask/pull/1811#issuecomment-220734271",
            "issue_url": "https://api.github.com/repos/pallets/flask/issues/1811",
            "id": 220734271,
            "node_id": "MDEyOklzc3VlQ29tbWVudDIyMDczNDI3MQ==",
            "user": {
                "login": "Sanjurjo7",
                "id": 9040826,
                "node_id": "MDQ6VXNlcjkwNDA4MjY=",
                "avatar_url": "https://avatars2.githubusercontent.com/u/9040826?v=4",
                "gravatar_id": "",
                "url": "https://api.github.com/users/Sanjurjo7",
                "html_url": "https://github.com/Sanjurjo7",
                "followers_url": "https://api.github.com/users/Sanjurjo7/followers",
                "following_url": "https://api.github.com/users/Sanjurjo7/following{/other_user}",
                "gists_url": "https://api.github.com/users/Sanjurjo7/gists{/gist_id}",
                "starred_url": "https://api.github.com/users/Sanjurjo7/starred{/owner}{/repo}",
                "subscriptions_url": "https://api.github.com/users/Sanjurjo7/subscriptions",
                "organizations_url": "https://api.github.com/users/Sanjurjo7/orgs",
                "repos_url": "https://api.github.com/users/Sanjurjo7/repos",
                "events_url": "https://api.github.com/users/Sanjurjo7/events{/privacy}",
                "received_events_url": "https://api.github.com/users/Sanjurjo7/received_events",
                "type": "User",
                "site_admin": false
            },
            "created_at": "2016-05-20T22:33:54Z",
            "updated_at": "2016-05-22T13:32:51Z",
            "author_association": "CONTRIBUTOR",
            "body": "How's that. Read up on reST in Sphinx, but I'm not sure how to run Sphinx locally, honestly.\n"
        },
        {
            "url": "https://api.github.com/repos/pallets/flask/issues/comments/220734445",
            "html_url": "https://github.com/pallets/flask/pull/1811#issuecomment-220734445",
            "issue_url": "https://api.github.com/repos/pallets/flask/issues/1811",
            "id": 220734445,
            "node_id": "MDEyOklzc3VlQ29tbWVudDIyMDczNDQ0NQ==",
            "user": {
                "login": "ThiefMaster",
                "id": 179599,
                "node_id": "MDQ6VXNlcjE3OTU5OQ==",
                "avatar_url": "https://avatars1.githubusercontent.com/u/179599?v=4",
                "gravatar_id": "",
                "url": "https://api.github.com/users/ThiefMaster",
                "html_url": "https://github.com/ThiefMaster",
                "followers_url": "https://api.github.com/users/ThiefMaster/followers",
                "following_url": "https://api.github.com/users/ThiefMaster/following{/other_user}",
                "gists_url": "https://api.github.com/users/ThiefMaster/gists{/gist_id}",
                "starred_url": "https://api.github.com/users/ThiefMaster/starred{/owner}{/repo}",
                "subscriptions_url": "https://api.github.com/users/ThiefMaster/subscriptions",
                "organizations_url": "https://api.github.com/users/ThiefMaster/orgs",
                "repos_url": "https://api.github.com/users/ThiefMaster/repos",
                "events_url": "https://api.github.com/users/ThiefMaster/events{/privacy}",
                "received_events_url": "https://api.github.com/users/ThiefMaster/received_events",
                "type": "User",
                "site_admin": false
            },
            "created_at": "2016-05-20T22:35:01Z",
            "updated_at": "2016-05-20T22:35:01Z",
            "author_association": "MEMBER",
            "body": "You just install it using pip and then use the Makefile in the `docs` folder to build the HTML docs by running `make html`\n"
        },
        {
            "url": "https://api.github.com/repos/pallets/flask/issues/comments/220745729",
            "html_url": "https://github.com/pallets/flask/pull/1811#issuecomment-220745729",
            "issue_url": "https://api.github.com/repos/pallets/flask/issues/1811",
            "id": 220745729,
            "node_id": "MDEyOklzc3VlQ29tbWVudDIyMDc0NTcyOQ==",
            "user": {
                "login": "Sanjurjo7",
                "id": 9040826,
                "node_id": "MDQ6VXNlcjkwNDA4MjY=",
                "avatar_url": "https://avatars2.githubusercontent.com/u/9040826?v=4",
                "gravatar_id": "",
                "url": "https://api.github.com/users/Sanjurjo7",
                "html_url": "https://github.com/Sanjurjo7",
                "followers_url": "https://api.github.com/users/Sanjurjo7/followers",
                "following_url": "https://api.github.com/users/Sanjurjo7/following{/other_user}",
                "gists_url": "https://api.github.com/users/Sanjurjo7/gists{/gist_id}",
                "starred_url": "https://api.github.com/users/Sanjurjo7/starred{/owner}{/repo}",
                "subscriptions_url": "https://api.github.com/users/Sanjurjo7/subscriptions",
                "organizations_url": "https://api.github.com/users/Sanjurjo7/orgs",
                "repos_url": "https://api.github.com/users/Sanjurjo7/repos",
                "events_url": "https://api.github.com/users/Sanjurjo7/events{/privacy}",
                "received_events_url": "https://api.github.com/users/Sanjurjo7/received_events",
                "type": "User",
                "site_admin": false
            },
            "created_at": "2016-05-21T00:10:46Z",
            "updated_at": "2016-05-21T00:10:46Z",
            "author_association": "CONTRIBUTOR",
            "body": "Okay, this format is much better, but I need to know how to get that line with the reference to the blueprints page set up correctly. What did I do wrong there?\n"
        },
        {
            "url": "https://api.github.com/repos/pallets/flask/issues/comments/220834417",
            "html_url": "https://github.com/pallets/flask/pull/1811#issuecomment-220834417",
            "issue_url": "https://api.github.com/repos/pallets/flask/issues/1811",
            "id": 220834417,
            "node_id": "MDEyOklzc3VlQ29tbWVudDIyMDgzNDQxNw==",
            "user": {
                "login": "davidism",
                "id": 1242887,
                "node_id": "MDQ6VXNlcjEyNDI4ODc=",
                "avatar_url": "https://avatars1.githubusercontent.com/u/1242887?v=4",
                "gravatar_id": "",
                "url": "https://api.github.com/users/davidism",
                "html_url": "https://github.com/davidism",
                "followers_url": "https://api.github.com/users/davidism/followers",
                "following_url": "https://api.github.com/users/davidism/following{/other_user}",
                "gists_url": "https://api.github.com/users/davidism/gists{/gist_id}",
                "starred_url": "https://api.github.com/users/davidism/starred{/owner}{/repo}",
                "subscriptions_url": "https://api.github.com/users/davidism/subscriptions",
                "organizations_url": "https://api.github.com/users/davidism/orgs",
                "repos_url": "https://api.github.com/users/davidism/repos",
                "events_url": "https://api.github.com/users/davidism/events{/privacy}",
                "received_events_url": "https://api.github.com/users/davidism/received_events",
                "type": "User",
                "site_admin": false
            },
            "created_at": "2016-05-22T14:08:50Z",
            "updated_at": "2016-05-22T14:08:50Z",
            "author_association": "MEMBER",
            "body": "I'm going to merge this, then move it over to the documentation for `Blueprint`, and clean up a few other things.  Thanks for the initiative.\n"
        },
        {
            "url": "https://api.github.com/repos/pallets/flask/issues/comments/220834729",
            "html_url": "https://github.com/pallets/flask/pull/1811#issuecomment-220834729",
            "issue_url": "https://api.github.com/repos/pallets/flask/issues/1811",
            "id": 220834729,
            "node_id": "MDEyOklzc3VlQ29tbWVudDIyMDgzNDcyOQ==",
            "user": {
                "login": "Sanjurjo7",
                "id": 9040826,
                "node_id": "MDQ6VXNlcjkwNDA4MjY=",
                "avatar_url": "https://avatars2.githubusercontent.com/u/9040826?v=4",
                "gravatar_id": "",
                "url": "https://api.github.com/users/Sanjurjo7",
                "html_url": "https://github.com/Sanjurjo7",
                "followers_url": "https://api.github.com/users/Sanjurjo7/followers",
                "following_url": "https://api.github.com/users/Sanjurjo7/following{/other_user}",
                "gists_url": "https://api.github.com/users/Sanjurjo7/gists{/gist_id}",
                "starred_url": "https://api.github.com/users/Sanjurjo7/starred{/owner}{/repo}",
                "subscriptions_url": "https://api.github.com/users/Sanjurjo7/subscriptions",
                "organizations_url": "https://api.github.com/users/Sanjurjo7/orgs",
                "repos_url": "https://api.github.com/users/Sanjurjo7/repos",
                "events_url": "https://api.github.com/users/Sanjurjo7/events{/privacy}",
                "received_events_url": "https://api.github.com/users/Sanjurjo7/received_events",
                "type": "User",
                "site_admin": false
            },
            "created_at": "2016-05-22T14:15:05Z",
            "updated_at": "2016-05-22T14:15:05Z",
            "author_association": "CONTRIBUTOR",
            "body": "It was a good learning experience for me, thanks for all the feedback!\n"
        },
        {
            "url": "https://api.github.com/repos/pallets/flask/issues/comments/225396696",
            "html_url": "https://github.com/pallets/flask/pull/1811#issuecomment-225396696",
            "issue_url": "https://api.github.com/repos/pallets/flask/issues/1811",
            "id": 225396696,
            "node_id": "MDEyOklzc3VlQ29tbWVudDIyNTM5NjY5Ng==",
            "user": {
                "login": "geusebi",
                "id": 1700752,
                "node_id": "MDQ6VXNlcjE3MDA3NTI=",
                "avatar_url": "https://avatars3.githubusercontent.com/u/1700752?v=4",
                "gravatar_id": "",
                "url": "https://api.github.com/users/geusebi",
                "html_url": "https://github.com/geusebi",
                "followers_url": "https://api.github.com/users/geusebi/followers",
                "following_url": "https://api.github.com/users/geusebi/following{/other_user}",
                "gists_url": "https://api.github.com/users/geusebi/gists{/gist_id}",
                "starred_url": "https://api.github.com/users/geusebi/starred{/owner}{/repo}",
                "subscriptions_url": "https://api.github.com/users/geusebi/subscriptions",
                "organizations_url": "https://api.github.com/users/geusebi/orgs",
                "repos_url": "https://api.github.com/users/geusebi/repos",
                "events_url": "https://api.github.com/users/geusebi/events{/privacy}",
                "received_events_url": "https://api.github.com/users/geusebi/received_events",
                "type": "User",
                "site_admin": false
            },
            "created_at": "2016-06-11T21:56:35Z",
            "updated_at": "2016-06-11T21:57:43Z",
            "author_association": "CONTRIBUTOR",
            "body": "Maybe that's a stupid question but, do `register_blueprint` actually handle `root_path`, `template_folder` and so on? Also why the first argument is the name of the blueprint? Shouldn't it be the actual blueprint?\nThis docstring looks more like a good docstring for the `Blueprint` constructor.\nFeel free to ignore this post if I'm wrong :)\nGE\n"
        },
        {
            "url": "https://api.github.com/repos/pallets/flask/issues/comments/226009513",
            "html_url": "https://github.com/pallets/flask/pull/1811#issuecomment-226009513",
            "issue_url": "https://api.github.com/repos/pallets/flask/issues/1811",
            "id": 226009513,
            "node_id": "MDEyOklzc3VlQ29tbWVudDIyNjAwOTUxMw==",
            "user": {
                "login": "untitaker",
                "id": 837573,
                "node_id": "MDQ6VXNlcjgzNzU3Mw==",
                "avatar_url": "https://avatars0.githubusercontent.com/u/837573?v=4",
                "gravatar_id": "",
                "url": "https://api.github.com/users/untitaker",
                "html_url": "https://github.com/untitaker",
                "followers_url": "https://api.github.com/users/untitaker/followers",
                "following_url": "https://api.github.com/users/untitaker/following{/other_user}",
                "gists_url": "https://api.github.com/users/untitaker/gists{/gist_id}",
                "starred_url": "https://api.github.com/users/untitaker/starred{/owner}{/repo}",
                "subscriptions_url": "https://api.github.com/users/untitaker/subscriptions",
                "organizations_url": "https://api.github.com/users/untitaker/orgs",
                "repos_url": "https://api.github.com/users/untitaker/repos",
                "events_url": "https://api.github.com/users/untitaker/events{/privacy}",
                "received_events_url": "https://api.github.com/users/untitaker/received_events",
                "type": "User",
                "site_admin": false
            },
            "created_at": "2016-06-14T20:41:34Z",
            "updated_at": "2016-06-14T20:41:34Z",
            "author_association": "MEMBER",
            "body": "This PR seems to be completely incorrect as `blueprint.name` is accessed further below.\n"
        },
        {
            "url": "https://api.github.com/repos/pallets/flask/issues/comments/226010162",
            "html_url": "https://github.com/pallets/flask/pull/1811#issuecomment-226010162",
            "issue_url": "https://api.github.com/repos/pallets/flask/issues/1811",
            "id": 226010162,
            "node_id": "MDEyOklzc3VlQ29tbWVudDIyNjAxMDE2Mg==",
            "user": {
                "login": "untitaker",
                "id": 837573,
                "node_id": "MDQ6VXNlcjgzNzU3Mw==",
                "avatar_url": "https://avatars0.githubusercontent.com/u/837573?v=4",
                "gravatar_id": "",
                "url": "https://api.github.com/users/untitaker",
                "html_url": "https://github.com/untitaker",
                "followers_url": "https://api.github.com/users/untitaker/followers",
                "following_url": "https://api.github.com/users/untitaker/following{/other_user}",
                "gists_url": "https://api.github.com/users/untitaker/gists{/gist_id}",
                "starred_url": "https://api.github.com/users/untitaker/starred{/owner}{/repo}",
                "subscriptions_url": "https://api.github.com/users/untitaker/subscriptions",
                "organizations_url": "https://api.github.com/users/untitaker/orgs",
                "repos_url": "https://api.github.com/users/untitaker/repos",
                "events_url": "https://api.github.com/users/untitaker/events{/privacy}",
                "received_events_url": "https://api.github.com/users/untitaker/received_events",
                "type": "User",
                "site_admin": false
            },
            "created_at": "2016-06-14T20:43:51Z",
            "updated_at": "2016-06-14T20:43:51Z",
            "author_association": "MEMBER",
            "body": "@davidism Could you take a look at this again?\n"
        }
    ]
}