{
    "url": "https://api.github.com/repos/pallets/flask/issues/1812",
    "repository_url": "https://api.github.com/repos/pallets/flask",
    "labels_url": "https://api.github.com/repos/pallets/flask/issues/1812/labels{/name}",
    "comments_url": "https://api.github.com/repos/pallets/flask/issues/1812/comments",
    "events_url": "https://api.github.com/repos/pallets/flask/issues/1812/events",
    "html_url": "https://github.com/pallets/flask/pull/1812",
    "id": 156036407,
    "node_id": "MDExOlB1bGxSZXF1ZXN0NzA5MDY2Nzg=",
    "number": 1812,
    "title": "turn 2 prints to py2/py3 compatible syntax",
    "user": {
        "login": "fchapoton",
        "id": 5454848,
        "node_id": "MDQ6VXNlcjU0NTQ4NDg=",
        "avatar_url": "https://avatars2.githubusercontent.com/u/5454848?v=4",
        "gravatar_id": "",
        "url": "https://api.github.com/users/fchapoton",
        "html_url": "https://github.com/fchapoton",
        "followers_url": "https://api.github.com/users/fchapoton/followers",
        "following_url": "https://api.github.com/users/fchapoton/following{/other_user}",
        "gists_url": "https://api.github.com/users/fchapoton/gists{/gist_id}",
        "starred_url": "https://api.github.com/users/fchapoton/starred{/owner}{/repo}",
        "subscriptions_url": "https://api.github.com/users/fchapoton/subscriptions",
        "organizations_url": "https://api.github.com/users/fchapoton/orgs",
        "repos_url": "https://api.github.com/users/fchapoton/repos",
        "events_url": "https://api.github.com/users/fchapoton/events{/privacy}",
        "received_events_url": "https://api.github.com/users/fchapoton/received_events",
        "type": "User",
        "site_admin": false
    },
    "labels": [],
    "state": "closed",
    "locked": false,
    "assignee": null,
    "assignees": [],
    "milestone": null,
    "comments": 0,
    "created_at": "2016-05-20T19:38:08Z",
    "updated_at": "2016-05-20T19:57:10Z",
    "closed_at": "2016-05-20T19:57:10Z",
    "author_association": "CONTRIBUTOR",
    "pull_request": {
        "url": "https://api.github.com/repos/pallets/flask/pulls/1812",
        "html_url": "https://github.com/pallets/flask/pull/1812",
        "diff_url": "https://github.com/pallets/flask/pull/1812.diff",
        "patch_url": "https://github.com/pallets/flask/pull/1812.patch"
    },
    "body": "as my very modest contribution towards python3\n"
}