{
    "url": "https://api.github.com/repos/pallets/flask/issues/1816",
    "repository_url": "https://api.github.com/repos/pallets/flask",
    "labels_url": "https://api.github.com/repos/pallets/flask/issues/1816/labels{/name}",
    "comments_url": "https://api.github.com/repos/pallets/flask/issues/1816/comments",
    "events_url": "https://api.github.com/repos/pallets/flask/issues/1816/events",
    "html_url": "https://github.com/pallets/flask/issues/1816",
    "id": 156205820,
    "node_id": "MDU6SXNzdWUxNTYyMDU4MjA=",
    "number": 1816,
    "title": "Reference to Flask 1.0 in Flask 0.10 docs",
    "user": {
        "login": "roganov",
        "id": 1858503,
        "node_id": "MDQ6VXNlcjE4NTg1MDM=",
        "avatar_url": "https://avatars2.githubusercontent.com/u/1858503?v=4",
        "gravatar_id": "",
        "url": "https://api.github.com/users/roganov",
        "html_url": "https://github.com/roganov",
        "followers_url": "https://api.github.com/users/roganov/followers",
        "following_url": "https://api.github.com/users/roganov/following{/other_user}",
        "gists_url": "https://api.github.com/users/roganov/gists{/gist_id}",
        "starred_url": "https://api.github.com/users/roganov/starred{/owner}{/repo}",
        "subscriptions_url": "https://api.github.com/users/roganov/subscriptions",
        "organizations_url": "https://api.github.com/users/roganov/orgs",
        "repos_url": "https://api.github.com/users/roganov/repos",
        "events_url": "https://api.github.com/users/roganov/events{/privacy}",
        "received_events_url": "https://api.github.com/users/roganov/received_events",
        "type": "User",
        "site_admin": false
    },
    "labels": [
        {
            "id": 32876,
            "node_id": "MDU6TGFiZWwzMjg3Ng==",
            "url": "https://api.github.com/repos/pallets/flask/labels/docs",
            "name": "docs",
            "color": "0e8a16",
            "default": false,
            "description": null
        }
    ],
    "state": "closed",
    "locked": false,
    "assignee": {
        "login": "mitsuhiko",
        "id": 7396,
        "node_id": "MDQ6VXNlcjczOTY=",
        "avatar_url": "https://avatars1.githubusercontent.com/u/7396?v=4",
        "gravatar_id": "",
        "url": "https://api.github.com/users/mitsuhiko",
        "html_url": "https://github.com/mitsuhiko",
        "followers_url": "https://api.github.com/users/mitsuhiko/followers",
        "following_url": "https://api.github.com/users/mitsuhiko/following{/other_user}",
        "gists_url": "https://api.github.com/users/mitsuhiko/gists{/gist_id}",
        "starred_url": "https://api.github.com/users/mitsuhiko/starred{/owner}{/repo}",
        "subscriptions_url": "https://api.github.com/users/mitsuhiko/subscriptions",
        "organizations_url": "https://api.github.com/users/mitsuhiko/orgs",
        "repos_url": "https://api.github.com/users/mitsuhiko/repos",
        "events_url": "https://api.github.com/users/mitsuhiko/events{/privacy}",
        "received_events_url": "https://api.github.com/users/mitsuhiko/received_events",
        "type": "User",
        "site_admin": false
    },
    "assignees": [
        {
            "login": "mitsuhiko",
            "id": 7396,
            "node_id": "MDQ6VXNlcjczOTY=",
            "avatar_url": "https://avatars1.githubusercontent.com/u/7396?v=4",
            "gravatar_id": "",
            "url": "https://api.github.com/users/mitsuhiko",
            "html_url": "https://github.com/mitsuhiko",
            "followers_url": "https://api.github.com/users/mitsuhiko/followers",
            "following_url": "https://api.github.com/users/mitsuhiko/following{/other_user}",
            "gists_url": "https://api.github.com/users/mitsuhiko/gists{/gist_id}",
            "starred_url": "https://api.github.com/users/mitsuhiko/starred{/owner}{/repo}",
            "subscriptions_url": "https://api.github.com/users/mitsuhiko/subscriptions",
            "organizations_url": "https://api.github.com/users/mitsuhiko/orgs",
            "repos_url": "https://api.github.com/users/mitsuhiko/repos",
            "events_url": "https://api.github.com/users/mitsuhiko/events{/privacy}",
            "received_events_url": "https://api.github.com/users/mitsuhiko/received_events",
            "type": "User",
            "site_admin": false
        }
    ],
    "milestone": null,
    "comments": 2,
    "created_at": "2016-05-23T06:03:00Z",
    "updated_at": "2016-05-26T19:30:17Z",
    "closed_at": "2016-05-26T19:30:17Z",
    "author_association": "NONE",
    "body": "I think there shouldn't be reference to future (not released) versions in current docs, it's very confusing.\n\nhttp://flask.pocoo.org/docs/0.10/server/\n\n> Starting with Flask 1.0 there are multiple built-in ways to run a development server. \n\nAlso http://flask.pocoo.org/docs/0.10/cli/#cli link is broken.\n",
    "comments_inline": [
        {
            "url": "https://api.github.com/repos/pallets/flask/issues/comments/220967397",
            "html_url": "https://github.com/pallets/flask/issues/1816#issuecomment-220967397",
            "issue_url": "https://api.github.com/repos/pallets/flask/issues/1816",
            "id": 220967397,
            "node_id": "MDEyOklzc3VlQ29tbWVudDIyMDk2NzM5Nw==",
            "user": {
                "login": "untitaker",
                "id": 837573,
                "node_id": "MDQ6VXNlcjgzNzU3Mw==",
                "avatar_url": "https://avatars0.githubusercontent.com/u/837573?v=4",
                "gravatar_id": "",
                "url": "https://api.github.com/users/untitaker",
                "html_url": "https://github.com/untitaker",
                "followers_url": "https://api.github.com/users/untitaker/followers",
                "following_url": "https://api.github.com/users/untitaker/following{/other_user}",
                "gists_url": "https://api.github.com/users/untitaker/gists{/gist_id}",
                "starred_url": "https://api.github.com/users/untitaker/starred{/owner}{/repo}",
                "subscriptions_url": "https://api.github.com/users/untitaker/subscriptions",
                "organizations_url": "https://api.github.com/users/untitaker/orgs",
                "repos_url": "https://api.github.com/users/untitaker/repos",
                "events_url": "https://api.github.com/users/untitaker/events{/privacy}",
                "received_events_url": "https://api.github.com/users/untitaker/received_events",
                "type": "User",
                "site_admin": false
            },
            "created_at": "2016-05-23T12:33:32Z",
            "updated_at": "2016-05-23T12:33:32Z",
            "author_association": "MEMBER",
            "body": "I have no idea how this ended up here. @mitsuhiko?\n"
        },
        {
            "url": "https://api.github.com/repos/pallets/flask/issues/comments/221970555",
            "html_url": "https://github.com/pallets/flask/issues/1816#issuecomment-221970555",
            "issue_url": "https://api.github.com/repos/pallets/flask/issues/1816",
            "id": 221970555,
            "node_id": "MDEyOklzc3VlQ29tbWVudDIyMTk3MDU1NQ==",
            "user": {
                "login": "mitsuhiko",
                "id": 7396,
                "node_id": "MDQ6VXNlcjczOTY=",
                "avatar_url": "https://avatars1.githubusercontent.com/u/7396?v=4",
                "gravatar_id": "",
                "url": "https://api.github.com/users/mitsuhiko",
                "html_url": "https://github.com/mitsuhiko",
                "followers_url": "https://api.github.com/users/mitsuhiko/followers",
                "following_url": "https://api.github.com/users/mitsuhiko/following{/other_user}",
                "gists_url": "https://api.github.com/users/mitsuhiko/gists{/gist_id}",
                "starred_url": "https://api.github.com/users/mitsuhiko/starred{/owner}{/repo}",
                "subscriptions_url": "https://api.github.com/users/mitsuhiko/subscriptions",
                "organizations_url": "https://api.github.com/users/mitsuhiko/orgs",
                "repos_url": "https://api.github.com/users/mitsuhiko/repos",
                "events_url": "https://api.github.com/users/mitsuhiko/events{/privacy}",
                "received_events_url": "https://api.github.com/users/mitsuhiko/received_events",
                "type": "User",
                "site_admin": false
            },
            "created_at": "2016-05-26T19:30:17Z",
            "updated_at": "2016-05-26T19:30:17Z",
            "author_association": "MEMBER",
            "body": "Not even sure. But 0.11 is out very soon now so this should be fixed with that.\n"
        }
    ]
}