{
    "url": "https://api.github.com/repos/pallets/flask/issues/1817",
    "repository_url": "https://api.github.com/repos/pallets/flask",
    "labels_url": "https://api.github.com/repos/pallets/flask/issues/1817/labels{/name}",
    "comments_url": "https://api.github.com/repos/pallets/flask/issues/1817/comments",
    "events_url": "https://api.github.com/repos/pallets/flask/issues/1817/events",
    "html_url": "https://github.com/pallets/flask/issues/1817",
    "id": 156270277,
    "node_id": "MDU6SXNzdWUxNTYyNzAyNzc=",
    "number": 1817,
    "title": "Unify versionadded markers (0.11 vs 1.0)",
    "user": {
        "login": "ThiefMaster",
        "id": 179599,
        "node_id": "MDQ6VXNlcjE3OTU5OQ==",
        "avatar_url": "https://avatars1.githubusercontent.com/u/179599?v=4",
        "gravatar_id": "",
        "url": "https://api.github.com/users/ThiefMaster",
        "html_url": "https://github.com/ThiefMaster",
        "followers_url": "https://api.github.com/users/ThiefMaster/followers",
        "following_url": "https://api.github.com/users/ThiefMaster/following{/other_user}",
        "gists_url": "https://api.github.com/users/ThiefMaster/gists{/gist_id}",
        "starred_url": "https://api.github.com/users/ThiefMaster/starred{/owner}{/repo}",
        "subscriptions_url": "https://api.github.com/users/ThiefMaster/subscriptions",
        "organizations_url": "https://api.github.com/users/ThiefMaster/orgs",
        "repos_url": "https://api.github.com/users/ThiefMaster/repos",
        "events_url": "https://api.github.com/users/ThiefMaster/events{/privacy}",
        "received_events_url": "https://api.github.com/users/ThiefMaster/received_events",
        "type": "User",
        "site_admin": false
    },
    "labels": [
        {
            "id": 170296925,
            "node_id": "MDU6TGFiZWwxNzAyOTY5MjU=",
            "url": "https://api.github.com/repos/pallets/flask/labels/good%20first%20issue",
            "name": "good first issue",
            "color": "fbca04",
            "default": true,
            "description": null
        }
    ],
    "state": "closed",
    "locked": false,
    "assignee": {
        "login": "mitsuhiko",
        "id": 7396,
        "node_id": "MDQ6VXNlcjczOTY=",
        "avatar_url": "https://avatars1.githubusercontent.com/u/7396?v=4",
        "gravatar_id": "",
        "url": "https://api.github.com/users/mitsuhiko",
        "html_url": "https://github.com/mitsuhiko",
        "followers_url": "https://api.github.com/users/mitsuhiko/followers",
        "following_url": "https://api.github.com/users/mitsuhiko/following{/other_user}",
        "gists_url": "https://api.github.com/users/mitsuhiko/gists{/gist_id}",
        "starred_url": "https://api.github.com/users/mitsuhiko/starred{/owner}{/repo}",
        "subscriptions_url": "https://api.github.com/users/mitsuhiko/subscriptions",
        "organizations_url": "https://api.github.com/users/mitsuhiko/orgs",
        "repos_url": "https://api.github.com/users/mitsuhiko/repos",
        "events_url": "https://api.github.com/users/mitsuhiko/events{/privacy}",
        "received_events_url": "https://api.github.com/users/mitsuhiko/received_events",
        "type": "User",
        "site_admin": false
    },
    "assignees": [
        {
            "login": "mitsuhiko",
            "id": 7396,
            "node_id": "MDQ6VXNlcjczOTY=",
            "avatar_url": "https://avatars1.githubusercontent.com/u/7396?v=4",
            "gravatar_id": "",
            "url": "https://api.github.com/users/mitsuhiko",
            "html_url": "https://github.com/mitsuhiko",
            "followers_url": "https://api.github.com/users/mitsuhiko/followers",
            "following_url": "https://api.github.com/users/mitsuhiko/following{/other_user}",
            "gists_url": "https://api.github.com/users/mitsuhiko/gists{/gist_id}",
            "starred_url": "https://api.github.com/users/mitsuhiko/starred{/owner}{/repo}",
            "subscriptions_url": "https://api.github.com/users/mitsuhiko/subscriptions",
            "organizations_url": "https://api.github.com/users/mitsuhiko/orgs",
            "repos_url": "https://api.github.com/users/mitsuhiko/repos",
            "events_url": "https://api.github.com/users/mitsuhiko/events{/privacy}",
            "received_events_url": "https://api.github.com/users/mitsuhiko/received_events",
            "type": "User",
            "site_admin": false
        }
    ],
    "milestone": {
        "url": "https://api.github.com/repos/pallets/flask/milestones/1",
        "html_url": "https://github.com/pallets/flask/milestone/1",
        "labels_url": "https://api.github.com/repos/pallets/flask/milestones/1/labels",
        "id": 105809,
        "node_id": "MDk6TWlsZXN0b25lMTA1ODA5",
        "number": 1,
        "title": "0.11",
        "description": "This milestone tracks the next major release. This might be 1.0, but I'd like to have a clear distinction from things that break backwards compat.",
        "creator": {
            "login": "mitsuhiko",
            "id": 7396,
            "node_id": "MDQ6VXNlcjczOTY=",
            "avatar_url": "https://avatars1.githubusercontent.com/u/7396?v=4",
            "gravatar_id": "",
            "url": "https://api.github.com/users/mitsuhiko",
            "html_url": "https://github.com/mitsuhiko",
            "followers_url": "https://api.github.com/users/mitsuhiko/followers",
            "following_url": "https://api.github.com/users/mitsuhiko/following{/other_user}",
            "gists_url": "https://api.github.com/users/mitsuhiko/gists{/gist_id}",
            "starred_url": "https://api.github.com/users/mitsuhiko/starred{/owner}{/repo}",
            "subscriptions_url": "https://api.github.com/users/mitsuhiko/subscriptions",
            "organizations_url": "https://api.github.com/users/mitsuhiko/orgs",
            "repos_url": "https://api.github.com/users/mitsuhiko/repos",
            "events_url": "https://api.github.com/users/mitsuhiko/events{/privacy}",
            "received_events_url": "https://api.github.com/users/mitsuhiko/received_events",
            "type": "User",
            "site_admin": false
        },
        "open_issues": 0,
        "closed_issues": 11,
        "state": "closed",
        "created_at": "2012-04-09T17:04:23Z",
        "updated_at": "2016-06-01T21:17:37Z",
        "due_on": null,
        "closed_at": "2016-06-01T21:17:37Z"
    },
    "comments": 1,
    "created_at": "2016-05-23T12:35:53Z",
    "updated_at": "2016-05-23T12:43:42Z",
    "closed_at": "2016-05-23T12:43:42Z",
    "author_association": "MEMBER",
    "body": "There are a few `versionadded::` markers that point to 1.0 - those should be changed to 0.11 for that release.\n",
    "comments_inline": [
        {
            "url": "https://api.github.com/repos/pallets/flask/issues/comments/220968252",
            "html_url": "https://github.com/pallets/flask/issues/1817#issuecomment-220968252",
            "issue_url": "https://api.github.com/repos/pallets/flask/issues/1817",
            "id": 220968252,
            "node_id": "MDEyOklzc3VlQ29tbWVudDIyMDk2ODI1Mg==",
            "user": {
                "login": "mitsuhiko",
                "id": 7396,
                "node_id": "MDQ6VXNlcjczOTY=",
                "avatar_url": "https://avatars1.githubusercontent.com/u/7396?v=4",
                "gravatar_id": "",
                "url": "https://api.github.com/users/mitsuhiko",
                "html_url": "https://github.com/mitsuhiko",
                "followers_url": "https://api.github.com/users/mitsuhiko/followers",
                "following_url": "https://api.github.com/users/mitsuhiko/following{/other_user}",
                "gists_url": "https://api.github.com/users/mitsuhiko/gists{/gist_id}",
                "starred_url": "https://api.github.com/users/mitsuhiko/starred{/owner}{/repo}",
                "subscriptions_url": "https://api.github.com/users/mitsuhiko/subscriptions",
                "organizations_url": "https://api.github.com/users/mitsuhiko/orgs",
                "repos_url": "https://api.github.com/users/mitsuhiko/repos",
                "events_url": "https://api.github.com/users/mitsuhiko/events{/privacy}",
                "received_events_url": "https://api.github.com/users/mitsuhiko/received_events",
                "type": "User",
                "site_admin": false
            },
            "created_at": "2016-05-23T12:37:53Z",
            "updated_at": "2016-05-23T12:37:53Z",
            "author_association": "MEMBER",
            "body": "Feel free to grab it. Just assigning so I do not forget.\n"
        }
    ]
}