{
    "url": "https://api.github.com/repos/pallets/flask/issues/1818",
    "repository_url": "https://api.github.com/repos/pallets/flask",
    "labels_url": "https://api.github.com/repos/pallets/flask/issues/1818/labels{/name}",
    "comments_url": "https://api.github.com/repos/pallets/flask/issues/1818/comments",
    "events_url": "https://api.github.com/repos/pallets/flask/issues/1818/events",
    "html_url": "https://github.com/pallets/flask/pull/1818",
    "id": 156585287,
    "node_id": "MDExOlB1bGxSZXF1ZXN0NzEyNzUyOTE=",
    "number": 1818,
    "title": "fix docstring",
    "user": {
        "login": "pywarrior",
        "id": 3812726,
        "node_id": "MDQ6VXNlcjM4MTI3MjY=",
        "avatar_url": "https://avatars1.githubusercontent.com/u/3812726?v=4",
        "gravatar_id": "",
        "url": "https://api.github.com/users/pywarrior",
        "html_url": "https://github.com/pywarrior",
        "followers_url": "https://api.github.com/users/pywarrior/followers",
        "following_url": "https://api.github.com/users/pywarrior/following{/other_user}",
        "gists_url": "https://api.github.com/users/pywarrior/gists{/gist_id}",
        "starred_url": "https://api.github.com/users/pywarrior/starred{/owner}{/repo}",
        "subscriptions_url": "https://api.github.com/users/pywarrior/subscriptions",
        "organizations_url": "https://api.github.com/users/pywarrior/orgs",
        "repos_url": "https://api.github.com/users/pywarrior/repos",
        "events_url": "https://api.github.com/users/pywarrior/events{/privacy}",
        "received_events_url": "https://api.github.com/users/pywarrior/received_events",
        "type": "User",
        "site_admin": false
    },
    "labels": [],
    "state": "closed",
    "locked": false,
    "assignee": null,
    "assignees": [],
    "milestone": null,
    "comments": 1,
    "created_at": "2016-05-24T19:06:14Z",
    "updated_at": "2016-05-24T19:06:34Z",
    "closed_at": "2016-05-24T19:06:34Z",
    "author_association": "CONTRIBUTOR",
    "pull_request": {
        "url": "https://api.github.com/repos/pallets/flask/pulls/1818",
        "html_url": "https://github.com/pallets/flask/pull/1818",
        "diff_url": "https://github.com/pallets/flask/pull/1818.diff",
        "patch_url": "https://github.com/pallets/flask/pull/1818.patch"
    },
    "body": "change string to docstring\n",
    "comments_inline": [
        {
            "url": "https://api.github.com/repos/pallets/flask/issues/comments/221371768",
            "html_url": "https://github.com/pallets/flask/pull/1818#issuecomment-221371768",
            "issue_url": "https://api.github.com/repos/pallets/flask/issues/1818",
            "id": 221371768,
            "node_id": "MDEyOklzc3VlQ29tbWVudDIyMTM3MTc2OA==",
            "user": {
                "login": "untitaker",
                "id": 837573,
                "node_id": "MDQ6VXNlcjgzNzU3Mw==",
                "avatar_url": "https://avatars0.githubusercontent.com/u/837573?v=4",
                "gravatar_id": "",
                "url": "https://api.github.com/users/untitaker",
                "html_url": "https://github.com/untitaker",
                "followers_url": "https://api.github.com/users/untitaker/followers",
                "following_url": "https://api.github.com/users/untitaker/following{/other_user}",
                "gists_url": "https://api.github.com/users/untitaker/gists{/gist_id}",
                "starred_url": "https://api.github.com/users/untitaker/starred{/owner}{/repo}",
                "subscriptions_url": "https://api.github.com/users/untitaker/subscriptions",
                "organizations_url": "https://api.github.com/users/untitaker/orgs",
                "repos_url": "https://api.github.com/users/untitaker/repos",
                "events_url": "https://api.github.com/users/untitaker/events{/privacy}",
                "received_events_url": "https://api.github.com/users/untitaker/received_events",
                "type": "User",
                "site_admin": false
            },
            "created_at": "2016-05-24T19:06:33Z",
            "updated_at": "2016-05-24T19:06:33Z",
            "author_association": "MEMBER",
            "body": "Thanks!\n"
        }
    ]
}