{
    "url": "https://api.github.com/repos/pallets/flask/issues/1819",
    "repository_url": "https://api.github.com/repos/pallets/flask",
    "labels_url": "https://api.github.com/repos/pallets/flask/issues/1819/labels{/name}",
    "comments_url": "https://api.github.com/repos/pallets/flask/issues/1819/comments",
    "events_url": "https://api.github.com/repos/pallets/flask/issues/1819/events",
    "html_url": "https://github.com/pallets/flask/pull/1819",
    "id": 156767072,
    "node_id": "MDExOlB1bGxSZXF1ZXN0NzE0MDI4NDA=",
    "number": 1819,
    "title": "fix bug in example/flaskr/flaskr.py",
    "user": {
        "login": "a112121788",
        "id": 1457920,
        "node_id": "MDQ6VXNlcjE0NTc5MjA=",
        "avatar_url": "https://avatars3.githubusercontent.com/u/1457920?v=4",
        "gravatar_id": "",
        "url": "https://api.github.com/users/a112121788",
        "html_url": "https://github.com/a112121788",
        "followers_url": "https://api.github.com/users/a112121788/followers",
        "following_url": "https://api.github.com/users/a112121788/following{/other_user}",
        "gists_url": "https://api.github.com/users/a112121788/gists{/gist_id}",
        "starred_url": "https://api.github.com/users/a112121788/starred{/owner}{/repo}",
        "subscriptions_url": "https://api.github.com/users/a112121788/subscriptions",
        "organizations_url": "https://api.github.com/users/a112121788/orgs",
        "repos_url": "https://api.github.com/users/a112121788/repos",
        "events_url": "https://api.github.com/users/a112121788/events{/privacy}",
        "received_events_url": "https://api.github.com/users/a112121788/received_events",
        "type": "User",
        "site_admin": false
    },
    "labels": [],
    "state": "closed",
    "locked": false,
    "assignee": null,
    "assignees": [],
    "milestone": null,
    "comments": 2,
    "created_at": "2016-05-25T14:36:09Z",
    "updated_at": "2016-05-25T23:39:16Z",
    "closed_at": "2016-05-25T16:01:08Z",
    "author_association": "NONE",
    "pull_request": {
        "url": "https://api.github.com/repos/pallets/flask/pulls/1819",
        "html_url": "https://github.com/pallets/flask/pull/1819",
        "diff_url": "https://github.com/pallets/flask/pull/1819.diff",
        "patch_url": "https://github.com/pallets/flask/pull/1819.patch"
    },
    "body": "",
    "comments_inline": [
        {
            "url": "https://api.github.com/repos/pallets/flask/issues/comments/221623051",
            "html_url": "https://github.com/pallets/flask/pull/1819#issuecomment-221623051",
            "issue_url": "https://api.github.com/repos/pallets/flask/issues/1819",
            "id": 221623051,
            "node_id": "MDEyOklzc3VlQ29tbWVudDIyMTYyMzA1MQ==",
            "user": {
                "login": "davidism",
                "id": 1242887,
                "node_id": "MDQ6VXNlcjEyNDI4ODc=",
                "avatar_url": "https://avatars1.githubusercontent.com/u/1242887?v=4",
                "gravatar_id": "",
                "url": "https://api.github.com/users/davidism",
                "html_url": "https://github.com/davidism",
                "followers_url": "https://api.github.com/users/davidism/followers",
                "following_url": "https://api.github.com/users/davidism/following{/other_user}",
                "gists_url": "https://api.github.com/users/davidism/gists{/gist_id}",
                "starred_url": "https://api.github.com/users/davidism/starred{/owner}{/repo}",
                "subscriptions_url": "https://api.github.com/users/davidism/subscriptions",
                "organizations_url": "https://api.github.com/users/davidism/orgs",
                "repos_url": "https://api.github.com/users/davidism/repos",
                "events_url": "https://api.github.com/users/davidism/events{/privacy}",
                "received_events_url": "https://api.github.com/users/davidism/received_events",
                "type": "User",
                "site_admin": false
            },
            "created_at": "2016-05-25T16:01:08Z",
            "updated_at": "2016-05-25T16:01:08Z",
            "author_association": "MEMBER",
            "body": "This is not a bug.  Flask master has the cli built in, Flask-CLI is a backport for earlier versions.\n"
        },
        {
            "url": "https://api.github.com/repos/pallets/flask/issues/comments/221739180",
            "html_url": "https://github.com/pallets/flask/pull/1819#issuecomment-221739180",
            "issue_url": "https://api.github.com/repos/pallets/flask/issues/1819",
            "id": 221739180,
            "node_id": "MDEyOklzc3VlQ29tbWVudDIyMTczOTE4MA==",
            "user": {
                "login": "a112121788",
                "id": 1457920,
                "node_id": "MDQ6VXNlcjE0NTc5MjA=",
                "avatar_url": "https://avatars3.githubusercontent.com/u/1457920?v=4",
                "gravatar_id": "",
                "url": "https://api.github.com/users/a112121788",
                "html_url": "https://github.com/a112121788",
                "followers_url": "https://api.github.com/users/a112121788/followers",
                "following_url": "https://api.github.com/users/a112121788/following{/other_user}",
                "gists_url": "https://api.github.com/users/a112121788/gists{/gist_id}",
                "starred_url": "https://api.github.com/users/a112121788/starred{/owner}{/repo}",
                "subscriptions_url": "https://api.github.com/users/a112121788/subscriptions",
                "organizations_url": "https://api.github.com/users/a112121788/orgs",
                "repos_url": "https://api.github.com/users/a112121788/repos",
                "events_url": "https://api.github.com/users/a112121788/events{/privacy}",
                "received_events_url": "https://api.github.com/users/a112121788/received_events",
                "type": "User",
                "site_admin": false
            },
            "created_at": "2016-05-25T23:39:16Z",
            "updated_at": "2016-05-25T23:39:16Z",
            "author_association": "NONE",
            "body": "oh , I see\n"
        }
    ]
}