{
    "url": "https://api.github.com/repos/pallets/flask/issues/1951",
    "repository_url": "https://api.github.com/repos/pallets/flask",
    "labels_url": "https://api.github.com/repos/pallets/flask/issues/1951/labels{/name}",
    "comments_url": "https://api.github.com/repos/pallets/flask/issues/1951/comments",
    "events_url": "https://api.github.com/repos/pallets/flask/issues/1951/events",
    "html_url": "https://github.com/pallets/flask/pull/1951",
    "id": 164680258,
    "node_id": "MDExOlB1bGxSZXF1ZXN0NzY4NTQxNDk=",
    "number": 1951,
    "title": "close <li> tag in lines (16,18)",
    "user": {
        "login": "ahmedakef",
        "id": 13125847,
        "node_id": "MDQ6VXNlcjEzMTI1ODQ3",
        "avatar_url": "https://avatars3.githubusercontent.com/u/13125847?v=4",
        "gravatar_id": "",
        "url": "https://api.github.com/users/ahmedakef",
        "html_url": "https://github.com/ahmedakef",
        "followers_url": "https://api.github.com/users/ahmedakef/followers",
        "following_url": "https://api.github.com/users/ahmedakef/following{/other_user}",
        "gists_url": "https://api.github.com/users/ahmedakef/gists{/gist_id}",
        "starred_url": "https://api.github.com/users/ahmedakef/starred{/owner}{/repo}",
        "subscriptions_url": "https://api.github.com/users/ahmedakef/subscriptions",
        "organizations_url": "https://api.github.com/users/ahmedakef/orgs",
        "repos_url": "https://api.github.com/users/ahmedakef/repos",
        "events_url": "https://api.github.com/users/ahmedakef/events{/privacy}",
        "received_events_url": "https://api.github.com/users/ahmedakef/received_events",
        "type": "User",
        "site_admin": false
    },
    "labels": [],
    "state": "closed",
    "locked": false,
    "assignee": null,
    "assignees": [],
    "milestone": null,
    "comments": 5,
    "created_at": "2016-07-09T18:52:33Z",
    "updated_at": "2016-07-28T21:48:33Z",
    "closed_at": "2016-07-28T20:46:42Z",
    "author_association": "CONTRIBUTOR",
    "pull_request": {
        "url": "https://api.github.com/repos/pallets/flask/pulls/1951",
        "html_url": "https://github.com/pallets/flask/pull/1951",
        "diff_url": "https://github.com/pallets/flask/pull/1951.diff",
        "patch_url": "https://github.com/pallets/flask/pull/1951.patch"
    },
    "body": "![screenshot from 2016-07-09 21-51-02](https://cloud.githubusercontent.com/assets/13125847/16709636/47f25eb0-461f-11e6-9fa5-885cba578f6b.png)\ni noticed that `<li>` tag haven't closed in lines 15,18 \nwhich is bad practice as if i put `some thing : h1> some text /h1>` in the text-area  all the other articles become h1> so big and color blue\n",
    "comments_inline": [
        {
            "url": "https://api.github.com/repos/pallets/flask/issues/comments/236020124",
            "html_url": "https://github.com/pallets/flask/pull/1951#issuecomment-236020124",
            "issue_url": "https://api.github.com/repos/pallets/flask/issues/1951",
            "id": 236020124,
            "node_id": "MDEyOklzc3VlQ29tbWVudDIzNjAyMDEyNA==",
            "user": {
                "login": "untitaker",
                "id": 837573,
                "node_id": "MDQ6VXNlcjgzNzU3Mw==",
                "avatar_url": "https://avatars0.githubusercontent.com/u/837573?v=4",
                "gravatar_id": "",
                "url": "https://api.github.com/users/untitaker",
                "html_url": "https://github.com/untitaker",
                "followers_url": "https://api.github.com/users/untitaker/followers",
                "following_url": "https://api.github.com/users/untitaker/following{/other_user}",
                "gists_url": "https://api.github.com/users/untitaker/gists{/gist_id}",
                "starred_url": "https://api.github.com/users/untitaker/starred{/owner}{/repo}",
                "subscriptions_url": "https://api.github.com/users/untitaker/subscriptions",
                "organizations_url": "https://api.github.com/users/untitaker/orgs",
                "repos_url": "https://api.github.com/users/untitaker/repos",
                "events_url": "https://api.github.com/users/untitaker/events{/privacy}",
                "received_events_url": "https://api.github.com/users/untitaker/received_events",
                "type": "User",
                "site_admin": false
            },
            "created_at": "2016-07-28T20:46:46Z",
            "updated_at": "2016-07-28T20:46:46Z",
            "author_association": "MEMBER",
            "body": "Thanks!\n"
        },
        {
            "url": "https://api.github.com/repos/pallets/flask/issues/comments/236033336",
            "html_url": "https://github.com/pallets/flask/pull/1951#issuecomment-236033336",
            "issue_url": "https://api.github.com/repos/pallets/flask/issues/1951",
            "id": 236033336,
            "node_id": "MDEyOklzc3VlQ29tbWVudDIzNjAzMzMzNg==",
            "user": {
                "login": "davidism",
                "id": 1242887,
                "node_id": "MDQ6VXNlcjEyNDI4ODc=",
                "avatar_url": "https://avatars1.githubusercontent.com/u/1242887?v=4",
                "gravatar_id": "",
                "url": "https://api.github.com/users/davidism",
                "html_url": "https://github.com/davidism",
                "followers_url": "https://api.github.com/users/davidism/followers",
                "following_url": "https://api.github.com/users/davidism/following{/other_user}",
                "gists_url": "https://api.github.com/users/davidism/gists{/gist_id}",
                "starred_url": "https://api.github.com/users/davidism/starred{/owner}{/repo}",
                "subscriptions_url": "https://api.github.com/users/davidism/subscriptions",
                "organizations_url": "https://api.github.com/users/davidism/orgs",
                "repos_url": "https://api.github.com/users/davidism/repos",
                "events_url": "https://api.github.com/users/davidism/events{/privacy}",
                "received_events_url": "https://api.github.com/users/davidism/received_events",
                "type": "User",
                "site_admin": false
            },
            "created_at": "2016-07-28T21:39:18Z",
            "updated_at": "2016-07-28T21:39:32Z",
            "author_association": "MEMBER",
            "body": "Didn't we just go through this and make @mitsuhiko sad a couple weeks ago by merging a similar request?  Closing tags are not required for `li`, and the style throughout is to omit them.\n"
        },
        {
            "url": "https://api.github.com/repos/pallets/flask/issues/comments/236033817",
            "html_url": "https://github.com/pallets/flask/pull/1951#issuecomment-236033817",
            "issue_url": "https://api.github.com/repos/pallets/flask/issues/1951",
            "id": 236033817,
            "node_id": "MDEyOklzc3VlQ29tbWVudDIzNjAzMzgxNw==",
            "user": {
                "login": "davidism",
                "id": 1242887,
                "node_id": "MDQ6VXNlcjEyNDI4ODc=",
                "avatar_url": "https://avatars1.githubusercontent.com/u/1242887?v=4",
                "gravatar_id": "",
                "url": "https://api.github.com/users/davidism",
                "html_url": "https://github.com/davidism",
                "followers_url": "https://api.github.com/users/davidism/followers",
                "following_url": "https://api.github.com/users/davidism/following{/other_user}",
                "gists_url": "https://api.github.com/users/davidism/gists{/gist_id}",
                "starred_url": "https://api.github.com/users/davidism/starred{/owner}{/repo}",
                "subscriptions_url": "https://api.github.com/users/davidism/subscriptions",
                "organizations_url": "https://api.github.com/users/davidism/orgs",
                "repos_url": "https://api.github.com/users/davidism/repos",
                "events_url": "https://api.github.com/users/davidism/events{/privacy}",
                "received_events_url": "https://api.github.com/users/davidism/received_events",
                "type": "User",
                "site_admin": false
            },
            "created_at": "2016-07-28T21:41:11Z",
            "updated_at": "2016-07-28T21:42:01Z",
            "author_association": "MEMBER",
            "body": "The issue here is marking user input safe, not omitting optional close tags.  This was most likely intentional, since the example is for making a blog, where it's doubtful you would attack yourself with malicious input.\n"
        },
        {
            "url": "https://api.github.com/repos/pallets/flask/issues/comments/236034444",
            "html_url": "https://github.com/pallets/flask/pull/1951#issuecomment-236034444",
            "issue_url": "https://api.github.com/repos/pallets/flask/issues/1951",
            "id": 236034444,
            "node_id": "MDEyOklzc3VlQ29tbWVudDIzNjAzNDQ0NA==",
            "user": {
                "login": "untitaker",
                "id": 837573,
                "node_id": "MDQ6VXNlcjgzNzU3Mw==",
                "avatar_url": "https://avatars0.githubusercontent.com/u/837573?v=4",
                "gravatar_id": "",
                "url": "https://api.github.com/users/untitaker",
                "html_url": "https://github.com/untitaker",
                "followers_url": "https://api.github.com/users/untitaker/followers",
                "following_url": "https://api.github.com/users/untitaker/following{/other_user}",
                "gists_url": "https://api.github.com/users/untitaker/gists{/gist_id}",
                "starred_url": "https://api.github.com/users/untitaker/starred{/owner}{/repo}",
                "subscriptions_url": "https://api.github.com/users/untitaker/subscriptions",
                "organizations_url": "https://api.github.com/users/untitaker/orgs",
                "repos_url": "https://api.github.com/users/untitaker/repos",
                "events_url": "https://api.github.com/users/untitaker/events{/privacy}",
                "received_events_url": "https://api.github.com/users/untitaker/received_events",
                "type": "User",
                "site_admin": false
            },
            "created_at": "2016-07-28T21:43:41Z",
            "updated_at": "2016-07-28T21:43:41Z",
            "author_association": "MEMBER",
            "body": "I think it's warranted here. The (non-security) issue here is that a (accidentally) malformed blog entry can break the layout of the entire site.\n"
        },
        {
            "url": "https://api.github.com/repos/pallets/flask/issues/comments/236035618",
            "html_url": "https://github.com/pallets/flask/pull/1951#issuecomment-236035618",
            "issue_url": "https://api.github.com/repos/pallets/flask/issues/1951",
            "id": 236035618,
            "node_id": "MDEyOklzc3VlQ29tbWVudDIzNjAzNTYxOA==",
            "user": {
                "login": "untitaker",
                "id": 837573,
                "node_id": "MDQ6VXNlcjgzNzU3Mw==",
                "avatar_url": "https://avatars0.githubusercontent.com/u/837573?v=4",
                "gravatar_id": "",
                "url": "https://api.github.com/users/untitaker",
                "html_url": "https://github.com/untitaker",
                "followers_url": "https://api.github.com/users/untitaker/followers",
                "following_url": "https://api.github.com/users/untitaker/following{/other_user}",
                "gists_url": "https://api.github.com/users/untitaker/gists{/gist_id}",
                "starred_url": "https://api.github.com/users/untitaker/starred{/owner}{/repo}",
                "subscriptions_url": "https://api.github.com/users/untitaker/subscriptions",
                "organizations_url": "https://api.github.com/users/untitaker/orgs",
                "repos_url": "https://api.github.com/users/untitaker/repos",
                "events_url": "https://api.github.com/users/untitaker/events{/privacy}",
                "received_events_url": "https://api.github.com/users/untitaker/received_events",
                "type": "User",
                "site_admin": false
            },
            "created_at": "2016-07-28T21:48:33Z",
            "updated_at": "2016-07-28T21:48:33Z",
            "author_association": "MEMBER",
            "body": "(which is possible in either case, but omitting the `li` tag makes it too easy)\n"
        }
    ]
}