{
    "url": "https://api.github.com/repos/pallets/flask/issues/1953",
    "repository_url": "https://api.github.com/repos/pallets/flask",
    "labels_url": "https://api.github.com/repos/pallets/flask/issues/1953/labels{/name}",
    "comments_url": "https://api.github.com/repos/pallets/flask/issues/1953/comments",
    "events_url": "https://api.github.com/repos/pallets/flask/issues/1953/events",
    "html_url": "https://github.com/pallets/flask/pull/1953",
    "id": 165137328,
    "node_id": "MDExOlB1bGxSZXF1ZXN0NzcxNjAyNjc=",
    "number": 1953,
    "title": "Update minitwit & improve testing for examples",
    "user": {
        "login": "wgwz",
        "id": 10120306,
        "node_id": "MDQ6VXNlcjEwMTIwMzA2",
        "avatar_url": "https://avatars2.githubusercontent.com/u/10120306?v=4",
        "gravatar_id": "",
        "url": "https://api.github.com/users/wgwz",
        "html_url": "https://github.com/wgwz",
        "followers_url": "https://api.github.com/users/wgwz/followers",
        "following_url": "https://api.github.com/users/wgwz/following{/other_user}",
        "gists_url": "https://api.github.com/users/wgwz/gists{/gist_id}",
        "starred_url": "https://api.github.com/users/wgwz/starred{/owner}{/repo}",
        "subscriptions_url": "https://api.github.com/users/wgwz/subscriptions",
        "organizations_url": "https://api.github.com/users/wgwz/orgs",
        "repos_url": "https://api.github.com/users/wgwz/repos",
        "events_url": "https://api.github.com/users/wgwz/events{/privacy}",
        "received_events_url": "https://api.github.com/users/wgwz/received_events",
        "type": "User",
        "site_admin": false
    },
    "labels": [],
    "state": "closed",
    "locked": false,
    "assignee": null,
    "assignees": [],
    "milestone": null,
    "comments": 4,
    "created_at": "2016-07-12T17:42:49Z",
    "updated_at": "2016-07-12T18:53:56Z",
    "closed_at": "2016-07-12T17:52:28Z",
    "author_association": "CONTRIBUTOR",
    "pull_request": {
        "url": "https://api.github.com/repos/pallets/flask/pulls/1953",
        "html_url": "https://github.com/pallets/flask/pull/1953",
        "diff_url": "https://github.com/pallets/flask/pull/1953.diff",
        "patch_url": "https://github.com/pallets/flask/pull/1953.patch"
    },
    "body": "- Related to #1945\n- Re-works minitwit to be installed and run as:\n  \n  pip install --editable .\n  export FLASK_APP=minitwit.minitwit\n  export FLASK_DEBUG=1\n  flask initdb\n  flask run\n- added flaskr and minitwit to norecursedirs\n  - tests not properly run when using pytest standards\n  - see: http://stackoverflow.com/questions/38313171/configuring-pytest-with-installable-examples-in-a-project\n- Both flaskr and minitwit now follow pytest standards.\n- Tests can for them as `py.test` or `python setup.py test`\n",
    "comments_inline": [
        {
            "url": "https://api.github.com/repos/pallets/flask/issues/comments/232125747",
            "html_url": "https://github.com/pallets/flask/pull/1953#issuecomment-232125747",
            "issue_url": "https://api.github.com/repos/pallets/flask/issues/1953",
            "id": 232125747,
            "node_id": "MDEyOklzc3VlQ29tbWVudDIzMjEyNTc0Nw==",
            "user": {
                "login": "wgwz",
                "id": 10120306,
                "node_id": "MDQ6VXNlcjEwMTIwMzA2",
                "avatar_url": "https://avatars2.githubusercontent.com/u/10120306?v=4",
                "gravatar_id": "",
                "url": "https://api.github.com/users/wgwz",
                "html_url": "https://github.com/wgwz",
                "followers_url": "https://api.github.com/users/wgwz/followers",
                "following_url": "https://api.github.com/users/wgwz/following{/other_user}",
                "gists_url": "https://api.github.com/users/wgwz/gists{/gist_id}",
                "starred_url": "https://api.github.com/users/wgwz/starred{/owner}{/repo}",
                "subscriptions_url": "https://api.github.com/users/wgwz/subscriptions",
                "organizations_url": "https://api.github.com/users/wgwz/orgs",
                "repos_url": "https://api.github.com/users/wgwz/repos",
                "events_url": "https://api.github.com/users/wgwz/events{/privacy}",
                "received_events_url": "https://api.github.com/users/wgwz/received_events",
                "type": "User",
                "site_admin": false
            },
            "created_at": "2016-07-12T17:53:15Z",
            "updated_at": "2016-07-12T17:53:15Z",
            "author_association": "CONTRIBUTOR",
            "body": "I chose the wrong base. Re-filed on the 0.11-maintenance branch. \n"
        },
        {
            "url": "https://api.github.com/repos/pallets/flask/issues/comments/232133379",
            "html_url": "https://github.com/pallets/flask/pull/1953#issuecomment-232133379",
            "issue_url": "https://api.github.com/repos/pallets/flask/issues/1953",
            "id": 232133379,
            "node_id": "MDEyOklzc3VlQ29tbWVudDIzMjEzMzM3OQ==",
            "user": {
                "login": "jeffwidman",
                "id": 483314,
                "node_id": "MDQ6VXNlcjQ4MzMxNA==",
                "avatar_url": "https://avatars2.githubusercontent.com/u/483314?v=4",
                "gravatar_id": "",
                "url": "https://api.github.com/users/jeffwidman",
                "html_url": "https://github.com/jeffwidman",
                "followers_url": "https://api.github.com/users/jeffwidman/followers",
                "following_url": "https://api.github.com/users/jeffwidman/following{/other_user}",
                "gists_url": "https://api.github.com/users/jeffwidman/gists{/gist_id}",
                "starred_url": "https://api.github.com/users/jeffwidman/starred{/owner}{/repo}",
                "subscriptions_url": "https://api.github.com/users/jeffwidman/subscriptions",
                "organizations_url": "https://api.github.com/users/jeffwidman/orgs",
                "repos_url": "https://api.github.com/users/jeffwidman/repos",
                "events_url": "https://api.github.com/users/jeffwidman/events{/privacy}",
                "received_events_url": "https://api.github.com/users/jeffwidman/received_events",
                "type": "User",
                "site_admin": false
            },
            "created_at": "2016-07-12T18:18:06Z",
            "updated_at": "2016-07-12T18:18:06Z",
            "author_association": "MEMBER",
            "body": "In general, we commit against master and if needed a maintainer will backport to a maintenance branch. That way we avoid diverging from master as much as possible.\n"
        },
        {
            "url": "https://api.github.com/repos/pallets/flask/issues/comments/232138928",
            "html_url": "https://github.com/pallets/flask/pull/1953#issuecomment-232138928",
            "issue_url": "https://api.github.com/repos/pallets/flask/issues/1953",
            "id": 232138928,
            "node_id": "MDEyOklzc3VlQ29tbWVudDIzMjEzODkyOA==",
            "user": {
                "login": "davidism",
                "id": 1242887,
                "node_id": "MDQ6VXNlcjEyNDI4ODc=",
                "avatar_url": "https://avatars1.githubusercontent.com/u/1242887?v=4",
                "gravatar_id": "",
                "url": "https://api.github.com/users/davidism",
                "html_url": "https://github.com/davidism",
                "followers_url": "https://api.github.com/users/davidism/followers",
                "following_url": "https://api.github.com/users/davidism/following{/other_user}",
                "gists_url": "https://api.github.com/users/davidism/gists{/gist_id}",
                "starred_url": "https://api.github.com/users/davidism/starred{/owner}{/repo}",
                "subscriptions_url": "https://api.github.com/users/davidism/subscriptions",
                "organizations_url": "https://api.github.com/users/davidism/orgs",
                "repos_url": "https://api.github.com/users/davidism/repos",
                "events_url": "https://api.github.com/users/davidism/events{/privacy}",
                "received_events_url": "https://api.github.com/users/davidism/received_events",
                "type": "User",
                "site_admin": false
            },
            "created_at": "2016-07-12T18:36:40Z",
            "updated_at": "2016-07-12T18:36:40Z",
            "author_association": "MEMBER",
            "body": "@jeffwidman no, way easier to commit against what's actually being fixed, then merge the result forward.\n"
        },
        {
            "url": "https://api.github.com/repos/pallets/flask/issues/comments/232143938",
            "html_url": "https://github.com/pallets/flask/pull/1953#issuecomment-232143938",
            "issue_url": "https://api.github.com/repos/pallets/flask/issues/1953",
            "id": 232143938,
            "node_id": "MDEyOklzc3VlQ29tbWVudDIzMjE0MzkzOA==",
            "user": {
                "login": "jeffwidman",
                "id": 483314,
                "node_id": "MDQ6VXNlcjQ4MzMxNA==",
                "avatar_url": "https://avatars2.githubusercontent.com/u/483314?v=4",
                "gravatar_id": "",
                "url": "https://api.github.com/users/jeffwidman",
                "html_url": "https://github.com/jeffwidman",
                "followers_url": "https://api.github.com/users/jeffwidman/followers",
                "following_url": "https://api.github.com/users/jeffwidman/following{/other_user}",
                "gists_url": "https://api.github.com/users/jeffwidman/gists{/gist_id}",
                "starred_url": "https://api.github.com/users/jeffwidman/starred{/owner}{/repo}",
                "subscriptions_url": "https://api.github.com/users/jeffwidman/subscriptions",
                "organizations_url": "https://api.github.com/users/jeffwidman/orgs",
                "repos_url": "https://api.github.com/users/jeffwidman/repos",
                "events_url": "https://api.github.com/users/jeffwidman/events{/privacy}",
                "received_events_url": "https://api.github.com/users/jeffwidman/received_events",
                "type": "User",
                "site_admin": false
            },
            "created_at": "2016-07-12T18:53:56Z",
            "updated_at": "2016-07-12T18:53:56Z",
            "author_association": "MEMBER",
            "body": "Hmm, doesn't the problem exist in both master and maintenance branch? \n\nOn the other projects I'm involved with when that's the case we always do the PR against master and then cherrypick as needed to the relevant maintenance branch. I'm fine with either flow, but not understanding the rationale here. \n"
        }
    ]
}