{
    "url": "https://api.github.com/repos/pallets/flask/issues/1954",
    "repository_url": "https://api.github.com/repos/pallets/flask",
    "labels_url": "https://api.github.com/repos/pallets/flask/issues/1954/labels{/name}",
    "comments_url": "https://api.github.com/repos/pallets/flask/issues/1954/comments",
    "events_url": "https://api.github.com/repos/pallets/flask/issues/1954/events",
    "html_url": "https://github.com/pallets/flask/pull/1954",
    "id": 165139408,
    "node_id": "MDExOlB1bGxSZXF1ZXN0NzcxNjE3NTI=",
    "number": 1954,
    "title": "Update minitwit & improve testing for examples",
    "user": {
        "login": "wgwz",
        "id": 10120306,
        "node_id": "MDQ6VXNlcjEwMTIwMzA2",
        "avatar_url": "https://avatars2.githubusercontent.com/u/10120306?v=4",
        "gravatar_id": "",
        "url": "https://api.github.com/users/wgwz",
        "html_url": "https://github.com/wgwz",
        "followers_url": "https://api.github.com/users/wgwz/followers",
        "following_url": "https://api.github.com/users/wgwz/following{/other_user}",
        "gists_url": "https://api.github.com/users/wgwz/gists{/gist_id}",
        "starred_url": "https://api.github.com/users/wgwz/starred{/owner}{/repo}",
        "subscriptions_url": "https://api.github.com/users/wgwz/subscriptions",
        "organizations_url": "https://api.github.com/users/wgwz/orgs",
        "repos_url": "https://api.github.com/users/wgwz/repos",
        "events_url": "https://api.github.com/users/wgwz/events{/privacy}",
        "received_events_url": "https://api.github.com/users/wgwz/received_events",
        "type": "User",
        "site_admin": false
    },
    "labels": [],
    "state": "closed",
    "locked": false,
    "assignee": null,
    "assignees": [],
    "milestone": null,
    "comments": 18,
    "created_at": "2016-07-12T17:52:16Z",
    "updated_at": "2018-10-23T17:43:51Z",
    "closed_at": "2016-08-22T18:52:54Z",
    "author_association": "CONTRIBUTOR",
    "pull_request": {
        "url": "https://api.github.com/repos/pallets/flask/pulls/1954",
        "html_url": "https://github.com/pallets/flask/pull/1954",
        "diff_url": "https://github.com/pallets/flask/pull/1954.diff",
        "patch_url": "https://github.com/pallets/flask/pull/1954.patch"
    },
    "body": "- Related to #1945\n- Re-works minitwit to be installed and run as:\n  \n  pip install --editable .\n  export FLASK_APP=minitwit.minitwit\n  export FLASK_DEBUG=1\n  flask initdb\n  flask run\n- added flaskr and minitwit to norecursedirs\n  - tests not properly run when using pytest standards\n  - see: http://stackoverflow.com/questions/38313171/configuring-pytest-with-installable-examples-in-a-project\n- Both flaskr and minitwit now follow pytest standards.\n- Tests can for them as `py.test` or `python setup.py test`\n",
    "comments_inline": [
        {
            "url": "https://api.github.com/repos/pallets/flask/issues/comments/233808129",
            "html_url": "https://github.com/pallets/flask/pull/1954#issuecomment-233808129",
            "issue_url": "https://api.github.com/repos/pallets/flask/issues/1954",
            "id": 233808129,
            "node_id": "MDEyOklzc3VlQ29tbWVudDIzMzgwODEyOQ==",
            "user": {
                "login": "wgwz",
                "id": 10120306,
                "node_id": "MDQ6VXNlcjEwMTIwMzA2",
                "avatar_url": "https://avatars2.githubusercontent.com/u/10120306?v=4",
                "gravatar_id": "",
                "url": "https://api.github.com/users/wgwz",
                "html_url": "https://github.com/wgwz",
                "followers_url": "https://api.github.com/users/wgwz/followers",
                "following_url": "https://api.github.com/users/wgwz/following{/other_user}",
                "gists_url": "https://api.github.com/users/wgwz/gists{/gist_id}",
                "starred_url": "https://api.github.com/users/wgwz/starred{/owner}{/repo}",
                "subscriptions_url": "https://api.github.com/users/wgwz/subscriptions",
                "organizations_url": "https://api.github.com/users/wgwz/orgs",
                "repos_url": "https://api.github.com/users/wgwz/repos",
                "events_url": "https://api.github.com/users/wgwz/events{/privacy}",
                "received_events_url": "https://api.github.com/users/wgwz/received_events",
                "type": "User",
                "site_admin": false
            },
            "created_at": "2016-07-20T00:44:09Z",
            "updated_at": "2016-07-20T00:44:09Z",
            "author_association": "CONTRIBUTOR",
            "body": "@davidism heyo. how does this stuff look? pretty minimal changes here\n"
        },
        {
            "url": "https://api.github.com/repos/pallets/flask/issues/comments/236019964",
            "html_url": "https://github.com/pallets/flask/pull/1954#issuecomment-236019964",
            "issue_url": "https://api.github.com/repos/pallets/flask/issues/1954",
            "id": 236019964,
            "node_id": "MDEyOklzc3VlQ29tbWVudDIzNjAxOTk2NA==",
            "user": {
                "login": "untitaker",
                "id": 837573,
                "node_id": "MDQ6VXNlcjgzNzU3Mw==",
                "avatar_url": "https://avatars0.githubusercontent.com/u/837573?v=4",
                "gravatar_id": "",
                "url": "https://api.github.com/users/untitaker",
                "html_url": "https://github.com/untitaker",
                "followers_url": "https://api.github.com/users/untitaker/followers",
                "following_url": "https://api.github.com/users/untitaker/following{/other_user}",
                "gists_url": "https://api.github.com/users/untitaker/gists{/gist_id}",
                "starred_url": "https://api.github.com/users/untitaker/starred{/owner}{/repo}",
                "subscriptions_url": "https://api.github.com/users/untitaker/subscriptions",
                "organizations_url": "https://api.github.com/users/untitaker/orgs",
                "repos_url": "https://api.github.com/users/untitaker/repos",
                "events_url": "https://api.github.com/users/untitaker/events{/privacy}",
                "received_events_url": "https://api.github.com/users/untitaker/received_events",
                "type": "User",
                "site_admin": false
            },
            "created_at": "2016-07-28T20:46:08Z",
            "updated_at": "2016-07-28T20:46:08Z",
            "author_association": "MEMBER",
            "body": "I think the `minitwit.py` should be `__init__.py`.\n"
        },
        {
            "url": "https://api.github.com/repos/pallets/flask/issues/comments/236076467",
            "html_url": "https://github.com/pallets/flask/pull/1954#issuecomment-236076467",
            "issue_url": "https://api.github.com/repos/pallets/flask/issues/1954",
            "id": 236076467,
            "node_id": "MDEyOklzc3VlQ29tbWVudDIzNjA3NjQ2Nw==",
            "user": {
                "login": "wgwz",
                "id": 10120306,
                "node_id": "MDQ6VXNlcjEwMTIwMzA2",
                "avatar_url": "https://avatars2.githubusercontent.com/u/10120306?v=4",
                "gravatar_id": "",
                "url": "https://api.github.com/users/wgwz",
                "html_url": "https://github.com/wgwz",
                "followers_url": "https://api.github.com/users/wgwz/followers",
                "following_url": "https://api.github.com/users/wgwz/following{/other_user}",
                "gists_url": "https://api.github.com/users/wgwz/gists{/gist_id}",
                "starred_url": "https://api.github.com/users/wgwz/starred{/owner}{/repo}",
                "subscriptions_url": "https://api.github.com/users/wgwz/subscriptions",
                "organizations_url": "https://api.github.com/users/wgwz/orgs",
                "repos_url": "https://api.github.com/users/wgwz/repos",
                "events_url": "https://api.github.com/users/wgwz/events{/privacy}",
                "received_events_url": "https://api.github.com/users/wgwz/received_events",
                "type": "User",
                "site_admin": false
            },
            "created_at": "2016-07-29T02:05:27Z",
            "updated_at": "2016-07-29T02:05:47Z",
            "author_association": "CONTRIBUTOR",
            "body": "@untitaker That seems like it might be confusing for a new user. Is that a common pattern (moving the app into __init__.py)?\n"
        },
        {
            "url": "https://api.github.com/repos/pallets/flask/issues/comments/237004971",
            "html_url": "https://github.com/pallets/flask/pull/1954#issuecomment-237004971",
            "issue_url": "https://api.github.com/repos/pallets/flask/issues/1954",
            "id": 237004971,
            "node_id": "MDEyOklzc3VlQ29tbWVudDIzNzAwNDk3MQ==",
            "user": {
                "login": "wgwz",
                "id": 10120306,
                "node_id": "MDQ6VXNlcjEwMTIwMzA2",
                "avatar_url": "https://avatars2.githubusercontent.com/u/10120306?v=4",
                "gravatar_id": "",
                "url": "https://api.github.com/users/wgwz",
                "html_url": "https://github.com/wgwz",
                "followers_url": "https://api.github.com/users/wgwz/followers",
                "following_url": "https://api.github.com/users/wgwz/following{/other_user}",
                "gists_url": "https://api.github.com/users/wgwz/gists{/gist_id}",
                "starred_url": "https://api.github.com/users/wgwz/starred{/owner}{/repo}",
                "subscriptions_url": "https://api.github.com/users/wgwz/subscriptions",
                "organizations_url": "https://api.github.com/users/wgwz/orgs",
                "repos_url": "https://api.github.com/users/wgwz/repos",
                "events_url": "https://api.github.com/users/wgwz/events{/privacy}",
                "received_events_url": "https://api.github.com/users/wgwz/received_events",
                "type": "User",
                "site_admin": false
            },
            "created_at": "2016-08-02T18:52:40Z",
            "updated_at": "2016-08-02T18:52:40Z",
            "author_association": "CONTRIBUTOR",
            "body": "@untitaker Adding `from minitwit import app` into the ___init__.py_ has the effect of `$ export FLASK_APP=minitwit` working. Which I agree looks much cleaner than `$ export FLASK_APP=minitwit.minitwit`. What do you think about that change?\n"
        },
        {
            "url": "https://api.github.com/repos/pallets/flask/issues/comments/237010481",
            "html_url": "https://github.com/pallets/flask/pull/1954#issuecomment-237010481",
            "issue_url": "https://api.github.com/repos/pallets/flask/issues/1954",
            "id": 237010481,
            "node_id": "MDEyOklzc3VlQ29tbWVudDIzNzAxMDQ4MQ==",
            "user": {
                "login": "untitaker",
                "id": 837573,
                "node_id": "MDQ6VXNlcjgzNzU3Mw==",
                "avatar_url": "https://avatars0.githubusercontent.com/u/837573?v=4",
                "gravatar_id": "",
                "url": "https://api.github.com/users/untitaker",
                "html_url": "https://github.com/untitaker",
                "followers_url": "https://api.github.com/users/untitaker/followers",
                "following_url": "https://api.github.com/users/untitaker/following{/other_user}",
                "gists_url": "https://api.github.com/users/untitaker/gists{/gist_id}",
                "starred_url": "https://api.github.com/users/untitaker/starred{/owner}{/repo}",
                "subscriptions_url": "https://api.github.com/users/untitaker/subscriptions",
                "organizations_url": "https://api.github.com/users/untitaker/orgs",
                "repos_url": "https://api.github.com/users/untitaker/repos",
                "events_url": "https://api.github.com/users/untitaker/events{/privacy}",
                "received_events_url": "https://api.github.com/users/untitaker/received_events",
                "type": "User",
                "site_admin": false
            },
            "created_at": "2016-08-02T19:08:24Z",
            "updated_at": "2016-08-02T19:08:24Z",
            "author_association": "MEMBER",
            "body": "That's exactly the effect I'd like to have. Why do you think that having code in `__init__.py` is confusing for newbies?\n"
        },
        {
            "url": "https://api.github.com/repos/pallets/flask/issues/comments/237049649",
            "html_url": "https://github.com/pallets/flask/pull/1954#issuecomment-237049649",
            "issue_url": "https://api.github.com/repos/pallets/flask/issues/1954",
            "id": 237049649,
            "node_id": "MDEyOklzc3VlQ29tbWVudDIzNzA0OTY0OQ==",
            "user": {
                "login": "wgwz",
                "id": 10120306,
                "node_id": "MDQ6VXNlcjEwMTIwMzA2",
                "avatar_url": "https://avatars2.githubusercontent.com/u/10120306?v=4",
                "gravatar_id": "",
                "url": "https://api.github.com/users/wgwz",
                "html_url": "https://github.com/wgwz",
                "followers_url": "https://api.github.com/users/wgwz/followers",
                "following_url": "https://api.github.com/users/wgwz/following{/other_user}",
                "gists_url": "https://api.github.com/users/wgwz/gists{/gist_id}",
                "starred_url": "https://api.github.com/users/wgwz/starred{/owner}{/repo}",
                "subscriptions_url": "https://api.github.com/users/wgwz/subscriptions",
                "organizations_url": "https://api.github.com/users/wgwz/orgs",
                "repos_url": "https://api.github.com/users/wgwz/repos",
                "events_url": "https://api.github.com/users/wgwz/events{/privacy}",
                "received_events_url": "https://api.github.com/users/wgwz/received_events",
                "type": "User",
                "site_admin": false
            },
            "created_at": "2016-08-02T21:27:15Z",
            "updated_at": "2016-08-02T21:27:15Z",
            "author_association": "CONTRIBUTOR",
            "body": "I don't mind having the one-line import statement in the ___init__.py_. I just think that having all of _minitwit.py_ inside of the ___init__.py_ will obfuscate the ___init___ files purpose for a newcomer. \n"
        },
        {
            "url": "https://api.github.com/repos/pallets/flask/issues/comments/237087393",
            "html_url": "https://github.com/pallets/flask/pull/1954#issuecomment-237087393",
            "issue_url": "https://api.github.com/repos/pallets/flask/issues/1954",
            "id": 237087393,
            "node_id": "MDEyOklzc3VlQ29tbWVudDIzNzA4NzM5Mw==",
            "user": {
                "login": "wgwz",
                "id": 10120306,
                "node_id": "MDQ6VXNlcjEwMTIwMzA2",
                "avatar_url": "https://avatars2.githubusercontent.com/u/10120306?v=4",
                "gravatar_id": "",
                "url": "https://api.github.com/users/wgwz",
                "html_url": "https://github.com/wgwz",
                "followers_url": "https://api.github.com/users/wgwz/followers",
                "following_url": "https://api.github.com/users/wgwz/following{/other_user}",
                "gists_url": "https://api.github.com/users/wgwz/gists{/gist_id}",
                "starred_url": "https://api.github.com/users/wgwz/starred{/owner}{/repo}",
                "subscriptions_url": "https://api.github.com/users/wgwz/subscriptions",
                "organizations_url": "https://api.github.com/users/wgwz/orgs",
                "repos_url": "https://api.github.com/users/wgwz/repos",
                "events_url": "https://api.github.com/users/wgwz/events{/privacy}",
                "received_events_url": "https://api.github.com/users/wgwz/received_events",
                "type": "User",
                "site_admin": false
            },
            "created_at": "2016-08-02T23:56:53Z",
            "updated_at": "2016-08-02T23:56:53Z",
            "author_association": "CONTRIBUTOR",
            "body": "@untitaker What do you think about [this](https://github.com/pallets/flask/pull/1954#discussion_r73083362)? (Not trying to be a nuisance, I'm just thinking it might have got lost in your notifications.)\n"
        },
        {
            "url": "https://api.github.com/repos/pallets/flask/issues/comments/237145865",
            "html_url": "https://github.com/pallets/flask/pull/1954#issuecomment-237145865",
            "issue_url": "https://api.github.com/repos/pallets/flask/issues/1954",
            "id": 237145865,
            "node_id": "MDEyOklzc3VlQ29tbWVudDIzNzE0NTg2NQ==",
            "user": {
                "login": "untitaker",
                "id": 837573,
                "node_id": "MDQ6VXNlcjgzNzU3Mw==",
                "avatar_url": "https://avatars0.githubusercontent.com/u/837573?v=4",
                "gravatar_id": "",
                "url": "https://api.github.com/users/untitaker",
                "html_url": "https://github.com/untitaker",
                "followers_url": "https://api.github.com/users/untitaker/followers",
                "following_url": "https://api.github.com/users/untitaker/following{/other_user}",
                "gists_url": "https://api.github.com/users/untitaker/gists{/gist_id}",
                "starred_url": "https://api.github.com/users/untitaker/starred{/owner}{/repo}",
                "subscriptions_url": "https://api.github.com/users/untitaker/subscriptions",
                "organizations_url": "https://api.github.com/users/untitaker/orgs",
                "repos_url": "https://api.github.com/users/untitaker/repos",
                "events_url": "https://api.github.com/users/untitaker/events{/privacy}",
                "received_events_url": "https://api.github.com/users/untitaker/received_events",
                "type": "User",
                "site_admin": false
            },
            "created_at": "2016-08-03T05:39:40Z",
            "updated_at": "2016-08-03T05:39:40Z",
            "author_association": "MEMBER",
            "body": "Does somebody else have opinions on this topic? @davidism @ronnypfannschmidt\n"
        },
        {
            "url": "https://api.github.com/repos/pallets/flask/issues/comments/238114551",
            "html_url": "https://github.com/pallets/flask/pull/1954#issuecomment-238114551",
            "issue_url": "https://api.github.com/repos/pallets/flask/issues/1954",
            "id": 238114551,
            "node_id": "MDEyOklzc3VlQ29tbWVudDIzODExNDU1MQ==",
            "user": {
                "login": "wgwz",
                "id": 10120306,
                "node_id": "MDQ6VXNlcjEwMTIwMzA2",
                "avatar_url": "https://avatars2.githubusercontent.com/u/10120306?v=4",
                "gravatar_id": "",
                "url": "https://api.github.com/users/wgwz",
                "html_url": "https://github.com/wgwz",
                "followers_url": "https://api.github.com/users/wgwz/followers",
                "following_url": "https://api.github.com/users/wgwz/following{/other_user}",
                "gists_url": "https://api.github.com/users/wgwz/gists{/gist_id}",
                "starred_url": "https://api.github.com/users/wgwz/starred{/owner}{/repo}",
                "subscriptions_url": "https://api.github.com/users/wgwz/subscriptions",
                "organizations_url": "https://api.github.com/users/wgwz/orgs",
                "repos_url": "https://api.github.com/users/wgwz/repos",
                "events_url": "https://api.github.com/users/wgwz/events{/privacy}",
                "received_events_url": "https://api.github.com/users/wgwz/received_events",
                "type": "User",
                "site_admin": false
            },
            "created_at": "2016-08-07T23:09:54Z",
            "updated_at": "2016-08-07T23:09:54Z",
            "author_association": "CONTRIBUTOR",
            "body": "Hi, all. Any more comments on this? I'll have some time this week to work on things. If anyone can offer some guidance, I'd be glad to go ahead with fixing this PR.\n"
        },
        {
            "url": "https://api.github.com/repos/pallets/flask/issues/comments/238355110",
            "html_url": "https://github.com/pallets/flask/pull/1954#issuecomment-238355110",
            "issue_url": "https://api.github.com/repos/pallets/flask/issues/1954",
            "id": 238355110,
            "node_id": "MDEyOklzc3VlQ29tbWVudDIzODM1NTExMA==",
            "user": {
                "login": "untitaker",
                "id": 837573,
                "node_id": "MDQ6VXNlcjgzNzU3Mw==",
                "avatar_url": "https://avatars0.githubusercontent.com/u/837573?v=4",
                "gravatar_id": "",
                "url": "https://api.github.com/users/untitaker",
                "html_url": "https://github.com/untitaker",
                "followers_url": "https://api.github.com/users/untitaker/followers",
                "following_url": "https://api.github.com/users/untitaker/following{/other_user}",
                "gists_url": "https://api.github.com/users/untitaker/gists{/gist_id}",
                "starred_url": "https://api.github.com/users/untitaker/starred{/owner}{/repo}",
                "subscriptions_url": "https://api.github.com/users/untitaker/subscriptions",
                "organizations_url": "https://api.github.com/users/untitaker/orgs",
                "repos_url": "https://api.github.com/users/untitaker/repos",
                "events_url": "https://api.github.com/users/untitaker/events{/privacy}",
                "received_events_url": "https://api.github.com/users/untitaker/received_events",
                "type": "User",
                "site_admin": false
            },
            "created_at": "2016-08-08T19:51:37Z",
            "updated_at": "2016-08-08T19:51:37Z",
            "author_association": "MEMBER",
            "body": "Im on mobile right now, but there are no more comments from my side I think.\n\nThe comments that are not outdated still apply. I don't really agree about the change being related, and I'd rather apprechiate it if it wouldn't be included, not because it is controversial in any way, but because it makes proper review much harder.\n"
        },
        {
            "url": "https://api.github.com/repos/pallets/flask/issues/comments/238357062",
            "html_url": "https://github.com/pallets/flask/pull/1954#issuecomment-238357062",
            "issue_url": "https://api.github.com/repos/pallets/flask/issues/1954",
            "id": 238357062,
            "node_id": "MDEyOklzc3VlQ29tbWVudDIzODM1NzA2Mg==",
            "user": {
                "login": "wgwz",
                "id": 10120306,
                "node_id": "MDQ6VXNlcjEwMTIwMzA2",
                "avatar_url": "https://avatars2.githubusercontent.com/u/10120306?v=4",
                "gravatar_id": "",
                "url": "https://api.github.com/users/wgwz",
                "html_url": "https://github.com/wgwz",
                "followers_url": "https://api.github.com/users/wgwz/followers",
                "following_url": "https://api.github.com/users/wgwz/following{/other_user}",
                "gists_url": "https://api.github.com/users/wgwz/gists{/gist_id}",
                "starred_url": "https://api.github.com/users/wgwz/starred{/owner}{/repo}",
                "subscriptions_url": "https://api.github.com/users/wgwz/subscriptions",
                "organizations_url": "https://api.github.com/users/wgwz/orgs",
                "repos_url": "https://api.github.com/users/wgwz/repos",
                "events_url": "https://api.github.com/users/wgwz/events{/privacy}",
                "received_events_url": "https://api.github.com/users/wgwz/received_events",
                "type": "User",
                "site_admin": false
            },
            "created_at": "2016-08-08T19:56:37Z",
            "updated_at": "2016-08-08T19:56:37Z",
            "author_association": "CONTRIBUTOR",
            "body": "@untitaker No problem, I'll go ahead making your suggested changes then. Thanks for the feedback. \n"
        },
        {
            "url": "https://api.github.com/repos/pallets/flask/issues/comments/239442587",
            "html_url": "https://github.com/pallets/flask/pull/1954#issuecomment-239442587",
            "issue_url": "https://api.github.com/repos/pallets/flask/issues/1954",
            "id": 239442587,
            "node_id": "MDEyOklzc3VlQ29tbWVudDIzOTQ0MjU4Nw==",
            "user": {
                "login": "untitaker",
                "id": 837573,
                "node_id": "MDQ6VXNlcjgzNzU3Mw==",
                "avatar_url": "https://avatars0.githubusercontent.com/u/837573?v=4",
                "gravatar_id": "",
                "url": "https://api.github.com/users/untitaker",
                "html_url": "https://github.com/untitaker",
                "followers_url": "https://api.github.com/users/untitaker/followers",
                "following_url": "https://api.github.com/users/untitaker/following{/other_user}",
                "gists_url": "https://api.github.com/users/untitaker/gists{/gist_id}",
                "starred_url": "https://api.github.com/users/untitaker/starred{/owner}{/repo}",
                "subscriptions_url": "https://api.github.com/users/untitaker/subscriptions",
                "organizations_url": "https://api.github.com/users/untitaker/orgs",
                "repos_url": "https://api.github.com/users/untitaker/repos",
                "events_url": "https://api.github.com/users/untitaker/events{/privacy}",
                "received_events_url": "https://api.github.com/users/untitaker/received_events",
                "type": "User",
                "site_admin": false
            },
            "created_at": "2016-08-12T13:14:12Z",
            "updated_at": "2016-08-12T13:14:12Z",
            "author_association": "MEMBER",
            "body": "@wgwz Any update on this?\n"
        },
        {
            "url": "https://api.github.com/repos/pallets/flask/issues/comments/239465394",
            "html_url": "https://github.com/pallets/flask/pull/1954#issuecomment-239465394",
            "issue_url": "https://api.github.com/repos/pallets/flask/issues/1954",
            "id": 239465394,
            "node_id": "MDEyOklzc3VlQ29tbWVudDIzOTQ2NTM5NA==",
            "user": {
                "login": "wgwz",
                "id": 10120306,
                "node_id": "MDQ6VXNlcjEwMTIwMzA2",
                "avatar_url": "https://avatars2.githubusercontent.com/u/10120306?v=4",
                "gravatar_id": "",
                "url": "https://api.github.com/users/wgwz",
                "html_url": "https://github.com/wgwz",
                "followers_url": "https://api.github.com/users/wgwz/followers",
                "following_url": "https://api.github.com/users/wgwz/following{/other_user}",
                "gists_url": "https://api.github.com/users/wgwz/gists{/gist_id}",
                "starred_url": "https://api.github.com/users/wgwz/starred{/owner}{/repo}",
                "subscriptions_url": "https://api.github.com/users/wgwz/subscriptions",
                "organizations_url": "https://api.github.com/users/wgwz/orgs",
                "repos_url": "https://api.github.com/users/wgwz/repos",
                "events_url": "https://api.github.com/users/wgwz/events{/privacy}",
                "received_events_url": "https://api.github.com/users/wgwz/received_events",
                "type": "User",
                "site_admin": false
            },
            "created_at": "2016-08-12T14:43:34Z",
            "updated_at": "2016-08-12T14:43:34Z",
            "author_association": "CONTRIBUTOR",
            "body": "@untitaker I'm not sure if I went about reverting the files in the best way possible. My branch has was based off the 0.11-maintenance branch. So I just ran `git checkout <commit ref prior to my first commit> -- docs/tutorial/<file-to-revert>.rst` for each of the files being reverted. I double-checked and the changes seem to be reverted correctly. \n"
        },
        {
            "url": "https://api.github.com/repos/pallets/flask/issues/comments/241262703",
            "html_url": "https://github.com/pallets/flask/pull/1954#issuecomment-241262703",
            "issue_url": "https://api.github.com/repos/pallets/flask/issues/1954",
            "id": 241262703,
            "node_id": "MDEyOklzc3VlQ29tbWVudDI0MTI2MjcwMw==",
            "user": {
                "login": "untitaker",
                "id": 837573,
                "node_id": "MDQ6VXNlcjgzNzU3Mw==",
                "avatar_url": "https://avatars0.githubusercontent.com/u/837573?v=4",
                "gravatar_id": "",
                "url": "https://api.github.com/users/untitaker",
                "html_url": "https://github.com/untitaker",
                "followers_url": "https://api.github.com/users/untitaker/followers",
                "following_url": "https://api.github.com/users/untitaker/following{/other_user}",
                "gists_url": "https://api.github.com/users/untitaker/gists{/gist_id}",
                "starred_url": "https://api.github.com/users/untitaker/starred{/owner}{/repo}",
                "subscriptions_url": "https://api.github.com/users/untitaker/subscriptions",
                "organizations_url": "https://api.github.com/users/untitaker/orgs",
                "repos_url": "https://api.github.com/users/untitaker/repos",
                "events_url": "https://api.github.com/users/untitaker/events{/privacy}",
                "received_events_url": "https://api.github.com/users/untitaker/received_events",
                "type": "User",
                "site_admin": false
            },
            "created_at": "2016-08-21T15:02:53Z",
            "updated_at": "2016-08-21T15:02:53Z",
            "author_association": "MEMBER",
            "body": "@wgwz You asked on IRC: There is one comment left on the [\"Files changed\" tab](https://github.com/pallets/flask/pull/1954/files).\n"
        },
        {
            "url": "https://api.github.com/repos/pallets/flask/issues/comments/241313390",
            "html_url": "https://github.com/pallets/flask/pull/1954#issuecomment-241313390",
            "issue_url": "https://api.github.com/repos/pallets/flask/issues/1954",
            "id": 241313390,
            "node_id": "MDEyOklzc3VlQ29tbWVudDI0MTMxMzM5MA==",
            "user": {
                "login": "wgwz",
                "id": 10120306,
                "node_id": "MDQ6VXNlcjEwMTIwMzA2",
                "avatar_url": "https://avatars2.githubusercontent.com/u/10120306?v=4",
                "gravatar_id": "",
                "url": "https://api.github.com/users/wgwz",
                "html_url": "https://github.com/wgwz",
                "followers_url": "https://api.github.com/users/wgwz/followers",
                "following_url": "https://api.github.com/users/wgwz/following{/other_user}",
                "gists_url": "https://api.github.com/users/wgwz/gists{/gist_id}",
                "starred_url": "https://api.github.com/users/wgwz/starred{/owner}{/repo}",
                "subscriptions_url": "https://api.github.com/users/wgwz/subscriptions",
                "organizations_url": "https://api.github.com/users/wgwz/orgs",
                "repos_url": "https://api.github.com/users/wgwz/repos",
                "events_url": "https://api.github.com/users/wgwz/events{/privacy}",
                "received_events_url": "https://api.github.com/users/wgwz/received_events",
                "type": "User",
                "site_admin": false
            },
            "created_at": "2016-08-22T04:36:05Z",
            "updated_at": "2016-08-22T04:36:05Z",
            "author_association": "CONTRIBUTOR",
            "body": "@untitaker Sorry I missed that one somehow but it is taken care of now. How does it look now?\n"
        },
        {
            "url": "https://api.github.com/repos/pallets/flask/issues/comments/241512953",
            "html_url": "https://github.com/pallets/flask/pull/1954#issuecomment-241512953",
            "issue_url": "https://api.github.com/repos/pallets/flask/issues/1954",
            "id": 241512953,
            "node_id": "MDEyOklzc3VlQ29tbWVudDI0MTUxMjk1Mw==",
            "user": {
                "login": "untitaker",
                "id": 837573,
                "node_id": "MDQ6VXNlcjgzNzU3Mw==",
                "avatar_url": "https://avatars0.githubusercontent.com/u/837573?v=4",
                "gravatar_id": "",
                "url": "https://api.github.com/users/untitaker",
                "html_url": "https://github.com/untitaker",
                "followers_url": "https://api.github.com/users/untitaker/followers",
                "following_url": "https://api.github.com/users/untitaker/following{/other_user}",
                "gists_url": "https://api.github.com/users/untitaker/gists{/gist_id}",
                "starred_url": "https://api.github.com/users/untitaker/starred{/owner}{/repo}",
                "subscriptions_url": "https://api.github.com/users/untitaker/subscriptions",
                "organizations_url": "https://api.github.com/users/untitaker/orgs",
                "repos_url": "https://api.github.com/users/untitaker/repos",
                "events_url": "https://api.github.com/users/untitaker/events{/privacy}",
                "received_events_url": "https://api.github.com/users/untitaker/received_events",
                "type": "User",
                "site_admin": false
            },
            "created_at": "2016-08-22T18:53:52Z",
            "updated_at": "2016-08-22T18:53:52Z",
            "author_association": "MEMBER",
            "body": "A+ would merge again\n"
        },
        {
            "url": "https://api.github.com/repos/pallets/flask/issues/comments/241556953",
            "html_url": "https://github.com/pallets/flask/pull/1954#issuecomment-241556953",
            "issue_url": "https://api.github.com/repos/pallets/flask/issues/1954",
            "id": 241556953,
            "node_id": "MDEyOklzc3VlQ29tbWVudDI0MTU1Njk1Mw==",
            "user": {
                "login": "wgwz",
                "id": 10120306,
                "node_id": "MDQ6VXNlcjEwMTIwMzA2",
                "avatar_url": "https://avatars2.githubusercontent.com/u/10120306?v=4",
                "gravatar_id": "",
                "url": "https://api.github.com/users/wgwz",
                "html_url": "https://github.com/wgwz",
                "followers_url": "https://api.github.com/users/wgwz/followers",
                "following_url": "https://api.github.com/users/wgwz/following{/other_user}",
                "gists_url": "https://api.github.com/users/wgwz/gists{/gist_id}",
                "starred_url": "https://api.github.com/users/wgwz/starred{/owner}{/repo}",
                "subscriptions_url": "https://api.github.com/users/wgwz/subscriptions",
                "organizations_url": "https://api.github.com/users/wgwz/orgs",
                "repos_url": "https://api.github.com/users/wgwz/repos",
                "events_url": "https://api.github.com/users/wgwz/events{/privacy}",
                "received_events_url": "https://api.github.com/users/wgwz/received_events",
                "type": "User",
                "site_admin": false
            },
            "created_at": "2016-08-22T21:30:02Z",
            "updated_at": "2016-08-22T21:30:02Z",
            "author_association": "CONTRIBUTOR",
            "body": "@untitaker Thanks :) I have to send another PR for flaskr. In order to match testing with how it's done in this PR for minitwit. And to add the import line in the init file. Also I will send a separate PR with the tutorial doc changes I removed from this one.\n"
        },
        {
            "url": "https://api.github.com/repos/pallets/flask/issues/comments/241558776",
            "html_url": "https://github.com/pallets/flask/pull/1954#issuecomment-241558776",
            "issue_url": "https://api.github.com/repos/pallets/flask/issues/1954",
            "id": 241558776,
            "node_id": "MDEyOklzc3VlQ29tbWVudDI0MTU1ODc3Ng==",
            "user": {
                "login": "untitaker",
                "id": 837573,
                "node_id": "MDQ6VXNlcjgzNzU3Mw==",
                "avatar_url": "https://avatars0.githubusercontent.com/u/837573?v=4",
                "gravatar_id": "",
                "url": "https://api.github.com/users/untitaker",
                "html_url": "https://github.com/untitaker",
                "followers_url": "https://api.github.com/users/untitaker/followers",
                "following_url": "https://api.github.com/users/untitaker/following{/other_user}",
                "gists_url": "https://api.github.com/users/untitaker/gists{/gist_id}",
                "starred_url": "https://api.github.com/users/untitaker/starred{/owner}{/repo}",
                "subscriptions_url": "https://api.github.com/users/untitaker/subscriptions",
                "organizations_url": "https://api.github.com/users/untitaker/orgs",
                "repos_url": "https://api.github.com/users/untitaker/repos",
                "events_url": "https://api.github.com/users/untitaker/events{/privacy}",
                "received_events_url": "https://api.github.com/users/untitaker/received_events",
                "type": "User",
                "site_admin": false
            },
            "created_at": "2016-08-22T21:36:35Z",
            "updated_at": "2016-08-22T21:36:35Z",
            "author_association": "MEMBER",
            "body": "@wgwz Thanks again, and feel free to directly mention me on those.\n"
        }
    ]
}