{
    "url": "https://api.github.com/repos/pallets/flask/issues/1956",
    "repository_url": "https://api.github.com/repos/pallets/flask",
    "labels_url": "https://api.github.com/repos/pallets/flask/issues/1956/labels{/name}",
    "comments_url": "https://api.github.com/repos/pallets/flask/issues/1956/comments",
    "events_url": "https://api.github.com/repos/pallets/flask/issues/1956/events",
    "html_url": "https://github.com/pallets/flask/pull/1956",
    "id": 165935240,
    "node_id": "MDExOlB1bGxSZXF1ZXN0Nzc3MTI4NDA=",
    "number": 1956,
    "title": "Update allowed_file function in fileuploads.rst",
    "user": {
        "login": "shakib609",
        "id": 3992124,
        "node_id": "MDQ6VXNlcjM5OTIxMjQ=",
        "avatar_url": "https://avatars1.githubusercontent.com/u/3992124?v=4",
        "gravatar_id": "",
        "url": "https://api.github.com/users/shakib609",
        "html_url": "https://github.com/shakib609",
        "followers_url": "https://api.github.com/users/shakib609/followers",
        "following_url": "https://api.github.com/users/shakib609/following{/other_user}",
        "gists_url": "https://api.github.com/users/shakib609/gists{/gist_id}",
        "starred_url": "https://api.github.com/users/shakib609/starred{/owner}{/repo}",
        "subscriptions_url": "https://api.github.com/users/shakib609/subscriptions",
        "organizations_url": "https://api.github.com/users/shakib609/orgs",
        "repos_url": "https://api.github.com/users/shakib609/repos",
        "events_url": "https://api.github.com/users/shakib609/events{/privacy}",
        "received_events_url": "https://api.github.com/users/shakib609/received_events",
        "type": "User",
        "site_admin": false
    },
    "labels": [],
    "state": "closed",
    "locked": false,
    "assignee": null,
    "assignees": [],
    "milestone": null,
    "comments": 0,
    "created_at": "2016-07-16T16:01:18Z",
    "updated_at": "2016-07-17T18:02:27Z",
    "closed_at": "2016-07-17T18:02:26Z",
    "author_association": "CONTRIBUTOR",
    "pull_request": {
        "url": "https://api.github.com/repos/pallets/flask/pulls/1956",
        "html_url": "https://github.com/pallets/flask/pull/1956",
        "diff_url": "https://github.com/pallets/flask/pull/1956.diff",
        "patch_url": "https://github.com/pallets/flask/pull/1956.patch"
    },
    "body": "Update allowed_file function to accept lowercase and uppercase file extensions.\n"
}