{
    "url": "https://api.github.com/repos/pallets/flask/issues/1957",
    "repository_url": "https://api.github.com/repos/pallets/flask",
    "labels_url": "https://api.github.com/repos/pallets/flask/issues/1957/labels{/name}",
    "comments_url": "https://api.github.com/repos/pallets/flask/issues/1957/comments",
    "events_url": "https://api.github.com/repos/pallets/flask/issues/1957/events",
    "html_url": "https://github.com/pallets/flask/issues/1957",
    "id": 166111510,
    "node_id": "MDU6SXNzdWUxNjYxMTE1MTA=",
    "number": 1957,
    "title": "May flask support live settings like django-constance",
    "user": {
        "login": "Colstuwjx",
        "id": 3972545,
        "node_id": "MDQ6VXNlcjM5NzI1NDU=",
        "avatar_url": "https://avatars1.githubusercontent.com/u/3972545?v=4",
        "gravatar_id": "",
        "url": "https://api.github.com/users/Colstuwjx",
        "html_url": "https://github.com/Colstuwjx",
        "followers_url": "https://api.github.com/users/Colstuwjx/followers",
        "following_url": "https://api.github.com/users/Colstuwjx/following{/other_user}",
        "gists_url": "https://api.github.com/users/Colstuwjx/gists{/gist_id}",
        "starred_url": "https://api.github.com/users/Colstuwjx/starred{/owner}{/repo}",
        "subscriptions_url": "https://api.github.com/users/Colstuwjx/subscriptions",
        "organizations_url": "https://api.github.com/users/Colstuwjx/orgs",
        "repos_url": "https://api.github.com/users/Colstuwjx/repos",
        "events_url": "https://api.github.com/users/Colstuwjx/events{/privacy}",
        "received_events_url": "https://api.github.com/users/Colstuwjx/received_events",
        "type": "User",
        "site_admin": false
    },
    "labels": [],
    "state": "closed",
    "locked": false,
    "assignee": null,
    "assignees": [],
    "milestone": null,
    "comments": 2,
    "created_at": "2016-07-18T14:47:00Z",
    "updated_at": "2016-07-18T14:49:35Z",
    "closed_at": "2016-07-18T14:48:23Z",
    "author_association": "NONE",
    "body": "Hi, I'm new to flask, and just wonder if flask could support editing the settings on admin and hot reload, like the django-constance worked.\n\nThx.\n",
    "comments_inline": [
        {
            "url": "https://api.github.com/repos/pallets/flask/issues/comments/233350964",
            "html_url": "https://github.com/pallets/flask/issues/1957#issuecomment-233350964",
            "issue_url": "https://api.github.com/repos/pallets/flask/issues/1957",
            "id": 233350964,
            "node_id": "MDEyOklzc3VlQ29tbWVudDIzMzM1MDk2NA==",
            "user": {
                "login": "ThiefMaster",
                "id": 179599,
                "node_id": "MDQ6VXNlcjE3OTU5OQ==",
                "avatar_url": "https://avatars1.githubusercontent.com/u/179599?v=4",
                "gravatar_id": "",
                "url": "https://api.github.com/users/ThiefMaster",
                "html_url": "https://github.com/ThiefMaster",
                "followers_url": "https://api.github.com/users/ThiefMaster/followers",
                "following_url": "https://api.github.com/users/ThiefMaster/following{/other_user}",
                "gists_url": "https://api.github.com/users/ThiefMaster/gists{/gist_id}",
                "starred_url": "https://api.github.com/users/ThiefMaster/starred{/owner}{/repo}",
                "subscriptions_url": "https://api.github.com/users/ThiefMaster/subscriptions",
                "organizations_url": "https://api.github.com/users/ThiefMaster/orgs",
                "repos_url": "https://api.github.com/users/ThiefMaster/repos",
                "events_url": "https://api.github.com/users/ThiefMaster/events{/privacy}",
                "received_events_url": "https://api.github.com/users/ThiefMaster/received_events",
                "type": "User",
                "site_admin": false
            },
            "created_at": "2016-07-18T14:48:23Z",
            "updated_at": "2016-07-18T14:48:23Z",
            "author_association": "MEMBER",
            "body": "This is impossible to do if you have more than one webserver/process. Also, in production it's not a good idea anyway. `app.config`-level settings are usually system related and not things that a regular \"admin\" should be able to change.\n"
        },
        {
            "url": "https://api.github.com/repos/pallets/flask/issues/comments/233351345",
            "html_url": "https://github.com/pallets/flask/issues/1957#issuecomment-233351345",
            "issue_url": "https://api.github.com/repos/pallets/flask/issues/1957",
            "id": 233351345,
            "node_id": "MDEyOklzc3VlQ29tbWVudDIzMzM1MTM0NQ==",
            "user": {
                "login": "davidism",
                "id": 1242887,
                "node_id": "MDQ6VXNlcjEyNDI4ODc=",
                "avatar_url": "https://avatars1.githubusercontent.com/u/1242887?v=4",
                "gravatar_id": "",
                "url": "https://api.github.com/users/davidism",
                "html_url": "https://github.com/davidism",
                "followers_url": "https://api.github.com/users/davidism/followers",
                "following_url": "https://api.github.com/users/davidism/following{/other_user}",
                "gists_url": "https://api.github.com/users/davidism/gists{/gist_id}",
                "starred_url": "https://api.github.com/users/davidism/starred{/owner}{/repo}",
                "subscriptions_url": "https://api.github.com/users/davidism/subscriptions",
                "organizations_url": "https://api.github.com/users/davidism/orgs",
                "repos_url": "https://api.github.com/users/davidism/repos",
                "events_url": "https://api.github.com/users/davidism/events{/privacy}",
                "received_events_url": "https://api.github.com/users/davidism/received_events",
                "type": "User",
                "site_admin": false
            },
            "created_at": "2016-07-18T14:49:35Z",
            "updated_at": "2016-07-18T14:49:35Z",
            "author_association": "MEMBER",
            "body": "Nothing stopping you from implementing a similar extension, but it's not something Flask will support directly.\n"
        }
    ]
}