{
    "url": "https://api.github.com/repos/pallets/flask/issues/1958",
    "repository_url": "https://api.github.com/repos/pallets/flask",
    "labels_url": "https://api.github.com/repos/pallets/flask/issues/1958/labels{/name}",
    "comments_url": "https://api.github.com/repos/pallets/flask/issues/1958/comments",
    "events_url": "https://api.github.com/repos/pallets/flask/issues/1958/events",
    "html_url": "https://github.com/pallets/flask/issues/1958",
    "id": 166111816,
    "node_id": "MDU6SXNzdWUxNjYxMTE4MTY=",
    "number": 1958,
    "title": "May flask support live settings like django-constance",
    "user": {
        "login": "Colstuwjx",
        "id": 3972545,
        "node_id": "MDQ6VXNlcjM5NzI1NDU=",
        "avatar_url": "https://avatars1.githubusercontent.com/u/3972545?v=4",
        "gravatar_id": "",
        "url": "https://api.github.com/users/Colstuwjx",
        "html_url": "https://github.com/Colstuwjx",
        "followers_url": "https://api.github.com/users/Colstuwjx/followers",
        "following_url": "https://api.github.com/users/Colstuwjx/following{/other_user}",
        "gists_url": "https://api.github.com/users/Colstuwjx/gists{/gist_id}",
        "starred_url": "https://api.github.com/users/Colstuwjx/starred{/owner}{/repo}",
        "subscriptions_url": "https://api.github.com/users/Colstuwjx/subscriptions",
        "organizations_url": "https://api.github.com/users/Colstuwjx/orgs",
        "repos_url": "https://api.github.com/users/Colstuwjx/repos",
        "events_url": "https://api.github.com/users/Colstuwjx/events{/privacy}",
        "received_events_url": "https://api.github.com/users/Colstuwjx/received_events",
        "type": "User",
        "site_admin": false
    },
    "labels": [],
    "state": "closed",
    "locked": false,
    "assignee": null,
    "assignees": [],
    "milestone": null,
    "comments": 1,
    "created_at": "2016-07-18T14:48:17Z",
    "updated_at": "2016-07-18T14:49:50Z",
    "closed_at": "2016-07-18T14:49:38Z",
    "author_association": "NONE",
    "body": "Hi, I'm new to flask, and just wonder if flask could support editing the settings on admin and hot reload as a feature, like the django-constance worked.\n\nThx.\n",
    "comments_inline": [
        {
            "url": "https://api.github.com/repos/pallets/flask/issues/comments/233351408",
            "html_url": "https://github.com/pallets/flask/issues/1958#issuecomment-233351408",
            "issue_url": "https://api.github.com/repos/pallets/flask/issues/1958",
            "id": 233351408,
            "node_id": "MDEyOklzc3VlQ29tbWVudDIzMzM1MTQwOA==",
            "user": {
                "login": "davidism",
                "id": 1242887,
                "node_id": "MDQ6VXNlcjEyNDI4ODc=",
                "avatar_url": "https://avatars1.githubusercontent.com/u/1242887?v=4",
                "gravatar_id": "",
                "url": "https://api.github.com/users/davidism",
                "html_url": "https://github.com/davidism",
                "followers_url": "https://api.github.com/users/davidism/followers",
                "following_url": "https://api.github.com/users/davidism/following{/other_user}",
                "gists_url": "https://api.github.com/users/davidism/gists{/gist_id}",
                "starred_url": "https://api.github.com/users/davidism/starred{/owner}{/repo}",
                "subscriptions_url": "https://api.github.com/users/davidism/subscriptions",
                "organizations_url": "https://api.github.com/users/davidism/orgs",
                "repos_url": "https://api.github.com/users/davidism/repos",
                "events_url": "https://api.github.com/users/davidism/events{/privacy}",
                "received_events_url": "https://api.github.com/users/davidism/received_events",
                "type": "User",
                "site_admin": false
            },
            "created_at": "2016-07-18T14:49:50Z",
            "updated_at": "2016-07-18T14:49:50Z",
            "author_association": "MEMBER",
            "body": "#1957 \n"
        }
    ]
}