{
    "url": "https://api.github.com/repos/pallets/flask/issues/1959",
    "repository_url": "https://api.github.com/repos/pallets/flask",
    "labels_url": "https://api.github.com/repos/pallets/flask/issues/1959/labels{/name}",
    "comments_url": "https://api.github.com/repos/pallets/flask/issues/1959/comments",
    "events_url": "https://api.github.com/repos/pallets/flask/issues/1959/events",
    "html_url": "https://github.com/pallets/flask/issues/1959",
    "id": 166843889,
    "node_id": "MDU6SXNzdWUxNjY4NDM4ODk=",
    "number": 1959,
    "title": "Not working on AWS Windows instance?",
    "user": {
        "login": "gullyy",
        "id": 6221043,
        "node_id": "MDQ6VXNlcjYyMjEwNDM=",
        "avatar_url": "https://avatars3.githubusercontent.com/u/6221043?v=4",
        "gravatar_id": "",
        "url": "https://api.github.com/users/gullyy",
        "html_url": "https://github.com/gullyy",
        "followers_url": "https://api.github.com/users/gullyy/followers",
        "following_url": "https://api.github.com/users/gullyy/following{/other_user}",
        "gists_url": "https://api.github.com/users/gullyy/gists{/gist_id}",
        "starred_url": "https://api.github.com/users/gullyy/starred{/owner}{/repo}",
        "subscriptions_url": "https://api.github.com/users/gullyy/subscriptions",
        "organizations_url": "https://api.github.com/users/gullyy/orgs",
        "repos_url": "https://api.github.com/users/gullyy/repos",
        "events_url": "https://api.github.com/users/gullyy/events{/privacy}",
        "received_events_url": "https://api.github.com/users/gullyy/received_events",
        "type": "User",
        "site_admin": false
    },
    "labels": [],
    "state": "closed",
    "locked": false,
    "assignee": null,
    "assignees": [],
    "milestone": null,
    "comments": 5,
    "created_at": "2016-07-21T15:10:33Z",
    "updated_at": "2016-07-21T18:58:23Z",
    "closed_at": "2016-07-21T18:14:56Z",
    "author_association": "NONE",
    "body": "Locally(within the cloud instance ) being able to create the server and access from browser using localhost.But when trying to access the flask application outside the instance it fails to connect.The port used was 8217.So I created another server on Nodejs on the same port and then the node application is accessible outside the instance with the public IP. Also to ensure I thought that the problem might be only with my python,so to validate it I tried creating a naked server using HTTPServer and it worked fine. Not sure what is going wrong here.Any  help?\n",
    "comments_inline": [
        {
            "url": "https://api.github.com/repos/pallets/flask/issues/comments/234337762",
            "html_url": "https://github.com/pallets/flask/issues/1959#issuecomment-234337762",
            "issue_url": "https://api.github.com/repos/pallets/flask/issues/1959",
            "id": 234337762,
            "node_id": "MDEyOklzc3VlQ29tbWVudDIzNDMzNzc2Mg==",
            "user": {
                "login": "davidism",
                "id": 1242887,
                "node_id": "MDQ6VXNlcjEyNDI4ODc=",
                "avatar_url": "https://avatars1.githubusercontent.com/u/1242887?v=4",
                "gravatar_id": "",
                "url": "https://api.github.com/users/davidism",
                "html_url": "https://github.com/davidism",
                "followers_url": "https://api.github.com/users/davidism/followers",
                "following_url": "https://api.github.com/users/davidism/following{/other_user}",
                "gists_url": "https://api.github.com/users/davidism/gists{/gist_id}",
                "starred_url": "https://api.github.com/users/davidism/starred{/owner}{/repo}",
                "subscriptions_url": "https://api.github.com/users/davidism/subscriptions",
                "organizations_url": "https://api.github.com/users/davidism/orgs",
                "repos_url": "https://api.github.com/users/davidism/repos",
                "events_url": "https://api.github.com/users/davidism/events{/privacy}",
                "received_events_url": "https://api.github.com/users/davidism/received_events",
                "type": "User",
                "site_admin": false
            },
            "created_at": "2016-07-21T18:14:56Z",
            "updated_at": "2016-07-21T18:15:07Z",
            "author_association": "MEMBER",
            "body": "Please use Stack Overflow for questions about your own code.  Please create a [minimal, complete, and verifiable example](http://stackoverflow.com/help/mcve) before that.\n"
        },
        {
            "url": "https://api.github.com/repos/pallets/flask/issues/comments/234340062",
            "html_url": "https://github.com/pallets/flask/issues/1959#issuecomment-234340062",
            "issue_url": "https://api.github.com/repos/pallets/flask/issues/1959",
            "id": 234340062,
            "node_id": "MDEyOklzc3VlQ29tbWVudDIzNDM0MDA2Mg==",
            "user": {
                "login": "gullyy",
                "id": 6221043,
                "node_id": "MDQ6VXNlcjYyMjEwNDM=",
                "avatar_url": "https://avatars3.githubusercontent.com/u/6221043?v=4",
                "gravatar_id": "",
                "url": "https://api.github.com/users/gullyy",
                "html_url": "https://github.com/gullyy",
                "followers_url": "https://api.github.com/users/gullyy/followers",
                "following_url": "https://api.github.com/users/gullyy/following{/other_user}",
                "gists_url": "https://api.github.com/users/gullyy/gists{/gist_id}",
                "starred_url": "https://api.github.com/users/gullyy/starred{/owner}{/repo}",
                "subscriptions_url": "https://api.github.com/users/gullyy/subscriptions",
                "organizations_url": "https://api.github.com/users/gullyy/orgs",
                "repos_url": "https://api.github.com/users/gullyy/repos",
                "events_url": "https://api.github.com/users/gullyy/events{/privacy}",
                "received_events_url": "https://api.github.com/users/gullyy/received_events",
                "type": "User",
                "site_admin": false
            },
            "created_at": "2016-07-21T18:22:39Z",
            "updated_at": "2016-07-21T18:22:39Z",
            "author_association": "NONE",
            "body": "app.run(\n        host=\"0.0.0.0\",\n        port=8000,\n        ssl_context=context\n    )\nThis worked.Host made '0.0.0.0' instead of localhost\n"
        },
        {
            "url": "https://api.github.com/repos/pallets/flask/issues/comments/234343827",
            "html_url": "https://github.com/pallets/flask/issues/1959#issuecomment-234343827",
            "issue_url": "https://api.github.com/repos/pallets/flask/issues/1959",
            "id": 234343827,
            "node_id": "MDEyOklzc3VlQ29tbWVudDIzNDM0MzgyNw==",
            "user": {
                "login": "davidism",
                "id": 1242887,
                "node_id": "MDQ6VXNlcjEyNDI4ODc=",
                "avatar_url": "https://avatars1.githubusercontent.com/u/1242887?v=4",
                "gravatar_id": "",
                "url": "https://api.github.com/users/davidism",
                "html_url": "https://github.com/davidism",
                "followers_url": "https://api.github.com/users/davidism/followers",
                "following_url": "https://api.github.com/users/davidism/following{/other_user}",
                "gists_url": "https://api.github.com/users/davidism/gists{/gist_id}",
                "starred_url": "https://api.github.com/users/davidism/starred{/owner}{/repo}",
                "subscriptions_url": "https://api.github.com/users/davidism/subscriptions",
                "organizations_url": "https://api.github.com/users/davidism/orgs",
                "repos_url": "https://api.github.com/users/davidism/repos",
                "events_url": "https://api.github.com/users/davidism/events{/privacy}",
                "received_events_url": "https://api.github.com/users/davidism/received_events",
                "type": "User",
                "site_admin": false
            },
            "created_at": "2016-07-21T18:36:00Z",
            "updated_at": "2016-07-21T18:36:00Z",
            "author_association": "MEMBER",
            "body": "Do **not** use the development server in a production environment.  This is not guaranteed to be safe, performant, or stable.\n"
        },
        {
            "url": "https://api.github.com/repos/pallets/flask/issues/comments/234348054",
            "html_url": "https://github.com/pallets/flask/issues/1959#issuecomment-234348054",
            "issue_url": "https://api.github.com/repos/pallets/flask/issues/1959",
            "id": 234348054,
            "node_id": "MDEyOklzc3VlQ29tbWVudDIzNDM0ODA1NA==",
            "user": {
                "login": "gullyy",
                "id": 6221043,
                "node_id": "MDQ6VXNlcjYyMjEwNDM=",
                "avatar_url": "https://avatars3.githubusercontent.com/u/6221043?v=4",
                "gravatar_id": "",
                "url": "https://api.github.com/users/gullyy",
                "html_url": "https://github.com/gullyy",
                "followers_url": "https://api.github.com/users/gullyy/followers",
                "following_url": "https://api.github.com/users/gullyy/following{/other_user}",
                "gists_url": "https://api.github.com/users/gullyy/gists{/gist_id}",
                "starred_url": "https://api.github.com/users/gullyy/starred{/owner}{/repo}",
                "subscriptions_url": "https://api.github.com/users/gullyy/subscriptions",
                "organizations_url": "https://api.github.com/users/gullyy/orgs",
                "repos_url": "https://api.github.com/users/gullyy/repos",
                "events_url": "https://api.github.com/users/gullyy/events{/privacy}",
                "received_events_url": "https://api.github.com/users/gullyy/received_events",
                "type": "User",
                "site_admin": false
            },
            "created_at": "2016-07-21T18:50:44Z",
            "updated_at": "2016-07-21T18:50:44Z",
            "author_association": "NONE",
            "body": "@davidism how do I know which one is development environment?\n"
        },
        {
            "url": "https://api.github.com/repos/pallets/flask/issues/comments/234349873",
            "html_url": "https://github.com/pallets/flask/issues/1959#issuecomment-234349873",
            "issue_url": "https://api.github.com/repos/pallets/flask/issues/1959",
            "id": 234349873,
            "node_id": "MDEyOklzc3VlQ29tbWVudDIzNDM0OTg3Mw==",
            "user": {
                "login": "wgwz",
                "id": 10120306,
                "node_id": "MDQ6VXNlcjEwMTIwMzA2",
                "avatar_url": "https://avatars2.githubusercontent.com/u/10120306?v=4",
                "gravatar_id": "",
                "url": "https://api.github.com/users/wgwz",
                "html_url": "https://github.com/wgwz",
                "followers_url": "https://api.github.com/users/wgwz/followers",
                "following_url": "https://api.github.com/users/wgwz/following{/other_user}",
                "gists_url": "https://api.github.com/users/wgwz/gists{/gist_id}",
                "starred_url": "https://api.github.com/users/wgwz/starred{/owner}{/repo}",
                "subscriptions_url": "https://api.github.com/users/wgwz/subscriptions",
                "organizations_url": "https://api.github.com/users/wgwz/orgs",
                "repos_url": "https://api.github.com/users/wgwz/repos",
                "events_url": "https://api.github.com/users/wgwz/events{/privacy}",
                "received_events_url": "https://api.github.com/users/wgwz/received_events",
                "type": "User",
                "site_admin": false
            },
            "created_at": "2016-07-21T18:56:54Z",
            "updated_at": "2016-07-21T18:58:23Z",
            "author_association": "CONTRIBUTOR",
            "body": "@gullyy If you are using the default server that comes with Flask (Werkzeug). example of server for production environment: http://flask.pocoo.org/docs/0.11/deploying/wsgi-standalone/\n"
        }
    ]
}