{
    "url": "https://api.github.com/repos/pallets/flask/issues/196",
    "repository_url": "https://api.github.com/repos/pallets/flask",
    "labels_url": "https://api.github.com/repos/pallets/flask/issues/196/labels{/name}",
    "comments_url": "https://api.github.com/repos/pallets/flask/issues/196/comments",
    "events_url": "https://api.github.com/repos/pallets/flask/issues/196/events",
    "html_url": "https://github.com/pallets/flask/pull/196",
    "id": 670372,
    "node_id": "MDExOlB1bGxSZXF1ZXN0OTIyODE=",
    "number": 196,
    "title": "Fix crossref links in docs",
    "user": {
        "login": "swanson",
        "id": 56947,
        "node_id": "MDQ6VXNlcjU2OTQ3",
        "avatar_url": "https://avatars3.githubusercontent.com/u/56947?v=4",
        "gravatar_id": "",
        "url": "https://api.github.com/users/swanson",
        "html_url": "https://github.com/swanson",
        "followers_url": "https://api.github.com/users/swanson/followers",
        "following_url": "https://api.github.com/users/swanson/following{/other_user}",
        "gists_url": "https://api.github.com/users/swanson/gists{/gist_id}",
        "starred_url": "https://api.github.com/users/swanson/starred{/owner}{/repo}",
        "subscriptions_url": "https://api.github.com/users/swanson/subscriptions",
        "organizations_url": "https://api.github.com/users/swanson/orgs",
        "repos_url": "https://api.github.com/users/swanson/repos",
        "events_url": "https://api.github.com/users/swanson/events{/privacy}",
        "received_events_url": "https://api.github.com/users/swanson/received_events",
        "type": "User",
        "site_admin": false
    },
    "labels": [],
    "state": "closed",
    "locked": false,
    "assignee": null,
    "assignees": [],
    "milestone": null,
    "comments": 1,
    "created_at": "2011-03-14T00:50:58Z",
    "updated_at": "2014-06-12T10:21:41Z",
    "closed_at": "2011-03-14T01:10:44Z",
    "author_association": "CONTRIBUTOR",
    "pull_request": {
        "url": "https://api.github.com/repos/pallets/flask/pulls/196",
        "html_url": "https://github.com/pallets/flask/pull/196",
        "diff_url": "https://github.com/pallets/flask/pull/196.diff",
        "patch_url": "https://github.com/pallets/flask/pull/196.patch"
    },
    "body": "Couldn't make it to PyCon but helping out with the sprint remotely :)\n\nhttps://github.com/mitsuhiko/flask/issues/labels/feedback#issue/180\n",
    "comments_inline": [
        {
            "url": "https://api.github.com/repos/pallets/flask/issues/comments/867409",
            "html_url": "https://github.com/pallets/flask/pull/196#issuecomment-867409",
            "issue_url": "https://api.github.com/repos/pallets/flask/issues/196",
            "id": 867409,
            "node_id": "MDEyOklzc3VlQ29tbWVudDg2NzQwOQ==",
            "user": {
                "login": "mitsuhiko",
                "id": 7396,
                "node_id": "MDQ6VXNlcjczOTY=",
                "avatar_url": "https://avatars1.githubusercontent.com/u/7396?v=4",
                "gravatar_id": "",
                "url": "https://api.github.com/users/mitsuhiko",
                "html_url": "https://github.com/mitsuhiko",
                "followers_url": "https://api.github.com/users/mitsuhiko/followers",
                "following_url": "https://api.github.com/users/mitsuhiko/following{/other_user}",
                "gists_url": "https://api.github.com/users/mitsuhiko/gists{/gist_id}",
                "starred_url": "https://api.github.com/users/mitsuhiko/starred{/owner}{/repo}",
                "subscriptions_url": "https://api.github.com/users/mitsuhiko/subscriptions",
                "organizations_url": "https://api.github.com/users/mitsuhiko/orgs",
                "repos_url": "https://api.github.com/users/mitsuhiko/repos",
                "events_url": "https://api.github.com/users/mitsuhiko/events{/privacy}",
                "received_events_url": "https://api.github.com/users/mitsuhiko/received_events",
                "type": "User",
                "site_admin": false
            },
            "created_at": "2011-03-14T01:10:42Z",
            "updated_at": "2011-03-14T01:10:42Z",
            "author_association": "MEMBER",
            "body": "Thanks. Pulled and merged.\n"
        }
    ]
}