{
    "url": "https://api.github.com/repos/pallets/flask/issues/1960",
    "repository_url": "https://api.github.com/repos/pallets/flask",
    "labels_url": "https://api.github.com/repos/pallets/flask/issues/1960/labels{/name}",
    "comments_url": "https://api.github.com/repos/pallets/flask/issues/1960/comments",
    "events_url": "https://api.github.com/repos/pallets/flask/issues/1960/events",
    "html_url": "https://github.com/pallets/flask/pull/1960",
    "id": 167066598,
    "node_id": "MDExOlB1bGxSZXF1ZXN0Nzg0OTI1Nzg=",
    "number": 1960,
    "title": "Document the rest arguments of abort function",
    "user": {
        "login": "vkrizan",
        "id": 7695766,
        "node_id": "MDQ6VXNlcjc2OTU3NjY=",
        "avatar_url": "https://avatars3.githubusercontent.com/u/7695766?v=4",
        "gravatar_id": "",
        "url": "https://api.github.com/users/vkrizan",
        "html_url": "https://github.com/vkrizan",
        "followers_url": "https://api.github.com/users/vkrizan/followers",
        "following_url": "https://api.github.com/users/vkrizan/following{/other_user}",
        "gists_url": "https://api.github.com/users/vkrizan/gists{/gist_id}",
        "starred_url": "https://api.github.com/users/vkrizan/starred{/owner}{/repo}",
        "subscriptions_url": "https://api.github.com/users/vkrizan/subscriptions",
        "organizations_url": "https://api.github.com/users/vkrizan/orgs",
        "repos_url": "https://api.github.com/users/vkrizan/repos",
        "events_url": "https://api.github.com/users/vkrizan/events{/privacy}",
        "received_events_url": "https://api.github.com/users/vkrizan/received_events",
        "type": "User",
        "site_admin": false
    },
    "labels": [],
    "state": "closed",
    "locked": false,
    "assignee": null,
    "assignees": [],
    "milestone": null,
    "comments": 7,
    "created_at": "2016-07-22T15:08:31Z",
    "updated_at": "2016-09-18T13:48:14Z",
    "closed_at": "2016-09-18T13:48:14Z",
    "author_association": "NONE",
    "pull_request": {
        "url": "https://api.github.com/repos/pallets/flask/pulls/1960",
        "html_url": "https://github.com/pallets/flask/pull/1960",
        "diff_url": "https://github.com/pallets/flask/pull/1960.diff",
        "patch_url": "https://github.com/pallets/flask/pull/1960.patch"
    },
    "body": "Updated abort function in api.rst, to document the ability to use\nargs and kwargs for HTTPException. Forwarding the rest of the arguments to the exception was not documented, even when it is possible by abort (Aborter).\n\n<!-- Reviewable:start -->\n\n---\n\nThis change is [<img src=\"https://reviewable.io/review_button.svg\" height=\"34\" align=\"absmiddle\" alt=\"Reviewable\"/>](https://reviewable.io/reviews/pallets/flask/1960)\n\n<!-- Reviewable:end -->\n",
    "comments_inline": [
        {
            "url": "https://api.github.com/repos/pallets/flask/issues/comments/234571471",
            "html_url": "https://github.com/pallets/flask/pull/1960#issuecomment-234571471",
            "issue_url": "https://api.github.com/repos/pallets/flask/issues/1960",
            "id": 234571471,
            "node_id": "MDEyOklzc3VlQ29tbWVudDIzNDU3MTQ3MQ==",
            "user": {
                "login": "davidism",
                "id": 1242887,
                "node_id": "MDQ6VXNlcjEyNDI4ODc=",
                "avatar_url": "https://avatars1.githubusercontent.com/u/1242887?v=4",
                "gravatar_id": "",
                "url": "https://api.github.com/users/davidism",
                "html_url": "https://github.com/davidism",
                "followers_url": "https://api.github.com/users/davidism/followers",
                "following_url": "https://api.github.com/users/davidism/following{/other_user}",
                "gists_url": "https://api.github.com/users/davidism/gists{/gist_id}",
                "starred_url": "https://api.github.com/users/davidism/starred{/owner}{/repo}",
                "subscriptions_url": "https://api.github.com/users/davidism/subscriptions",
                "organizations_url": "https://api.github.com/users/davidism/orgs",
                "repos_url": "https://api.github.com/users/davidism/repos",
                "events_url": "https://api.github.com/users/davidism/events{/privacy}",
                "received_events_url": "https://api.github.com/users/davidism/received_events",
                "type": "User",
                "site_admin": false
            },
            "created_at": "2016-07-22T15:14:38Z",
            "updated_at": "2016-07-22T15:14:38Z",
            "author_association": "MEMBER",
            "body": "I'd rather improve the [Werkzeug docs](http://werkzeug.pocoo.org/docs/0.11/exceptions/#simple-aborting) and link to them.  The Flask docs don't typically cover the uncommon parts of Werkzeug-provided functions.\n"
        },
        {
            "url": "https://api.github.com/repos/pallets/flask/issues/comments/234573085",
            "html_url": "https://github.com/pallets/flask/pull/1960#issuecomment-234573085",
            "issue_url": "https://api.github.com/repos/pallets/flask/issues/1960",
            "id": 234573085,
            "node_id": "MDEyOklzc3VlQ29tbWVudDIzNDU3MzA4NQ==",
            "user": {
                "login": "vkrizan",
                "id": 7695766,
                "node_id": "MDQ6VXNlcjc2OTU3NjY=",
                "avatar_url": "https://avatars3.githubusercontent.com/u/7695766?v=4",
                "gravatar_id": "",
                "url": "https://api.github.com/users/vkrizan",
                "html_url": "https://github.com/vkrizan",
                "followers_url": "https://api.github.com/users/vkrizan/followers",
                "following_url": "https://api.github.com/users/vkrizan/following{/other_user}",
                "gists_url": "https://api.github.com/users/vkrizan/gists{/gist_id}",
                "starred_url": "https://api.github.com/users/vkrizan/starred{/owner}{/repo}",
                "subscriptions_url": "https://api.github.com/users/vkrizan/subscriptions",
                "organizations_url": "https://api.github.com/users/vkrizan/orgs",
                "repos_url": "https://api.github.com/users/vkrizan/repos",
                "events_url": "https://api.github.com/users/vkrizan/events{/privacy}",
                "received_events_url": "https://api.github.com/users/vkrizan/received_events",
                "type": "User",
                "site_admin": false
            },
            "created_at": "2016-07-22T15:20:24Z",
            "updated_at": "2016-07-22T15:20:24Z",
            "author_association": "NONE",
            "body": "So, add the `*args, **kwargs` to werkzeug docs and then just add link to it from Flask docs? Then Flask should also document the right signature of abort function.\n"
        },
        {
            "url": "https://api.github.com/repos/pallets/flask/issues/comments/245536396",
            "html_url": "https://github.com/pallets/flask/pull/1960#issuecomment-245536396",
            "issue_url": "https://api.github.com/repos/pallets/flask/issues/1960",
            "id": 245536396,
            "node_id": "MDEyOklzc3VlQ29tbWVudDI0NTUzNjM5Ng==",
            "user": {
                "login": "mitsuhiko",
                "id": 7396,
                "node_id": "MDQ6VXNlcjczOTY=",
                "avatar_url": "https://avatars1.githubusercontent.com/u/7396?v=4",
                "gravatar_id": "",
                "url": "https://api.github.com/users/mitsuhiko",
                "html_url": "https://github.com/mitsuhiko",
                "followers_url": "https://api.github.com/users/mitsuhiko/followers",
                "following_url": "https://api.github.com/users/mitsuhiko/following{/other_user}",
                "gists_url": "https://api.github.com/users/mitsuhiko/gists{/gist_id}",
                "starred_url": "https://api.github.com/users/mitsuhiko/starred{/owner}{/repo}",
                "subscriptions_url": "https://api.github.com/users/mitsuhiko/subscriptions",
                "organizations_url": "https://api.github.com/users/mitsuhiko/orgs",
                "repos_url": "https://api.github.com/users/mitsuhiko/repos",
                "events_url": "https://api.github.com/users/mitsuhiko/events{/privacy}",
                "received_events_url": "https://api.github.com/users/mitsuhiko/received_events",
                "type": "User",
                "site_admin": false
            },
            "created_at": "2016-09-08T08:59:28Z",
            "updated_at": "2016-09-08T08:59:28Z",
            "author_association": "MEMBER",
            "body": "For what it's worth I'm not a huge fan of that feature to begin with :(\n"
        },
        {
            "url": "https://api.github.com/repos/pallets/flask/issues/comments/245545885",
            "html_url": "https://github.com/pallets/flask/pull/1960#issuecomment-245545885",
            "issue_url": "https://api.github.com/repos/pallets/flask/issues/1960",
            "id": 245545885,
            "node_id": "MDEyOklzc3VlQ29tbWVudDI0NTU0NTg4NQ==",
            "user": {
                "login": "vkrizan",
                "id": 7695766,
                "node_id": "MDQ6VXNlcjc2OTU3NjY=",
                "avatar_url": "https://avatars3.githubusercontent.com/u/7695766?v=4",
                "gravatar_id": "",
                "url": "https://api.github.com/users/vkrizan",
                "html_url": "https://github.com/vkrizan",
                "followers_url": "https://api.github.com/users/vkrizan/followers",
                "following_url": "https://api.github.com/users/vkrizan/following{/other_user}",
                "gists_url": "https://api.github.com/users/vkrizan/gists{/gist_id}",
                "starred_url": "https://api.github.com/users/vkrizan/starred{/owner}{/repo}",
                "subscriptions_url": "https://api.github.com/users/vkrizan/subscriptions",
                "organizations_url": "https://api.github.com/users/vkrizan/orgs",
                "repos_url": "https://api.github.com/users/vkrizan/repos",
                "events_url": "https://api.github.com/users/vkrizan/events{/privacy}",
                "received_events_url": "https://api.github.com/users/vkrizan/received_events",
                "type": "User",
                "site_admin": false
            },
            "created_at": "2016-09-08T09:38:15Z",
            "updated_at": "2016-09-08T09:38:31Z",
            "author_association": "NONE",
            "body": "> For what it's worth I'm not a huge fan of that feature to begin with :(\n\nDo you recommend to use `raise werkzeug.exceptions.BadRequest()` instead of `flask.abort(400)`?\n"
        },
        {
            "url": "https://api.github.com/repos/pallets/flask/issues/comments/245597267",
            "html_url": "https://github.com/pallets/flask/pull/1960#issuecomment-245597267",
            "issue_url": "https://api.github.com/repos/pallets/flask/issues/1960",
            "id": 245597267,
            "node_id": "MDEyOklzc3VlQ29tbWVudDI0NTU5NzI2Nw==",
            "user": {
                "login": "untitaker",
                "id": 837573,
                "node_id": "MDQ6VXNlcjgzNzU3Mw==",
                "avatar_url": "https://avatars0.githubusercontent.com/u/837573?v=4",
                "gravatar_id": "",
                "url": "https://api.github.com/users/untitaker",
                "html_url": "https://github.com/untitaker",
                "followers_url": "https://api.github.com/users/untitaker/followers",
                "following_url": "https://api.github.com/users/untitaker/following{/other_user}",
                "gists_url": "https://api.github.com/users/untitaker/gists{/gist_id}",
                "starred_url": "https://api.github.com/users/untitaker/starred{/owner}{/repo}",
                "subscriptions_url": "https://api.github.com/users/untitaker/subscriptions",
                "organizations_url": "https://api.github.com/users/untitaker/orgs",
                "repos_url": "https://api.github.com/users/untitaker/repos",
                "events_url": "https://api.github.com/users/untitaker/events{/privacy}",
                "received_events_url": "https://api.github.com/users/untitaker/received_events",
                "type": "User",
                "site_admin": false
            },
            "created_at": "2016-09-08T13:29:34Z",
            "updated_at": "2016-09-08T13:29:45Z",
            "author_association": "MEMBER",
            "body": "I've opened https://github.com/pallets/werkzeug/pull/1003, after that lands you should be able to use `autofunction:: abort` like everywhere else. I've changed the docs to make sense for Flask as well.\n"
        },
        {
            "url": "https://api.github.com/repos/pallets/flask/issues/comments/245600286",
            "html_url": "https://github.com/pallets/flask/pull/1960#issuecomment-245600286",
            "issue_url": "https://api.github.com/repos/pallets/flask/issues/1960",
            "id": 245600286,
            "node_id": "MDEyOklzc3VlQ29tbWVudDI0NTYwMDI4Ng==",
            "user": {
                "login": "vkrizan",
                "id": 7695766,
                "node_id": "MDQ6VXNlcjc2OTU3NjY=",
                "avatar_url": "https://avatars3.githubusercontent.com/u/7695766?v=4",
                "gravatar_id": "",
                "url": "https://api.github.com/users/vkrizan",
                "html_url": "https://github.com/vkrizan",
                "followers_url": "https://api.github.com/users/vkrizan/followers",
                "following_url": "https://api.github.com/users/vkrizan/following{/other_user}",
                "gists_url": "https://api.github.com/users/vkrizan/gists{/gist_id}",
                "starred_url": "https://api.github.com/users/vkrizan/starred{/owner}{/repo}",
                "subscriptions_url": "https://api.github.com/users/vkrizan/subscriptions",
                "organizations_url": "https://api.github.com/users/vkrizan/orgs",
                "repos_url": "https://api.github.com/users/vkrizan/repos",
                "events_url": "https://api.github.com/users/vkrizan/events{/privacy}",
                "received_events_url": "https://api.github.com/users/vkrizan/received_events",
                "type": "User",
                "site_admin": false
            },
            "created_at": "2016-09-08T13:39:59Z",
            "updated_at": "2016-09-08T13:39:59Z",
            "author_association": "NONE",
            "body": "Thank you @untitaker. Feel free to close this (if it is resolved in Flask docs).\n"
        },
        {
            "url": "https://api.github.com/repos/pallets/flask/issues/comments/246168498",
            "html_url": "https://github.com/pallets/flask/pull/1960#issuecomment-246168498",
            "issue_url": "https://api.github.com/repos/pallets/flask/issues/1960",
            "id": 246168498,
            "node_id": "MDEyOklzc3VlQ29tbWVudDI0NjE2ODQ5OA==",
            "user": {
                "login": "mitsuhiko",
                "id": 7396,
                "node_id": "MDQ6VXNlcjczOTY=",
                "avatar_url": "https://avatars1.githubusercontent.com/u/7396?v=4",
                "gravatar_id": "",
                "url": "https://api.github.com/users/mitsuhiko",
                "html_url": "https://github.com/mitsuhiko",
                "followers_url": "https://api.github.com/users/mitsuhiko/followers",
                "following_url": "https://api.github.com/users/mitsuhiko/following{/other_user}",
                "gists_url": "https://api.github.com/users/mitsuhiko/gists{/gist_id}",
                "starred_url": "https://api.github.com/users/mitsuhiko/starred{/owner}{/repo}",
                "subscriptions_url": "https://api.github.com/users/mitsuhiko/subscriptions",
                "organizations_url": "https://api.github.com/users/mitsuhiko/orgs",
                "repos_url": "https://api.github.com/users/mitsuhiko/repos",
                "events_url": "https://api.github.com/users/mitsuhiko/events{/privacy}",
                "received_events_url": "https://api.github.com/users/mitsuhiko/received_events",
                "type": "User",
                "site_admin": false
            },
            "created_at": "2016-09-11T08:25:38Z",
            "updated_at": "2016-09-11T08:25:38Z",
            "author_association": "MEMBER",
            "body": "@vkrizan `abort(400)` is fine, `abort(code, foo=bar)` I do not see as something I like to support.\n"
        }
    ]
}