{
    "url": "https://api.github.com/repos/pallets/flask/issues/1962",
    "repository_url": "https://api.github.com/repos/pallets/flask",
    "labels_url": "https://api.github.com/repos/pallets/flask/issues/1962/labels{/name}",
    "comments_url": "https://api.github.com/repos/pallets/flask/issues/1962/comments",
    "events_url": "https://api.github.com/repos/pallets/flask/issues/1962/events",
    "html_url": "https://github.com/pallets/flask/issues/1962",
    "id": 167757123,
    "node_id": "MDU6SXNzdWUxNjc3NTcxMjM=",
    "number": 1962,
    "title": "failing tests",
    "user": {
        "login": "MustafaAdam",
        "id": 6272371,
        "node_id": "MDQ6VXNlcjYyNzIzNzE=",
        "avatar_url": "https://avatars0.githubusercontent.com/u/6272371?v=4",
        "gravatar_id": "",
        "url": "https://api.github.com/users/MustafaAdam",
        "html_url": "https://github.com/MustafaAdam",
        "followers_url": "https://api.github.com/users/MustafaAdam/followers",
        "following_url": "https://api.github.com/users/MustafaAdam/following{/other_user}",
        "gists_url": "https://api.github.com/users/MustafaAdam/gists{/gist_id}",
        "starred_url": "https://api.github.com/users/MustafaAdam/starred{/owner}{/repo}",
        "subscriptions_url": "https://api.github.com/users/MustafaAdam/subscriptions",
        "organizations_url": "https://api.github.com/users/MustafaAdam/orgs",
        "repos_url": "https://api.github.com/users/MustafaAdam/repos",
        "events_url": "https://api.github.com/users/MustafaAdam/events{/privacy}",
        "received_events_url": "https://api.github.com/users/MustafaAdam/received_events",
        "type": "User",
        "site_admin": false
    },
    "labels": [],
    "state": "closed",
    "locked": false,
    "assignee": null,
    "assignees": [],
    "milestone": null,
    "comments": 2,
    "created_at": "2016-07-27T02:44:52Z",
    "updated_at": "2016-07-27T04:06:25Z",
    "closed_at": "2016-07-27T04:06:25Z",
    "author_association": "NONE",
    "body": "running py.test on the tests folder, I get a few failures\n\ntest_safe_join and test_safe_join_exceptions both fail.\nThe first one fails with a 'TypeError: safe_join() missing 1 required positional argument: 'filename'\nThe second fails with a 'TypeError: safe_join() takes 2 positional arguments but 3 were given'\n\nAlso\n\ntest_send_file_last_modified fails. \n'rv.last_modified' is None. Hence, 'assert rv.last_modified == datetime.datetime(1999,1,1,0,0) fails\n\nI'm somewhat of a amatuer programmer so maybe it's just me :)\n",
    "comments_inline": [
        {
            "url": "https://api.github.com/repos/pallets/flask/issues/comments/235474813",
            "html_url": "https://github.com/pallets/flask/issues/1962#issuecomment-235474813",
            "issue_url": "https://api.github.com/repos/pallets/flask/issues/1962",
            "id": 235474813,
            "node_id": "MDEyOklzc3VlQ29tbWVudDIzNTQ3NDgxMw==",
            "user": {
                "login": "wgwz",
                "id": 10120306,
                "node_id": "MDQ6VXNlcjEwMTIwMzA2",
                "avatar_url": "https://avatars2.githubusercontent.com/u/10120306?v=4",
                "gravatar_id": "",
                "url": "https://api.github.com/users/wgwz",
                "html_url": "https://github.com/wgwz",
                "followers_url": "https://api.github.com/users/wgwz/followers",
                "following_url": "https://api.github.com/users/wgwz/following{/other_user}",
                "gists_url": "https://api.github.com/users/wgwz/gists{/gist_id}",
                "starred_url": "https://api.github.com/users/wgwz/starred{/owner}{/repo}",
                "subscriptions_url": "https://api.github.com/users/wgwz/subscriptions",
                "organizations_url": "https://api.github.com/users/wgwz/orgs",
                "repos_url": "https://api.github.com/users/wgwz/repos",
                "events_url": "https://api.github.com/users/wgwz/events{/privacy}",
                "received_events_url": "https://api.github.com/users/wgwz/received_events",
                "type": "User",
                "site_admin": false
            },
            "created_at": "2016-07-27T03:29:42Z",
            "updated_at": "2016-07-27T03:29:42Z",
            "author_association": "CONTRIBUTOR",
            "body": "did you follow [here](https://github.com/pallets/flask/blob/master/CONTRIBUTING.rst#running-the-testsuite)? (how-to running test suite)\n"
        },
        {
            "url": "https://api.github.com/repos/pallets/flask/issues/comments/235478854",
            "html_url": "https://github.com/pallets/flask/issues/1962#issuecomment-235478854",
            "issue_url": "https://api.github.com/repos/pallets/flask/issues/1962",
            "id": 235478854,
            "node_id": "MDEyOklzc3VlQ29tbWVudDIzNTQ3ODg1NA==",
            "user": {
                "login": "MustafaAdam",
                "id": 6272371,
                "node_id": "MDQ6VXNlcjYyNzIzNzE=",
                "avatar_url": "https://avatars0.githubusercontent.com/u/6272371?v=4",
                "gravatar_id": "",
                "url": "https://api.github.com/users/MustafaAdam",
                "html_url": "https://github.com/MustafaAdam",
                "followers_url": "https://api.github.com/users/MustafaAdam/followers",
                "following_url": "https://api.github.com/users/MustafaAdam/following{/other_user}",
                "gists_url": "https://api.github.com/users/MustafaAdam/gists{/gist_id}",
                "starred_url": "https://api.github.com/users/MustafaAdam/starred{/owner}{/repo}",
                "subscriptions_url": "https://api.github.com/users/MustafaAdam/subscriptions",
                "organizations_url": "https://api.github.com/users/MustafaAdam/orgs",
                "repos_url": "https://api.github.com/users/MustafaAdam/repos",
                "events_url": "https://api.github.com/users/MustafaAdam/events{/privacy}",
                "received_events_url": "https://api.github.com/users/MustafaAdam/received_events",
                "type": "User",
                "site_admin": false
            },
            "created_at": "2016-07-27T04:06:20Z",
            "updated_at": "2016-07-27T04:06:20Z",
            "author_association": "NONE",
            "body": "Just did. Sorry i didn' read that beforehand :).  tox succeeds, py.test still fails.\nI don't understand how tox works, but I guess everything works as it supposed to do\n"
        }
    ]
}