{
    "url": "https://api.github.com/repos/pallets/flask/issues/1963",
    "repository_url": "https://api.github.com/repos/pallets/flask",
    "labels_url": "https://api.github.com/repos/pallets/flask/issues/1963/labels{/name}",
    "comments_url": "https://api.github.com/repos/pallets/flask/issues/1963/comments",
    "events_url": "https://api.github.com/repos/pallets/flask/issues/1963/events",
    "html_url": "https://github.com/pallets/flask/pull/1963",
    "id": 167841059,
    "node_id": "MDExOlB1bGxSZXF1ZXN0NzkwMTQ2ODQ=",
    "number": 1963,
    "title": "isolate templates between blueprints",
    "user": {
        "login": "teddy-hoo",
        "id": 6792362,
        "node_id": "MDQ6VXNlcjY3OTIzNjI=",
        "avatar_url": "https://avatars3.githubusercontent.com/u/6792362?v=4",
        "gravatar_id": "",
        "url": "https://api.github.com/users/teddy-hoo",
        "html_url": "https://github.com/teddy-hoo",
        "followers_url": "https://api.github.com/users/teddy-hoo/followers",
        "following_url": "https://api.github.com/users/teddy-hoo/following{/other_user}",
        "gists_url": "https://api.github.com/users/teddy-hoo/gists{/gist_id}",
        "starred_url": "https://api.github.com/users/teddy-hoo/starred{/owner}{/repo}",
        "subscriptions_url": "https://api.github.com/users/teddy-hoo/subscriptions",
        "organizations_url": "https://api.github.com/users/teddy-hoo/orgs",
        "repos_url": "https://api.github.com/users/teddy-hoo/repos",
        "events_url": "https://api.github.com/users/teddy-hoo/events{/privacy}",
        "received_events_url": "https://api.github.com/users/teddy-hoo/received_events",
        "type": "User",
        "site_admin": false
    },
    "labels": [],
    "state": "closed",
    "locked": true,
    "assignee": null,
    "assignees": [],
    "milestone": null,
    "comments": 7,
    "created_at": "2016-07-27T12:25:57Z",
    "updated_at": "2018-03-19T13:18:55Z",
    "closed_at": "2016-07-27T12:27:00Z",
    "author_association": "NONE",
    "pull_request": {
        "url": "https://api.github.com/repos/pallets/flask/pulls/1963",
        "html_url": "https://github.com/pallets/flask/pull/1963",
        "diff_url": "https://github.com/pallets/flask/pull/1963.diff",
        "patch_url": "https://github.com/pallets/flask/pull/1963.patch"
    },
    "body": "see the test\n",
    "comments_inline": [
        {
            "url": "https://api.github.com/repos/pallets/flask/issues/comments/235569854",
            "html_url": "https://github.com/pallets/flask/pull/1963#issuecomment-235569854",
            "issue_url": "https://api.github.com/repos/pallets/flask/issues/1963",
            "id": 235569854,
            "node_id": "MDEyOklzc3VlQ29tbWVudDIzNTU2OTg1NA==",
            "user": {
                "login": "ThiefMaster",
                "id": 179599,
                "node_id": "MDQ6VXNlcjE3OTU5OQ==",
                "avatar_url": "https://avatars1.githubusercontent.com/u/179599?v=4",
                "gravatar_id": "",
                "url": "https://api.github.com/users/ThiefMaster",
                "html_url": "https://github.com/ThiefMaster",
                "followers_url": "https://api.github.com/users/ThiefMaster/followers",
                "following_url": "https://api.github.com/users/ThiefMaster/following{/other_user}",
                "gists_url": "https://api.github.com/users/ThiefMaster/gists{/gist_id}",
                "starred_url": "https://api.github.com/users/ThiefMaster/starred{/owner}{/repo}",
                "subscriptions_url": "https://api.github.com/users/ThiefMaster/subscriptions",
                "organizations_url": "https://api.github.com/users/ThiefMaster/orgs",
                "repos_url": "https://api.github.com/users/ThiefMaster/repos",
                "events_url": "https://api.github.com/users/ThiefMaster/events{/privacy}",
                "received_events_url": "https://api.github.com/users/ThiefMaster/received_events",
                "type": "User",
                "site_admin": false
            },
            "created_at": "2016-07-27T12:27:00Z",
            "updated_at": "2016-07-27T12:27:00Z",
            "author_association": "MEMBER",
            "body": "This is a breaking change and in many cases not what you want, e.g. if you merely use blueprints to structure your application.\n"
        },
        {
            "url": "https://api.github.com/repos/pallets/flask/issues/comments/235569940",
            "html_url": "https://github.com/pallets/flask/pull/1963#issuecomment-235569940",
            "issue_url": "https://api.github.com/repos/pallets/flask/issues/1963",
            "id": 235569940,
            "node_id": "MDEyOklzc3VlQ29tbWVudDIzNTU2OTk0MA==",
            "user": {
                "login": "ThiefMaster",
                "id": 179599,
                "node_id": "MDQ6VXNlcjE3OTU5OQ==",
                "avatar_url": "https://avatars1.githubusercontent.com/u/179599?v=4",
                "gravatar_id": "",
                "url": "https://api.github.com/users/ThiefMaster",
                "html_url": "https://github.com/ThiefMaster",
                "followers_url": "https://api.github.com/users/ThiefMaster/followers",
                "following_url": "https://api.github.com/users/ThiefMaster/following{/other_user}",
                "gists_url": "https://api.github.com/users/ThiefMaster/gists{/gist_id}",
                "starred_url": "https://api.github.com/users/ThiefMaster/starred{/owner}{/repo}",
                "subscriptions_url": "https://api.github.com/users/ThiefMaster/subscriptions",
                "organizations_url": "https://api.github.com/users/ThiefMaster/orgs",
                "repos_url": "https://api.github.com/users/ThiefMaster/repos",
                "events_url": "https://api.github.com/users/ThiefMaster/events{/privacy}",
                "received_events_url": "https://api.github.com/users/ThiefMaster/received_events",
                "type": "User",
                "site_admin": false
            },
            "created_at": "2016-07-27T12:27:20Z",
            "updated_at": "2016-07-27T12:27:20Z",
            "author_association": "MEMBER",
            "body": "If you need this in your application, override the jinja loader.\n"
        },
        {
            "url": "https://api.github.com/repos/pallets/flask/issues/comments/235572773",
            "html_url": "https://github.com/pallets/flask/pull/1963#issuecomment-235572773",
            "issue_url": "https://api.github.com/repos/pallets/flask/issues/1963",
            "id": 235572773,
            "node_id": "MDEyOklzc3VlQ29tbWVudDIzNTU3Mjc3Mw==",
            "user": {
                "login": "teddy-hoo",
                "id": 6792362,
                "node_id": "MDQ6VXNlcjY3OTIzNjI=",
                "avatar_url": "https://avatars3.githubusercontent.com/u/6792362?v=4",
                "gravatar_id": "",
                "url": "https://api.github.com/users/teddy-hoo",
                "html_url": "https://github.com/teddy-hoo",
                "followers_url": "https://api.github.com/users/teddy-hoo/followers",
                "following_url": "https://api.github.com/users/teddy-hoo/following{/other_user}",
                "gists_url": "https://api.github.com/users/teddy-hoo/gists{/gist_id}",
                "starred_url": "https://api.github.com/users/teddy-hoo/starred{/owner}{/repo}",
                "subscriptions_url": "https://api.github.com/users/teddy-hoo/subscriptions",
                "organizations_url": "https://api.github.com/users/teddy-hoo/orgs",
                "repos_url": "https://api.github.com/users/teddy-hoo/repos",
                "events_url": "https://api.github.com/users/teddy-hoo/events{/privacy}",
                "received_events_url": "https://api.github.com/users/teddy-hoo/received_events",
                "type": "User",
                "site_admin": false
            },
            "created_at": "2016-07-27T12:40:56Z",
            "updated_at": "2016-07-27T12:40:56Z",
            "author_association": "NONE",
            "body": "Do you mean flask should not support this feature?  or my code should consider more cases?\nThx a lot!\n"
        },
        {
            "url": "https://api.github.com/repos/pallets/flask/issues/comments/235572925",
            "html_url": "https://github.com/pallets/flask/pull/1963#issuecomment-235572925",
            "issue_url": "https://api.github.com/repos/pallets/flask/issues/1963",
            "id": 235572925,
            "node_id": "MDEyOklzc3VlQ29tbWVudDIzNTU3MjkyNQ==",
            "user": {
                "login": "ThiefMaster",
                "id": 179599,
                "node_id": "MDQ6VXNlcjE3OTU5OQ==",
                "avatar_url": "https://avatars1.githubusercontent.com/u/179599?v=4",
                "gravatar_id": "",
                "url": "https://api.github.com/users/ThiefMaster",
                "html_url": "https://github.com/ThiefMaster",
                "followers_url": "https://api.github.com/users/ThiefMaster/followers",
                "following_url": "https://api.github.com/users/ThiefMaster/following{/other_user}",
                "gists_url": "https://api.github.com/users/ThiefMaster/gists{/gist_id}",
                "starred_url": "https://api.github.com/users/ThiefMaster/starred{/owner}{/repo}",
                "subscriptions_url": "https://api.github.com/users/ThiefMaster/subscriptions",
                "organizations_url": "https://api.github.com/users/ThiefMaster/orgs",
                "repos_url": "https://api.github.com/users/ThiefMaster/repos",
                "events_url": "https://api.github.com/users/ThiefMaster/events{/privacy}",
                "received_events_url": "https://api.github.com/users/ThiefMaster/received_events",
                "type": "User",
                "site_admin": false
            },
            "created_at": "2016-07-27T12:41:31Z",
            "updated_at": "2016-07-27T12:41:31Z",
            "author_association": "MEMBER",
            "body": "the former - it's something better done inside your application\n"
        },
        {
            "url": "https://api.github.com/repos/pallets/flask/issues/comments/235575054",
            "html_url": "https://github.com/pallets/flask/pull/1963#issuecomment-235575054",
            "issue_url": "https://api.github.com/repos/pallets/flask/issues/1963",
            "id": 235575054,
            "node_id": "MDEyOklzc3VlQ29tbWVudDIzNTU3NTA1NA==",
            "user": {
                "login": "teddy-hoo",
                "id": 6792362,
                "node_id": "MDQ6VXNlcjY3OTIzNjI=",
                "avatar_url": "https://avatars3.githubusercontent.com/u/6792362?v=4",
                "gravatar_id": "",
                "url": "https://api.github.com/users/teddy-hoo",
                "html_url": "https://github.com/teddy-hoo",
                "followers_url": "https://api.github.com/users/teddy-hoo/followers",
                "following_url": "https://api.github.com/users/teddy-hoo/following{/other_user}",
                "gists_url": "https://api.github.com/users/teddy-hoo/gists{/gist_id}",
                "starred_url": "https://api.github.com/users/teddy-hoo/starred{/owner}{/repo}",
                "subscriptions_url": "https://api.github.com/users/teddy-hoo/subscriptions",
                "organizations_url": "https://api.github.com/users/teddy-hoo/orgs",
                "repos_url": "https://api.github.com/users/teddy-hoo/repos",
                "events_url": "https://api.github.com/users/teddy-hoo/events{/privacy}",
                "received_events_url": "https://api.github.com/users/teddy-hoo/received_events",
                "type": "User",
                "site_admin": false
            },
            "created_at": "2016-07-27T12:51:07Z",
            "updated_at": "2016-07-27T12:51:07Z",
            "author_association": "NONE",
            "body": "I can not understand.\nI use blueprint as component of my app, but one blueprint can use templates in other blueprints. Why not  the components be independent?\n"
        },
        {
            "url": "https://api.github.com/repos/pallets/flask/issues/comments/235575307",
            "html_url": "https://github.com/pallets/flask/pull/1963#issuecomment-235575307",
            "issue_url": "https://api.github.com/repos/pallets/flask/issues/1963",
            "id": 235575307,
            "node_id": "MDEyOklzc3VlQ29tbWVudDIzNTU3NTMwNw==",
            "user": {
                "login": "ThiefMaster",
                "id": 179599,
                "node_id": "MDQ6VXNlcjE3OTU5OQ==",
                "avatar_url": "https://avatars1.githubusercontent.com/u/179599?v=4",
                "gravatar_id": "",
                "url": "https://api.github.com/users/ThiefMaster",
                "html_url": "https://github.com/ThiefMaster",
                "followers_url": "https://api.github.com/users/ThiefMaster/followers",
                "following_url": "https://api.github.com/users/ThiefMaster/following{/other_user}",
                "gists_url": "https://api.github.com/users/ThiefMaster/gists{/gist_id}",
                "starred_url": "https://api.github.com/users/ThiefMaster/starred{/owner}{/repo}",
                "subscriptions_url": "https://api.github.com/users/ThiefMaster/subscriptions",
                "organizations_url": "https://api.github.com/users/ThiefMaster/orgs",
                "repos_url": "https://api.github.com/users/ThiefMaster/repos",
                "events_url": "https://api.github.com/users/ThiefMaster/events{/privacy}",
                "received_events_url": "https://api.github.com/users/ThiefMaster/received_events",
                "type": "User",
                "site_admin": false
            },
            "created_at": "2016-07-27T12:52:07Z",
            "updated_at": "2016-07-27T12:52:07Z",
            "author_association": "MEMBER",
            "body": "Because that's only one way to use blueprints. For example, your blueprint most likely wants to use templates from your app (like your base layout template) and depending on how you structure things some components require another component and also use some of that component's templates.\n"
        },
        {
            "url": "https://api.github.com/repos/pallets/flask/issues/comments/235591162",
            "html_url": "https://github.com/pallets/flask/pull/1963#issuecomment-235591162",
            "issue_url": "https://api.github.com/repos/pallets/flask/issues/1963",
            "id": 235591162,
            "node_id": "MDEyOklzc3VlQ29tbWVudDIzNTU5MTE2Mg==",
            "user": {
                "login": "davidism",
                "id": 1242887,
                "node_id": "MDQ6VXNlcjEyNDI4ODc=",
                "avatar_url": "https://avatars1.githubusercontent.com/u/1242887?v=4",
                "gravatar_id": "",
                "url": "https://api.github.com/users/davidism",
                "html_url": "https://github.com/davidism",
                "followers_url": "https://api.github.com/users/davidism/followers",
                "following_url": "https://api.github.com/users/davidism/following{/other_user}",
                "gists_url": "https://api.github.com/users/davidism/gists{/gist_id}",
                "starred_url": "https://api.github.com/users/davidism/starred{/owner}{/repo}",
                "subscriptions_url": "https://api.github.com/users/davidism/subscriptions",
                "organizations_url": "https://api.github.com/users/davidism/orgs",
                "repos_url": "https://api.github.com/users/davidism/repos",
                "events_url": "https://api.github.com/users/davidism/events{/privacy}",
                "received_events_url": "https://api.github.com/users/davidism/received_events",
                "type": "User",
                "site_admin": false
            },
            "created_at": "2016-07-27T13:51:36Z",
            "updated_at": "2016-07-27T13:51:36Z",
            "author_association": "MEMBER",
            "body": "#1537\n"
        }
    ]
}