{
    "url": "https://api.github.com/repos/pallets/flask/issues/1965",
    "repository_url": "https://api.github.com/repos/pallets/flask",
    "labels_url": "https://api.github.com/repos/pallets/flask/issues/1965/labels{/name}",
    "comments_url": "https://api.github.com/repos/pallets/flask/issues/1965/comments",
    "events_url": "https://api.github.com/repos/pallets/flask/issues/1965/events",
    "html_url": "https://github.com/pallets/flask/pull/1965",
    "id": 168111681,
    "node_id": "MDExOlB1bGxSZXF1ZXN0NzkyMDcyMTA=",
    "number": 1965,
    "title": "Added a missing module to import statement",
    "user": {
        "login": "vioan",
        "id": 1939297,
        "node_id": "MDQ6VXNlcjE5MzkyOTc=",
        "avatar_url": "https://avatars2.githubusercontent.com/u/1939297?v=4",
        "gravatar_id": "",
        "url": "https://api.github.com/users/vioan",
        "html_url": "https://github.com/vioan",
        "followers_url": "https://api.github.com/users/vioan/followers",
        "following_url": "https://api.github.com/users/vioan/following{/other_user}",
        "gists_url": "https://api.github.com/users/vioan/gists{/gist_id}",
        "starred_url": "https://api.github.com/users/vioan/starred{/owner}{/repo}",
        "subscriptions_url": "https://api.github.com/users/vioan/subscriptions",
        "organizations_url": "https://api.github.com/users/vioan/orgs",
        "repos_url": "https://api.github.com/users/vioan/repos",
        "events_url": "https://api.github.com/users/vioan/events{/privacy}",
        "received_events_url": "https://api.github.com/users/vioan/received_events",
        "type": "User",
        "site_admin": false
    },
    "labels": [
        {
            "id": 32876,
            "node_id": "MDU6TGFiZWwzMjg3Ng==",
            "url": "https://api.github.com/repos/pallets/flask/labels/docs",
            "name": "docs",
            "color": "0e8a16",
            "default": false,
            "description": null
        }
    ],
    "state": "closed",
    "locked": false,
    "assignee": null,
    "assignees": [],
    "milestone": null,
    "comments": 4,
    "created_at": "2016-07-28T14:36:04Z",
    "updated_at": "2017-05-12T05:38:37Z",
    "closed_at": "2017-05-12T05:38:37Z",
    "author_association": "CONTRIBUTOR",
    "pull_request": {
        "url": "https://api.github.com/repos/pallets/flask/pulls/1965",
        "html_url": "https://github.com/pallets/flask/pull/1965",
        "diff_url": "https://github.com/pallets/flask/pull/1965.diff",
        "patch_url": "https://github.com/pallets/flask/pull/1965.patch"
    },
    "body": "",
    "comments_inline": [
        {
            "url": "https://api.github.com/repos/pallets/flask/issues/comments/235920698",
            "html_url": "https://github.com/pallets/flask/pull/1965#issuecomment-235920698",
            "issue_url": "https://api.github.com/repos/pallets/flask/issues/1965",
            "id": 235920698,
            "node_id": "MDEyOklzc3VlQ29tbWVudDIzNTkyMDY5OA==",
            "user": {
                "login": "davidism",
                "id": 1242887,
                "node_id": "MDQ6VXNlcjEyNDI4ODc=",
                "avatar_url": "https://avatars1.githubusercontent.com/u/1242887?v=4",
                "gravatar_id": "",
                "url": "https://api.github.com/users/davidism",
                "html_url": "https://github.com/davidism",
                "followers_url": "https://api.github.com/users/davidism/followers",
                "following_url": "https://api.github.com/users/davidism/following{/other_user}",
                "gists_url": "https://api.github.com/users/davidism/gists{/gist_id}",
                "starred_url": "https://api.github.com/users/davidism/starred{/owner}{/repo}",
                "subscriptions_url": "https://api.github.com/users/davidism/subscriptions",
                "organizations_url": "https://api.github.com/users/davidism/orgs",
                "repos_url": "https://api.github.com/users/davidism/repos",
                "events_url": "https://api.github.com/users/davidism/events{/privacy}",
                "received_events_url": "https://api.github.com/users/davidism/received_events",
                "type": "User",
                "site_admin": false
            },
            "created_at": "2016-07-28T14:57:58Z",
            "updated_at": "2016-07-28T14:57:58Z",
            "author_association": "MEMBER",
            "body": "`after_this_request` was written a couple sections up the page, it's not an import.\n"
        },
        {
            "url": "https://api.github.com/repos/pallets/flask/issues/comments/235923096",
            "html_url": "https://github.com/pallets/flask/pull/1965#issuecomment-235923096",
            "issue_url": "https://api.github.com/repos/pallets/flask/issues/1965",
            "id": 235923096,
            "node_id": "MDEyOklzc3VlQ29tbWVudDIzNTkyMzA5Ng==",
            "user": {
                "login": "vioan",
                "id": 1939297,
                "node_id": "MDQ6VXNlcjE5MzkyOTc=",
                "avatar_url": "https://avatars2.githubusercontent.com/u/1939297?v=4",
                "gravatar_id": "",
                "url": "https://api.github.com/users/vioan",
                "html_url": "https://github.com/vioan",
                "followers_url": "https://api.github.com/users/vioan/followers",
                "following_url": "https://api.github.com/users/vioan/following{/other_user}",
                "gists_url": "https://api.github.com/users/vioan/gists{/gist_id}",
                "starred_url": "https://api.github.com/users/vioan/starred{/owner}{/repo}",
                "subscriptions_url": "https://api.github.com/users/vioan/subscriptions",
                "organizations_url": "https://api.github.com/users/vioan/orgs",
                "repos_url": "https://api.github.com/users/vioan/repos",
                "events_url": "https://api.github.com/users/vioan/events{/privacy}",
                "received_events_url": "https://api.github.com/users/vioan/received_events",
                "type": "User",
                "site_admin": false
            },
            "created_at": "2016-07-28T15:05:15Z",
            "updated_at": "2016-07-28T15:05:15Z",
            "author_association": "CONTRIBUTOR",
            "body": "then perhaps the function should be added to the example as well? Because if somebody is just trying to copy/paste the example code, will not work as it is right now.\n"
        },
        {
            "url": "https://api.github.com/repos/pallets/flask/issues/comments/235923365",
            "html_url": "https://github.com/pallets/flask/pull/1965#issuecomment-235923365",
            "issue_url": "https://api.github.com/repos/pallets/flask/issues/1965",
            "id": 235923365,
            "node_id": "MDEyOklzc3VlQ29tbWVudDIzNTkyMzM2NQ==",
            "user": {
                "login": "ThiefMaster",
                "id": 179599,
                "node_id": "MDQ6VXNlcjE3OTU5OQ==",
                "avatar_url": "https://avatars1.githubusercontent.com/u/179599?v=4",
                "gravatar_id": "",
                "url": "https://api.github.com/users/ThiefMaster",
                "html_url": "https://github.com/ThiefMaster",
                "followers_url": "https://api.github.com/users/ThiefMaster/followers",
                "following_url": "https://api.github.com/users/ThiefMaster/following{/other_user}",
                "gists_url": "https://api.github.com/users/ThiefMaster/gists{/gist_id}",
                "starred_url": "https://api.github.com/users/ThiefMaster/starred{/owner}{/repo}",
                "subscriptions_url": "https://api.github.com/users/ThiefMaster/subscriptions",
                "organizations_url": "https://api.github.com/users/ThiefMaster/orgs",
                "repos_url": "https://api.github.com/users/ThiefMaster/repos",
                "events_url": "https://api.github.com/users/ThiefMaster/events{/privacy}",
                "received_events_url": "https://api.github.com/users/ThiefMaster/received_events",
                "type": "User",
                "site_admin": false
            },
            "created_at": "2016-07-28T15:06:03Z",
            "updated_at": "2016-07-28T15:06:59Z",
            "author_association": "MEMBER",
            "body": "@davidism Actually, it is an import. Looks like that part of the docs was written before it was added to Flask.\n\nhttps://github.com/pallets/flask/blob/master/flask/ctx.py#L54-L76\n"
        },
        {
            "url": "https://api.github.com/repos/pallets/flask/issues/comments/245610598",
            "html_url": "https://github.com/pallets/flask/pull/1965#issuecomment-245610598",
            "issue_url": "https://api.github.com/repos/pallets/flask/issues/1965",
            "id": 245610598,
            "node_id": "MDEyOklzc3VlQ29tbWVudDI0NTYxMDU5OA==",
            "user": {
                "login": "untitaker",
                "id": 837573,
                "node_id": "MDQ6VXNlcjgzNzU3Mw==",
                "avatar_url": "https://avatars0.githubusercontent.com/u/837573?v=4",
                "gravatar_id": "",
                "url": "https://api.github.com/users/untitaker",
                "html_url": "https://github.com/untitaker",
                "followers_url": "https://api.github.com/users/untitaker/followers",
                "following_url": "https://api.github.com/users/untitaker/following{/other_user}",
                "gists_url": "https://api.github.com/users/untitaker/gists{/gist_id}",
                "starred_url": "https://api.github.com/users/untitaker/starred{/owner}{/repo}",
                "subscriptions_url": "https://api.github.com/users/untitaker/subscriptions",
                "organizations_url": "https://api.github.com/users/untitaker/orgs",
                "repos_url": "https://api.github.com/users/untitaker/repos",
                "events_url": "https://api.github.com/users/untitaker/events{/privacy}",
                "received_events_url": "https://api.github.com/users/untitaker/received_events",
                "type": "User",
                "site_admin": false
            },
            "created_at": "2016-09-08T14:13:18Z",
            "updated_at": "2016-09-08T14:13:18Z",
            "author_association": "MEMBER",
            "body": "Reopening as a reminder, but the section needs a larger rewrite to make use of Flask's own version.\n"
        }
    ]
}