{
    "url": "https://api.github.com/repos/pallets/flask/issues/1966",
    "repository_url": "https://api.github.com/repos/pallets/flask",
    "labels_url": "https://api.github.com/repos/pallets/flask/issues/1966/labels{/name}",
    "comments_url": "https://api.github.com/repos/pallets/flask/issues/1966/comments",
    "events_url": "https://api.github.com/repos/pallets/flask/issues/1966/events",
    "html_url": "https://github.com/pallets/flask/issues/1966",
    "id": 168242097,
    "node_id": "MDU6SXNzdWUxNjgyNDIwOTc=",
    "number": 1966,
    "title": "flask app bundle with py2exe issue (AttributeError: function 'PyObject_GetBuffer' not found)",
    "user": {
        "login": "ddcatgg",
        "id": 8475003,
        "node_id": "MDQ6VXNlcjg0NzUwMDM=",
        "avatar_url": "https://avatars1.githubusercontent.com/u/8475003?v=4",
        "gravatar_id": "",
        "url": "https://api.github.com/users/ddcatgg",
        "html_url": "https://github.com/ddcatgg",
        "followers_url": "https://api.github.com/users/ddcatgg/followers",
        "following_url": "https://api.github.com/users/ddcatgg/following{/other_user}",
        "gists_url": "https://api.github.com/users/ddcatgg/gists{/gist_id}",
        "starred_url": "https://api.github.com/users/ddcatgg/starred{/owner}{/repo}",
        "subscriptions_url": "https://api.github.com/users/ddcatgg/subscriptions",
        "organizations_url": "https://api.github.com/users/ddcatgg/orgs",
        "repos_url": "https://api.github.com/users/ddcatgg/repos",
        "events_url": "https://api.github.com/users/ddcatgg/events{/privacy}",
        "received_events_url": "https://api.github.com/users/ddcatgg/received_events",
        "type": "User",
        "site_admin": false
    },
    "labels": [],
    "state": "closed",
    "locked": false,
    "assignee": null,
    "assignees": [],
    "milestone": null,
    "comments": 3,
    "created_at": "2016-07-29T03:12:18Z",
    "updated_at": "2017-06-01T01:27:10Z",
    "closed_at": "2017-05-31T19:15:30Z",
    "author_association": "NONE",
    "body": "With current newest version (Flask 0.11.1), there is a issue with py2exe (0.6.9).\nIt may be caused by flask.cli module (click 6.6).\n**Flask 0.10.1 has not this issue.**\n\nA simplest flask script named test_flask.py:\n\n```\nfrom flask import Flask\napp = Flask(__name__)\n\n@app.route(\"/\")\ndef hello():\n    return \"Hello World!\"\n\nif __name__ == \"__main__\":\n    app.run()\n```\n\nUse this py2exe script to make a test_flask.exe:\n\n```\nimport sys\nimport py2exe\nfrom distutils.core import setup\n\nsys.argv.append('py2exe')\n\nsetup(\n    options={\n        'py2exe':\n        {\n            'bundle_files': 1,\n        }\n    },\n    console=[{'script': 'test_flask.py'}],\n)\n```\n\n**When execute test_flask.exe, get these:**\nTraceback (most recent call last):\n  File \"test_flask.py\", line 1, in <module>\n  File \"zipextimporter.pyc\", line 82, in load_module\n  File \"flask__init__.pyc\", line 21, in <module>\n  File \"zipextimporter.pyc\", line 82, in load_module\n  File \"flask\\app.pyc\", line 27, in <module>\n  File \"zipextimporter.pyc\", line 82, in load_module\n  File \"flask\\cli.pyc\", line 17, in <module>\n  File \"zipextimporter.pyc\", line 82, in load_module\n  File \"click__init__.pyc\", line 18, in <module>\n  File \"zipextimporter.pyc\", line 82, in load_module\n  File \"click\\core.pyc\", line 7, in <module>\n  File \"zipextimporter.pyc\", line 82, in load_module\n  File \"click\\types.pyc\", line 4, in <module>\n  File \"zipextimporter.pyc\", line 82, in load_module\n  File \"click_compat.pyc\", line 530, in <module>\n  File \"zipextimporter.pyc\", line 82, in load_module\n  File \"click_winconsole.pyc\", line 23, in <module>\n  File \"ctypes__init__.pyc\", line 378, in **getattr**\n  File \"ctypes__init__.pyc\", line 383, in **getitem**\nAttributeError: function 'PyObject_GetBuffer' not found\n\nMy **pip list**:\nalabaster (0.7.9)\nBabel (2.1.1)\nbeautifulsoup4 (4.4.1)\nblinker (1.4)\ncffi (1.7.0)\nclick (6.6)\ncolorama (0.3.3)\ncryptography (1.4)\ncx-Oracle (5.2)\ncycler (0.10.0)\nCython (0.24)\ndemjson (2.2.4)\ndocutils (0.12)\necdsa (0.13)\nenum34 (1.1.6)\nerequests (0.4.1)\net-xmlfile (1.0.1)\neventlet (0.19.0)\nFabric (1.11.1)\nFlask (0.11.1)\nFlask-SocketIO (2.5)\ngreenlet (0.4.10)\nidna (2.1)\nipaddress (1.0.16)\nitsdangerous (0.24)\njdcal (1.2)\nJinja2 (2.8)\nlxml (3.6.0)\nMarkupSafe (0.23)\nmatplotlib (1.5.1)\nmeliae (0.4.0.final.0)\nMySQL-python (1.2.5)\nnumpy (1.11.0)\nopenpyxl (2.3.5)\nparamiko (2.0.2)\nPillow (3.2.0)\npip (8.1.2)\npsutil (4.3.0)\npy2exe (0.6.9)\npyasn1 (0.1.9)\npycparser (2.14)\npycrypto (2.6.1)\nPygments (2.0.2)\npymssql (2.0.1)\npyodbc (3.0.7)\npyparsing (2.1.4)\npyserial (2.5rc2)\npython-dateutil (2.5.3)\npython-engineio (0.9.2)\npython-socketio (1.4.2)\npytz (2016.4)\npywin32 (219)\nrequests (2.10.0)\nsetuptools (25.1.0)\nsix (1.10.0)\nsnowballstemmer (1.2.0)\nSphinx (1.3.1)\nsphinx-rtd-theme (0.1.9)\nSQLAlchemy (1.0.8)\nTwisted (16.3.0)\nvirtualenv (15.0.2)\nWerkzeug (0.11.10)\nXlsxWriter (0.8.7)\nxlwt (1.1.2)\nzope.interface (4.2.0)\n",
    "comments_inline": [
        {
            "url": "https://api.github.com/repos/pallets/flask/issues/comments/305362715",
            "html_url": "https://github.com/pallets/flask/issues/1966#issuecomment-305362715",
            "issue_url": "https://api.github.com/repos/pallets/flask/issues/1966",
            "id": 305362715,
            "node_id": "MDEyOklzc3VlQ29tbWVudDMwNTM2MjcxNQ==",
            "user": {
                "login": "ddcatgg",
                "id": 8475003,
                "node_id": "MDQ6VXNlcjg0NzUwMDM=",
                "avatar_url": "https://avatars1.githubusercontent.com/u/8475003?v=4",
                "gravatar_id": "",
                "url": "https://api.github.com/users/ddcatgg",
                "html_url": "https://github.com/ddcatgg",
                "followers_url": "https://api.github.com/users/ddcatgg/followers",
                "following_url": "https://api.github.com/users/ddcatgg/following{/other_user}",
                "gists_url": "https://api.github.com/users/ddcatgg/gists{/gist_id}",
                "starred_url": "https://api.github.com/users/ddcatgg/starred{/owner}{/repo}",
                "subscriptions_url": "https://api.github.com/users/ddcatgg/subscriptions",
                "organizations_url": "https://api.github.com/users/ddcatgg/orgs",
                "repos_url": "https://api.github.com/users/ddcatgg/repos",
                "events_url": "https://api.github.com/users/ddcatgg/events{/privacy}",
                "received_events_url": "https://api.github.com/users/ddcatgg/received_events",
                "type": "User",
                "site_admin": false
            },
            "created_at": "2017-06-01T01:23:55Z",
            "updated_at": "2017-06-01T01:23:55Z",
            "author_association": "NONE",
            "body": "Why close this issue? Is it already be fixed?"
        },
        {
            "url": "https://api.github.com/repos/pallets/flask/issues/comments/305362896",
            "html_url": "https://github.com/pallets/flask/issues/1966#issuecomment-305362896",
            "issue_url": "https://api.github.com/repos/pallets/flask/issues/1966",
            "id": 305362896,
            "node_id": "MDEyOklzc3VlQ29tbWVudDMwNTM2Mjg5Ng==",
            "user": {
                "login": "davidism",
                "id": 1242887,
                "node_id": "MDQ6VXNlcjEyNDI4ODc=",
                "avatar_url": "https://avatars1.githubusercontent.com/u/1242887?v=4",
                "gravatar_id": "",
                "url": "https://api.github.com/users/davidism",
                "html_url": "https://github.com/davidism",
                "followers_url": "https://api.github.com/users/davidism/followers",
                "following_url": "https://api.github.com/users/davidism/following{/other_user}",
                "gists_url": "https://api.github.com/users/davidism/gists{/gist_id}",
                "starred_url": "https://api.github.com/users/davidism/starred{/owner}{/repo}",
                "subscriptions_url": "https://api.github.com/users/davidism/subscriptions",
                "organizations_url": "https://api.github.com/users/davidism/orgs",
                "repos_url": "https://api.github.com/users/davidism/repos",
                "events_url": "https://api.github.com/users/davidism/events{/privacy}",
                "received_events_url": "https://api.github.com/users/davidism/received_events",
                "type": "User",
                "site_admin": false
            },
            "created_at": "2017-06-01T01:25:11Z",
            "updated_at": "2017-06-01T01:25:11Z",
            "author_association": "MEMBER",
            "body": "It's an issue with Click, and there's already an open issue in Click's tracker, it's linked right above the close message."
        },
        {
            "url": "https://api.github.com/repos/pallets/flask/issues/comments/305363172",
            "html_url": "https://github.com/pallets/flask/issues/1966#issuecomment-305363172",
            "issue_url": "https://api.github.com/repos/pallets/flask/issues/1966",
            "id": 305363172,
            "node_id": "MDEyOklzc3VlQ29tbWVudDMwNTM2MzE3Mg==",
            "user": {
                "login": "ddcatgg",
                "id": 8475003,
                "node_id": "MDQ6VXNlcjg0NzUwMDM=",
                "avatar_url": "https://avatars1.githubusercontent.com/u/8475003?v=4",
                "gravatar_id": "",
                "url": "https://api.github.com/users/ddcatgg",
                "html_url": "https://github.com/ddcatgg",
                "followers_url": "https://api.github.com/users/ddcatgg/followers",
                "following_url": "https://api.github.com/users/ddcatgg/following{/other_user}",
                "gists_url": "https://api.github.com/users/ddcatgg/gists{/gist_id}",
                "starred_url": "https://api.github.com/users/ddcatgg/starred{/owner}{/repo}",
                "subscriptions_url": "https://api.github.com/users/ddcatgg/subscriptions",
                "organizations_url": "https://api.github.com/users/ddcatgg/orgs",
                "repos_url": "https://api.github.com/users/ddcatgg/repos",
                "events_url": "https://api.github.com/users/ddcatgg/events{/privacy}",
                "received_events_url": "https://api.github.com/users/ddcatgg/received_events",
                "type": "User",
                "site_admin": false
            },
            "created_at": "2017-06-01T01:27:10Z",
            "updated_at": "2017-06-01T01:27:10Z",
            "author_association": "NONE",
            "body": "Okay, I got it, thanks!"
        }
    ]
}