{
    "url": "https://api.github.com/repos/pallets/flask/issues/1967",
    "repository_url": "https://api.github.com/repos/pallets/flask",
    "labels_url": "https://api.github.com/repos/pallets/flask/issues/1967/labels{/name}",
    "comments_url": "https://api.github.com/repos/pallets/flask/issues/1967/comments",
    "events_url": "https://api.github.com/repos/pallets/flask/issues/1967/events",
    "html_url": "https://github.com/pallets/flask/pull/1967",
    "id": 168299537,
    "node_id": "MDExOlB1bGxSZXF1ZXN0NzkzNDEyNTE=",
    "number": 1967,
    "title": "Remove unused Redbaron dependency",
    "user": {
        "login": "jeffwidman",
        "id": 483314,
        "node_id": "MDQ6VXNlcjQ4MzMxNA==",
        "avatar_url": "https://avatars2.githubusercontent.com/u/483314?v=4",
        "gravatar_id": "",
        "url": "https://api.github.com/users/jeffwidman",
        "html_url": "https://github.com/jeffwidman",
        "followers_url": "https://api.github.com/users/jeffwidman/followers",
        "following_url": "https://api.github.com/users/jeffwidman/following{/other_user}",
        "gists_url": "https://api.github.com/users/jeffwidman/gists{/gist_id}",
        "starred_url": "https://api.github.com/users/jeffwidman/starred{/owner}{/repo}",
        "subscriptions_url": "https://api.github.com/users/jeffwidman/subscriptions",
        "organizations_url": "https://api.github.com/users/jeffwidman/orgs",
        "repos_url": "https://api.github.com/users/jeffwidman/repos",
        "events_url": "https://api.github.com/users/jeffwidman/events{/privacy}",
        "received_events_url": "https://api.github.com/users/jeffwidman/received_events",
        "type": "User",
        "site_admin": false
    },
    "labels": [],
    "state": "closed",
    "locked": false,
    "assignee": null,
    "assignees": [],
    "milestone": null,
    "comments": 3,
    "created_at": "2016-07-29T10:49:01Z",
    "updated_at": "2016-07-30T20:53:42Z",
    "closed_at": "2016-07-29T12:27:30Z",
    "author_association": "MEMBER",
    "pull_request": {
        "url": "https://api.github.com/repos/pallets/flask/pulls/1967",
        "html_url": "https://github.com/pallets/flask/pull/1967",
        "diff_url": "https://github.com/pallets/flask/pull/1967.diff",
        "patch_url": "https://github.com/pallets/flask/pull/1967.patch"
    },
    "body": "Dependency was added for the ext migration script in #1342 but now that we've moved the script to its own [repo](https://github.com/pallets/flask-ext-migrate), Redbaron is no longer a dependency for the main repo.\n\nSee also https://github.com/pallets/flask/pull/1627\n",
    "comments_inline": [
        {
            "url": "https://api.github.com/repos/pallets/flask/issues/comments/236151481",
            "html_url": "https://github.com/pallets/flask/pull/1967#issuecomment-236151481",
            "issue_url": "https://api.github.com/repos/pallets/flask/issues/1967",
            "id": 236151481,
            "node_id": "MDEyOklzc3VlQ29tbWVudDIzNjE1MTQ4MQ==",
            "user": {
                "login": "jeffwidman",
                "id": 483314,
                "node_id": "MDQ6VXNlcjQ4MzMxNA==",
                "avatar_url": "https://avatars2.githubusercontent.com/u/483314?v=4",
                "gravatar_id": "",
                "url": "https://api.github.com/users/jeffwidman",
                "html_url": "https://github.com/jeffwidman",
                "followers_url": "https://api.github.com/users/jeffwidman/followers",
                "following_url": "https://api.github.com/users/jeffwidman/following{/other_user}",
                "gists_url": "https://api.github.com/users/jeffwidman/gists{/gist_id}",
                "starred_url": "https://api.github.com/users/jeffwidman/starred{/owner}{/repo}",
                "subscriptions_url": "https://api.github.com/users/jeffwidman/subscriptions",
                "organizations_url": "https://api.github.com/users/jeffwidman/orgs",
                "repos_url": "https://api.github.com/users/jeffwidman/repos",
                "events_url": "https://api.github.com/users/jeffwidman/events{/privacy}",
                "received_events_url": "https://api.github.com/users/jeffwidman/received_events",
                "type": "User",
                "site_admin": false
            },
            "created_at": "2016-07-29T10:50:30Z",
            "updated_at": "2016-07-29T10:54:26Z",
            "author_association": "MEMBER",
            "body": "Please review, but hold off on actually merging. I threw this together using the Github web UI and accidentally screwed up the commit message by clicking the wrong button... unfortunately, I'm currently on a computer which doesn't have an SSH key tied to my Github account, so won't be able to force-push/fix until tomorrow.\n"
        },
        {
            "url": "https://api.github.com/repos/pallets/flask/issues/comments/236167564",
            "html_url": "https://github.com/pallets/flask/pull/1967#issuecomment-236167564",
            "issue_url": "https://api.github.com/repos/pallets/flask/issues/1967",
            "id": 236167564,
            "node_id": "MDEyOklzc3VlQ29tbWVudDIzNjE2NzU2NA==",
            "user": {
                "login": "untitaker",
                "id": 837573,
                "node_id": "MDQ6VXNlcjgzNzU3Mw==",
                "avatar_url": "https://avatars0.githubusercontent.com/u/837573?v=4",
                "gravatar_id": "",
                "url": "https://api.github.com/users/untitaker",
                "html_url": "https://github.com/untitaker",
                "followers_url": "https://api.github.com/users/untitaker/followers",
                "following_url": "https://api.github.com/users/untitaker/following{/other_user}",
                "gists_url": "https://api.github.com/users/untitaker/gists{/gist_id}",
                "starred_url": "https://api.github.com/users/untitaker/starred{/owner}{/repo}",
                "subscriptions_url": "https://api.github.com/users/untitaker/subscriptions",
                "organizations_url": "https://api.github.com/users/untitaker/orgs",
                "repos_url": "https://api.github.com/users/untitaker/repos",
                "events_url": "https://api.github.com/users/untitaker/events{/privacy}",
                "received_events_url": "https://api.github.com/users/untitaker/received_events",
                "type": "User",
                "site_admin": false
            },
            "created_at": "2016-07-29T12:27:37Z",
            "updated_at": "2016-07-29T12:27:37Z",
            "author_association": "MEMBER",
            "body": "It's correct anyway, thanks!\n"
        },
        {
            "url": "https://api.github.com/repos/pallets/flask/issues/comments/236389402",
            "html_url": "https://github.com/pallets/flask/pull/1967#issuecomment-236389402",
            "issue_url": "https://api.github.com/repos/pallets/flask/issues/1967",
            "id": 236389402,
            "node_id": "MDEyOklzc3VlQ29tbWVudDIzNjM4OTQwMg==",
            "user": {
                "login": "jeffwidman",
                "id": 483314,
                "node_id": "MDQ6VXNlcjQ4MzMxNA==",
                "avatar_url": "https://avatars2.githubusercontent.com/u/483314?v=4",
                "gravatar_id": "",
                "url": "https://api.github.com/users/jeffwidman",
                "html_url": "https://github.com/jeffwidman",
                "followers_url": "https://api.github.com/users/jeffwidman/followers",
                "following_url": "https://api.github.com/users/jeffwidman/following{/other_user}",
                "gists_url": "https://api.github.com/users/jeffwidman/gists{/gist_id}",
                "starred_url": "https://api.github.com/users/jeffwidman/starred{/owner}{/repo}",
                "subscriptions_url": "https://api.github.com/users/jeffwidman/subscriptions",
                "organizations_url": "https://api.github.com/users/jeffwidman/orgs",
                "repos_url": "https://api.github.com/users/jeffwidman/repos",
                "events_url": "https://api.github.com/users/jeffwidman/events{/privacy}",
                "received_events_url": "https://api.github.com/users/jeffwidman/received_events",
                "type": "User",
                "site_admin": false
            },
            "created_at": "2016-07-30T20:53:42Z",
            "updated_at": "2016-07-30T20:53:42Z",
            "author_association": "MEMBER",
            "body": "Thanks! Looks like it was just Github's web UI appending the wrong Issue ID that confused me...\n"
        }
    ]
}