{
    "url": "https://api.github.com/repos/pallets/flask/issues/1969",
    "repository_url": "https://api.github.com/repos/pallets/flask",
    "labels_url": "https://api.github.com/repos/pallets/flask/issues/1969/labels{/name}",
    "comments_url": "https://api.github.com/repos/pallets/flask/issues/1969/comments",
    "events_url": "https://api.github.com/repos/pallets/flask/issues/1969/events",
    "html_url": "https://github.com/pallets/flask/issues/1969",
    "id": 168433602,
    "node_id": "MDU6SXNzdWUxNjg0MzM2MDI=",
    "number": 1969,
    "title": "Yield don't work on Chrome",
    "user": {
        "login": "rafaelcapucho",
        "id": 163367,
        "node_id": "MDQ6VXNlcjE2MzM2Nw==",
        "avatar_url": "https://avatars0.githubusercontent.com/u/163367?v=4",
        "gravatar_id": "",
        "url": "https://api.github.com/users/rafaelcapucho",
        "html_url": "https://github.com/rafaelcapucho",
        "followers_url": "https://api.github.com/users/rafaelcapucho/followers",
        "following_url": "https://api.github.com/users/rafaelcapucho/following{/other_user}",
        "gists_url": "https://api.github.com/users/rafaelcapucho/gists{/gist_id}",
        "starred_url": "https://api.github.com/users/rafaelcapucho/starred{/owner}{/repo}",
        "subscriptions_url": "https://api.github.com/users/rafaelcapucho/subscriptions",
        "organizations_url": "https://api.github.com/users/rafaelcapucho/orgs",
        "repos_url": "https://api.github.com/users/rafaelcapucho/repos",
        "events_url": "https://api.github.com/users/rafaelcapucho/events{/privacy}",
        "received_events_url": "https://api.github.com/users/rafaelcapucho/received_events",
        "type": "User",
        "site_admin": false
    },
    "labels": [],
    "state": "closed",
    "locked": false,
    "assignee": null,
    "assignees": [],
    "milestone": null,
    "comments": 5,
    "created_at": "2016-07-29T23:32:28Z",
    "updated_at": "2016-08-04T05:39:53Z",
    "closed_at": "2016-07-29T23:59:24Z",
    "author_association": "NONE",
    "body": "The following view only generate output **during the execution** on Firefox.\nOn Chrome the request flush the entire response once, when the `while` ends, at the end.\n\nWhat are making the it don't work on Chrome?\n\n```\n@processes.route('/read_buffer/<int:pid>')\ndef read_buffer(pid):\n\n    def generate():\n        sent = 0\n        while not settings.buffers[pid]['finished']:\n            for i, row in enumerate(settings.buffers[pid]['lines'][sent:]):\n                sent += 1\n                yield row\n\n            gevent.sleep(0.5)\n\n    return flask.Response(\n        response=generate(),\n        status=200,\n        mimetype=\"text/plain\"\n    )\n```\n\nApp config:\n\n```\napp = flask.Flask(__name__)\napp.config['DEBUG'] = False\napp.register_blueprint(processes.processes, url_prefix='/processes')\nCORS(app)\nsocketio = SocketIO(app, async_mode='gevent')\nsocketio.run(\n    app=app,\n    host=_config.get('server', 'host', fallback='0.0.0.0'),\n    port=_config.getint('server', 'port', fallback=5000),\n    use_reloader=False\n)\n```\n\nThank you\n",
    "comments_inline": [
        {
            "url": "https://api.github.com/repos/pallets/flask/issues/comments/236319708",
            "html_url": "https://github.com/pallets/flask/issues/1969#issuecomment-236319708",
            "issue_url": "https://api.github.com/repos/pallets/flask/issues/1969",
            "id": 236319708,
            "node_id": "MDEyOklzc3VlQ29tbWVudDIzNjMxOTcwOA==",
            "user": {
                "login": "wgwz",
                "id": 10120306,
                "node_id": "MDQ6VXNlcjEwMTIwMzA2",
                "avatar_url": "https://avatars2.githubusercontent.com/u/10120306?v=4",
                "gravatar_id": "",
                "url": "https://api.github.com/users/wgwz",
                "html_url": "https://github.com/wgwz",
                "followers_url": "https://api.github.com/users/wgwz/followers",
                "following_url": "https://api.github.com/users/wgwz/following{/other_user}",
                "gists_url": "https://api.github.com/users/wgwz/gists{/gist_id}",
                "starred_url": "https://api.github.com/users/wgwz/starred{/owner}{/repo}",
                "subscriptions_url": "https://api.github.com/users/wgwz/subscriptions",
                "organizations_url": "https://api.github.com/users/wgwz/orgs",
                "repos_url": "https://api.github.com/users/wgwz/repos",
                "events_url": "https://api.github.com/users/wgwz/events{/privacy}",
                "received_events_url": "https://api.github.com/users/wgwz/received_events",
                "type": "User",
                "site_admin": false
            },
            "created_at": "2016-07-29T23:37:26Z",
            "updated_at": "2016-07-29T23:38:51Z",
            "author_association": "CONTRIBUTOR",
            "body": "@rafaelcapucho it makes much more sense to post this kind of question on stackoverflow. you are asking about debugging a particular problem. you have not isolated an issue with the flask framework. also here is some useful reading before you move the question onto stackoverflow http://stackoverflow.com/help/mcve\n"
        },
        {
            "url": "https://api.github.com/repos/pallets/flask/issues/comments/237429055",
            "html_url": "https://github.com/pallets/flask/issues/1969#issuecomment-237429055",
            "issue_url": "https://api.github.com/repos/pallets/flask/issues/1969",
            "id": 237429055,
            "node_id": "MDEyOklzc3VlQ29tbWVudDIzNzQyOTA1NQ==",
            "user": {
                "login": "rafaelcapucho",
                "id": 163367,
                "node_id": "MDQ6VXNlcjE2MzM2Nw==",
                "avatar_url": "https://avatars0.githubusercontent.com/u/163367?v=4",
                "gravatar_id": "",
                "url": "https://api.github.com/users/rafaelcapucho",
                "html_url": "https://github.com/rafaelcapucho",
                "followers_url": "https://api.github.com/users/rafaelcapucho/followers",
                "following_url": "https://api.github.com/users/rafaelcapucho/following{/other_user}",
                "gists_url": "https://api.github.com/users/rafaelcapucho/gists{/gist_id}",
                "starred_url": "https://api.github.com/users/rafaelcapucho/starred{/owner}{/repo}",
                "subscriptions_url": "https://api.github.com/users/rafaelcapucho/subscriptions",
                "organizations_url": "https://api.github.com/users/rafaelcapucho/orgs",
                "repos_url": "https://api.github.com/users/rafaelcapucho/repos",
                "events_url": "https://api.github.com/users/rafaelcapucho/events{/privacy}",
                "received_events_url": "https://api.github.com/users/rafaelcapucho/received_events",
                "type": "User",
                "site_admin": false
            },
            "created_at": "2016-08-04T01:45:41Z",
            "updated_at": "2016-08-04T01:45:41Z",
            "author_association": "NONE",
            "body": "[Solved]\nThe problem is related to this:\nhttps://bugs.chromium.org/p/chromium/issues/detail?can=2&start=0&num=100&q=chunked&colspec=ID%20Pri%20M%20Iteration%20ReleaseBlock%20Cr%20Status%20Owner%20Summary%20OS%20Modified&groupby=&sort=&id=156023\n\nWould be awesome to have a Note com Flask doc (on the streaming page) about avoid the use of text/plain.\n\nThx.\n"
        },
        {
            "url": "https://api.github.com/repos/pallets/flask/issues/comments/237438901",
            "html_url": "https://github.com/pallets/flask/issues/1969#issuecomment-237438901",
            "issue_url": "https://api.github.com/repos/pallets/flask/issues/1969",
            "id": 237438901,
            "node_id": "MDEyOklzc3VlQ29tbWVudDIzNzQzODkwMQ==",
            "user": {
                "login": "wgwz",
                "id": 10120306,
                "node_id": "MDQ6VXNlcjEwMTIwMzA2",
                "avatar_url": "https://avatars2.githubusercontent.com/u/10120306?v=4",
                "gravatar_id": "",
                "url": "https://api.github.com/users/wgwz",
                "html_url": "https://github.com/wgwz",
                "followers_url": "https://api.github.com/users/wgwz/followers",
                "following_url": "https://api.github.com/users/wgwz/following{/other_user}",
                "gists_url": "https://api.github.com/users/wgwz/gists{/gist_id}",
                "starred_url": "https://api.github.com/users/wgwz/starred{/owner}{/repo}",
                "subscriptions_url": "https://api.github.com/users/wgwz/subscriptions",
                "organizations_url": "https://api.github.com/users/wgwz/orgs",
                "repos_url": "https://api.github.com/users/wgwz/repos",
                "events_url": "https://api.github.com/users/wgwz/events{/privacy}",
                "received_events_url": "https://api.github.com/users/wgwz/received_events",
                "type": "User",
                "site_admin": false
            },
            "created_at": "2016-08-04T02:55:31Z",
            "updated_at": "2016-08-04T02:55:31Z",
            "author_association": "CONTRIBUTOR",
            "body": "> I made exactly what you said, and you know what? no responses:\n> http://stackoverflow.com/questions/13386681/streaming-data-with-python-and-flask\n\nI never promised you would get an answer. And that doesn't look your question. Is that what helped you figure it out?\n\n> Then, please I'm reopening the thread because I isolated the problem (with just Flask) and it still not working on Chrome\n> Snipet: http://pastebin.com/raw/YtJLVmU8\n\nThat snippet seems to be an example of an MCVE for this problem, nice job.\n\n> Would be awesome to have a Note com Flask doc (on the streaming page) about avoid the use of text/plain.\n\nThen go ahead and submit a PR. \n"
        },
        {
            "url": "https://api.github.com/repos/pallets/flask/issues/comments/237453439",
            "html_url": "https://github.com/pallets/flask/issues/1969#issuecomment-237453439",
            "issue_url": "https://api.github.com/repos/pallets/flask/issues/1969",
            "id": 237453439,
            "node_id": "MDEyOklzc3VlQ29tbWVudDIzNzQ1MzQzOQ==",
            "user": {
                "login": "aftalavera",
                "id": 1153435,
                "node_id": "MDQ6VXNlcjExNTM0MzU=",
                "avatar_url": "https://avatars0.githubusercontent.com/u/1153435?v=4",
                "gravatar_id": "",
                "url": "https://api.github.com/users/aftalavera",
                "html_url": "https://github.com/aftalavera",
                "followers_url": "https://api.github.com/users/aftalavera/followers",
                "following_url": "https://api.github.com/users/aftalavera/following{/other_user}",
                "gists_url": "https://api.github.com/users/aftalavera/gists{/gist_id}",
                "starred_url": "https://api.github.com/users/aftalavera/starred{/owner}{/repo}",
                "subscriptions_url": "https://api.github.com/users/aftalavera/subscriptions",
                "organizations_url": "https://api.github.com/users/aftalavera/orgs",
                "repos_url": "https://api.github.com/users/aftalavera/repos",
                "events_url": "https://api.github.com/users/aftalavera/events{/privacy}",
                "received_events_url": "https://api.github.com/users/aftalavera/received_events",
                "type": "User",
                "site_admin": false
            },
            "created_at": "2016-08-04T05:03:22Z",
            "updated_at": "2016-08-04T05:03:22Z",
            "author_association": "NONE",
            "body": "Hello,\n\nTry:\n\nreturn flask.Response(\n    response=generate(),\n    status=200,\n    mimetype=\"text/plain\",\n    content_type=\"text/event-stream\"\n)\n\nOn Wed, Aug 3, 2016 at 9:55 PM, Kyle Lawlor notifications@github.com\nwrote:\n\n> I made exactly what you said, and you know what? no responses:\n> \n> http://stackoverflow.com/questions/13386681/streaming-data-with-python-and-flask\n> \n> I never promised you would get an answer. And that doesn't look your\n> question. Is that what helped you figure it out?\n> \n> Then, please I'm reopening the thread because I isolated the problem (with\n> just Flask) and it still not working on Chrome\n> Snipet: http://pastebin.com/raw/YtJLVmU8\n> \n> That snippet seems to be an example of an MCVE for this problem, nice job.\n> \n> Would be awesome to have a Note com Flask doc (on the streaming page)\n> about avoid the use of text/plain.\n> \n> Then go ahead and submit a PR.\n> \n> \u2014\n> You are receiving this because you are subscribed to this thread.\n> Reply to this email directly, view it on GitHub\n> https://github.com/pallets/flask/issues/1969#issuecomment-237438901, or mute\n> the thread\n> https://github.com/notifications/unsubscribe-auth/ABGZm5wmH9yNB3d-PEhKg4t_XlRZjZKuks5qcVSwgaJpZM4JYqEK\n> .\n\n## \n\n\"All citizens must possess equal rights and duties.\"\n"
        },
        {
            "url": "https://api.github.com/repos/pallets/flask/issues/comments/237457559",
            "html_url": "https://github.com/pallets/flask/issues/1969#issuecomment-237457559",
            "issue_url": "https://api.github.com/repos/pallets/flask/issues/1969",
            "id": 237457559,
            "node_id": "MDEyOklzc3VlQ29tbWVudDIzNzQ1NzU1OQ==",
            "user": {
                "login": "rafaelcapucho",
                "id": 163367,
                "node_id": "MDQ6VXNlcjE2MzM2Nw==",
                "avatar_url": "https://avatars0.githubusercontent.com/u/163367?v=4",
                "gravatar_id": "",
                "url": "https://api.github.com/users/rafaelcapucho",
                "html_url": "https://github.com/rafaelcapucho",
                "followers_url": "https://api.github.com/users/rafaelcapucho/followers",
                "following_url": "https://api.github.com/users/rafaelcapucho/following{/other_user}",
                "gists_url": "https://api.github.com/users/rafaelcapucho/gists{/gist_id}",
                "starred_url": "https://api.github.com/users/rafaelcapucho/starred{/owner}{/repo}",
                "subscriptions_url": "https://api.github.com/users/rafaelcapucho/subscriptions",
                "organizations_url": "https://api.github.com/users/rafaelcapucho/orgs",
                "repos_url": "https://api.github.com/users/rafaelcapucho/repos",
                "events_url": "https://api.github.com/users/rafaelcapucho/events{/privacy}",
                "received_events_url": "https://api.github.com/users/rafaelcapucho/received_events",
                "type": "User",
                "site_admin": false
            },
            "created_at": "2016-08-04T05:39:53Z",
            "updated_at": "2016-08-04T05:39:53Z",
            "author_association": "NONE",
            "body": "@aftalavera Hello!,\n\nThanks for your point, the modification works on Chrome!\nbut in the other hand in Firefox, instead of render the content on page it shows a pop-up to \"save the file\".\n"
        }
    ]
}