{
    "url": "https://api.github.com/repos/pallets/flask/issues/1971",
    "repository_url": "https://api.github.com/repos/pallets/flask",
    "labels_url": "https://api.github.com/repos/pallets/flask/issues/1971/labels{/name}",
    "comments_url": "https://api.github.com/repos/pallets/flask/issues/1971/comments",
    "events_url": "https://api.github.com/repos/pallets/flask/issues/1971/events",
    "html_url": "https://github.com/pallets/flask/issues/1971",
    "id": 168685022,
    "node_id": "MDU6SXNzdWUxNjg2ODUwMjI=",
    "number": 1971,
    "title": "Implement RFC 7233",
    "user": {
        "login": "magne4000",
        "id": 1098371,
        "node_id": "MDQ6VXNlcjEwOTgzNzE=",
        "avatar_url": "https://avatars0.githubusercontent.com/u/1098371?v=4",
        "gravatar_id": "",
        "url": "https://api.github.com/users/magne4000",
        "html_url": "https://github.com/magne4000",
        "followers_url": "https://api.github.com/users/magne4000/followers",
        "following_url": "https://api.github.com/users/magne4000/following{/other_user}",
        "gists_url": "https://api.github.com/users/magne4000/gists{/gist_id}",
        "starred_url": "https://api.github.com/users/magne4000/starred{/owner}{/repo}",
        "subscriptions_url": "https://api.github.com/users/magne4000/subscriptions",
        "organizations_url": "https://api.github.com/users/magne4000/orgs",
        "repos_url": "https://api.github.com/users/magne4000/repos",
        "events_url": "https://api.github.com/users/magne4000/events{/privacy}",
        "received_events_url": "https://api.github.com/users/magne4000/received_events",
        "type": "User",
        "site_admin": false
    },
    "labels": [],
    "state": "closed",
    "locked": false,
    "assignee": null,
    "assignees": [],
    "milestone": null,
    "comments": 6,
    "created_at": "2016-08-01T16:17:51Z",
    "updated_at": "2016-09-26T12:00:18Z",
    "closed_at": "2016-09-26T12:00:18Z",
    "author_association": "CONTRIBUTOR",
    "body": "It would be great to support [RFC 7233 : Hypertext Transfer Protocol (HTTP/1.1): Range Requests](https://tools.ietf.org/html/rfc7233) for next major version, at least for non multipart/byteranges media type.\n\nI'm willing to implement this, so please share your thoughts about this.\n\nWhat must be done:\n- Modify `send_file` method to support Range Requests\n  - Use existing `conditionnal` parameter to enable Range Requests support ?\n",
    "comments_inline": [
        {
            "url": "https://api.github.com/repos/pallets/flask/issues/comments/236636255",
            "html_url": "https://github.com/pallets/flask/issues/1971#issuecomment-236636255",
            "issue_url": "https://api.github.com/repos/pallets/flask/issues/1971",
            "id": 236636255,
            "node_id": "MDEyOklzc3VlQ29tbWVudDIzNjYzNjI1NQ==",
            "user": {
                "login": "davidism",
                "id": 1242887,
                "node_id": "MDQ6VXNlcjEyNDI4ODc=",
                "avatar_url": "https://avatars1.githubusercontent.com/u/1242887?v=4",
                "gravatar_id": "",
                "url": "https://api.github.com/users/davidism",
                "html_url": "https://github.com/davidism",
                "followers_url": "https://api.github.com/users/davidism/followers",
                "following_url": "https://api.github.com/users/davidism/following{/other_user}",
                "gists_url": "https://api.github.com/users/davidism/gists{/gist_id}",
                "starred_url": "https://api.github.com/users/davidism/starred{/owner}{/repo}",
                "subscriptions_url": "https://api.github.com/users/davidism/subscriptions",
                "organizations_url": "https://api.github.com/users/davidism/orgs",
                "repos_url": "https://api.github.com/users/davidism/repos",
                "events_url": "https://api.github.com/users/davidism/events{/privacy}",
                "received_events_url": "https://api.github.com/users/davidism/received_events",
                "type": "User",
                "site_admin": false
            },
            "created_at": "2016-08-01T16:42:30Z",
            "updated_at": "2016-08-01T16:42:30Z",
            "author_association": "MEMBER",
            "body": "> I'm willing to implement this\n\nGo for it.\n"
        },
        {
            "url": "https://api.github.com/repos/pallets/flask/issues/comments/236932187",
            "html_url": "https://github.com/pallets/flask/issues/1971#issuecomment-236932187",
            "issue_url": "https://api.github.com/repos/pallets/flask/issues/1971",
            "id": 236932187,
            "node_id": "MDEyOklzc3VlQ29tbWVudDIzNjkzMjE4Nw==",
            "user": {
                "login": "magne4000",
                "id": 1098371,
                "node_id": "MDQ6VXNlcjEwOTgzNzE=",
                "avatar_url": "https://avatars0.githubusercontent.com/u/1098371?v=4",
                "gravatar_id": "",
                "url": "https://api.github.com/users/magne4000",
                "html_url": "https://github.com/magne4000",
                "followers_url": "https://api.github.com/users/magne4000/followers",
                "following_url": "https://api.github.com/users/magne4000/following{/other_user}",
                "gists_url": "https://api.github.com/users/magne4000/gists{/gist_id}",
                "starred_url": "https://api.github.com/users/magne4000/starred{/owner}{/repo}",
                "subscriptions_url": "https://api.github.com/users/magne4000/subscriptions",
                "organizations_url": "https://api.github.com/users/magne4000/orgs",
                "repos_url": "https://api.github.com/users/magne4000/repos",
                "events_url": "https://api.github.com/users/magne4000/events{/privacy}",
                "received_events_url": "https://api.github.com/users/magne4000/received_events",
                "type": "User",
                "site_admin": false
            },
            "created_at": "2016-08-02T15:01:01Z",
            "updated_at": "2016-08-02T15:01:01Z",
            "author_association": "CONTRIBUTOR",
            "body": "This will actually need some modifications on werkzeug side also, like a more complete approach of https://github.com/pallets/werkzeug/pull/868/files\n"
        },
        {
            "url": "https://api.github.com/repos/pallets/flask/issues/comments/237506331",
            "html_url": "https://github.com/pallets/flask/issues/1971#issuecomment-237506331",
            "issue_url": "https://api.github.com/repos/pallets/flask/issues/1971",
            "id": 237506331,
            "node_id": "MDEyOklzc3VlQ29tbWVudDIzNzUwNjMzMQ==",
            "user": {
                "login": "magne4000",
                "id": 1098371,
                "node_id": "MDQ6VXNlcjEwOTgzNzE=",
                "avatar_url": "https://avatars0.githubusercontent.com/u/1098371?v=4",
                "gravatar_id": "",
                "url": "https://api.github.com/users/magne4000",
                "html_url": "https://github.com/magne4000",
                "followers_url": "https://api.github.com/users/magne4000/followers",
                "following_url": "https://api.github.com/users/magne4000/following{/other_user}",
                "gists_url": "https://api.github.com/users/magne4000/gists{/gist_id}",
                "starred_url": "https://api.github.com/users/magne4000/starred{/owner}{/repo}",
                "subscriptions_url": "https://api.github.com/users/magne4000/subscriptions",
                "organizations_url": "https://api.github.com/users/magne4000/orgs",
                "repos_url": "https://api.github.com/users/magne4000/repos",
                "events_url": "https://api.github.com/users/magne4000/events{/privacy}",
                "received_events_url": "https://api.github.com/users/magne4000/received_events",
                "type": "User",
                "site_admin": false
            },
            "created_at": "2016-08-04T09:48:13Z",
            "updated_at": "2016-08-04T09:48:13Z",
            "author_association": "CONTRIBUTOR",
            "body": "Also https://github.com/pallets/werkzeug/issues/978\n"
        },
        {
            "url": "https://api.github.com/repos/pallets/flask/issues/comments/247938256",
            "html_url": "https://github.com/pallets/flask/issues/1971#issuecomment-247938256",
            "issue_url": "https://api.github.com/repos/pallets/flask/issues/1971",
            "id": 247938256,
            "node_id": "MDEyOklzc3VlQ29tbWVudDI0NzkzODI1Ng==",
            "user": {
                "login": "magne4000",
                "id": 1098371,
                "node_id": "MDQ6VXNlcjEwOTgzNzE=",
                "avatar_url": "https://avatars0.githubusercontent.com/u/1098371?v=4",
                "gravatar_id": "",
                "url": "https://api.github.com/users/magne4000",
                "html_url": "https://github.com/magne4000",
                "followers_url": "https://api.github.com/users/magne4000/followers",
                "following_url": "https://api.github.com/users/magne4000/following{/other_user}",
                "gists_url": "https://api.github.com/users/magne4000/gists{/gist_id}",
                "starred_url": "https://api.github.com/users/magne4000/starred{/owner}{/repo}",
                "subscriptions_url": "https://api.github.com/users/magne4000/subscriptions",
                "organizations_url": "https://api.github.com/users/magne4000/orgs",
                "repos_url": "https://api.github.com/users/magne4000/repos",
                "events_url": "https://api.github.com/users/magne4000/events{/privacy}",
                "received_events_url": "https://api.github.com/users/magne4000/received_events",
                "type": "User",
                "site_admin": false
            },
            "created_at": "2016-09-19T08:38:42Z",
            "updated_at": "2016-09-19T08:38:42Z",
            "author_association": "CONTRIBUTOR",
            "body": "The doc of `send_file` method is already quite heavy, I was thinking of adding something like this:\n\n```\nIf `add_etags=True`, `conditional=True` and `filename` is provided, this\nmethod will try to upgrade the response stream to support range requests.\nThis will allow the request to be answered with partial content response.\n```\n\nDoes some of you have a better idea ?\n"
        },
        {
            "url": "https://api.github.com/repos/pallets/flask/issues/comments/248136101",
            "html_url": "https://github.com/pallets/flask/issues/1971#issuecomment-248136101",
            "issue_url": "https://api.github.com/repos/pallets/flask/issues/1971",
            "id": 248136101,
            "node_id": "MDEyOklzc3VlQ29tbWVudDI0ODEzNjEwMQ==",
            "user": {
                "login": "untitaker",
                "id": 837573,
                "node_id": "MDQ6VXNlcjgzNzU3Mw==",
                "avatar_url": "https://avatars0.githubusercontent.com/u/837573?v=4",
                "gravatar_id": "",
                "url": "https://api.github.com/users/untitaker",
                "html_url": "https://github.com/untitaker",
                "followers_url": "https://api.github.com/users/untitaker/followers",
                "following_url": "https://api.github.com/users/untitaker/following{/other_user}",
                "gists_url": "https://api.github.com/users/untitaker/gists{/gist_id}",
                "starred_url": "https://api.github.com/users/untitaker/starred{/owner}{/repo}",
                "subscriptions_url": "https://api.github.com/users/untitaker/subscriptions",
                "organizations_url": "https://api.github.com/users/untitaker/orgs",
                "repos_url": "https://api.github.com/users/untitaker/repos",
                "events_url": "https://api.github.com/users/untitaker/events{/privacy}",
                "received_events_url": "https://api.github.com/users/untitaker/received_events",
                "type": "User",
                "site_admin": false
            },
            "created_at": "2016-09-19T21:41:49Z",
            "updated_at": "2016-09-19T21:41:49Z",
            "author_association": "MEMBER",
            "body": "I don't think it makes sense anymore to invoke `make_conditional` only when `add_etags` is set (i.e. dedent the `if conditional` block)\n"
        },
        {
            "url": "https://api.github.com/repos/pallets/flask/issues/comments/248233510",
            "html_url": "https://github.com/pallets/flask/issues/1971#issuecomment-248233510",
            "issue_url": "https://api.github.com/repos/pallets/flask/issues/1971",
            "id": 248233510,
            "node_id": "MDEyOklzc3VlQ29tbWVudDI0ODIzMzUxMA==",
            "user": {
                "login": "magne4000",
                "id": 1098371,
                "node_id": "MDQ6VXNlcjEwOTgzNzE=",
                "avatar_url": "https://avatars0.githubusercontent.com/u/1098371?v=4",
                "gravatar_id": "",
                "url": "https://api.github.com/users/magne4000",
                "html_url": "https://github.com/magne4000",
                "followers_url": "https://api.github.com/users/magne4000/followers",
                "following_url": "https://api.github.com/users/magne4000/following{/other_user}",
                "gists_url": "https://api.github.com/users/magne4000/gists{/gist_id}",
                "starred_url": "https://api.github.com/users/magne4000/starred{/owner}{/repo}",
                "subscriptions_url": "https://api.github.com/users/magne4000/subscriptions",
                "organizations_url": "https://api.github.com/users/magne4000/orgs",
                "repos_url": "https://api.github.com/users/magne4000/repos",
                "events_url": "https://api.github.com/users/magne4000/events{/privacy}",
                "received_events_url": "https://api.github.com/users/magne4000/received_events",
                "type": "User",
                "site_admin": false
            },
            "created_at": "2016-09-20T08:09:24Z",
            "updated_at": "2016-09-20T08:09:24Z",
            "author_association": "CONTRIBUTOR",
            "body": "See PR https://github.com/pallets/flask/pull/2031\n"
        }
    ]
}