{
    "url": "https://api.github.com/repos/pallets/flask/issues/1972",
    "repository_url": "https://api.github.com/repos/pallets/flask",
    "labels_url": "https://api.github.com/repos/pallets/flask/issues/1972/labels{/name}",
    "comments_url": "https://api.github.com/repos/pallets/flask/issues/1972/comments",
    "events_url": "https://api.github.com/repos/pallets/flask/issues/1972/events",
    "html_url": "https://github.com/pallets/flask/issues/1972",
    "id": 168731845,
    "node_id": "MDU6SXNzdWUxNjg3MzE4NDU=",
    "number": 1972,
    "title": "%-encoded / gets included in wrong <path:...> parameter",
    "user": {
        "login": "mavjop",
        "id": 16357610,
        "node_id": "MDQ6VXNlcjE2MzU3NjEw",
        "avatar_url": "https://avatars2.githubusercontent.com/u/16357610?v=4",
        "gravatar_id": "",
        "url": "https://api.github.com/users/mavjop",
        "html_url": "https://github.com/mavjop",
        "followers_url": "https://api.github.com/users/mavjop/followers",
        "following_url": "https://api.github.com/users/mavjop/following{/other_user}",
        "gists_url": "https://api.github.com/users/mavjop/gists{/gist_id}",
        "starred_url": "https://api.github.com/users/mavjop/starred{/owner}{/repo}",
        "subscriptions_url": "https://api.github.com/users/mavjop/subscriptions",
        "organizations_url": "https://api.github.com/users/mavjop/orgs",
        "repos_url": "https://api.github.com/users/mavjop/repos",
        "events_url": "https://api.github.com/users/mavjop/events{/privacy}",
        "received_events_url": "https://api.github.com/users/mavjop/received_events",
        "type": "User",
        "site_admin": false
    },
    "labels": [],
    "state": "closed",
    "locked": false,
    "assignee": null,
    "assignees": [],
    "milestone": null,
    "comments": 5,
    "created_at": "2016-08-01T20:15:06Z",
    "updated_at": "2016-08-08T15:48:52Z",
    "closed_at": "2016-08-08T15:48:52Z",
    "author_association": "NONE",
    "body": "Problem description:\n\n> In a URL with two path:... type arguments (both need to accept URL-path-encoded data) next to each other, a %2F (encoded /) gets included in the wrong parameter.\n\nVersions:\n\n> Python 2.7.11\n> Flask 0.11\n> Werkzeug 0.11.10\n\nRequest URL:\n`http://localhost:5000/api/v1/entry/foo.com/%2Fbar%2Fbaz/block/12345/get`\n\nResult:\n`{\"this_is_a_test\": \"XXX this is test code, not a real thing\", \"path\": \"bar/baz\", \"name\": \"foo.com/\"}`\n\nThat is:\n\n> name: foo.com/\n> path: bar/baz\n\nExpected Result:\n`{\"this_is_a_test\": \"XXX this is test code, not a real thing\", \"path\": \"/bar/baz\", \"name\": \"foo.com\"}`\n\nThat is:\n\n> name: foo.com\n> path: /bar/baz\n\nThe code:\n\n```\n# The special modifier \"path\" as in \"<path:somevariablename>\" means\n# \"somevariablename\" may be URL path encoded data.\n@app.route('/api/v1/entry/<path:name>/get')\n@app.route('/api/v1/entry/<path:name>/<path:path>/get')\ndef get_entry(name, path=None, methods=['GET']):\n    name = urllib.unquote(name)\n\n    if path is not None:\n        path = urllib.unquote(path)\n\n    return json.dumps({\n        'this_is_a_test': 'XXX this is test code, not a real thing',\n        'name': name,\n        'path': path,\n    })\n```\n",
    "comments_inline": [
        {
            "url": "https://api.github.com/repos/pallets/flask/issues/comments/236695026",
            "html_url": "https://github.com/pallets/flask/issues/1972#issuecomment-236695026",
            "issue_url": "https://api.github.com/repos/pallets/flask/issues/1972",
            "id": 236695026,
            "node_id": "MDEyOklzc3VlQ29tbWVudDIzNjY5NTAyNg==",
            "user": {
                "login": "davidism",
                "id": 1242887,
                "node_id": "MDQ6VXNlcjEyNDI4ODc=",
                "avatar_url": "https://avatars1.githubusercontent.com/u/1242887?v=4",
                "gravatar_id": "",
                "url": "https://api.github.com/users/davidism",
                "html_url": "https://github.com/davidism",
                "followers_url": "https://api.github.com/users/davidism/followers",
                "following_url": "https://api.github.com/users/davidism/following{/other_user}",
                "gists_url": "https://api.github.com/users/davidism/gists{/gist_id}",
                "starred_url": "https://api.github.com/users/davidism/starred{/owner}{/repo}",
                "subscriptions_url": "https://api.github.com/users/davidism/subscriptions",
                "organizations_url": "https://api.github.com/users/davidism/orgs",
                "repos_url": "https://api.github.com/users/davidism/repos",
                "events_url": "https://api.github.com/users/davidism/events{/privacy}",
                "received_events_url": "https://api.github.com/users/davidism/received_events",
                "type": "User",
                "site_admin": false
            },
            "created_at": "2016-08-01T20:19:31Z",
            "updated_at": "2016-08-01T20:19:31Z",
            "author_association": "MEMBER",
            "body": "This should be filed against Werkzeug, although I'm fairly sure it's already been reported.\n"
        },
        {
            "url": "https://api.github.com/repos/pallets/flask/issues/comments/238240817",
            "html_url": "https://github.com/pallets/flask/issues/1972#issuecomment-238240817",
            "issue_url": "https://api.github.com/repos/pallets/flask/issues/1972",
            "id": 238240817,
            "node_id": "MDEyOklzc3VlQ29tbWVudDIzODI0MDgxNw==",
            "user": {
                "login": "untitaker",
                "id": 837573,
                "node_id": "MDQ6VXNlcjgzNzU3Mw==",
                "avatar_url": "https://avatars0.githubusercontent.com/u/837573?v=4",
                "gravatar_id": "",
                "url": "https://api.github.com/users/untitaker",
                "html_url": "https://github.com/untitaker",
                "followers_url": "https://api.github.com/users/untitaker/followers",
                "following_url": "https://api.github.com/users/untitaker/following{/other_user}",
                "gists_url": "https://api.github.com/users/untitaker/gists{/gist_id}",
                "starred_url": "https://api.github.com/users/untitaker/starred{/owner}{/repo}",
                "subscriptions_url": "https://api.github.com/users/untitaker/subscriptions",
                "organizations_url": "https://api.github.com/users/untitaker/orgs",
                "repos_url": "https://api.github.com/users/untitaker/repos",
                "events_url": "https://api.github.com/users/untitaker/events{/privacy}",
                "received_events_url": "https://api.github.com/users/untitaker/received_events",
                "type": "User",
                "site_admin": false
            },
            "created_at": "2016-08-08T13:42:22Z",
            "updated_at": "2016-08-08T13:42:22Z",
            "author_association": "MEMBER",
            "body": "Which server are you using? Please create a proper testcase and make sure the URL decoding isn't done by e.g. nginx.\n"
        },
        {
            "url": "https://api.github.com/repos/pallets/flask/issues/comments/238278718",
            "html_url": "https://github.com/pallets/flask/issues/1972#issuecomment-238278718",
            "issue_url": "https://api.github.com/repos/pallets/flask/issues/1972",
            "id": 238278718,
            "node_id": "MDEyOklzc3VlQ29tbWVudDIzODI3ODcxOA==",
            "user": {
                "login": "mavjop",
                "id": 16357610,
                "node_id": "MDQ6VXNlcjE2MzU3NjEw",
                "avatar_url": "https://avatars2.githubusercontent.com/u/16357610?v=4",
                "gravatar_id": "",
                "url": "https://api.github.com/users/mavjop",
                "html_url": "https://github.com/mavjop",
                "followers_url": "https://api.github.com/users/mavjop/followers",
                "following_url": "https://api.github.com/users/mavjop/following{/other_user}",
                "gists_url": "https://api.github.com/users/mavjop/gists{/gist_id}",
                "starred_url": "https://api.github.com/users/mavjop/starred{/owner}{/repo}",
                "subscriptions_url": "https://api.github.com/users/mavjop/subscriptions",
                "organizations_url": "https://api.github.com/users/mavjop/orgs",
                "repos_url": "https://api.github.com/users/mavjop/repos",
                "events_url": "https://api.github.com/users/mavjop/events{/privacy}",
                "received_events_url": "https://api.github.com/users/mavjop/received_events",
                "type": "User",
                "site_admin": false
            },
            "created_at": "2016-08-08T15:44:30Z",
            "updated_at": "2016-08-08T15:44:30Z",
            "author_association": "NONE",
            "body": "I am using gevent.wsgi.WSGIServer:\n\n```\n    app = flask.Flask('foo')\n\n[then the @app.route()s, etc.]\n\n    app_server = gevent.wsgi.WSGIServer((host, port), app)\n    app_server.serve_forever()\n```\n\nBut I already thought of that, and took gevent out of the picture, replicating the same misbehaviour by calling app.run() directly.\n"
        },
        {
            "url": "https://api.github.com/repos/pallets/flask/issues/comments/238279253",
            "html_url": "https://github.com/pallets/flask/issues/1972#issuecomment-238279253",
            "issue_url": "https://api.github.com/repos/pallets/flask/issues/1972",
            "id": 238279253,
            "node_id": "MDEyOklzc3VlQ29tbWVudDIzODI3OTI1Mw==",
            "user": {
                "login": "mavjop",
                "id": 16357610,
                "node_id": "MDQ6VXNlcjE2MzU3NjEw",
                "avatar_url": "https://avatars2.githubusercontent.com/u/16357610?v=4",
                "gravatar_id": "",
                "url": "https://api.github.com/users/mavjop",
                "html_url": "https://github.com/mavjop",
                "followers_url": "https://api.github.com/users/mavjop/followers",
                "following_url": "https://api.github.com/users/mavjop/following{/other_user}",
                "gists_url": "https://api.github.com/users/mavjop/gists{/gist_id}",
                "starred_url": "https://api.github.com/users/mavjop/starred{/owner}{/repo}",
                "subscriptions_url": "https://api.github.com/users/mavjop/subscriptions",
                "organizations_url": "https://api.github.com/users/mavjop/orgs",
                "repos_url": "https://api.github.com/users/mavjop/repos",
                "events_url": "https://api.github.com/users/mavjop/events{/privacy}",
                "received_events_url": "https://api.github.com/users/mavjop/received_events",
                "type": "User",
                "site_admin": false
            },
            "created_at": "2016-08-08T15:46:17Z",
            "updated_at": "2016-08-08T15:46:17Z",
            "author_association": "NONE",
            "body": "By the way, on @davidism's recommendation I opened a ticket against Werkzeug, so it would probably be better to follow up there:\n\nhttps://github.com/pallets/werkzeug/issues/971\n"
        },
        {
            "url": "https://api.github.com/repos/pallets/flask/issues/comments/238280049",
            "html_url": "https://github.com/pallets/flask/issues/1972#issuecomment-238280049",
            "issue_url": "https://api.github.com/repos/pallets/flask/issues/1972",
            "id": 238280049,
            "node_id": "MDEyOklzc3VlQ29tbWVudDIzODI4MDA0OQ==",
            "user": {
                "login": "untitaker",
                "id": 837573,
                "node_id": "MDQ6VXNlcjgzNzU3Mw==",
                "avatar_url": "https://avatars0.githubusercontent.com/u/837573?v=4",
                "gravatar_id": "",
                "url": "https://api.github.com/users/untitaker",
                "html_url": "https://github.com/untitaker",
                "followers_url": "https://api.github.com/users/untitaker/followers",
                "following_url": "https://api.github.com/users/untitaker/following{/other_user}",
                "gists_url": "https://api.github.com/users/untitaker/gists{/gist_id}",
                "starred_url": "https://api.github.com/users/untitaker/starred{/owner}{/repo}",
                "subscriptions_url": "https://api.github.com/users/untitaker/subscriptions",
                "organizations_url": "https://api.github.com/users/untitaker/orgs",
                "repos_url": "https://api.github.com/users/untitaker/repos",
                "events_url": "https://api.github.com/users/untitaker/events{/privacy}",
                "received_events_url": "https://api.github.com/users/untitaker/received_events",
                "type": "User",
                "site_admin": false
            },
            "created_at": "2016-08-08T15:48:46Z",
            "updated_at": "2016-08-08T15:48:46Z",
            "author_association": "MEMBER",
            "body": "Ok I'll close this.\n"
        }
    ]
}