{
    "url": "https://api.github.com/repos/pallets/flask/issues/1973",
    "repository_url": "https://api.github.com/repos/pallets/flask",
    "labels_url": "https://api.github.com/repos/pallets/flask/issues/1973/labels{/name}",
    "comments_url": "https://api.github.com/repos/pallets/flask/issues/1973/comments",
    "events_url": "https://api.github.com/repos/pallets/flask/issues/1973/events",
    "html_url": "https://github.com/pallets/flask/pull/1973",
    "id": 168905507,
    "node_id": "MDExOlB1bGxSZXF1ZXN0Nzk3NDkxNTQ=",
    "number": 1973,
    "title": "Update for python3",
    "user": {
        "login": "SaturnR",
        "id": 4753393,
        "node_id": "MDQ6VXNlcjQ3NTMzOTM=",
        "avatar_url": "https://avatars1.githubusercontent.com/u/4753393?v=4",
        "gravatar_id": "",
        "url": "https://api.github.com/users/SaturnR",
        "html_url": "https://github.com/SaturnR",
        "followers_url": "https://api.github.com/users/SaturnR/followers",
        "following_url": "https://api.github.com/users/SaturnR/following{/other_user}",
        "gists_url": "https://api.github.com/users/SaturnR/gists{/gist_id}",
        "starred_url": "https://api.github.com/users/SaturnR/starred{/owner}{/repo}",
        "subscriptions_url": "https://api.github.com/users/SaturnR/subscriptions",
        "organizations_url": "https://api.github.com/users/SaturnR/orgs",
        "repos_url": "https://api.github.com/users/SaturnR/repos",
        "events_url": "https://api.github.com/users/SaturnR/events{/privacy}",
        "received_events_url": "https://api.github.com/users/SaturnR/received_events",
        "type": "User",
        "site_admin": false
    },
    "labels": [],
    "state": "closed",
    "locked": false,
    "assignee": null,
    "assignees": [],
    "milestone": null,
    "comments": 0,
    "created_at": "2016-08-02T14:51:03Z",
    "updated_at": "2018-10-23T17:43:52Z",
    "closed_at": "2016-08-20T15:43:10Z",
    "author_association": "CONTRIBUTOR",
    "pull_request": {
        "url": "https://api.github.com/repos/pallets/flask/pulls/1973",
        "html_url": "https://github.com/pallets/flask/pull/1973",
        "diff_url": "https://github.com/pallets/flask/pull/1973.diff",
        "patch_url": "https://github.com/pallets/flask/pull/1973.patch"
    },
    "body": "Just updated print 'Initialized the database.' with print('Initialized the database.') to be python3 compliant.\n"
}