{
    "url": "https://api.github.com/repos/pallets/flask/issues/1976",
    "repository_url": "https://api.github.com/repos/pallets/flask",
    "labels_url": "https://api.github.com/repos/pallets/flask/issues/1976/labels{/name}",
    "comments_url": "https://api.github.com/repos/pallets/flask/issues/1976/comments",
    "events_url": "https://api.github.com/repos/pallets/flask/issues/1976/events",
    "html_url": "https://github.com/pallets/flask/pull/1976",
    "id": 169111952,
    "node_id": "MDExOlB1bGxSZXF1ZXN0Nzk4OTE5MTM=",
    "number": 1976,
    "title": "Use path of socket consistently accross document.",
    "user": {
        "login": "OrangeTux",
        "id": 1565144,
        "node_id": "MDQ6VXNlcjE1NjUxNDQ=",
        "avatar_url": "https://avatars3.githubusercontent.com/u/1565144?v=4",
        "gravatar_id": "",
        "url": "https://api.github.com/users/OrangeTux",
        "html_url": "https://github.com/OrangeTux",
        "followers_url": "https://api.github.com/users/OrangeTux/followers",
        "following_url": "https://api.github.com/users/OrangeTux/following{/other_user}",
        "gists_url": "https://api.github.com/users/OrangeTux/gists{/gist_id}",
        "starred_url": "https://api.github.com/users/OrangeTux/starred{/owner}{/repo}",
        "subscriptions_url": "https://api.github.com/users/OrangeTux/subscriptions",
        "organizations_url": "https://api.github.com/users/OrangeTux/orgs",
        "repos_url": "https://api.github.com/users/OrangeTux/repos",
        "events_url": "https://api.github.com/users/OrangeTux/events{/privacy}",
        "received_events_url": "https://api.github.com/users/OrangeTux/received_events",
        "type": "User",
        "site_admin": false
    },
    "labels": [],
    "state": "closed",
    "locked": false,
    "assignee": null,
    "assignees": [],
    "milestone": null,
    "comments": 0,
    "created_at": "2016-08-03T11:43:31Z",
    "updated_at": "2016-08-03T16:22:14Z",
    "closed_at": "2016-08-03T16:22:14Z",
    "author_association": "CONTRIBUTOR",
    "pull_request": {
        "url": "https://api.github.com/repos/pallets/flask/pulls/1976",
        "html_url": "https://github.com/pallets/flask/pull/1976",
        "diff_url": "https://github.com/pallets/flask/pull/1976.diff",
        "patch_url": "https://github.com/pallets/flask/pull/1976.patch"
    },
    "body": "Fixes #1975 \n"
}