{
    "url": "https://api.github.com/repos/pallets/flask/issues/1982",
    "repository_url": "https://api.github.com/repos/pallets/flask",
    "labels_url": "https://api.github.com/repos/pallets/flask/issues/1982/labels{/name}",
    "comments_url": "https://api.github.com/repos/pallets/flask/issues/1982/comments",
    "events_url": "https://api.github.com/repos/pallets/flask/issues/1982/events",
    "html_url": "https://github.com/pallets/flask/issues/1982",
    "id": 170808656,
    "node_id": "MDU6SXNzdWUxNzA4MDg2NTY=",
    "number": 1982,
    "title": "examples/flaskr test error",
    "user": {
        "login": "janreyho",
        "id": 13429360,
        "node_id": "MDQ6VXNlcjEzNDI5MzYw",
        "avatar_url": "https://avatars1.githubusercontent.com/u/13429360?v=4",
        "gravatar_id": "",
        "url": "https://api.github.com/users/janreyho",
        "html_url": "https://github.com/janreyho",
        "followers_url": "https://api.github.com/users/janreyho/followers",
        "following_url": "https://api.github.com/users/janreyho/following{/other_user}",
        "gists_url": "https://api.github.com/users/janreyho/gists{/gist_id}",
        "starred_url": "https://api.github.com/users/janreyho/starred{/owner}{/repo}",
        "subscriptions_url": "https://api.github.com/users/janreyho/subscriptions",
        "organizations_url": "https://api.github.com/users/janreyho/orgs",
        "repos_url": "https://api.github.com/users/janreyho/repos",
        "events_url": "https://api.github.com/users/janreyho/events{/privacy}",
        "received_events_url": "https://api.github.com/users/janreyho/received_events",
        "type": "User",
        "site_admin": false
    },
    "labels": [
        {
            "id": 32876,
            "node_id": "MDU6TGFiZWwzMjg3Ng==",
            "url": "https://api.github.com/repos/pallets/flask/labels/docs",
            "name": "docs",
            "color": "0e8a16",
            "default": false,
            "description": null
        }
    ],
    "state": "closed",
    "locked": false,
    "assignee": null,
    "assignees": [],
    "milestone": null,
    "comments": 1,
    "created_at": "2016-08-12T06:42:19Z",
    "updated_at": "2016-08-16T07:27:37Z",
    "closed_at": "2016-08-16T07:27:33Z",
    "author_association": "NONE",
    "body": "```\nimport os\nimport flaskr\nimport unittest\nimport tempfile\n\nclass FlaskrTestCase(unittest.TestCase):\n\n    def setUp(self):\n        self.db_fd, flaskr.app.config['DATABASE'] = tempfile.mkstemp()\n        flaskr.app.config['TESTING'] = True\n        self.app = flaskr.app.test_client()\n        with flaskr.app.app_context():\n            flaskr.init_db()\n\n    def tearDown(self):\n        os.close(self.db_fd)\n        os.unlink(flaskr.app.config['DATABASE'])\n\n    def test_empty_db(self):\n        rv = self.app.get('/')\n        assert b'No entries here so far' in rv.data\nif __name__ == '__main__':\n    unittest.main()\n```\n\n(flask) \u279c  flask-demo git:(master) \u2717 python tests/flaskr_tests.py\nERROR: test_empty_db (**main**.FlaskrTestCase)\nTraceback (most recent call last):\n  File \"tests/flaskr_tests.py\", line 9, in setUp\n    self.db_fd, flaskr.app.config['DATABASE'] = tempfile.mkstemp()\nAttributeError: 'module' object has no attribute 'app'\n\nRan 1 test in 0.004s\nFAILED (errors=1)\n",
    "comments_inline": [
        {
            "url": "https://api.github.com/repos/pallets/flask/issues/comments/239443090",
            "html_url": "https://github.com/pallets/flask/issues/1982#issuecomment-239443090",
            "issue_url": "https://api.github.com/repos/pallets/flask/issues/1982",
            "id": 239443090,
            "node_id": "MDEyOklzc3VlQ29tbWVudDIzOTQ0MzA5MA==",
            "user": {
                "login": "untitaker",
                "id": 837573,
                "node_id": "MDQ6VXNlcjgzNzU3Mw==",
                "avatar_url": "https://avatars0.githubusercontent.com/u/837573?v=4",
                "gravatar_id": "",
                "url": "https://api.github.com/users/untitaker",
                "html_url": "https://github.com/untitaker",
                "followers_url": "https://api.github.com/users/untitaker/followers",
                "following_url": "https://api.github.com/users/untitaker/following{/other_user}",
                "gists_url": "https://api.github.com/users/untitaker/gists{/gist_id}",
                "starred_url": "https://api.github.com/users/untitaker/starred{/owner}{/repo}",
                "subscriptions_url": "https://api.github.com/users/untitaker/subscriptions",
                "organizations_url": "https://api.github.com/users/untitaker/orgs",
                "repos_url": "https://api.github.com/users/untitaker/repos",
                "events_url": "https://api.github.com/users/untitaker/events{/privacy}",
                "received_events_url": "https://api.github.com/users/untitaker/received_events",
                "type": "User",
                "site_admin": false
            },
            "created_at": "2016-08-12T13:16:10Z",
            "updated_at": "2016-08-12T13:16:10Z",
            "author_association": "MEMBER",
            "body": "This should be fixed by https://github.com/pallets/flask/pull/1945. @janreyho Could you test with the version in the master branch?\n"
        }
    ]
}