{
    "url": "https://api.github.com/repos/pallets/flask/issues/1984",
    "repository_url": "https://api.github.com/repos/pallets/flask",
    "labels_url": "https://api.github.com/repos/pallets/flask/issues/1984/labels{/name}",
    "comments_url": "https://api.github.com/repos/pallets/flask/issues/1984/comments",
    "events_url": "https://api.github.com/repos/pallets/flask/issues/1984/events",
    "html_url": "https://github.com/pallets/flask/pull/1984",
    "id": 172202944,
    "node_id": "MDExOlB1bGxSZXF1ZXN0ODIwMzI3NjE=",
    "number": 1984,
    "title": "JSON request/response mixin",
    "user": {
        "login": "untitaker",
        "id": 837573,
        "node_id": "MDQ6VXNlcjgzNzU3Mw==",
        "avatar_url": "https://avatars0.githubusercontent.com/u/837573?v=4",
        "gravatar_id": "",
        "url": "https://api.github.com/users/untitaker",
        "html_url": "https://github.com/untitaker",
        "followers_url": "https://api.github.com/users/untitaker/followers",
        "following_url": "https://api.github.com/users/untitaker/following{/other_user}",
        "gists_url": "https://api.github.com/users/untitaker/gists{/gist_id}",
        "starred_url": "https://api.github.com/users/untitaker/starred{/owner}{/repo}",
        "subscriptions_url": "https://api.github.com/users/untitaker/subscriptions",
        "organizations_url": "https://api.github.com/users/untitaker/orgs",
        "repos_url": "https://api.github.com/users/untitaker/repos",
        "events_url": "https://api.github.com/users/untitaker/events{/privacy}",
        "received_events_url": "https://api.github.com/users/untitaker/received_events",
        "type": "User",
        "site_admin": false
    },
    "labels": [
        {
            "id": 398831866,
            "node_id": "MDU6TGFiZWwzOTg4MzE4NjY=",
            "url": "https://api.github.com/repos/pallets/flask/labels/json",
            "name": "json",
            "color": "1d76db",
            "default": false,
            "description": null
        }
    ],
    "state": "closed",
    "locked": false,
    "assignee": {
        "login": "untitaker",
        "id": 837573,
        "node_id": "MDQ6VXNlcjgzNzU3Mw==",
        "avatar_url": "https://avatars0.githubusercontent.com/u/837573?v=4",
        "gravatar_id": "",
        "url": "https://api.github.com/users/untitaker",
        "html_url": "https://github.com/untitaker",
        "followers_url": "https://api.github.com/users/untitaker/followers",
        "following_url": "https://api.github.com/users/untitaker/following{/other_user}",
        "gists_url": "https://api.github.com/users/untitaker/gists{/gist_id}",
        "starred_url": "https://api.github.com/users/untitaker/starred{/owner}{/repo}",
        "subscriptions_url": "https://api.github.com/users/untitaker/subscriptions",
        "organizations_url": "https://api.github.com/users/untitaker/orgs",
        "repos_url": "https://api.github.com/users/untitaker/repos",
        "events_url": "https://api.github.com/users/untitaker/events{/privacy}",
        "received_events_url": "https://api.github.com/users/untitaker/received_events",
        "type": "User",
        "site_admin": false
    },
    "assignees": [
        {
            "login": "untitaker",
            "id": 837573,
            "node_id": "MDQ6VXNlcjgzNzU3Mw==",
            "avatar_url": "https://avatars0.githubusercontent.com/u/837573?v=4",
            "gravatar_id": "",
            "url": "https://api.github.com/users/untitaker",
            "html_url": "https://github.com/untitaker",
            "followers_url": "https://api.github.com/users/untitaker/followers",
            "following_url": "https://api.github.com/users/untitaker/following{/other_user}",
            "gists_url": "https://api.github.com/users/untitaker/gists{/gist_id}",
            "starred_url": "https://api.github.com/users/untitaker/starred{/owner}{/repo}",
            "subscriptions_url": "https://api.github.com/users/untitaker/subscriptions",
            "organizations_url": "https://api.github.com/users/untitaker/orgs",
            "repos_url": "https://api.github.com/users/untitaker/repos",
            "events_url": "https://api.github.com/users/untitaker/events{/privacy}",
            "received_events_url": "https://api.github.com/users/untitaker/received_events",
            "type": "User",
            "site_admin": false
        }
    ],
    "milestone": null,
    "comments": 13,
    "created_at": "2016-08-19T19:26:16Z",
    "updated_at": "2018-10-23T17:44:13Z",
    "closed_at": "2017-06-04T18:55:34Z",
    "author_association": "MEMBER",
    "pull_request": {
        "url": "https://api.github.com/repos/pallets/flask/pulls/1984",
        "html_url": "https://github.com/pallets/flask/pull/1984",
        "diff_url": "https://github.com/pallets/flask/pull/1984.diff",
        "patch_url": "https://github.com/pallets/flask/pull/1984.patch"
    },
    "body": "Continuing #1416\r\n\r\nAll inline discussions have been resolved.",
    "comments_inline": [
        {
            "url": "https://api.github.com/repos/pallets/flask/issues/comments/273110890",
            "html_url": "https://github.com/pallets/flask/pull/1984#issuecomment-273110890",
            "issue_url": "https://api.github.com/repos/pallets/flask/issues/1984",
            "id": 273110890,
            "node_id": "MDEyOklzc3VlQ29tbWVudDI3MzExMDg5MA==",
            "user": {
                "login": "JordanP",
                "id": 221981,
                "node_id": "MDQ6VXNlcjIyMTk4MQ==",
                "avatar_url": "https://avatars0.githubusercontent.com/u/221981?v=4",
                "gravatar_id": "",
                "url": "https://api.github.com/users/JordanP",
                "html_url": "https://github.com/JordanP",
                "followers_url": "https://api.github.com/users/JordanP/followers",
                "following_url": "https://api.github.com/users/JordanP/following{/other_user}",
                "gists_url": "https://api.github.com/users/JordanP/gists{/gist_id}",
                "starred_url": "https://api.github.com/users/JordanP/starred{/owner}{/repo}",
                "subscriptions_url": "https://api.github.com/users/JordanP/subscriptions",
                "organizations_url": "https://api.github.com/users/JordanP/orgs",
                "repos_url": "https://api.github.com/users/JordanP/repos",
                "events_url": "https://api.github.com/users/JordanP/events{/privacy}",
                "received_events_url": "https://api.github.com/users/JordanP/received_events",
                "type": "User",
                "site_admin": false
            },
            "created_at": "2017-01-17T11:08:29Z",
            "updated_at": "2017-01-17T11:08:29Z",
            "author_association": "NONE",
            "body": "Any progress on this ? Could you rebase ?\r\n\r\nI've been looking for better JSON support (a-la python-requests) and there's already several bug reports and PR in flask and werkzeug about this. This looks like a popular demand :)"
        },
        {
            "url": "https://api.github.com/repos/pallets/flask/issues/comments/273766784",
            "html_url": "https://github.com/pallets/flask/pull/1984#issuecomment-273766784",
            "issue_url": "https://api.github.com/repos/pallets/flask/issues/1984",
            "id": 273766784,
            "node_id": "MDEyOklzc3VlQ29tbWVudDI3Mzc2Njc4NA==",
            "user": {
                "login": "jwg4",
                "id": 5060616,
                "node_id": "MDQ6VXNlcjUwNjA2MTY=",
                "avatar_url": "https://avatars0.githubusercontent.com/u/5060616?v=4",
                "gravatar_id": "",
                "url": "https://api.github.com/users/jwg4",
                "html_url": "https://github.com/jwg4",
                "followers_url": "https://api.github.com/users/jwg4/followers",
                "following_url": "https://api.github.com/users/jwg4/following{/other_user}",
                "gists_url": "https://api.github.com/users/jwg4/gists{/gist_id}",
                "starred_url": "https://api.github.com/users/jwg4/starred{/owner}{/repo}",
                "subscriptions_url": "https://api.github.com/users/jwg4/subscriptions",
                "organizations_url": "https://api.github.com/users/jwg4/orgs",
                "repos_url": "https://api.github.com/users/jwg4/repos",
                "events_url": "https://api.github.com/users/jwg4/events{/privacy}",
                "received_events_url": "https://api.github.com/users/jwg4/received_events",
                "type": "User",
                "site_admin": false
            },
            "created_at": "2017-01-19T12:40:32Z",
            "updated_at": "2017-01-19T12:40:32Z",
            "author_association": "NONE",
            "body": "This change would make a big difference to us. Sorry to see that it is nearly two years old, can I do something to help?"
        },
        {
            "url": "https://api.github.com/repos/pallets/flask/issues/comments/291912907",
            "html_url": "https://github.com/pallets/flask/pull/1984#issuecomment-291912907",
            "issue_url": "https://api.github.com/repos/pallets/flask/issues/1984",
            "id": 291912907,
            "node_id": "MDEyOklzc3VlQ29tbWVudDI5MTkxMjkwNw==",
            "user": {
                "login": "ramnes",
                "id": 835072,
                "node_id": "MDQ6VXNlcjgzNTA3Mg==",
                "avatar_url": "https://avatars2.githubusercontent.com/u/835072?v=4",
                "gravatar_id": "",
                "url": "https://api.github.com/users/ramnes",
                "html_url": "https://github.com/ramnes",
                "followers_url": "https://api.github.com/users/ramnes/followers",
                "following_url": "https://api.github.com/users/ramnes/following{/other_user}",
                "gists_url": "https://api.github.com/users/ramnes/gists{/gist_id}",
                "starred_url": "https://api.github.com/users/ramnes/starred{/owner}{/repo}",
                "subscriptions_url": "https://api.github.com/users/ramnes/subscriptions",
                "organizations_url": "https://api.github.com/users/ramnes/orgs",
                "repos_url": "https://api.github.com/users/ramnes/repos",
                "events_url": "https://api.github.com/users/ramnes/events{/privacy}",
                "received_events_url": "https://api.github.com/users/ramnes/received_events",
                "type": "User",
                "site_admin": false
            },
            "created_at": "2017-04-05T16:11:58Z",
            "updated_at": "2017-04-05T16:11:58Z",
            "author_association": "NONE",
            "body": "This request merged would be a huge relief for me and my team also.\r\n\r\n@mitsuhiko, @untitaker, how can we make this happen?"
        },
        {
            "url": "https://api.github.com/repos/pallets/flask/issues/comments/292271093",
            "html_url": "https://github.com/pallets/flask/pull/1984#issuecomment-292271093",
            "issue_url": "https://api.github.com/repos/pallets/flask/issues/1984",
            "id": 292271093,
            "node_id": "MDEyOklzc3VlQ29tbWVudDI5MjI3MTA5Mw==",
            "user": {
                "login": "kislyuk",
                "id": 862013,
                "node_id": "MDQ6VXNlcjg2MjAxMw==",
                "avatar_url": "https://avatars1.githubusercontent.com/u/862013?v=4",
                "gravatar_id": "",
                "url": "https://api.github.com/users/kislyuk",
                "html_url": "https://github.com/kislyuk",
                "followers_url": "https://api.github.com/users/kislyuk/followers",
                "following_url": "https://api.github.com/users/kislyuk/following{/other_user}",
                "gists_url": "https://api.github.com/users/kislyuk/gists{/gist_id}",
                "starred_url": "https://api.github.com/users/kislyuk/starred{/owner}{/repo}",
                "subscriptions_url": "https://api.github.com/users/kislyuk/subscriptions",
                "organizations_url": "https://api.github.com/users/kislyuk/orgs",
                "repos_url": "https://api.github.com/users/kislyuk/repos",
                "events_url": "https://api.github.com/users/kislyuk/events{/privacy}",
                "received_events_url": "https://api.github.com/users/kislyuk/received_events",
                "type": "User",
                "site_admin": false
            },
            "created_at": "2017-04-06T18:42:11Z",
            "updated_at": "2017-04-06T18:42:11Z",
            "author_association": "CONTRIBUTOR",
            "body": "+1 for this feature. Any way to help this get in?"
        },
        {
            "url": "https://api.github.com/repos/pallets/flask/issues/comments/304125463",
            "html_url": "https://github.com/pallets/flask/pull/1984#issuecomment-304125463",
            "issue_url": "https://api.github.com/repos/pallets/flask/issues/1984",
            "id": 304125463,
            "node_id": "MDEyOklzc3VlQ29tbWVudDMwNDEyNTQ2Mw==",
            "user": {
                "login": "kennethreitz",
                "id": 119893,
                "node_id": "MDQ6VXNlcjExOTg5Mw==",
                "avatar_url": "https://avatars2.githubusercontent.com/u/119893?v=4",
                "gravatar_id": "",
                "url": "https://api.github.com/users/kennethreitz",
                "html_url": "https://github.com/kennethreitz",
                "followers_url": "https://api.github.com/users/kennethreitz/followers",
                "following_url": "https://api.github.com/users/kennethreitz/following{/other_user}",
                "gists_url": "https://api.github.com/users/kennethreitz/gists{/gist_id}",
                "starred_url": "https://api.github.com/users/kennethreitz/starred{/owner}{/repo}",
                "subscriptions_url": "https://api.github.com/users/kennethreitz/subscriptions",
                "organizations_url": "https://api.github.com/users/kennethreitz/orgs",
                "repos_url": "https://api.github.com/users/kennethreitz/repos",
                "events_url": "https://api.github.com/users/kennethreitz/events{/privacy}",
                "received_events_url": "https://api.github.com/users/kennethreitz/received_events",
                "type": "User",
                "site_admin": false
            },
            "created_at": "2017-05-25T21:09:41Z",
            "updated_at": "2017-05-25T21:09:41Z",
            "author_association": "CONTRIBUTOR",
            "body": "needs a rebase!"
        },
        {
            "url": "https://api.github.com/repos/pallets/flask/issues/comments/304125519",
            "html_url": "https://github.com/pallets/flask/pull/1984#issuecomment-304125519",
            "issue_url": "https://api.github.com/repos/pallets/flask/issues/1984",
            "id": 304125519,
            "node_id": "MDEyOklzc3VlQ29tbWVudDMwNDEyNTUxOQ==",
            "user": {
                "login": "kennethreitz",
                "id": 119893,
                "node_id": "MDQ6VXNlcjExOTg5Mw==",
                "avatar_url": "https://avatars2.githubusercontent.com/u/119893?v=4",
                "gravatar_id": "",
                "url": "https://api.github.com/users/kennethreitz",
                "html_url": "https://github.com/kennethreitz",
                "followers_url": "https://api.github.com/users/kennethreitz/followers",
                "following_url": "https://api.github.com/users/kennethreitz/following{/other_user}",
                "gists_url": "https://api.github.com/users/kennethreitz/gists{/gist_id}",
                "starred_url": "https://api.github.com/users/kennethreitz/starred{/owner}{/repo}",
                "subscriptions_url": "https://api.github.com/users/kennethreitz/subscriptions",
                "organizations_url": "https://api.github.com/users/kennethreitz/orgs",
                "repos_url": "https://api.github.com/users/kennethreitz/repos",
                "events_url": "https://api.github.com/users/kennethreitz/events{/privacy}",
                "received_events_url": "https://api.github.com/users/kennethreitz/received_events",
                "type": "User",
                "site_admin": false
            },
            "created_at": "2017-05-25T21:09:54Z",
            "updated_at": "2017-05-25T21:09:54Z",
            "author_association": "CONTRIBUTOR",
            "body": "Maybe it would be better to use Requests as the test client :)"
        },
        {
            "url": "https://api.github.com/repos/pallets/flask/issues/comments/304137770",
            "html_url": "https://github.com/pallets/flask/pull/1984#issuecomment-304137770",
            "issue_url": "https://api.github.com/repos/pallets/flask/issues/1984",
            "id": 304137770,
            "node_id": "MDEyOklzc3VlQ29tbWVudDMwNDEzNzc3MA==",
            "user": {
                "login": "kennethreitz",
                "id": 119893,
                "node_id": "MDQ6VXNlcjExOTg5Mw==",
                "avatar_url": "https://avatars2.githubusercontent.com/u/119893?v=4",
                "gravatar_id": "",
                "url": "https://api.github.com/users/kennethreitz",
                "html_url": "https://github.com/kennethreitz",
                "followers_url": "https://api.github.com/users/kennethreitz/followers",
                "following_url": "https://api.github.com/users/kennethreitz/following{/other_user}",
                "gists_url": "https://api.github.com/users/kennethreitz/gists{/gist_id}",
                "starred_url": "https://api.github.com/users/kennethreitz/starred{/owner}{/repo}",
                "subscriptions_url": "https://api.github.com/users/kennethreitz/subscriptions",
                "organizations_url": "https://api.github.com/users/kennethreitz/orgs",
                "repos_url": "https://api.github.com/users/kennethreitz/repos",
                "events_url": "https://api.github.com/users/kennethreitz/events{/privacy}",
                "received_events_url": "https://api.github.com/users/kennethreitz/received_events",
                "type": "User",
                "site_admin": false
            },
            "created_at": "2017-05-25T22:07:17Z",
            "updated_at": "2017-05-25T22:07:17Z",
            "author_association": "CONTRIBUTOR",
            "body": "closing, old pr, requests is actually a better idea for the client (though i'm sure that's not an obvious choice)"
        },
        {
            "url": "https://api.github.com/repos/pallets/flask/issues/comments/304138799",
            "html_url": "https://github.com/pallets/flask/pull/1984#issuecomment-304138799",
            "issue_url": "https://api.github.com/repos/pallets/flask/issues/1984",
            "id": 304138799,
            "node_id": "MDEyOklzc3VlQ29tbWVudDMwNDEzODc5OQ==",
            "user": {
                "login": "untitaker",
                "id": 837573,
                "node_id": "MDQ6VXNlcjgzNzU3Mw==",
                "avatar_url": "https://avatars0.githubusercontent.com/u/837573?v=4",
                "gravatar_id": "",
                "url": "https://api.github.com/users/untitaker",
                "html_url": "https://github.com/untitaker",
                "followers_url": "https://api.github.com/users/untitaker/followers",
                "following_url": "https://api.github.com/users/untitaker/following{/other_user}",
                "gists_url": "https://api.github.com/users/untitaker/gists{/gist_id}",
                "starred_url": "https://api.github.com/users/untitaker/starred{/owner}{/repo}",
                "subscriptions_url": "https://api.github.com/users/untitaker/subscriptions",
                "organizations_url": "https://api.github.com/users/untitaker/orgs",
                "repos_url": "https://api.github.com/users/untitaker/repos",
                "events_url": "https://api.github.com/users/untitaker/events{/privacy}",
                "received_events_url": "https://api.github.com/users/untitaker/received_events",
                "type": "User",
                "site_admin": false
            },
            "created_at": "2017-05-25T22:12:53Z",
            "updated_at": "2017-05-25T22:12:53Z",
            "author_association": "MEMBER",
            "body": "That is only your opinion at the moment, and the Flask docs don't show how to\nuse it as one. Before we settle on this we should make clear how to actually\nuse it in tests.\n\nRight now you have to spin up a dev server for this.\n\nOn Thu, May 25, 2017 at 03:07:25PM -0700, Kenneth Reitz wrote:\n> Closed #1984.\n> \n> -- \n> You are receiving this because you were mentioned.\n> Reply to this email directly or view it on GitHub:\n> https://github.com/pallets/flask/pull/1984#event-1098081870\n"
        },
        {
            "url": "https://api.github.com/repos/pallets/flask/issues/comments/304139038",
            "html_url": "https://github.com/pallets/flask/pull/1984#issuecomment-304139038",
            "issue_url": "https://api.github.com/repos/pallets/flask/issues/1984",
            "id": 304139038,
            "node_id": "MDEyOklzc3VlQ29tbWVudDMwNDEzOTAzOA==",
            "user": {
                "login": "kennethreitz",
                "id": 119893,
                "node_id": "MDQ6VXNlcjExOTg5Mw==",
                "avatar_url": "https://avatars2.githubusercontent.com/u/119893?v=4",
                "gravatar_id": "",
                "url": "https://api.github.com/users/kennethreitz",
                "html_url": "https://github.com/kennethreitz",
                "followers_url": "https://api.github.com/users/kennethreitz/followers",
                "following_url": "https://api.github.com/users/kennethreitz/following{/other_user}",
                "gists_url": "https://api.github.com/users/kennethreitz/gists{/gist_id}",
                "starred_url": "https://api.github.com/users/kennethreitz/starred{/owner}{/repo}",
                "subscriptions_url": "https://api.github.com/users/kennethreitz/subscriptions",
                "organizations_url": "https://api.github.com/users/kennethreitz/orgs",
                "repos_url": "https://api.github.com/users/kennethreitz/repos",
                "events_url": "https://api.github.com/users/kennethreitz/events{/privacy}",
                "received_events_url": "https://api.github.com/users/kennethreitz/received_events",
                "type": "User",
                "site_admin": false
            },
            "created_at": "2017-05-25T22:14:12Z",
            "updated_at": "2017-05-25T22:14:12Z",
            "author_association": "CONTRIBUTOR",
            "body": "i definitely don't think requests should go in, i'm mostly joking about that :)\r\n\r\n"
        },
        {
            "url": "https://api.github.com/repos/pallets/flask/issues/comments/304139258",
            "html_url": "https://github.com/pallets/flask/pull/1984#issuecomment-304139258",
            "issue_url": "https://api.github.com/repos/pallets/flask/issues/1984",
            "id": 304139258,
            "node_id": "MDEyOklzc3VlQ29tbWVudDMwNDEzOTI1OA==",
            "user": {
                "login": "kennethreitz",
                "id": 119893,
                "node_id": "MDQ6VXNlcjExOTg5Mw==",
                "avatar_url": "https://avatars2.githubusercontent.com/u/119893?v=4",
                "gravatar_id": "",
                "url": "https://api.github.com/users/kennethreitz",
                "html_url": "https://github.com/kennethreitz",
                "followers_url": "https://api.github.com/users/kennethreitz/followers",
                "following_url": "https://api.github.com/users/kennethreitz/following{/other_user}",
                "gists_url": "https://api.github.com/users/kennethreitz/gists{/gist_id}",
                "starred_url": "https://api.github.com/users/kennethreitz/starred{/owner}{/repo}",
                "subscriptions_url": "https://api.github.com/users/kennethreitz/subscriptions",
                "organizations_url": "https://api.github.com/users/kennethreitz/orgs",
                "repos_url": "https://api.github.com/users/kennethreitz/repos",
                "events_url": "https://api.github.com/users/kennethreitz/events{/privacy}",
                "received_events_url": "https://api.github.com/users/kennethreitz/received_events",
                "type": "User",
                "site_admin": false
            },
            "created_at": "2017-05-25T22:15:30Z",
            "updated_at": "2017-05-25T22:15:30Z",
            "author_association": "CONTRIBUTOR",
            "body": "may have been premature to close this \u2014\u00a0i reviewed every line of code, and it seemed solid until i got to the deprecation of `.json`. then, I saw that there may be some issues with werkzeug and saw the merge conflicts so decided to close. \r\n\r\n"
        },
        {
            "url": "https://api.github.com/repos/pallets/flask/issues/comments/304140126",
            "html_url": "https://github.com/pallets/flask/pull/1984#issuecomment-304140126",
            "issue_url": "https://api.github.com/repos/pallets/flask/issues/1984",
            "id": 304140126,
            "node_id": "MDEyOklzc3VlQ29tbWVudDMwNDE0MDEyNg==",
            "user": {
                "login": "untitaker",
                "id": 837573,
                "node_id": "MDQ6VXNlcjgzNzU3Mw==",
                "avatar_url": "https://avatars0.githubusercontent.com/u/837573?v=4",
                "gravatar_id": "",
                "url": "https://api.github.com/users/untitaker",
                "html_url": "https://github.com/untitaker",
                "followers_url": "https://api.github.com/users/untitaker/followers",
                "following_url": "https://api.github.com/users/untitaker/following{/other_user}",
                "gists_url": "https://api.github.com/users/untitaker/gists{/gist_id}",
                "starred_url": "https://api.github.com/users/untitaker/starred{/owner}{/repo}",
                "subscriptions_url": "https://api.github.com/users/untitaker/subscriptions",
                "organizations_url": "https://api.github.com/users/untitaker/orgs",
                "repos_url": "https://api.github.com/users/untitaker/repos",
                "events_url": "https://api.github.com/users/untitaker/events{/privacy}",
                "received_events_url": "https://api.github.com/users/untitaker/received_events",
                "type": "User",
                "site_admin": false
            },
            "created_at": "2017-05-25T22:19:53Z",
            "updated_at": "2017-05-25T22:19:53Z",
            "author_association": "MEMBER",
            "body": "I'm not sure either what to think of that.\n\nWe can have (parts of) requests as test client and it would probably be an UX\nimprovement, but right now I consider the overhead of its entire HTTP stack to\nbe too much.\n\nOn Thu, May 25, 2017 at 03:15:35PM -0700, Kenneth Reitz wrote:\n> may have been premature to close this \u2014\u00a0i reviewed every line of code, and it seemed solid until i got to the deprecation of `.json`. then, I saw that there may be some issues with werkzeug and saw the merge conflicts so decided to close. \n> \n> \n> \n> -- \n> You are receiving this because you were mentioned.\n> Reply to this email directly or view it on GitHub:\n> https://github.com/pallets/flask/pull/1984#issuecomment-304139258\n"
        },
        {
            "url": "https://api.github.com/repos/pallets/flask/issues/comments/304145797",
            "html_url": "https://github.com/pallets/flask/pull/1984#issuecomment-304145797",
            "issue_url": "https://api.github.com/repos/pallets/flask/issues/1984",
            "id": 304145797,
            "node_id": "MDEyOklzc3VlQ29tbWVudDMwNDE0NTc5Nw==",
            "user": {
                "login": "kennethreitz",
                "id": 119893,
                "node_id": "MDQ6VXNlcjExOTg5Mw==",
                "avatar_url": "https://avatars2.githubusercontent.com/u/119893?v=4",
                "gravatar_id": "",
                "url": "https://api.github.com/users/kennethreitz",
                "html_url": "https://github.com/kennethreitz",
                "followers_url": "https://api.github.com/users/kennethreitz/followers",
                "following_url": "https://api.github.com/users/kennethreitz/following{/other_user}",
                "gists_url": "https://api.github.com/users/kennethreitz/gists{/gist_id}",
                "starred_url": "https://api.github.com/users/kennethreitz/starred{/owner}{/repo}",
                "subscriptions_url": "https://api.github.com/users/kennethreitz/subscriptions",
                "organizations_url": "https://api.github.com/users/kennethreitz/orgs",
                "repos_url": "https://api.github.com/users/kennethreitz/repos",
                "events_url": "https://api.github.com/users/kennethreitz/events{/privacy}",
                "received_events_url": "https://api.github.com/users/kennethreitz/received_events",
                "type": "User",
                "site_admin": false
            },
            "created_at": "2017-05-25T22:52:45Z",
            "updated_at": "2017-05-25T22:52:45Z",
            "author_association": "CONTRIBUTOR",
            "body": "Well, you'd write a connection adapter that would skip it speaking HTTP and have it talk WSGI instead. Should be <30LOC. It's alright though, people are used to having unique test clients, and people are def used to the one built in here. "
        },
        {
            "url": "https://api.github.com/repos/pallets/flask/issues/comments/306059513",
            "html_url": "https://github.com/pallets/flask/pull/1984#issuecomment-306059513",
            "issue_url": "https://api.github.com/repos/pallets/flask/issues/1984",
            "id": 306059513,
            "node_id": "MDEyOklzc3VlQ29tbWVudDMwNjA1OTUxMw==",
            "user": {
                "login": "davidism",
                "id": 1242887,
                "node_id": "MDQ6VXNlcjEyNDI4ODc=",
                "avatar_url": "https://avatars1.githubusercontent.com/u/1242887?v=4",
                "gravatar_id": "",
                "url": "https://api.github.com/users/davidism",
                "html_url": "https://github.com/davidism",
                "followers_url": "https://api.github.com/users/davidism/followers",
                "following_url": "https://api.github.com/users/davidism/following{/other_user}",
                "gists_url": "https://api.github.com/users/davidism/gists{/gist_id}",
                "starred_url": "https://api.github.com/users/davidism/starred{/owner}{/repo}",
                "subscriptions_url": "https://api.github.com/users/davidism/subscriptions",
                "organizations_url": "https://api.github.com/users/davidism/orgs",
                "repos_url": "https://api.github.com/users/davidism/repos",
                "events_url": "https://api.github.com/users/davidism/events{/privacy}",
                "received_events_url": "https://api.github.com/users/davidism/received_events",
                "type": "User",
                "site_admin": false
            },
            "created_at": "2017-06-04T18:55:34Z",
            "updated_at": "2017-06-04T18:55:34Z",
            "author_association": "MEMBER",
            "body": "Continued in #2358."
        }
    ]
}