{
    "url": "https://api.github.com/repos/pallets/flask/issues/1985",
    "repository_url": "https://api.github.com/repos/pallets/flask",
    "labels_url": "https://api.github.com/repos/pallets/flask/issues/1985/labels{/name}",
    "comments_url": "https://api.github.com/repos/pallets/flask/issues/1985/comments",
    "events_url": "https://api.github.com/repos/pallets/flask/issues/1985/events",
    "html_url": "https://github.com/pallets/flask/pull/1985",
    "id": 172231064,
    "node_id": "MDExOlB1bGxSZXF1ZXN0ODIwNTM3MjQ=",
    "number": 1985,
    "title": "Update testing.rst",
    "user": {
        "login": "teichopsia-",
        "id": 9537618,
        "node_id": "MDQ6VXNlcjk1Mzc2MTg=",
        "avatar_url": "https://avatars0.githubusercontent.com/u/9537618?v=4",
        "gravatar_id": "",
        "url": "https://api.github.com/users/teichopsia-",
        "html_url": "https://github.com/teichopsia-",
        "followers_url": "https://api.github.com/users/teichopsia-/followers",
        "following_url": "https://api.github.com/users/teichopsia-/following{/other_user}",
        "gists_url": "https://api.github.com/users/teichopsia-/gists{/gist_id}",
        "starred_url": "https://api.github.com/users/teichopsia-/starred{/owner}{/repo}",
        "subscriptions_url": "https://api.github.com/users/teichopsia-/subscriptions",
        "organizations_url": "https://api.github.com/users/teichopsia-/orgs",
        "repos_url": "https://api.github.com/users/teichopsia-/repos",
        "events_url": "https://api.github.com/users/teichopsia-/events{/privacy}",
        "received_events_url": "https://api.github.com/users/teichopsia-/received_events",
        "type": "User",
        "site_admin": false
    },
    "labels": [],
    "state": "closed",
    "locked": false,
    "assignee": null,
    "assignees": [],
    "milestone": null,
    "comments": 4,
    "created_at": "2016-08-19T22:17:45Z",
    "updated_at": "2016-08-26T01:21:10Z",
    "closed_at": "2016-08-19T23:41:47Z",
    "author_association": "CONTRIBUTOR",
    "pull_request": {
        "url": "https://api.github.com/repos/pallets/flask/pulls/1985",
        "html_url": "https://github.com/pallets/flask/pull/1985",
        "diff_url": "https://github.com/pallets/flask/pull/1985.diff",
        "patch_url": "https://github.com/pallets/flask/pull/1985.patch"
    },
    "body": "Python 3.4.2\n\nFix TypeError: Type str doesn't support the buffer API\n",
    "comments_inline": [
        {
            "url": "https://api.github.com/repos/pallets/flask/issues/comments/241161132",
            "html_url": "https://github.com/pallets/flask/pull/1985#issuecomment-241161132",
            "issue_url": "https://api.github.com/repos/pallets/flask/issues/1985",
            "id": 241161132,
            "node_id": "MDEyOklzc3VlQ29tbWVudDI0MTE2MTEzMg==",
            "user": {
                "login": "teichopsia-",
                "id": 9537618,
                "node_id": "MDQ6VXNlcjk1Mzc2MTg=",
                "avatar_url": "https://avatars0.githubusercontent.com/u/9537618?v=4",
                "gravatar_id": "",
                "url": "https://api.github.com/users/teichopsia-",
                "html_url": "https://github.com/teichopsia-",
                "followers_url": "https://api.github.com/users/teichopsia-/followers",
                "following_url": "https://api.github.com/users/teichopsia-/following{/other_user}",
                "gists_url": "https://api.github.com/users/teichopsia-/gists{/gist_id}",
                "starred_url": "https://api.github.com/users/teichopsia-/starred{/owner}{/repo}",
                "subscriptions_url": "https://api.github.com/users/teichopsia-/subscriptions",
                "organizations_url": "https://api.github.com/users/teichopsia-/orgs",
                "repos_url": "https://api.github.com/users/teichopsia-/repos",
                "events_url": "https://api.github.com/users/teichopsia-/events{/privacy}",
                "received_events_url": "https://api.github.com/users/teichopsia-/received_events",
                "type": "User",
                "site_admin": false
            },
            "created_at": "2016-08-19T23:41:46Z",
            "updated_at": "2016-08-19T23:41:46Z",
            "author_association": "CONTRIBUTOR",
            "body": "Sorry, first time I create a pull request and am unfamiliar with the process.\nClosing this one since pull request #1987 has additional changes and couldn't figure out how to add them to this one.\n"
        },
        {
            "url": "https://api.github.com/repos/pallets/flask/issues/comments/241167005",
            "html_url": "https://github.com/pallets/flask/pull/1985#issuecomment-241167005",
            "issue_url": "https://api.github.com/repos/pallets/flask/issues/1985",
            "id": 241167005,
            "node_id": "MDEyOklzc3VlQ29tbWVudDI0MTE2NzAwNQ==",
            "user": {
                "login": "nateprewitt",
                "id": 5271761,
                "node_id": "MDQ6VXNlcjUyNzE3NjE=",
                "avatar_url": "https://avatars0.githubusercontent.com/u/5271761?v=4",
                "gravatar_id": "",
                "url": "https://api.github.com/users/nateprewitt",
                "html_url": "https://github.com/nateprewitt",
                "followers_url": "https://api.github.com/users/nateprewitt/followers",
                "following_url": "https://api.github.com/users/nateprewitt/following{/other_user}",
                "gists_url": "https://api.github.com/users/nateprewitt/gists{/gist_id}",
                "starred_url": "https://api.github.com/users/nateprewitt/starred{/owner}{/repo}",
                "subscriptions_url": "https://api.github.com/users/nateprewitt/subscriptions",
                "organizations_url": "https://api.github.com/users/nateprewitt/orgs",
                "repos_url": "https://api.github.com/users/nateprewitt/repos",
                "events_url": "https://api.github.com/users/nateprewitt/events{/privacy}",
                "received_events_url": "https://api.github.com/users/nateprewitt/received_events",
                "type": "User",
                "site_admin": false
            },
            "created_at": "2016-08-20T00:42:59Z",
            "updated_at": "2016-08-20T00:42:59Z",
            "author_association": "CONTRIBUTOR",
            "body": "Hey @teichopsia-, for future reference, you simply have to push new commits to the existing branch and the PR will update :)\n"
        },
        {
            "url": "https://api.github.com/repos/pallets/flask/issues/comments/241172288",
            "html_url": "https://github.com/pallets/flask/pull/1985#issuecomment-241172288",
            "issue_url": "https://api.github.com/repos/pallets/flask/issues/1985",
            "id": 241172288,
            "node_id": "MDEyOklzc3VlQ29tbWVudDI0MTE3MjI4OA==",
            "user": {
                "login": "teichopsia-",
                "id": 9537618,
                "node_id": "MDQ6VXNlcjk1Mzc2MTg=",
                "avatar_url": "https://avatars0.githubusercontent.com/u/9537618?v=4",
                "gravatar_id": "",
                "url": "https://api.github.com/users/teichopsia-",
                "html_url": "https://github.com/teichopsia-",
                "followers_url": "https://api.github.com/users/teichopsia-/followers",
                "following_url": "https://api.github.com/users/teichopsia-/following{/other_user}",
                "gists_url": "https://api.github.com/users/teichopsia-/gists{/gist_id}",
                "starred_url": "https://api.github.com/users/teichopsia-/starred{/owner}{/repo}",
                "subscriptions_url": "https://api.github.com/users/teichopsia-/subscriptions",
                "organizations_url": "https://api.github.com/users/teichopsia-/orgs",
                "repos_url": "https://api.github.com/users/teichopsia-/repos",
                "events_url": "https://api.github.com/users/teichopsia-/events{/privacy}",
                "received_events_url": "https://api.github.com/users/teichopsia-/received_events",
                "type": "User",
                "site_admin": false
            },
            "created_at": "2016-08-20T02:05:23Z",
            "updated_at": "2016-08-20T02:05:23Z",
            "author_association": "CONTRIBUTOR",
            "body": "Thanks @nateprewitt. In short, basically what I did and just give a better explanation of the reasons? I'm not sure if the commit message was descriptive enough.\n"
        },
        {
            "url": "https://api.github.com/repos/pallets/flask/issues/comments/242593993",
            "html_url": "https://github.com/pallets/flask/pull/1985#issuecomment-242593993",
            "issue_url": "https://api.github.com/repos/pallets/flask/issues/1985",
            "id": 242593993,
            "node_id": "MDEyOklzc3VlQ29tbWVudDI0MjU5Mzk5Mw==",
            "user": {
                "login": "nateprewitt",
                "id": 5271761,
                "node_id": "MDQ6VXNlcjUyNzE3NjE=",
                "avatar_url": "https://avatars0.githubusercontent.com/u/5271761?v=4",
                "gravatar_id": "",
                "url": "https://api.github.com/users/nateprewitt",
                "html_url": "https://github.com/nateprewitt",
                "followers_url": "https://api.github.com/users/nateprewitt/followers",
                "following_url": "https://api.github.com/users/nateprewitt/following{/other_user}",
                "gists_url": "https://api.github.com/users/nateprewitt/gists{/gist_id}",
                "starred_url": "https://api.github.com/users/nateprewitt/starred{/owner}{/repo}",
                "subscriptions_url": "https://api.github.com/users/nateprewitt/subscriptions",
                "organizations_url": "https://api.github.com/users/nateprewitt/orgs",
                "repos_url": "https://api.github.com/users/nateprewitt/repos",
                "events_url": "https://api.github.com/users/nateprewitt/events{/privacy}",
                "received_events_url": "https://api.github.com/users/nateprewitt/received_events",
                "type": "User",
                "site_admin": false
            },
            "created_at": "2016-08-26T01:21:10Z",
            "updated_at": "2016-08-26T01:21:10Z",
            "author_association": "CONTRIBUTOR",
            "body": "@teichopsia- Sorry this fell out of my queue. You can use `git commit --amend` to amend the last commit message. You can also use [`git rebase`](https://git-scm.com/docs/git-rebase) to do more involved commit modifications. That way you won't need to open a second PR in the future. Cheers!\n"
        }
    ]
}