{
    "url": "https://api.github.com/repos/pallets/flask/issues/1987",
    "repository_url": "https://api.github.com/repos/pallets/flask",
    "labels_url": "https://api.github.com/repos/pallets/flask/issues/1987/labels{/name}",
    "comments_url": "https://api.github.com/repos/pallets/flask/issues/1987/comments",
    "events_url": "https://api.github.com/repos/pallets/flask/issues/1987/events",
    "html_url": "https://github.com/pallets/flask/pull/1987",
    "id": 172239487,
    "node_id": "MDExOlB1bGxSZXF1ZXN0ODIwNjAwMjc=",
    "number": 1987,
    "title": "Update testing.rst",
    "user": {
        "login": "teichopsia-",
        "id": 9537618,
        "node_id": "MDQ6VXNlcjk1Mzc2MTg=",
        "avatar_url": "https://avatars0.githubusercontent.com/u/9537618?v=4",
        "gravatar_id": "",
        "url": "https://api.github.com/users/teichopsia-",
        "html_url": "https://github.com/teichopsia-",
        "followers_url": "https://api.github.com/users/teichopsia-/followers",
        "following_url": "https://api.github.com/users/teichopsia-/following{/other_user}",
        "gists_url": "https://api.github.com/users/teichopsia-/gists{/gist_id}",
        "starred_url": "https://api.github.com/users/teichopsia-/starred{/owner}{/repo}",
        "subscriptions_url": "https://api.github.com/users/teichopsia-/subscriptions",
        "organizations_url": "https://api.github.com/users/teichopsia-/orgs",
        "repos_url": "https://api.github.com/users/teichopsia-/repos",
        "events_url": "https://api.github.com/users/teichopsia-/events{/privacy}",
        "received_events_url": "https://api.github.com/users/teichopsia-/received_events",
        "type": "User",
        "site_admin": false
    },
    "labels": [],
    "state": "closed",
    "locked": false,
    "assignee": null,
    "assignees": [],
    "milestone": null,
    "comments": 0,
    "created_at": "2016-08-19T23:39:36Z",
    "updated_at": "2016-08-20T02:01:13Z",
    "closed_at": "2016-08-20T02:01:13Z",
    "author_association": "CONTRIBUTOR",
    "pull_request": {
        "url": "https://api.github.com/repos/pallets/flask/pulls/1987",
        "html_url": "https://github.com/pallets/flask/pull/1987",
        "diff_url": "https://github.com/pallets/flask/pull/1987.diff",
        "patch_url": "https://github.com/pallets/flask/pull/1987.patch"
    },
    "body": "Python 3.4.2\nTypeError: Type str doesn't support the buffer API\n"
}