{
    "url": "https://api.github.com/repos/pallets/flask/issues/1988",
    "repository_url": "https://api.github.com/repos/pallets/flask",
    "labels_url": "https://api.github.com/repos/pallets/flask/issues/1988/labels{/name}",
    "comments_url": "https://api.github.com/repos/pallets/flask/issues/1988/comments",
    "events_url": "https://api.github.com/repos/pallets/flask/issues/1988/events",
    "html_url": "https://github.com/pallets/flask/pull/1988",
    "id": 172276557,
    "node_id": "MDExOlB1bGxSZXF1ZXN0ODIwODE2NDE=",
    "number": 1988,
    "title": "Properly remove f.name usage in send_file",
    "user": {
        "login": "untitaker",
        "id": 837573,
        "node_id": "MDQ6VXNlcjgzNzU3Mw==",
        "avatar_url": "https://avatars0.githubusercontent.com/u/837573?v=4",
        "gravatar_id": "",
        "url": "https://api.github.com/users/untitaker",
        "html_url": "https://github.com/untitaker",
        "followers_url": "https://api.github.com/users/untitaker/followers",
        "following_url": "https://api.github.com/users/untitaker/following{/other_user}",
        "gists_url": "https://api.github.com/users/untitaker/gists{/gist_id}",
        "starred_url": "https://api.github.com/users/untitaker/starred{/owner}{/repo}",
        "subscriptions_url": "https://api.github.com/users/untitaker/subscriptions",
        "organizations_url": "https://api.github.com/users/untitaker/orgs",
        "repos_url": "https://api.github.com/users/untitaker/repos",
        "events_url": "https://api.github.com/users/untitaker/events{/privacy}",
        "received_events_url": "https://api.github.com/users/untitaker/received_events",
        "type": "User",
        "site_admin": false
    },
    "labels": [
        {
            "id": 130597497,
            "node_id": "MDU6TGFiZWwxMzA1OTc0OTc=",
            "url": "https://api.github.com/repos/pallets/flask/labels/blocker",
            "name": "blocker",
            "color": "b60205",
            "default": false,
            "description": null
        }
    ],
    "state": "closed",
    "locked": false,
    "assignee": {
        "login": "mitsuhiko",
        "id": 7396,
        "node_id": "MDQ6VXNlcjczOTY=",
        "avatar_url": "https://avatars1.githubusercontent.com/u/7396?v=4",
        "gravatar_id": "",
        "url": "https://api.github.com/users/mitsuhiko",
        "html_url": "https://github.com/mitsuhiko",
        "followers_url": "https://api.github.com/users/mitsuhiko/followers",
        "following_url": "https://api.github.com/users/mitsuhiko/following{/other_user}",
        "gists_url": "https://api.github.com/users/mitsuhiko/gists{/gist_id}",
        "starred_url": "https://api.github.com/users/mitsuhiko/starred{/owner}{/repo}",
        "subscriptions_url": "https://api.github.com/users/mitsuhiko/subscriptions",
        "organizations_url": "https://api.github.com/users/mitsuhiko/orgs",
        "repos_url": "https://api.github.com/users/mitsuhiko/repos",
        "events_url": "https://api.github.com/users/mitsuhiko/events{/privacy}",
        "received_events_url": "https://api.github.com/users/mitsuhiko/received_events",
        "type": "User",
        "site_admin": false
    },
    "assignees": [
        {
            "login": "mitsuhiko",
            "id": 7396,
            "node_id": "MDQ6VXNlcjczOTY=",
            "avatar_url": "https://avatars1.githubusercontent.com/u/7396?v=4",
            "gravatar_id": "",
            "url": "https://api.github.com/users/mitsuhiko",
            "html_url": "https://github.com/mitsuhiko",
            "followers_url": "https://api.github.com/users/mitsuhiko/followers",
            "following_url": "https://api.github.com/users/mitsuhiko/following{/other_user}",
            "gists_url": "https://api.github.com/users/mitsuhiko/gists{/gist_id}",
            "starred_url": "https://api.github.com/users/mitsuhiko/starred{/owner}{/repo}",
            "subscriptions_url": "https://api.github.com/users/mitsuhiko/subscriptions",
            "organizations_url": "https://api.github.com/users/mitsuhiko/orgs",
            "repos_url": "https://api.github.com/users/mitsuhiko/repos",
            "events_url": "https://api.github.com/users/mitsuhiko/events{/privacy}",
            "received_events_url": "https://api.github.com/users/mitsuhiko/received_events",
            "type": "User",
            "site_admin": false
        }
    ],
    "milestone": null,
    "comments": 8,
    "created_at": "2016-08-20T15:38:16Z",
    "updated_at": "2016-08-26T01:08:04Z",
    "closed_at": "2016-08-26T01:08:04Z",
    "author_association": "MEMBER",
    "pull_request": {
        "url": "https://api.github.com/repos/pallets/flask/pulls/1988",
        "html_url": "https://github.com/pallets/flask/pull/1988",
        "diff_url": "https://github.com/pallets/flask/pull/1988.diff",
        "patch_url": "https://github.com/pallets/flask/pull/1988.patch"
    },
    "body": "Amend #1849\n\n<!-- Reviewable:start -->\n\n---\n\nThis change is [<img src=\"https://reviewable.io/review_button.svg\" height=\"34\" align=\"absmiddle\" alt=\"Reviewable\"/>](https://reviewable.io/reviews/pallets/flask/1988)\n\n<!-- Reviewable:end -->\n",
    "comments_inline": [
        {
            "url": "https://api.github.com/repos/pallets/flask/issues/comments/241206961",
            "html_url": "https://github.com/pallets/flask/pull/1988#issuecomment-241206961",
            "issue_url": "https://api.github.com/repos/pallets/flask/issues/1988",
            "id": 241206961,
            "node_id": "MDEyOklzc3VlQ29tbWVudDI0MTIwNjk2MQ==",
            "user": {
                "login": "untitaker",
                "id": 837573,
                "node_id": "MDQ6VXNlcjgzNzU3Mw==",
                "avatar_url": "https://avatars0.githubusercontent.com/u/837573?v=4",
                "gravatar_id": "",
                "url": "https://api.github.com/users/untitaker",
                "html_url": "https://github.com/untitaker",
                "followers_url": "https://api.github.com/users/untitaker/followers",
                "following_url": "https://api.github.com/users/untitaker/following{/other_user}",
                "gists_url": "https://api.github.com/users/untitaker/gists{/gist_id}",
                "starred_url": "https://api.github.com/users/untitaker/starred{/owner}{/repo}",
                "subscriptions_url": "https://api.github.com/users/untitaker/subscriptions",
                "organizations_url": "https://api.github.com/users/untitaker/orgs",
                "repos_url": "https://api.github.com/users/untitaker/repos",
                "events_url": "https://api.github.com/users/untitaker/events{/privacy}",
                "received_events_url": "https://api.github.com/users/untitaker/received_events",
                "type": "User",
                "site_admin": false
            },
            "created_at": "2016-08-20T15:41:48Z",
            "updated_at": "2016-08-20T15:41:48Z",
            "author_association": "MEMBER",
            "body": "There is a broken PR in master (#1849) that I've merged, I want somebody else to review this closely.\n"
        },
        {
            "url": "https://api.github.com/repos/pallets/flask/issues/comments/241272172",
            "html_url": "https://github.com/pallets/flask/pull/1988#issuecomment-241272172",
            "issue_url": "https://api.github.com/repos/pallets/flask/issues/1988",
            "id": 241272172,
            "node_id": "MDEyOklzc3VlQ29tbWVudDI0MTI3MjE3Mg==",
            "user": {
                "login": "untitaker",
                "id": 837573,
                "node_id": "MDQ6VXNlcjgzNzU3Mw==",
                "avatar_url": "https://avatars0.githubusercontent.com/u/837573?v=4",
                "gravatar_id": "",
                "url": "https://api.github.com/users/untitaker",
                "html_url": "https://github.com/untitaker",
                "followers_url": "https://api.github.com/users/untitaker/followers",
                "following_url": "https://api.github.com/users/untitaker/following{/other_user}",
                "gists_url": "https://api.github.com/users/untitaker/gists{/gist_id}",
                "starred_url": "https://api.github.com/users/untitaker/starred{/owner}{/repo}",
                "subscriptions_url": "https://api.github.com/users/untitaker/subscriptions",
                "organizations_url": "https://api.github.com/users/untitaker/orgs",
                "repos_url": "https://api.github.com/users/untitaker/repos",
                "events_url": "https://api.github.com/users/untitaker/events{/privacy}",
                "received_events_url": "https://api.github.com/users/untitaker/received_events",
                "type": "User",
                "site_admin": false
            },
            "created_at": "2016-08-21T18:06:56Z",
            "updated_at": "2016-08-21T18:06:56Z",
            "author_association": "MEMBER",
            "body": "FWIW, the original discussion is https://github.com/pallets/flask/issues/104 -- I'm torn about mimetype support.\n"
        },
        {
            "url": "https://api.github.com/repos/pallets/flask/issues/comments/242390754",
            "html_url": "https://github.com/pallets/flask/pull/1988#issuecomment-242390754",
            "issue_url": "https://api.github.com/repos/pallets/flask/issues/1988",
            "id": 242390754,
            "node_id": "MDEyOklzc3VlQ29tbWVudDI0MjM5MDc1NA==",
            "user": {
                "login": "mitsuhiko",
                "id": 7396,
                "node_id": "MDQ6VXNlcjczOTY=",
                "avatar_url": "https://avatars1.githubusercontent.com/u/7396?v=4",
                "gravatar_id": "",
                "url": "https://api.github.com/users/mitsuhiko",
                "html_url": "https://github.com/mitsuhiko",
                "followers_url": "https://api.github.com/users/mitsuhiko/followers",
                "following_url": "https://api.github.com/users/mitsuhiko/following{/other_user}",
                "gists_url": "https://api.github.com/users/mitsuhiko/gists{/gist_id}",
                "starred_url": "https://api.github.com/users/mitsuhiko/starred{/owner}{/repo}",
                "subscriptions_url": "https://api.github.com/users/mitsuhiko/subscriptions",
                "organizations_url": "https://api.github.com/users/mitsuhiko/orgs",
                "repos_url": "https://api.github.com/users/mitsuhiko/repos",
                "events_url": "https://api.github.com/users/mitsuhiko/events{/privacy}",
                "received_events_url": "https://api.github.com/users/mitsuhiko/received_events",
                "type": "User",
                "site_admin": false
            },
            "created_at": "2016-08-25T13:42:59Z",
            "updated_at": "2016-08-25T13:42:59Z",
            "author_association": "MEMBER",
            "body": "I'm okay removing etags I suppose but if we stop sending correct mimetypes that's not great.\n"
        },
        {
            "url": "https://api.github.com/repos/pallets/flask/issues/comments/242391533",
            "html_url": "https://github.com/pallets/flask/pull/1988#issuecomment-242391533",
            "issue_url": "https://api.github.com/repos/pallets/flask/issues/1988",
            "id": 242391533,
            "node_id": "MDEyOklzc3VlQ29tbWVudDI0MjM5MTUzMw==",
            "user": {
                "login": "untitaker",
                "id": 837573,
                "node_id": "MDQ6VXNlcjgzNzU3Mw==",
                "avatar_url": "https://avatars0.githubusercontent.com/u/837573?v=4",
                "gravatar_id": "",
                "url": "https://api.github.com/users/untitaker",
                "html_url": "https://github.com/untitaker",
                "followers_url": "https://api.github.com/users/untitaker/followers",
                "following_url": "https://api.github.com/users/untitaker/following{/other_user}",
                "gists_url": "https://api.github.com/users/untitaker/gists{/gist_id}",
                "starred_url": "https://api.github.com/users/untitaker/starred{/owner}{/repo}",
                "subscriptions_url": "https://api.github.com/users/untitaker/subscriptions",
                "organizations_url": "https://api.github.com/users/untitaker/orgs",
                "repos_url": "https://api.github.com/users/untitaker/repos",
                "events_url": "https://api.github.com/users/untitaker/events{/privacy}",
                "received_events_url": "https://api.github.com/users/untitaker/received_events",
                "type": "User",
                "site_admin": false
            },
            "created_at": "2016-08-25T13:45:18Z",
            "updated_at": "2016-08-25T13:45:18Z",
            "author_association": "MEMBER",
            "body": "We don't have to remove anything but usage of f.name attribute I think (as far as I understand this is the only thing that is actually broken design)\n"
        },
        {
            "url": "https://api.github.com/repos/pallets/flask/issues/comments/242436098",
            "html_url": "https://github.com/pallets/flask/pull/1988#issuecomment-242436098",
            "issue_url": "https://api.github.com/repos/pallets/flask/issues/1988",
            "id": 242436098,
            "node_id": "MDEyOklzc3VlQ29tbWVudDI0MjQzNjA5OA==",
            "user": {
                "login": "untitaker",
                "id": 837573,
                "node_id": "MDQ6VXNlcjgzNzU3Mw==",
                "avatar_url": "https://avatars0.githubusercontent.com/u/837573?v=4",
                "gravatar_id": "",
                "url": "https://api.github.com/users/untitaker",
                "html_url": "https://github.com/untitaker",
                "followers_url": "https://api.github.com/users/untitaker/followers",
                "following_url": "https://api.github.com/users/untitaker/following{/other_user}",
                "gists_url": "https://api.github.com/users/untitaker/gists{/gist_id}",
                "starred_url": "https://api.github.com/users/untitaker/starred{/owner}{/repo}",
                "subscriptions_url": "https://api.github.com/users/untitaker/subscriptions",
                "organizations_url": "https://api.github.com/users/untitaker/orgs",
                "repos_url": "https://api.github.com/users/untitaker/repos",
                "events_url": "https://api.github.com/users/untitaker/events{/privacy}",
                "received_events_url": "https://api.github.com/users/untitaker/received_events",
                "type": "User",
                "site_admin": false
            },
            "created_at": "2016-08-25T15:46:20Z",
            "updated_at": "2016-08-25T15:46:20Z",
            "author_association": "MEMBER",
            "body": "@mitsuhiko Check it out now, a.) Doesn't use `f.name` b.) Doesn't silently omit MIME-types if none can be guessed but just fails.\n"
        },
        {
            "url": "https://api.github.com/repos/pallets/flask/issues/comments/242567056",
            "html_url": "https://github.com/pallets/flask/pull/1988#issuecomment-242567056",
            "issue_url": "https://api.github.com/repos/pallets/flask/issues/1988",
            "id": 242567056,
            "node_id": "MDEyOklzc3VlQ29tbWVudDI0MjU2NzA1Ng==",
            "user": {
                "login": "mitsuhiko",
                "id": 7396,
                "node_id": "MDQ6VXNlcjczOTY=",
                "avatar_url": "https://avatars1.githubusercontent.com/u/7396?v=4",
                "gravatar_id": "",
                "url": "https://api.github.com/users/mitsuhiko",
                "html_url": "https://github.com/mitsuhiko",
                "followers_url": "https://api.github.com/users/mitsuhiko/followers",
                "following_url": "https://api.github.com/users/mitsuhiko/following{/other_user}",
                "gists_url": "https://api.github.com/users/mitsuhiko/gists{/gist_id}",
                "starred_url": "https://api.github.com/users/mitsuhiko/starred{/owner}{/repo}",
                "subscriptions_url": "https://api.github.com/users/mitsuhiko/subscriptions",
                "organizations_url": "https://api.github.com/users/mitsuhiko/orgs",
                "repos_url": "https://api.github.com/users/mitsuhiko/repos",
                "events_url": "https://api.github.com/users/mitsuhiko/events{/privacy}",
                "received_events_url": "https://api.github.com/users/mitsuhiko/received_events",
                "type": "User",
                "site_admin": false
            },
            "created_at": "2016-08-25T22:40:44Z",
            "updated_at": "2016-08-25T22:40:44Z",
            "author_association": "MEMBER",
            "body": "Looks good to me.\n\n---\n\nReviewed 1 of 3 files at r1, 2 of 2 files at r2.\nReview status: all files reviewed at latest revision, all discussions resolved, some commit checks failed.\n\n---\n\n_Comments from [Reviewable](https://reviewable.io:443/reviews/pallets/flask/1988#-:-KQ2rAZy1nflSu1qp5t0:b9j9n43)_\n\n<!-- Sent from Reviewable.io -->\n"
        },
        {
            "url": "https://api.github.com/repos/pallets/flask/issues/comments/242581725",
            "html_url": "https://github.com/pallets/flask/pull/1988#issuecomment-242581725",
            "issue_url": "https://api.github.com/repos/pallets/flask/issues/1988",
            "id": 242581725,
            "node_id": "MDEyOklzc3VlQ29tbWVudDI0MjU4MTcyNQ==",
            "user": {
                "login": "untitaker",
                "id": 837573,
                "node_id": "MDQ6VXNlcjgzNzU3Mw==",
                "avatar_url": "https://avatars0.githubusercontent.com/u/837573?v=4",
                "gravatar_id": "",
                "url": "https://api.github.com/users/untitaker",
                "html_url": "https://github.com/untitaker",
                "followers_url": "https://api.github.com/users/untitaker/followers",
                "following_url": "https://api.github.com/users/untitaker/following{/other_user}",
                "gists_url": "https://api.github.com/users/untitaker/gists{/gist_id}",
                "starred_url": "https://api.github.com/users/untitaker/starred{/owner}{/repo}",
                "subscriptions_url": "https://api.github.com/users/untitaker/subscriptions",
                "organizations_url": "https://api.github.com/users/untitaker/orgs",
                "repos_url": "https://api.github.com/users/untitaker/repos",
                "events_url": "https://api.github.com/users/untitaker/events{/privacy}",
                "received_events_url": "https://api.github.com/users/untitaker/received_events",
                "type": "User",
                "site_admin": false
            },
            "created_at": "2016-08-25T23:50:13Z",
            "updated_at": "2016-08-25T23:50:13Z",
            "author_association": "MEMBER",
            "body": "Fixed tests. I wonder if we should still infer the `attachment_filename` from `f.name`.\n"
        },
        {
            "url": "https://api.github.com/repos/pallets/flask/issues/comments/242592270",
            "html_url": "https://github.com/pallets/flask/pull/1988#issuecomment-242592270",
            "issue_url": "https://api.github.com/repos/pallets/flask/issues/1988",
            "id": 242592270,
            "node_id": "MDEyOklzc3VlQ29tbWVudDI0MjU5MjI3MA==",
            "user": {
                "login": "untitaker",
                "id": 837573,
                "node_id": "MDQ6VXNlcjgzNzU3Mw==",
                "avatar_url": "https://avatars0.githubusercontent.com/u/837573?v=4",
                "gravatar_id": "",
                "url": "https://api.github.com/users/untitaker",
                "html_url": "https://github.com/untitaker",
                "followers_url": "https://api.github.com/users/untitaker/followers",
                "following_url": "https://api.github.com/users/untitaker/following{/other_user}",
                "gists_url": "https://api.github.com/users/untitaker/gists{/gist_id}",
                "starred_url": "https://api.github.com/users/untitaker/starred{/owner}{/repo}",
                "subscriptions_url": "https://api.github.com/users/untitaker/subscriptions",
                "organizations_url": "https://api.github.com/users/untitaker/orgs",
                "repos_url": "https://api.github.com/users/untitaker/repos",
                "events_url": "https://api.github.com/users/untitaker/events{/privacy}",
                "received_events_url": "https://api.github.com/users/untitaker/received_events",
                "type": "User",
                "site_admin": false
            },
            "created_at": "2016-08-26T01:08:00Z",
            "updated_at": "2016-08-26T01:08:00Z",
            "author_association": "MEMBER",
            "body": "Ah whatever.\n"
        }
    ]
}