{
    "url": "https://api.github.com/repos/pallets/flask/issues/1990",
    "repository_url": "https://api.github.com/repos/pallets/flask",
    "labels_url": "https://api.github.com/repos/pallets/flask/issues/1990/labels{/name}",
    "comments_url": "https://api.github.com/repos/pallets/flask/issues/1990/comments",
    "events_url": "https://api.github.com/repos/pallets/flask/issues/1990/events",
    "html_url": "https://github.com/pallets/flask/pull/1990",
    "id": 172410450,
    "node_id": "MDExOlB1bGxSZXF1ZXN0ODIxNjE3NzM=",
    "number": 1990,
    "title": "Use the Celery result backend setting from the example",
    "user": {
        "login": "sanderl-mediamonks",
        "id": 17253345,
        "node_id": "MDQ6VXNlcjE3MjUzMzQ1",
        "avatar_url": "https://avatars2.githubusercontent.com/u/17253345?v=4",
        "gravatar_id": "",
        "url": "https://api.github.com/users/sanderl-mediamonks",
        "html_url": "https://github.com/sanderl-mediamonks",
        "followers_url": "https://api.github.com/users/sanderl-mediamonks/followers",
        "following_url": "https://api.github.com/users/sanderl-mediamonks/following{/other_user}",
        "gists_url": "https://api.github.com/users/sanderl-mediamonks/gists{/gist_id}",
        "starred_url": "https://api.github.com/users/sanderl-mediamonks/starred{/owner}{/repo}",
        "subscriptions_url": "https://api.github.com/users/sanderl-mediamonks/subscriptions",
        "organizations_url": "https://api.github.com/users/sanderl-mediamonks/orgs",
        "repos_url": "https://api.github.com/users/sanderl-mediamonks/repos",
        "events_url": "https://api.github.com/users/sanderl-mediamonks/events{/privacy}",
        "received_events_url": "https://api.github.com/users/sanderl-mediamonks/received_events",
        "type": "User",
        "site_admin": false
    },
    "labels": [],
    "state": "closed",
    "locked": false,
    "assignee": null,
    "assignees": [],
    "milestone": null,
    "comments": 2,
    "created_at": "2016-08-22T09:48:17Z",
    "updated_at": "2016-08-22T09:51:33Z",
    "closed_at": "2016-08-22T09:49:52Z",
    "author_association": "CONTRIBUTOR",
    "pull_request": {
        "url": "https://api.github.com/repos/pallets/flask/pulls/1990",
        "html_url": "https://github.com/pallets/flask/pull/1990",
        "diff_url": "https://github.com/pallets/flask/pull/1990.diff",
        "patch_url": "https://github.com/pallets/flask/pull/1990.patch"
    },
    "body": "",
    "comments_inline": [
        {
            "url": "https://api.github.com/repos/pallets/flask/issues/comments/241365026",
            "html_url": "https://github.com/pallets/flask/pull/1990#issuecomment-241365026",
            "issue_url": "https://api.github.com/repos/pallets/flask/issues/1990",
            "id": 241365026,
            "node_id": "MDEyOklzc3VlQ29tbWVudDI0MTM2NTAyNg==",
            "user": {
                "login": "sanderl-mediamonks",
                "id": 17253345,
                "node_id": "MDQ6VXNlcjE3MjUzMzQ1",
                "avatar_url": "https://avatars2.githubusercontent.com/u/17253345?v=4",
                "gravatar_id": "",
                "url": "https://api.github.com/users/sanderl-mediamonks",
                "html_url": "https://github.com/sanderl-mediamonks",
                "followers_url": "https://api.github.com/users/sanderl-mediamonks/followers",
                "following_url": "https://api.github.com/users/sanderl-mediamonks/following{/other_user}",
                "gists_url": "https://api.github.com/users/sanderl-mediamonks/gists{/gist_id}",
                "starred_url": "https://api.github.com/users/sanderl-mediamonks/starred{/owner}{/repo}",
                "subscriptions_url": "https://api.github.com/users/sanderl-mediamonks/subscriptions",
                "organizations_url": "https://api.github.com/users/sanderl-mediamonks/orgs",
                "repos_url": "https://api.github.com/users/sanderl-mediamonks/repos",
                "events_url": "https://api.github.com/users/sanderl-mediamonks/events{/privacy}",
                "received_events_url": "https://api.github.com/users/sanderl-mediamonks/received_events",
                "type": "User",
                "site_admin": false
            },
            "created_at": "2016-08-22T09:50:59Z",
            "updated_at": "2016-08-22T09:50:59Z",
            "author_association": "CONTRIBUTOR",
            "body": "No, it's the result backend. See http://docs.celeryproject.org/en/latest/getting-started/first-steps-with-celery.html#keeping-results\n"
        },
        {
            "url": "https://api.github.com/repos/pallets/flask/issues/comments/241365122",
            "html_url": "https://github.com/pallets/flask/pull/1990#issuecomment-241365122",
            "issue_url": "https://api.github.com/repos/pallets/flask/issues/1990",
            "id": 241365122,
            "node_id": "MDEyOklzc3VlQ29tbWVudDI0MTM2NTEyMg==",
            "user": {
                "login": "ThiefMaster",
                "id": 179599,
                "node_id": "MDQ6VXNlcjE3OTU5OQ==",
                "avatar_url": "https://avatars1.githubusercontent.com/u/179599?v=4",
                "gravatar_id": "",
                "url": "https://api.github.com/users/ThiefMaster",
                "html_url": "https://github.com/ThiefMaster",
                "followers_url": "https://api.github.com/users/ThiefMaster/followers",
                "following_url": "https://api.github.com/users/ThiefMaster/following{/other_user}",
                "gists_url": "https://api.github.com/users/ThiefMaster/gists{/gist_id}",
                "starred_url": "https://api.github.com/users/ThiefMaster/starred{/owner}{/repo}",
                "subscriptions_url": "https://api.github.com/users/ThiefMaster/subscriptions",
                "organizations_url": "https://api.github.com/users/ThiefMaster/orgs",
                "repos_url": "https://api.github.com/users/ThiefMaster/repos",
                "events_url": "https://api.github.com/users/ThiefMaster/events{/privacy}",
                "received_events_url": "https://api.github.com/users/ThiefMaster/received_events",
                "type": "User",
                "site_admin": false
            },
            "created_at": "2016-08-22T09:51:25Z",
            "updated_at": "2016-08-22T09:51:33Z",
            "author_association": "MEMBER",
            "body": "Yeah, saw it a moment after posting which is why i deleted my comment and merged it\n"
        }
    ]
}