{
    "url": "https://api.github.com/repos/pallets/flask/issues/1992",
    "repository_url": "https://api.github.com/repos/pallets/flask",
    "labels_url": "https://api.github.com/repos/pallets/flask/issues/1992/labels{/name}",
    "comments_url": "https://api.github.com/repos/pallets/flask/issues/1992/comments",
    "events_url": "https://api.github.com/repos/pallets/flask/issues/1992/events",
    "html_url": "https://github.com/pallets/flask/issues/1992",
    "id": 172434213,
    "node_id": "MDU6SXNzdWUxNzI0MzQyMTM=",
    "number": 1992,
    "title": "access app.config via dot",
    "user": {
        "login": "qingyunha",
        "id": 5804868,
        "node_id": "MDQ6VXNlcjU4MDQ4Njg=",
        "avatar_url": "https://avatars0.githubusercontent.com/u/5804868?v=4",
        "gravatar_id": "",
        "url": "https://api.github.com/users/qingyunha",
        "html_url": "https://github.com/qingyunha",
        "followers_url": "https://api.github.com/users/qingyunha/followers",
        "following_url": "https://api.github.com/users/qingyunha/following{/other_user}",
        "gists_url": "https://api.github.com/users/qingyunha/gists{/gist_id}",
        "starred_url": "https://api.github.com/users/qingyunha/starred{/owner}{/repo}",
        "subscriptions_url": "https://api.github.com/users/qingyunha/subscriptions",
        "organizations_url": "https://api.github.com/users/qingyunha/orgs",
        "repos_url": "https://api.github.com/users/qingyunha/repos",
        "events_url": "https://api.github.com/users/qingyunha/events{/privacy}",
        "received_events_url": "https://api.github.com/users/qingyunha/received_events",
        "type": "User",
        "site_admin": false
    },
    "labels": [],
    "state": "closed",
    "locked": false,
    "assignee": null,
    "assignees": [],
    "milestone": null,
    "comments": 5,
    "created_at": "2016-08-22T11:54:39Z",
    "updated_at": "2016-08-22T12:29:10Z",
    "closed_at": "2016-08-22T12:13:25Z",
    "author_association": "NONE",
    "body": "How about implementing `__getattr__`  and `__setattr__` for `flask.config.Config` to support dot access?  \ninstead of writing  `app.config[\"DATABASE\"]`, I'd like to write `app.config.DATABASE`  \n",
    "comments_inline": [
        {
            "url": "https://api.github.com/repos/pallets/flask/issues/comments/241390856",
            "html_url": "https://github.com/pallets/flask/issues/1992#issuecomment-241390856",
            "issue_url": "https://api.github.com/repos/pallets/flask/issues/1992",
            "id": 241390856,
            "node_id": "MDEyOklzc3VlQ29tbWVudDI0MTM5MDg1Ng==",
            "user": {
                "login": "ThiefMaster",
                "id": 179599,
                "node_id": "MDQ6VXNlcjE3OTU5OQ==",
                "avatar_url": "https://avatars1.githubusercontent.com/u/179599?v=4",
                "gravatar_id": "",
                "url": "https://api.github.com/users/ThiefMaster",
                "html_url": "https://github.com/ThiefMaster",
                "followers_url": "https://api.github.com/users/ThiefMaster/followers",
                "following_url": "https://api.github.com/users/ThiefMaster/following{/other_user}",
                "gists_url": "https://api.github.com/users/ThiefMaster/gists{/gist_id}",
                "starred_url": "https://api.github.com/users/ThiefMaster/starred{/owner}{/repo}",
                "subscriptions_url": "https://api.github.com/users/ThiefMaster/subscriptions",
                "organizations_url": "https://api.github.com/users/ThiefMaster/orgs",
                "repos_url": "https://api.github.com/users/ThiefMaster/repos",
                "events_url": "https://api.github.com/users/ThiefMaster/events{/privacy}",
                "received_events_url": "https://api.github.com/users/ThiefMaster/received_events",
                "type": "User",
                "site_admin": false
            },
            "created_at": "2016-08-22T11:55:13Z",
            "updated_at": "2016-08-22T11:55:48Z",
            "author_association": "MEMBER",
            "body": "Any special reason for this besides personal preference? It would also need some changes in `get_namespace` - right now that returns just a dict.\n"
        },
        {
            "url": "https://api.github.com/repos/pallets/flask/issues/comments/241391331",
            "html_url": "https://github.com/pallets/flask/issues/1992#issuecomment-241391331",
            "issue_url": "https://api.github.com/repos/pallets/flask/issues/1992",
            "id": 241391331,
            "node_id": "MDEyOklzc3VlQ29tbWVudDI0MTM5MTMzMQ==",
            "user": {
                "login": "ThiefMaster",
                "id": 179599,
                "node_id": "MDQ6VXNlcjE3OTU5OQ==",
                "avatar_url": "https://avatars1.githubusercontent.com/u/179599?v=4",
                "gravatar_id": "",
                "url": "https://api.github.com/users/ThiefMaster",
                "html_url": "https://github.com/ThiefMaster",
                "followers_url": "https://api.github.com/users/ThiefMaster/followers",
                "following_url": "https://api.github.com/users/ThiefMaster/following{/other_user}",
                "gists_url": "https://api.github.com/users/ThiefMaster/gists{/gist_id}",
                "starred_url": "https://api.github.com/users/ThiefMaster/starred{/owner}{/repo}",
                "subscriptions_url": "https://api.github.com/users/ThiefMaster/subscriptions",
                "organizations_url": "https://api.github.com/users/ThiefMaster/orgs",
                "repos_url": "https://api.github.com/users/ThiefMaster/repos",
                "events_url": "https://api.github.com/users/ThiefMaster/events{/privacy}",
                "received_events_url": "https://api.github.com/users/ThiefMaster/received_events",
                "type": "User",
                "site_admin": false
            },
            "created_at": "2016-08-22T11:57:24Z",
            "updated_at": "2016-08-22T11:57:24Z",
            "author_association": "MEMBER",
            "body": "Actually, you can easily change this locally if you want this by simply subclassing Flask and setting `config_class = AttrConfig` after defining this class (or a more fancy version):\n\n``` python\nclass AttrConfig(Config):\n    def __getattr__(self, attr):\n        try:\n            return self[attr]\n        except KeyError:\n            raise AttributeError('Invalid config option: ' + attr)\n```\n"
        },
        {
            "url": "https://api.github.com/repos/pallets/flask/issues/comments/241394444",
            "html_url": "https://github.com/pallets/flask/issues/1992#issuecomment-241394444",
            "issue_url": "https://api.github.com/repos/pallets/flask/issues/1992",
            "id": 241394444,
            "node_id": "MDEyOklzc3VlQ29tbWVudDI0MTM5NDQ0NA==",
            "user": {
                "login": "qingyunha",
                "id": 5804868,
                "node_id": "MDQ6VXNlcjU4MDQ4Njg=",
                "avatar_url": "https://avatars0.githubusercontent.com/u/5804868?v=4",
                "gravatar_id": "",
                "url": "https://api.github.com/users/qingyunha",
                "html_url": "https://github.com/qingyunha",
                "followers_url": "https://api.github.com/users/qingyunha/followers",
                "following_url": "https://api.github.com/users/qingyunha/following{/other_user}",
                "gists_url": "https://api.github.com/users/qingyunha/gists{/gist_id}",
                "starred_url": "https://api.github.com/users/qingyunha/starred{/owner}{/repo}",
                "subscriptions_url": "https://api.github.com/users/qingyunha/subscriptions",
                "organizations_url": "https://api.github.com/users/qingyunha/orgs",
                "repos_url": "https://api.github.com/users/qingyunha/repos",
                "events_url": "https://api.github.com/users/qingyunha/events{/privacy}",
                "received_events_url": "https://api.github.com/users/qingyunha/received_events",
                "type": "User",
                "site_admin": false
            },
            "created_at": "2016-08-22T12:13:15Z",
            "updated_at": "2016-08-22T12:13:15Z",
            "author_association": "NONE",
            "body": "Thanks for you advice. Just personal preference, Closing\n"
        },
        {
            "url": "https://api.github.com/repos/pallets/flask/issues/comments/241397516",
            "html_url": "https://github.com/pallets/flask/issues/1992#issuecomment-241397516",
            "issue_url": "https://api.github.com/repos/pallets/flask/issues/1992",
            "id": 241397516,
            "node_id": "MDEyOklzc3VlQ29tbWVudDI0MTM5NzUxNg==",
            "user": {
                "login": "qingyunha",
                "id": 5804868,
                "node_id": "MDQ6VXNlcjU4MDQ4Njg=",
                "avatar_url": "https://avatars0.githubusercontent.com/u/5804868?v=4",
                "gravatar_id": "",
                "url": "https://api.github.com/users/qingyunha",
                "html_url": "https://github.com/qingyunha",
                "followers_url": "https://api.github.com/users/qingyunha/followers",
                "following_url": "https://api.github.com/users/qingyunha/following{/other_user}",
                "gists_url": "https://api.github.com/users/qingyunha/gists{/gist_id}",
                "starred_url": "https://api.github.com/users/qingyunha/starred{/owner}{/repo}",
                "subscriptions_url": "https://api.github.com/users/qingyunha/subscriptions",
                "organizations_url": "https://api.github.com/users/qingyunha/orgs",
                "repos_url": "https://api.github.com/users/qingyunha/repos",
                "events_url": "https://api.github.com/users/qingyunha/events{/privacy}",
                "received_events_url": "https://api.github.com/users/qingyunha/received_events",
                "type": "User",
                "site_admin": false
            },
            "created_at": "2016-08-22T12:27:44Z",
            "updated_at": "2016-08-22T12:27:44Z",
            "author_association": "NONE",
            "body": "Maybe `get_namespace` could also return a Config instance.\n"
        },
        {
            "url": "https://api.github.com/repos/pallets/flask/issues/comments/241397849",
            "html_url": "https://github.com/pallets/flask/issues/1992#issuecomment-241397849",
            "issue_url": "https://api.github.com/repos/pallets/flask/issues/1992",
            "id": 241397849,
            "node_id": "MDEyOklzc3VlQ29tbWVudDI0MTM5Nzg0OQ==",
            "user": {
                "login": "ThiefMaster",
                "id": 179599,
                "node_id": "MDQ6VXNlcjE3OTU5OQ==",
                "avatar_url": "https://avatars1.githubusercontent.com/u/179599?v=4",
                "gravatar_id": "",
                "url": "https://api.github.com/users/ThiefMaster",
                "html_url": "https://github.com/ThiefMaster",
                "followers_url": "https://api.github.com/users/ThiefMaster/followers",
                "following_url": "https://api.github.com/users/ThiefMaster/following{/other_user}",
                "gists_url": "https://api.github.com/users/ThiefMaster/gists{/gist_id}",
                "starred_url": "https://api.github.com/users/ThiefMaster/starred{/owner}{/repo}",
                "subscriptions_url": "https://api.github.com/users/ThiefMaster/subscriptions",
                "organizations_url": "https://api.github.com/users/ThiefMaster/orgs",
                "repos_url": "https://api.github.com/users/ThiefMaster/repos",
                "events_url": "https://api.github.com/users/ThiefMaster/events{/privacy}",
                "received_events_url": "https://api.github.com/users/ThiefMaster/received_events",
                "type": "User",
                "site_admin": false
            },
            "created_at": "2016-08-22T12:29:10Z",
            "updated_at": "2016-08-22T12:29:10Z",
            "author_association": "MEMBER",
            "body": "not a good idea since you don't want the loading methods etc on those dicts - they return purely read-only views and any changes in a namespace wouldn't affect the main config (or vice versa)\n"
        }
    ]
}