{
    "url": "https://api.github.com/repos/pallets/flask/issues/214",
    "repository_url": "https://api.github.com/repos/pallets/flask",
    "labels_url": "https://api.github.com/repos/pallets/flask/issues/214/labels{/name}",
    "comments_url": "https://api.github.com/repos/pallets/flask/issues/214/comments",
    "events_url": "https://api.github.com/repos/pallets/flask/issues/214/events",
    "html_url": "https://github.com/pallets/flask/pull/214",
    "id": 722245,
    "node_id": "MDExOlB1bGxSZXF1ZXN0MTA2NDUz",
    "number": 214,
    "title": "Untitled",
    "user": {
        "login": "kanak",
        "id": 87028,
        "node_id": "MDQ6VXNlcjg3MDI4",
        "avatar_url": "https://avatars1.githubusercontent.com/u/87028?v=4",
        "gravatar_id": "",
        "url": "https://api.github.com/users/kanak",
        "html_url": "https://github.com/kanak",
        "followers_url": "https://api.github.com/users/kanak/followers",
        "following_url": "https://api.github.com/users/kanak/following{/other_user}",
        "gists_url": "https://api.github.com/users/kanak/gists{/gist_id}",
        "starred_url": "https://api.github.com/users/kanak/starred{/owner}{/repo}",
        "subscriptions_url": "https://api.github.com/users/kanak/subscriptions",
        "organizations_url": "https://api.github.com/users/kanak/orgs",
        "repos_url": "https://api.github.com/users/kanak/repos",
        "events_url": "https://api.github.com/users/kanak/events{/privacy}",
        "received_events_url": "https://api.github.com/users/kanak/received_events",
        "type": "User",
        "site_admin": false
    },
    "labels": [],
    "state": "closed",
    "locked": false,
    "assignee": null,
    "assignees": [],
    "milestone": null,
    "comments": 1,
    "created_at": "2011-03-31T19:55:37Z",
    "updated_at": "2014-06-12T10:25:31Z",
    "closed_at": "2011-04-18T14:40:57Z",
    "author_association": "NONE",
    "pull_request": {
        "url": "https://api.github.com/repos/pallets/flask/pulls/214",
        "html_url": "https://github.com/pallets/flask/pull/214",
        "diff_url": "https://github.com/pallets/flask/pull/214.diff",
        "patch_url": "https://github.com/pallets/flask/pull/214.patch"
    },
    "body": "Fixed a typo that was preventing second code block from appearing in a code block\n",
    "comments_inline": [
        {
            "url": "https://api.github.com/repos/pallets/flask/issues/comments/1021337",
            "html_url": "https://github.com/pallets/flask/pull/214#issuecomment-1021337",
            "issue_url": "https://api.github.com/repos/pallets/flask/issues/214",
            "id": 1021337,
            "node_id": "MDEyOklzc3VlQ29tbWVudDEwMjEzMzc=",
            "user": {
                "login": "mitsuhiko",
                "id": 7396,
                "node_id": "MDQ6VXNlcjczOTY=",
                "avatar_url": "https://avatars1.githubusercontent.com/u/7396?v=4",
                "gravatar_id": "",
                "url": "https://api.github.com/users/mitsuhiko",
                "html_url": "https://github.com/mitsuhiko",
                "followers_url": "https://api.github.com/users/mitsuhiko/followers",
                "following_url": "https://api.github.com/users/mitsuhiko/following{/other_user}",
                "gists_url": "https://api.github.com/users/mitsuhiko/gists{/gist_id}",
                "starred_url": "https://api.github.com/users/mitsuhiko/starred{/owner}{/repo}",
                "subscriptions_url": "https://api.github.com/users/mitsuhiko/subscriptions",
                "organizations_url": "https://api.github.com/users/mitsuhiko/orgs",
                "repos_url": "https://api.github.com/users/mitsuhiko/repos",
                "events_url": "https://api.github.com/users/mitsuhiko/events{/privacy}",
                "received_events_url": "https://api.github.com/users/mitsuhiko/received_events",
                "type": "User",
                "site_admin": false
            },
            "created_at": "2011-04-18T14:40:57Z",
            "updated_at": "2011-04-18T14:40:57Z",
            "author_association": "MEMBER",
            "body": "Thanks. Pulled.\n"
        }
    ]
}