{
    "url": "https://api.github.com/repos/pallets/flask/issues/2140",
    "repository_url": "https://api.github.com/repos/pallets/flask",
    "labels_url": "https://api.github.com/repos/pallets/flask/issues/2140/labels{/name}",
    "comments_url": "https://api.github.com/repos/pallets/flask/issues/2140/comments",
    "events_url": "https://api.github.com/repos/pallets/flask/issues/2140/events",
    "html_url": "https://github.com/pallets/flask/issues/2140",
    "id": 198467641,
    "node_id": "MDU6SXNzdWUxOTg0Njc2NDE=",
    "number": 2140,
    "title": "\uff1f\uff1f\uff1f",
    "user": {
        "login": "Stupidkids",
        "id": 24859195,
        "node_id": "MDQ6VXNlcjI0ODU5MTk1",
        "avatar_url": "https://avatars1.githubusercontent.com/u/24859195?v=4",
        "gravatar_id": "",
        "url": "https://api.github.com/users/Stupidkids",
        "html_url": "https://github.com/Stupidkids",
        "followers_url": "https://api.github.com/users/Stupidkids/followers",
        "following_url": "https://api.github.com/users/Stupidkids/following{/other_user}",
        "gists_url": "https://api.github.com/users/Stupidkids/gists{/gist_id}",
        "starred_url": "https://api.github.com/users/Stupidkids/starred{/owner}{/repo}",
        "subscriptions_url": "https://api.github.com/users/Stupidkids/subscriptions",
        "organizations_url": "https://api.github.com/users/Stupidkids/orgs",
        "repos_url": "https://api.github.com/users/Stupidkids/repos",
        "events_url": "https://api.github.com/users/Stupidkids/events{/privacy}",
        "received_events_url": "https://api.github.com/users/Stupidkids/received_events",
        "type": "User",
        "site_admin": false
    },
    "labels": [],
    "state": "closed",
    "locked": false,
    "assignee": null,
    "assignees": [],
    "milestone": null,
    "comments": 1,
    "created_at": "2017-01-03T12:47:24Z",
    "updated_at": "2017-01-03T14:29:51Z",
    "closed_at": "2017-01-03T12:48:31Z",
    "author_association": "NONE",
    "body": "\r\nThis is your own development?\r\n",
    "comments_inline": [
        {
            "url": "https://api.github.com/repos/pallets/flask/issues/comments/270107427",
            "html_url": "https://github.com/pallets/flask/issues/2140#issuecomment-270107427",
            "issue_url": "https://api.github.com/repos/pallets/flask/issues/2140",
            "id": 270107427,
            "node_id": "MDEyOklzc3VlQ29tbWVudDI3MDEwNzQyNw==",
            "user": {
                "login": "ThiefMaster",
                "id": 179599,
                "node_id": "MDQ6VXNlcjE3OTU5OQ==",
                "avatar_url": "https://avatars1.githubusercontent.com/u/179599?v=4",
                "gravatar_id": "",
                "url": "https://api.github.com/users/ThiefMaster",
                "html_url": "https://github.com/ThiefMaster",
                "followers_url": "https://api.github.com/users/ThiefMaster/followers",
                "following_url": "https://api.github.com/users/ThiefMaster/following{/other_user}",
                "gists_url": "https://api.github.com/users/ThiefMaster/gists{/gist_id}",
                "starred_url": "https://api.github.com/users/ThiefMaster/starred{/owner}{/repo}",
                "subscriptions_url": "https://api.github.com/users/ThiefMaster/subscriptions",
                "organizations_url": "https://api.github.com/users/ThiefMaster/orgs",
                "repos_url": "https://api.github.com/users/ThiefMaster/repos",
                "events_url": "https://api.github.com/users/ThiefMaster/events{/privacy}",
                "received_events_url": "https://api.github.com/users/ThiefMaster/received_events",
                "type": "User",
                "site_admin": false
            },
            "created_at": "2017-01-03T12:48:47Z",
            "updated_at": "2017-01-03T12:48:47Z",
            "author_association": "MEMBER",
            "body": "https://github.com/pallets/flask/graphs/contributors"
        }
    ]
}