{
    "url": "https://api.github.com/repos/pallets/flask/issues/2141",
    "repository_url": "https://api.github.com/repos/pallets/flask",
    "labels_url": "https://api.github.com/repos/pallets/flask/issues/2141/labels{/name}",
    "comments_url": "https://api.github.com/repos/pallets/flask/issues/2141/comments",
    "events_url": "https://api.github.com/repos/pallets/flask/issues/2141/events",
    "html_url": "https://github.com/pallets/flask/pull/2141",
    "id": 198690301,
    "node_id": "MDExOlB1bGxSZXF1ZXN0MTAwMTAyODgy",
    "number": 2141,
    "title": "Remove extra HTML tag from fileupload docs",
    "user": {
        "login": "prmtl",
        "id": 1519363,
        "node_id": "MDQ6VXNlcjE1MTkzNjM=",
        "avatar_url": "https://avatars3.githubusercontent.com/u/1519363?v=4",
        "gravatar_id": "",
        "url": "https://api.github.com/users/prmtl",
        "html_url": "https://github.com/prmtl",
        "followers_url": "https://api.github.com/users/prmtl/followers",
        "following_url": "https://api.github.com/users/prmtl/following{/other_user}",
        "gists_url": "https://api.github.com/users/prmtl/gists{/gist_id}",
        "starred_url": "https://api.github.com/users/prmtl/starred{/owner}{/repo}",
        "subscriptions_url": "https://api.github.com/users/prmtl/subscriptions",
        "organizations_url": "https://api.github.com/users/prmtl/orgs",
        "repos_url": "https://api.github.com/users/prmtl/repos",
        "events_url": "https://api.github.com/users/prmtl/events{/privacy}",
        "received_events_url": "https://api.github.com/users/prmtl/received_events",
        "type": "User",
        "site_admin": false
    },
    "labels": [],
    "state": "closed",
    "locked": false,
    "assignee": null,
    "assignees": [],
    "milestone": null,
    "comments": 0,
    "created_at": "2017-01-04T11:49:16Z",
    "updated_at": "2017-02-28T05:05:10Z",
    "closed_at": "2017-02-28T05:05:10Z",
    "author_association": "CONTRIBUTOR",
    "pull_request": {
        "url": "https://api.github.com/repos/pallets/flask/pulls/2141",
        "html_url": "https://github.com/pallets/flask/pull/2141",
        "diff_url": "https://github.com/pallets/flask/pull/2141.diff",
        "patch_url": "https://github.com/pallets/flask/pull/2141.patch"
    },
    "body": ""
}