{
    "url": "https://api.github.com/repos/pallets/flask/issues/2142",
    "repository_url": "https://api.github.com/repos/pallets/flask",
    "labels_url": "https://api.github.com/repos/pallets/flask/issues/2142/labels{/name}",
    "comments_url": "https://api.github.com/repos/pallets/flask/issues/2142/comments",
    "events_url": "https://api.github.com/repos/pallets/flask/issues/2142/events",
    "html_url": "https://github.com/pallets/flask/issues/2142",
    "id": 198908097,
    "node_id": "MDU6SXNzdWUxOTg5MDgwOTc=",
    "number": 2142,
    "title": "Website still lists 0.11 as the latest release even though 0.12 is release",
    "user": {
        "login": "cdman",
        "id": 838250,
        "node_id": "MDQ6VXNlcjgzODI1MA==",
        "avatar_url": "https://avatars1.githubusercontent.com/u/838250?v=4",
        "gravatar_id": "",
        "url": "https://api.github.com/users/cdman",
        "html_url": "https://github.com/cdman",
        "followers_url": "https://api.github.com/users/cdman/followers",
        "following_url": "https://api.github.com/users/cdman/following{/other_user}",
        "gists_url": "https://api.github.com/users/cdman/gists{/gist_id}",
        "starred_url": "https://api.github.com/users/cdman/starred{/owner}{/repo}",
        "subscriptions_url": "https://api.github.com/users/cdman/subscriptions",
        "organizations_url": "https://api.github.com/users/cdman/orgs",
        "repos_url": "https://api.github.com/users/cdman/repos",
        "events_url": "https://api.github.com/users/cdman/events{/privacy}",
        "received_events_url": "https://api.github.com/users/cdman/received_events",
        "type": "User",
        "site_admin": false
    },
    "labels": [],
    "state": "closed",
    "locked": false,
    "assignee": null,
    "assignees": [],
    "milestone": null,
    "comments": 6,
    "created_at": "2017-01-05T09:14:28Z",
    "updated_at": "2017-01-05T15:59:38Z",
    "closed_at": "2017-01-05T15:59:37Z",
    "author_association": "NONE",
    "body": "http://flask.pocoo.org/ (BTW, can I haz HTTPS please?) says:\r\n\r\n>  Latest Version: 0.11 \r\n\r\nIt should say:\r\n\r\n>  Latest Version: 0.12 \r\n\r\n(with the correct link).\r\n\r\n:sparkles: ",
    "comments_inline": [
        {
            "url": "https://api.github.com/repos/pallets/flask/issues/comments/270628153",
            "html_url": "https://github.com/pallets/flask/issues/2142#issuecomment-270628153",
            "issue_url": "https://api.github.com/repos/pallets/flask/issues/2142",
            "id": 270628153,
            "node_id": "MDEyOklzc3VlQ29tbWVudDI3MDYyODE1Mw==",
            "user": {
                "login": "infinite-Joy",
                "id": 9998813,
                "node_id": "MDQ6VXNlcjk5OTg4MTM=",
                "avatar_url": "https://avatars0.githubusercontent.com/u/9998813?v=4",
                "gravatar_id": "",
                "url": "https://api.github.com/users/infinite-Joy",
                "html_url": "https://github.com/infinite-Joy",
                "followers_url": "https://api.github.com/users/infinite-Joy/followers",
                "following_url": "https://api.github.com/users/infinite-Joy/following{/other_user}",
                "gists_url": "https://api.github.com/users/infinite-Joy/gists{/gist_id}",
                "starred_url": "https://api.github.com/users/infinite-Joy/starred{/owner}{/repo}",
                "subscriptions_url": "https://api.github.com/users/infinite-Joy/subscriptions",
                "organizations_url": "https://api.github.com/users/infinite-Joy/orgs",
                "repos_url": "https://api.github.com/users/infinite-Joy/repos",
                "events_url": "https://api.github.com/users/infinite-Joy/events{/privacy}",
                "received_events_url": "https://api.github.com/users/infinite-Joy/received_events",
                "type": "User",
                "site_admin": false
            },
            "created_at": "2017-01-05T11:56:14Z",
            "updated_at": "2017-01-05T11:56:14Z",
            "author_association": "NONE",
            "body": "This is a beginner task. Please label it for first timers. Maybe a more long term approach can be taken like getting the present version number directly from pypi.\r\n\r\nHint: add the appropriate version number to \"releases\" variable in https://github.com/pallets/flask-website/blob/master/flask_website/listings/releases.py"
        },
        {
            "url": "https://api.github.com/repos/pallets/flask/issues/comments/270628460",
            "html_url": "https://github.com/pallets/flask/issues/2142#issuecomment-270628460",
            "issue_url": "https://api.github.com/repos/pallets/flask/issues/2142",
            "id": 270628460,
            "node_id": "MDEyOklzc3VlQ29tbWVudDI3MDYyODQ2MA==",
            "user": {
                "login": "ThiefMaster",
                "id": 179599,
                "node_id": "MDQ6VXNlcjE3OTU5OQ==",
                "avatar_url": "https://avatars1.githubusercontent.com/u/179599?v=4",
                "gravatar_id": "",
                "url": "https://api.github.com/users/ThiefMaster",
                "html_url": "https://github.com/ThiefMaster",
                "followers_url": "https://api.github.com/users/ThiefMaster/followers",
                "following_url": "https://api.github.com/users/ThiefMaster/following{/other_user}",
                "gists_url": "https://api.github.com/users/ThiefMaster/gists{/gist_id}",
                "starred_url": "https://api.github.com/users/ThiefMaster/starred{/owner}{/repo}",
                "subscriptions_url": "https://api.github.com/users/ThiefMaster/subscriptions",
                "organizations_url": "https://api.github.com/users/ThiefMaster/orgs",
                "repos_url": "https://api.github.com/users/ThiefMaster/repos",
                "events_url": "https://api.github.com/users/ThiefMaster/events{/privacy}",
                "received_events_url": "https://api.github.com/users/ThiefMaster/received_events",
                "type": "User",
                "site_admin": false
            },
            "created_at": "2017-01-05T11:57:58Z",
            "updated_at": "2017-01-05T11:57:58Z",
            "author_association": "MEMBER",
            "body": "@infinite-Joy: only people with commit access to the repo can label tasks. and to be honest, it's a one-line change, it's not really worth labelling it and waiting for someone else to contribute the change instead of just doing it yourself..."
        },
        {
            "url": "https://api.github.com/repos/pallets/flask/issues/comments/270629482",
            "html_url": "https://github.com/pallets/flask/issues/2142#issuecomment-270629482",
            "issue_url": "https://api.github.com/repos/pallets/flask/issues/2142",
            "id": 270629482,
            "node_id": "MDEyOklzc3VlQ29tbWVudDI3MDYyOTQ4Mg==",
            "user": {
                "login": "infinite-Joy",
                "id": 9998813,
                "node_id": "MDQ6VXNlcjk5OTg4MTM=",
                "avatar_url": "https://avatars0.githubusercontent.com/u/9998813?v=4",
                "gravatar_id": "",
                "url": "https://api.github.com/users/infinite-Joy",
                "html_url": "https://github.com/infinite-Joy",
                "followers_url": "https://api.github.com/users/infinite-Joy/followers",
                "following_url": "https://api.github.com/users/infinite-Joy/following{/other_user}",
                "gists_url": "https://api.github.com/users/infinite-Joy/gists{/gist_id}",
                "starred_url": "https://api.github.com/users/infinite-Joy/starred{/owner}{/repo}",
                "subscriptions_url": "https://api.github.com/users/infinite-Joy/subscriptions",
                "organizations_url": "https://api.github.com/users/infinite-Joy/orgs",
                "repos_url": "https://api.github.com/users/infinite-Joy/repos",
                "events_url": "https://api.github.com/users/infinite-Joy/events{/privacy}",
                "received_events_url": "https://api.github.com/users/infinite-Joy/received_events",
                "type": "User",
                "site_admin": false
            },
            "created_at": "2017-01-05T12:04:06Z",
            "updated_at": "2017-01-05T12:04:06Z",
            "author_association": "NONE",
            "body": "Just saw there is already a PR pending for this.\r\n\r\nhttps://github.com/pallets/flask-website/pull/43"
        },
        {
            "url": "https://api.github.com/repos/pallets/flask/issues/comments/270630473",
            "html_url": "https://github.com/pallets/flask/issues/2142#issuecomment-270630473",
            "issue_url": "https://api.github.com/repos/pallets/flask/issues/2142",
            "id": 270630473,
            "node_id": "MDEyOklzc3VlQ29tbWVudDI3MDYzMDQ3Mw==",
            "user": {
                "login": "ThiefMaster",
                "id": 179599,
                "node_id": "MDQ6VXNlcjE3OTU5OQ==",
                "avatar_url": "https://avatars1.githubusercontent.com/u/179599?v=4",
                "gravatar_id": "",
                "url": "https://api.github.com/users/ThiefMaster",
                "html_url": "https://github.com/ThiefMaster",
                "followers_url": "https://api.github.com/users/ThiefMaster/followers",
                "following_url": "https://api.github.com/users/ThiefMaster/following{/other_user}",
                "gists_url": "https://api.github.com/users/ThiefMaster/gists{/gist_id}",
                "starred_url": "https://api.github.com/users/ThiefMaster/starred{/owner}{/repo}",
                "subscriptions_url": "https://api.github.com/users/ThiefMaster/subscriptions",
                "organizations_url": "https://api.github.com/users/ThiefMaster/orgs",
                "repos_url": "https://api.github.com/users/ThiefMaster/repos",
                "events_url": "https://api.github.com/users/ThiefMaster/events{/privacy}",
                "received_events_url": "https://api.github.com/users/ThiefMaster/received_events",
                "type": "User",
                "site_admin": false
            },
            "created_at": "2017-01-05T12:10:15Z",
            "updated_at": "2017-01-05T12:10:15Z",
            "author_association": "MEMBER",
            "body": "Merged the PR. Not sure if there's any automated update on the live website though.\r\n\r\nping @mitsuhiko "
        },
        {
            "url": "https://api.github.com/repos/pallets/flask/issues/comments/270650335",
            "html_url": "https://github.com/pallets/flask/issues/2142#issuecomment-270650335",
            "issue_url": "https://api.github.com/repos/pallets/flask/issues/2142",
            "id": 270650335,
            "node_id": "MDEyOklzc3VlQ29tbWVudDI3MDY1MDMzNQ==",
            "user": {
                "login": "mitsuhiko",
                "id": 7396,
                "node_id": "MDQ6VXNlcjczOTY=",
                "avatar_url": "https://avatars1.githubusercontent.com/u/7396?v=4",
                "gravatar_id": "",
                "url": "https://api.github.com/users/mitsuhiko",
                "html_url": "https://github.com/mitsuhiko",
                "followers_url": "https://api.github.com/users/mitsuhiko/followers",
                "following_url": "https://api.github.com/users/mitsuhiko/following{/other_user}",
                "gists_url": "https://api.github.com/users/mitsuhiko/gists{/gist_id}",
                "starred_url": "https://api.github.com/users/mitsuhiko/starred{/owner}{/repo}",
                "subscriptions_url": "https://api.github.com/users/mitsuhiko/subscriptions",
                "organizations_url": "https://api.github.com/users/mitsuhiko/orgs",
                "repos_url": "https://api.github.com/users/mitsuhiko/repos",
                "events_url": "https://api.github.com/users/mitsuhiko/events{/privacy}",
                "received_events_url": "https://api.github.com/users/mitsuhiko/received_events",
                "type": "User",
                "site_admin": false
            },
            "created_at": "2017-01-05T14:01:27Z",
            "updated_at": "2017-01-05T14:01:27Z",
            "author_association": "MEMBER",
            "body": "Restarted. Should improve this deployment."
        },
        {
            "url": "https://api.github.com/repos/pallets/flask/issues/comments/270679353",
            "html_url": "https://github.com/pallets/flask/issues/2142#issuecomment-270679353",
            "issue_url": "https://api.github.com/repos/pallets/flask/issues/2142",
            "id": 270679353,
            "node_id": "MDEyOklzc3VlQ29tbWVudDI3MDY3OTM1Mw==",
            "user": {
                "login": "cdman",
                "id": 838250,
                "node_id": "MDQ6VXNlcjgzODI1MA==",
                "avatar_url": "https://avatars1.githubusercontent.com/u/838250?v=4",
                "gravatar_id": "",
                "url": "https://api.github.com/users/cdman",
                "html_url": "https://github.com/cdman",
                "followers_url": "https://api.github.com/users/cdman/followers",
                "following_url": "https://api.github.com/users/cdman/following{/other_user}",
                "gists_url": "https://api.github.com/users/cdman/gists{/gist_id}",
                "starred_url": "https://api.github.com/users/cdman/starred{/owner}{/repo}",
                "subscriptions_url": "https://api.github.com/users/cdman/subscriptions",
                "organizations_url": "https://api.github.com/users/cdman/orgs",
                "repos_url": "https://api.github.com/users/cdman/repos",
                "events_url": "https://api.github.com/users/cdman/events{/privacy}",
                "received_events_url": "https://api.github.com/users/cdman/received_events",
                "type": "User",
                "site_admin": false
            },
            "created_at": "2017-01-05T15:59:37Z",
            "updated_at": "2017-01-05T15:59:37Z",
            "author_association": "NONE",
            "body": "Thank you all for the prompt update! It now displays the correct version."
        }
    ]
}