{
    "url": "https://api.github.com/repos/pallets/flask/issues/2143",
    "repository_url": "https://api.github.com/repos/pallets/flask",
    "labels_url": "https://api.github.com/repos/pallets/flask/issues/2143/labels{/name}",
    "comments_url": "https://api.github.com/repos/pallets/flask/issues/2143/comments",
    "events_url": "https://api.github.com/repos/pallets/flask/issues/2143/events",
    "html_url": "https://github.com/pallets/flask/issues/2143",
    "id": 199367560,
    "node_id": "MDU6SXNzdWUxOTkzNjc1NjA=",
    "number": 2143,
    "title": "Unable to infer MIME-type because no filename is available.",
    "user": {
        "login": "RedBuld",
        "id": 16175961,
        "node_id": "MDQ6VXNlcjE2MTc1OTYx",
        "avatar_url": "https://avatars1.githubusercontent.com/u/16175961?v=4",
        "gravatar_id": "",
        "url": "https://api.github.com/users/RedBuld",
        "html_url": "https://github.com/RedBuld",
        "followers_url": "https://api.github.com/users/RedBuld/followers",
        "following_url": "https://api.github.com/users/RedBuld/following{/other_user}",
        "gists_url": "https://api.github.com/users/RedBuld/gists{/gist_id}",
        "starred_url": "https://api.github.com/users/RedBuld/starred{/owner}{/repo}",
        "subscriptions_url": "https://api.github.com/users/RedBuld/subscriptions",
        "organizations_url": "https://api.github.com/users/RedBuld/orgs",
        "repos_url": "https://api.github.com/users/RedBuld/repos",
        "events_url": "https://api.github.com/users/RedBuld/events{/privacy}",
        "received_events_url": "https://api.github.com/users/RedBuld/received_events",
        "type": "User",
        "site_admin": false
    },
    "labels": [],
    "state": "closed",
    "locked": false,
    "assignee": null,
    "assignees": [],
    "milestone": null,
    "comments": 1,
    "created_at": "2017-01-07T15:34:50Z",
    "updated_at": "2017-01-07T15:39:13Z",
    "closed_at": "2017-01-07T15:39:13Z",
    "author_association": "NONE",
    "body": "The Flask 0.12 apparently changed the name of the file transfer. everything is stable in Flask 0.11-0.11.1.",
    "comments_inline": [
        {
            "url": "https://api.github.com/repos/pallets/flask/issues/comments/271090563",
            "html_url": "https://github.com/pallets/flask/issues/2143#issuecomment-271090563",
            "issue_url": "https://api.github.com/repos/pallets/flask/issues/2143",
            "id": 271090563,
            "node_id": "MDEyOklzc3VlQ29tbWVudDI3MTA5MDU2Mw==",
            "user": {
                "login": "davidism",
                "id": 1242887,
                "node_id": "MDQ6VXNlcjEyNDI4ODc=",
                "avatar_url": "https://avatars1.githubusercontent.com/u/1242887?v=4",
                "gravatar_id": "",
                "url": "https://api.github.com/users/davidism",
                "html_url": "https://github.com/davidism",
                "followers_url": "https://api.github.com/users/davidism/followers",
                "following_url": "https://api.github.com/users/davidism/following{/other_user}",
                "gists_url": "https://api.github.com/users/davidism/gists{/gist_id}",
                "starred_url": "https://api.github.com/users/davidism/starred{/owner}{/repo}",
                "subscriptions_url": "https://api.github.com/users/davidism/subscriptions",
                "organizations_url": "https://api.github.com/users/davidism/orgs",
                "repos_url": "https://api.github.com/users/davidism/repos",
                "events_url": "https://api.github.com/users/davidism/events{/privacy}",
                "received_events_url": "https://api.github.com/users/davidism/received_events",
                "type": "User",
                "site_admin": false
            },
            "created_at": "2017-01-07T15:39:13Z",
            "updated_at": "2017-01-07T15:39:13Z",
            "author_association": "MEMBER",
            "body": "https://github.com/pallets/flask/blob/71c534d2c6b356224ccf03a9f4d3d6ae295b1e1b/CHANGES#L27-L30\r\n\r\n#104 #1849 #1988"
        }
    ]
}