{
    "url": "https://api.github.com/repos/pallets/flask/issues/2144",
    "repository_url": "https://api.github.com/repos/pallets/flask",
    "labels_url": "https://api.github.com/repos/pallets/flask/issues/2144/labels{/name}",
    "comments_url": "https://api.github.com/repos/pallets/flask/issues/2144/comments",
    "events_url": "https://api.github.com/repos/pallets/flask/issues/2144/events",
    "html_url": "https://github.com/pallets/flask/pull/2144",
    "id": 199447513,
    "node_id": "MDExOlB1bGxSZXF1ZXN0MTAwNjE2NTE5",
    "number": 2144,
    "title": "Allow default Errorhandler for HTTPException",
    "user": {
        "login": "sumpfgottheit",
        "id": 979503,
        "node_id": "MDQ6VXNlcjk3OTUwMw==",
        "avatar_url": "https://avatars0.githubusercontent.com/u/979503?v=4",
        "gravatar_id": "",
        "url": "https://api.github.com/users/sumpfgottheit",
        "html_url": "https://github.com/sumpfgottheit",
        "followers_url": "https://api.github.com/users/sumpfgottheit/followers",
        "following_url": "https://api.github.com/users/sumpfgottheit/following{/other_user}",
        "gists_url": "https://api.github.com/users/sumpfgottheit/gists{/gist_id}",
        "starred_url": "https://api.github.com/users/sumpfgottheit/starred{/owner}{/repo}",
        "subscriptions_url": "https://api.github.com/users/sumpfgottheit/subscriptions",
        "organizations_url": "https://api.github.com/users/sumpfgottheit/orgs",
        "repos_url": "https://api.github.com/users/sumpfgottheit/repos",
        "events_url": "https://api.github.com/users/sumpfgottheit/events{/privacy}",
        "received_events_url": "https://api.github.com/users/sumpfgottheit/received_events",
        "type": "User",
        "site_admin": false
    },
    "labels": [],
    "state": "closed",
    "locked": false,
    "assignee": null,
    "assignees": [],
    "milestone": null,
    "comments": 1,
    "created_at": "2017-01-08T21:16:37Z",
    "updated_at": "2017-05-23T06:11:16Z",
    "closed_at": "2017-05-23T06:11:16Z",
    "author_association": "CONTRIBUTOR",
    "pull_request": {
        "url": "https://api.github.com/repos/pallets/flask/pulls/2144",
        "html_url": "https://github.com/pallets/flask/pull/2144",
        "diff_url": "https://github.com/pallets/flask/pull/2144.diff",
        "patch_url": "https://github.com/pallets/flask/pull/2144.patch"
    },
    "body": "Allow an default errorhandler for all HTTPException.\r\n\r\nThis will come handy when building a REST API where you want all Errors return JSON instead of the default behaviour.\r\n\r\nPR https://github.com/pallets/flask/pull/2082 solves the same problem, but it didn't work in my environment. Tests are included.",
    "comments_inline": [
        {
            "url": "https://api.github.com/repos/pallets/flask/issues/comments/303299899",
            "html_url": "https://github.com/pallets/flask/pull/2144#issuecomment-303299899",
            "issue_url": "https://api.github.com/repos/pallets/flask/issues/2144",
            "id": 303299899,
            "node_id": "MDEyOklzc3VlQ29tbWVudDMwMzI5OTg5OQ==",
            "user": {
                "login": "jeffwidman",
                "id": 483314,
                "node_id": "MDQ6VXNlcjQ4MzMxNA==",
                "avatar_url": "https://avatars2.githubusercontent.com/u/483314?v=4",
                "gravatar_id": "",
                "url": "https://api.github.com/users/jeffwidman",
                "html_url": "https://github.com/jeffwidman",
                "followers_url": "https://api.github.com/users/jeffwidman/followers",
                "following_url": "https://api.github.com/users/jeffwidman/following{/other_user}",
                "gists_url": "https://api.github.com/users/jeffwidman/gists{/gist_id}",
                "starred_url": "https://api.github.com/users/jeffwidman/starred{/owner}{/repo}",
                "subscriptions_url": "https://api.github.com/users/jeffwidman/subscriptions",
                "organizations_url": "https://api.github.com/users/jeffwidman/orgs",
                "repos_url": "https://api.github.com/users/jeffwidman/repos",
                "events_url": "https://api.github.com/users/jeffwidman/events{/privacy}",
                "received_events_url": "https://api.github.com/users/jeffwidman/received_events",
                "type": "User",
                "site_admin": false
            },
            "created_at": "2017-05-23T06:10:59Z",
            "updated_at": "2017-05-23T06:10:59Z",
            "author_association": "MEMBER",
            "body": "Thanks for this! Closing in favor of the #2304 which takes this and extends it."
        }
    ]
}