{
    "url": "https://api.github.com/repos/pallets/flask/issues/2145",
    "repository_url": "https://api.github.com/repos/pallets/flask",
    "labels_url": "https://api.github.com/repos/pallets/flask/issues/2145/labels{/name}",
    "comments_url": "https://api.github.com/repos/pallets/flask/issues/2145/comments",
    "events_url": "https://api.github.com/repos/pallets/flask/issues/2145/events",
    "html_url": "https://github.com/pallets/flask/issues/2145",
    "id": 199452980,
    "node_id": "MDU6SXNzdWUxOTk0NTI5ODA=",
    "number": 2145,
    "title": "AttributeError: 'module' object has no attribute 'TCPServer'",
    "user": {
        "login": "misiek303",
        "id": 371344,
        "node_id": "MDQ6VXNlcjM3MTM0NA==",
        "avatar_url": "https://avatars0.githubusercontent.com/u/371344?v=4",
        "gravatar_id": "",
        "url": "https://api.github.com/users/misiek303",
        "html_url": "https://github.com/misiek303",
        "followers_url": "https://api.github.com/users/misiek303/followers",
        "following_url": "https://api.github.com/users/misiek303/following{/other_user}",
        "gists_url": "https://api.github.com/users/misiek303/gists{/gist_id}",
        "starred_url": "https://api.github.com/users/misiek303/starred{/owner}{/repo}",
        "subscriptions_url": "https://api.github.com/users/misiek303/subscriptions",
        "organizations_url": "https://api.github.com/users/misiek303/orgs",
        "repos_url": "https://api.github.com/users/misiek303/repos",
        "events_url": "https://api.github.com/users/misiek303/events{/privacy}",
        "received_events_url": "https://api.github.com/users/misiek303/received_events",
        "type": "User",
        "site_admin": false
    },
    "labels": [],
    "state": "closed",
    "locked": false,
    "assignee": null,
    "assignees": [],
    "milestone": null,
    "comments": 3,
    "created_at": "2017-01-08T22:42:17Z",
    "updated_at": "2017-12-20T13:37:59Z",
    "closed_at": "2017-02-05T19:25:53Z",
    "author_association": "NONE",
    "body": "What I am missing ?\r\n\r\n```\r\naceback (most recent call last):\r\n  File \"main.py\", line 225, in <module>\r\n    main = Main()\r\n  File \"main.py\", line 38, in __init__\r\n    self.start_flask()\r\n  File \"main.py\", line 44, in start_flask\r\n    self.flask.run()\r\n  File \"/usr/local/lib/python2.7/dist-packages/flask/app.py\", line 827, in run\r\n    from werkzeug.serving import run_simple\r\n  File \"/usr/local/lib/python2.7/dist-packages/werkzeug/serving.py\", line 70, in <module>\r\n    from BaseHTTPServer import HTTPServer, BaseHTTPRequestHandler\r\n  File \"/usr/lib/python2.7/BaseHTTPServer.py\", line 102, in <module>\r\n    class HTTPServer(SocketServer.TCPServer):\r\nAttributeError: 'module' object has no attribute 'TCPServer'\r\n```\r\n\r\nMy code is:\r\n\r\n```\r\nfrom flask import Flask\r\napp = Flask(__name__)\r\n\r\n@app.route(\"/\")\r\ndef hello():\r\n    return \"Hello World!\"\r\n\r\nif __name__ == \"__main__\":\r\n    app.run()\r\n```\r\n\r\nWhat I am missing ?",
    "comments_inline": [
        {
            "url": "https://api.github.com/repos/pallets/flask/issues/comments/272374013",
            "html_url": "https://github.com/pallets/flask/issues/2145#issuecomment-272374013",
            "issue_url": "https://api.github.com/repos/pallets/flask/issues/2145",
            "id": 272374013,
            "node_id": "MDEyOklzc3VlQ29tbWVudDI3MjM3NDAxMw==",
            "user": {
                "login": "wong2",
                "id": 321947,
                "node_id": "MDQ6VXNlcjMyMTk0Nw==",
                "avatar_url": "https://avatars1.githubusercontent.com/u/321947?v=4",
                "gravatar_id": "",
                "url": "https://api.github.com/users/wong2",
                "html_url": "https://github.com/wong2",
                "followers_url": "https://api.github.com/users/wong2/followers",
                "following_url": "https://api.github.com/users/wong2/following{/other_user}",
                "gists_url": "https://api.github.com/users/wong2/gists{/gist_id}",
                "starred_url": "https://api.github.com/users/wong2/starred{/owner}{/repo}",
                "subscriptions_url": "https://api.github.com/users/wong2/subscriptions",
                "organizations_url": "https://api.github.com/users/wong2/orgs",
                "repos_url": "https://api.github.com/users/wong2/repos",
                "events_url": "https://api.github.com/users/wong2/events{/privacy}",
                "received_events_url": "https://api.github.com/users/wong2/received_events",
                "type": "User",
                "site_admin": false
            },
            "created_at": "2017-01-13T06:51:06Z",
            "updated_at": "2017-01-13T06:51:06Z",
            "author_association": "NONE",
            "body": "@misiek303 do you have a module in your project named `SocketServer`?"
        },
        {
            "url": "https://api.github.com/repos/pallets/flask/issues/comments/277542386",
            "html_url": "https://github.com/pallets/flask/issues/2145#issuecomment-277542386",
            "issue_url": "https://api.github.com/repos/pallets/flask/issues/2145",
            "id": 277542386,
            "node_id": "MDEyOklzc3VlQ29tbWVudDI3NzU0MjM4Ng==",
            "user": {
                "login": "untitaker",
                "id": 837573,
                "node_id": "MDQ6VXNlcjgzNzU3Mw==",
                "avatar_url": "https://avatars0.githubusercontent.com/u/837573?v=4",
                "gravatar_id": "",
                "url": "https://api.github.com/users/untitaker",
                "html_url": "https://github.com/untitaker",
                "followers_url": "https://api.github.com/users/untitaker/followers",
                "following_url": "https://api.github.com/users/untitaker/following{/other_user}",
                "gists_url": "https://api.github.com/users/untitaker/gists{/gist_id}",
                "starred_url": "https://api.github.com/users/untitaker/starred{/owner}{/repo}",
                "subscriptions_url": "https://api.github.com/users/untitaker/subscriptions",
                "organizations_url": "https://api.github.com/users/untitaker/orgs",
                "repos_url": "https://api.github.com/users/untitaker/repos",
                "events_url": "https://api.github.com/users/untitaker/events{/privacy}",
                "received_events_url": "https://api.github.com/users/untitaker/received_events",
                "type": "User",
                "site_admin": false
            },
            "created_at": "2017-02-05T19:25:53Z",
            "updated_at": "2017-02-05T19:25:53Z",
            "author_association": "MEMBER",
            "body": "Not a bug in Flask."
        },
        {
            "url": "https://api.github.com/repos/pallets/flask/issues/comments/353064759",
            "html_url": "https://github.com/pallets/flask/issues/2145#issuecomment-353064759",
            "issue_url": "https://api.github.com/repos/pallets/flask/issues/2145",
            "id": 353064759,
            "node_id": "MDEyOklzc3VlQ29tbWVudDM1MzA2NDc1OQ==",
            "user": {
                "login": "r00tat",
                "id": 1749213,
                "node_id": "MDQ6VXNlcjE3NDkyMTM=",
                "avatar_url": "https://avatars1.githubusercontent.com/u/1749213?v=4",
                "gravatar_id": "",
                "url": "https://api.github.com/users/r00tat",
                "html_url": "https://github.com/r00tat",
                "followers_url": "https://api.github.com/users/r00tat/followers",
                "following_url": "https://api.github.com/users/r00tat/following{/other_user}",
                "gists_url": "https://api.github.com/users/r00tat/gists{/gist_id}",
                "starred_url": "https://api.github.com/users/r00tat/starred{/owner}{/repo}",
                "subscriptions_url": "https://api.github.com/users/r00tat/subscriptions",
                "organizations_url": "https://api.github.com/users/r00tat/orgs",
                "repos_url": "https://api.github.com/users/r00tat/repos",
                "events_url": "https://api.github.com/users/r00tat/events{/privacy}",
                "received_events_url": "https://api.github.com/users/r00tat/received_events",
                "type": "User",
                "site_admin": false
            },
            "created_at": "2017-12-20T13:36:42Z",
            "updated_at": "2017-12-20T13:37:59Z",
            "author_association": "NONE",
            "body": "For all others who stumble across this bug: \r\nIn my case the [package future](https://pypi.python.org/pypi/future/0.16.0) was the reason for this issue. \r\n\r\nIf you got `future` from pypi installed, this will add `socketserver.py`. This breaks six and will lead to this issue.\r\nIn my case I was able to solve it by removing `socketserver.py` from my file system."
        }
    ]
}