{
    "url": "https://api.github.com/repos/pallets/flask/issues/2146",
    "repository_url": "https://api.github.com/repos/pallets/flask",
    "labels_url": "https://api.github.com/repos/pallets/flask/issues/2146/labels{/name}",
    "comments_url": "https://api.github.com/repos/pallets/flask/issues/2146/comments",
    "events_url": "https://api.github.com/repos/pallets/flask/issues/2146/events",
    "html_url": "https://github.com/pallets/flask/pull/2146",
    "id": 199454922,
    "node_id": "MDExOlB1bGxSZXF1ZXN0MTAwNjIwNjI2",
    "number": 2146,
    "title": "Added python 3.6",
    "user": {
        "login": "andriisoldatenko",
        "id": 1374633,
        "node_id": "MDQ6VXNlcjEzNzQ2MzM=",
        "avatar_url": "https://avatars3.githubusercontent.com/u/1374633?v=4",
        "gravatar_id": "",
        "url": "https://api.github.com/users/andriisoldatenko",
        "html_url": "https://github.com/andriisoldatenko",
        "followers_url": "https://api.github.com/users/andriisoldatenko/followers",
        "following_url": "https://api.github.com/users/andriisoldatenko/following{/other_user}",
        "gists_url": "https://api.github.com/users/andriisoldatenko/gists{/gist_id}",
        "starred_url": "https://api.github.com/users/andriisoldatenko/starred{/owner}{/repo}",
        "subscriptions_url": "https://api.github.com/users/andriisoldatenko/subscriptions",
        "organizations_url": "https://api.github.com/users/andriisoldatenko/orgs",
        "repos_url": "https://api.github.com/users/andriisoldatenko/repos",
        "events_url": "https://api.github.com/users/andriisoldatenko/events{/privacy}",
        "received_events_url": "https://api.github.com/users/andriisoldatenko/received_events",
        "type": "User",
        "site_admin": false
    },
    "labels": [],
    "state": "closed",
    "locked": false,
    "assignee": null,
    "assignees": [],
    "milestone": null,
    "comments": 4,
    "created_at": "2017-01-08T23:15:04Z",
    "updated_at": "2018-10-23T17:44:01Z",
    "closed_at": "2017-01-10T18:07:52Z",
    "author_association": "NONE",
    "pull_request": {
        "url": "https://api.github.com/repos/pallets/flask/pulls/2146",
        "html_url": "https://github.com/pallets/flask/pull/2146",
        "diff_url": "https://github.com/pallets/flask/pull/2146.diff",
        "patch_url": "https://github.com/pallets/flask/pull/2146.patch"
    },
    "body": "",
    "comments_inline": [
        {
            "url": "https://api.github.com/repos/pallets/flask/issues/comments/271257189",
            "html_url": "https://github.com/pallets/flask/pull/2146#issuecomment-271257189",
            "issue_url": "https://api.github.com/repos/pallets/flask/issues/2146",
            "id": 271257189,
            "node_id": "MDEyOklzc3VlQ29tbWVudDI3MTI1NzE4OQ==",
            "user": {
                "login": "untitaker",
                "id": 837573,
                "node_id": "MDQ6VXNlcjgzNzU3Mw==",
                "avatar_url": "https://avatars0.githubusercontent.com/u/837573?v=4",
                "gravatar_id": "",
                "url": "https://api.github.com/users/untitaker",
                "html_url": "https://github.com/untitaker",
                "followers_url": "https://api.github.com/users/untitaker/followers",
                "following_url": "https://api.github.com/users/untitaker/following{/other_user}",
                "gists_url": "https://api.github.com/users/untitaker/gists{/gist_id}",
                "starred_url": "https://api.github.com/users/untitaker/starred{/owner}{/repo}",
                "subscriptions_url": "https://api.github.com/users/untitaker/subscriptions",
                "organizations_url": "https://api.github.com/users/untitaker/orgs",
                "repos_url": "https://api.github.com/users/untitaker/repos",
                "events_url": "https://api.github.com/users/untitaker/events{/privacy}",
                "received_events_url": "https://api.github.com/users/untitaker/received_events",
                "type": "User",
                "site_admin": false
            },
            "created_at": "2017-01-09T10:57:16Z",
            "updated_at": "2017-01-09T10:57:16Z",
            "author_association": "MEMBER",
            "body": "In principle you can't give people too much credit."
        },
        {
            "url": "https://api.github.com/repos/pallets/flask/issues/comments/271257401",
            "html_url": "https://github.com/pallets/flask/pull/2146#issuecomment-271257401",
            "issue_url": "https://api.github.com/repos/pallets/flask/issues/2146",
            "id": 271257401,
            "node_id": "MDEyOklzc3VlQ29tbWVudDI3MTI1NzQwMQ==",
            "user": {
                "login": "untitaker",
                "id": 837573,
                "node_id": "MDQ6VXNlcjgzNzU3Mw==",
                "avatar_url": "https://avatars0.githubusercontent.com/u/837573?v=4",
                "gravatar_id": "",
                "url": "https://api.github.com/users/untitaker",
                "html_url": "https://github.com/untitaker",
                "followers_url": "https://api.github.com/users/untitaker/followers",
                "following_url": "https://api.github.com/users/untitaker/following{/other_user}",
                "gists_url": "https://api.github.com/users/untitaker/gists{/gist_id}",
                "starred_url": "https://api.github.com/users/untitaker/starred{/owner}{/repo}",
                "subscriptions_url": "https://api.github.com/users/untitaker/subscriptions",
                "organizations_url": "https://api.github.com/users/untitaker/orgs",
                "repos_url": "https://api.github.com/users/untitaker/repos",
                "events_url": "https://api.github.com/users/untitaker/events{/privacy}",
                "received_events_url": "https://api.github.com/users/untitaker/received_events",
                "type": "User",
                "site_admin": false
            },
            "created_at": "2017-01-09T10:58:30Z",
            "updated_at": "2017-01-09T10:58:30Z",
            "author_association": "MEMBER",
            "body": "Also @andriisoldatenko there are a few tests failing. The first one I don't understand, the second one is trivial."
        },
        {
            "url": "https://api.github.com/repos/pallets/flask/issues/comments/271258001",
            "html_url": "https://github.com/pallets/flask/pull/2146#issuecomment-271258001",
            "issue_url": "https://api.github.com/repos/pallets/flask/issues/2146",
            "id": 271258001,
            "node_id": "MDEyOklzc3VlQ29tbWVudDI3MTI1ODAwMQ==",
            "user": {
                "login": "ThiefMaster",
                "id": 179599,
                "node_id": "MDQ6VXNlcjE3OTU5OQ==",
                "avatar_url": "https://avatars1.githubusercontent.com/u/179599?v=4",
                "gravatar_id": "",
                "url": "https://api.github.com/users/ThiefMaster",
                "html_url": "https://github.com/ThiefMaster",
                "followers_url": "https://api.github.com/users/ThiefMaster/followers",
                "following_url": "https://api.github.com/users/ThiefMaster/following{/other_user}",
                "gists_url": "https://api.github.com/users/ThiefMaster/gists{/gist_id}",
                "starred_url": "https://api.github.com/users/ThiefMaster/starred{/owner}{/repo}",
                "subscriptions_url": "https://api.github.com/users/ThiefMaster/subscriptions",
                "organizations_url": "https://api.github.com/users/ThiefMaster/orgs",
                "repos_url": "https://api.github.com/users/ThiefMaster/repos",
                "events_url": "https://api.github.com/users/ThiefMaster/events{/privacy}",
                "received_events_url": "https://api.github.com/users/ThiefMaster/received_events",
                "type": "User",
                "site_admin": false
            },
            "created_at": "2017-01-09T11:01:45Z",
            "updated_at": "2017-01-09T11:01:56Z",
            "author_association": "MEMBER",
            "body": "The first failure is probably easier to figure out when replacing `assert not recwarn.list` with this:\r\n\r\n\r\n    warnings = recwarn.list\r\n    assert not warnings\r\n\r\nHopefully pytest shows the actual list contents then instead of just `<...>.list`"
        },
        {
            "url": "https://api.github.com/repos/pallets/flask/issues/comments/271651359",
            "html_url": "https://github.com/pallets/flask/pull/2146#issuecomment-271651359",
            "issue_url": "https://api.github.com/repos/pallets/flask/issues/2146",
            "id": 271651359,
            "node_id": "MDEyOklzc3VlQ29tbWVudDI3MTY1MTM1OQ==",
            "user": {
                "login": "davidism",
                "id": 1242887,
                "node_id": "MDQ6VXNlcjEyNDI4ODc=",
                "avatar_url": "https://avatars1.githubusercontent.com/u/1242887?v=4",
                "gravatar_id": "",
                "url": "https://api.github.com/users/davidism",
                "html_url": "https://github.com/davidism",
                "followers_url": "https://api.github.com/users/davidism/followers",
                "following_url": "https://api.github.com/users/davidism/following{/other_user}",
                "gists_url": "https://api.github.com/users/davidism/gists{/gist_id}",
                "starred_url": "https://api.github.com/users/davidism/starred{/owner}{/repo}",
                "subscriptions_url": "https://api.github.com/users/davidism/subscriptions",
                "organizations_url": "https://api.github.com/users/davidism/orgs",
                "repos_url": "https://api.github.com/users/davidism/repos",
                "events_url": "https://api.github.com/users/davidism/events{/privacy}",
                "received_events_url": "https://api.github.com/users/davidism/received_events",
                "type": "User",
                "site_admin": false
            },
            "created_at": "2017-01-10T18:07:52Z",
            "updated_at": "2017-01-10T18:07:52Z",
            "author_association": "MEMBER",
            "body": "Thanks, but #2148 got there first with the test fixes."
        }
    ]
}