{
    "url": "https://api.github.com/repos/pallets/flask/issues/2147",
    "repository_url": "https://api.github.com/repos/pallets/flask",
    "labels_url": "https://api.github.com/repos/pallets/flask/issues/2147/labels{/name}",
    "comments_url": "https://api.github.com/repos/pallets/flask/issues/2147/comments",
    "events_url": "https://api.github.com/repos/pallets/flask/issues/2147/events",
    "html_url": "https://github.com/pallets/flask/pull/2147",
    "id": 199843566,
    "node_id": "MDExOlB1bGxSZXF1ZXN0MTAwODg5MDgy",
    "number": 2147,
    "title": "add missing quotes for dict key in views.rst",
    "user": {
        "login": "kamyar",
        "id": 932743,
        "node_id": "MDQ6VXNlcjkzMjc0Mw==",
        "avatar_url": "https://avatars1.githubusercontent.com/u/932743?v=4",
        "gravatar_id": "",
        "url": "https://api.github.com/users/kamyar",
        "html_url": "https://github.com/kamyar",
        "followers_url": "https://api.github.com/users/kamyar/followers",
        "following_url": "https://api.github.com/users/kamyar/following{/other_user}",
        "gists_url": "https://api.github.com/users/kamyar/gists{/gist_id}",
        "starred_url": "https://api.github.com/users/kamyar/starred{/owner}{/repo}",
        "subscriptions_url": "https://api.github.com/users/kamyar/subscriptions",
        "organizations_url": "https://api.github.com/users/kamyar/orgs",
        "repos_url": "https://api.github.com/users/kamyar/repos",
        "events_url": "https://api.github.com/users/kamyar/events{/privacy}",
        "received_events_url": "https://api.github.com/users/kamyar/received_events",
        "type": "User",
        "site_admin": false
    },
    "labels": [],
    "state": "closed",
    "locked": false,
    "assignee": null,
    "assignees": [],
    "milestone": null,
    "comments": 2,
    "created_at": "2017-01-10T14:59:29Z",
    "updated_at": "2017-01-10T15:02:37Z",
    "closed_at": "2017-01-10T15:00:09Z",
    "author_association": "NONE",
    "pull_request": {
        "url": "https://api.github.com/repos/pallets/flask/pulls/2147",
        "html_url": "https://github.com/pallets/flask/pull/2147",
        "diff_url": "https://github.com/pallets/flask/pull/2147.diff",
        "patch_url": "https://github.com/pallets/flask/pull/2147.patch"
    },
    "body": "",
    "comments_inline": [
        {
            "url": "https://api.github.com/repos/pallets/flask/issues/comments/271597352",
            "html_url": "https://github.com/pallets/flask/pull/2147#issuecomment-271597352",
            "issue_url": "https://api.github.com/repos/pallets/flask/issues/2147",
            "id": 271597352,
            "node_id": "MDEyOklzc3VlQ29tbWVudDI3MTU5NzM1Mg==",
            "user": {
                "login": "ThiefMaster",
                "id": 179599,
                "node_id": "MDQ6VXNlcjE3OTU5OQ==",
                "avatar_url": "https://avatars1.githubusercontent.com/u/179599?v=4",
                "gravatar_id": "",
                "url": "https://api.github.com/users/ThiefMaster",
                "html_url": "https://github.com/ThiefMaster",
                "followers_url": "https://api.github.com/users/ThiefMaster/followers",
                "following_url": "https://api.github.com/users/ThiefMaster/following{/other_user}",
                "gists_url": "https://api.github.com/users/ThiefMaster/gists{/gist_id}",
                "starred_url": "https://api.github.com/users/ThiefMaster/starred{/owner}{/repo}",
                "subscriptions_url": "https://api.github.com/users/ThiefMaster/subscriptions",
                "organizations_url": "https://api.github.com/users/ThiefMaster/orgs",
                "repos_url": "https://api.github.com/users/ThiefMaster/repos",
                "events_url": "https://api.github.com/users/ThiefMaster/events{/privacy}",
                "received_events_url": "https://api.github.com/users/ThiefMaster/received_events",
                "type": "User",
                "site_admin": false
            },
            "created_at": "2017-01-10T15:00:09Z",
            "updated_at": "2017-01-10T15:00:09Z",
            "author_association": "MEMBER",
            "body": "The quotes are not missing. The key is taken from the `pk` argument."
        },
        {
            "url": "https://api.github.com/repos/pallets/flask/issues/comments/271597967",
            "html_url": "https://github.com/pallets/flask/pull/2147#issuecomment-271597967",
            "issue_url": "https://api.github.com/repos/pallets/flask/issues/2147",
            "id": 271597967,
            "node_id": "MDEyOklzc3VlQ29tbWVudDI3MTU5Nzk2Nw==",
            "user": {
                "login": "kamyar",
                "id": 932743,
                "node_id": "MDQ6VXNlcjkzMjc0Mw==",
                "avatar_url": "https://avatars1.githubusercontent.com/u/932743?v=4",
                "gravatar_id": "",
                "url": "https://api.github.com/users/kamyar",
                "html_url": "https://github.com/kamyar",
                "followers_url": "https://api.github.com/users/kamyar/followers",
                "following_url": "https://api.github.com/users/kamyar/following{/other_user}",
                "gists_url": "https://api.github.com/users/kamyar/gists{/gist_id}",
                "starred_url": "https://api.github.com/users/kamyar/starred{/owner}{/repo}",
                "subscriptions_url": "https://api.github.com/users/kamyar/subscriptions",
                "organizations_url": "https://api.github.com/users/kamyar/orgs",
                "repos_url": "https://api.github.com/users/kamyar/repos",
                "events_url": "https://api.github.com/users/kamyar/events{/privacy}",
                "received_events_url": "https://api.github.com/users/kamyar/received_events",
                "type": "User",
                "site_admin": false
            },
            "created_at": "2017-01-10T15:02:37Z",
            "updated_at": "2017-01-10T15:02:37Z",
            "author_association": "NONE",
            "body": "Wow, sorry. \r\nI missed that. \ud83d\ude05 "
        }
    ]
}