{
    "url": "https://api.github.com/repos/pallets/flask/issues/2149",
    "repository_url": "https://api.github.com/repos/pallets/flask",
    "labels_url": "https://api.github.com/repos/pallets/flask/issues/2149/labels{/name}",
    "comments_url": "https://api.github.com/repos/pallets/flask/issues/2149/comments",
    "events_url": "https://api.github.com/repos/pallets/flask/issues/2149/events",
    "html_url": "https://github.com/pallets/flask/pull/2149",
    "id": 200590489,
    "node_id": "MDExOlB1bGxSZXF1ZXN0MTAxNDE4NDM1",
    "number": 2149,
    "title": "Use SOURCE_DATE_EPOCH for copyright year to make build reproducible",
    "user": {
        "login": "onovy",
        "id": 1649603,
        "node_id": "MDQ6VXNlcjE2NDk2MDM=",
        "avatar_url": "https://avatars1.githubusercontent.com/u/1649603?v=4",
        "gravatar_id": "",
        "url": "https://api.github.com/users/onovy",
        "html_url": "https://github.com/onovy",
        "followers_url": "https://api.github.com/users/onovy/followers",
        "following_url": "https://api.github.com/users/onovy/following{/other_user}",
        "gists_url": "https://api.github.com/users/onovy/gists{/gist_id}",
        "starred_url": "https://api.github.com/users/onovy/starred{/owner}{/repo}",
        "subscriptions_url": "https://api.github.com/users/onovy/subscriptions",
        "organizations_url": "https://api.github.com/users/onovy/orgs",
        "repos_url": "https://api.github.com/users/onovy/repos",
        "events_url": "https://api.github.com/users/onovy/events{/privacy}",
        "received_events_url": "https://api.github.com/users/onovy/received_events",
        "type": "User",
        "site_admin": false
    },
    "labels": [],
    "state": "closed",
    "locked": false,
    "assignee": null,
    "assignees": [],
    "milestone": null,
    "comments": 0,
    "created_at": "2017-01-13T10:00:35Z",
    "updated_at": "2017-01-13T13:30:23Z",
    "closed_at": "2017-01-13T13:30:22Z",
    "author_association": "CONTRIBUTOR",
    "pull_request": {
        "url": "https://api.github.com/repos/pallets/flask/pulls/2149",
        "html_url": "https://github.com/pallets/flask/pull/2149",
        "diff_url": "https://github.com/pallets/flask/pull/2149.diff",
        "patch_url": "https://github.com/pallets/flask/pull/2149.patch"
    },
    "body": "Hi,\r\n\r\nWhilst working on the \"reproducible builds\" effort [0], we noticed that flask-restful could not be built reproducibly.\r\n\r\nSOURCE_DATE_EPOCH is explained [1]\r\n\r\n[0] https://wiki.debian.org/ReproducibleBuilds\r\n[1] https://wiki.debian.org/ReproducibleBuilds/TimestampsProposal\r\n"
}