{
    "url": "https://api.github.com/repos/pallets/flask/issues/2151",
    "repository_url": "https://api.github.com/repos/pallets/flask",
    "labels_url": "https://api.github.com/repos/pallets/flask/issues/2151/labels{/name}",
    "comments_url": "https://api.github.com/repos/pallets/flask/issues/2151/comments",
    "events_url": "https://api.github.com/repos/pallets/flask/issues/2151/events",
    "html_url": "https://github.com/pallets/flask/pull/2151",
    "id": 200779968,
    "node_id": "MDExOlB1bGxSZXF1ZXN0MTAxNTUwMDM4",
    "number": 2151,
    "title": "Fix Request Reference",
    "user": {
        "login": "barracks510",
        "id": 8423976,
        "node_id": "MDQ6VXNlcjg0MjM5NzY=",
        "avatar_url": "https://avatars2.githubusercontent.com/u/8423976?v=4",
        "gravatar_id": "",
        "url": "https://api.github.com/users/barracks510",
        "html_url": "https://github.com/barracks510",
        "followers_url": "https://api.github.com/users/barracks510/followers",
        "following_url": "https://api.github.com/users/barracks510/following{/other_user}",
        "gists_url": "https://api.github.com/users/barracks510/gists{/gist_id}",
        "starred_url": "https://api.github.com/users/barracks510/starred{/owner}{/repo}",
        "subscriptions_url": "https://api.github.com/users/barracks510/subscriptions",
        "organizations_url": "https://api.github.com/users/barracks510/orgs",
        "repos_url": "https://api.github.com/users/barracks510/repos",
        "events_url": "https://api.github.com/users/barracks510/events{/privacy}",
        "received_events_url": "https://api.github.com/users/barracks510/received_events",
        "type": "User",
        "site_admin": false
    },
    "labels": [],
    "state": "closed",
    "locked": false,
    "assignee": null,
    "assignees": [],
    "milestone": null,
    "comments": 8,
    "created_at": "2017-01-14T04:34:29Z",
    "updated_at": "2017-01-15T14:38:33Z",
    "closed_at": "2017-01-14T20:58:46Z",
    "author_association": "CONTRIBUTOR",
    "pull_request": {
        "url": "https://api.github.com/repos/pallets/flask/pulls/2151",
        "html_url": "https://github.com/pallets/flask/pull/2151",
        "diff_url": "https://github.com/pallets/flask/pull/2151.diff",
        "patch_url": "https://github.com/pallets/flask/pull/2151.patch"
    },
    "body": "Points flask.Request to appropriate place in the documentation.",
    "comments_inline": [
        {
            "url": "https://api.github.com/repos/pallets/flask/issues/comments/272603455",
            "html_url": "https://github.com/pallets/flask/pull/2151#issuecomment-272603455",
            "issue_url": "https://api.github.com/repos/pallets/flask/issues/2151",
            "id": 272603455,
            "node_id": "MDEyOklzc3VlQ29tbWVudDI3MjYwMzQ1NQ==",
            "user": {
                "login": "jeffwidman",
                "id": 483314,
                "node_id": "MDQ6VXNlcjQ4MzMxNA==",
                "avatar_url": "https://avatars2.githubusercontent.com/u/483314?v=4",
                "gravatar_id": "",
                "url": "https://api.github.com/users/jeffwidman",
                "html_url": "https://github.com/jeffwidman",
                "followers_url": "https://api.github.com/users/jeffwidman/followers",
                "following_url": "https://api.github.com/users/jeffwidman/following{/other_user}",
                "gists_url": "https://api.github.com/users/jeffwidman/gists{/gist_id}",
                "starred_url": "https://api.github.com/users/jeffwidman/starred{/owner}{/repo}",
                "subscriptions_url": "https://api.github.com/users/jeffwidman/subscriptions",
                "organizations_url": "https://api.github.com/users/jeffwidman/orgs",
                "repos_url": "https://api.github.com/users/jeffwidman/repos",
                "events_url": "https://api.github.com/users/jeffwidman/events{/privacy}",
                "received_events_url": "https://api.github.com/users/jeffwidman/received_events",
                "type": "User",
                "site_admin": false
            },
            "created_at": "2017-01-14T05:30:03Z",
            "updated_at": "2017-01-14T05:30:33Z",
            "author_association": "MEMBER",
            "body": "I'm actually a little confused... the current docs link to something called `class flask.request` which is listed under the proper `class flask.Request`... why do the docs distinguish the `request` object as it's a class? Is that correct or should it be changed?\r\n\r\nPS: Thanks, we always appreciate docs help."
        },
        {
            "url": "https://api.github.com/repos/pallets/flask/issues/comments/272652273",
            "html_url": "https://github.com/pallets/flask/pull/2151#issuecomment-272652273",
            "issue_url": "https://api.github.com/repos/pallets/flask/issues/2151",
            "id": 272652273,
            "node_id": "MDEyOklzc3VlQ29tbWVudDI3MjY1MjI3Mw==",
            "user": {
                "login": "untitaker",
                "id": 837573,
                "node_id": "MDQ6VXNlcjgzNzU3Mw==",
                "avatar_url": "https://avatars0.githubusercontent.com/u/837573?v=4",
                "gravatar_id": "",
                "url": "https://api.github.com/users/untitaker",
                "html_url": "https://github.com/untitaker",
                "followers_url": "https://api.github.com/users/untitaker/followers",
                "following_url": "https://api.github.com/users/untitaker/following{/other_user}",
                "gists_url": "https://api.github.com/users/untitaker/gists{/gist_id}",
                "starred_url": "https://api.github.com/users/untitaker/starred{/owner}{/repo}",
                "subscriptions_url": "https://api.github.com/users/untitaker/subscriptions",
                "organizations_url": "https://api.github.com/users/untitaker/orgs",
                "repos_url": "https://api.github.com/users/untitaker/repos",
                "events_url": "https://api.github.com/users/untitaker/events{/privacy}",
                "received_events_url": "https://api.github.com/users/untitaker/received_events",
                "type": "User",
                "site_admin": false
            },
            "created_at": "2017-01-14T20:53:24Z",
            "updated_at": "2017-01-14T20:53:24Z",
            "author_association": "MEMBER",
            "body": "@jeffwidman `Request` is a class, `request` is the current instance of it."
        },
        {
            "url": "https://api.github.com/repos/pallets/flask/issues/comments/272652319",
            "html_url": "https://github.com/pallets/flask/pull/2151#issuecomment-272652319",
            "issue_url": "https://api.github.com/repos/pallets/flask/issues/2151",
            "id": 272652319,
            "node_id": "MDEyOklzc3VlQ29tbWVudDI3MjY1MjMxOQ==",
            "user": {
                "login": "untitaker",
                "id": 837573,
                "node_id": "MDQ6VXNlcjgzNzU3Mw==",
                "avatar_url": "https://avatars0.githubusercontent.com/u/837573?v=4",
                "gravatar_id": "",
                "url": "https://api.github.com/users/untitaker",
                "html_url": "https://github.com/untitaker",
                "followers_url": "https://api.github.com/users/untitaker/followers",
                "following_url": "https://api.github.com/users/untitaker/following{/other_user}",
                "gists_url": "https://api.github.com/users/untitaker/gists{/gist_id}",
                "starred_url": "https://api.github.com/users/untitaker/starred{/owner}{/repo}",
                "subscriptions_url": "https://api.github.com/users/untitaker/subscriptions",
                "organizations_url": "https://api.github.com/users/untitaker/orgs",
                "repos_url": "https://api.github.com/users/untitaker/repos",
                "events_url": "https://api.github.com/users/untitaker/events{/privacy}",
                "received_events_url": "https://api.github.com/users/untitaker/received_events",
                "type": "User",
                "site_admin": false
            },
            "created_at": "2017-01-14T20:54:15Z",
            "updated_at": "2017-01-14T20:54:15Z",
            "author_association": "MEMBER",
            "body": "@barracks510 if this is not showing right in the docs I'm happy to learn about improvements, but there's a clear difference between those two paths. hence I'd tend to close this"
        },
        {
            "url": "https://api.github.com/repos/pallets/flask/issues/comments/272652446",
            "html_url": "https://github.com/pallets/flask/pull/2151#issuecomment-272652446",
            "issue_url": "https://api.github.com/repos/pallets/flask/issues/2151",
            "id": 272652446,
            "node_id": "MDEyOklzc3VlQ29tbWVudDI3MjY1MjQ0Ng==",
            "user": {
                "login": "ThiefMaster",
                "id": 179599,
                "node_id": "MDQ6VXNlcjE3OTU5OQ==",
                "avatar_url": "https://avatars1.githubusercontent.com/u/179599?v=4",
                "gravatar_id": "",
                "url": "https://api.github.com/users/ThiefMaster",
                "html_url": "https://github.com/ThiefMaster",
                "followers_url": "https://api.github.com/users/ThiefMaster/followers",
                "following_url": "https://api.github.com/users/ThiefMaster/following{/other_user}",
                "gists_url": "https://api.github.com/users/ThiefMaster/gists{/gist_id}",
                "starred_url": "https://api.github.com/users/ThiefMaster/starred{/owner}{/repo}",
                "subscriptions_url": "https://api.github.com/users/ThiefMaster/subscriptions",
                "organizations_url": "https://api.github.com/users/ThiefMaster/orgs",
                "repos_url": "https://api.github.com/users/ThiefMaster/repos",
                "events_url": "https://api.github.com/users/ThiefMaster/events{/privacy}",
                "received_events_url": "https://api.github.com/users/ThiefMaster/received_events",
                "type": "User",
                "site_admin": false
            },
            "created_at": "2017-01-14T20:56:19Z",
            "updated_at": "2017-01-14T20:56:19Z",
            "author_association": "MEMBER",
            "body": "IMO at least the changes on the tilde links make sense - so e.g. a mention to `method` points to the `Request.method` documentation. Since only the last segment is displayed it would only change (or rather add, currently there is no link) the link target"
        },
        {
            "url": "https://api.github.com/repos/pallets/flask/issues/comments/272652596",
            "html_url": "https://github.com/pallets/flask/pull/2151#issuecomment-272652596",
            "issue_url": "https://api.github.com/repos/pallets/flask/issues/2151",
            "id": 272652596,
            "node_id": "MDEyOklzc3VlQ29tbWVudDI3MjY1MjU5Ng==",
            "user": {
                "login": "untitaker",
                "id": 837573,
                "node_id": "MDQ6VXNlcjgzNzU3Mw==",
                "avatar_url": "https://avatars0.githubusercontent.com/u/837573?v=4",
                "gravatar_id": "",
                "url": "https://api.github.com/users/untitaker",
                "html_url": "https://github.com/untitaker",
                "followers_url": "https://api.github.com/users/untitaker/followers",
                "following_url": "https://api.github.com/users/untitaker/following{/other_user}",
                "gists_url": "https://api.github.com/users/untitaker/gists{/gist_id}",
                "starred_url": "https://api.github.com/users/untitaker/starred{/owner}{/repo}",
                "subscriptions_url": "https://api.github.com/users/untitaker/subscriptions",
                "organizations_url": "https://api.github.com/users/untitaker/orgs",
                "repos_url": "https://api.github.com/users/untitaker/repos",
                "events_url": "https://api.github.com/users/untitaker/events{/privacy}",
                "received_events_url": "https://api.github.com/users/untitaker/received_events",
                "type": "User",
                "site_admin": false
            },
            "created_at": "2017-01-14T20:58:51Z",
            "updated_at": "2017-01-14T20:58:51Z",
            "author_association": "MEMBER",
            "body": "Ah yes, I oversaw that."
        },
        {
            "url": "https://api.github.com/repos/pallets/flask/issues/comments/272652603",
            "html_url": "https://github.com/pallets/flask/pull/2151#issuecomment-272652603",
            "issue_url": "https://api.github.com/repos/pallets/flask/issues/2151",
            "id": 272652603,
            "node_id": "MDEyOklzc3VlQ29tbWVudDI3MjY1MjYwMw==",
            "user": {
                "login": "untitaker",
                "id": 837573,
                "node_id": "MDQ6VXNlcjgzNzU3Mw==",
                "avatar_url": "https://avatars0.githubusercontent.com/u/837573?v=4",
                "gravatar_id": "",
                "url": "https://api.github.com/users/untitaker",
                "html_url": "https://github.com/untitaker",
                "followers_url": "https://api.github.com/users/untitaker/followers",
                "following_url": "https://api.github.com/users/untitaker/following{/other_user}",
                "gists_url": "https://api.github.com/users/untitaker/gists{/gist_id}",
                "starred_url": "https://api.github.com/users/untitaker/starred{/owner}{/repo}",
                "subscriptions_url": "https://api.github.com/users/untitaker/subscriptions",
                "organizations_url": "https://api.github.com/users/untitaker/orgs",
                "repos_url": "https://api.github.com/users/untitaker/repos",
                "events_url": "https://api.github.com/users/untitaker/events{/privacy}",
                "received_events_url": "https://api.github.com/users/untitaker/received_events",
                "type": "User",
                "site_admin": false
            },
            "created_at": "2017-01-14T20:58:57Z",
            "updated_at": "2017-01-14T20:58:57Z",
            "author_association": "MEMBER",
            "body": "Thanks @barracks510!"
        },
        {
            "url": "https://api.github.com/repos/pallets/flask/issues/comments/272667001",
            "html_url": "https://github.com/pallets/flask/pull/2151#issuecomment-272667001",
            "issue_url": "https://api.github.com/repos/pallets/flask/issues/2151",
            "id": 272667001,
            "node_id": "MDEyOklzc3VlQ29tbWVudDI3MjY2NzAwMQ==",
            "user": {
                "login": "jeffwidman",
                "id": 483314,
                "node_id": "MDQ6VXNlcjQ4MzMxNA==",
                "avatar_url": "https://avatars2.githubusercontent.com/u/483314?v=4",
                "gravatar_id": "",
                "url": "https://api.github.com/users/jeffwidman",
                "html_url": "https://github.com/jeffwidman",
                "followers_url": "https://api.github.com/users/jeffwidman/followers",
                "following_url": "https://api.github.com/users/jeffwidman/following{/other_user}",
                "gists_url": "https://api.github.com/users/jeffwidman/gists{/gist_id}",
                "starred_url": "https://api.github.com/users/jeffwidman/starred{/owner}{/repo}",
                "subscriptions_url": "https://api.github.com/users/jeffwidman/subscriptions",
                "organizations_url": "https://api.github.com/users/jeffwidman/orgs",
                "repos_url": "https://api.github.com/users/jeffwidman/repos",
                "events_url": "https://api.github.com/users/jeffwidman/events{/privacy}",
                "received_events_url": "https://api.github.com/users/jeffwidman/received_events",
                "type": "User",
                "site_admin": false
            },
            "created_at": "2017-01-15T01:37:12Z",
            "updated_at": "2017-01-15T01:37:12Z",
            "author_association": "MEMBER",
            "body": "> Request is a class, request is the current instance of it.\r\n\r\nRight, so why is the word [\"class\" located next to the `request` object](http://flask.pocoo.org/docs/0.12/api/#flask.request)? \r\nIt visually makes it seem like it's a separate class from `Request`... "
        },
        {
            "url": "https://api.github.com/repos/pallets/flask/issues/comments/272699147",
            "html_url": "https://github.com/pallets/flask/pull/2151#issuecomment-272699147",
            "issue_url": "https://api.github.com/repos/pallets/flask/issues/2151",
            "id": 272699147,
            "node_id": "MDEyOklzc3VlQ29tbWVudDI3MjY5OTE0Nw==",
            "user": {
                "login": "untitaker",
                "id": 837573,
                "node_id": "MDQ6VXNlcjgzNzU3Mw==",
                "avatar_url": "https://avatars0.githubusercontent.com/u/837573?v=4",
                "gravatar_id": "",
                "url": "https://api.github.com/users/untitaker",
                "html_url": "https://github.com/untitaker",
                "followers_url": "https://api.github.com/users/untitaker/followers",
                "following_url": "https://api.github.com/users/untitaker/following{/other_user}",
                "gists_url": "https://api.github.com/users/untitaker/gists{/gist_id}",
                "starred_url": "https://api.github.com/users/untitaker/starred{/owner}{/repo}",
                "subscriptions_url": "https://api.github.com/users/untitaker/subscriptions",
                "organizations_url": "https://api.github.com/users/untitaker/orgs",
                "repos_url": "https://api.github.com/users/untitaker/repos",
                "events_url": "https://api.github.com/users/untitaker/events{/privacy}",
                "received_events_url": "https://api.github.com/users/untitaker/received_events",
                "type": "User",
                "site_admin": false
            },
            "created_at": "2017-01-15T14:38:33Z",
            "updated_at": "2017-01-15T14:38:33Z",
            "author_association": "MEMBER",
            "body": "That's an entirely valid complaint, I guess `attr` would be more appropriate."
        }
    ]
}