{
    "url": "https://api.github.com/repos/pallets/flask/issues/2153",
    "repository_url": "https://api.github.com/repos/pallets/flask",
    "labels_url": "https://api.github.com/repos/pallets/flask/issues/2153/labels{/name}",
    "comments_url": "https://api.github.com/repos/pallets/flask/issues/2153/comments",
    "events_url": "https://api.github.com/repos/pallets/flask/issues/2153/events",
    "html_url": "https://github.com/pallets/flask/pull/2153",
    "id": 200957093,
    "node_id": "MDExOlB1bGxSZXF1ZXN0MTAxNjQ3MjU5",
    "number": 2153,
    "title": "add travis badge to readme",
    "user": {
        "login": "r0fls",
        "id": 1858004,
        "node_id": "MDQ6VXNlcjE4NTgwMDQ=",
        "avatar_url": "https://avatars1.githubusercontent.com/u/1858004?v=4",
        "gravatar_id": "",
        "url": "https://api.github.com/users/r0fls",
        "html_url": "https://github.com/r0fls",
        "followers_url": "https://api.github.com/users/r0fls/followers",
        "following_url": "https://api.github.com/users/r0fls/following{/other_user}",
        "gists_url": "https://api.github.com/users/r0fls/gists{/gist_id}",
        "starred_url": "https://api.github.com/users/r0fls/starred{/owner}{/repo}",
        "subscriptions_url": "https://api.github.com/users/r0fls/subscriptions",
        "organizations_url": "https://api.github.com/users/r0fls/orgs",
        "repos_url": "https://api.github.com/users/r0fls/repos",
        "events_url": "https://api.github.com/users/r0fls/events{/privacy}",
        "received_events_url": "https://api.github.com/users/r0fls/received_events",
        "type": "User",
        "site_admin": false
    },
    "labels": [],
    "state": "closed",
    "locked": false,
    "assignee": null,
    "assignees": [],
    "milestone": null,
    "comments": 1,
    "created_at": "2017-01-16T08:31:36Z",
    "updated_at": "2017-01-16T10:12:26Z",
    "closed_at": "2017-01-16T10:12:26Z",
    "author_association": "CONTRIBUTOR",
    "pull_request": {
        "url": "https://api.github.com/repos/pallets/flask/pulls/2153",
        "html_url": "https://github.com/pallets/flask/pull/2153",
        "diff_url": "https://github.com/pallets/flask/pull/2153.diff",
        "patch_url": "https://github.com/pallets/flask/pull/2153.patch"
    },
    "body": "Is there any reason not to switch to markdown and add a build badge?",
    "comments_inline": [
        {
            "url": "https://api.github.com/repos/pallets/flask/issues/comments/272821492",
            "html_url": "https://github.com/pallets/flask/pull/2153#issuecomment-272821492",
            "issue_url": "https://api.github.com/repos/pallets/flask/issues/2153",
            "id": 272821492,
            "node_id": "MDEyOklzc3VlQ29tbWVudDI3MjgyMTQ5Mg==",
            "user": {
                "login": "ThiefMaster",
                "id": 179599,
                "node_id": "MDQ6VXNlcjE3OTU5OQ==",
                "avatar_url": "https://avatars1.githubusercontent.com/u/179599?v=4",
                "gravatar_id": "",
                "url": "https://api.github.com/users/ThiefMaster",
                "html_url": "https://github.com/ThiefMaster",
                "followers_url": "https://api.github.com/users/ThiefMaster/followers",
                "following_url": "https://api.github.com/users/ThiefMaster/following{/other_user}",
                "gists_url": "https://api.github.com/users/ThiefMaster/gists{/gist_id}",
                "starred_url": "https://api.github.com/users/ThiefMaster/starred{/owner}{/repo}",
                "subscriptions_url": "https://api.github.com/users/ThiefMaster/subscriptions",
                "organizations_url": "https://api.github.com/users/ThiefMaster/orgs",
                "repos_url": "https://api.github.com/users/ThiefMaster/repos",
                "events_url": "https://api.github.com/users/ThiefMaster/events{/privacy}",
                "received_events_url": "https://api.github.com/users/ThiefMaster/received_events",
                "type": "User",
                "site_admin": false
            },
            "created_at": "2017-01-16T10:12:26Z",
            "updated_at": "2017-01-16T10:12:26Z",
            "author_association": "MEMBER",
            "body": "@mitsuhiko has a strong opinion in favor of plaintext readme files (#1549, #1436, #643, b89af66)"
        }
    ]
}