{
    "url": "https://api.github.com/repos/pallets/flask/issues/2154",
    "repository_url": "https://api.github.com/repos/pallets/flask",
    "labels_url": "https://api.github.com/repos/pallets/flask/issues/2154/labels{/name}",
    "comments_url": "https://api.github.com/repos/pallets/flask/issues/2154/comments",
    "events_url": "https://api.github.com/repos/pallets/flask/issues/2154/events",
    "html_url": "https://github.com/pallets/flask/pull/2154",
    "id": 201122676,
    "node_id": "MDExOlB1bGxSZXF1ZXN0MTAxNzYxMTEx",
    "number": 2154,
    "title": "Update docs that request is an object, not a class",
    "user": {
        "login": "jeffwidman",
        "id": 483314,
        "node_id": "MDQ6VXNlcjQ4MzMxNA==",
        "avatar_url": "https://avatars2.githubusercontent.com/u/483314?v=4",
        "gravatar_id": "",
        "url": "https://api.github.com/users/jeffwidman",
        "html_url": "https://github.com/jeffwidman",
        "followers_url": "https://api.github.com/users/jeffwidman/followers",
        "following_url": "https://api.github.com/users/jeffwidman/following{/other_user}",
        "gists_url": "https://api.github.com/users/jeffwidman/gists{/gist_id}",
        "starred_url": "https://api.github.com/users/jeffwidman/starred{/owner}{/repo}",
        "subscriptions_url": "https://api.github.com/users/jeffwidman/subscriptions",
        "organizations_url": "https://api.github.com/users/jeffwidman/orgs",
        "repos_url": "https://api.github.com/users/jeffwidman/repos",
        "events_url": "https://api.github.com/users/jeffwidman/events{/privacy}",
        "received_events_url": "https://api.github.com/users/jeffwidman/received_events",
        "type": "User",
        "site_admin": false
    },
    "labels": [],
    "state": "closed",
    "locked": false,
    "assignee": null,
    "assignees": [],
    "milestone": null,
    "comments": 2,
    "created_at": "2017-01-16T21:30:44Z",
    "updated_at": "2017-01-17T19:20:11Z",
    "closed_at": "2017-01-17T19:20:08Z",
    "author_association": "MEMBER",
    "pull_request": {
        "url": "https://api.github.com/repos/pallets/flask/pulls/2154",
        "html_url": "https://github.com/pallets/flask/pull/2154",
        "diff_url": "https://github.com/pallets/flask/pull/2154.diff",
        "patch_url": "https://github.com/pallets/flask/pull/2154.patch"
    },
    "body": "Cleanup sphinx formatting to show that `request` is an object, not a class. The actual class name is `Request`.\r\n\r\nBased on discussion [here](https://github.com/pallets/flask/pull/2151#issuecomment-272699147).",
    "comments_inline": [
        {
            "url": "https://api.github.com/repos/pallets/flask/issues/comments/272966605",
            "html_url": "https://github.com/pallets/flask/pull/2154#issuecomment-272966605",
            "issue_url": "https://api.github.com/repos/pallets/flask/issues/2154",
            "id": 272966605,
            "node_id": "MDEyOklzc3VlQ29tbWVudDI3Mjk2NjYwNQ==",
            "user": {
                "login": "jeffwidman",
                "id": 483314,
                "node_id": "MDQ6VXNlcjQ4MzMxNA==",
                "avatar_url": "https://avatars2.githubusercontent.com/u/483314?v=4",
                "gravatar_id": "",
                "url": "https://api.github.com/users/jeffwidman",
                "html_url": "https://github.com/jeffwidman",
                "followers_url": "https://api.github.com/users/jeffwidman/followers",
                "following_url": "https://api.github.com/users/jeffwidman/following{/other_user}",
                "gists_url": "https://api.github.com/users/jeffwidman/gists{/gist_id}",
                "starred_url": "https://api.github.com/users/jeffwidman/starred{/owner}{/repo}",
                "subscriptions_url": "https://api.github.com/users/jeffwidman/subscriptions",
                "organizations_url": "https://api.github.com/users/jeffwidman/orgs",
                "repos_url": "https://api.github.com/users/jeffwidman/repos",
                "events_url": "https://api.github.com/users/jeffwidman/events{/privacy}",
                "received_events_url": "https://api.github.com/users/jeffwidman/received_events",
                "type": "User",
                "site_admin": false
            },
            "created_at": "2017-01-16T21:31:31Z",
            "updated_at": "2017-01-16T21:31:31Z",
            "author_association": "MEMBER",
            "body": "@untitaker is this what you were thinking?"
        },
        {
            "url": "https://api.github.com/repos/pallets/flask/issues/comments/273270218",
            "html_url": "https://github.com/pallets/flask/pull/2154#issuecomment-273270218",
            "issue_url": "https://api.github.com/repos/pallets/flask/issues/2154",
            "id": 273270218,
            "node_id": "MDEyOklzc3VlQ29tbWVudDI3MzI3MDIxOA==",
            "user": {
                "login": "untitaker",
                "id": 837573,
                "node_id": "MDQ6VXNlcjgzNzU3Mw==",
                "avatar_url": "https://avatars0.githubusercontent.com/u/837573?v=4",
                "gravatar_id": "",
                "url": "https://api.github.com/users/untitaker",
                "html_url": "https://github.com/untitaker",
                "followers_url": "https://api.github.com/users/untitaker/followers",
                "following_url": "https://api.github.com/users/untitaker/following{/other_user}",
                "gists_url": "https://api.github.com/users/untitaker/gists{/gist_id}",
                "starred_url": "https://api.github.com/users/untitaker/starred{/owner}{/repo}",
                "subscriptions_url": "https://api.github.com/users/untitaker/subscriptions",
                "organizations_url": "https://api.github.com/users/untitaker/orgs",
                "repos_url": "https://api.github.com/users/untitaker/repos",
                "events_url": "https://api.github.com/users/untitaker/events{/privacy}",
                "received_events_url": "https://api.github.com/users/untitaker/received_events",
                "type": "User",
                "site_admin": false
            },
            "created_at": "2017-01-17T19:20:09Z",
            "updated_at": "2017-01-17T19:20:09Z",
            "author_association": "MEMBER",
            "body": "Yup thanks!"
        }
    ]
}