{
    "url": "https://api.github.com/repos/pallets/flask/issues/2155",
    "repository_url": "https://api.github.com/repos/pallets/flask",
    "labels_url": "https://api.github.com/repos/pallets/flask/issues/2155/labels{/name}",
    "comments_url": "https://api.github.com/repos/pallets/flask/issues/2155/comments",
    "events_url": "https://api.github.com/repos/pallets/flask/issues/2155/events",
    "html_url": "https://github.com/pallets/flask/pull/2155",
    "id": 201260623,
    "node_id": "MDExOlB1bGxSZXF1ZXN0MTAxODUwNTky",
    "number": 2155,
    "title": "Disable debug when FLASK_DEBUG=False",
    "user": {
        "login": "kblomqvist",
        "id": 206775,
        "node_id": "MDQ6VXNlcjIwNjc3NQ==",
        "avatar_url": "https://avatars3.githubusercontent.com/u/206775?v=4",
        "gravatar_id": "",
        "url": "https://api.github.com/users/kblomqvist",
        "html_url": "https://github.com/kblomqvist",
        "followers_url": "https://api.github.com/users/kblomqvist/followers",
        "following_url": "https://api.github.com/users/kblomqvist/following{/other_user}",
        "gists_url": "https://api.github.com/users/kblomqvist/gists{/gist_id}",
        "starred_url": "https://api.github.com/users/kblomqvist/starred{/owner}{/repo}",
        "subscriptions_url": "https://api.github.com/users/kblomqvist/subscriptions",
        "organizations_url": "https://api.github.com/users/kblomqvist/orgs",
        "repos_url": "https://api.github.com/users/kblomqvist/repos",
        "events_url": "https://api.github.com/users/kblomqvist/events{/privacy}",
        "received_events_url": "https://api.github.com/users/kblomqvist/received_events",
        "type": "User",
        "site_admin": false
    },
    "labels": [],
    "state": "closed",
    "locked": false,
    "assignee": null,
    "assignees": [],
    "milestone": null,
    "comments": 0,
    "created_at": "2017-01-17T12:06:08Z",
    "updated_at": "2018-10-23T17:44:02Z",
    "closed_at": "2017-01-17T15:15:51Z",
    "author_association": "CONTRIBUTOR",
    "pull_request": {
        "url": "https://api.github.com/repos/pallets/flask/pulls/2155",
        "html_url": "https://github.com/pallets/flask/pull/2155",
        "diff_url": "https://github.com/pallets/flask/pull/2155.diff",
        "patch_url": "https://github.com/pallets/flask/pull/2155.patch"
    },
    "body": "I got confused why setting FLASK_DEBUG environment variable to `False`, as it's written in Python, didn't disable debug."
}