{
    "url": "https://api.github.com/repos/pallets/flask/issues/2156",
    "repository_url": "https://api.github.com/repos/pallets/flask",
    "labels_url": "https://api.github.com/repos/pallets/flask/issues/2156/labels{/name}",
    "comments_url": "https://api.github.com/repos/pallets/flask/issues/2156/comments",
    "events_url": "https://api.github.com/repos/pallets/flask/issues/2156/events",
    "html_url": "https://github.com/pallets/flask/issues/2156",
    "id": 201617976,
    "node_id": "MDU6SXNzdWUyMDE2MTc5NzY=",
    "number": 2156,
    "title": "AssertionError with webtest when returning 204",
    "user": {
        "login": "Erfa",
        "id": 148950,
        "node_id": "MDQ6VXNlcjE0ODk1MA==",
        "avatar_url": "https://avatars0.githubusercontent.com/u/148950?v=4",
        "gravatar_id": "",
        "url": "https://api.github.com/users/Erfa",
        "html_url": "https://github.com/Erfa",
        "followers_url": "https://api.github.com/users/Erfa/followers",
        "following_url": "https://api.github.com/users/Erfa/following{/other_user}",
        "gists_url": "https://api.github.com/users/Erfa/gists{/gist_id}",
        "starred_url": "https://api.github.com/users/Erfa/starred{/owner}{/repo}",
        "subscriptions_url": "https://api.github.com/users/Erfa/subscriptions",
        "organizations_url": "https://api.github.com/users/Erfa/orgs",
        "repos_url": "https://api.github.com/users/Erfa/repos",
        "events_url": "https://api.github.com/users/Erfa/events{/privacy}",
        "received_events_url": "https://api.github.com/users/Erfa/received_events",
        "type": "User",
        "site_admin": false
    },
    "labels": [],
    "state": "closed",
    "locked": false,
    "assignee": null,
    "assignees": [],
    "milestone": null,
    "comments": 2,
    "created_at": "2017-01-18T16:11:55Z",
    "updated_at": "2017-01-27T13:15:13Z",
    "closed_at": "2017-01-27T13:15:13Z",
    "author_association": "NONE",
    "body": "I have a handler that returns a 204 with no Content-Type, like this:\r\n```python\r\nfrom flask import Response\r\n\r\ndef make_204_response():\r\n    resp = Response('', 204)\r\n    del resp.headers['Content-Type']\r\n    return resp\r\n```\r\n\r\nIt works as expected, but when I run my unit tests using webtest I get this error:\r\n```\r\nException AssertionError: AssertionError(u'Iterator garbage collected without being closed',) in <bound method IteratorWrapper.__del__ of <webtest.lint.IteratorWrapper object at 0x7f90f7a6b550>> ignored\r\n```\r\n\r\nIt looks like webob had pretty much the same problem:\r\nhttps://github.com/Pylons/webob/issues/305",
    "comments_inline": [
        {
            "url": "https://api.github.com/repos/pallets/flask/issues/comments/273520980",
            "html_url": "https://github.com/pallets/flask/issues/2156#issuecomment-273520980",
            "issue_url": "https://api.github.com/repos/pallets/flask/issues/2156",
            "id": 273520980,
            "node_id": "MDEyOklzc3VlQ29tbWVudDI3MzUyMDk4MA==",
            "user": {
                "login": "davidism",
                "id": 1242887,
                "node_id": "MDQ6VXNlcjEyNDI4ODc=",
                "avatar_url": "https://avatars1.githubusercontent.com/u/1242887?v=4",
                "gravatar_id": "",
                "url": "https://api.github.com/users/davidism",
                "html_url": "https://github.com/davidism",
                "followers_url": "https://api.github.com/users/davidism/followers",
                "following_url": "https://api.github.com/users/davidism/following{/other_user}",
                "gists_url": "https://api.github.com/users/davidism/gists{/gist_id}",
                "starred_url": "https://api.github.com/users/davidism/starred{/owner}{/repo}",
                "subscriptions_url": "https://api.github.com/users/davidism/subscriptions",
                "organizations_url": "https://api.github.com/users/davidism/orgs",
                "repos_url": "https://api.github.com/users/davidism/repos",
                "events_url": "https://api.github.com/users/davidism/events{/privacy}",
                "received_events_url": "https://api.github.com/users/davidism/received_events",
                "type": "User",
                "site_admin": false
            },
            "created_at": "2017-01-18T16:16:11Z",
            "updated_at": "2017-01-18T16:16:11Z",
            "author_association": "MEMBER",
            "body": "What is webtest? How are you using it to produce this error? When reporting bugs, please include a self-contained example that we can reference."
        },
        {
            "url": "https://api.github.com/repos/pallets/flask/issues/comments/275662569",
            "html_url": "https://github.com/pallets/flask/issues/2156#issuecomment-275662569",
            "issue_url": "https://api.github.com/repos/pallets/flask/issues/2156",
            "id": 275662569,
            "node_id": "MDEyOklzc3VlQ29tbWVudDI3NTY2MjU2OQ==",
            "user": {
                "login": "Erfa",
                "id": 148950,
                "node_id": "MDQ6VXNlcjE0ODk1MA==",
                "avatar_url": "https://avatars0.githubusercontent.com/u/148950?v=4",
                "gravatar_id": "",
                "url": "https://api.github.com/users/Erfa",
                "html_url": "https://github.com/Erfa",
                "followers_url": "https://api.github.com/users/Erfa/followers",
                "following_url": "https://api.github.com/users/Erfa/following{/other_user}",
                "gists_url": "https://api.github.com/users/Erfa/gists{/gist_id}",
                "starred_url": "https://api.github.com/users/Erfa/starred{/owner}{/repo}",
                "subscriptions_url": "https://api.github.com/users/Erfa/subscriptions",
                "organizations_url": "https://api.github.com/users/Erfa/orgs",
                "repos_url": "https://api.github.com/users/Erfa/repos",
                "events_url": "https://api.github.com/users/Erfa/events{/privacy}",
                "received_events_url": "https://api.github.com/users/Erfa/received_events",
                "type": "User",
                "site_admin": false
            },
            "created_at": "2017-01-27T13:15:13Z",
            "updated_at": "2017-01-27T13:15:13Z",
            "author_association": "NONE",
            "body": "Seems like this was actually caused by something else in my dependencies. I upgraded all packages to the latest version and the problem is no more."
        }
    ]
}