{
    "url": "https://api.github.com/repos/pallets/flask/issues/2157",
    "repository_url": "https://api.github.com/repos/pallets/flask",
    "labels_url": "https://api.github.com/repos/pallets/flask/issues/2157/labels{/name}",
    "comments_url": "https://api.github.com/repos/pallets/flask/issues/2157/comments",
    "events_url": "https://api.github.com/repos/pallets/flask/issues/2157/events",
    "html_url": "https://github.com/pallets/flask/pull/2157",
    "id": 202369520,
    "node_id": "MDExOlB1bGxSZXF1ZXN0MTAyNjEyOTQz",
    "number": 2157,
    "title": "Merge pull request #1 from pallets/master",
    "user": {
        "login": "fengyc",
        "id": 4906850,
        "node_id": "MDQ6VXNlcjQ5MDY4NTA=",
        "avatar_url": "https://avatars0.githubusercontent.com/u/4906850?v=4",
        "gravatar_id": "",
        "url": "https://api.github.com/users/fengyc",
        "html_url": "https://github.com/fengyc",
        "followers_url": "https://api.github.com/users/fengyc/followers",
        "following_url": "https://api.github.com/users/fengyc/following{/other_user}",
        "gists_url": "https://api.github.com/users/fengyc/gists{/gist_id}",
        "starred_url": "https://api.github.com/users/fengyc/starred{/owner}{/repo}",
        "subscriptions_url": "https://api.github.com/users/fengyc/subscriptions",
        "organizations_url": "https://api.github.com/users/fengyc/orgs",
        "repos_url": "https://api.github.com/users/fengyc/repos",
        "events_url": "https://api.github.com/users/fengyc/events{/privacy}",
        "received_events_url": "https://api.github.com/users/fengyc/received_events",
        "type": "User",
        "site_admin": false
    },
    "labels": [],
    "state": "closed",
    "locked": false,
    "assignee": null,
    "assignees": [],
    "milestone": null,
    "comments": 0,
    "created_at": "2017-01-22T08:39:28Z",
    "updated_at": "2017-01-22T08:59:44Z",
    "closed_at": "2017-01-22T08:59:44Z",
    "author_association": "NONE",
    "pull_request": {
        "url": "https://api.github.com/repos/pallets/flask/pulls/2157",
        "html_url": "https://github.com/pallets/flask/pull/2157",
        "diff_url": "https://github.com/pallets/flask/pull/2157.diff",
        "patch_url": "https://github.com/pallets/flask/pull/2157.patch"
    },
    "body": "Update from upstream"
}