{
    "url": "https://api.github.com/repos/pallets/flask/issues/2158",
    "repository_url": "https://api.github.com/repos/pallets/flask",
    "labels_url": "https://api.github.com/repos/pallets/flask/issues/2158/labels{/name}",
    "comments_url": "https://api.github.com/repos/pallets/flask/issues/2158/comments",
    "events_url": "https://api.github.com/repos/pallets/flask/issues/2158/events",
    "html_url": "https://github.com/pallets/flask/issues/2158",
    "id": 202500706,
    "node_id": "MDU6SXNzdWUyMDI1MDA3MDY=",
    "number": 2158,
    "title": "flask run not work",
    "user": {
        "login": "protream",
        "id": 7698837,
        "node_id": "MDQ6VXNlcjc2OTg4Mzc=",
        "avatar_url": "https://avatars0.githubusercontent.com/u/7698837?v=4",
        "gravatar_id": "",
        "url": "https://api.github.com/users/protream",
        "html_url": "https://github.com/protream",
        "followers_url": "https://api.github.com/users/protream/followers",
        "following_url": "https://api.github.com/users/protream/following{/other_user}",
        "gists_url": "https://api.github.com/users/protream/gists{/gist_id}",
        "starred_url": "https://api.github.com/users/protream/starred{/owner}{/repo}",
        "subscriptions_url": "https://api.github.com/users/protream/subscriptions",
        "organizations_url": "https://api.github.com/users/protream/orgs",
        "repos_url": "https://api.github.com/users/protream/repos",
        "events_url": "https://api.github.com/users/protream/events{/privacy}",
        "received_events_url": "https://api.github.com/users/protream/received_events",
        "type": "User",
        "site_admin": false
    },
    "labels": [],
    "state": "closed",
    "locked": false,
    "assignee": null,
    "assignees": [],
    "milestone": null,
    "comments": 2,
    "created_at": "2017-01-23T10:48:10Z",
    "updated_at": "2017-01-24T01:05:05Z",
    "closed_at": "2017-01-23T11:39:54Z",
    "author_association": "NONE",
    "body": "I have set `FLASK_APP=manage.py', but got\uff1a\r\n\r\n```\r\nError: The file/path provided (manage) does not appear to exist.  Please verify the path is correct.  If app is not on PYTHONPATH, ensure the extension is .py\r\n```",
    "comments_inline": [
        {
            "url": "https://api.github.com/repos/pallets/flask/issues/comments/274471641",
            "html_url": "https://github.com/pallets/flask/issues/2158#issuecomment-274471641",
            "issue_url": "https://api.github.com/repos/pallets/flask/issues/2158",
            "id": 274471641,
            "node_id": "MDEyOklzc3VlQ29tbWVudDI3NDQ3MTY0MQ==",
            "user": {
                "login": "kblomqvist",
                "id": 206775,
                "node_id": "MDQ6VXNlcjIwNjc3NQ==",
                "avatar_url": "https://avatars3.githubusercontent.com/u/206775?v=4",
                "gravatar_id": "",
                "url": "https://api.github.com/users/kblomqvist",
                "html_url": "https://github.com/kblomqvist",
                "followers_url": "https://api.github.com/users/kblomqvist/followers",
                "following_url": "https://api.github.com/users/kblomqvist/following{/other_user}",
                "gists_url": "https://api.github.com/users/kblomqvist/gists{/gist_id}",
                "starred_url": "https://api.github.com/users/kblomqvist/starred{/owner}{/repo}",
                "subscriptions_url": "https://api.github.com/users/kblomqvist/subscriptions",
                "organizations_url": "https://api.github.com/users/kblomqvist/orgs",
                "repos_url": "https://api.github.com/users/kblomqvist/repos",
                "events_url": "https://api.github.com/users/kblomqvist/events{/privacy}",
                "received_events_url": "https://api.github.com/users/kblomqvist/received_events",
                "type": "User",
                "site_admin": false
            },
            "created_at": "2017-01-23T12:03:45Z",
            "updated_at": "2017-01-23T12:03:45Z",
            "author_association": "CONTRIBUTOR",
            "body": "Most likely you have ImportError somewhere, which you can't see because it is not propagated. Install flask from master and you can see what's the problem. This was fixed in #1950."
        },
        {
            "url": "https://api.github.com/repos/pallets/flask/issues/comments/274669601",
            "html_url": "https://github.com/pallets/flask/issues/2158#issuecomment-274669601",
            "issue_url": "https://api.github.com/repos/pallets/flask/issues/2158",
            "id": 274669601,
            "node_id": "MDEyOklzc3VlQ29tbWVudDI3NDY2OTYwMQ==",
            "user": {
                "login": "protream",
                "id": 7698837,
                "node_id": "MDQ6VXNlcjc2OTg4Mzc=",
                "avatar_url": "https://avatars0.githubusercontent.com/u/7698837?v=4",
                "gravatar_id": "",
                "url": "https://api.github.com/users/protream",
                "html_url": "https://github.com/protream",
                "followers_url": "https://api.github.com/users/protream/followers",
                "following_url": "https://api.github.com/users/protream/following{/other_user}",
                "gists_url": "https://api.github.com/users/protream/gists{/gist_id}",
                "starred_url": "https://api.github.com/users/protream/starred{/owner}{/repo}",
                "subscriptions_url": "https://api.github.com/users/protream/subscriptions",
                "organizations_url": "https://api.github.com/users/protream/orgs",
                "repos_url": "https://api.github.com/users/protream/repos",
                "events_url": "https://api.github.com/users/protream/events{/privacy}",
                "received_events_url": "https://api.github.com/users/protream/received_events",
                "type": "User",
                "site_admin": false
            },
            "created_at": "2017-01-24T01:05:05Z",
            "updated_at": "2017-01-24T01:05:05Z",
            "author_association": "NONE",
            "body": "@kblomqvist There is a ImportError indeed. Thank you!"
        }
    ]
}