{
    "url": "https://api.github.com/repos/pallets/flask/issues/2159",
    "repository_url": "https://api.github.com/repos/pallets/flask",
    "labels_url": "https://api.github.com/repos/pallets/flask/issues/2159/labels{/name}",
    "comments_url": "https://api.github.com/repos/pallets/flask/issues/2159/comments",
    "events_url": "https://api.github.com/repos/pallets/flask/issues/2159/events",
    "html_url": "https://github.com/pallets/flask/issues/2159",
    "id": 202715207,
    "node_id": "MDU6SXNzdWUyMDI3MTUyMDc=",
    "number": 2159,
    "title": "CSS and JS TTFB take too long in flask 0.11.1 and 0.12",
    "user": {
        "login": "alexli0707",
        "id": 2542172,
        "node_id": "MDQ6VXNlcjI1NDIxNzI=",
        "avatar_url": "https://avatars3.githubusercontent.com/u/2542172?v=4",
        "gravatar_id": "",
        "url": "https://api.github.com/users/alexli0707",
        "html_url": "https://github.com/alexli0707",
        "followers_url": "https://api.github.com/users/alexli0707/followers",
        "following_url": "https://api.github.com/users/alexli0707/following{/other_user}",
        "gists_url": "https://api.github.com/users/alexli0707/gists{/gist_id}",
        "starred_url": "https://api.github.com/users/alexli0707/starred{/owner}{/repo}",
        "subscriptions_url": "https://api.github.com/users/alexli0707/subscriptions",
        "organizations_url": "https://api.github.com/users/alexli0707/orgs",
        "repos_url": "https://api.github.com/users/alexli0707/repos",
        "events_url": "https://api.github.com/users/alexli0707/events{/privacy}",
        "received_events_url": "https://api.github.com/users/alexli0707/received_events",
        "type": "User",
        "site_admin": false
    },
    "labels": [],
    "state": "closed",
    "locked": false,
    "assignee": null,
    "assignees": [],
    "milestone": null,
    "comments": 0,
    "created_at": "2017-01-24T03:24:01Z",
    "updated_at": "2017-01-24T03:29:04Z",
    "closed_at": "2017-01-24T03:28:14Z",
    "author_association": "NONE",
    "body": "Thank you for the awesome framework first!\r\n      Sorry I find the problem was flask-session connecting  remote redis caused\r\n"
}