{
    "url": "https://api.github.com/repos/pallets/flask/issues/216",
    "repository_url": "https://api.github.com/repos/pallets/flask",
    "labels_url": "https://api.github.com/repos/pallets/flask/issues/216/labels{/name}",
    "comments_url": "https://api.github.com/repos/pallets/flask/issues/216/comments",
    "events_url": "https://api.github.com/repos/pallets/flask/issues/216/events",
    "html_url": "https://github.com/pallets/flask/issues/216",
    "id": 739561,
    "node_id": "MDU6SXNzdWU3Mzk1NjE=",
    "number": 216,
    "title": "flask has no programmatically-accessible version number",
    "user": {
        "login": "foresto",
        "id": 322134,
        "node_id": "MDQ6VXNlcjMyMjEzNA==",
        "avatar_url": "https://avatars1.githubusercontent.com/u/322134?v=4",
        "gravatar_id": "",
        "url": "https://api.github.com/users/foresto",
        "html_url": "https://github.com/foresto",
        "followers_url": "https://api.github.com/users/foresto/followers",
        "following_url": "https://api.github.com/users/foresto/following{/other_user}",
        "gists_url": "https://api.github.com/users/foresto/gists{/gist_id}",
        "starred_url": "https://api.github.com/users/foresto/starred{/owner}{/repo}",
        "subscriptions_url": "https://api.github.com/users/foresto/subscriptions",
        "organizations_url": "https://api.github.com/users/foresto/orgs",
        "repos_url": "https://api.github.com/users/foresto/repos",
        "events_url": "https://api.github.com/users/foresto/events{/privacy}",
        "received_events_url": "https://api.github.com/users/foresto/received_events",
        "type": "User",
        "site_admin": false
    },
    "labels": [],
    "state": "closed",
    "locked": false,
    "assignee": {
        "login": "rduplain",
        "id": 36428,
        "node_id": "MDQ6VXNlcjM2NDI4",
        "avatar_url": "https://avatars1.githubusercontent.com/u/36428?v=4",
        "gravatar_id": "",
        "url": "https://api.github.com/users/rduplain",
        "html_url": "https://github.com/rduplain",
        "followers_url": "https://api.github.com/users/rduplain/followers",
        "following_url": "https://api.github.com/users/rduplain/following{/other_user}",
        "gists_url": "https://api.github.com/users/rduplain/gists{/gist_id}",
        "starred_url": "https://api.github.com/users/rduplain/starred{/owner}{/repo}",
        "subscriptions_url": "https://api.github.com/users/rduplain/subscriptions",
        "organizations_url": "https://api.github.com/users/rduplain/orgs",
        "repos_url": "https://api.github.com/users/rduplain/repos",
        "events_url": "https://api.github.com/users/rduplain/events{/privacy}",
        "received_events_url": "https://api.github.com/users/rduplain/received_events",
        "type": "User",
        "site_admin": false
    },
    "assignees": [
        {
            "login": "rduplain",
            "id": 36428,
            "node_id": "MDQ6VXNlcjM2NDI4",
            "avatar_url": "https://avatars1.githubusercontent.com/u/36428?v=4",
            "gravatar_id": "",
            "url": "https://api.github.com/users/rduplain",
            "html_url": "https://github.com/rduplain",
            "followers_url": "https://api.github.com/users/rduplain/followers",
            "following_url": "https://api.github.com/users/rduplain/following{/other_user}",
            "gists_url": "https://api.github.com/users/rduplain/gists{/gist_id}",
            "starred_url": "https://api.github.com/users/rduplain/starred{/owner}{/repo}",
            "subscriptions_url": "https://api.github.com/users/rduplain/subscriptions",
            "organizations_url": "https://api.github.com/users/rduplain/orgs",
            "repos_url": "https://api.github.com/users/rduplain/repos",
            "events_url": "https://api.github.com/users/rduplain/events{/privacy}",
            "received_events_url": "https://api.github.com/users/rduplain/received_events",
            "type": "User",
            "site_admin": false
        }
    ],
    "milestone": null,
    "comments": 1,
    "created_at": "2011-04-06T21:36:55Z",
    "updated_at": "2011-06-28T14:56:29Z",
    "closed_at": "2011-06-28T14:56:29Z",
    "author_association": "NONE",
    "body": "I need to work around a problem in flask that is fixed in the development code. I wish flask had something like sys.version_info that my code could check before enabling the workaround.\n",
    "comments_inline": [
        {
            "url": "https://api.github.com/repos/pallets/flask/issues/comments/1456057",
            "html_url": "https://github.com/pallets/flask/issues/216#issuecomment-1456057",
            "issue_url": "https://api.github.com/repos/pallets/flask/issues/216",
            "id": 1456057,
            "node_id": "MDEyOklzc3VlQ29tbWVudDE0NTYwNTc=",
            "user": {
                "login": "mitsuhiko",
                "id": 7396,
                "node_id": "MDQ6VXNlcjczOTY=",
                "avatar_url": "https://avatars1.githubusercontent.com/u/7396?v=4",
                "gravatar_id": "",
                "url": "https://api.github.com/users/mitsuhiko",
                "html_url": "https://github.com/mitsuhiko",
                "followers_url": "https://api.github.com/users/mitsuhiko/followers",
                "following_url": "https://api.github.com/users/mitsuhiko/following{/other_user}",
                "gists_url": "https://api.github.com/users/mitsuhiko/gists{/gist_id}",
                "starred_url": "https://api.github.com/users/mitsuhiko/starred{/owner}{/repo}",
                "subscriptions_url": "https://api.github.com/users/mitsuhiko/subscriptions",
                "organizations_url": "https://api.github.com/users/mitsuhiko/orgs",
                "repos_url": "https://api.github.com/users/mitsuhiko/repos",
                "events_url": "https://api.github.com/users/mitsuhiko/events{/privacy}",
                "received_events_url": "https://api.github.com/users/mitsuhiko/received_events",
                "type": "User",
                "site_admin": false
            },
            "created_at": "2011-06-28T14:56:29Z",
            "updated_at": "2011-06-28T14:56:29Z",
            "author_association": "MEMBER",
            "body": "Fixed.\n"
        }
    ]
}