{
    "url": "https://api.github.com/repos/pallets/flask/issues/2161",
    "repository_url": "https://api.github.com/repos/pallets/flask",
    "labels_url": "https://api.github.com/repos/pallets/flask/issues/2161/labels{/name}",
    "comments_url": "https://api.github.com/repos/pallets/flask/issues/2161/comments",
    "events_url": "https://api.github.com/repos/pallets/flask/issues/2161/events",
    "html_url": "https://github.com/pallets/flask/issues/2161",
    "id": 203830045,
    "node_id": "MDU6SXNzdWUyMDM4MzAwNDU=",
    "number": 2161,
    "title": "KeyError problem ",
    "user": {
        "login": "pythonanonuser",
        "id": 9814157,
        "node_id": "MDQ6VXNlcjk4MTQxNTc=",
        "avatar_url": "https://avatars0.githubusercontent.com/u/9814157?v=4",
        "gravatar_id": "",
        "url": "https://api.github.com/users/pythonanonuser",
        "html_url": "https://github.com/pythonanonuser",
        "followers_url": "https://api.github.com/users/pythonanonuser/followers",
        "following_url": "https://api.github.com/users/pythonanonuser/following{/other_user}",
        "gists_url": "https://api.github.com/users/pythonanonuser/gists{/gist_id}",
        "starred_url": "https://api.github.com/users/pythonanonuser/starred{/owner}{/repo}",
        "subscriptions_url": "https://api.github.com/users/pythonanonuser/subscriptions",
        "organizations_url": "https://api.github.com/users/pythonanonuser/orgs",
        "repos_url": "https://api.github.com/users/pythonanonuser/repos",
        "events_url": "https://api.github.com/users/pythonanonuser/events{/privacy}",
        "received_events_url": "https://api.github.com/users/pythonanonuser/received_events",
        "type": "User",
        "site_admin": false
    },
    "labels": [],
    "state": "closed",
    "locked": false,
    "assignee": null,
    "assignees": [],
    "milestone": null,
    "comments": 4,
    "created_at": "2017-01-28T20:44:14Z",
    "updated_at": "2017-01-28T22:00:46Z",
    "closed_at": "2017-01-28T21:21:44Z",
    "author_association": "NONE",
    "body": "I'm trying to start the extremely basic flask application noted here: http://flask.pocoo.org/docs/0.12/quickstart/\r\n\r\nWhen I try to run \"flask run\" however I get the following error \r\n\r\n```\r\n * Serving Flask-SocketIO app \"hello\"\r\nTraceback (most recent call last):\r\n  File \"/usr/local/bin/flask\", line 11, in <module>\r\n    load_entry_point('Flask', 'console_scripts', 'flask')()\r\n  File \"/home/rohan/flask/flask/cli.py\", line 513, in main\r\n    cli.main(args=args, prog_name=name)\r\n  File \"/home/rohan/flask/flask/cli.py\", line 380, in main\r\n    return AppGroup.main(self, *args, **kwargs)\r\n  File \"/usr/local/lib/python2.7/dist-packages/click/core.py\", line 696, in main\r\n    rv = self.invoke(ctx)\r\n  File \"/usr/local/lib/python2.7/dist-packages/click/core.py\", line 1060, in invoke\r\n    return _process_result(sub_ctx.command.invoke(sub_ctx))\r\n  File \"/usr/local/lib/python2.7/dist-packages/click/core.py\", line 889, in invoke\r\n    return ctx.invoke(self.callback, **ctx.params)\r\n  File \"/usr/local/lib/python2.7/dist-packages/click/core.py\", line 534, in invoke\r\n    return callback(*args, **kwargs)\r\n  File \"/usr/local/lib/python2.7/dist-packages/click/decorators.py\", line 64, in new_func\r\n    return ctx.invoke(f, obj, *args[1:], **kwargs)\r\n  File \"/usr/local/lib/python2.7/dist-packages/click/core.py\", line 534, in invoke\r\n    return callback(*args, **kwargs)\r\n  File \"/usr/local/lib/python2.7/dist-packages/flask_socketio/cli.py\", line 58, in run\r\n    run_server()\r\n  File \"/usr/local/lib/python2.7/dist-packages/flask_socketio/cli.py\", line 50, in run_server\r\n    socketio = app.extensions['socketio']\r\nKeyError: 'socketio'\r\n```\r\n\r\nI've tried installing Flask via pip as well as from source, and verified that all the dependencies are installed. If I use the `app.run()` command in `main` it works fine, but I'd like to use `flask run` after exporting the program name but it doesn't seem to work. I've followed the instructions exactly from the website. Any advice? \r\n",
    "comments_inline": [
        {
            "url": "https://api.github.com/repos/pallets/flask/issues/comments/275875446",
            "html_url": "https://github.com/pallets/flask/issues/2161#issuecomment-275875446",
            "issue_url": "https://api.github.com/repos/pallets/flask/issues/2161",
            "id": 275875446,
            "node_id": "MDEyOklzc3VlQ29tbWVudDI3NTg3NTQ0Ng==",
            "user": {
                "login": "ThiefMaster",
                "id": 179599,
                "node_id": "MDQ6VXNlcjE3OTU5OQ==",
                "avatar_url": "https://avatars1.githubusercontent.com/u/179599?v=4",
                "gravatar_id": "",
                "url": "https://api.github.com/users/ThiefMaster",
                "html_url": "https://github.com/ThiefMaster",
                "followers_url": "https://api.github.com/users/ThiefMaster/followers",
                "following_url": "https://api.github.com/users/ThiefMaster/following{/other_user}",
                "gists_url": "https://api.github.com/users/ThiefMaster/gists{/gist_id}",
                "starred_url": "https://api.github.com/users/ThiefMaster/starred{/owner}{/repo}",
                "subscriptions_url": "https://api.github.com/users/ThiefMaster/subscriptions",
                "organizations_url": "https://api.github.com/users/ThiefMaster/orgs",
                "repos_url": "https://api.github.com/users/ThiefMaster/repos",
                "events_url": "https://api.github.com/users/ThiefMaster/events{/privacy}",
                "received_events_url": "https://api.github.com/users/ThiefMaster/received_events",
                "type": "User",
                "site_admin": false
            },
            "created_at": "2017-01-28T21:20:28Z",
            "updated_at": "2017-01-28T21:20:38Z",
            "author_association": "MEMBER",
            "body": "`pip uninstall flask-socketio` - apparently Flask-SocketIO [hijacks][1] `flask run` but doesn't handle an app that does not use the extension nicely.\r\n\r\n[1]: https://github.com/miguelgrinberg/Flask-SocketIO/blob/master/setup.py#L29"
        },
        {
            "url": "https://api.github.com/repos/pallets/flask/issues/comments/275875513",
            "html_url": "https://github.com/pallets/flask/issues/2161#issuecomment-275875513",
            "issue_url": "https://api.github.com/repos/pallets/flask/issues/2161",
            "id": 275875513,
            "node_id": "MDEyOklzc3VlQ29tbWVudDI3NTg3NTUxMw==",
            "user": {
                "login": "ThiefMaster",
                "id": 179599,
                "node_id": "MDQ6VXNlcjE3OTU5OQ==",
                "avatar_url": "https://avatars1.githubusercontent.com/u/179599?v=4",
                "gravatar_id": "",
                "url": "https://api.github.com/users/ThiefMaster",
                "html_url": "https://github.com/ThiefMaster",
                "followers_url": "https://api.github.com/users/ThiefMaster/followers",
                "following_url": "https://api.github.com/users/ThiefMaster/following{/other_user}",
                "gists_url": "https://api.github.com/users/ThiefMaster/gists{/gist_id}",
                "starred_url": "https://api.github.com/users/ThiefMaster/starred{/owner}{/repo}",
                "subscriptions_url": "https://api.github.com/users/ThiefMaster/subscriptions",
                "organizations_url": "https://api.github.com/users/ThiefMaster/orgs",
                "repos_url": "https://api.github.com/users/ThiefMaster/repos",
                "events_url": "https://api.github.com/users/ThiefMaster/events{/privacy}",
                "received_events_url": "https://api.github.com/users/ThiefMaster/received_events",
                "type": "User",
                "site_admin": false
            },
            "created_at": "2017-01-28T21:21:44Z",
            "updated_at": "2017-01-28T21:21:44Z",
            "author_association": "MEMBER",
            "body": "Looks like this got [fixed][1], so upgrading Flask-SocketIO using `pip install -U flask-socketio` should also fix your problem.\r\n\r\n[1]: https://github.com/miguelgrinberg/Flask-SocketIO/commit/7af6740b8332e65b49b065ab458a1deec73f0b2f"
        },
        {
            "url": "https://api.github.com/repos/pallets/flask/issues/comments/275875553",
            "html_url": "https://github.com/pallets/flask/issues/2161#issuecomment-275875553",
            "issue_url": "https://api.github.com/repos/pallets/flask/issues/2161",
            "id": 275875553,
            "node_id": "MDEyOklzc3VlQ29tbWVudDI3NTg3NTU1Mw==",
            "user": {
                "login": "ThiefMaster",
                "id": 179599,
                "node_id": "MDQ6VXNlcjE3OTU5OQ==",
                "avatar_url": "https://avatars1.githubusercontent.com/u/179599?v=4",
                "gravatar_id": "",
                "url": "https://api.github.com/users/ThiefMaster",
                "html_url": "https://github.com/ThiefMaster",
                "followers_url": "https://api.github.com/users/ThiefMaster/followers",
                "following_url": "https://api.github.com/users/ThiefMaster/following{/other_user}",
                "gists_url": "https://api.github.com/users/ThiefMaster/gists{/gist_id}",
                "starred_url": "https://api.github.com/users/ThiefMaster/starred{/owner}{/repo}",
                "subscriptions_url": "https://api.github.com/users/ThiefMaster/subscriptions",
                "organizations_url": "https://api.github.com/users/ThiefMaster/orgs",
                "repos_url": "https://api.github.com/users/ThiefMaster/repos",
                "events_url": "https://api.github.com/users/ThiefMaster/events{/privacy}",
                "received_events_url": "https://api.github.com/users/ThiefMaster/received_events",
                "type": "User",
                "site_admin": false
            },
            "created_at": "2017-01-28T21:22:27Z",
            "updated_at": "2017-01-28T21:22:27Z",
            "author_association": "MEMBER",
            "body": "Unrelated: You really shouldn't install any flask  stuff globally on your system. Use virtualenvs instead to keep the python stuff separated between projects and from system-wide stuff."
        },
        {
            "url": "https://api.github.com/repos/pallets/flask/issues/comments/275877775",
            "html_url": "https://github.com/pallets/flask/issues/2161#issuecomment-275877775",
            "issue_url": "https://api.github.com/repos/pallets/flask/issues/2161",
            "id": 275877775,
            "node_id": "MDEyOklzc3VlQ29tbWVudDI3NTg3Nzc3NQ==",
            "user": {
                "login": "pythonanonuser",
                "id": 9814157,
                "node_id": "MDQ6VXNlcjk4MTQxNTc=",
                "avatar_url": "https://avatars0.githubusercontent.com/u/9814157?v=4",
                "gravatar_id": "",
                "url": "https://api.github.com/users/pythonanonuser",
                "html_url": "https://github.com/pythonanonuser",
                "followers_url": "https://api.github.com/users/pythonanonuser/followers",
                "following_url": "https://api.github.com/users/pythonanonuser/following{/other_user}",
                "gists_url": "https://api.github.com/users/pythonanonuser/gists{/gist_id}",
                "starred_url": "https://api.github.com/users/pythonanonuser/starred{/owner}{/repo}",
                "subscriptions_url": "https://api.github.com/users/pythonanonuser/subscriptions",
                "organizations_url": "https://api.github.com/users/pythonanonuser/orgs",
                "repos_url": "https://api.github.com/users/pythonanonuser/repos",
                "events_url": "https://api.github.com/users/pythonanonuser/events{/privacy}",
                "received_events_url": "https://api.github.com/users/pythonanonuser/received_events",
                "type": "User",
                "site_admin": false
            },
            "created_at": "2017-01-28T22:00:46Z",
            "updated_at": "2017-01-28T22:00:46Z",
            "author_association": "NONE",
            "body": "Thank you! That worked. "
        }
    ]
}