{
    "url": "https://api.github.com/repos/pallets/flask/issues/2163",
    "repository_url": "https://api.github.com/repos/pallets/flask",
    "labels_url": "https://api.github.com/repos/pallets/flask/issues/2163/labels{/name}",
    "comments_url": "https://api.github.com/repos/pallets/flask/issues/2163/comments",
    "events_url": "https://api.github.com/repos/pallets/flask/issues/2163/events",
    "html_url": "https://github.com/pallets/flask/pull/2163",
    "id": 203872486,
    "node_id": "MDExOlB1bGxSZXF1ZXN0MTAzNjQ3Mzk4",
    "number": 2163,
    "title": "Add support for custom console-scripts",
    "user": {
        "login": "ThiefMaster",
        "id": 179599,
        "node_id": "MDQ6VXNlcjE3OTU5OQ==",
        "avatar_url": "https://avatars1.githubusercontent.com/u/179599?v=4",
        "gravatar_id": "",
        "url": "https://api.github.com/users/ThiefMaster",
        "html_url": "https://github.com/ThiefMaster",
        "followers_url": "https://api.github.com/users/ThiefMaster/followers",
        "following_url": "https://api.github.com/users/ThiefMaster/following{/other_user}",
        "gists_url": "https://api.github.com/users/ThiefMaster/gists{/gist_id}",
        "starred_url": "https://api.github.com/users/ThiefMaster/starred{/owner}{/repo}",
        "subscriptions_url": "https://api.github.com/users/ThiefMaster/subscriptions",
        "organizations_url": "https://api.github.com/users/ThiefMaster/orgs",
        "repos_url": "https://api.github.com/users/ThiefMaster/repos",
        "events_url": "https://api.github.com/users/ThiefMaster/events{/privacy}",
        "received_events_url": "https://api.github.com/users/ThiefMaster/received_events",
        "type": "User",
        "site_admin": false
    },
    "labels": [
        {
            "id": 380608249,
            "node_id": "MDU6TGFiZWwzODA2MDgyNDk=",
            "url": "https://api.github.com/repos/pallets/flask/labels/cli",
            "name": "cli",
            "color": "1d76db",
            "default": false,
            "description": null
        }
    ],
    "state": "closed",
    "locked": false,
    "assignee": null,
    "assignees": [],
    "milestone": null,
    "comments": 4,
    "created_at": "2017-01-29T14:18:54Z",
    "updated_at": "2017-05-25T21:50:09Z",
    "closed_at": "2017-05-25T21:30:40Z",
    "author_association": "MEMBER",
    "pull_request": {
        "url": "https://api.github.com/repos/pallets/flask/pulls/2163",
        "html_url": "https://github.com/pallets/flask/pull/2163",
        "diff_url": "https://github.com/pallets/flask/pull/2163.diff",
        "patch_url": "https://github.com/pallets/flask/pull/2163.patch"
    },
    "body": "For an installed app there is currently no clean way to provide a custom (e.g. `testapp`) console script instead of using the `flask` script (which needs FLASK_APP to be set) - using any entry point that resides within the app's package would stop the reloader from surviving import-time errors in the app's package.\r\n\r\nWith this PR it's easy to define a custom console script and also specify its app or app factory, making `FLASK_APP` unnecessary when using that script.\r\n\r\nThe application's setup.py would simply have to add this to the `setup()` call:\r\n\r\n```python\r\n    entry_points={\r\n        'console_scripts': [\r\n            'testapp = flask.cli:main'\r\n        ],\r\n        'flask.cli_apps': [\r\n            'testapp = testapp.app:make_app'\r\n        ]\r\n    }\r\n```\r\n\r\n---\r\n\r\n### TODO\r\n\r\n- [x] Override default FlaskGroup help for custom commands (do not mention `FLASK_APP`)\r\n- [x] Changelog\r\n- [x] Docs\r\n- [ ] Tests?",
    "comments_inline": [
        {
            "url": "https://api.github.com/repos/pallets/flask/issues/comments/304124731",
            "html_url": "https://github.com/pallets/flask/pull/2163#issuecomment-304124731",
            "issue_url": "https://api.github.com/repos/pallets/flask/issues/2163",
            "id": 304124731,
            "node_id": "MDEyOklzc3VlQ29tbWVudDMwNDEyNDczMQ==",
            "user": {
                "login": "kennethreitz",
                "id": 119893,
                "node_id": "MDQ6VXNlcjExOTg5Mw==",
                "avatar_url": "https://avatars2.githubusercontent.com/u/119893?v=4",
                "gravatar_id": "",
                "url": "https://api.github.com/users/kennethreitz",
                "html_url": "https://github.com/kennethreitz",
                "followers_url": "https://api.github.com/users/kennethreitz/followers",
                "following_url": "https://api.github.com/users/kennethreitz/following{/other_user}",
                "gists_url": "https://api.github.com/users/kennethreitz/gists{/gist_id}",
                "starred_url": "https://api.github.com/users/kennethreitz/starred{/owner}{/repo}",
                "subscriptions_url": "https://api.github.com/users/kennethreitz/subscriptions",
                "organizations_url": "https://api.github.com/users/kennethreitz/orgs",
                "repos_url": "https://api.github.com/users/kennethreitz/repos",
                "events_url": "https://api.github.com/users/kennethreitz/events{/privacy}",
                "received_events_url": "https://api.github.com/users/kennethreitz/received_events",
                "type": "User",
                "site_admin": false
            },
            "created_at": "2017-05-25T21:06:54Z",
            "updated_at": "2017-05-25T21:06:54Z",
            "author_association": "CONTRIBUTOR",
            "body": "needs a rebase!"
        },
        {
            "url": "https://api.github.com/repos/pallets/flask/issues/comments/304130313",
            "html_url": "https://github.com/pallets/flask/pull/2163#issuecomment-304130313",
            "issue_url": "https://api.github.com/repos/pallets/flask/issues/2163",
            "id": 304130313,
            "node_id": "MDEyOklzc3VlQ29tbWVudDMwNDEzMDMxMw==",
            "user": {
                "login": "kennethreitz",
                "id": 119893,
                "node_id": "MDQ6VXNlcjExOTg5Mw==",
                "avatar_url": "https://avatars2.githubusercontent.com/u/119893?v=4",
                "gravatar_id": "",
                "url": "https://api.github.com/users/kennethreitz",
                "html_url": "https://github.com/kennethreitz",
                "followers_url": "https://api.github.com/users/kennethreitz/followers",
                "following_url": "https://api.github.com/users/kennethreitz/following{/other_user}",
                "gists_url": "https://api.github.com/users/kennethreitz/gists{/gist_id}",
                "starred_url": "https://api.github.com/users/kennethreitz/starred{/owner}{/repo}",
                "subscriptions_url": "https://api.github.com/users/kennethreitz/subscriptions",
                "organizations_url": "https://api.github.com/users/kennethreitz/orgs",
                "repos_url": "https://api.github.com/users/kennethreitz/repos",
                "events_url": "https://api.github.com/users/kennethreitz/events{/privacy}",
                "received_events_url": "https://api.github.com/users/kennethreitz/received_events",
                "type": "User",
                "site_admin": false
            },
            "created_at": "2017-05-25T21:30:40Z",
            "updated_at": "2017-05-25T21:30:40Z",
            "author_association": "CONTRIBUTOR",
            "body": "this PR is old. this complicates documentation. closing due to inactivity. "
        },
        {
            "url": "https://api.github.com/repos/pallets/flask/issues/comments/304130948",
            "html_url": "https://github.com/pallets/flask/pull/2163#issuecomment-304130948",
            "issue_url": "https://api.github.com/repos/pallets/flask/issues/2163",
            "id": 304130948,
            "node_id": "MDEyOklzc3VlQ29tbWVudDMwNDEzMDk0OA==",
            "user": {
                "login": "ThiefMaster",
                "id": 179599,
                "node_id": "MDQ6VXNlcjE3OTU5OQ==",
                "avatar_url": "https://avatars1.githubusercontent.com/u/179599?v=4",
                "gravatar_id": "",
                "url": "https://api.github.com/users/ThiefMaster",
                "html_url": "https://github.com/ThiefMaster",
                "followers_url": "https://api.github.com/users/ThiefMaster/followers",
                "following_url": "https://api.github.com/users/ThiefMaster/following{/other_user}",
                "gists_url": "https://api.github.com/users/ThiefMaster/gists{/gist_id}",
                "starred_url": "https://api.github.com/users/ThiefMaster/starred{/owner}{/repo}",
                "subscriptions_url": "https://api.github.com/users/ThiefMaster/subscriptions",
                "organizations_url": "https://api.github.com/users/ThiefMaster/orgs",
                "repos_url": "https://api.github.com/users/ThiefMaster/repos",
                "events_url": "https://api.github.com/users/ThiefMaster/events{/privacy}",
                "received_events_url": "https://api.github.com/users/ThiefMaster/received_events",
                "type": "User",
                "site_admin": false
            },
            "created_at": "2017-05-25T21:33:43Z",
            "updated_at": "2017-05-25T21:33:43Z",
            "author_association": "MEMBER",
            "body": "Agreed, I was actually going to close it myself a few days ago and then got distracted. In the end it's not too hard to use the \"normal\" way of adding a custom console script - as long as imports from the app are kept to the minimum the dev server survives restarts in case of almost all syntax errors."
        },
        {
            "url": "https://api.github.com/repos/pallets/flask/issues/comments/304134331",
            "html_url": "https://github.com/pallets/flask/pull/2163#issuecomment-304134331",
            "issue_url": "https://api.github.com/repos/pallets/flask/issues/2163",
            "id": 304134331,
            "node_id": "MDEyOklzc3VlQ29tbWVudDMwNDEzNDMzMQ==",
            "user": {
                "login": "kennethreitz",
                "id": 119893,
                "node_id": "MDQ6VXNlcjExOTg5Mw==",
                "avatar_url": "https://avatars2.githubusercontent.com/u/119893?v=4",
                "gravatar_id": "",
                "url": "https://api.github.com/users/kennethreitz",
                "html_url": "https://github.com/kennethreitz",
                "followers_url": "https://api.github.com/users/kennethreitz/followers",
                "following_url": "https://api.github.com/users/kennethreitz/following{/other_user}",
                "gists_url": "https://api.github.com/users/kennethreitz/gists{/gist_id}",
                "starred_url": "https://api.github.com/users/kennethreitz/starred{/owner}{/repo}",
                "subscriptions_url": "https://api.github.com/users/kennethreitz/subscriptions",
                "organizations_url": "https://api.github.com/users/kennethreitz/orgs",
                "repos_url": "https://api.github.com/users/kennethreitz/repos",
                "events_url": "https://api.github.com/users/kennethreitz/events{/privacy}",
                "received_events_url": "https://api.github.com/users/kennethreitz/received_events",
                "type": "User",
                "site_admin": false
            },
            "created_at": "2017-05-25T21:50:09Z",
            "updated_at": "2017-05-25T21:50:09Z",
            "author_association": "CONTRIBUTOR",
            "body": "\u2728\ud83c\udf70\u2728"
        }
    ]
}