{
    "url": "https://api.github.com/repos/pallets/flask/issues/217",
    "repository_url": "https://api.github.com/repos/pallets/flask",
    "labels_url": "https://api.github.com/repos/pallets/flask/issues/217/labels{/name}",
    "comments_url": "https://api.github.com/repos/pallets/flask/issues/217/comments",
    "events_url": "https://api.github.com/repos/pallets/flask/issues/217/events",
    "html_url": "https://github.com/pallets/flask/issues/217",
    "id": 774953,
    "node_id": "MDU6SXNzdWU3NzQ5NTM=",
    "number": 217,
    "title": "Allow Header: appends an erroneous GET",
    "user": {
        "login": "jzempel",
        "id": 143773,
        "node_id": "MDQ6VXNlcjE0Mzc3Mw==",
        "avatar_url": "https://avatars0.githubusercontent.com/u/143773?v=4",
        "gravatar_id": "",
        "url": "https://api.github.com/users/jzempel",
        "html_url": "https://github.com/jzempel",
        "followers_url": "https://api.github.com/users/jzempel/followers",
        "following_url": "https://api.github.com/users/jzempel/following{/other_user}",
        "gists_url": "https://api.github.com/users/jzempel/gists{/gist_id}",
        "starred_url": "https://api.github.com/users/jzempel/starred{/owner}{/repo}",
        "subscriptions_url": "https://api.github.com/users/jzempel/subscriptions",
        "organizations_url": "https://api.github.com/users/jzempel/orgs",
        "repos_url": "https://api.github.com/users/jzempel/repos",
        "events_url": "https://api.github.com/users/jzempel/events{/privacy}",
        "received_events_url": "https://api.github.com/users/jzempel/received_events",
        "type": "User",
        "site_admin": false
    },
    "labels": [],
    "state": "closed",
    "locked": false,
    "assignee": null,
    "assignees": [],
    "milestone": null,
    "comments": 3,
    "created_at": "2011-04-15T17:21:36Z",
    "updated_at": "2011-04-18T15:40:31Z",
    "closed_at": "2011-04-18T15:10:59Z",
    "author_association": "NONE",
    "body": "A GET request is allowed for any route, even when it is not in the listed methods. The result is a 404 for the GET request.\n\nFor example:\n\n<pre><code>@module.route('/foo', methods=[\"PUT\"])\ndef foo():\n    return Response(status=204)</code></pre>\n\n\nHere's the result of an OPTIONS request with the incorrect additional GET in the Allow header:\n\n<pre><code>$ curl -IX OPTIONS http://localhost:5000/foo\n\nHTTP/1.0 200 OK\nContent-Type: text/html; charset=utf-8\nAllow: PUT, HEAD, OPTIONS, GET\nContent-Length: 0\nServer: Werkzeug/0.6.2 Python/2.7\nDate: Fri, 15 Apr 2011 17:17:31 GMT</code></pre>\n\n\nA GET request responds with a 404:\n\n<pre><code>$ curl -IX GET http://localhost:5000/foo\n\nHTTP/1.0 404 NOT FOUND\nContent-Type: text/html\nContent-Length: 238\nServer: Werkzeug/0.6.2 Python/2.7\nDate: Fri, 15 Apr 2011 17:17:42 GMT</code></pre>\n",
    "comments_inline": [
        {
            "url": "https://api.github.com/repos/pallets/flask/issues/comments/1021522",
            "html_url": "https://github.com/pallets/flask/issues/217#issuecomment-1021522",
            "issue_url": "https://api.github.com/repos/pallets/flask/issues/217",
            "id": 1021522,
            "node_id": "MDEyOklzc3VlQ29tbWVudDEwMjE1MjI=",
            "user": {
                "login": "mitsuhiko",
                "id": 7396,
                "node_id": "MDQ6VXNlcjczOTY=",
                "avatar_url": "https://avatars1.githubusercontent.com/u/7396?v=4",
                "gravatar_id": "",
                "url": "https://api.github.com/users/mitsuhiko",
                "html_url": "https://github.com/mitsuhiko",
                "followers_url": "https://api.github.com/users/mitsuhiko/followers",
                "following_url": "https://api.github.com/users/mitsuhiko/following{/other_user}",
                "gists_url": "https://api.github.com/users/mitsuhiko/gists{/gist_id}",
                "starred_url": "https://api.github.com/users/mitsuhiko/starred{/owner}{/repo}",
                "subscriptions_url": "https://api.github.com/users/mitsuhiko/subscriptions",
                "organizations_url": "https://api.github.com/users/mitsuhiko/orgs",
                "repos_url": "https://api.github.com/users/mitsuhiko/repos",
                "events_url": "https://api.github.com/users/mitsuhiko/events{/privacy}",
                "received_events_url": "https://api.github.com/users/mitsuhiko/received_events",
                "type": "User",
                "site_admin": false
            },
            "created_at": "2011-04-18T15:10:59Z",
            "updated_at": "2011-04-18T15:10:59Z",
            "author_association": "MEMBER",
            "body": "This bug has been fixed in a combination of Werkzeug 0.6 and Flask 0.6. You might have to upgrade Werkzeug.\n"
        },
        {
            "url": "https://api.github.com/repos/pallets/flask/issues/comments/1021608",
            "html_url": "https://github.com/pallets/flask/issues/217#issuecomment-1021608",
            "issue_url": "https://api.github.com/repos/pallets/flask/issues/217",
            "id": 1021608,
            "node_id": "MDEyOklzc3VlQ29tbWVudDEwMjE2MDg=",
            "user": {
                "login": "jzempel",
                "id": 143773,
                "node_id": "MDQ6VXNlcjE0Mzc3Mw==",
                "avatar_url": "https://avatars0.githubusercontent.com/u/143773?v=4",
                "gravatar_id": "",
                "url": "https://api.github.com/users/jzempel",
                "html_url": "https://github.com/jzempel",
                "followers_url": "https://api.github.com/users/jzempel/followers",
                "following_url": "https://api.github.com/users/jzempel/following{/other_user}",
                "gists_url": "https://api.github.com/users/jzempel/gists{/gist_id}",
                "starred_url": "https://api.github.com/users/jzempel/starred{/owner}{/repo}",
                "subscriptions_url": "https://api.github.com/users/jzempel/subscriptions",
                "organizations_url": "https://api.github.com/users/jzempel/orgs",
                "repos_url": "https://api.github.com/users/jzempel/repos",
                "events_url": "https://api.github.com/users/jzempel/events{/privacy}",
                "received_events_url": "https://api.github.com/users/jzempel/received_events",
                "type": "User",
                "site_admin": false
            },
            "created_at": "2011-04-18T15:27:24Z",
            "updated_at": "2011-04-18T15:27:24Z",
            "author_association": "NONE",
            "body": "I'm running Flask 0.6.1 and Werkzeug 0.6.2.\n\nOn Mon, Apr 18, 2011 at 8:10 AM, mitsuhiko <\nreply@reply.github.com>wrote:\n\n> This bug has been fixed in a combination of Werkzeug 0.6 and Flask 0.6. You\n> might have to upgrade Werkzeug.\n> \n> ## \n> \n> Reply to this email directly or view it on GitHub:\n> https://github.com/mitsuhiko/flask/issues/217#comment_1021522\n"
        },
        {
            "url": "https://api.github.com/repos/pallets/flask/issues/comments/1021698",
            "html_url": "https://github.com/pallets/flask/issues/217#issuecomment-1021698",
            "issue_url": "https://api.github.com/repos/pallets/flask/issues/217",
            "id": 1021698,
            "node_id": "MDEyOklzc3VlQ29tbWVudDEwMjE2OTg=",
            "user": {
                "login": "mitsuhiko",
                "id": 7396,
                "node_id": "MDQ6VXNlcjczOTY=",
                "avatar_url": "https://avatars1.githubusercontent.com/u/7396?v=4",
                "gravatar_id": "",
                "url": "https://api.github.com/users/mitsuhiko",
                "html_url": "https://github.com/mitsuhiko",
                "followers_url": "https://api.github.com/users/mitsuhiko/followers",
                "following_url": "https://api.github.com/users/mitsuhiko/following{/other_user}",
                "gists_url": "https://api.github.com/users/mitsuhiko/gists{/gist_id}",
                "starred_url": "https://api.github.com/users/mitsuhiko/starred{/owner}{/repo}",
                "subscriptions_url": "https://api.github.com/users/mitsuhiko/subscriptions",
                "organizations_url": "https://api.github.com/users/mitsuhiko/orgs",
                "repos_url": "https://api.github.com/users/mitsuhiko/repos",
                "events_url": "https://api.github.com/users/mitsuhiko/events{/privacy}",
                "received_events_url": "https://api.github.com/users/mitsuhiko/received_events",
                "type": "User",
                "site_admin": false
            },
            "created_at": "2011-04-18T15:40:31Z",
            "updated_at": "2011-04-18T15:40:31Z",
            "author_association": "MEMBER",
            "body": "It might be that the fix is in Werkzeug 0.7. I will release a new version of Werkzeug in the next two days.\n"
        }
    ]
}