{
    "url": "https://api.github.com/repos/pallets/flask/issues/2170",
    "repository_url": "https://api.github.com/repos/pallets/flask",
    "labels_url": "https://api.github.com/repos/pallets/flask/issues/2170/labels{/name}",
    "comments_url": "https://api.github.com/repos/pallets/flask/issues/2170/comments",
    "events_url": "https://api.github.com/repos/pallets/flask/issues/2170/events",
    "html_url": "https://github.com/pallets/flask/issues/2170",
    "id": 205420564,
    "node_id": "MDU6SXNzdWUyMDU0MjA1NjQ=",
    "number": 2170,
    "title": "about jinja2 dynamic extends",
    "user": {
        "login": "magician333",
        "id": 7747770,
        "node_id": "MDQ6VXNlcjc3NDc3NzA=",
        "avatar_url": "https://avatars2.githubusercontent.com/u/7747770?v=4",
        "gravatar_id": "",
        "url": "https://api.github.com/users/magician333",
        "html_url": "https://github.com/magician333",
        "followers_url": "https://api.github.com/users/magician333/followers",
        "following_url": "https://api.github.com/users/magician333/following{/other_user}",
        "gists_url": "https://api.github.com/users/magician333/gists{/gist_id}",
        "starred_url": "https://api.github.com/users/magician333/starred{/owner}{/repo}",
        "subscriptions_url": "https://api.github.com/users/magician333/subscriptions",
        "organizations_url": "https://api.github.com/users/magician333/orgs",
        "repos_url": "https://api.github.com/users/magician333/repos",
        "events_url": "https://api.github.com/users/magician333/events{/privacy}",
        "received_events_url": "https://api.github.com/users/magician333/received_events",
        "type": "User",
        "site_admin": false
    },
    "labels": [],
    "state": "closed",
    "locked": false,
    "assignee": null,
    "assignees": [],
    "milestone": null,
    "comments": 1,
    "created_at": "2017-02-05T11:55:30Z",
    "updated_at": "2017-02-05T12:01:24Z",
    "closed_at": "2017-02-05T12:01:23Z",
    "author_association": "NONE",
    "body": "I want to use dynamic extends,like this\r\n`{% extends {{file}} %}`\r\n\r\nthis \"file\" is come from python file.\r\nbut I'cant use it,how to solve it?",
    "comments_inline": [
        {
            "url": "https://api.github.com/repos/pallets/flask/issues/comments/277515273",
            "html_url": "https://github.com/pallets/flask/issues/2170#issuecomment-277515273",
            "issue_url": "https://api.github.com/repos/pallets/flask/issues/2170",
            "id": 277515273,
            "node_id": "MDEyOklzc3VlQ29tbWVudDI3NzUxNTI3Mw==",
            "user": {
                "login": "ThiefMaster",
                "id": 179599,
                "node_id": "MDQ6VXNlcjE3OTU5OQ==",
                "avatar_url": "https://avatars1.githubusercontent.com/u/179599?v=4",
                "gravatar_id": "",
                "url": "https://api.github.com/users/ThiefMaster",
                "html_url": "https://github.com/ThiefMaster",
                "followers_url": "https://api.github.com/users/ThiefMaster/followers",
                "following_url": "https://api.github.com/users/ThiefMaster/following{/other_user}",
                "gists_url": "https://api.github.com/users/ThiefMaster/gists{/gist_id}",
                "starred_url": "https://api.github.com/users/ThiefMaster/starred{/owner}{/repo}",
                "subscriptions_url": "https://api.github.com/users/ThiefMaster/subscriptions",
                "organizations_url": "https://api.github.com/users/ThiefMaster/orgs",
                "repos_url": "https://api.github.com/users/ThiefMaster/repos",
                "events_url": "https://api.github.com/users/ThiefMaster/events{/privacy}",
                "received_events_url": "https://api.github.com/users/ThiefMaster/received_events",
                "type": "User",
                "site_admin": false
            },
            "created_at": "2017-02-05T12:01:23Z",
            "updated_at": "2017-02-05T12:01:23Z",
            "author_association": "MEMBER",
            "body": "`{% extends file %}`\r\n\r\nAlso, this is not the right place for support question. Use IRC or Stack Overflow the next time."
        }
    ]
}