{
    "url": "https://api.github.com/repos/pallets/flask/issues/2172",
    "repository_url": "https://api.github.com/repos/pallets/flask",
    "labels_url": "https://api.github.com/repos/pallets/flask/issues/2172/labels{/name}",
    "comments_url": "https://api.github.com/repos/pallets/flask/issues/2172/comments",
    "events_url": "https://api.github.com/repos/pallets/flask/issues/2172/events",
    "html_url": "https://github.com/pallets/flask/issues/2172",
    "id": 205492305,
    "node_id": "MDU6SXNzdWUyMDU0OTIzMDU=",
    "number": 2172,
    "title": "multiple Set-Cookie fold in one line HTTP Header",
    "user": {
        "login": "pedia",
        "id": 170561,
        "node_id": "MDQ6VXNlcjE3MDU2MQ==",
        "avatar_url": "https://avatars2.githubusercontent.com/u/170561?v=4",
        "gravatar_id": "",
        "url": "https://api.github.com/users/pedia",
        "html_url": "https://github.com/pedia",
        "followers_url": "https://api.github.com/users/pedia/followers",
        "following_url": "https://api.github.com/users/pedia/following{/other_user}",
        "gists_url": "https://api.github.com/users/pedia/gists{/gist_id}",
        "starred_url": "https://api.github.com/users/pedia/starred{/owner}{/repo}",
        "subscriptions_url": "https://api.github.com/users/pedia/subscriptions",
        "organizations_url": "https://api.github.com/users/pedia/orgs",
        "repos_url": "https://api.github.com/users/pedia/repos",
        "events_url": "https://api.github.com/users/pedia/events{/privacy}",
        "received_events_url": "https://api.github.com/users/pedia/received_events",
        "type": "User",
        "site_admin": false
    },
    "labels": [],
    "state": "closed",
    "locked": false,
    "assignee": null,
    "assignees": [],
    "milestone": null,
    "comments": 2,
    "created_at": "2017-02-06T05:40:12Z",
    "updated_at": "2017-03-02T11:03:46Z",
    "closed_at": "2017-03-02T11:03:46Z",
    "author_association": "NONE",
    "body": "First, [RFC 6265](https://tools.ietf.org/html/rfc6265) said:\r\n> Origin servers SHOULD NOT fold multiple Set-Cookie header fields into a single header field.\r\n\r\n\r\nBut in flask-admin login(with flask-user) login response, multiple set-cookie(s) are folded:\r\n> Set-Cookie: remember_token=...; Expires=Tue, 06-Feb-2018 05:23:25 GMT; Path=/\r\nsession=...; HttpOnly; Path=/\r\n\r\n**CAUTION: Path=/[without a space]session=**\r\n\r\nAnd in werkzeug, multiple Set-Cookie unittest(I added this code in werkzeug/tests/test_wrappers.py below), and passed.\r\n\r\n    # set multi cookie once\r\n    response = wrappers.BaseResponse()\r\n    response.set_cookie('foo', 'bar', 60, 0, '/blub', 'example.org')\r\n    response.set_cookie('blar', 'zag', 60, 0, '/blob', 'example.org')\r\n    strict_eq(response.headers.to_wsgi_list(), [\r\n        ('Content-Type', 'text/plain; charset=utf-8'),\r\n        ('Set-Cookie', 'foo=bar; Domain=example.org; Expires=Thu, '\r\n         '01-Jan-1970 00:00:00 GMT; Max-Age=60; Path=/blub'),\r\n        ('Set-Cookie', 'blar=zag; Domain=example.org; Expires=Thu, '\r\n         '01-Jan-1970 00:00:00 GMT; Max-Age=60; Path=/blob')\r\n    ])\r\n\r\nSo I think this maybe a bug or flask. \r\nAny thought appreciated.\r\n",
    "comments_inline": [
        {
            "url": "https://api.github.com/repos/pallets/flask/issues/comments/280328899",
            "html_url": "https://github.com/pallets/flask/issues/2172#issuecomment-280328899",
            "issue_url": "https://api.github.com/repos/pallets/flask/issues/2172",
            "id": 280328899,
            "node_id": "MDEyOklzc3VlQ29tbWVudDI4MDMyODg5OQ==",
            "user": {
                "login": "AnubhaAgrawal",
                "id": 24717201,
                "node_id": "MDQ6VXNlcjI0NzE3MjAx",
                "avatar_url": "https://avatars3.githubusercontent.com/u/24717201?v=4",
                "gravatar_id": "",
                "url": "https://api.github.com/users/AnubhaAgrawal",
                "html_url": "https://github.com/AnubhaAgrawal",
                "followers_url": "https://api.github.com/users/AnubhaAgrawal/followers",
                "following_url": "https://api.github.com/users/AnubhaAgrawal/following{/other_user}",
                "gists_url": "https://api.github.com/users/AnubhaAgrawal/gists{/gist_id}",
                "starred_url": "https://api.github.com/users/AnubhaAgrawal/starred{/owner}{/repo}",
                "subscriptions_url": "https://api.github.com/users/AnubhaAgrawal/subscriptions",
                "organizations_url": "https://api.github.com/users/AnubhaAgrawal/orgs",
                "repos_url": "https://api.github.com/users/AnubhaAgrawal/repos",
                "events_url": "https://api.github.com/users/AnubhaAgrawal/events{/privacy}",
                "received_events_url": "https://api.github.com/users/AnubhaAgrawal/received_events",
                "type": "User",
                "site_admin": false
            },
            "created_at": "2017-02-16T13:23:00Z",
            "updated_at": "2017-02-16T13:23:00Z",
            "author_association": "NONE",
            "body": "Hi pedia,\r\ncan you please provide that on which file or folder of flask this issue exist."
        },
        {
            "url": "https://api.github.com/repos/pallets/flask/issues/comments/283623855",
            "html_url": "https://github.com/pallets/flask/issues/2172#issuecomment-283623855",
            "issue_url": "https://api.github.com/repos/pallets/flask/issues/2172",
            "id": 283623855,
            "node_id": "MDEyOklzc3VlQ29tbWVudDI4MzYyMzg1NQ==",
            "user": {
                "login": "pedia",
                "id": 170561,
                "node_id": "MDQ6VXNlcjE3MDU2MQ==",
                "avatar_url": "https://avatars2.githubusercontent.com/u/170561?v=4",
                "gravatar_id": "",
                "url": "https://api.github.com/users/pedia",
                "html_url": "https://github.com/pedia",
                "followers_url": "https://api.github.com/users/pedia/followers",
                "following_url": "https://api.github.com/users/pedia/following{/other_user}",
                "gists_url": "https://api.github.com/users/pedia/gists{/gist_id}",
                "starred_url": "https://api.github.com/users/pedia/starred{/owner}{/repo}",
                "subscriptions_url": "https://api.github.com/users/pedia/subscriptions",
                "organizations_url": "https://api.github.com/users/pedia/orgs",
                "repos_url": "https://api.github.com/users/pedia/repos",
                "events_url": "https://api.github.com/users/pedia/events{/privacy}",
                "received_events_url": "https://api.github.com/users/pedia/received_events",
                "type": "User",
                "site_admin": false
            },
            "created_at": "2017-03-02T11:03:46Z",
            "updated_at": "2017-03-02T11:03:46Z",
            "author_association": "NONE",
            "body": "I cannot prove it. Close it now."
        }
    ]
}