{
    "url": "https://api.github.com/repos/pallets/flask/issues/2173",
    "repository_url": "https://api.github.com/repos/pallets/flask",
    "labels_url": "https://api.github.com/repos/pallets/flask/issues/2173/labels{/name}",
    "comments_url": "https://api.github.com/repos/pallets/flask/issues/2173/comments",
    "events_url": "https://api.github.com/repos/pallets/flask/issues/2173/events",
    "html_url": "https://github.com/pallets/flask/pull/2173",
    "id": 206004473,
    "node_id": "MDExOlB1bGxSZXF1ZXN0MTA1MDg2ODI5",
    "number": 2173,
    "title": "py.test => pytest",
    "user": {
        "login": "vojtekb",
        "id": 197705,
        "node_id": "MDQ6VXNlcjE5NzcwNQ==",
        "avatar_url": "https://avatars1.githubusercontent.com/u/197705?v=4",
        "gravatar_id": "",
        "url": "https://api.github.com/users/vojtekb",
        "html_url": "https://github.com/vojtekb",
        "followers_url": "https://api.github.com/users/vojtekb/followers",
        "following_url": "https://api.github.com/users/vojtekb/following{/other_user}",
        "gists_url": "https://api.github.com/users/vojtekb/gists{/gist_id}",
        "starred_url": "https://api.github.com/users/vojtekb/starred{/owner}{/repo}",
        "subscriptions_url": "https://api.github.com/users/vojtekb/subscriptions",
        "organizations_url": "https://api.github.com/users/vojtekb/orgs",
        "repos_url": "https://api.github.com/users/vojtekb/repos",
        "events_url": "https://api.github.com/users/vojtekb/events{/privacy}",
        "received_events_url": "https://api.github.com/users/vojtekb/received_events",
        "type": "User",
        "site_admin": false
    },
    "labels": [],
    "state": "closed",
    "locked": false,
    "assignee": null,
    "assignees": [],
    "milestone": null,
    "comments": 6,
    "created_at": "2017-02-07T20:26:44Z",
    "updated_at": "2017-02-09T17:35:46Z",
    "closed_at": "2017-02-09T17:34:17Z",
    "author_association": "CONTRIBUTOR",
    "pull_request": {
        "url": "https://api.github.com/repos/pallets/flask/pulls/2173",
        "html_url": "https://github.com/pallets/flask/pull/2173",
        "diff_url": "https://github.com/pallets/flask/pull/2173.diff",
        "patch_url": "https://github.com/pallets/flask/pull/2173.patch"
    },
    "body": "Really a minor thing, only experienced by a newcomer.\r\nWhen following the README or CONTRIBUTE  docs, the first test run results in lots of failures.\r\nThis is because a simple `py.test` also discovers the tests in examples/\r\n\r\n(My plan is to contribute more, this is just to get started ;)\r\n",
    "comments_inline": [
        {
            "url": "https://api.github.com/repos/pallets/flask/issues/comments/278132991",
            "html_url": "https://github.com/pallets/flask/pull/2173#issuecomment-278132991",
            "issue_url": "https://api.github.com/repos/pallets/flask/issues/2173",
            "id": 278132991,
            "node_id": "MDEyOklzc3VlQ29tbWVudDI3ODEzMjk5MQ==",
            "user": {
                "login": "ThiefMaster",
                "id": 179599,
                "node_id": "MDQ6VXNlcjE3OTU5OQ==",
                "avatar_url": "https://avatars1.githubusercontent.com/u/179599?v=4",
                "gravatar_id": "",
                "url": "https://api.github.com/users/ThiefMaster",
                "html_url": "https://github.com/ThiefMaster",
                "followers_url": "https://api.github.com/users/ThiefMaster/followers",
                "following_url": "https://api.github.com/users/ThiefMaster/following{/other_user}",
                "gists_url": "https://api.github.com/users/ThiefMaster/gists{/gist_id}",
                "starred_url": "https://api.github.com/users/ThiefMaster/starred{/owner}{/repo}",
                "subscriptions_url": "https://api.github.com/users/ThiefMaster/subscriptions",
                "organizations_url": "https://api.github.com/users/ThiefMaster/orgs",
                "repos_url": "https://api.github.com/users/ThiefMaster/repos",
                "events_url": "https://api.github.com/users/ThiefMaster/events{/privacy}",
                "received_events_url": "https://api.github.com/users/ThiefMaster/received_events",
                "type": "User",
                "site_admin": false
            },
            "created_at": "2017-02-07T20:40:53Z",
            "updated_at": "2017-02-07T20:40:53Z",
            "author_association": "MEMBER",
            "body": "Recent pytest versions prefer `pytest` over `py.test` (the latter is deprecated and will eventually be removed). Since the guide recommends to install the latest pytest version I think it'd be a good idea to use this opportunity to run pytest `pytest`."
        },
        {
            "url": "https://api.github.com/repos/pallets/flask/issues/comments/278133183",
            "html_url": "https://github.com/pallets/flask/pull/2173#issuecomment-278133183",
            "issue_url": "https://api.github.com/repos/pallets/flask/issues/2173",
            "id": 278133183,
            "node_id": "MDEyOklzc3VlQ29tbWVudDI3ODEzMzE4Mw==",
            "user": {
                "login": "ThiefMaster",
                "id": 179599,
                "node_id": "MDQ6VXNlcjE3OTU5OQ==",
                "avatar_url": "https://avatars1.githubusercontent.com/u/179599?v=4",
                "gravatar_id": "",
                "url": "https://api.github.com/users/ThiefMaster",
                "html_url": "https://github.com/ThiefMaster",
                "followers_url": "https://api.github.com/users/ThiefMaster/followers",
                "following_url": "https://api.github.com/users/ThiefMaster/following{/other_user}",
                "gists_url": "https://api.github.com/users/ThiefMaster/gists{/gist_id}",
                "starred_url": "https://api.github.com/users/ThiefMaster/starred{/owner}{/repo}",
                "subscriptions_url": "https://api.github.com/users/ThiefMaster/subscriptions",
                "organizations_url": "https://api.github.com/users/ThiefMaster/orgs",
                "repos_url": "https://api.github.com/users/ThiefMaster/repos",
                "events_url": "https://api.github.com/users/ThiefMaster/events{/privacy}",
                "received_events_url": "https://api.github.com/users/ThiefMaster/received_events",
                "type": "User",
                "site_admin": false
            },
            "created_at": "2017-02-07T20:41:35Z",
            "updated_at": "2017-02-07T20:41:35Z",
            "author_association": "MEMBER",
            "body": "Actually, if pytest goes into a directory it shouldn't go in the best solution would be adding it to [`norecursedirs`](https://github.com/pallets/flask/blob/master/setup.cfg#L11)"
        },
        {
            "url": "https://api.github.com/repos/pallets/flask/issues/comments/278138562",
            "html_url": "https://github.com/pallets/flask/pull/2173#issuecomment-278138562",
            "issue_url": "https://api.github.com/repos/pallets/flask/issues/2173",
            "id": 278138562,
            "node_id": "MDEyOklzc3VlQ29tbWVudDI3ODEzODU2Mg==",
            "user": {
                "login": "untitaker",
                "id": 837573,
                "node_id": "MDQ6VXNlcjgzNzU3Mw==",
                "avatar_url": "https://avatars0.githubusercontent.com/u/837573?v=4",
                "gravatar_id": "",
                "url": "https://api.github.com/users/untitaker",
                "html_url": "https://github.com/untitaker",
                "followers_url": "https://api.github.com/users/untitaker/followers",
                "following_url": "https://api.github.com/users/untitaker/following{/other_user}",
                "gists_url": "https://api.github.com/users/untitaker/gists{/gist_id}",
                "starred_url": "https://api.github.com/users/untitaker/starred{/owner}{/repo}",
                "subscriptions_url": "https://api.github.com/users/untitaker/subscriptions",
                "organizations_url": "https://api.github.com/users/untitaker/orgs",
                "repos_url": "https://api.github.com/users/untitaker/repos",
                "events_url": "https://api.github.com/users/untitaker/events{/privacy}",
                "received_events_url": "https://api.github.com/users/untitaker/received_events",
                "type": "User",
                "site_admin": false
            },
            "created_at": "2017-02-07T21:01:15Z",
            "updated_at": "2017-02-07T21:01:15Z",
            "author_association": "MEMBER",
            "body": "It is the plan to also test the examples, such that if you modify them, they\nget tested as well.\n\nThat's not a common case, but I don't think they take that much time either.\n\nOn Tue, Feb 07, 2017 at 12:26:52PM -0800, vojtekb wrote:\n> Really a minor thing, only experienced by a newcomer.\n> When following the README or CONTRIBUTE  docs, the first test run results in lots of failures.\n> This is because a simple `py.test` also discovers the tests in examples/\n> \n> (My plan is to contribute more, this is just to get started ;)\n> \n> You can view, comment on, or merge this pull request online at:\n> \n>   https://github.com/pallets/flask/pull/2173\n> \n> -- Commit Summary --\n> \n>   * clarify how to run py.test without discovering examples\n> \n> -- File Changes --\n> \n>     M CONTRIBUTING.rst (2)\n>     M README (2)\n> \n> -- Patch Links --\n> \n> https://github.com/pallets/flask/pull/2173.patch\n> https://github.com/pallets/flask/pull/2173.diff\n> \n> -- \n> You are receiving this because you are subscribed to this thread.\n> Reply to this email directly or view it on GitHub:\n> https://github.com/pallets/flask/pull/2173\n"
        },
        {
            "url": "https://api.github.com/repos/pallets/flask/issues/comments/278438738",
            "html_url": "https://github.com/pallets/flask/pull/2173#issuecomment-278438738",
            "issue_url": "https://api.github.com/repos/pallets/flask/issues/2173",
            "id": 278438738,
            "node_id": "MDEyOklzc3VlQ29tbWVudDI3ODQzODczOA==",
            "user": {
                "login": "vojtekb",
                "id": 197705,
                "node_id": "MDQ6VXNlcjE5NzcwNQ==",
                "avatar_url": "https://avatars1.githubusercontent.com/u/197705?v=4",
                "gravatar_id": "",
                "url": "https://api.github.com/users/vojtekb",
                "html_url": "https://github.com/vojtekb",
                "followers_url": "https://api.github.com/users/vojtekb/followers",
                "following_url": "https://api.github.com/users/vojtekb/following{/other_user}",
                "gists_url": "https://api.github.com/users/vojtekb/gists{/gist_id}",
                "starred_url": "https://api.github.com/users/vojtekb/starred{/owner}{/repo}",
                "subscriptions_url": "https://api.github.com/users/vojtekb/subscriptions",
                "organizations_url": "https://api.github.com/users/vojtekb/orgs",
                "repos_url": "https://api.github.com/users/vojtekb/repos",
                "events_url": "https://api.github.com/users/vojtekb/events{/privacy}",
                "received_events_url": "https://api.github.com/users/vojtekb/received_events",
                "type": "User",
                "site_admin": false
            },
            "created_at": "2017-02-08T19:41:00Z",
            "updated_at": "2017-02-08T19:41:00Z",
            "author_association": "CONTRIBUTOR",
            "body": "`norecursedirs` seems like a better idea. \r\n`pytest` command is indeed preferred over `py.test` (https://github.com/pytest-dev/pytest/issues/1629) so I changed the docs and invocations as well.\r\n"
        },
        {
            "url": "https://api.github.com/repos/pallets/flask/issues/comments/278714160",
            "html_url": "https://github.com/pallets/flask/pull/2173#issuecomment-278714160",
            "issue_url": "https://api.github.com/repos/pallets/flask/issues/2173",
            "id": 278714160,
            "node_id": "MDEyOklzc3VlQ29tbWVudDI3ODcxNDE2MA==",
            "user": {
                "login": "untitaker",
                "id": 837573,
                "node_id": "MDQ6VXNlcjgzNzU3Mw==",
                "avatar_url": "https://avatars0.githubusercontent.com/u/837573?v=4",
                "gravatar_id": "",
                "url": "https://api.github.com/users/untitaker",
                "html_url": "https://github.com/untitaker",
                "followers_url": "https://api.github.com/users/untitaker/followers",
                "following_url": "https://api.github.com/users/untitaker/following{/other_user}",
                "gists_url": "https://api.github.com/users/untitaker/gists{/gist_id}",
                "starred_url": "https://api.github.com/users/untitaker/starred{/owner}{/repo}",
                "subscriptions_url": "https://api.github.com/users/untitaker/subscriptions",
                "organizations_url": "https://api.github.com/users/untitaker/orgs",
                "repos_url": "https://api.github.com/users/untitaker/repos",
                "events_url": "https://api.github.com/users/untitaker/events{/privacy}",
                "received_events_url": "https://api.github.com/users/untitaker/received_events",
                "type": "User",
                "site_admin": false
            },
            "created_at": "2017-02-09T17:34:19Z",
            "updated_at": "2017-02-09T17:34:19Z",
            "author_association": "MEMBER",
            "body": "Thanks!"
        },
        {
            "url": "https://api.github.com/repos/pallets/flask/issues/comments/278714557",
            "html_url": "https://github.com/pallets/flask/pull/2173#issuecomment-278714557",
            "issue_url": "https://api.github.com/repos/pallets/flask/issues/2173",
            "id": 278714557,
            "node_id": "MDEyOklzc3VlQ29tbWVudDI3ODcxNDU1Nw==",
            "user": {
                "login": "untitaker",
                "id": 837573,
                "node_id": "MDQ6VXNlcjgzNzU3Mw==",
                "avatar_url": "https://avatars0.githubusercontent.com/u/837573?v=4",
                "gravatar_id": "",
                "url": "https://api.github.com/users/untitaker",
                "html_url": "https://github.com/untitaker",
                "followers_url": "https://api.github.com/users/untitaker/followers",
                "following_url": "https://api.github.com/users/untitaker/following{/other_user}",
                "gists_url": "https://api.github.com/users/untitaker/gists{/gist_id}",
                "starred_url": "https://api.github.com/users/untitaker/starred{/owner}{/repo}",
                "subscriptions_url": "https://api.github.com/users/untitaker/subscriptions",
                "organizations_url": "https://api.github.com/users/untitaker/orgs",
                "repos_url": "https://api.github.com/users/untitaker/repos",
                "events_url": "https://api.github.com/users/untitaker/events{/privacy}",
                "received_events_url": "https://api.github.com/users/untitaker/received_events",
                "type": "User",
                "site_admin": false
            },
            "created_at": "2017-02-09T17:35:46Z",
            "updated_at": "2017-02-09T17:35:46Z",
            "author_association": "MEMBER",
            "body": "However, I reverted your change to add `examples` to `norecursedirs`. As said there are tests in there that do need to be run."
        }
    ]
}