{
    "url": "https://api.github.com/repos/pallets/flask/issues/2175",
    "repository_url": "https://api.github.com/repos/pallets/flask",
    "labels_url": "https://api.github.com/repos/pallets/flask/issues/2175/labels{/name}",
    "comments_url": "https://api.github.com/repos/pallets/flask/issues/2175/comments",
    "events_url": "https://api.github.com/repos/pallets/flask/issues/2175/events",
    "html_url": "https://github.com/pallets/flask/pull/2175",
    "id": 206479624,
    "node_id": "MDExOlB1bGxSZXF1ZXN0MTA1NDEwMjYz",
    "number": 2175,
    "title": "Update 4.4.3 HTTP Methods Example",
    "user": {
        "login": "swanhtet1992",
        "id": 772338,
        "node_id": "MDQ6VXNlcjc3MjMzOA==",
        "avatar_url": "https://avatars0.githubusercontent.com/u/772338?v=4",
        "gravatar_id": "",
        "url": "https://api.github.com/users/swanhtet1992",
        "html_url": "https://github.com/swanhtet1992",
        "followers_url": "https://api.github.com/users/swanhtet1992/followers",
        "following_url": "https://api.github.com/users/swanhtet1992/following{/other_user}",
        "gists_url": "https://api.github.com/users/swanhtet1992/gists{/gist_id}",
        "starred_url": "https://api.github.com/users/swanhtet1992/starred{/owner}{/repo}",
        "subscriptions_url": "https://api.github.com/users/swanhtet1992/subscriptions",
        "organizations_url": "https://api.github.com/users/swanhtet1992/orgs",
        "repos_url": "https://api.github.com/users/swanhtet1992/repos",
        "events_url": "https://api.github.com/users/swanhtet1992/events{/privacy}",
        "received_events_url": "https://api.github.com/users/swanhtet1992/received_events",
        "type": "User",
        "site_admin": false
    },
    "labels": [],
    "state": "closed",
    "locked": false,
    "assignee": null,
    "assignees": [],
    "milestone": null,
    "comments": 1,
    "created_at": "2017-02-09T11:40:15Z",
    "updated_at": "2017-02-09T14:29:59Z",
    "closed_at": "2017-02-09T14:29:59Z",
    "author_association": "CONTRIBUTOR",
    "pull_request": {
        "url": "https://api.github.com/repos/pallets/flask/pulls/2175",
        "html_url": "https://github.com/pallets/flask/pull/2175",
        "diff_url": "https://github.com/pallets/flask/pull/2175.diff",
        "patch_url": "https://github.com/pallets/flask/pull/2175.patch"
    },
    "body": "I just started learning `flask` and following the documentation pdf. When I reached the topic `4.4.3 HTTP Methods`, I encountered this `ValueError: View function did not return a response` even though I followed the tutorial. It made me confused and had to search on [stackoverflow](http://stackoverflow.com/a/18211982).\r\n\r\nThis might not be a good fix for an example but the previous example did confuse a beginner, me, who followed the documentation.\r\n\r\nCheers,\r\nswan",
    "comments_inline": [
        {
            "url": "https://api.github.com/repos/pallets/flask/issues/comments/278657057",
            "html_url": "https://github.com/pallets/flask/pull/2175#issuecomment-278657057",
            "issue_url": "https://api.github.com/repos/pallets/flask/issues/2175",
            "id": 278657057,
            "node_id": "MDEyOklzc3VlQ29tbWVudDI3ODY1NzA1Nw==",
            "user": {
                "login": "untitaker",
                "id": 837573,
                "node_id": "MDQ6VXNlcjgzNzU3Mw==",
                "avatar_url": "https://avatars0.githubusercontent.com/u/837573?v=4",
                "gravatar_id": "",
                "url": "https://api.github.com/users/untitaker",
                "html_url": "https://github.com/untitaker",
                "followers_url": "https://api.github.com/users/untitaker/followers",
                "following_url": "https://api.github.com/users/untitaker/following{/other_user}",
                "gists_url": "https://api.github.com/users/untitaker/gists{/gist_id}",
                "starred_url": "https://api.github.com/users/untitaker/starred{/owner}{/repo}",
                "subscriptions_url": "https://api.github.com/users/untitaker/subscriptions",
                "organizations_url": "https://api.github.com/users/untitaker/orgs",
                "repos_url": "https://api.github.com/users/untitaker/repos",
                "events_url": "https://api.github.com/users/untitaker/events{/privacy}",
                "received_events_url": "https://api.github.com/users/untitaker/received_events",
                "type": "User",
                "site_admin": false
            },
            "created_at": "2017-02-09T14:29:55Z",
            "updated_at": "2017-02-09T14:29:55Z",
            "author_association": "MEMBER",
            "body": "Fair enough!"
        }
    ]
}