{
    "url": "https://api.github.com/repos/pallets/flask/issues/2764",
    "repository_url": "https://api.github.com/repos/pallets/flask",
    "labels_url": "https://api.github.com/repos/pallets/flask/issues/2764/labels{/name}",
    "comments_url": "https://api.github.com/repos/pallets/flask/issues/2764/comments",
    "events_url": "https://api.github.com/repos/pallets/flask/issues/2764/events",
    "html_url": "https://github.com/pallets/flask/pull/2764",
    "id": 321250922,
    "node_id": "MDExOlB1bGxSZXF1ZXN0MTg2NjgzNDgx",
    "number": 2764,
    "title": "docs: installation: Fix \"now you can continue\" link",
    "user": {
        "login": "mgalgs",
        "id": 152014,
        "node_id": "MDQ6VXNlcjE1MjAxNA==",
        "avatar_url": "https://avatars2.githubusercontent.com/u/152014?v=4",
        "gravatar_id": "",
        "url": "https://api.github.com/users/mgalgs",
        "html_url": "https://github.com/mgalgs",
        "followers_url": "https://api.github.com/users/mgalgs/followers",
        "following_url": "https://api.github.com/users/mgalgs/following{/other_user}",
        "gists_url": "https://api.github.com/users/mgalgs/gists{/gist_id}",
        "starred_url": "https://api.github.com/users/mgalgs/starred{/owner}{/repo}",
        "subscriptions_url": "https://api.github.com/users/mgalgs/subscriptions",
        "organizations_url": "https://api.github.com/users/mgalgs/orgs",
        "repos_url": "https://api.github.com/users/mgalgs/repos",
        "events_url": "https://api.github.com/users/mgalgs/events{/privacy}",
        "received_events_url": "https://api.github.com/users/mgalgs/received_events",
        "type": "User",
        "site_admin": false
    },
    "labels": [
        {
            "id": 32876,
            "node_id": "MDU6TGFiZWwzMjg3Ng==",
            "url": "https://api.github.com/repos/pallets/flask/labels/docs",
            "name": "docs",
            "color": "0e8a16",
            "default": false,
            "description": null
        }
    ],
    "state": "closed",
    "locked": false,
    "assignee": null,
    "assignees": [],
    "milestone": null,
    "comments": 4,
    "created_at": "2018-05-08T16:08:28Z",
    "updated_at": "2018-05-09T03:11:48Z",
    "closed_at": "2018-05-09T03:11:48Z",
    "author_association": "CONTRIBUTOR",
    "pull_request": {
        "url": "https://api.github.com/repos/pallets/flask/pulls/2764",
        "html_url": "https://github.com/pallets/flask/pull/2764",
        "diff_url": "https://github.com/pallets/flask/pull/2764.diff",
        "patch_url": "https://github.com/pallets/flask/pull/2764.patch"
    },
    "body": "At the end of the installation docs we currently\r\npoint the reader back into the middle of the\r\ninstallation doc itself, which is probably not very\r\nhelpful to the reader since they just finished\r\nreading that.\r\n\r\nInstead, point to the next section in the docs\r\n(Quickstart).",
    "comments_inline": [
        {
            "url": "https://api.github.com/repos/pallets/flask/issues/comments/387458060",
            "html_url": "https://github.com/pallets/flask/pull/2764#issuecomment-387458060",
            "issue_url": "https://api.github.com/repos/pallets/flask/issues/2764",
            "id": 387458060,
            "node_id": "MDEyOklzc3VlQ29tbWVudDM4NzQ1ODA2MA==",
            "user": {
                "login": "davidism",
                "id": 1242887,
                "node_id": "MDQ6VXNlcjEyNDI4ODc=",
                "avatar_url": "https://avatars1.githubusercontent.com/u/1242887?v=4",
                "gravatar_id": "",
                "url": "https://api.github.com/users/davidism",
                "html_url": "https://github.com/davidism",
                "followers_url": "https://api.github.com/users/davidism/followers",
                "following_url": "https://api.github.com/users/davidism/following{/other_user}",
                "gists_url": "https://api.github.com/users/davidism/gists{/gist_id}",
                "starred_url": "https://api.github.com/users/davidism/starred{/owner}{/repo}",
                "subscriptions_url": "https://api.github.com/users/davidism/subscriptions",
                "organizations_url": "https://api.github.com/users/davidism/orgs",
                "repos_url": "https://api.github.com/users/davidism/repos",
                "events_url": "https://api.github.com/users/davidism/events{/privacy}",
                "received_events_url": "https://api.github.com/users/davidism/received_events",
                "type": "User",
                "site_admin": false
            },
            "created_at": "2018-05-08T16:16:01Z",
            "updated_at": "2018-05-08T16:16:01Z",
            "author_association": "MEMBER",
            "body": "The ref is correct. Users get to that section by clicking a link earlier in the page, then the link at the bottom of the section takes them back to continue the instructions."
        },
        {
            "url": "https://api.github.com/repos/pallets/flask/issues/comments/387459464",
            "html_url": "https://github.com/pallets/flask/pull/2764#issuecomment-387459464",
            "issue_url": "https://api.github.com/repos/pallets/flask/issues/2764",
            "id": 387459464,
            "node_id": "MDEyOklzc3VlQ29tbWVudDM4NzQ1OTQ2NA==",
            "user": {
                "login": "mgalgs",
                "id": 152014,
                "node_id": "MDQ6VXNlcjE1MjAxNA==",
                "avatar_url": "https://avatars2.githubusercontent.com/u/152014?v=4",
                "gravatar_id": "",
                "url": "https://api.github.com/users/mgalgs",
                "html_url": "https://github.com/mgalgs",
                "followers_url": "https://api.github.com/users/mgalgs/followers",
                "following_url": "https://api.github.com/users/mgalgs/following{/other_user}",
                "gists_url": "https://api.github.com/users/mgalgs/gists{/gist_id}",
                "starred_url": "https://api.github.com/users/mgalgs/starred{/owner}{/repo}",
                "subscriptions_url": "https://api.github.com/users/mgalgs/subscriptions",
                "organizations_url": "https://api.github.com/users/mgalgs/orgs",
                "repos_url": "https://api.github.com/users/mgalgs/repos",
                "events_url": "https://api.github.com/users/mgalgs/events{/privacy}",
                "received_events_url": "https://api.github.com/users/mgalgs/received_events",
                "type": "User",
                "site_admin": false
            },
            "created_at": "2018-05-08T16:20:37Z",
            "updated_at": "2018-05-08T16:20:37Z",
            "author_association": "CONTRIBUTOR",
            "body": "Aah I see now.  Hmmm...  I just reflexively scrolled to the bottom of the page skipping over the Windows stuff.  Perhaps a separate link to Quickstart would make sense anyways."
        },
        {
            "url": "https://api.github.com/repos/pallets/flask/issues/comments/387459716",
            "html_url": "https://github.com/pallets/flask/pull/2764#issuecomment-387459716",
            "issue_url": "https://api.github.com/repos/pallets/flask/issues/2764",
            "id": 387459716,
            "node_id": "MDEyOklzc3VlQ29tbWVudDM4NzQ1OTcxNg==",
            "user": {
                "login": "davidism",
                "id": 1242887,
                "node_id": "MDQ6VXNlcjEyNDI4ODc=",
                "avatar_url": "https://avatars1.githubusercontent.com/u/1242887?v=4",
                "gravatar_id": "",
                "url": "https://api.github.com/users/davidism",
                "html_url": "https://github.com/davidism",
                "followers_url": "https://api.github.com/users/davidism/followers",
                "following_url": "https://api.github.com/users/davidism/following{/other_user}",
                "gists_url": "https://api.github.com/users/davidism/gists{/gist_id}",
                "starred_url": "https://api.github.com/users/davidism/starred{/owner}{/repo}",
                "subscriptions_url": "https://api.github.com/users/davidism/subscriptions",
                "organizations_url": "https://api.github.com/users/davidism/orgs",
                "repos_url": "https://api.github.com/users/davidism/repos",
                "events_url": "https://api.github.com/users/davidism/events{/privacy}",
                "received_events_url": "https://api.github.com/users/davidism/received_events",
                "type": "User",
                "site_admin": false
            },
            "created_at": "2018-05-08T16:21:24Z",
            "updated_at": "2018-05-08T16:21:32Z",
            "author_association": "MEMBER",
            "body": "I reopened. Add a link to the end of the \"Install Flask\" section instead."
        },
        {
            "url": "https://api.github.com/repos/pallets/flask/issues/comments/387498772",
            "html_url": "https://github.com/pallets/flask/pull/2764#issuecomment-387498772",
            "issue_url": "https://api.github.com/repos/pallets/flask/issues/2764",
            "id": 387498772,
            "node_id": "MDEyOklzc3VlQ29tbWVudDM4NzQ5ODc3Mg==",
            "user": {
                "login": "mgalgs",
                "id": 152014,
                "node_id": "MDQ6VXNlcjE1MjAxNA==",
                "avatar_url": "https://avatars2.githubusercontent.com/u/152014?v=4",
                "gravatar_id": "",
                "url": "https://api.github.com/users/mgalgs",
                "html_url": "https://github.com/mgalgs",
                "followers_url": "https://api.github.com/users/mgalgs/followers",
                "following_url": "https://api.github.com/users/mgalgs/following{/other_user}",
                "gists_url": "https://api.github.com/users/mgalgs/gists{/gist_id}",
                "starred_url": "https://api.github.com/users/mgalgs/starred{/owner}{/repo}",
                "subscriptions_url": "https://api.github.com/users/mgalgs/subscriptions",
                "organizations_url": "https://api.github.com/users/mgalgs/orgs",
                "repos_url": "https://api.github.com/users/mgalgs/repos",
                "events_url": "https://api.github.com/users/mgalgs/events{/privacy}",
                "received_events_url": "https://api.github.com/users/mgalgs/received_events",
                "type": "User",
                "site_admin": false
            },
            "created_at": "2018-05-08T18:31:06Z",
            "updated_at": "2018-05-08T18:31:06Z",
            "author_association": "CONTRIBUTOR",
            "body": "> Add a link to the end of the \"Install Flask\" section instead.\r\n\r\nDone"
        }
    ]
}