{
    "url": "https://api.github.com/repos/pallets/flask/issues/2765",
    "repository_url": "https://api.github.com/repos/pallets/flask",
    "labels_url": "https://api.github.com/repos/pallets/flask/issues/2765/labels{/name}",
    "comments_url": "https://api.github.com/repos/pallets/flask/issues/2765/comments",
    "events_url": "https://api.github.com/repos/pallets/flask/issues/2765/events",
    "html_url": "https://github.com/pallets/flask/pull/2765",
    "id": 321251517,
    "node_id": "MDExOlB1bGxSZXF1ZXN0MTg2NjgzOTM0",
    "number": 2765,
    "title": "Add option to not overwrite debug flag in cli",
    "user": {
        "login": "ThiefMaster",
        "id": 179599,
        "node_id": "MDQ6VXNlcjE3OTU5OQ==",
        "avatar_url": "https://avatars1.githubusercontent.com/u/179599?v=4",
        "gravatar_id": "",
        "url": "https://api.github.com/users/ThiefMaster",
        "html_url": "https://github.com/ThiefMaster",
        "followers_url": "https://api.github.com/users/ThiefMaster/followers",
        "following_url": "https://api.github.com/users/ThiefMaster/following{/other_user}",
        "gists_url": "https://api.github.com/users/ThiefMaster/gists{/gist_id}",
        "starred_url": "https://api.github.com/users/ThiefMaster/starred{/owner}{/repo}",
        "subscriptions_url": "https://api.github.com/users/ThiefMaster/subscriptions",
        "organizations_url": "https://api.github.com/users/ThiefMaster/orgs",
        "repos_url": "https://api.github.com/users/ThiefMaster/repos",
        "events_url": "https://api.github.com/users/ThiefMaster/events{/privacy}",
        "received_events_url": "https://api.github.com/users/ThiefMaster/received_events",
        "type": "User",
        "site_admin": false
    },
    "labels": [
        {
            "id": 380608249,
            "node_id": "MDU6TGFiZWwzODA2MDgyNDk=",
            "url": "https://api.github.com/repos/pallets/flask/labels/cli",
            "name": "cli",
            "color": "1d76db",
            "default": false,
            "description": null
        }
    ],
    "state": "closed",
    "locked": false,
    "assignee": null,
    "assignees": [],
    "milestone": {
        "url": "https://api.github.com/repos/pallets/flask/milestones/7",
        "html_url": "https://github.com/pallets/flask/milestone/7",
        "labels_url": "https://api.github.com/repos/pallets/flask/milestones/7/labels",
        "id": 3354647,
        "node_id": "MDk6TWlsZXN0b25lMzM1NDY0Nw==",
        "number": 7,
        "title": "1.0.3",
        "description": "",
        "creator": {
            "login": "davidism",
            "id": 1242887,
            "node_id": "MDQ6VXNlcjEyNDI4ODc=",
            "avatar_url": "https://avatars1.githubusercontent.com/u/1242887?v=4",
            "gravatar_id": "",
            "url": "https://api.github.com/users/davidism",
            "html_url": "https://github.com/davidism",
            "followers_url": "https://api.github.com/users/davidism/followers",
            "following_url": "https://api.github.com/users/davidism/following{/other_user}",
            "gists_url": "https://api.github.com/users/davidism/gists{/gist_id}",
            "starred_url": "https://api.github.com/users/davidism/starred{/owner}{/repo}",
            "subscriptions_url": "https://api.github.com/users/davidism/subscriptions",
            "organizations_url": "https://api.github.com/users/davidism/orgs",
            "repos_url": "https://api.github.com/users/davidism/repos",
            "events_url": "https://api.github.com/users/davidism/events{/privacy}",
            "received_events_url": "https://api.github.com/users/davidism/received_events",
            "type": "User",
            "site_admin": false
        },
        "open_issues": 0,
        "closed_issues": 31,
        "state": "closed",
        "created_at": "2018-05-17T13:23:45Z",
        "updated_at": "2019-05-17T17:43:44Z",
        "due_on": null,
        "closed_at": "2019-05-17T17:43:44Z"
    },
    "comments": 0,
    "created_at": "2018-05-08T16:10:09Z",
    "updated_at": "2019-01-07T14:52:56Z",
    "closed_at": "2018-06-14T11:31:01Z",
    "author_association": "MEMBER",
    "pull_request": {
        "url": "https://api.github.com/repos/pallets/flask/pulls/2765",
        "html_url": "https://github.com/pallets/flask/pull/2765",
        "diff_url": "https://github.com/pallets/flask/pull/2765.diff",
        "patch_url": "https://github.com/pallets/flask/pull/2765.patch"
    },
    "body": "This is intended for custom CLIs that may load a config file which already sets the debug flag and does not make use of the `FLASK_*` env vars at all.\r\n\r\nFiled against 1,0-maintenance since this is functionality that was present before and was lost between 0.12 and 1.0."
}