{
    "url": "https://api.github.com/repos/pallets/flask/issues/2768",
    "repository_url": "https://api.github.com/repos/pallets/flask",
    "labels_url": "https://api.github.com/repos/pallets/flask/issues/2768/labels{/name}",
    "comments_url": "https://api.github.com/repos/pallets/flask/issues/2768/comments",
    "events_url": "https://api.github.com/repos/pallets/flask/issues/2768/events",
    "html_url": "https://github.com/pallets/flask/issues/2768",
    "id": 321479644,
    "node_id": "MDU6SXNzdWUzMjE0Nzk2NDQ=",
    "number": 2768,
    "title": "Traceback shown when running `flask` without any args or an app",
    "user": {
        "login": "ThiefMaster",
        "id": 179599,
        "node_id": "MDQ6VXNlcjE3OTU5OQ==",
        "avatar_url": "https://avatars1.githubusercontent.com/u/179599?v=4",
        "gravatar_id": "",
        "url": "https://api.github.com/users/ThiefMaster",
        "html_url": "https://github.com/ThiefMaster",
        "followers_url": "https://api.github.com/users/ThiefMaster/followers",
        "following_url": "https://api.github.com/users/ThiefMaster/following{/other_user}",
        "gists_url": "https://api.github.com/users/ThiefMaster/gists{/gist_id}",
        "starred_url": "https://api.github.com/users/ThiefMaster/starred{/owner}{/repo}",
        "subscriptions_url": "https://api.github.com/users/ThiefMaster/subscriptions",
        "organizations_url": "https://api.github.com/users/ThiefMaster/orgs",
        "repos_url": "https://api.github.com/users/ThiefMaster/repos",
        "events_url": "https://api.github.com/users/ThiefMaster/events{/privacy}",
        "received_events_url": "https://api.github.com/users/ThiefMaster/received_events",
        "type": "User",
        "site_admin": false
    },
    "labels": [],
    "state": "closed",
    "locked": false,
    "assignee": null,
    "assignees": [],
    "milestone": null,
    "comments": 2,
    "created_at": "2018-05-09T08:35:46Z",
    "updated_at": "2018-05-09T13:29:04Z",
    "closed_at": "2018-05-09T13:29:04Z",
    "author_association": "MEMBER",
    "body": "### Expected Behavior\r\n\r\nOnly the error message / usage information being printed\r\n\r\n### Actual Behavior\r\n\r\nA traceback shows up above the usage information.\r\n\r\n### Environment\r\n\r\n* Python version: 2.7.14\r\n* Flask version: 1.0.2\r\n* Werkzeug version: 0.14.1\r\n\r\n\r\n---\r\n\r\n\r\n```\r\n[adrian@blackhole:/tmp]> virtualenv testenv\r\nNew python executable in /tmp/testenv/bin/python2.7\r\nAlso creating executable in /tmp/testenv/bin/python\r\nInstalling setuptools, pip, wheel...done.\r\n\r\n[adrian@blackhole:/tmp]> ./testenv/bin/pip install flask\r\nCollecting flask\r\n  Using cached https://files.pythonhosted.org/packages/7f/e7/08578774ed4536d3242b14dacb4696386634607af824ea997202cd0edb4b/Flask-1.0.2-py2.py3-none-any.whl\r\nCollecting Werkzeug>=0.14 (from flask)\r\n  Using cached https://files.pythonhosted.org/packages/20/c4/12e3e56473e52375aa29c4764e70d1b8f3efa6682bef8d0aae04fe335243/Werkzeug-0.14.1-py2.py3-none-any.whl\r\nCollecting click>=5.1 (from flask)\r\n  Using cached https://files.pythonhosted.org/packages/34/c1/8806f99713ddb993c5366c362b2f908f18269f8d792aff1abfd700775a77/click-6.7-py2.py3-none-any.whl\r\nCollecting itsdangerous>=0.24 (from flask)\r\nCollecting Jinja2>=2.10 (from flask)\r\n  Using cached https://files.pythonhosted.org/packages/7f/ff/ae64bacdfc95f27a016a7bed8e8686763ba4d277a78ca76f32659220a731/Jinja2-2.10-py2.py3-none-any.whl\r\nCollecting MarkupSafe>=0.23 (from Jinja2>=2.10->flask)\r\nInstalling collected packages: Werkzeug, click, itsdangerous, MarkupSafe, Jinja2, flask\r\nSuccessfully installed Jinja2-2.10 MarkupSafe-1.0 Werkzeug-0.14.1 click-6.7 flask-1.0.2 itsdangerous-0.24\r\n\r\n\r\n[adrian@blackhole:/tmp]> ./testenv/bin/flask\r\nTraceback (most recent call last):\r\n  File \"/tmp/testenv/lib/python2.7/site-packages/flask/cli.py\", line 529, in list_commands\r\n    rv.update(info.load_app().cli.list_commands(ctx))\r\n  File \"/tmp/testenv/lib/python2.7/site-packages/flask/cli.py\", line 384, in load_app\r\n    'Could not locate a Flask application. You did not provide '\r\nNoAppException: Could not locate a Flask application. You did not provide the \"FLASK_APP\" environment variable, and a \"wsgi.py\" or \"app.py\" module was not found in the current directory.\r\nUsage: flask [OPTIONS] COMMAND [ARGS]...\r\n\r\n  A general utility script for Flask applications.\r\n\r\n  Provides commands from Flask, extensions, and the application. Loads the\r\n  application defined in the FLASK_APP environment variable, or from a\r\n  wsgi.py file. Setting the FLASK_ENV environment variable to 'development'\r\n  will enable debug mode.\r\n\r\n    $ export FLASK_APP=hello.py\r\n    $ export FLASK_ENV=development\r\n    $ flask run\r\n\r\nOptions:\r\n  --version  Show the flask version\r\n  --help     Show this message and exit.\r\n\r\nCommands:\r\n  routes  Show the routes for the app.\r\n  run     Runs a development server.\r\n  shell   Runs a shell in the app context.\r\n```",
    "comments_inline": [
        {
            "url": "https://api.github.com/repos/pallets/flask/issues/comments/387737774",
            "html_url": "https://github.com/pallets/flask/issues/2768#issuecomment-387737774",
            "issue_url": "https://api.github.com/repos/pallets/flask/issues/2768",
            "id": 387737774,
            "node_id": "MDEyOklzc3VlQ29tbWVudDM4NzczNzc3NA==",
            "user": {
                "login": "davidism",
                "id": 1242887,
                "node_id": "MDQ6VXNlcjEyNDI4ODc=",
                "avatar_url": "https://avatars1.githubusercontent.com/u/1242887?v=4",
                "gravatar_id": "",
                "url": "https://api.github.com/users/davidism",
                "html_url": "https://github.com/davidism",
                "followers_url": "https://api.github.com/users/davidism/followers",
                "following_url": "https://api.github.com/users/davidism/following{/other_user}",
                "gists_url": "https://api.github.com/users/davidism/gists{/gist_id}",
                "starred_url": "https://api.github.com/users/davidism/starred{/owner}{/repo}",
                "subscriptions_url": "https://api.github.com/users/davidism/subscriptions",
                "organizations_url": "https://api.github.com/users/davidism/orgs",
                "repos_url": "https://api.github.com/users/davidism/repos",
                "events_url": "https://api.github.com/users/davidism/events{/privacy}",
                "received_events_url": "https://api.github.com/users/davidism/received_events",
                "type": "User",
                "site_admin": false
            },
            "created_at": "2018-05-09T13:26:36Z",
            "updated_at": "2018-05-09T13:26:36Z",
            "author_association": "MEMBER",
            "body": "Didn't it originally only show the error message then someone made a PR adding the traceback? I'm wary of removing the traceback, since it could contain information about import or syntax errors.\r\n\r\nPossible duplicate of #2741?"
        },
        {
            "url": "https://api.github.com/repos/pallets/flask/issues/comments/387738529",
            "html_url": "https://github.com/pallets/flask/issues/2768#issuecomment-387738529",
            "issue_url": "https://api.github.com/repos/pallets/flask/issues/2768",
            "id": 387738529,
            "node_id": "MDEyOklzc3VlQ29tbWVudDM4NzczODUyOQ==",
            "user": {
                "login": "ThiefMaster",
                "id": 179599,
                "node_id": "MDQ6VXNlcjE3OTU5OQ==",
                "avatar_url": "https://avatars1.githubusercontent.com/u/179599?v=4",
                "gravatar_id": "",
                "url": "https://api.github.com/users/ThiefMaster",
                "html_url": "https://github.com/ThiefMaster",
                "followers_url": "https://api.github.com/users/ThiefMaster/followers",
                "following_url": "https://api.github.com/users/ThiefMaster/following{/other_user}",
                "gists_url": "https://api.github.com/users/ThiefMaster/gists{/gist_id}",
                "starred_url": "https://api.github.com/users/ThiefMaster/starred{/owner}{/repo}",
                "subscriptions_url": "https://api.github.com/users/ThiefMaster/subscriptions",
                "organizations_url": "https://api.github.com/users/ThiefMaster/orgs",
                "repos_url": "https://api.github.com/users/ThiefMaster/repos",
                "events_url": "https://api.github.com/users/ThiefMaster/events{/privacy}",
                "received_events_url": "https://api.github.com/users/ThiefMaster/received_events",
                "type": "User",
                "site_admin": false
            },
            "created_at": "2018-05-09T13:29:03Z",
            "updated_at": "2018-05-09T13:29:03Z",
            "author_association": "MEMBER",
            "body": "Yeah, duplicate of that issue. I think the traceback makes sense if a `FLASK_APP` is set/found, but not if there's simply nothing to import."
        }
    ]
}