{
    "url": "https://api.github.com/repos/pallets/flask/issues/2769",
    "repository_url": "https://api.github.com/repos/pallets/flask",
    "labels_url": "https://api.github.com/repos/pallets/flask/issues/2769/labels{/name}",
    "comments_url": "https://api.github.com/repos/pallets/flask/issues/2769/comments",
    "events_url": "https://api.github.com/repos/pallets/flask/issues/2769/events",
    "html_url": "https://github.com/pallets/flask/pull/2769",
    "id": 321556349,
    "node_id": "MDExOlB1bGxSZXF1ZXN0MTg2OTExMjI1",
    "number": 2769,
    "title": "Remove test",
    "user": {
        "login": "andreeagherman",
        "id": 29863823,
        "node_id": "MDQ6VXNlcjI5ODYzODIz",
        "avatar_url": "https://avatars3.githubusercontent.com/u/29863823?v=4",
        "gravatar_id": "",
        "url": "https://api.github.com/users/andreeagherman",
        "html_url": "https://github.com/andreeagherman",
        "followers_url": "https://api.github.com/users/andreeagherman/followers",
        "following_url": "https://api.github.com/users/andreeagherman/following{/other_user}",
        "gists_url": "https://api.github.com/users/andreeagherman/gists{/gist_id}",
        "starred_url": "https://api.github.com/users/andreeagherman/starred{/owner}{/repo}",
        "subscriptions_url": "https://api.github.com/users/andreeagherman/subscriptions",
        "organizations_url": "https://api.github.com/users/andreeagherman/orgs",
        "repos_url": "https://api.github.com/users/andreeagherman/repos",
        "events_url": "https://api.github.com/users/andreeagherman/events{/privacy}",
        "received_events_url": "https://api.github.com/users/andreeagherman/received_events",
        "type": "User",
        "site_admin": false
    },
    "labels": [],
    "state": "closed",
    "locked": false,
    "assignee": null,
    "assignees": [],
    "milestone": null,
    "comments": 2,
    "created_at": "2018-05-09T12:47:31Z",
    "updated_at": "2018-05-09T14:26:56Z",
    "closed_at": "2018-05-09T12:49:19Z",
    "author_association": "NONE",
    "pull_request": {
        "url": "https://api.github.com/repos/pallets/flask/pulls/2769",
        "html_url": "https://github.com/pallets/flask/pull/2769",
        "diff_url": "https://github.com/pallets/flask/pull/2769.diff",
        "patch_url": "https://github.com/pallets/flask/pull/2769.patch"
    },
    "body": "Test codecov\r\n",
    "comments_inline": [
        {
            "url": "https://api.github.com/repos/pallets/flask/issues/comments/387727530",
            "html_url": "https://github.com/pallets/flask/pull/2769#issuecomment-387727530",
            "issue_url": "https://api.github.com/repos/pallets/flask/issues/2769",
            "id": 387727530,
            "node_id": "MDEyOklzc3VlQ29tbWVudDM4NzcyNzUzMA==",
            "user": {
                "login": "ThiefMaster",
                "id": 179599,
                "node_id": "MDQ6VXNlcjE3OTU5OQ==",
                "avatar_url": "https://avatars1.githubusercontent.com/u/179599?v=4",
                "gravatar_id": "",
                "url": "https://api.github.com/users/ThiefMaster",
                "html_url": "https://github.com/ThiefMaster",
                "followers_url": "https://api.github.com/users/ThiefMaster/followers",
                "following_url": "https://api.github.com/users/ThiefMaster/following{/other_user}",
                "gists_url": "https://api.github.com/users/ThiefMaster/gists{/gist_id}",
                "starred_url": "https://api.github.com/users/ThiefMaster/starred{/owner}{/repo}",
                "subscriptions_url": "https://api.github.com/users/ThiefMaster/subscriptions",
                "organizations_url": "https://api.github.com/users/ThiefMaster/orgs",
                "repos_url": "https://api.github.com/users/ThiefMaster/repos",
                "events_url": "https://api.github.com/users/ThiefMaster/events{/privacy}",
                "received_events_url": "https://api.github.com/users/ThiefMaster/received_events",
                "type": "User",
                "site_admin": false
            },
            "created_at": "2018-05-09T12:49:55Z",
            "updated_at": "2018-05-09T12:49:55Z",
            "author_association": "MEMBER",
            "body": "Please don't add noise to other people's repos or projects by sending \"test\" pull requests."
        },
        {
            "url": "https://api.github.com/repos/pallets/flask/issues/comments/387757314",
            "html_url": "https://github.com/pallets/flask/pull/2769#issuecomment-387757314",
            "issue_url": "https://api.github.com/repos/pallets/flask/issues/2769",
            "id": 387757314,
            "node_id": "MDEyOklzc3VlQ29tbWVudDM4Nzc1NzMxNA==",
            "user": {
                "login": "andreeagherman",
                "id": 29863823,
                "node_id": "MDQ6VXNlcjI5ODYzODIz",
                "avatar_url": "https://avatars3.githubusercontent.com/u/29863823?v=4",
                "gravatar_id": "",
                "url": "https://api.github.com/users/andreeagherman",
                "html_url": "https://github.com/andreeagherman",
                "followers_url": "https://api.github.com/users/andreeagherman/followers",
                "following_url": "https://api.github.com/users/andreeagherman/following{/other_user}",
                "gists_url": "https://api.github.com/users/andreeagherman/gists{/gist_id}",
                "starred_url": "https://api.github.com/users/andreeagherman/starred{/owner}{/repo}",
                "subscriptions_url": "https://api.github.com/users/andreeagherman/subscriptions",
                "organizations_url": "https://api.github.com/users/andreeagherman/orgs",
                "repos_url": "https://api.github.com/users/andreeagherman/repos",
                "events_url": "https://api.github.com/users/andreeagherman/events{/privacy}",
                "received_events_url": "https://api.github.com/users/andreeagherman/received_events",
                "type": "User",
                "site_admin": false
            },
            "created_at": "2018-05-09T14:26:56Z",
            "updated_at": "2018-05-09T14:26:56Z",
            "author_association": "NONE",
            "body": "Sorry. That was entirely by mistake!\n\nOn Wed, 9 May 2018, 13:50 Adrian, <notifications@github.com> wrote:\n\n> Please don't add noise to other people's repos or projects by sending\n> \"test\" pull requests.\n>\n> \u2014\n> You are receiving this because you modified the open/close state.\n> Reply to this email directly, view it on GitHub\n> <https://github.com/pallets/flask/pull/2769#issuecomment-387727530>, or mute\n> the thread\n> <https://github.com/notifications/unsubscribe-auth/Acevj9KZOcQRZQb5JoUCfaWSmZ6p94Glks5twuYhgaJpZM4T4Qa9>\n> .\n>\n"
        }
    ]
}