{
    "url": "https://api.github.com/repos/pallets/flask/issues/2771",
    "repository_url": "https://api.github.com/repos/pallets/flask",
    "labels_url": "https://api.github.com/repos/pallets/flask/issues/2771/labels{/name}",
    "comments_url": "https://api.github.com/repos/pallets/flask/issues/2771/comments",
    "events_url": "https://api.github.com/repos/pallets/flask/issues/2771/events",
    "html_url": "https://github.com/pallets/flask/issues/2771",
    "id": 322363404,
    "node_id": "MDU6SXNzdWUzMjIzNjM0MDQ=",
    "number": 2771,
    "title": "can't run flask demo direct with F5 (idle) after upgrade to flask1.0?",
    "user": {
        "login": "aekojiang",
        "id": 38889435,
        "node_id": "MDQ6VXNlcjM4ODg5NDM1",
        "avatar_url": "https://avatars3.githubusercontent.com/u/38889435?v=4",
        "gravatar_id": "",
        "url": "https://api.github.com/users/aekojiang",
        "html_url": "https://github.com/aekojiang",
        "followers_url": "https://api.github.com/users/aekojiang/followers",
        "following_url": "https://api.github.com/users/aekojiang/following{/other_user}",
        "gists_url": "https://api.github.com/users/aekojiang/gists{/gist_id}",
        "starred_url": "https://api.github.com/users/aekojiang/starred{/owner}{/repo}",
        "subscriptions_url": "https://api.github.com/users/aekojiang/subscriptions",
        "organizations_url": "https://api.github.com/users/aekojiang/orgs",
        "repos_url": "https://api.github.com/users/aekojiang/repos",
        "events_url": "https://api.github.com/users/aekojiang/events{/privacy}",
        "received_events_url": "https://api.github.com/users/aekojiang/received_events",
        "type": "User",
        "site_admin": false
    },
    "labels": [],
    "state": "closed",
    "locked": false,
    "assignee": null,
    "assignees": [],
    "milestone": null,
    "comments": 4,
    "created_at": "2018-05-11T16:46:22Z",
    "updated_at": "2019-07-10T16:08:28Z",
    "closed_at": "2018-05-18T14:24:24Z",
    "author_association": "NONE",
    "body": "after upgrade to flask 1.0.2, it seems not possible to direct run even the simple demo app through direct pressing F5 within idle?\r\n\r\nbut it can still be run through command \"flask run\" or in shell with \"python demo.py\"\r\nis this normal case after upgrade?\r\n\r\nthe python shell feedback see below:\r\n\r\n---\r\n\r\n\r\n\r\n```python\r\nfrom flask import Flask\r\napp = Flask(__name__)\r\n\r\n@app.route('/')\r\ndef hello_world():\r\n    return 'Hello World!'\r\n\r\nif __name__ == '__main__':\r\n    app.run(port=80, debug=False, threaded=True)\r\n```\r\n\r\n### Actual Behavior\r\n\r\nTell us what happens instead.\r\n\r\n```pytb\r\nTraceback (most recent call last):\r\n  File \"C:\\Users\\dell\\AppData\\Local\\Programs\\Python\\Python36\\flasktest.py\", line 9, in <module>\r\n    app.run(port=80, debug=False, threaded=True)\r\n  File \"C:\\Users\\dell\\AppData\\Local\\Programs\\Python\\Python36\\lib\\site-packages\\flask\\app.py\", line 938, in run\r\n    cli.show_server_banner(self.env, self.debug, self.name, False)\r\n  File \"C:\\Users\\dell\\AppData\\Local\\Programs\\Python\\Python36\\lib\\site-packages\\flask\\cli.py\", line 629, in show_server_banner\r\n    click.echo(message)\r\n  File \"C:\\Users\\dell\\AppData\\Local\\Programs\\Python\\Python36\\lib\\site-packages\\click\\utils.py\", line 217, in echo\r\n    file = _default_text_stdout()\r\n  File \"C:\\Users\\dell\\AppData\\Local\\Programs\\Python\\Python36\\lib\\site-packages\\click\\_compat.py\", line 621, in func\r\n    rv = wrapper_func()\r\n  File \"C:\\Users\\dell\\AppData\\Local\\Programs\\Python\\Python36\\lib\\site-packages\\click\\_compat.py\", line 385, in get_text_stdout\r\n    rv = _get_windows_console_stream(sys.stdout, encoding, errors)\r\n  File \"C:\\Users\\dell\\AppData\\Local\\Programs\\Python\\Python36\\lib\\site-packages\\click\\_winconsole.py\", line 261, in _get_windows_console_stream\r\n    func = _stream_factories.get(f.fileno())\r\nio.UnsupportedOperation: fileno\r\n```\r\n\r\n### Environment\r\n\r\n* Python version: python3.6.4\r\n* Flask version: flask1.0.2\r\n* Werkzeug version:\r\n",
    "comments_inline": [
        {
            "url": "https://api.github.com/repos/pallets/flask/issues/comments/388575397",
            "html_url": "https://github.com/pallets/flask/issues/2771#issuecomment-388575397",
            "issue_url": "https://api.github.com/repos/pallets/flask/issues/2771",
            "id": 388575397,
            "node_id": "MDEyOklzc3VlQ29tbWVudDM4ODU3NTM5Nw==",
            "user": {
                "login": "ozzywalsh",
                "id": 18150509,
                "node_id": "MDQ6VXNlcjE4MTUwNTA5",
                "avatar_url": "https://avatars1.githubusercontent.com/u/18150509?v=4",
                "gravatar_id": "",
                "url": "https://api.github.com/users/ozzywalsh",
                "html_url": "https://github.com/ozzywalsh",
                "followers_url": "https://api.github.com/users/ozzywalsh/followers",
                "following_url": "https://api.github.com/users/ozzywalsh/following{/other_user}",
                "gists_url": "https://api.github.com/users/ozzywalsh/gists{/gist_id}",
                "starred_url": "https://api.github.com/users/ozzywalsh/starred{/owner}{/repo}",
                "subscriptions_url": "https://api.github.com/users/ozzywalsh/subscriptions",
                "organizations_url": "https://api.github.com/users/ozzywalsh/orgs",
                "repos_url": "https://api.github.com/users/ozzywalsh/repos",
                "events_url": "https://api.github.com/users/ozzywalsh/events{/privacy}",
                "received_events_url": "https://api.github.com/users/ozzywalsh/received_events",
                "type": "User",
                "site_admin": false
            },
            "created_at": "2018-05-12T18:52:15Z",
            "updated_at": "2018-05-12T18:52:15Z",
            "author_association": "NONE",
            "body": "Have you tried running it outside of IDLE?\r\n[This](https://stackoverflow.com/questions/31080829/python-error-io-unsupportedoperation-fileno?utm_medium=organic&utm_source=google_rich_qa&utm_campaign=google_rich_qa) stackoverflow question mentioned the same error being caused by IDLE."
        },
        {
            "url": "https://api.github.com/repos/pallets/flask/issues/comments/388604860",
            "html_url": "https://github.com/pallets/flask/issues/2771#issuecomment-388604860",
            "issue_url": "https://api.github.com/repos/pallets/flask/issues/2771",
            "id": 388604860,
            "node_id": "MDEyOklzc3VlQ29tbWVudDM4ODYwNDg2MA==",
            "user": {
                "login": "aekojiang",
                "id": 38889435,
                "node_id": "MDQ6VXNlcjM4ODg5NDM1",
                "avatar_url": "https://avatars3.githubusercontent.com/u/38889435?v=4",
                "gravatar_id": "",
                "url": "https://api.github.com/users/aekojiang",
                "html_url": "https://github.com/aekojiang",
                "followers_url": "https://api.github.com/users/aekojiang/followers",
                "following_url": "https://api.github.com/users/aekojiang/following{/other_user}",
                "gists_url": "https://api.github.com/users/aekojiang/gists{/gist_id}",
                "starred_url": "https://api.github.com/users/aekojiang/starred{/owner}{/repo}",
                "subscriptions_url": "https://api.github.com/users/aekojiang/subscriptions",
                "organizations_url": "https://api.github.com/users/aekojiang/orgs",
                "repos_url": "https://api.github.com/users/aekojiang/repos",
                "events_url": "https://api.github.com/users/aekojiang/events{/privacy}",
                "received_events_url": "https://api.github.com/users/aekojiang/received_events",
                "type": "User",
                "site_admin": false
            },
            "created_at": "2018-05-13T06:31:03Z",
            "updated_at": "2018-05-13T06:31:03Z",
            "author_association": "NONE",
            "body": "Yes, I can run the demo and also my other flask-apps both well through shell command \"flask run\" (as development server) and also \"python demo.py\" (as production server). It both works.\r\nOnly can't directly run it by pressing F5 in IDLE, which it used to work before flask1.0.\r\nI've test in 2 computers after upgrade to flask1.0.  The Situations are same. So I guess it may be related to the new version.\r\n"
        },
        {
            "url": "https://api.github.com/repos/pallets/flask/issues/comments/390223736",
            "html_url": "https://github.com/pallets/flask/issues/2771#issuecomment-390223736",
            "issue_url": "https://api.github.com/repos/pallets/flask/issues/2771",
            "id": 390223736,
            "node_id": "MDEyOklzc3VlQ29tbWVudDM5MDIyMzczNg==",
            "user": {
                "login": "doobeh",
                "id": 470417,
                "node_id": "MDQ6VXNlcjQ3MDQxNw==",
                "avatar_url": "https://avatars2.githubusercontent.com/u/470417?v=4",
                "gravatar_id": "",
                "url": "https://api.github.com/users/doobeh",
                "html_url": "https://github.com/doobeh",
                "followers_url": "https://api.github.com/users/doobeh/followers",
                "following_url": "https://api.github.com/users/doobeh/following{/other_user}",
                "gists_url": "https://api.github.com/users/doobeh/gists{/gist_id}",
                "starred_url": "https://api.github.com/users/doobeh/starred{/owner}{/repo}",
                "subscriptions_url": "https://api.github.com/users/doobeh/subscriptions",
                "organizations_url": "https://api.github.com/users/doobeh/orgs",
                "repos_url": "https://api.github.com/users/doobeh/repos",
                "events_url": "https://api.github.com/users/doobeh/events{/privacy}",
                "received_events_url": "https://api.github.com/users/doobeh/received_events",
                "type": "User",
                "site_admin": false
            },
            "created_at": "2018-05-18T14:24:18Z",
            "updated_at": "2018-05-18T14:24:18Z",
            "author_association": "CONTRIBUTOR",
            "body": "Looks like this is caused by the `click` package-- I'll raise an issue over there and close this one up.  Thanks for catching it @aekojiang."
        },
        {
            "url": "https://api.github.com/repos/pallets/flask/issues/comments/414956139",
            "html_url": "https://github.com/pallets/flask/issues/2771#issuecomment-414956139",
            "issue_url": "https://api.github.com/repos/pallets/flask/issues/2771",
            "id": 414956139,
            "node_id": "MDEyOklzc3VlQ29tbWVudDQxNDk1NjEzOQ==",
            "user": {
                "login": "Krishantha01",
                "id": 26331668,
                "node_id": "MDQ6VXNlcjI2MzMxNjY4",
                "avatar_url": "https://avatars2.githubusercontent.com/u/26331668?v=4",
                "gravatar_id": "",
                "url": "https://api.github.com/users/Krishantha01",
                "html_url": "https://github.com/Krishantha01",
                "followers_url": "https://api.github.com/users/Krishantha01/followers",
                "following_url": "https://api.github.com/users/Krishantha01/following{/other_user}",
                "gists_url": "https://api.github.com/users/Krishantha01/gists{/gist_id}",
                "starred_url": "https://api.github.com/users/Krishantha01/starred{/owner}{/repo}",
                "subscriptions_url": "https://api.github.com/users/Krishantha01/subscriptions",
                "organizations_url": "https://api.github.com/users/Krishantha01/orgs",
                "repos_url": "https://api.github.com/users/Krishantha01/repos",
                "events_url": "https://api.github.com/users/Krishantha01/events{/privacy}",
                "received_events_url": "https://api.github.com/users/Krishantha01/received_events",
                "type": "User",
                "site_admin": false
            },
            "created_at": "2018-08-22T08:34:32Z",
            "updated_at": "2018-08-22T08:34:32Z",
            "author_association": "NONE",
            "body": "run the saved file. ex : pythonpractice.py"
        }
    ]
}