{
    "url": "https://api.github.com/repos/pallets/flask/issues/2773",
    "repository_url": "https://api.github.com/repos/pallets/flask",
    "labels_url": "https://api.github.com/repos/pallets/flask/issues/2773/labels{/name}",
    "comments_url": "https://api.github.com/repos/pallets/flask/issues/2773/comments",
    "events_url": "https://api.github.com/repos/pallets/flask/issues/2773/events",
    "html_url": "https://github.com/pallets/flask/issues/2773",
    "id": 322494009,
    "node_id": "MDU6SXNzdWUzMjI0OTQwMDk=",
    "number": 2773,
    "title": "make audit still available, whereas the corresponding setup command is gone",
    "user": {
        "login": "nicolaiarocci",
        "id": 512968,
        "node_id": "MDQ6VXNlcjUxMjk2OA==",
        "avatar_url": "https://avatars2.githubusercontent.com/u/512968?v=4",
        "gravatar_id": "",
        "url": "https://api.github.com/users/nicolaiarocci",
        "html_url": "https://github.com/nicolaiarocci",
        "followers_url": "https://api.github.com/users/nicolaiarocci/followers",
        "following_url": "https://api.github.com/users/nicolaiarocci/following{/other_user}",
        "gists_url": "https://api.github.com/users/nicolaiarocci/gists{/gist_id}",
        "starred_url": "https://api.github.com/users/nicolaiarocci/starred{/owner}{/repo}",
        "subscriptions_url": "https://api.github.com/users/nicolaiarocci/subscriptions",
        "organizations_url": "https://api.github.com/users/nicolaiarocci/orgs",
        "repos_url": "https://api.github.com/users/nicolaiarocci/repos",
        "events_url": "https://api.github.com/users/nicolaiarocci/events{/privacy}",
        "received_events_url": "https://api.github.com/users/nicolaiarocci/received_events",
        "type": "User",
        "site_admin": false
    },
    "labels": [],
    "state": "closed",
    "locked": false,
    "assignee": null,
    "assignees": [],
    "milestone": null,
    "comments": 0,
    "created_at": "2018-05-12T08:33:40Z",
    "updated_at": "2018-05-13T13:18:09Z",
    "closed_at": "2018-05-13T13:18:09Z",
    "author_association": "CONTRIBUTOR",
    "body": "When the `audit` command was removed (https://github.com/pallets/flask/commit/4fca38c078142744922a8c763bc1468e680a830d), the corresponding shortcut in `Makefile` was not deleted. \r\n\r\n    $ make audit\r\n    \r\n    error: invalid command 'audit'\r\n    make: *** [audit] Error 1\r\n\r\nThe shortcut was never documented, so it is unlikely that anyone will use it, but still..."
}