{
    "url": "https://api.github.com/repos/pallets/flask/issues/2774",
    "repository_url": "https://api.github.com/repos/pallets/flask",
    "labels_url": "https://api.github.com/repos/pallets/flask/issues/2774/labels{/name}",
    "comments_url": "https://api.github.com/repos/pallets/flask/issues/2774/comments",
    "events_url": "https://api.github.com/repos/pallets/flask/issues/2774/events",
    "html_url": "https://github.com/pallets/flask/pull/2774",
    "id": 322494113,
    "node_id": "MDExOlB1bGxSZXF1ZXN0MTg3NjExMjky",
    "number": 2774,
    "title": "Remove now obsolete 'audit' command from Makefile",
    "user": {
        "login": "nicolaiarocci",
        "id": 512968,
        "node_id": "MDQ6VXNlcjUxMjk2OA==",
        "avatar_url": "https://avatars2.githubusercontent.com/u/512968?v=4",
        "gravatar_id": "",
        "url": "https://api.github.com/users/nicolaiarocci",
        "html_url": "https://github.com/nicolaiarocci",
        "followers_url": "https://api.github.com/users/nicolaiarocci/followers",
        "following_url": "https://api.github.com/users/nicolaiarocci/following{/other_user}",
        "gists_url": "https://api.github.com/users/nicolaiarocci/gists{/gist_id}",
        "starred_url": "https://api.github.com/users/nicolaiarocci/starred{/owner}{/repo}",
        "subscriptions_url": "https://api.github.com/users/nicolaiarocci/subscriptions",
        "organizations_url": "https://api.github.com/users/nicolaiarocci/orgs",
        "repos_url": "https://api.github.com/users/nicolaiarocci/repos",
        "events_url": "https://api.github.com/users/nicolaiarocci/events{/privacy}",
        "received_events_url": "https://api.github.com/users/nicolaiarocci/received_events",
        "type": "User",
        "site_admin": false
    },
    "labels": [],
    "state": "closed",
    "locked": false,
    "assignee": null,
    "assignees": [],
    "milestone": null,
    "comments": 0,
    "created_at": "2018-05-12T08:35:41Z",
    "updated_at": "2018-05-13T13:18:09Z",
    "closed_at": "2018-05-13T13:18:09Z",
    "author_association": "CONTRIBUTOR",
    "pull_request": {
        "url": "https://api.github.com/repos/pallets/flask/pulls/2774",
        "html_url": "https://github.com/pallets/flask/pull/2774",
        "diff_url": "https://github.com/pallets/flask/pull/2774.diff",
        "patch_url": "https://github.com/pallets/flask/pull/2774.patch"
    },
    "body": "When 'audit' was removed from setup.py, the corresponding shortcut was\r\nleft in the Makefile. This commit removes the audit shortcut from\r\nMakefile.\r\n\r\nCloses #2773."
}