{
    "url": "https://api.github.com/repos/pallets/flask/issues/2775",
    "repository_url": "https://api.github.com/repos/pallets/flask",
    "labels_url": "https://api.github.com/repos/pallets/flask/issues/2775/labels{/name}",
    "comments_url": "https://api.github.com/repos/pallets/flask/issues/2775/comments",
    "events_url": "https://api.github.com/repos/pallets/flask/issues/2775/events",
    "html_url": "https://github.com/pallets/flask/pull/2775",
    "id": 322514945,
    "node_id": "MDExOlB1bGxSZXF1ZXN0MTg3NjIzMjYy",
    "number": 2775,
    "title": "Hi, I just translate readme.rst to Korean",
    "user": {
        "login": "h1m4",
        "id": 39118920,
        "node_id": "MDQ6VXNlcjM5MTE4OTIw",
        "avatar_url": "https://avatars1.githubusercontent.com/u/39118920?v=4",
        "gravatar_id": "",
        "url": "https://api.github.com/users/h1m4",
        "html_url": "https://github.com/h1m4",
        "followers_url": "https://api.github.com/users/h1m4/followers",
        "following_url": "https://api.github.com/users/h1m4/following{/other_user}",
        "gists_url": "https://api.github.com/users/h1m4/gists{/gist_id}",
        "starred_url": "https://api.github.com/users/h1m4/starred{/owner}{/repo}",
        "subscriptions_url": "https://api.github.com/users/h1m4/subscriptions",
        "organizations_url": "https://api.github.com/users/h1m4/orgs",
        "repos_url": "https://api.github.com/users/h1m4/repos",
        "events_url": "https://api.github.com/users/h1m4/events{/privacy}",
        "received_events_url": "https://api.github.com/users/h1m4/received_events",
        "type": "User",
        "site_admin": false
    },
    "labels": [],
    "state": "closed",
    "locked": false,
    "assignee": null,
    "assignees": [],
    "milestone": null,
    "comments": 2,
    "created_at": "2018-05-12T14:17:46Z",
    "updated_at": "2018-05-13T08:27:17Z",
    "closed_at": "2018-05-12T14:22:14Z",
    "author_association": "NONE",
    "pull_request": {
        "url": "https://api.github.com/repos/pallets/flask/pulls/2775",
        "html_url": "https://github.com/pallets/flask/pull/2775",
        "diff_url": "https://github.com/pallets/flask/pull/2775.diff",
        "patch_url": "https://github.com/pallets/flask/pull/2775.patch"
    },
    "body": "\r\n\r\n<!--\r\nCommit checklist:\r\n\r\n* add tests that fail without the patch\r\n* ensure all tests pass with ``pytest``\r\n* add documentation to the relevant docstrings or pages\r\n* add ``versionadded`` or ``versionchanged`` directives to relevant docstrings\r\n* add a changelog entry if this patch changes code\r\n\r\nTests, coverage, and docs will be run automatically when you submit the pull\r\nrequest, but running them yourself can save time.\r\n-->\r\n\r\n\r\nI translated it because I have not found any other translation in Korean yet.\r\nI am sorry to bother you if it already exists.\r\n",
    "comments_inline": [
        {
            "url": "https://api.github.com/repos/pallets/flask/issues/comments/388558542",
            "html_url": "https://github.com/pallets/flask/pull/2775#issuecomment-388558542",
            "issue_url": "https://api.github.com/repos/pallets/flask/issues/2775",
            "id": 388558542,
            "node_id": "MDEyOklzc3VlQ29tbWVudDM4ODU1ODU0Mg==",
            "user": {
                "login": "ThiefMaster",
                "id": 179599,
                "node_id": "MDQ6VXNlcjE3OTU5OQ==",
                "avatar_url": "https://avatars1.githubusercontent.com/u/179599?v=4",
                "gravatar_id": "",
                "url": "https://api.github.com/users/ThiefMaster",
                "html_url": "https://github.com/ThiefMaster",
                "followers_url": "https://api.github.com/users/ThiefMaster/followers",
                "following_url": "https://api.github.com/users/ThiefMaster/following{/other_user}",
                "gists_url": "https://api.github.com/users/ThiefMaster/gists{/gist_id}",
                "starred_url": "https://api.github.com/users/ThiefMaster/starred{/owner}{/repo}",
                "subscriptions_url": "https://api.github.com/users/ThiefMaster/subscriptions",
                "organizations_url": "https://api.github.com/users/ThiefMaster/orgs",
                "repos_url": "https://api.github.com/users/ThiefMaster/repos",
                "events_url": "https://api.github.com/users/ThiefMaster/events{/privacy}",
                "received_events_url": "https://api.github.com/users/ThiefMaster/received_events",
                "type": "User",
                "site_admin": false
            },
            "created_at": "2018-05-12T14:22:14Z",
            "updated_at": "2018-05-12T14:22:14Z",
            "author_association": "MEMBER",
            "body": "thanks, but I don't think we need translated readme files. they are likely to become outdated at some point."
        },
        {
            "url": "https://api.github.com/repos/pallets/flask/issues/comments/388610152",
            "html_url": "https://github.com/pallets/flask/pull/2775#issuecomment-388610152",
            "issue_url": "https://api.github.com/repos/pallets/flask/issues/2775",
            "id": 388610152,
            "node_id": "MDEyOklzc3VlQ29tbWVudDM4ODYxMDE1Mg==",
            "user": {
                "login": "RonnyPfannschmidt",
                "id": 156838,
                "node_id": "MDQ6VXNlcjE1NjgzOA==",
                "avatar_url": "https://avatars1.githubusercontent.com/u/156838?v=4",
                "gravatar_id": "",
                "url": "https://api.github.com/users/RonnyPfannschmidt",
                "html_url": "https://github.com/RonnyPfannschmidt",
                "followers_url": "https://api.github.com/users/RonnyPfannschmidt/followers",
                "following_url": "https://api.github.com/users/RonnyPfannschmidt/following{/other_user}",
                "gists_url": "https://api.github.com/users/RonnyPfannschmidt/gists{/gist_id}",
                "starred_url": "https://api.github.com/users/RonnyPfannschmidt/starred{/owner}{/repo}",
                "subscriptions_url": "https://api.github.com/users/RonnyPfannschmidt/subscriptions",
                "organizations_url": "https://api.github.com/users/RonnyPfannschmidt/orgs",
                "repos_url": "https://api.github.com/users/RonnyPfannschmidt/repos",
                "events_url": "https://api.github.com/users/RonnyPfannschmidt/events{/privacy}",
                "received_events_url": "https://api.github.com/users/RonnyPfannschmidt/received_events",
                "type": "User",
                "site_admin": false
            },
            "created_at": "2018-05-13T08:27:17Z",
            "updated_at": "2018-05-13T08:27:17Z",
            "author_association": "CONTRIBUTOR",
            "body": "@kllut i would like to note that we appreciate your effort to make flask more accessible to people not being native english speakers,\r\nbut we simply have no sensible means to ensure that it stays up to date and correct over time"
        }
    ]
}