{
    "url": "https://api.github.com/repos/pallets/flask/issues/2779",
    "repository_url": "https://api.github.com/repos/pallets/flask",
    "labels_url": "https://api.github.com/repos/pallets/flask/issues/2779/labels{/name}",
    "comments_url": "https://api.github.com/repos/pallets/flask/issues/2779/comments",
    "events_url": "https://api.github.com/repos/pallets/flask/issues/2779/events",
    "html_url": "https://github.com/pallets/flask/issues/2779",
    "id": 322587742,
    "node_id": "MDU6SXNzdWUzMjI1ODc3NDI=",
    "number": 2779,
    "title": "TypeErrorTypeError: set_cookie() got an unexpected keyword argument 'samesite'",
    "user": {
        "login": "Cosbgn",
        "id": 17546283,
        "node_id": "MDQ6VXNlcjE3NTQ2Mjgz",
        "avatar_url": "https://avatars3.githubusercontent.com/u/17546283?v=4",
        "gravatar_id": "",
        "url": "https://api.github.com/users/Cosbgn",
        "html_url": "https://github.com/Cosbgn",
        "followers_url": "https://api.github.com/users/Cosbgn/followers",
        "following_url": "https://api.github.com/users/Cosbgn/following{/other_user}",
        "gists_url": "https://api.github.com/users/Cosbgn/gists{/gist_id}",
        "starred_url": "https://api.github.com/users/Cosbgn/starred{/owner}{/repo}",
        "subscriptions_url": "https://api.github.com/users/Cosbgn/subscriptions",
        "organizations_url": "https://api.github.com/users/Cosbgn/orgs",
        "repos_url": "https://api.github.com/users/Cosbgn/repos",
        "events_url": "https://api.github.com/users/Cosbgn/events{/privacy}",
        "received_events_url": "https://api.github.com/users/Cosbgn/received_events",
        "type": "User",
        "site_admin": false
    },
    "labels": [],
    "state": "closed",
    "locked": false,
    "assignee": null,
    "assignees": [],
    "milestone": null,
    "comments": 5,
    "created_at": "2018-05-13T11:58:19Z",
    "updated_at": "2018-05-13T14:35:18Z",
    "closed_at": "2018-05-13T13:05:01Z",
    "author_association": "NONE",
    "body": "**This issue tracker is a tool to address bugs in Flask itself.\r\nPlease use the #pocoo IRC channel on freenode or Stack Overflow for general\r\nquestions about using Flask or issues not related to Flask.**\r\n\r\nIf you'd like to report a bug in Flask, fill out the template below. Provide\r\nany any extra information that may be useful / related to your problem.\r\nIdeally, create an [MCVE](http://stackoverflow.com/help/mcve), which helps us\r\nunderstand the problem and helps check that it is not caused by something in\r\nyour code.\r\n\r\n---\r\n\r\n### Expected Behavior\r\n\r\nI should be able to log in just by `session['profile'] = current_user`\r\n\r\n```python\r\nBefore Flask 1.X I could login simply by adding a user profile returned by `auth0` to flask session.\r\nThen check if session['profile'] is set to know if the user is logged in and who he is.\r\n```\r\n\r\n### Actual Behavior\r\n\r\nTell us what happens instead.\r\nI get: `set_cookie() got an unexpected keyword argument 'samesite'`\r\n\r\nI've added to my config file the following:\r\n`\tSESSION_COOKIE_SAMESITE='Lax'`\r\nI've also tried with \r\n`\tSESSION_COOKIE_SAMESITE='Strict'`\r\n\r\n```pytb\r\nPaste the full traceback if there was an exception.\r\n\r\nTraceback (most recent call last):\r\n  File \"/Users/c/Dev/Metri/Code/menv/lib/python3.6/site-packages/flask/app.py\", line 2309, in __call__\r\n    return self.wsgi_app(environ, start_response)\r\n  File \"/Users/c/Dev/Metri/Code/menv/lib/python3.6/site-packages/flask/app.py\", line 2295, in wsgi_app\r\n    response = self.handle_exception(e)\r\n  File \"/Users/c/Dev/Metri/Code/menv/lib/python3.6/site-packages/flask/app.py\", line 1741, in handle_exception\r\n    reraise(exc_type, exc_value, tb)\r\n  File \"/Users/c/Dev/Metri/Code/menv/lib/python3.6/site-packages/flask/_compat.py\", line 35, in reraise\r\n    raise value\r\n  File \"/Users/c/Dev/Metri/Code/menv/lib/python3.6/site-packages/flask/app.py\", line 2292, in wsgi_app\r\n    response = self.full_dispatch_request()\r\n  File \"/Users/c/Dev/Metri/Code/menv/lib/python3.6/site-packages/flask/app.py\", line 1816, in full_dispatch_request\r\n    return self.finalize_request(rv)\r\n  File \"/Users/c/Dev/Metri/Code/menv/lib/python3.6/site-packages/flask/app.py\", line 1833, in finalize_request\r\n    response = self.process_response(response)\r\n  File \"/Users/c/Dev/Metri/Code/menv/lib/python3.6/site-packages/flask/app.py\", line 2114, in process_response\r\n    self.session_interface.save_session(self, ctx.session, response)\r\n  File \"/Users/c/Dev/Metri/Code/menv/lib/python3.6/site-packages/flask/sessions.py\", line 384, in save_session\r\n    samesite=samesite\r\nTypeError: set_cookie() got an unexpected keyword argument 'samesite'\r\n```\r\n\r\n### Environment\r\n\r\n* Python version: Python 3.6.3\r\n* Flask version:1.0.2\r\n* Werkzeug version:0.12\r\n",
    "comments_inline": [
        {
            "url": "https://api.github.com/repos/pallets/flask/issues/comments/388623089",
            "html_url": "https://github.com/pallets/flask/issues/2779#issuecomment-388623089",
            "issue_url": "https://api.github.com/repos/pallets/flask/issues/2779",
            "id": 388623089,
            "node_id": "MDEyOklzc3VlQ29tbWVudDM4ODYyMzA4OQ==",
            "user": {
                "login": "RonnyPfannschmidt",
                "id": 156838,
                "node_id": "MDQ6VXNlcjE1NjgzOA==",
                "avatar_url": "https://avatars1.githubusercontent.com/u/156838?v=4",
                "gravatar_id": "",
                "url": "https://api.github.com/users/RonnyPfannschmidt",
                "html_url": "https://github.com/RonnyPfannschmidt",
                "followers_url": "https://api.github.com/users/RonnyPfannschmidt/followers",
                "following_url": "https://api.github.com/users/RonnyPfannschmidt/following{/other_user}",
                "gists_url": "https://api.github.com/users/RonnyPfannschmidt/gists{/gist_id}",
                "starred_url": "https://api.github.com/users/RonnyPfannschmidt/starred{/owner}{/repo}",
                "subscriptions_url": "https://api.github.com/users/RonnyPfannschmidt/subscriptions",
                "organizations_url": "https://api.github.com/users/RonnyPfannschmidt/orgs",
                "repos_url": "https://api.github.com/users/RonnyPfannschmidt/repos",
                "events_url": "https://api.github.com/users/RonnyPfannschmidt/events{/privacy}",
                "received_events_url": "https://api.github.com/users/RonnyPfannschmidt/received_events",
                "type": "User",
                "site_admin": false
            },
            "created_at": "2018-05-13T12:24:58Z",
            "updated_at": "2018-05-13T12:24:58Z",
            "author_association": "CONTRIBUTOR",
            "body": "please show a complete traceback"
        },
        {
            "url": "https://api.github.com/repos/pallets/flask/issues/comments/388623215",
            "html_url": "https://github.com/pallets/flask/issues/2779#issuecomment-388623215",
            "issue_url": "https://api.github.com/repos/pallets/flask/issues/2779",
            "id": 388623215,
            "node_id": "MDEyOklzc3VlQ29tbWVudDM4ODYyMzIxNQ==",
            "user": {
                "login": "Cosbgn",
                "id": 17546283,
                "node_id": "MDQ6VXNlcjE3NTQ2Mjgz",
                "avatar_url": "https://avatars3.githubusercontent.com/u/17546283?v=4",
                "gravatar_id": "",
                "url": "https://api.github.com/users/Cosbgn",
                "html_url": "https://github.com/Cosbgn",
                "followers_url": "https://api.github.com/users/Cosbgn/followers",
                "following_url": "https://api.github.com/users/Cosbgn/following{/other_user}",
                "gists_url": "https://api.github.com/users/Cosbgn/gists{/gist_id}",
                "starred_url": "https://api.github.com/users/Cosbgn/starred{/owner}{/repo}",
                "subscriptions_url": "https://api.github.com/users/Cosbgn/subscriptions",
                "organizations_url": "https://api.github.com/users/Cosbgn/orgs",
                "repos_url": "https://api.github.com/users/Cosbgn/repos",
                "events_url": "https://api.github.com/users/Cosbgn/events{/privacy}",
                "received_events_url": "https://api.github.com/users/Cosbgn/received_events",
                "type": "User",
                "site_admin": false
            },
            "created_at": "2018-05-13T12:27:21Z",
            "updated_at": "2018-05-13T12:27:21Z",
            "author_association": "NONE",
            "body": "@RonnyPfannschmidt I've updated the issue with the traceback "
        },
        {
            "url": "https://api.github.com/repos/pallets/flask/issues/comments/388625415",
            "html_url": "https://github.com/pallets/flask/issues/2779#issuecomment-388625415",
            "issue_url": "https://api.github.com/repos/pallets/flask/issues/2779",
            "id": 388625415,
            "node_id": "MDEyOklzc3VlQ29tbWVudDM4ODYyNTQxNQ==",
            "user": {
                "login": "davidism",
                "id": 1242887,
                "node_id": "MDQ6VXNlcjEyNDI4ODc=",
                "avatar_url": "https://avatars1.githubusercontent.com/u/1242887?v=4",
                "gravatar_id": "",
                "url": "https://api.github.com/users/davidism",
                "html_url": "https://github.com/davidism",
                "followers_url": "https://api.github.com/users/davidism/followers",
                "following_url": "https://api.github.com/users/davidism/following{/other_user}",
                "gists_url": "https://api.github.com/users/davidism/gists{/gist_id}",
                "starred_url": "https://api.github.com/users/davidism/starred{/owner}{/repo}",
                "subscriptions_url": "https://api.github.com/users/davidism/subscriptions",
                "organizations_url": "https://api.github.com/users/davidism/orgs",
                "repos_url": "https://api.github.com/users/davidism/repos",
                "events_url": "https://api.github.com/users/davidism/events{/privacy}",
                "received_events_url": "https://api.github.com/users/davidism/received_events",
                "type": "User",
                "site_admin": false
            },
            "created_at": "2018-05-13T13:05:01Z",
            "updated_at": "2018-05-13T13:05:01Z",
            "author_association": "MEMBER",
            "body": "Upgrade Werkzeug."
        },
        {
            "url": "https://api.github.com/repos/pallets/flask/issues/comments/388625485",
            "html_url": "https://github.com/pallets/flask/issues/2779#issuecomment-388625485",
            "issue_url": "https://api.github.com/repos/pallets/flask/issues/2779",
            "id": 388625485,
            "node_id": "MDEyOklzc3VlQ29tbWVudDM4ODYyNTQ4NQ==",
            "user": {
                "login": "davidism",
                "id": 1242887,
                "node_id": "MDQ6VXNlcjEyNDI4ODc=",
                "avatar_url": "https://avatars1.githubusercontent.com/u/1242887?v=4",
                "gravatar_id": "",
                "url": "https://api.github.com/users/davidism",
                "html_url": "https://github.com/davidism",
                "followers_url": "https://api.github.com/users/davidism/followers",
                "following_url": "https://api.github.com/users/davidism/following{/other_user}",
                "gists_url": "https://api.github.com/users/davidism/gists{/gist_id}",
                "starred_url": "https://api.github.com/users/davidism/starred{/owner}{/repo}",
                "subscriptions_url": "https://api.github.com/users/davidism/subscriptions",
                "organizations_url": "https://api.github.com/users/davidism/orgs",
                "repos_url": "https://api.github.com/users/davidism/repos",
                "events_url": "https://api.github.com/users/davidism/events{/privacy}",
                "received_events_url": "https://api.github.com/users/davidism/received_events",
                "type": "User",
                "site_admin": false
            },
            "created_at": "2018-05-13T13:06:12Z",
            "updated_at": "2018-05-13T13:06:12Z",
            "author_association": "MEMBER",
            "body": "I'm not even clear how you managed to stay at 0.12, since Flask 1.0 requires Werkzeug 0.14."
        },
        {
            "url": "https://api.github.com/repos/pallets/flask/issues/comments/388631451",
            "html_url": "https://github.com/pallets/flask/issues/2779#issuecomment-388631451",
            "issue_url": "https://api.github.com/repos/pallets/flask/issues/2779",
            "id": 388631451,
            "node_id": "MDEyOklzc3VlQ29tbWVudDM4ODYzMTQ1MQ==",
            "user": {
                "login": "lepture",
                "id": 290496,
                "node_id": "MDQ6VXNlcjI5MDQ5Ng==",
                "avatar_url": "https://avatars2.githubusercontent.com/u/290496?v=4",
                "gravatar_id": "",
                "url": "https://api.github.com/users/lepture",
                "html_url": "https://github.com/lepture",
                "followers_url": "https://api.github.com/users/lepture/followers",
                "following_url": "https://api.github.com/users/lepture/following{/other_user}",
                "gists_url": "https://api.github.com/users/lepture/gists{/gist_id}",
                "starred_url": "https://api.github.com/users/lepture/starred{/owner}{/repo}",
                "subscriptions_url": "https://api.github.com/users/lepture/subscriptions",
                "organizations_url": "https://api.github.com/users/lepture/orgs",
                "repos_url": "https://api.github.com/users/lepture/repos",
                "events_url": "https://api.github.com/users/lepture/events{/privacy}",
                "received_events_url": "https://api.github.com/users/lepture/received_events",
                "type": "User",
                "site_admin": false
            },
            "created_at": "2018-05-13T14:35:18Z",
            "updated_at": "2018-05-13T14:35:18Z",
            "author_association": "MEMBER",
            "body": "@davidism that can be done by adding a werkzeug requirement after Flask."
        }
    ]
}