{
    "url": "https://api.github.com/repos/pallets/flask/issues/278",
    "repository_url": "https://api.github.com/repos/pallets/flask",
    "labels_url": "https://api.github.com/repos/pallets/flask/issues/278/labels{/name}",
    "comments_url": "https://api.github.com/repos/pallets/flask/issues/278/comments",
    "events_url": "https://api.github.com/repos/pallets/flask/issues/278/events",
    "html_url": "https://github.com/pallets/flask/issues/278",
    "id": 1212590,
    "node_id": "MDU6SXNzdWUxMjEyNTkw",
    "number": 278,
    "title": "Typos in flask.app.Flask docstrings/comments",
    "user": {
        "login": "decafjoe",
        "id": 20159,
        "node_id": "MDQ6VXNlcjIwMTU5",
        "avatar_url": "https://avatars2.githubusercontent.com/u/20159?v=4",
        "gravatar_id": "",
        "url": "https://api.github.com/users/decafjoe",
        "html_url": "https://github.com/decafjoe",
        "followers_url": "https://api.github.com/users/decafjoe/followers",
        "following_url": "https://api.github.com/users/decafjoe/following{/other_user}",
        "gists_url": "https://api.github.com/users/decafjoe/gists{/gist_id}",
        "starred_url": "https://api.github.com/users/decafjoe/starred{/owner}{/repo}",
        "subscriptions_url": "https://api.github.com/users/decafjoe/subscriptions",
        "organizations_url": "https://api.github.com/users/decafjoe/orgs",
        "repos_url": "https://api.github.com/users/decafjoe/repos",
        "events_url": "https://api.github.com/users/decafjoe/events{/privacy}",
        "received_events_url": "https://api.github.com/users/decafjoe/received_events",
        "type": "User",
        "site_admin": false
    },
    "labels": [],
    "state": "closed",
    "locked": false,
    "assignee": null,
    "assignees": [],
    "milestone": null,
    "comments": 0,
    "created_at": "2011-07-13T00:35:40Z",
    "updated_at": "2011-07-13T12:04:49Z",
    "closed_at": "2011-07-13T12:04:49Z",
    "author_association": "NONE",
    "body": "Line 85. \"yourapplicaiton\" where it should be \"yourapplication\":\n\n```\n        an SQL query in debug mode.  If the import name is not properly set\n        up, that debugging information is lost.  (For example it would only\n        pick up SQL queries in `yourapplicaiton.app` and not\n        `yourapplication.views.frontend`)\n```\n\nAlso, line 108, \"ocurrs\" where it should be \"occurs\":\n\n```\n    #: The debug flag.  Set this to `True` to enable debugging of the\n    #: application.  In debug mode the debugger will kick in when an unhandled\n    #: exception ocurrs and the integrated server will automatically reload\n    #: the application if changes in the code are detected.\n```\n"
}