{
    "url": "https://api.github.com/repos/pallets/flask/issues/404",
    "repository_url": "https://api.github.com/repos/pallets/flask",
    "labels_url": "https://api.github.com/repos/pallets/flask/issues/404/labels{/name}",
    "comments_url": "https://api.github.com/repos/pallets/flask/issues/404/comments",
    "events_url": "https://api.github.com/repos/pallets/flask/issues/404/events",
    "html_url": "https://github.com/pallets/flask/issues/404",
    "id": 3229612,
    "node_id": "MDU6SXNzdWUzMjI5NjEy",
    "number": 404,
    "title": "Convert the Blueprint doc example into a runnable example.",
    "user": {
        "login": "rduplain",
        "id": 36428,
        "node_id": "MDQ6VXNlcjM2NDI4",
        "avatar_url": "https://avatars1.githubusercontent.com/u/36428?v=4",
        "gravatar_id": "",
        "url": "https://api.github.com/users/rduplain",
        "html_url": "https://github.com/rduplain",
        "followers_url": "https://api.github.com/users/rduplain/followers",
        "following_url": "https://api.github.com/users/rduplain/following{/other_user}",
        "gists_url": "https://api.github.com/users/rduplain/gists{/gist_id}",
        "starred_url": "https://api.github.com/users/rduplain/starred{/owner}{/repo}",
        "subscriptions_url": "https://api.github.com/users/rduplain/subscriptions",
        "organizations_url": "https://api.github.com/users/rduplain/orgs",
        "repos_url": "https://api.github.com/users/rduplain/repos",
        "events_url": "https://api.github.com/users/rduplain/events{/privacy}",
        "received_events_url": "https://api.github.com/users/rduplain/received_events",
        "type": "User",
        "site_admin": false
    },
    "labels": [],
    "state": "closed",
    "locked": false,
    "assignee": null,
    "assignees": [],
    "milestone": null,
    "comments": 1,
    "created_at": "2012-02-15T02:57:10Z",
    "updated_at": "2015-03-12T08:40:15Z",
    "closed_at": "2015-03-12T08:40:15Z",
    "author_association": "CONTRIBUTOR",
    "body": "Discussion on #403 points out the need for a runnable example in the `examples/` directory.  Convert the example in the doc at http://flask.pocoo.org/docs/blueprints into working project in examples/.  Write tests.  Register the blueprint twice to demonstrate Blueprint's design.\n",
    "comments_inline": [
        {
            "url": "https://api.github.com/repos/pallets/flask/issues/comments/78183587",
            "html_url": "https://github.com/pallets/flask/issues/404#issuecomment-78183587",
            "issue_url": "https://api.github.com/repos/pallets/flask/issues/404",
            "id": 78183587,
            "node_id": "MDEyOklzc3VlQ29tbWVudDc4MTgzNTg3",
            "user": {
                "login": "keyan",
                "id": 6401746,
                "node_id": "MDQ6VXNlcjY0MDE3NDY=",
                "avatar_url": "https://avatars0.githubusercontent.com/u/6401746?v=4",
                "gravatar_id": "",
                "url": "https://api.github.com/users/keyan",
                "html_url": "https://github.com/keyan",
                "followers_url": "https://api.github.com/users/keyan/followers",
                "following_url": "https://api.github.com/users/keyan/following{/other_user}",
                "gists_url": "https://api.github.com/users/keyan/gists{/gist_id}",
                "starred_url": "https://api.github.com/users/keyan/starred{/owner}{/repo}",
                "subscriptions_url": "https://api.github.com/users/keyan/subscriptions",
                "organizations_url": "https://api.github.com/users/keyan/orgs",
                "repos_url": "https://api.github.com/users/keyan/repos",
                "events_url": "https://api.github.com/users/keyan/events{/privacy}",
                "received_events_url": "https://api.github.com/users/keyan/received_events",
                "type": "User",
                "site_admin": false
            },
            "created_at": "2015-03-11T01:25:26Z",
            "updated_at": "2015-03-11T01:25:26Z",
            "author_association": "MEMBER",
            "body": "Looks like this was resolved by #413.\n"
        }
    ]
}