{
    "url": "https://api.github.com/repos/pallets/flask/issues/406",
    "repository_url": "https://api.github.com/repos/pallets/flask",
    "labels_url": "https://api.github.com/repos/pallets/flask/issues/406/labels{/name}",
    "comments_url": "https://api.github.com/repos/pallets/flask/issues/406/comments",
    "events_url": "https://api.github.com/repos/pallets/flask/issues/406/events",
    "html_url": "https://github.com/pallets/flask/pull/406",
    "id": 3318910,
    "node_id": "MDExOlB1bGxSZXF1ZXN0ODYyNTg2",
    "number": 406,
    "title": "Update docs/patterns/wtforms.rst",
    "user": {
        "login": "awsum",
        "id": 251607,
        "node_id": "MDQ6VXNlcjI1MTYwNw==",
        "avatar_url": "https://avatars1.githubusercontent.com/u/251607?v=4",
        "gravatar_id": "",
        "url": "https://api.github.com/users/awsum",
        "html_url": "https://github.com/awsum",
        "followers_url": "https://api.github.com/users/awsum/followers",
        "following_url": "https://api.github.com/users/awsum/following{/other_user}",
        "gists_url": "https://api.github.com/users/awsum/gists{/gist_id}",
        "starred_url": "https://api.github.com/users/awsum/starred{/owner}{/repo}",
        "subscriptions_url": "https://api.github.com/users/awsum/subscriptions",
        "organizations_url": "https://api.github.com/users/awsum/orgs",
        "repos_url": "https://api.github.com/users/awsum/repos",
        "events_url": "https://api.github.com/users/awsum/events{/privacy}",
        "received_events_url": "https://api.github.com/users/awsum/received_events",
        "type": "User",
        "site_admin": false
    },
    "labels": [],
    "state": "closed",
    "locked": false,
    "assignee": null,
    "assignees": [],
    "milestone": null,
    "comments": 1,
    "created_at": "2012-02-21T20:07:31Z",
    "updated_at": "2014-06-13T04:04:19Z",
    "closed_at": "2012-02-25T20:31:34Z",
    "author_association": "CONTRIBUTOR",
    "pull_request": {
        "url": "https://api.github.com/repos/pallets/flask/pulls/406",
        "html_url": "https://github.com/pallets/flask/pull/406",
        "diff_url": "https://github.com/pallets/flask/pull/406.diff",
        "patch_url": "https://github.com/pallets/flask/pull/406.patch"
    },
    "body": "Fix closing tag, also remove quotes to follow other docs style.\n",
    "comments_inline": [
        {
            "url": "https://api.github.com/repos/pallets/flask/issues/comments/4175945",
            "html_url": "https://github.com/pallets/flask/pull/406#issuecomment-4175945",
            "issue_url": "https://api.github.com/repos/pallets/flask/issues/406",
            "id": 4175945,
            "node_id": "MDEyOklzc3VlQ29tbWVudDQxNzU5NDU=",
            "user": {
                "login": "rduplain",
                "id": 36428,
                "node_id": "MDQ6VXNlcjM2NDI4",
                "avatar_url": "https://avatars1.githubusercontent.com/u/36428?v=4",
                "gravatar_id": "",
                "url": "https://api.github.com/users/rduplain",
                "html_url": "https://github.com/rduplain",
                "followers_url": "https://api.github.com/users/rduplain/followers",
                "following_url": "https://api.github.com/users/rduplain/following{/other_user}",
                "gists_url": "https://api.github.com/users/rduplain/gists{/gist_id}",
                "starred_url": "https://api.github.com/users/rduplain/starred{/owner}{/repo}",
                "subscriptions_url": "https://api.github.com/users/rduplain/subscriptions",
                "organizations_url": "https://api.github.com/users/rduplain/orgs",
                "repos_url": "https://api.github.com/users/rduplain/repos",
                "events_url": "https://api.github.com/users/rduplain/events{/privacy}",
                "received_events_url": "https://api.github.com/users/rduplain/received_events",
                "type": "User",
                "site_admin": false
            },
            "created_at": "2012-02-25T20:31:34Z",
            "updated_at": "2012-02-25T20:31:34Z",
            "author_association": "CONTRIBUTOR",
            "body": "Pulled, thanks.\n"
        }
    ]
}