{
    "url": "https://api.github.com/repos/pallets/flask/issues/407",
    "repository_url": "https://api.github.com/repos/pallets/flask",
    "labels_url": "https://api.github.com/repos/pallets/flask/issues/407/labels{/name}",
    "comments_url": "https://api.github.com/repos/pallets/flask/issues/407/comments",
    "events_url": "https://api.github.com/repos/pallets/flask/issues/407/events",
    "html_url": "https://github.com/pallets/flask/issues/407",
    "id": 3333404,
    "node_id": "MDU6SXNzdWUzMzMzNDA0",
    "number": 407,
    "title": "flask does not run in bjoern server",
    "user": {
        "login": "linychuo",
        "id": 1461464,
        "node_id": "MDQ6VXNlcjE0NjE0NjQ=",
        "avatar_url": "https://avatars3.githubusercontent.com/u/1461464?v=4",
        "gravatar_id": "",
        "url": "https://api.github.com/users/linychuo",
        "html_url": "https://github.com/linychuo",
        "followers_url": "https://api.github.com/users/linychuo/followers",
        "following_url": "https://api.github.com/users/linychuo/following{/other_user}",
        "gists_url": "https://api.github.com/users/linychuo/gists{/gist_id}",
        "starred_url": "https://api.github.com/users/linychuo/starred{/owner}{/repo}",
        "subscriptions_url": "https://api.github.com/users/linychuo/subscriptions",
        "organizations_url": "https://api.github.com/users/linychuo/orgs",
        "repos_url": "https://api.github.com/users/linychuo/repos",
        "events_url": "https://api.github.com/users/linychuo/events{/privacy}",
        "received_events_url": "https://api.github.com/users/linychuo/received_events",
        "type": "User",
        "site_admin": false
    },
    "labels": [],
    "state": "closed",
    "locked": false,
    "assignee": null,
    "assignees": [],
    "milestone": null,
    "comments": 1,
    "created_at": "2012-02-22T14:37:02Z",
    "updated_at": "2012-02-22T20:06:55Z",
    "closed_at": "2012-02-22T20:06:55Z",
    "author_association": "NONE",
    "body": "hi,when I test app on the bjoern server,console displays below errors \n\nTraceback (most recent call last):\n  File \"/usr/local/lib/python2.6/dist-packages/Flask-0.8-py2.6.egg/flask/app.py\", line 1506, in wsgi_app\n    response = self.make_response(self.handle_exception(e))\n  File \"/usr/local/lib/python2.6/dist-packages/Flask-0.8-py2.6.egg/flask/app.py\", line 1504, in wsgi_app\n    response = self.full_dispatch_request()\n  File \"/usr/local/lib/python2.6/dist-packages/Flask-0.8-py2.6.egg/flask/app.py\", line 1264, in full_dispatch_request\n    rv = self.handle_user_exception(e)\n  File \"/usr/local/lib/python2.6/dist-packages/Flask-0.8-py2.6.egg/flask/app.py\", line 1262, in full_dispatch_request\n    rv = self.dispatch_request()\n  File \"/usr/local/lib/python2.6/dist-packages/Flask-0.8-py2.6.egg/flask/app.py\", line 1248, in dispatch_request\n    return self.view_functions[rule.endpoint](**req.view_args)\n  File \"/usr/local/lib/python2.6/dist-packages/Flask-0.8-py2.6.egg/flask/helpers.py\", line 623, in send_static_file\n    return send_from_directory(self.static_folder, filename)\n  File \"/usr/local/lib/python2.6/dist-packages/Flask-0.8-py2.6.egg/flask/helpers.py\", line 473, in send_from_directory\n    return send_file(filename, conditional=True, **options)\n  File \"/usr/local/lib/python2.6/dist-packages/Flask-0.8-py2.6.egg/flask/helpers.py\", line 385, in send_file\n    data = wrap_file(request.environ, file)\n  File \"/usr/local/lib/python2.6/dist-packages/Werkzeug-0.8.3-py2.6.egg/werkzeug/wsgi.py\", line 536, in wrap_file\n    return environ.get('wsgi.file_wrapper', FileWrapper)(file, buffer_size)\nTypeError: FileWrapper() takes exactly 1 argument (2 given)\n",
    "comments_inline": [
        {
            "url": "https://api.github.com/repos/pallets/flask/issues/comments/4119821",
            "html_url": "https://github.com/pallets/flask/issues/407#issuecomment-4119821",
            "issue_url": "https://api.github.com/repos/pallets/flask/issues/407",
            "id": 4119821,
            "node_id": "MDEyOklzc3VlQ29tbWVudDQxMTk4MjE=",
            "user": {
                "login": "mitsuhiko",
                "id": 7396,
                "node_id": "MDQ6VXNlcjczOTY=",
                "avatar_url": "https://avatars1.githubusercontent.com/u/7396?v=4",
                "gravatar_id": "",
                "url": "https://api.github.com/users/mitsuhiko",
                "html_url": "https://github.com/mitsuhiko",
                "followers_url": "https://api.github.com/users/mitsuhiko/followers",
                "following_url": "https://api.github.com/users/mitsuhiko/following{/other_user}",
                "gists_url": "https://api.github.com/users/mitsuhiko/gists{/gist_id}",
                "starred_url": "https://api.github.com/users/mitsuhiko/starred{/owner}{/repo}",
                "subscriptions_url": "https://api.github.com/users/mitsuhiko/subscriptions",
                "organizations_url": "https://api.github.com/users/mitsuhiko/orgs",
                "repos_url": "https://api.github.com/users/mitsuhiko/repos",
                "events_url": "https://api.github.com/users/mitsuhiko/events{/privacy}",
                "received_events_url": "https://api.github.com/users/mitsuhiko/received_events",
                "type": "User",
                "site_admin": false
            },
            "created_at": "2012-02-22T20:06:55Z",
            "updated_at": "2012-02-22T20:06:55Z",
            "author_association": "MEMBER",
            "body": "That is a bug in bjoern, not Flask.\n"
        }
    ]
}