{
    "url": "https://api.github.com/repos/pallets/flask/issues/408",
    "repository_url": "https://api.github.com/repos/pallets/flask",
    "labels_url": "https://api.github.com/repos/pallets/flask/issues/408/labels{/name}",
    "comments_url": "https://api.github.com/repos/pallets/flask/issues/408/comments",
    "events_url": "https://api.github.com/repos/pallets/flask/issues/408/events",
    "html_url": "https://github.com/pallets/flask/pull/408",
    "id": 3352166,
    "node_id": "MDExOlB1bGxSZXF1ZXN0ODcyMjc0",
    "number": 408,
    "title": "Update docs/errorhandling.rst",
    "user": {
        "login": "ash211",
        "id": 357170,
        "node_id": "MDQ6VXNlcjM1NzE3MA==",
        "avatar_url": "https://avatars2.githubusercontent.com/u/357170?v=4",
        "gravatar_id": "",
        "url": "https://api.github.com/users/ash211",
        "html_url": "https://github.com/ash211",
        "followers_url": "https://api.github.com/users/ash211/followers",
        "following_url": "https://api.github.com/users/ash211/following{/other_user}",
        "gists_url": "https://api.github.com/users/ash211/gists{/gist_id}",
        "starred_url": "https://api.github.com/users/ash211/starred{/owner}{/repo}",
        "subscriptions_url": "https://api.github.com/users/ash211/subscriptions",
        "organizations_url": "https://api.github.com/users/ash211/orgs",
        "repos_url": "https://api.github.com/users/ash211/repos",
        "events_url": "https://api.github.com/users/ash211/events{/privacy}",
        "received_events_url": "https://api.github.com/users/ash211/received_events",
        "type": "User",
        "site_admin": false
    },
    "labels": [],
    "state": "closed",
    "locked": false,
    "assignee": null,
    "assignees": [],
    "milestone": null,
    "comments": 1,
    "created_at": "2012-02-23T06:50:54Z",
    "updated_at": "2014-06-13T04:04:15Z",
    "closed_at": "2012-02-25T20:31:41Z",
    "author_association": "CONTRIBUTOR",
    "pull_request": {
        "url": "https://api.github.com/repos/pallets/flask/pulls/408",
        "html_url": "https://github.com/pallets/flask/pull/408",
        "diff_url": "https://github.com/pallets/flask/pull/408.diff",
        "patch_url": "https://github.com/pallets/flask/pull/408.patch"
    },
    "body": "Typo fix\n",
    "comments_inline": [
        {
            "url": "https://api.github.com/repos/pallets/flask/issues/comments/4175946",
            "html_url": "https://github.com/pallets/flask/pull/408#issuecomment-4175946",
            "issue_url": "https://api.github.com/repos/pallets/flask/issues/408",
            "id": 4175946,
            "node_id": "MDEyOklzc3VlQ29tbWVudDQxNzU5NDY=",
            "user": {
                "login": "rduplain",
                "id": 36428,
                "node_id": "MDQ6VXNlcjM2NDI4",
                "avatar_url": "https://avatars1.githubusercontent.com/u/36428?v=4",
                "gravatar_id": "",
                "url": "https://api.github.com/users/rduplain",
                "html_url": "https://github.com/rduplain",
                "followers_url": "https://api.github.com/users/rduplain/followers",
                "following_url": "https://api.github.com/users/rduplain/following{/other_user}",
                "gists_url": "https://api.github.com/users/rduplain/gists{/gist_id}",
                "starred_url": "https://api.github.com/users/rduplain/starred{/owner}{/repo}",
                "subscriptions_url": "https://api.github.com/users/rduplain/subscriptions",
                "organizations_url": "https://api.github.com/users/rduplain/orgs",
                "repos_url": "https://api.github.com/users/rduplain/repos",
                "events_url": "https://api.github.com/users/rduplain/events{/privacy}",
                "received_events_url": "https://api.github.com/users/rduplain/received_events",
                "type": "User",
                "site_admin": false
            },
            "created_at": "2012-02-25T20:31:41Z",
            "updated_at": "2012-02-25T20:31:41Z",
            "author_association": "CONTRIBUTOR",
            "body": "Pulled, thanks.\n"
        }
    ]
}