{
    "url": "https://api.github.com/repos/pallets/flask/issues/409",
    "repository_url": "https://api.github.com/repos/pallets/flask",
    "labels_url": "https://api.github.com/repos/pallets/flask/issues/409/labels{/name}",
    "comments_url": "https://api.github.com/repos/pallets/flask/issues/409/comments",
    "events_url": "https://api.github.com/repos/pallets/flask/issues/409/events",
    "html_url": "https://github.com/pallets/flask/pull/409",
    "id": 3368716,
    "node_id": "MDExOlB1bGxSZXF1ZXN0ODc5MTAz",
    "number": 409,
    "title": "render_template using a list of templates",
    "user": {
        "login": "dmishe",
        "id": 99983,
        "node_id": "MDQ6VXNlcjk5OTgz",
        "avatar_url": "https://avatars0.githubusercontent.com/u/99983?v=4",
        "gravatar_id": "",
        "url": "https://api.github.com/users/dmishe",
        "html_url": "https://github.com/dmishe",
        "followers_url": "https://api.github.com/users/dmishe/followers",
        "following_url": "https://api.github.com/users/dmishe/following{/other_user}",
        "gists_url": "https://api.github.com/users/dmishe/gists{/gist_id}",
        "starred_url": "https://api.github.com/users/dmishe/starred{/owner}{/repo}",
        "subscriptions_url": "https://api.github.com/users/dmishe/subscriptions",
        "organizations_url": "https://api.github.com/users/dmishe/orgs",
        "repos_url": "https://api.github.com/users/dmishe/repos",
        "events_url": "https://api.github.com/users/dmishe/events{/privacy}",
        "received_events_url": "https://api.github.com/users/dmishe/received_events",
        "type": "User",
        "site_admin": false
    },
    "labels": [],
    "state": "closed",
    "locked": false,
    "assignee": null,
    "assignees": [],
    "milestone": null,
    "comments": 3,
    "created_at": "2012-02-24T06:49:18Z",
    "updated_at": "2014-06-13T04:04:15Z",
    "closed_at": "2012-02-24T15:52:35Z",
    "author_association": "CONTRIBUTOR",
    "pull_request": {
        "url": "https://api.github.com/repos/pallets/flask/pulls/409",
        "html_url": "https://github.com/pallets/flask/pull/409",
        "diff_url": "https://github.com/pallets/flask/pull/409.diff",
        "patch_url": "https://github.com/pallets/flask/pull/409.patch"
    },
    "body": "This would be very handy for dynamic template selection. For example i would override _some_ templates based on type of content rendered.\n\n```\nrender_template(['%s.html % type, 'index.html'])\n```\n",
    "comments_inline": [
        {
            "url": "https://api.github.com/repos/pallets/flask/issues/comments/4152668",
            "html_url": "https://github.com/pallets/flask/pull/409#issuecomment-4152668",
            "issue_url": "https://api.github.com/repos/pallets/flask/issues/409",
            "id": 4152668,
            "node_id": "MDEyOklzc3VlQ29tbWVudDQxNTI2Njg=",
            "user": {
                "login": "rduplain",
                "id": 36428,
                "node_id": "MDQ6VXNlcjM2NDI4",
                "avatar_url": "https://avatars1.githubusercontent.com/u/36428?v=4",
                "gravatar_id": "",
                "url": "https://api.github.com/users/rduplain",
                "html_url": "https://github.com/rduplain",
                "followers_url": "https://api.github.com/users/rduplain/followers",
                "following_url": "https://api.github.com/users/rduplain/following{/other_user}",
                "gists_url": "https://api.github.com/users/rduplain/gists{/gist_id}",
                "starred_url": "https://api.github.com/users/rduplain/starred{/owner}{/repo}",
                "subscriptions_url": "https://api.github.com/users/rduplain/subscriptions",
                "organizations_url": "https://api.github.com/users/rduplain/orgs",
                "repos_url": "https://api.github.com/users/rduplain/repos",
                "events_url": "https://api.github.com/users/rduplain/events{/privacy}",
                "received_events_url": "https://api.github.com/users/rduplain/received_events",
                "type": "User",
                "site_admin": false
            },
            "created_at": "2012-02-24T07:17:23Z",
            "updated_at": "2012-02-24T07:17:23Z",
            "author_association": "CONTRIBUTOR",
            "body": "You can already choose a template using a Jinja loader:\nhttps://gist.github.com/1355170\n\nDoes this gisted approach suffice?\n"
        },
        {
            "url": "https://api.github.com/repos/pallets/flask/issues/comments/4152724",
            "html_url": "https://github.com/pallets/flask/pull/409#issuecomment-4152724",
            "issue_url": "https://api.github.com/repos/pallets/flask/issues/409",
            "id": 4152724,
            "node_id": "MDEyOklzc3VlQ29tbWVudDQxNTI3MjQ=",
            "user": {
                "login": "dmishe",
                "id": 99983,
                "node_id": "MDQ6VXNlcjk5OTgz",
                "avatar_url": "https://avatars0.githubusercontent.com/u/99983?v=4",
                "gravatar_id": "",
                "url": "https://api.github.com/users/dmishe",
                "html_url": "https://github.com/dmishe",
                "followers_url": "https://api.github.com/users/dmishe/followers",
                "following_url": "https://api.github.com/users/dmishe/following{/other_user}",
                "gists_url": "https://api.github.com/users/dmishe/gists{/gist_id}",
                "starred_url": "https://api.github.com/users/dmishe/starred{/owner}{/repo}",
                "subscriptions_url": "https://api.github.com/users/dmishe/subscriptions",
                "organizations_url": "https://api.github.com/users/dmishe/orgs",
                "repos_url": "https://api.github.com/users/dmishe/repos",
                "events_url": "https://api.github.com/users/dmishe/events{/privacy}",
                "received_events_url": "https://api.github.com/users/dmishe/received_events",
                "type": "User",
                "site_admin": false
            },
            "created_at": "2012-02-24T07:22:09Z",
            "updated_at": "2012-02-24T07:22:09Z",
            "author_association": "CONTRIBUTOR",
            "body": "It so much code, and i would say that it solves more global problem than just selecting templates. Also this has no drawbacks, because Jinja will not do any extra work if you pass it string.\n\nThis is very small change for IMO often used approach to custom templates. \n"
        },
        {
            "url": "https://api.github.com/repos/pallets/flask/issues/comments/4175441",
            "html_url": "https://github.com/pallets/flask/pull/409#issuecomment-4175441",
            "issue_url": "https://api.github.com/repos/pallets/flask/issues/409",
            "id": 4175441,
            "node_id": "MDEyOklzc3VlQ29tbWVudDQxNzU0NDE=",
            "user": {
                "login": "rduplain",
                "id": 36428,
                "node_id": "MDQ6VXNlcjM2NDI4",
                "avatar_url": "https://avatars1.githubusercontent.com/u/36428?v=4",
                "gravatar_id": "",
                "url": "https://api.github.com/users/rduplain",
                "html_url": "https://github.com/rduplain",
                "followers_url": "https://api.github.com/users/rduplain/followers",
                "following_url": "https://api.github.com/users/rduplain/following{/other_user}",
                "gists_url": "https://api.github.com/users/rduplain/gists{/gist_id}",
                "starred_url": "https://api.github.com/users/rduplain/starred{/owner}{/repo}",
                "subscriptions_url": "https://api.github.com/users/rduplain/subscriptions",
                "organizations_url": "https://api.github.com/users/rduplain/orgs",
                "repos_url": "https://api.github.com/users/rduplain/repos",
                "events_url": "https://api.github.com/users/rduplain/events{/privacy}",
                "received_events_url": "https://api.github.com/users/rduplain/received_events",
                "type": "User",
                "site_admin": false
            },
            "created_at": "2012-02-25T19:31:38Z",
            "updated_at": "2012-02-25T19:31:38Z",
            "author_association": "CONTRIBUTOR",
            "body": "You're right, the Jinja loader approach solves the general problem, and your pull request exposes in render_template methods that Jinja already has available.  Pulled, thanks.\n"
        }
    ]
}