{
    "url": "https://api.github.com/repos/pallets/flask/issues/41",
    "repository_url": "https://api.github.com/repos/pallets/flask",
    "labels_url": "https://api.github.com/repos/pallets/flask/issues/41/labels{/name}",
    "comments_url": "https://api.github.com/repos/pallets/flask/issues/41/comments",
    "events_url": "https://api.github.com/repos/pallets/flask/issues/41/events",
    "html_url": "https://github.com/pallets/flask/issues/41",
    "id": 198190,
    "node_id": "MDU6SXNzdWUxOTgxOTA=",
    "number": 41,
    "title": "broken link in doc",
    "user": {
        "login": "sebest",
        "id": 115339,
        "node_id": "MDQ6VXNlcjExNTMzOQ==",
        "avatar_url": "https://avatars0.githubusercontent.com/u/115339?v=4",
        "gravatar_id": "",
        "url": "https://api.github.com/users/sebest",
        "html_url": "https://github.com/sebest",
        "followers_url": "https://api.github.com/users/sebest/followers",
        "following_url": "https://api.github.com/users/sebest/following{/other_user}",
        "gists_url": "https://api.github.com/users/sebest/gists{/gist_id}",
        "starred_url": "https://api.github.com/users/sebest/starred{/owner}{/repo}",
        "subscriptions_url": "https://api.github.com/users/sebest/subscriptions",
        "organizations_url": "https://api.github.com/users/sebest/orgs",
        "repos_url": "https://api.github.com/users/sebest/repos",
        "events_url": "https://api.github.com/users/sebest/events{/privacy}",
        "received_events_url": "https://api.github.com/users/sebest/received_events",
        "type": "User",
        "site_admin": false
    },
    "labels": [],
    "state": "closed",
    "locked": false,
    "assignee": null,
    "assignees": [],
    "milestone": null,
    "comments": 1,
    "created_at": "2010-05-18T10:47:07Z",
    "updated_at": "2010-05-18T16:07:14Z",
    "closed_at": "2010-05-18T16:07:14Z",
    "author_association": "CONTRIBUTOR",
    "body": "on this page:\nhttp://flask.pocoo.org/docs/patterns/distribute/\n\nthe \"package\" link of this sentence is 404:\nIn this case we assume your application is called yourapplication.py and you are not using a module, but a package. \n",
    "comments_inline": [
        {
            "url": "https://api.github.com/repos/pallets/flask/issues/comments/245251",
            "html_url": "https://github.com/pallets/flask/issues/41#issuecomment-245251",
            "issue_url": "https://api.github.com/repos/pallets/flask/issues/41",
            "id": 245251,
            "node_id": "MDEyOklzc3VlQ29tbWVudDI0NTI1MQ==",
            "user": {
                "login": "mitsuhiko",
                "id": 7396,
                "node_id": "MDQ6VXNlcjczOTY=",
                "avatar_url": "https://avatars1.githubusercontent.com/u/7396?v=4",
                "gravatar_id": "",
                "url": "https://api.github.com/users/mitsuhiko",
                "html_url": "https://github.com/mitsuhiko",
                "followers_url": "https://api.github.com/users/mitsuhiko/followers",
                "following_url": "https://api.github.com/users/mitsuhiko/following{/other_user}",
                "gists_url": "https://api.github.com/users/mitsuhiko/gists{/gist_id}",
                "starred_url": "https://api.github.com/users/mitsuhiko/starred{/owner}{/repo}",
                "subscriptions_url": "https://api.github.com/users/mitsuhiko/subscriptions",
                "organizations_url": "https://api.github.com/users/mitsuhiko/orgs",
                "repos_url": "https://api.github.com/users/mitsuhiko/repos",
                "events_url": "https://api.github.com/users/mitsuhiko/events{/privacy}",
                "received_events_url": "https://api.github.com/users/mitsuhiko/received_events",
                "type": "User",
                "site_admin": false
            },
            "created_at": "2010-05-18T16:07:14Z",
            "updated_at": "2010-05-18T16:07:14Z",
            "author_association": "MEMBER",
            "body": "Fixed some documentation issues. This closed by 854e0e26d16408760072308c44b9160a9fb39abd.\n"
        }
    ]
}