{
    "url": "https://api.github.com/repos/pallets/flask/issues/411",
    "repository_url": "https://api.github.com/repos/pallets/flask",
    "labels_url": "https://api.github.com/repos/pallets/flask/issues/411/labels{/name}",
    "comments_url": "https://api.github.com/repos/pallets/flask/issues/411/comments",
    "events_url": "https://api.github.com/repos/pallets/flask/issues/411/events",
    "html_url": "https://github.com/pallets/flask/pull/411",
    "id": 3393097,
    "node_id": "MDExOlB1bGxSZXF1ZXN0ODg3NjY3",
    "number": 411,
    "title": "Remove redundant words from quickstart.",
    "user": {
        "login": "PaulMcMillan",
        "id": 494159,
        "node_id": "MDQ6VXNlcjQ5NDE1OQ==",
        "avatar_url": "https://avatars2.githubusercontent.com/u/494159?v=4",
        "gravatar_id": "",
        "url": "https://api.github.com/users/PaulMcMillan",
        "html_url": "https://github.com/PaulMcMillan",
        "followers_url": "https://api.github.com/users/PaulMcMillan/followers",
        "following_url": "https://api.github.com/users/PaulMcMillan/following{/other_user}",
        "gists_url": "https://api.github.com/users/PaulMcMillan/gists{/gist_id}",
        "starred_url": "https://api.github.com/users/PaulMcMillan/starred{/owner}{/repo}",
        "subscriptions_url": "https://api.github.com/users/PaulMcMillan/subscriptions",
        "organizations_url": "https://api.github.com/users/PaulMcMillan/orgs",
        "repos_url": "https://api.github.com/users/PaulMcMillan/repos",
        "events_url": "https://api.github.com/users/PaulMcMillan/events{/privacy}",
        "received_events_url": "https://api.github.com/users/PaulMcMillan/received_events",
        "type": "User",
        "site_admin": false
    },
    "labels": [],
    "state": "closed",
    "locked": false,
    "assignee": null,
    "assignees": [],
    "milestone": null,
    "comments": 2,
    "created_at": "2012-02-26T20:47:07Z",
    "updated_at": "2014-06-13T04:13:59Z",
    "closed_at": "2012-03-13T18:43:13Z",
    "author_association": "CONTRIBUTOR",
    "pull_request": {
        "url": "https://api.github.com/repos/pallets/flask/pulls/411",
        "html_url": "https://github.com/pallets/flask/pull/411",
        "diff_url": "https://github.com/pallets/flask/pull/411.diff",
        "patch_url": "https://github.com/pallets/flask/pull/411.patch"
    },
    "body": "",
    "comments_inline": [
        {
            "url": "https://api.github.com/repos/pallets/flask/issues/comments/4462100",
            "html_url": "https://github.com/pallets/flask/pull/411#issuecomment-4462100",
            "issue_url": "https://api.github.com/repos/pallets/flask/issues/411",
            "id": 4462100,
            "node_id": "MDEyOklzc3VlQ29tbWVudDQ0NjIxMDA=",
            "user": {
                "login": "njl",
                "id": 123934,
                "node_id": "MDQ6VXNlcjEyMzkzNA==",
                "avatar_url": "https://avatars1.githubusercontent.com/u/123934?v=4",
                "gravatar_id": "",
                "url": "https://api.github.com/users/njl",
                "html_url": "https://github.com/njl",
                "followers_url": "https://api.github.com/users/njl/followers",
                "following_url": "https://api.github.com/users/njl/following{/other_user}",
                "gists_url": "https://api.github.com/users/njl/gists{/gist_id}",
                "starred_url": "https://api.github.com/users/njl/starred{/owner}{/repo}",
                "subscriptions_url": "https://api.github.com/users/njl/subscriptions",
                "organizations_url": "https://api.github.com/users/njl/orgs",
                "repos_url": "https://api.github.com/users/njl/repos",
                "events_url": "https://api.github.com/users/njl/events{/privacy}",
                "received_events_url": "https://api.github.com/users/njl/received_events",
                "type": "User",
                "site_admin": false
            },
            "created_at": "2012-03-12T21:28:48Z",
            "updated_at": "2012-03-12T21:28:48Z",
            "author_association": "CONTRIBUTOR",
            "body": "+1\n"
        },
        {
            "url": "https://api.github.com/repos/pallets/flask/issues/comments/4481677",
            "html_url": "https://github.com/pallets/flask/pull/411#issuecomment-4481677",
            "issue_url": "https://api.github.com/repos/pallets/flask/issues/411",
            "id": 4481677,
            "node_id": "MDEyOklzc3VlQ29tbWVudDQ0ODE2Nzc=",
            "user": {
                "login": "rduplain",
                "id": 36428,
                "node_id": "MDQ6VXNlcjM2NDI4",
                "avatar_url": "https://avatars1.githubusercontent.com/u/36428?v=4",
                "gravatar_id": "",
                "url": "https://api.github.com/users/rduplain",
                "html_url": "https://github.com/rduplain",
                "followers_url": "https://api.github.com/users/rduplain/followers",
                "following_url": "https://api.github.com/users/rduplain/following{/other_user}",
                "gists_url": "https://api.github.com/users/rduplain/gists{/gist_id}",
                "starred_url": "https://api.github.com/users/rduplain/starred{/owner}{/repo}",
                "subscriptions_url": "https://api.github.com/users/rduplain/subscriptions",
                "organizations_url": "https://api.github.com/users/rduplain/orgs",
                "repos_url": "https://api.github.com/users/rduplain/repos",
                "events_url": "https://api.github.com/users/rduplain/events{/privacy}",
                "received_events_url": "https://api.github.com/users/rduplain/received_events",
                "type": "User",
                "site_admin": false
            },
            "created_at": "2012-03-13T18:44:26Z",
            "updated_at": "2012-03-13T18:44:26Z",
            "author_association": "CONTRIBUTOR",
            "body": "Thanks\n"
        }
    ]
}