{
    "url": "https://api.github.com/repos/pallets/flask/issues/412",
    "repository_url": "https://api.github.com/repos/pallets/flask",
    "labels_url": "https://api.github.com/repos/pallets/flask/issues/412/labels{/name}",
    "comments_url": "https://api.github.com/repos/pallets/flask/issues/412/comments",
    "events_url": "https://api.github.com/repos/pallets/flask/issues/412/events",
    "html_url": "https://github.com/pallets/flask/pull/412",
    "id": 3431601,
    "node_id": "MDExOlB1bGxSZXF1ZXN0OTAyMzY5",
    "number": 412,
    "title": "Add jsonify_status_code function which allows the user to set status code on JSONified response",
    "user": {
        "login": "jfinkels",
        "id": 121755,
        "node_id": "MDQ6VXNlcjEyMTc1NQ==",
        "avatar_url": "https://avatars0.githubusercontent.com/u/121755?v=4",
        "gravatar_id": "",
        "url": "https://api.github.com/users/jfinkels",
        "html_url": "https://github.com/jfinkels",
        "followers_url": "https://api.github.com/users/jfinkels/followers",
        "following_url": "https://api.github.com/users/jfinkels/following{/other_user}",
        "gists_url": "https://api.github.com/users/jfinkels/gists{/gist_id}",
        "starred_url": "https://api.github.com/users/jfinkels/starred{/owner}{/repo}",
        "subscriptions_url": "https://api.github.com/users/jfinkels/subscriptions",
        "organizations_url": "https://api.github.com/users/jfinkels/orgs",
        "repos_url": "https://api.github.com/users/jfinkels/repos",
        "events_url": "https://api.github.com/users/jfinkels/events{/privacy}",
        "received_events_url": "https://api.github.com/users/jfinkels/received_events",
        "type": "User",
        "site_admin": false
    },
    "labels": [],
    "state": "closed",
    "locked": false,
    "assignee": null,
    "assignees": [],
    "milestone": null,
    "comments": 2,
    "created_at": "2012-02-29T05:28:38Z",
    "updated_at": "2014-06-13T04:12:37Z",
    "closed_at": "2012-03-14T02:42:00Z",
    "author_association": "CONTRIBUTOR",
    "pull_request": {
        "url": "https://api.github.com/repos/pallets/flask/pulls/412",
        "html_url": "https://github.com/pallets/flask/pull/412",
        "diff_url": "https://github.com/pallets/flask/pull/412.diff",
        "patch_url": "https://github.com/pallets/flask/pull/412.patch"
    },
    "body": "Add `flask.helpers.jsonify_status_code` function, a generalization of `flask.helpers.jsonify` which allows the user to set HTTP status code on JSONified responses. Documentation change, public API change, and additional test added as well.\n\nI'm not totally sure that this is important enough to be part of the public API of Flask, but I've used this pattern enough in my code that I thought it might be worth at least a pull request discussion.\n",
    "comments_inline": [
        {
            "url": "https://api.github.com/repos/pallets/flask/issues/comments/4233085",
            "html_url": "https://github.com/pallets/flask/pull/412#issuecomment-4233085",
            "issue_url": "https://api.github.com/repos/pallets/flask/issues/412",
            "id": 4233085,
            "node_id": "MDEyOklzc3VlQ29tbWVudDQyMzMwODU=",
            "user": {
                "login": "jparise",
                "id": 10311,
                "node_id": "MDQ6VXNlcjEwMzEx",
                "avatar_url": "https://avatars1.githubusercontent.com/u/10311?v=4",
                "gravatar_id": "",
                "url": "https://api.github.com/users/jparise",
                "html_url": "https://github.com/jparise",
                "followers_url": "https://api.github.com/users/jparise/followers",
                "following_url": "https://api.github.com/users/jparise/following{/other_user}",
                "gists_url": "https://api.github.com/users/jparise/gists{/gist_id}",
                "starred_url": "https://api.github.com/users/jparise/starred{/owner}{/repo}",
                "subscriptions_url": "https://api.github.com/users/jparise/subscriptions",
                "organizations_url": "https://api.github.com/users/jparise/orgs",
                "repos_url": "https://api.github.com/users/jparise/repos",
                "events_url": "https://api.github.com/users/jparise/events{/privacy}",
                "received_events_url": "https://api.github.com/users/jparise/received_events",
                "type": "User",
                "site_admin": false
            },
            "created_at": "2012-02-29T07:26:34Z",
            "updated_at": "2012-02-29T07:26:34Z",
            "author_association": "CONTRIBUTOR",
            "body": "I recently wrote one of these, as well.  I had trouble deciding on a name before settling on `json_response`.  `make_json_response` might be an even better parallel to the existing `make_response` routine, as well.\n"
        },
        {
            "url": "https://api.github.com/repos/pallets/flask/issues/comments/4491172",
            "html_url": "https://github.com/pallets/flask/pull/412#issuecomment-4491172",
            "issue_url": "https://api.github.com/repos/pallets/flask/issues/412",
            "id": 4491172,
            "node_id": "MDEyOklzc3VlQ29tbWVudDQ0OTExNzI=",
            "user": {
                "login": "rduplain",
                "id": 36428,
                "node_id": "MDQ6VXNlcjM2NDI4",
                "avatar_url": "https://avatars1.githubusercontent.com/u/36428?v=4",
                "gravatar_id": "",
                "url": "https://api.github.com/users/rduplain",
                "html_url": "https://github.com/rduplain",
                "followers_url": "https://api.github.com/users/rduplain/followers",
                "following_url": "https://api.github.com/users/rduplain/following{/other_user}",
                "gists_url": "https://api.github.com/users/rduplain/gists{/gist_id}",
                "starred_url": "https://api.github.com/users/rduplain/starred{/owner}{/repo}",
                "subscriptions_url": "https://api.github.com/users/rduplain/subscriptions",
                "organizations_url": "https://api.github.com/users/rduplain/orgs",
                "repos_url": "https://api.github.com/users/rduplain/repos",
                "events_url": "https://api.github.com/users/rduplain/events{/privacy}",
                "received_events_url": "https://api.github.com/users/rduplain/received_events",
                "type": "User",
                "site_admin": false
            },
            "created_at": "2012-03-14T02:41:58Z",
            "updated_at": "2012-03-14T02:41:58Z",
            "author_association": "CONTRIBUTOR",
            "body": "This is implemented by #430. Thanks.\n"
        }
    ]
}