{
    "url": "https://api.github.com/repos/pallets/flask/issues/413",
    "repository_url": "https://api.github.com/repos/pallets/flask",
    "labels_url": "https://api.github.com/repos/pallets/flask/issues/413/labels{/name}",
    "comments_url": "https://api.github.com/repos/pallets/flask/issues/413/comments",
    "events_url": "https://api.github.com/repos/pallets/flask/issues/413/events",
    "html_url": "https://github.com/pallets/flask/pull/413",
    "id": 3450841,
    "node_id": "MDExOlB1bGxSZXF1ZXN0OTA5ODI5",
    "number": 413,
    "title": "Blueprint example app",
    "user": {
        "login": "dmishe",
        "id": 99983,
        "node_id": "MDQ6VXNlcjk5OTgz",
        "avatar_url": "https://avatars0.githubusercontent.com/u/99983?v=4",
        "gravatar_id": "",
        "url": "https://api.github.com/users/dmishe",
        "html_url": "https://github.com/dmishe",
        "followers_url": "https://api.github.com/users/dmishe/followers",
        "following_url": "https://api.github.com/users/dmishe/following{/other_user}",
        "gists_url": "https://api.github.com/users/dmishe/gists{/gist_id}",
        "starred_url": "https://api.github.com/users/dmishe/starred{/owner}{/repo}",
        "subscriptions_url": "https://api.github.com/users/dmishe/subscriptions",
        "organizations_url": "https://api.github.com/users/dmishe/orgs",
        "repos_url": "https://api.github.com/users/dmishe/repos",
        "events_url": "https://api.github.com/users/dmishe/events{/privacy}",
        "received_events_url": "https://api.github.com/users/dmishe/received_events",
        "type": "User",
        "site_admin": false
    },
    "labels": [],
    "state": "closed",
    "locked": false,
    "assignee": null,
    "assignees": [],
    "milestone": null,
    "comments": 3,
    "created_at": "2012-03-01T08:28:02Z",
    "updated_at": "2014-06-13T04:12:35Z",
    "closed_at": "2012-06-25T17:49:11Z",
    "author_association": "CONTRIBUTOR",
    "pull_request": {
        "url": "https://api.github.com/repos/pallets/flask/pulls/413",
        "html_url": "https://github.com/pallets/flask/pull/413",
        "diff_url": "https://github.com/pallets/flask/pull/413.diff",
        "patch_url": "https://github.com/pallets/flask/pull/413.patch"
    },
    "body": "As per #404.\n\nThough i have a couple of issues:\n1. I can't mount blueprint's static under \"/\", would be good to show how static could be inside blueprint too (#348)\n2. For some reason, if i register same blueprint under `/` and `/pages/`, / works as expected showing me index template, but /pages/ redirects back to /. Is it desired behavior?\n",
    "comments_inline": [
        {
            "url": "https://api.github.com/repos/pallets/flask/issues/comments/4871006",
            "html_url": "https://github.com/pallets/flask/pull/413#issuecomment-4871006",
            "issue_url": "https://api.github.com/repos/pallets/flask/issues/413",
            "id": 4871006,
            "node_id": "MDEyOklzc3VlQ29tbWVudDQ4NzEwMDY=",
            "user": {
                "login": "kennethreitz",
                "id": 119893,
                "node_id": "MDQ6VXNlcjExOTg5Mw==",
                "avatar_url": "https://avatars2.githubusercontent.com/u/119893?v=4",
                "gravatar_id": "",
                "url": "https://api.github.com/users/kennethreitz",
                "html_url": "https://github.com/kennethreitz",
                "followers_url": "https://api.github.com/users/kennethreitz/followers",
                "following_url": "https://api.github.com/users/kennethreitz/following{/other_user}",
                "gists_url": "https://api.github.com/users/kennethreitz/gists{/gist_id}",
                "starred_url": "https://api.github.com/users/kennethreitz/starred{/owner}{/repo}",
                "subscriptions_url": "https://api.github.com/users/kennethreitz/subscriptions",
                "organizations_url": "https://api.github.com/users/kennethreitz/orgs",
                "repos_url": "https://api.github.com/users/kennethreitz/repos",
                "events_url": "https://api.github.com/users/kennethreitz/events{/privacy}",
                "received_events_url": "https://api.github.com/users/kennethreitz/received_events",
                "type": "User",
                "site_admin": false
            },
            "created_at": "2012-04-02T00:59:23Z",
            "updated_at": "2012-04-02T00:59:23Z",
            "author_association": "CONTRIBUTOR",
            "body": "I'd love to see this added. Proper use can be a little un-obvious at first glance. \n"
        },
        {
            "url": "https://api.github.com/repos/pallets/flask/issues/comments/6167401",
            "html_url": "https://github.com/pallets/flask/pull/413#issuecomment-6167401",
            "issue_url": "https://api.github.com/repos/pallets/flask/issues/413",
            "id": 6167401,
            "node_id": "MDEyOklzc3VlQ29tbWVudDYxNjc0MDE=",
            "user": {
                "login": "dmishe",
                "id": 99983,
                "node_id": "MDQ6VXNlcjk5OTgz",
                "avatar_url": "https://avatars0.githubusercontent.com/u/99983?v=4",
                "gravatar_id": "",
                "url": "https://api.github.com/users/dmishe",
                "html_url": "https://github.com/dmishe",
                "followers_url": "https://api.github.com/users/dmishe/followers",
                "following_url": "https://api.github.com/users/dmishe/following{/other_user}",
                "gists_url": "https://api.github.com/users/dmishe/gists{/gist_id}",
                "starred_url": "https://api.github.com/users/dmishe/starred{/owner}{/repo}",
                "subscriptions_url": "https://api.github.com/users/dmishe/subscriptions",
                "organizations_url": "https://api.github.com/users/dmishe/orgs",
                "repos_url": "https://api.github.com/users/dmishe/repos",
                "events_url": "https://api.github.com/users/dmishe/events{/privacy}",
                "received_events_url": "https://api.github.com/users/dmishe/received_events",
                "type": "User",
                "site_admin": false
            },
            "created_at": "2012-06-07T02:08:20Z",
            "updated_at": "2012-06-07T02:08:20Z",
            "author_association": "CONTRIBUTOR",
            "body": "Yo, any comments? :)\n"
        },
        {
            "url": "https://api.github.com/repos/pallets/flask/issues/comments/6554571",
            "html_url": "https://github.com/pallets/flask/pull/413#issuecomment-6554571",
            "issue_url": "https://api.github.com/repos/pallets/flask/issues/413",
            "id": 6554571,
            "node_id": "MDEyOklzc3VlQ29tbWVudDY1NTQ1NzE=",
            "user": {
                "login": "kennethreitz",
                "id": 119893,
                "node_id": "MDQ6VXNlcjExOTg5Mw==",
                "avatar_url": "https://avatars2.githubusercontent.com/u/119893?v=4",
                "gravatar_id": "",
                "url": "https://api.github.com/users/kennethreitz",
                "html_url": "https://github.com/kennethreitz",
                "followers_url": "https://api.github.com/users/kennethreitz/followers",
                "following_url": "https://api.github.com/users/kennethreitz/following{/other_user}",
                "gists_url": "https://api.github.com/users/kennethreitz/gists{/gist_id}",
                "starred_url": "https://api.github.com/users/kennethreitz/starred{/owner}{/repo}",
                "subscriptions_url": "https://api.github.com/users/kennethreitz/subscriptions",
                "organizations_url": "https://api.github.com/users/kennethreitz/orgs",
                "repos_url": "https://api.github.com/users/kennethreitz/repos",
                "events_url": "https://api.github.com/users/kennethreitz/events{/privacy}",
                "received_events_url": "https://api.github.com/users/kennethreitz/received_events",
                "type": "User",
                "site_admin": false
            },
            "created_at": "2012-06-25T17:49:09Z",
            "updated_at": "2012-06-25T17:49:09Z",
            "author_association": "CONTRIBUTOR",
            "body": "@dmishe :cake:\n"
        }
    ]
}