{
    "url": "https://api.github.com/repos/pallets/flask/issues/414",
    "repository_url": "https://api.github.com/repos/pallets/flask",
    "labels_url": "https://api.github.com/repos/pallets/flask/issues/414/labels{/name}",
    "comments_url": "https://api.github.com/repos/pallets/flask/issues/414/comments",
    "events_url": "https://api.github.com/repos/pallets/flask/issues/414/events",
    "html_url": "https://github.com/pallets/flask/issues/414",
    "id": 3454389,
    "node_id": "MDU6SXNzdWUzNDU0Mzg5",
    "number": 414,
    "title": "\"silent\" keyword argument only partially implemented by Config.from_envvar",
    "user": {
        "login": "dave-shawley",
        "id": 350812,
        "node_id": "MDQ6VXNlcjM1MDgxMg==",
        "avatar_url": "https://avatars1.githubusercontent.com/u/350812?v=4",
        "gravatar_id": "",
        "url": "https://api.github.com/users/dave-shawley",
        "html_url": "https://github.com/dave-shawley",
        "followers_url": "https://api.github.com/users/dave-shawley/followers",
        "following_url": "https://api.github.com/users/dave-shawley/following{/other_user}",
        "gists_url": "https://api.github.com/users/dave-shawley/gists{/gist_id}",
        "starred_url": "https://api.github.com/users/dave-shawley/starred{/owner}{/repo}",
        "subscriptions_url": "https://api.github.com/users/dave-shawley/subscriptions",
        "organizations_url": "https://api.github.com/users/dave-shawley/orgs",
        "repos_url": "https://api.github.com/users/dave-shawley/repos",
        "events_url": "https://api.github.com/users/dave-shawley/events{/privacy}",
        "received_events_url": "https://api.github.com/users/dave-shawley/received_events",
        "type": "User",
        "site_admin": false
    },
    "labels": [],
    "state": "closed",
    "locked": false,
    "assignee": null,
    "assignees": [],
    "milestone": null,
    "comments": 1,
    "created_at": "2012-03-01T13:53:31Z",
    "updated_at": "2013-06-19T15:03:30Z",
    "closed_at": "2013-06-19T15:03:30Z",
    "author_association": "CONTRIBUTOR",
    "body": "`Config.from_envvar` raises an exception if the configuration variable exists and references a file that does not exist.  The expectation is that the following test case should pass:\n\n``` python\n    def test_config_from_envvar_missing(self):\n        env = os.environ\n        try:\n            os.environ = {'FOO_SETTINGS': 'missing.cfg'}\n            try:\n                app = flask.Flask(__name__)\n                app.config.from_envvar('FOO_SETTINGS')\n            except IOError:\n                pass\n            else:\n                self.fail('expected IOError')\n            self.assertFalse(not app.config.from_envvar('FOO_SETTINGS', silent=True))\n        finally:\n            os.environ = env\n```\n",
    "comments_inline": [
        {
            "url": "https://api.github.com/repos/pallets/flask/issues/comments/19689740",
            "html_url": "https://github.com/pallets/flask/issues/414#issuecomment-19689740",
            "issue_url": "https://api.github.com/repos/pallets/flask/issues/414",
            "id": 19689740,
            "node_id": "MDEyOklzc3VlQ29tbWVudDE5Njg5NzQw",
            "user": {
                "login": "DasIch",
                "id": 182316,
                "node_id": "MDQ6VXNlcjE4MjMxNg==",
                "avatar_url": "https://avatars0.githubusercontent.com/u/182316?v=4",
                "gravatar_id": "",
                "url": "https://api.github.com/users/DasIch",
                "html_url": "https://github.com/DasIch",
                "followers_url": "https://api.github.com/users/DasIch/followers",
                "following_url": "https://api.github.com/users/DasIch/following{/other_user}",
                "gists_url": "https://api.github.com/users/DasIch/gists{/gist_id}",
                "starred_url": "https://api.github.com/users/DasIch/starred{/owner}{/repo}",
                "subscriptions_url": "https://api.github.com/users/DasIch/subscriptions",
                "organizations_url": "https://api.github.com/users/DasIch/orgs",
                "repos_url": "https://api.github.com/users/DasIch/repos",
                "events_url": "https://api.github.com/users/DasIch/events{/privacy}",
                "received_events_url": "https://api.github.com/users/DasIch/received_events",
                "type": "User",
                "site_admin": false
            },
            "created_at": "2013-06-19T15:03:30Z",
            "updated_at": "2013-06-19T15:03:30Z",
            "author_association": "CONTRIBUTOR",
            "body": "Fixed by #415 \n"
        }
    ]
}