{
    "url": "https://api.github.com/repos/pallets/flask/issues/415",
    "repository_url": "https://api.github.com/repos/pallets/flask",
    "labels_url": "https://api.github.com/repos/pallets/flask/issues/415/labels{/name}",
    "comments_url": "https://api.github.com/repos/pallets/flask/issues/415/comments",
    "events_url": "https://api.github.com/repos/pallets/flask/issues/415/events",
    "html_url": "https://github.com/pallets/flask/pull/415",
    "id": 3454422,
    "node_id": "MDExOlB1bGxSZXF1ZXN0OTExMTUy",
    "number": 415,
    "title": "Test and fix for issue #414",
    "user": {
        "login": "dave-shawley",
        "id": 350812,
        "node_id": "MDQ6VXNlcjM1MDgxMg==",
        "avatar_url": "https://avatars1.githubusercontent.com/u/350812?v=4",
        "gravatar_id": "",
        "url": "https://api.github.com/users/dave-shawley",
        "html_url": "https://github.com/dave-shawley",
        "followers_url": "https://api.github.com/users/dave-shawley/followers",
        "following_url": "https://api.github.com/users/dave-shawley/following{/other_user}",
        "gists_url": "https://api.github.com/users/dave-shawley/gists{/gist_id}",
        "starred_url": "https://api.github.com/users/dave-shawley/starred{/owner}{/repo}",
        "subscriptions_url": "https://api.github.com/users/dave-shawley/subscriptions",
        "organizations_url": "https://api.github.com/users/dave-shawley/orgs",
        "repos_url": "https://api.github.com/users/dave-shawley/repos",
        "events_url": "https://api.github.com/users/dave-shawley/events{/privacy}",
        "received_events_url": "https://api.github.com/users/dave-shawley/received_events",
        "type": "User",
        "site_admin": false
    },
    "labels": [],
    "state": "closed",
    "locked": false,
    "assignee": null,
    "assignees": [],
    "milestone": null,
    "comments": 0,
    "created_at": "2012-03-01T13:56:05Z",
    "updated_at": "2014-06-13T04:12:29Z",
    "closed_at": "2012-03-01T13:59:00Z",
    "author_association": "CONTRIBUTOR",
    "pull_request": {
        "url": "https://api.github.com/repos/pallets/flask/pulls/415",
        "html_url": "https://github.com/pallets/flask/pull/415",
        "diff_url": "https://github.com/pallets/flask/pull/415.diff",
        "patch_url": "https://github.com/pallets/flask/pull/415.patch"
    },
    "body": "Added a test to regress #414 and a simple fix.\n"
}