{
    "url": "https://api.github.com/repos/pallets/flask/issues/416",
    "repository_url": "https://api.github.com/repos/pallets/flask",
    "labels_url": "https://api.github.com/repos/pallets/flask/issues/416/labels{/name}",
    "comments_url": "https://api.github.com/repos/pallets/flask/issues/416/comments",
    "events_url": "https://api.github.com/repos/pallets/flask/issues/416/events",
    "html_url": "https://github.com/pallets/flask/pull/416",
    "id": 3469255,
    "node_id": "MDExOlB1bGxSZXF1ZXN0OTE1NDM5",
    "number": 416,
    "title": "Add Flask-fillin extension",
    "user": {
        "login": "jarus",
        "id": 110274,
        "node_id": "MDQ6VXNlcjExMDI3NA==",
        "avatar_url": "https://avatars3.githubusercontent.com/u/110274?v=4",
        "gravatar_id": "",
        "url": "https://api.github.com/users/jarus",
        "html_url": "https://github.com/jarus",
        "followers_url": "https://api.github.com/users/jarus/followers",
        "following_url": "https://api.github.com/users/jarus/following{/other_user}",
        "gists_url": "https://api.github.com/users/jarus/gists{/gist_id}",
        "starred_url": "https://api.github.com/users/jarus/starred{/owner}{/repo}",
        "subscriptions_url": "https://api.github.com/users/jarus/subscriptions",
        "organizations_url": "https://api.github.com/users/jarus/orgs",
        "repos_url": "https://api.github.com/users/jarus/repos",
        "events_url": "https://api.github.com/users/jarus/events{/privacy}",
        "received_events_url": "https://api.github.com/users/jarus/received_events",
        "type": "User",
        "site_admin": false
    },
    "labels": [],
    "state": "closed",
    "locked": false,
    "assignee": null,
    "assignees": [],
    "milestone": null,
    "comments": 1,
    "created_at": "2012-03-02T00:28:23Z",
    "updated_at": "2014-06-13T04:12:26Z",
    "closed_at": "2012-03-21T01:59:04Z",
    "author_association": "CONTRIBUTOR",
    "pull_request": {
        "url": "https://api.github.com/repos/pallets/flask/pulls/416",
        "html_url": "https://github.com/pallets/flask/pull/416",
        "diff_url": "https://github.com/pallets/flask/pull/416.diff",
        "patch_url": "https://github.com/pallets/flask/pull/416.patch"
    },
    "body": "I just added my Flask-fillin extension to the extension overview.\n",
    "comments_inline": [
        {
            "url": "https://api.github.com/repos/pallets/flask/issues/comments/4609656",
            "html_url": "https://github.com/pallets/flask/pull/416#issuecomment-4609656",
            "issue_url": "https://api.github.com/repos/pallets/flask/issues/416",
            "id": 4609656,
            "node_id": "MDEyOklzc3VlQ29tbWVudDQ2MDk2NTY=",
            "user": {
                "login": "kennethreitz",
                "id": 119893,
                "node_id": "MDQ6VXNlcjExOTg5Mw==",
                "avatar_url": "https://avatars2.githubusercontent.com/u/119893?v=4",
                "gravatar_id": "",
                "url": "https://api.github.com/users/kennethreitz",
                "html_url": "https://github.com/kennethreitz",
                "followers_url": "https://api.github.com/users/kennethreitz/followers",
                "following_url": "https://api.github.com/users/kennethreitz/following{/other_user}",
                "gists_url": "https://api.github.com/users/kennethreitz/gists{/gist_id}",
                "starred_url": "https://api.github.com/users/kennethreitz/starred{/owner}{/repo}",
                "subscriptions_url": "https://api.github.com/users/kennethreitz/subscriptions",
                "organizations_url": "https://api.github.com/users/kennethreitz/orgs",
                "repos_url": "https://api.github.com/users/kennethreitz/repos",
                "events_url": "https://api.github.com/users/kennethreitz/events{/privacy}",
                "received_events_url": "https://api.github.com/users/kennethreitz/received_events",
                "type": "User",
                "site_admin": false
            },
            "created_at": "2012-03-21T01:59:02Z",
            "updated_at": "2012-03-21T01:59:02Z",
            "author_association": "CONTRIBUTOR",
            "body": "Awesome, thanks!\n"
        }
    ]
}