{
    "url": "https://api.github.com/repos/pallets/flask/issues/417",
    "repository_url": "https://api.github.com/repos/pallets/flask",
    "labels_url": "https://api.github.com/repos/pallets/flask/issues/417/labels{/name}",
    "comments_url": "https://api.github.com/repos/pallets/flask/issues/417/comments",
    "events_url": "https://api.github.com/repos/pallets/flask/issues/417/events",
    "html_url": "https://github.com/pallets/flask/pull/417",
    "id": 3474954,
    "node_id": "MDExOlB1bGxSZXF1ZXN0OTE3NDAw",
    "number": 417,
    "title": "Fixed assumption made on session implementations",
    "user": {
        "login": "tarruda",
        "id": 842846,
        "node_id": "MDQ6VXNlcjg0Mjg0Ng==",
        "avatar_url": "https://avatars3.githubusercontent.com/u/842846?v=4",
        "gravatar_id": "",
        "url": "https://api.github.com/users/tarruda",
        "html_url": "https://github.com/tarruda",
        "followers_url": "https://api.github.com/users/tarruda/followers",
        "following_url": "https://api.github.com/users/tarruda/following{/other_user}",
        "gists_url": "https://api.github.com/users/tarruda/gists{/gist_id}",
        "starred_url": "https://api.github.com/users/tarruda/starred{/owner}{/repo}",
        "subscriptions_url": "https://api.github.com/users/tarruda/subscriptions",
        "organizations_url": "https://api.github.com/users/tarruda/orgs",
        "repos_url": "https://api.github.com/users/tarruda/repos",
        "events_url": "https://api.github.com/users/tarruda/events{/privacy}",
        "received_events_url": "https://api.github.com/users/tarruda/received_events",
        "type": "User",
        "site_admin": false
    },
    "labels": [],
    "state": "closed",
    "locked": false,
    "assignee": null,
    "assignees": [],
    "milestone": null,
    "comments": 3,
    "created_at": "2012-03-02T10:51:42Z",
    "updated_at": "2014-06-13T04:12:25Z",
    "closed_at": "2012-04-01T15:23:26Z",
    "author_association": "CONTRIBUTOR",
    "pull_request": {
        "url": "https://api.github.com/repos/pallets/flask/pulls/417",
        "html_url": "https://github.com/pallets/flask/pull/417",
        "diff_url": "https://github.com/pallets/flask/pull/417.diff",
        "patch_url": "https://github.com/pallets/flask/pull/417.patch"
    },
    "body": "In the snippet 'session.setdefault(...).append(...)', it was being\nassumed that changes made to mutable structures in the session are\nare always in sync with the session object, which is not true for\nsession implementations that use a external storage for keeping their\nkeys/values.\n",
    "comments_inline": [
        {
            "url": "https://api.github.com/repos/pallets/flask/issues/comments/4505403",
            "html_url": "https://github.com/pallets/flask/pull/417#issuecomment-4505403",
            "issue_url": "https://api.github.com/repos/pallets/flask/issues/417",
            "id": 4505403,
            "node_id": "MDEyOklzc3VlQ29tbWVudDQ1MDU0MDM=",
            "user": {
                "login": "njl",
                "id": 123934,
                "node_id": "MDQ6VXNlcjEyMzkzNA==",
                "avatar_url": "https://avatars1.githubusercontent.com/u/123934?v=4",
                "gravatar_id": "",
                "url": "https://api.github.com/users/njl",
                "html_url": "https://github.com/njl",
                "followers_url": "https://api.github.com/users/njl/followers",
                "following_url": "https://api.github.com/users/njl/following{/other_user}",
                "gists_url": "https://api.github.com/users/njl/gists{/gist_id}",
                "starred_url": "https://api.github.com/users/njl/starred{/owner}{/repo}",
                "subscriptions_url": "https://api.github.com/users/njl/subscriptions",
                "organizations_url": "https://api.github.com/users/njl/orgs",
                "repos_url": "https://api.github.com/users/njl/repos",
                "events_url": "https://api.github.com/users/njl/events{/privacy}",
                "received_events_url": "https://api.github.com/users/njl/received_events",
                "type": "User",
                "site_admin": false
            },
            "created_at": "2012-03-14T19:01:17Z",
            "updated_at": "2012-03-14T19:01:17Z",
            "author_association": "CONTRIBUTOR",
            "body": "This looks good to me!\n"
        },
        {
            "url": "https://api.github.com/repos/pallets/flask/issues/comments/4867022",
            "html_url": "https://github.com/pallets/flask/pull/417#issuecomment-4867022",
            "issue_url": "https://api.github.com/repos/pallets/flask/issues/417",
            "id": 4867022,
            "node_id": "MDEyOklzc3VlQ29tbWVudDQ4NjcwMjI=",
            "user": {
                "login": "rduplain",
                "id": 36428,
                "node_id": "MDQ6VXNlcjM2NDI4",
                "avatar_url": "https://avatars1.githubusercontent.com/u/36428?v=4",
                "gravatar_id": "",
                "url": "https://api.github.com/users/rduplain",
                "html_url": "https://github.com/rduplain",
                "followers_url": "https://api.github.com/users/rduplain/followers",
                "following_url": "https://api.github.com/users/rduplain/following{/other_user}",
                "gists_url": "https://api.github.com/users/rduplain/gists{/gist_id}",
                "starred_url": "https://api.github.com/users/rduplain/starred{/owner}{/repo}",
                "subscriptions_url": "https://api.github.com/users/rduplain/subscriptions",
                "organizations_url": "https://api.github.com/users/rduplain/orgs",
                "repos_url": "https://api.github.com/users/rduplain/repos",
                "events_url": "https://api.github.com/users/rduplain/events{/privacy}",
                "received_events_url": "https://api.github.com/users/rduplain/received_events",
                "type": "User",
                "site_admin": false
            },
            "created_at": "2012-04-01T15:35:39Z",
            "updated_at": "2012-04-01T15:35:39Z",
            "author_association": "CONTRIBUTOR",
            "body": "Thanks.  I added your notes to the project in 0eb75b317bd62ece31875158fb31262ce7d05e69.  @tarruda, any chance you have a test which shows that this breaks?\n"
        },
        {
            "url": "https://api.github.com/repos/pallets/flask/issues/comments/4867391",
            "html_url": "https://github.com/pallets/flask/pull/417#issuecomment-4867391",
            "issue_url": "https://api.github.com/repos/pallets/flask/issues/417",
            "id": 4867391,
            "node_id": "MDEyOklzc3VlQ29tbWVudDQ4NjczOTE=",
            "user": {
                "login": "tarruda",
                "id": 842846,
                "node_id": "MDQ6VXNlcjg0Mjg0Ng==",
                "avatar_url": "https://avatars3.githubusercontent.com/u/842846?v=4",
                "gravatar_id": "",
                "url": "https://api.github.com/users/tarruda",
                "html_url": "https://github.com/tarruda",
                "followers_url": "https://api.github.com/users/tarruda/followers",
                "following_url": "https://api.github.com/users/tarruda/following{/other_user}",
                "gists_url": "https://api.github.com/users/tarruda/gists{/gist_id}",
                "starred_url": "https://api.github.com/users/tarruda/starred{/owner}{/repo}",
                "subscriptions_url": "https://api.github.com/users/tarruda/subscriptions",
                "organizations_url": "https://api.github.com/users/tarruda/orgs",
                "repos_url": "https://api.github.com/users/tarruda/repos",
                "events_url": "https://api.github.com/users/tarruda/events{/privacy}",
                "received_events_url": "https://api.github.com/users/tarruda/received_events",
                "type": "User",
                "site_admin": false
            },
            "created_at": "2012-04-01T16:27:05Z",
            "updated_at": "2012-04-01T16:27:05Z",
            "author_association": "CONTRIBUTOR",
            "body": "I haven't written a test, but there's a snippet I've written here: http://flask.pocoo.org/snippets/86/ .\nIts a session implementation using SQLite, and the bug was exposed unless I override the 'setdefault' method in the 'SqliteSession' class.\n"
        }
    ]
}