{
    "url": "https://api.github.com/repos/pallets/flask/issues/418",
    "repository_url": "https://api.github.com/repos/pallets/flask",
    "labels_url": "https://api.github.com/repos/pallets/flask/issues/418/labels{/name}",
    "comments_url": "https://api.github.com/repos/pallets/flask/issues/418/comments",
    "events_url": "https://api.github.com/repos/pallets/flask/issues/418/events",
    "html_url": "https://github.com/pallets/flask/pull/418",
    "id": 3489571,
    "node_id": "MDExOlB1bGxSZXF1ZXN0OTIzMjk5",
    "number": 418,
    "title": "Fix the Github \"watch\" button for 4-digit watchers number.",
    "user": {
        "login": "SimonSapin",
        "id": 291359,
        "node_id": "MDQ6VXNlcjI5MTM1OQ==",
        "avatar_url": "https://avatars0.githubusercontent.com/u/291359?v=4",
        "gravatar_id": "",
        "url": "https://api.github.com/users/SimonSapin",
        "html_url": "https://github.com/SimonSapin",
        "followers_url": "https://api.github.com/users/SimonSapin/followers",
        "following_url": "https://api.github.com/users/SimonSapin/following{/other_user}",
        "gists_url": "https://api.github.com/users/SimonSapin/gists{/gist_id}",
        "starred_url": "https://api.github.com/users/SimonSapin/starred{/owner}{/repo}",
        "subscriptions_url": "https://api.github.com/users/SimonSapin/subscriptions",
        "organizations_url": "https://api.github.com/users/SimonSapin/orgs",
        "repos_url": "https://api.github.com/users/SimonSapin/repos",
        "events_url": "https://api.github.com/users/SimonSapin/events{/privacy}",
        "received_events_url": "https://api.github.com/users/SimonSapin/received_events",
        "type": "User",
        "site_admin": false
    },
    "labels": [],
    "state": "closed",
    "locked": false,
    "assignee": null,
    "assignees": [],
    "milestone": null,
    "comments": 0,
    "created_at": "2012-03-03T13:40:41Z",
    "updated_at": "2014-06-13T04:12:23Z",
    "closed_at": "2012-03-03T14:01:27Z",
    "author_association": "CONTRIBUTOR",
    "pull_request": {
        "url": "https://api.github.com/repos/pallets/flask/pulls/418",
        "html_url": "https://github.com/pallets/flask/pull/418",
        "diff_url": "https://github.com/pallets/flask/pull/418.diff",
        "patch_url": "https://github.com/pallets/flask/pull/418.patch"
    },
    "body": "The iframe is too narrow, the number of watchers goes to the next line bellow the button instead of staying on the left. It is barely visible because of the iframe\u2019s fixed height. Making it wider looks better.\n"
}