{
    "url": "https://api.github.com/repos/pallets/flask/issues/419",
    "repository_url": "https://api.github.com/repos/pallets/flask",
    "labels_url": "https://api.github.com/repos/pallets/flask/issues/419/labels{/name}",
    "comments_url": "https://api.github.com/repos/pallets/flask/issues/419/comments",
    "events_url": "https://api.github.com/repos/pallets/flask/issues/419/events",
    "html_url": "https://github.com/pallets/flask/issues/419",
    "id": 3521318,
    "node_id": "MDU6SXNzdWUzNTIxMzE4",
    "number": 419,
    "title": "request.mimetype always empty",
    "user": {
        "login": "FND",
        "id": 3515,
        "node_id": "MDQ6VXNlcjM1MTU=",
        "avatar_url": "https://avatars0.githubusercontent.com/u/3515?v=4",
        "gravatar_id": "",
        "url": "https://api.github.com/users/FND",
        "html_url": "https://github.com/FND",
        "followers_url": "https://api.github.com/users/FND/followers",
        "following_url": "https://api.github.com/users/FND/following{/other_user}",
        "gists_url": "https://api.github.com/users/FND/gists{/gist_id}",
        "starred_url": "https://api.github.com/users/FND/starred{/owner}{/repo}",
        "subscriptions_url": "https://api.github.com/users/FND/subscriptions",
        "organizations_url": "https://api.github.com/users/FND/orgs",
        "repos_url": "https://api.github.com/users/FND/repos",
        "events_url": "https://api.github.com/users/FND/events{/privacy}",
        "received_events_url": "https://api.github.com/users/FND/received_events",
        "type": "User",
        "site_admin": false
    },
    "labels": [],
    "state": "closed",
    "locked": false,
    "assignee": null,
    "assignees": [],
    "milestone": null,
    "comments": 1,
    "created_at": "2012-03-06T09:26:51Z",
    "updated_at": "2012-03-06T11:33:08Z",
    "closed_at": "2012-03-06T11:33:08Z",
    "author_association": "NONE",
    "body": "it appears that `request.mimetype` is always an empty string - which I assume is a bug:\n\n```\n$ cat testcase.py\nfrom flask import Flask, request, make_response\n\n\napp = Flask(__name__)\n\n\n@app.route(\"/\")\ndef root():\n    response = make_response(\"mimetype: %s\\n\\n%s\" % (repr(request.mimetype),\n            request.headers))\n    response.headers[\"Content-Type\"] = \"text/plain\"\n    return response\n\n\nif __name__ == \"__main__\":\n    app.run()\n\n$ python testcase.py &\n\n$ curl -X GET -H \"Accept: text/plain\" http://127.0.0.1:5000/\nmimetype: ''\n\nAccept: text/plain\n...\n\n$ curl -X GET -H \"Accept: application/json\" http://127.0.0.1:5000/\nmimetype: ''\n\nAccept: application/json\n...\n\n$ curl -X GET -H \\\n    \"Accept: text/html,application/xhtml+xml,application/xml;q=0.9,*/*;q=0.8\" \\\n    http://127.0.0.1:5000/\nmimetype: ''\n\nAccept: text/html,application/xhtml+xml,application/xml;q=0.9,*/*;q=0.8\n...\n```\n\nMy expectation was that `request.mimetype` be populated based on the Accept header - is this perhaps misguided?\n\n(I've traced this into Werkzeug, but kinda got lost along the way.)\n",
    "comments_inline": [
        {
            "url": "https://api.github.com/repos/pallets/flask/issues/comments/4342776",
            "html_url": "https://github.com/pallets/flask/issues/419#issuecomment-4342776",
            "issue_url": "https://api.github.com/repos/pallets/flask/issues/419",
            "id": 4342776,
            "node_id": "MDEyOklzc3VlQ29tbWVudDQzNDI3NzY=",
            "user": {
                "login": "FND",
                "id": 3515,
                "node_id": "MDQ6VXNlcjM1MTU=",
                "avatar_url": "https://avatars0.githubusercontent.com/u/3515?v=4",
                "gravatar_id": "",
                "url": "https://api.github.com/users/FND",
                "html_url": "https://github.com/FND",
                "followers_url": "https://api.github.com/users/FND/followers",
                "following_url": "https://api.github.com/users/FND/following{/other_user}",
                "gists_url": "https://api.github.com/users/FND/gists{/gist_id}",
                "starred_url": "https://api.github.com/users/FND/starred{/owner}{/repo}",
                "subscriptions_url": "https://api.github.com/users/FND/subscriptions",
                "organizations_url": "https://api.github.com/users/FND/orgs",
                "repos_url": "https://api.github.com/users/FND/repos",
                "events_url": "https://api.github.com/users/FND/events{/privacy}",
                "received_events_url": "https://api.github.com/users/FND/received_events",
                "type": "User",
                "site_admin": false
            },
            "created_at": "2012-03-06T11:33:06Z",
            "updated_at": "2012-03-06T11:33:06Z",
            "author_association": "NONE",
            "body": "invalid; what I want is `request.accept_mimetypes` (also see http://flask.pocoo.org/snippets/45/)\n"
        }
    ]
}