{
    "url": "https://api.github.com/repos/pallets/flask/issues/42",
    "repository_url": "https://api.github.com/repos/pallets/flask",
    "labels_url": "https://api.github.com/repos/pallets/flask/issues/42/labels{/name}",
    "comments_url": "https://api.github.com/repos/pallets/flask/issues/42/comments",
    "events_url": "https://api.github.com/repos/pallets/flask/issues/42/events",
    "html_url": "https://github.com/pallets/flask/issues/42",
    "id": 201084,
    "node_id": "MDU6SXNzdWUyMDEwODQ=",
    "number": 42,
    "title": "Document URL Redirection Behaviour and how to use it",
    "user": {
        "login": "mitsuhiko",
        "id": 7396,
        "node_id": "MDQ6VXNlcjczOTY=",
        "avatar_url": "https://avatars1.githubusercontent.com/u/7396?v=4",
        "gravatar_id": "",
        "url": "https://api.github.com/users/mitsuhiko",
        "html_url": "https://github.com/mitsuhiko",
        "followers_url": "https://api.github.com/users/mitsuhiko/followers",
        "following_url": "https://api.github.com/users/mitsuhiko/following{/other_user}",
        "gists_url": "https://api.github.com/users/mitsuhiko/gists{/gist_id}",
        "starred_url": "https://api.github.com/users/mitsuhiko/starred{/owner}{/repo}",
        "subscriptions_url": "https://api.github.com/users/mitsuhiko/subscriptions",
        "organizations_url": "https://api.github.com/users/mitsuhiko/orgs",
        "repos_url": "https://api.github.com/users/mitsuhiko/repos",
        "events_url": "https://api.github.com/users/mitsuhiko/events{/privacy}",
        "received_events_url": "https://api.github.com/users/mitsuhiko/received_events",
        "type": "User",
        "site_admin": false
    },
    "labels": [],
    "state": "closed",
    "locked": false,
    "assignee": null,
    "assignees": [],
    "milestone": null,
    "comments": 2,
    "created_at": "2010-05-19T19:42:36Z",
    "updated_at": "2010-06-06T23:39:06Z",
    "closed_at": "2010-05-24T20:26:13Z",
    "author_association": "MEMBER",
    "body": "There was a length discussion on #pocoo about the redirection behaviour of Werkzeug today. As a result of that discussion I think it should be explained in detail in the documentation.\n",
    "comments_inline": [
        {
            "url": "https://api.github.com/repos/pallets/flask/issues/comments/251566",
            "html_url": "https://github.com/pallets/flask/issues/42#issuecomment-251566",
            "issue_url": "https://api.github.com/repos/pallets/flask/issues/42",
            "id": 251566,
            "node_id": "MDEyOklzc3VlQ29tbWVudDI1MTU2Ng==",
            "user": {
                "login": "mitsuhiko",
                "id": 7396,
                "node_id": "MDQ6VXNlcjczOTY=",
                "avatar_url": "https://avatars1.githubusercontent.com/u/7396?v=4",
                "gravatar_id": "",
                "url": "https://api.github.com/users/mitsuhiko",
                "html_url": "https://github.com/mitsuhiko",
                "followers_url": "https://api.github.com/users/mitsuhiko/followers",
                "following_url": "https://api.github.com/users/mitsuhiko/following{/other_user}",
                "gists_url": "https://api.github.com/users/mitsuhiko/gists{/gist_id}",
                "starred_url": "https://api.github.com/users/mitsuhiko/starred{/owner}{/repo}",
                "subscriptions_url": "https://api.github.com/users/mitsuhiko/subscriptions",
                "organizations_url": "https://api.github.com/users/mitsuhiko/orgs",
                "repos_url": "https://api.github.com/users/mitsuhiko/repos",
                "events_url": "https://api.github.com/users/mitsuhiko/events{/privacy}",
                "received_events_url": "https://api.github.com/users/mitsuhiko/received_events",
                "type": "User",
                "site_admin": false
            },
            "created_at": "2010-05-24T13:26:13Z",
            "updated_at": "2010-05-24T13:26:13Z",
            "author_association": "MEMBER",
            "body": "Documented redirect behaviour. Closed by 9d98ad5e079b88fd9da87e47d55a11e465ab6bb0\n"
        },
        {
            "url": "https://api.github.com/repos/pallets/flask/issues/comments/265944",
            "html_url": "https://github.com/pallets/flask/issues/42#issuecomment-265944",
            "issue_url": "https://api.github.com/repos/pallets/flask/issues/42",
            "id": 265944,
            "node_id": "MDEyOklzc3VlQ29tbWVudDI2NTk0NA==",
            "user": {
                "login": "florentx",
                "id": 142113,
                "node_id": "MDQ6VXNlcjE0MjExMw==",
                "avatar_url": "https://avatars1.githubusercontent.com/u/142113?v=4",
                "gravatar_id": "",
                "url": "https://api.github.com/users/florentx",
                "html_url": "https://github.com/florentx",
                "followers_url": "https://api.github.com/users/florentx/followers",
                "following_url": "https://api.github.com/users/florentx/following{/other_user}",
                "gists_url": "https://api.github.com/users/florentx/gists{/gist_id}",
                "starred_url": "https://api.github.com/users/florentx/starred{/owner}{/repo}",
                "subscriptions_url": "https://api.github.com/users/florentx/subscriptions",
                "organizations_url": "https://api.github.com/users/florentx/orgs",
                "repos_url": "https://api.github.com/users/florentx/repos",
                "events_url": "https://api.github.com/users/florentx/events{/privacy}",
                "received_events_url": "https://api.github.com/users/florentx/received_events",
                "type": "User",
                "site_admin": false
            },
            "created_at": "2010-06-06T23:39:06Z",
            "updated_at": "2010-06-06T23:39:06Z",
            "author_association": "CONTRIBUTOR",
            "body": "For the record, I noticed that PyPI website renders different pages with or without the slash. I confirm that it is confusing.\n\nhttp://pypi.python.org/pypi is fast\nhttp://pypi.python.org/pypi/ is slow\n"
        }
    ]
}