{
    "url": "https://api.github.com/repos/pallets/flask/issues/420",
    "repository_url": "https://api.github.com/repos/pallets/flask",
    "labels_url": "https://api.github.com/repos/pallets/flask/issues/420/labels{/name}",
    "comments_url": "https://api.github.com/repos/pallets/flask/issues/420/comments",
    "events_url": "https://api.github.com/repos/pallets/flask/issues/420/events",
    "html_url": "https://github.com/pallets/flask/pull/420",
    "id": 3553873,
    "node_id": "MDExOlB1bGxSZXF1ZXN0OTQ3MDEw",
    "number": 420,
    "title": "Add radio-exodus.de to the projects list",
    "user": {
        "login": "ThiefMaster",
        "id": 179599,
        "node_id": "MDQ6VXNlcjE3OTU5OQ==",
        "avatar_url": "https://avatars1.githubusercontent.com/u/179599?v=4",
        "gravatar_id": "",
        "url": "https://api.github.com/users/ThiefMaster",
        "html_url": "https://github.com/ThiefMaster",
        "followers_url": "https://api.github.com/users/ThiefMaster/followers",
        "following_url": "https://api.github.com/users/ThiefMaster/following{/other_user}",
        "gists_url": "https://api.github.com/users/ThiefMaster/gists{/gist_id}",
        "starred_url": "https://api.github.com/users/ThiefMaster/starred{/owner}{/repo}",
        "subscriptions_url": "https://api.github.com/users/ThiefMaster/subscriptions",
        "organizations_url": "https://api.github.com/users/ThiefMaster/orgs",
        "repos_url": "https://api.github.com/users/ThiefMaster/repos",
        "events_url": "https://api.github.com/users/ThiefMaster/events{/privacy}",
        "received_events_url": "https://api.github.com/users/ThiefMaster/received_events",
        "type": "User",
        "site_admin": false
    },
    "labels": [],
    "state": "closed",
    "locked": false,
    "assignee": null,
    "assignees": [],
    "milestone": null,
    "comments": 0,
    "created_at": "2012-03-08T00:16:05Z",
    "updated_at": "2015-03-08T11:51:58Z",
    "closed_at": "2012-03-08T00:16:32Z",
    "author_association": "MEMBER",
    "pull_request": {
        "url": "https://api.github.com/repos/pallets/flask/pulls/420",
        "html_url": "https://github.com/pallets/flask/pull/420",
        "diff_url": "https://github.com/pallets/flask/pull/420.diff",
        "patch_url": "https://github.com/pallets/flask/pull/420.patch"
    },
    "body": "The site is 100% flask-based since almost a year now\n"
}