{
    "url": "https://api.github.com/repos/pallets/flask/issues/423",
    "repository_url": "https://api.github.com/repos/pallets/flask",
    "labels_url": "https://api.github.com/repos/pallets/flask/issues/423/labels{/name}",
    "comments_url": "https://api.github.com/repos/pallets/flask/issues/423/comments",
    "events_url": "https://api.github.com/repos/pallets/flask/issues/423/events",
    "html_url": "https://github.com/pallets/flask/pull/423",
    "id": 3572718,
    "node_id": "MDExOlB1bGxSZXF1ZXN0OTUzMDM3",
    "number": 423,
    "title": "On JSON requests, the JSON response should have Content-Type: application/json",
    "user": {
        "login": "jfinkels",
        "id": 121755,
        "node_id": "MDQ6VXNlcjEyMTc1NQ==",
        "avatar_url": "https://avatars0.githubusercontent.com/u/121755?v=4",
        "gravatar_id": "",
        "url": "https://api.github.com/users/jfinkels",
        "html_url": "https://github.com/jfinkels",
        "followers_url": "https://api.github.com/users/jfinkels/followers",
        "following_url": "https://api.github.com/users/jfinkels/following{/other_user}",
        "gists_url": "https://api.github.com/users/jfinkels/gists{/gist_id}",
        "starred_url": "https://api.github.com/users/jfinkels/starred{/owner}{/repo}",
        "subscriptions_url": "https://api.github.com/users/jfinkels/subscriptions",
        "organizations_url": "https://api.github.com/users/jfinkels/orgs",
        "repos_url": "https://api.github.com/users/jfinkels/repos",
        "events_url": "https://api.github.com/users/jfinkels/events{/privacy}",
        "received_events_url": "https://api.github.com/users/jfinkels/received_events",
        "type": "User",
        "site_admin": false
    },
    "labels": [],
    "state": "closed",
    "locked": false,
    "assignee": null,
    "assignees": [],
    "milestone": null,
    "comments": 2,
    "created_at": "2012-03-08T21:44:23Z",
    "updated_at": "2014-06-13T04:12:13Z",
    "closed_at": "2012-03-14T01:29:47Z",
    "author_association": "CONTRIBUTOR",
    "pull_request": {
        "url": "https://api.github.com/repos/pallets/flask/pulls/423",
        "html_url": "https://github.com/pallets/flask/pull/423",
        "diff_url": "https://github.com/pallets/flask/pull/423.diff",
        "patch_url": "https://github.com/pallets/flask/pull/423.patch"
    },
    "body": "On JSON requests, the JSON response should have Content-Type: application/json and the body of the response should be a JSON object. This is related to issue #422.\n",
    "comments_inline": [
        {
            "url": "https://api.github.com/repos/pallets/flask/issues/comments/4463342",
            "html_url": "https://github.com/pallets/flask/pull/423#issuecomment-4463342",
            "issue_url": "https://api.github.com/repos/pallets/flask/issues/423",
            "id": 4463342,
            "node_id": "MDEyOklzc3VlQ29tbWVudDQ0NjMzNDI=",
            "user": {
                "login": "aisipos",
                "id": 68444,
                "node_id": "MDQ6VXNlcjY4NDQ0",
                "avatar_url": "https://avatars0.githubusercontent.com/u/68444?v=4",
                "gravatar_id": "",
                "url": "https://api.github.com/users/aisipos",
                "html_url": "https://github.com/aisipos",
                "followers_url": "https://api.github.com/users/aisipos/followers",
                "following_url": "https://api.github.com/users/aisipos/following{/other_user}",
                "gists_url": "https://api.github.com/users/aisipos/gists{/gist_id}",
                "starred_url": "https://api.github.com/users/aisipos/starred{/owner}{/repo}",
                "subscriptions_url": "https://api.github.com/users/aisipos/subscriptions",
                "organizations_url": "https://api.github.com/users/aisipos/orgs",
                "repos_url": "https://api.github.com/users/aisipos/repos",
                "events_url": "https://api.github.com/users/aisipos/events{/privacy}",
                "received_events_url": "https://api.github.com/users/aisipos/received_events",
                "type": "User",
                "site_admin": false
            },
            "created_at": "2012-03-12T22:32:05Z",
            "updated_at": "2012-03-12T22:32:05Z",
            "author_association": "CONTRIBUTOR",
            "body": "Added updated pull request at #439, which moves new classes out of wrappers.py and into a new exceptions module. Would have added it here, but wasn't able to get the 'hub pull-request' tool to work.\n"
        },
        {
            "url": "https://api.github.com/repos/pallets/flask/issues/comments/4490439",
            "html_url": "https://github.com/pallets/flask/pull/423#issuecomment-4490439",
            "issue_url": "https://api.github.com/repos/pallets/flask/issues/423",
            "id": 4490439,
            "node_id": "MDEyOklzc3VlQ29tbWVudDQ0OTA0Mzk=",
            "user": {
                "login": "rduplain",
                "id": 36428,
                "node_id": "MDQ6VXNlcjM2NDI4",
                "avatar_url": "https://avatars1.githubusercontent.com/u/36428?v=4",
                "gravatar_id": "",
                "url": "https://api.github.com/users/rduplain",
                "html_url": "https://github.com/rduplain",
                "followers_url": "https://api.github.com/users/rduplain/followers",
                "following_url": "https://api.github.com/users/rduplain/following{/other_user}",
                "gists_url": "https://api.github.com/users/rduplain/gists{/gist_id}",
                "starred_url": "https://api.github.com/users/rduplain/starred{/owner}{/repo}",
                "subscriptions_url": "https://api.github.com/users/rduplain/subscriptions",
                "organizations_url": "https://api.github.com/users/rduplain/orgs",
                "repos_url": "https://api.github.com/users/rduplain/repos",
                "events_url": "https://api.github.com/users/rduplain/events{/privacy}",
                "received_events_url": "https://api.github.com/users/rduplain/received_events",
                "type": "User",
                "site_admin": false
            },
            "created_at": "2012-03-14T01:29:47Z",
            "updated_at": "2012-03-14T01:29:47Z",
            "author_association": "CONTRIBUTOR",
            "body": "Will pull #439, which includes this one. Thanks.\n"
        }
    ]
}