{
    "url": "https://api.github.com/repos/pallets/flask/issues/425",
    "repository_url": "https://api.github.com/repos/pallets/flask",
    "labels_url": "https://api.github.com/repos/pallets/flask/issues/425/labels{/name}",
    "comments_url": "https://api.github.com/repos/pallets/flask/issues/425/comments",
    "events_url": "https://api.github.com/repos/pallets/flask/issues/425/events",
    "html_url": "https://github.com/pallets/flask/issues/425",
    "id": 3605747,
    "node_id": "MDU6SXNzdWUzNjA1NzQ3",
    "number": 425,
    "title": "Partial content support",
    "user": {
        "login": "wilsaj",
        "id": 303866,
        "node_id": "MDQ6VXNlcjMwMzg2Ng==",
        "avatar_url": "https://avatars1.githubusercontent.com/u/303866?v=4",
        "gravatar_id": "",
        "url": "https://api.github.com/users/wilsaj",
        "html_url": "https://github.com/wilsaj",
        "followers_url": "https://api.github.com/users/wilsaj/followers",
        "following_url": "https://api.github.com/users/wilsaj/following{/other_user}",
        "gists_url": "https://api.github.com/users/wilsaj/gists{/gist_id}",
        "starred_url": "https://api.github.com/users/wilsaj/starred{/owner}{/repo}",
        "subscriptions_url": "https://api.github.com/users/wilsaj/subscriptions",
        "organizations_url": "https://api.github.com/users/wilsaj/orgs",
        "repos_url": "https://api.github.com/users/wilsaj/repos",
        "events_url": "https://api.github.com/users/wilsaj/events{/privacy}",
        "received_events_url": "https://api.github.com/users/wilsaj/received_events",
        "type": "User",
        "site_admin": false
    },
    "labels": [],
    "state": "closed",
    "locked": false,
    "assignee": null,
    "assignees": [],
    "milestone": null,
    "comments": 8,
    "created_at": "2012-03-12T03:16:14Z",
    "updated_at": "2017-05-22T17:58:19Z",
    "closed_at": "2017-05-22T17:57:29Z",
    "author_association": "CONTRIBUTOR",
    "body": "from feedback site: \"it doesn't support serving partial content (206), which seems to confuse browsers when serving them HTML5 media files even if it shouldn't.\"\n\nlink: http://feedback.flask.pocoo.org/message/288\n",
    "comments_inline": [
        {
            "url": "https://api.github.com/repos/pallets/flask/issues/comments/8267813",
            "html_url": "https://github.com/pallets/flask/issues/425#issuecomment-8267813",
            "issue_url": "https://api.github.com/repos/pallets/flask/issues/425",
            "id": 8267813,
            "node_id": "MDEyOklzc3VlQ29tbWVudDgyNjc4MTM=",
            "user": {
                "login": "tinanimo",
                "id": 1225327,
                "node_id": "MDQ6VXNlcjEyMjUzMjc=",
                "avatar_url": "https://avatars2.githubusercontent.com/u/1225327?v=4",
                "gravatar_id": "",
                "url": "https://api.github.com/users/tinanimo",
                "html_url": "https://github.com/tinanimo",
                "followers_url": "https://api.github.com/users/tinanimo/followers",
                "following_url": "https://api.github.com/users/tinanimo/following{/other_user}",
                "gists_url": "https://api.github.com/users/tinanimo/gists{/gist_id}",
                "starred_url": "https://api.github.com/users/tinanimo/starred{/owner}{/repo}",
                "subscriptions_url": "https://api.github.com/users/tinanimo/subscriptions",
                "organizations_url": "https://api.github.com/users/tinanimo/orgs",
                "repos_url": "https://api.github.com/users/tinanimo/repos",
                "events_url": "https://api.github.com/users/tinanimo/events{/privacy}",
                "received_events_url": "https://api.github.com/users/tinanimo/received_events",
                "type": "User",
                "site_admin": false
            },
            "created_at": "2012-09-04T15:44:04Z",
            "updated_at": "2012-09-04T15:44:04Z",
            "author_association": "NONE",
            "body": "Hello,\nDid you find a solution? the loop parameter of video tag doesn't work without support of partial content.\n"
        },
        {
            "url": "https://api.github.com/repos/pallets/flask/issues/comments/77915878",
            "html_url": "https://github.com/pallets/flask/issues/425#issuecomment-77915878",
            "issue_url": "https://api.github.com/repos/pallets/flask/issues/425",
            "id": 77915878,
            "node_id": "MDEyOklzc3VlQ29tbWVudDc3OTE1ODc4",
            "user": {
                "login": "entd",
                "id": 3510037,
                "node_id": "MDQ6VXNlcjM1MTAwMzc=",
                "avatar_url": "https://avatars3.githubusercontent.com/u/3510037?v=4",
                "gravatar_id": "",
                "url": "https://api.github.com/users/entd",
                "html_url": "https://github.com/entd",
                "followers_url": "https://api.github.com/users/entd/followers",
                "following_url": "https://api.github.com/users/entd/following{/other_user}",
                "gists_url": "https://api.github.com/users/entd/gists{/gist_id}",
                "starred_url": "https://api.github.com/users/entd/starred{/owner}{/repo}",
                "subscriptions_url": "https://api.github.com/users/entd/subscriptions",
                "organizations_url": "https://api.github.com/users/entd/orgs",
                "repos_url": "https://api.github.com/users/entd/repos",
                "events_url": "https://api.github.com/users/entd/events{/privacy}",
                "received_events_url": "https://api.github.com/users/entd/received_events",
                "type": "User",
                "site_admin": false
            },
            "created_at": "2015-03-09T18:41:30Z",
            "updated_at": "2015-03-09T18:41:30Z",
            "author_association": "NONE",
            "body": "As of latest stable (10.x) this bug is still present. Video playing works, however video seeking does not. `videoDOM.currentTime = 10` fails (video rolls to the start). While flask is not intended for static content, these features would help greatly to improve usage of flask.\n"
        },
        {
            "url": "https://api.github.com/repos/pallets/flask/issues/comments/77919107",
            "html_url": "https://github.com/pallets/flask/issues/425#issuecomment-77919107",
            "issue_url": "https://api.github.com/repos/pallets/flask/issues/425",
            "id": 77919107,
            "node_id": "MDEyOklzc3VlQ29tbWVudDc3OTE5MTA3",
            "user": {
                "login": "untitaker",
                "id": 837573,
                "node_id": "MDQ6VXNlcjgzNzU3Mw==",
                "avatar_url": "https://avatars0.githubusercontent.com/u/837573?v=4",
                "gravatar_id": "",
                "url": "https://api.github.com/users/untitaker",
                "html_url": "https://github.com/untitaker",
                "followers_url": "https://api.github.com/users/untitaker/followers",
                "following_url": "https://api.github.com/users/untitaker/following{/other_user}",
                "gists_url": "https://api.github.com/users/untitaker/gists{/gist_id}",
                "starred_url": "https://api.github.com/users/untitaker/starred{/owner}{/repo}",
                "subscriptions_url": "https://api.github.com/users/untitaker/subscriptions",
                "organizations_url": "https://api.github.com/users/untitaker/orgs",
                "repos_url": "https://api.github.com/users/untitaker/repos",
                "events_url": "https://api.github.com/users/untitaker/events{/privacy}",
                "received_events_url": "https://api.github.com/users/untitaker/received_events",
                "type": "User",
                "site_admin": false
            },
            "created_at": "2015-03-09T18:58:24Z",
            "updated_at": "2015-03-09T18:58:24Z",
            "author_association": "MEMBER",
            "body": "Patches welcome.\n"
        },
        {
            "url": "https://api.github.com/repos/pallets/flask/issues/comments/77944780",
            "html_url": "https://github.com/pallets/flask/issues/425#issuecomment-77944780",
            "issue_url": "https://api.github.com/repos/pallets/flask/issues/425",
            "id": 77944780,
            "node_id": "MDEyOklzc3VlQ29tbWVudDc3OTQ0Nzgw",
            "user": {
                "login": "entd",
                "id": 3510037,
                "node_id": "MDQ6VXNlcjM1MTAwMzc=",
                "avatar_url": "https://avatars3.githubusercontent.com/u/3510037?v=4",
                "gravatar_id": "",
                "url": "https://api.github.com/users/entd",
                "html_url": "https://github.com/entd",
                "followers_url": "https://api.github.com/users/entd/followers",
                "following_url": "https://api.github.com/users/entd/following{/other_user}",
                "gists_url": "https://api.github.com/users/entd/gists{/gist_id}",
                "starred_url": "https://api.github.com/users/entd/starred{/owner}{/repo}",
                "subscriptions_url": "https://api.github.com/users/entd/subscriptions",
                "organizations_url": "https://api.github.com/users/entd/orgs",
                "repos_url": "https://api.github.com/users/entd/repos",
                "events_url": "https://api.github.com/users/entd/events{/privacy}",
                "received_events_url": "https://api.github.com/users/entd/received_events",
                "type": "User",
                "site_admin": false
            },
            "created_at": "2015-03-09T21:18:02Z",
            "updated_at": "2015-03-09T21:18:02Z",
            "author_association": "NONE",
            "body": "I took a quick look through flask code and it seems it would need some dive into werkzeug. If I will spin something up in a free time (patch for example - seems it will need to react to some headers, set 206, serve part of file) I will make you know :)\n"
        },
        {
            "url": "https://api.github.com/repos/pallets/flask/issues/comments/223367267",
            "html_url": "https://github.com/pallets/flask/issues/425#issuecomment-223367267",
            "issue_url": "https://api.github.com/repos/pallets/flask/issues/425",
            "id": 223367267,
            "node_id": "MDEyOklzc3VlQ29tbWVudDIyMzM2NzI2Nw==",
            "user": {
                "login": "Elizaveta239",
                "id": 3789474,
                "node_id": "MDQ6VXNlcjM3ODk0NzQ=",
                "avatar_url": "https://avatars3.githubusercontent.com/u/3789474?v=4",
                "gravatar_id": "",
                "url": "https://api.github.com/users/Elizaveta239",
                "html_url": "https://github.com/Elizaveta239",
                "followers_url": "https://api.github.com/users/Elizaveta239/followers",
                "following_url": "https://api.github.com/users/Elizaveta239/following{/other_user}",
                "gists_url": "https://api.github.com/users/Elizaveta239/gists{/gist_id}",
                "starred_url": "https://api.github.com/users/Elizaveta239/starred{/owner}{/repo}",
                "subscriptions_url": "https://api.github.com/users/Elizaveta239/subscriptions",
                "organizations_url": "https://api.github.com/users/Elizaveta239/orgs",
                "repos_url": "https://api.github.com/users/Elizaveta239/repos",
                "events_url": "https://api.github.com/users/Elizaveta239/events{/privacy}",
                "received_events_url": "https://api.github.com/users/Elizaveta239/received_events",
                "type": "User",
                "site_admin": false
            },
            "created_at": "2016-06-02T17:44:44Z",
            "updated_at": "2016-06-02T17:46:29Z",
            "author_association": "NONE",
            "body": "@entd Hello! Could you please provide a code sample for reproducing the issue? \n\nI tried to look into this but was unable to understand what the underlying problem was because the link to feedback at the top of the issue now 404's. \n"
        },
        {
            "url": "https://api.github.com/repos/pallets/flask/issues/comments/223401905",
            "html_url": "https://github.com/pallets/flask/issues/425#issuecomment-223401905",
            "issue_url": "https://api.github.com/repos/pallets/flask/issues/425",
            "id": 223401905,
            "node_id": "MDEyOklzc3VlQ29tbWVudDIyMzQwMTkwNQ==",
            "user": {
                "login": "entd",
                "id": 3510037,
                "node_id": "MDQ6VXNlcjM1MTAwMzc=",
                "avatar_url": "https://avatars3.githubusercontent.com/u/3510037?v=4",
                "gravatar_id": "",
                "url": "https://api.github.com/users/entd",
                "html_url": "https://github.com/entd",
                "followers_url": "https://api.github.com/users/entd/followers",
                "following_url": "https://api.github.com/users/entd/following{/other_user}",
                "gists_url": "https://api.github.com/users/entd/gists{/gist_id}",
                "starred_url": "https://api.github.com/users/entd/starred{/owner}{/repo}",
                "subscriptions_url": "https://api.github.com/users/entd/subscriptions",
                "organizations_url": "https://api.github.com/users/entd/orgs",
                "repos_url": "https://api.github.com/users/entd/repos",
                "events_url": "https://api.github.com/users/entd/events{/privacy}",
                "received_events_url": "https://api.github.com/users/entd/received_events",
                "type": "User",
                "site_admin": false
            },
            "created_at": "2016-06-02T19:49:17Z",
            "updated_at": "2016-06-02T19:49:31Z",
            "author_association": "NONE",
            "body": "I dont know if I have it, but it goes like that\n\n```\n<!DOCTYPE html>\n<html lang=\"en\">\n  <head>\n    <meta charset=\"utf-8\">\n    <title>title</title>\n  </head>\n  <body>\n    <video id=\"video1\" width=\"420\">\n    <source src=\"mov_bbb.mp4\" type=\"video/mp4\">\n    <source src=\"mov_bbb.ogg\" type=\"video/ogg\">\n    Your browser does not support HTML5 video.\n  </video>\n <button onclick=\"seek()\">Click me</button>\n  </body>\n<script>\nfunction seek() {\n    var video = document.getElementById(\"video1\");\n    video.currentTime = 10;\n}\n</script>\n</html>\n```\n\nif that video served from nginx it seeks to 10s. But if it is from flask than it fails to seek.\n"
        },
        {
            "url": "https://api.github.com/repos/pallets/flask/issues/comments/303173875",
            "html_url": "https://github.com/pallets/flask/issues/425#issuecomment-303173875",
            "issue_url": "https://api.github.com/repos/pallets/flask/issues/425",
            "id": 303173875,
            "node_id": "MDEyOklzc3VlQ29tbWVudDMwMzE3Mzg3NQ==",
            "user": {
                "login": "brianrusso",
                "id": 6276108,
                "node_id": "MDQ6VXNlcjYyNzYxMDg=",
                "avatar_url": "https://avatars2.githubusercontent.com/u/6276108?v=4",
                "gravatar_id": "",
                "url": "https://api.github.com/users/brianrusso",
                "html_url": "https://github.com/brianrusso",
                "followers_url": "https://api.github.com/users/brianrusso/followers",
                "following_url": "https://api.github.com/users/brianrusso/following{/other_user}",
                "gists_url": "https://api.github.com/users/brianrusso/gists{/gist_id}",
                "starred_url": "https://api.github.com/users/brianrusso/starred{/owner}{/repo}",
                "subscriptions_url": "https://api.github.com/users/brianrusso/subscriptions",
                "organizations_url": "https://api.github.com/users/brianrusso/orgs",
                "repos_url": "https://api.github.com/users/brianrusso/repos",
                "events_url": "https://api.github.com/users/brianrusso/events{/privacy}",
                "received_events_url": "https://api.github.com/users/brianrusso/received_events",
                "type": "User",
                "site_admin": false
            },
            "created_at": "2017-05-22T17:55:57Z",
            "updated_at": "2017-05-22T17:55:57Z",
            "author_association": "NONE",
            "body": "Tested with flask 0.12.2 using flask to serve an mp4 file. Seeking works correctly."
        },
        {
            "url": "https://api.github.com/repos/pallets/flask/issues/comments/303174330",
            "html_url": "https://github.com/pallets/flask/issues/425#issuecomment-303174330",
            "issue_url": "https://api.github.com/repos/pallets/flask/issues/425",
            "id": 303174330,
            "node_id": "MDEyOklzc3VlQ29tbWVudDMwMzE3NDMzMA==",
            "user": {
                "login": "brianrusso",
                "id": 6276108,
                "node_id": "MDQ6VXNlcjYyNzYxMDg=",
                "avatar_url": "https://avatars2.githubusercontent.com/u/6276108?v=4",
                "gravatar_id": "",
                "url": "https://api.github.com/users/brianrusso",
                "html_url": "https://github.com/brianrusso",
                "followers_url": "https://api.github.com/users/brianrusso/followers",
                "following_url": "https://api.github.com/users/brianrusso/following{/other_user}",
                "gists_url": "https://api.github.com/users/brianrusso/gists{/gist_id}",
                "starred_url": "https://api.github.com/users/brianrusso/starred{/owner}{/repo}",
                "subscriptions_url": "https://api.github.com/users/brianrusso/subscriptions",
                "organizations_url": "https://api.github.com/users/brianrusso/orgs",
                "repos_url": "https://api.github.com/users/brianrusso/repos",
                "events_url": "https://api.github.com/users/brianrusso/events{/privacy}",
                "received_events_url": "https://api.github.com/users/brianrusso/received_events",
                "type": "User",
                "site_admin": false
            },
            "created_at": "2017-05-22T17:57:45Z",
            "updated_at": "2017-05-22T17:58:19Z",
            "author_association": "NONE",
            "body": "~~~python\r\nfrom flask import Flask\r\n\r\napp = Flask(__name__)\r\napp.debug = True\r\ndocstr = \"\"\"\r\n<!DOCTYPE html>\r\n<html lang=\"en\">\r\n  <head>\r\n    <meta charset=\"utf-8\">\r\n    <title>title</title>\r\n  </head>\r\n  <body>\r\n    <video id=\"video1\" width=\"420\">\r\n    <source src=\"/static/video.mp4\" type=\"video/mp4\">\r\n    Your browser does not support HTML5 video.\r\n  </video>\r\n <button onclick=\"seek()\">Click me</button>\r\n  </body>\r\n<script>\r\ntime = 0;\r\nfunction seek() {\r\n    var video = document.getElementById(\"video1\");\r\n    console.log(\"click\");\r\n    video.currentTime +=1;\r\n    console.log(video.currentTime);\r\n}\r\n</script>\r\n</html>\r\n\"\"\"\r\n\r\n\r\n@app.route('/')\r\ndef hello_world():\r\n    return docstr\r\n\r\n\r\n@app.route('/video.mp4')\r\ndef video():\r\n    print('hi')\r\n    return app.send_static_file('video.mp4')\r\n~~~"
        }
    ]
}