{
    "url": "https://api.github.com/repos/pallets/flask/issues/426",
    "repository_url": "https://api.github.com/repos/pallets/flask",
    "labels_url": "https://api.github.com/repos/pallets/flask/issues/426/labels{/name}",
    "comments_url": "https://api.github.com/repos/pallets/flask/issues/426/comments",
    "events_url": "https://api.github.com/repos/pallets/flask/issues/426/events",
    "html_url": "https://github.com/pallets/flask/issues/426",
    "id": 3605853,
    "node_id": "MDU6SXNzdWUzNjA1ODUz",
    "number": 426,
    "title": "better docs on message flashing and error handling in quickstart",
    "user": {
        "login": "wilsaj",
        "id": 303866,
        "node_id": "MDQ6VXNlcjMwMzg2Ng==",
        "avatar_url": "https://avatars1.githubusercontent.com/u/303866?v=4",
        "gravatar_id": "",
        "url": "https://api.github.com/users/wilsaj",
        "html_url": "https://github.com/wilsaj",
        "followers_url": "https://api.github.com/users/wilsaj/followers",
        "following_url": "https://api.github.com/users/wilsaj/following{/other_user}",
        "gists_url": "https://api.github.com/users/wilsaj/gists{/gist_id}",
        "starred_url": "https://api.github.com/users/wilsaj/starred{/owner}{/repo}",
        "subscriptions_url": "https://api.github.com/users/wilsaj/subscriptions",
        "organizations_url": "https://api.github.com/users/wilsaj/orgs",
        "repos_url": "https://api.github.com/users/wilsaj/repos",
        "events_url": "https://api.github.com/users/wilsaj/events{/privacy}",
        "received_events_url": "https://api.github.com/users/wilsaj/received_events",
        "type": "User",
        "site_admin": false
    },
    "labels": [],
    "state": "closed",
    "locked": false,
    "assignee": null,
    "assignees": [],
    "milestone": null,
    "comments": 1,
    "created_at": "2012-03-12T03:33:46Z",
    "updated_at": "2016-06-02T17:53:25Z",
    "closed_at": "2016-06-02T17:53:25Z",
    "author_association": "CONTRIBUTOR",
    "body": "unhappy user feedback: \"Message Flashing and Error Handling are not explained well in the Quickstart section.\"\n\nlink: http://feedback.flask.pocoo.org/message/282\n",
    "comments_inline": [
        {
            "url": "https://api.github.com/repos/pallets/flask/issues/comments/223369782",
            "html_url": "https://github.com/pallets/flask/issues/426#issuecomment-223369782",
            "issue_url": "https://api.github.com/repos/pallets/flask/issues/426",
            "id": 223369782,
            "node_id": "MDEyOklzc3VlQ29tbWVudDIyMzM2OTc4Mg==",
            "user": {
                "login": "jeffwidman",
                "id": 483314,
                "node_id": "MDQ6VXNlcjQ4MzMxNA==",
                "avatar_url": "https://avatars2.githubusercontent.com/u/483314?v=4",
                "gravatar_id": "",
                "url": "https://api.github.com/users/jeffwidman",
                "html_url": "https://github.com/jeffwidman",
                "followers_url": "https://api.github.com/users/jeffwidman/followers",
                "following_url": "https://api.github.com/users/jeffwidman/following{/other_user}",
                "gists_url": "https://api.github.com/users/jeffwidman/gists{/gist_id}",
                "starred_url": "https://api.github.com/users/jeffwidman/starred{/owner}{/repo}",
                "subscriptions_url": "https://api.github.com/users/jeffwidman/subscriptions",
                "organizations_url": "https://api.github.com/users/jeffwidman/orgs",
                "repos_url": "https://api.github.com/users/jeffwidman/repos",
                "events_url": "https://api.github.com/users/jeffwidman/events{/privacy}",
                "received_events_url": "https://api.github.com/users/jeffwidman/received_events",
                "type": "User",
                "site_admin": false
            },
            "created_at": "2016-06-02T17:53:25Z",
            "updated_at": "2016-06-02T17:53:25Z",
            "author_association": "MEMBER",
            "body": "The feedback site now 404's, so it's not clear exactly what the problem is here. \n\n@wilsaj if you were the unhappy user, can you expand a little more on what you think should be added to the Quickstart to make it clearer?\n\nFor now, I'm closing since this is ancient issue, we'll re-open if we get more feedback.\n"
        }
    ]
}