{
    "url": "https://api.github.com/repos/pallets/flask/issues/427",
    "repository_url": "https://api.github.com/repos/pallets/flask",
    "labels_url": "https://api.github.com/repos/pallets/flask/issues/427/labels{/name}",
    "comments_url": "https://api.github.com/repos/pallets/flask/issues/427/comments",
    "events_url": "https://api.github.com/repos/pallets/flask/issues/427/events",
    "html_url": "https://github.com/pallets/flask/pull/427",
    "id": 3605856,
    "node_id": "MDExOlB1bGxSZXF1ZXN0OTY0OTUx",
    "number": 427,
    "title": "add heroku/deploy options to quickstart, and add clearer links in tutorial setup",
    "user": {
        "login": "kevinburke",
        "id": 234019,
        "node_id": "MDQ6VXNlcjIzNDAxOQ==",
        "avatar_url": "https://avatars1.githubusercontent.com/u/234019?v=4",
        "gravatar_id": "",
        "url": "https://api.github.com/users/kevinburke",
        "html_url": "https://github.com/kevinburke",
        "followers_url": "https://api.github.com/users/kevinburke/followers",
        "following_url": "https://api.github.com/users/kevinburke/following{/other_user}",
        "gists_url": "https://api.github.com/users/kevinburke/gists{/gist_id}",
        "starred_url": "https://api.github.com/users/kevinburke/starred{/owner}{/repo}",
        "subscriptions_url": "https://api.github.com/users/kevinburke/subscriptions",
        "organizations_url": "https://api.github.com/users/kevinburke/orgs",
        "repos_url": "https://api.github.com/users/kevinburke/repos",
        "events_url": "https://api.github.com/users/kevinburke/events{/privacy}",
        "received_events_url": "https://api.github.com/users/kevinburke/received_events",
        "type": "User",
        "site_admin": false
    },
    "labels": [],
    "state": "closed",
    "locked": false,
    "assignee": null,
    "assignees": [],
    "milestone": null,
    "comments": 2,
    "created_at": "2012-03-12T03:34:09Z",
    "updated_at": "2014-06-13T04:12:09Z",
    "closed_at": "2012-03-13T18:47:04Z",
    "author_association": "CONTRIBUTOR",
    "pull_request": {
        "url": "https://api.github.com/repos/pallets/flask/pulls/427",
        "html_url": "https://github.com/pallets/flask/pull/427",
        "diff_url": "https://github.com/pallets/flask/pull/427.diff",
        "patch_url": "https://github.com/pallets/flask/pull/427.patch"
    },
    "body": "",
    "comments_inline": [
        {
            "url": "https://api.github.com/repos/pallets/flask/issues/comments/4445306",
            "html_url": "https://github.com/pallets/flask/pull/427#issuecomment-4445306",
            "issue_url": "https://api.github.com/repos/pallets/flask/issues/427",
            "id": 4445306,
            "node_id": "MDEyOklzc3VlQ29tbWVudDQ0NDUzMDY=",
            "user": {
                "login": "rduplain",
                "id": 36428,
                "node_id": "MDQ6VXNlcjM2NDI4",
                "avatar_url": "https://avatars1.githubusercontent.com/u/36428?v=4",
                "gravatar_id": "",
                "url": "https://api.github.com/users/rduplain",
                "html_url": "https://github.com/rduplain",
                "followers_url": "https://api.github.com/users/rduplain/followers",
                "following_url": "https://api.github.com/users/rduplain/following{/other_user}",
                "gists_url": "https://api.github.com/users/rduplain/gists{/gist_id}",
                "starred_url": "https://api.github.com/users/rduplain/starred{/owner}{/repo}",
                "subscriptions_url": "https://api.github.com/users/rduplain/subscriptions",
                "organizations_url": "https://api.github.com/users/rduplain/orgs",
                "repos_url": "https://api.github.com/users/rduplain/repos",
                "events_url": "https://api.github.com/users/rduplain/events{/privacy}",
                "received_events_url": "https://api.github.com/users/rduplain/received_events",
                "type": "User",
                "site_admin": false
            },
            "created_at": "2012-03-12T04:08:40Z",
            "updated_at": "2012-03-12T04:08:40Z",
            "author_association": "CONTRIBUTOR",
            "body": "We're going to move the \"Share your Local Server with a Friend\" to a snippet.  Overall I really like the flow of this doc.  @kevinburke -- I'll pull and update if you don't have time before you leave PyCon.\n\nThanks!\n"
        },
        {
            "url": "https://api.github.com/repos/pallets/flask/issues/comments/4483710",
            "html_url": "https://github.com/pallets/flask/pull/427#issuecomment-4483710",
            "issue_url": "https://api.github.com/repos/pallets/flask/issues/427",
            "id": 4483710,
            "node_id": "MDEyOklzc3VlQ29tbWVudDQ0ODM3MTA=",
            "user": {
                "login": "rduplain",
                "id": 36428,
                "node_id": "MDQ6VXNlcjM2NDI4",
                "avatar_url": "https://avatars1.githubusercontent.com/u/36428?v=4",
                "gravatar_id": "",
                "url": "https://api.github.com/users/rduplain",
                "html_url": "https://github.com/rduplain",
                "followers_url": "https://api.github.com/users/rduplain/followers",
                "following_url": "https://api.github.com/users/rduplain/following{/other_user}",
                "gists_url": "https://api.github.com/users/rduplain/gists{/gist_id}",
                "starred_url": "https://api.github.com/users/rduplain/starred{/owner}{/repo}",
                "subscriptions_url": "https://api.github.com/users/rduplain/subscriptions",
                "organizations_url": "https://api.github.com/users/rduplain/orgs",
                "repos_url": "https://api.github.com/users/rduplain/repos",
                "events_url": "https://api.github.com/users/rduplain/events{/privacy}",
                "received_events_url": "https://api.github.com/users/rduplain/received_events",
                "type": "User",
                "site_admin": false
            },
            "created_at": "2012-03-13T19:34:01Z",
            "updated_at": "2012-03-13T19:34:01Z",
            "author_association": "CONTRIBUTOR",
            "body": "This is a great way to attach deployment to the quickstart, thanks!  I tightened it up in 3bf1750b5dfde8890eab52850bf2e6c0a3de65cf.\n"
        }
    ]
}