{
    "url": "https://api.github.com/repos/pallets/flask/issues/429",
    "repository_url": "https://api.github.com/repos/pallets/flask",
    "labels_url": "https://api.github.com/repos/pallets/flask/issues/429/labels{/name}",
    "comments_url": "https://api.github.com/repos/pallets/flask/issues/429/comments",
    "events_url": "https://api.github.com/repos/pallets/flask/issues/429/events",
    "html_url": "https://github.com/pallets/flask/issues/429",
    "id": 3605934,
    "node_id": "MDU6SXNzdWUzNjA1OTM0",
    "number": 429,
    "title": "pdf version of docs has strange characters",
    "user": {
        "login": "wilsaj",
        "id": 303866,
        "node_id": "MDQ6VXNlcjMwMzg2Ng==",
        "avatar_url": "https://avatars1.githubusercontent.com/u/303866?v=4",
        "gravatar_id": "",
        "url": "https://api.github.com/users/wilsaj",
        "html_url": "https://github.com/wilsaj",
        "followers_url": "https://api.github.com/users/wilsaj/followers",
        "following_url": "https://api.github.com/users/wilsaj/following{/other_user}",
        "gists_url": "https://api.github.com/users/wilsaj/gists{/gist_id}",
        "starred_url": "https://api.github.com/users/wilsaj/starred{/owner}{/repo}",
        "subscriptions_url": "https://api.github.com/users/wilsaj/subscriptions",
        "organizations_url": "https://api.github.com/users/wilsaj/orgs",
        "repos_url": "https://api.github.com/users/wilsaj/repos",
        "events_url": "https://api.github.com/users/wilsaj/events{/privacy}",
        "received_events_url": "https://api.github.com/users/wilsaj/received_events",
        "type": "User",
        "site_admin": false
    },
    "labels": [
        {
            "id": 32876,
            "node_id": "MDU6TGFiZWwzMjg3Ng==",
            "url": "https://api.github.com/repos/pallets/flask/labels/docs",
            "name": "docs",
            "color": "0e8a16",
            "default": false,
            "description": null
        }
    ],
    "state": "closed",
    "locked": false,
    "assignee": null,
    "assignees": [],
    "milestone": null,
    "comments": 4,
    "created_at": "2012-03-12T03:48:52Z",
    "updated_at": "2016-06-03T08:41:46Z",
    "closed_at": "2016-06-03T08:41:36Z",
    "author_association": "CONTRIBUTOR",
    "body": "unhappy comment: \"The pdf version of the doc contains strange ' chars, thus copy-pasting the code won't work. (It's ok with the online version though)\"\n\nlink: http://feedback.flask.pocoo.org/message/277\n",
    "comments_inline": [
        {
            "url": "https://api.github.com/repos/pallets/flask/issues/comments/14643815",
            "html_url": "https://github.com/pallets/flask/issues/429#issuecomment-14643815",
            "issue_url": "https://api.github.com/repos/pallets/flask/issues/429",
            "id": 14643815,
            "node_id": "MDEyOklzc3VlQ29tbWVudDE0NjQzODE1",
            "user": {
                "login": "neoice",
                "id": 71924,
                "node_id": "MDQ6VXNlcjcxOTI0",
                "avatar_url": "https://avatars1.githubusercontent.com/u/71924?v=4",
                "gravatar_id": "",
                "url": "https://api.github.com/users/neoice",
                "html_url": "https://github.com/neoice",
                "followers_url": "https://api.github.com/users/neoice/followers",
                "following_url": "https://api.github.com/users/neoice/following{/other_user}",
                "gists_url": "https://api.github.com/users/neoice/gists{/gist_id}",
                "starred_url": "https://api.github.com/users/neoice/starred{/owner}{/repo}",
                "subscriptions_url": "https://api.github.com/users/neoice/subscriptions",
                "organizations_url": "https://api.github.com/users/neoice/orgs",
                "repos_url": "https://api.github.com/users/neoice/repos",
                "events_url": "https://api.github.com/users/neoice/events{/privacy}",
                "received_events_url": "https://api.github.com/users/neoice/received_events",
                "type": "User",
                "site_admin": false
            },
            "created_at": "2013-03-08T20:29:45Z",
            "updated_at": "2013-03-08T20:29:45Z",
            "author_association": "NONE",
            "body": "Confirmed that this is still true. You can find an example in the \"Hello, World\" just under section 4.1. The character in question is '\\xe2\\x80\\x99'\n\nI'm digging through some documentation on sphinx+latex right now to see if I can produce a patch.\n\n(I was sent here courtesy of http://www.codetriage.com/)\n"
        },
        {
            "url": "https://api.github.com/repos/pallets/flask/issues/comments/14649391",
            "html_url": "https://github.com/pallets/flask/issues/429#issuecomment-14649391",
            "issue_url": "https://api.github.com/repos/pallets/flask/issues/429",
            "id": 14649391,
            "node_id": "MDEyOklzc3VlQ29tbWVudDE0NjQ5Mzkx",
            "user": {
                "login": "neoice",
                "id": 71924,
                "node_id": "MDQ6VXNlcjcxOTI0",
                "avatar_url": "https://avatars1.githubusercontent.com/u/71924?v=4",
                "gravatar_id": "",
                "url": "https://api.github.com/users/neoice",
                "html_url": "https://github.com/neoice",
                "followers_url": "https://api.github.com/users/neoice/followers",
                "following_url": "https://api.github.com/users/neoice/following{/other_user}",
                "gists_url": "https://api.github.com/users/neoice/gists{/gist_id}",
                "starred_url": "https://api.github.com/users/neoice/starred{/owner}{/repo}",
                "subscriptions_url": "https://api.github.com/users/neoice/subscriptions",
                "organizations_url": "https://api.github.com/users/neoice/orgs",
                "repos_url": "https://api.github.com/users/neoice/repos",
                "events_url": "https://api.github.com/users/neoice/events{/privacy}",
                "received_events_url": "https://api.github.com/users/neoice/received_events",
                "type": "User",
                "site_admin": false
            },
            "created_at": "2013-03-08T22:23:55Z",
            "updated_at": "2013-03-08T22:23:55Z",
            "author_association": "NONE",
            "body": "What I discovered today:\n\n`\\usepackage{upquote}` should cause Latex to stop using fancy quotes. Adding it to `latex_elements` or `latex_preamble` seems to have no effect on the Sphinx generated documentation. [1](http://stackoverflow.com/questions/5757630/sphinx-pdf-output-apostrophes-in-python-source-are-replaced-by-right-single-quo)\n\nAdding the Python shell prompt \">>>\" in front of code blocks should cause Sphinx to realize it's Python code and stop using fancy quotes. It does not and now you have a bunch of \">>>\" characters when you try to select for copy&paste. [2](http://stackoverflow.com/questions/12564543/include-python-source-code-in-header-function-declaration-part-of-sphinx)\n\nSphinx has a 6 open issues that involve the search term \"quote\", at least a few of them are related to Python code formatting. [3](https://bitbucket.org/birkenfeld/sphinx/issues?q=quote&sort=status) The Sphinx documentation suffers from this issue as well!\n\nI even updated to the latest sphinx from upstream (sphinx@98b5b1f0bb94d184a644e0be45323138cca0b6da) and could not resolve the issue.\n\nI'm guessing that the best course of action is to wait for upstream.\n"
        },
        {
            "url": "https://api.github.com/repos/pallets/flask/issues/comments/223402580",
            "html_url": "https://github.com/pallets/flask/issues/429#issuecomment-223402580",
            "issue_url": "https://api.github.com/repos/pallets/flask/issues/429",
            "id": 223402580,
            "node_id": "MDEyOklzc3VlQ29tbWVudDIyMzQwMjU4MA==",
            "user": {
                "login": "ghost",
                "id": 10137,
                "node_id": "MDQ6VXNlcjEwMTM3",
                "avatar_url": "https://avatars3.githubusercontent.com/u/10137?v=4",
                "gravatar_id": "",
                "url": "https://api.github.com/users/ghost",
                "html_url": "https://github.com/ghost",
                "followers_url": "https://api.github.com/users/ghost/followers",
                "following_url": "https://api.github.com/users/ghost/following{/other_user}",
                "gists_url": "https://api.github.com/users/ghost/gists{/gist_id}",
                "starred_url": "https://api.github.com/users/ghost/starred{/owner}{/repo}",
                "subscriptions_url": "https://api.github.com/users/ghost/subscriptions",
                "organizations_url": "https://api.github.com/users/ghost/orgs",
                "repos_url": "https://api.github.com/users/ghost/repos",
                "events_url": "https://api.github.com/users/ghost/events{/privacy}",
                "received_events_url": "https://api.github.com/users/ghost/received_events",
                "type": "User",
                "site_admin": false
            },
            "created_at": "2016-06-02T19:51:57Z",
            "updated_at": "2016-06-02T19:51:57Z",
            "author_association": "NONE",
            "body": "It's been quite a while and it seems to me that this issue is no longer valid. I didn't manage to reproduce it in current docs.\n\nCurrent pdf doc: http://flask.pocoo.org/docs/0.11/.latex/Flask.pdf\n"
        },
        {
            "url": "https://api.github.com/repos/pallets/flask/issues/comments/223523770",
            "html_url": "https://github.com/pallets/flask/issues/429#issuecomment-223523770",
            "issue_url": "https://api.github.com/repos/pallets/flask/issues/429",
            "id": 223523770,
            "node_id": "MDEyOklzc3VlQ29tbWVudDIyMzUyMzc3MA==",
            "user": {
                "login": "jeffwidman",
                "id": 483314,
                "node_id": "MDQ6VXNlcjQ4MzMxNA==",
                "avatar_url": "https://avatars2.githubusercontent.com/u/483314?v=4",
                "gravatar_id": "",
                "url": "https://api.github.com/users/jeffwidman",
                "html_url": "https://github.com/jeffwidman",
                "followers_url": "https://api.github.com/users/jeffwidman/followers",
                "following_url": "https://api.github.com/users/jeffwidman/following{/other_user}",
                "gists_url": "https://api.github.com/users/jeffwidman/gists{/gist_id}",
                "starred_url": "https://api.github.com/users/jeffwidman/starred{/owner}{/repo}",
                "subscriptions_url": "https://api.github.com/users/jeffwidman/subscriptions",
                "organizations_url": "https://api.github.com/users/jeffwidman/orgs",
                "repos_url": "https://api.github.com/users/jeffwidman/repos",
                "events_url": "https://api.github.com/users/jeffwidman/events{/privacy}",
                "received_events_url": "https://api.github.com/users/jeffwidman/received_events",
                "type": "User",
                "site_admin": false
            },
            "created_at": "2016-06-03T08:41:36Z",
            "updated_at": "2016-06-03T08:41:46Z",
            "author_association": "MEMBER",
            "body": "Thanks @alatar- for your work at the Pycon Sprint today.\n"
        }
    ]
}