{
    "url": "https://api.github.com/repos/pallets/flask/issues/43",
    "repository_url": "https://api.github.com/repos/pallets/flask",
    "labels_url": "https://api.github.com/repos/pallets/flask/issues/43/labels{/name}",
    "comments_url": "https://api.github.com/repos/pallets/flask/issues/43/comments",
    "events_url": "https://api.github.com/repos/pallets/flask/issues/43/events",
    "html_url": "https://github.com/pallets/flask/issues/43",
    "id": 202827,
    "node_id": "MDU6SXNzdWUyMDI4Mjc=",
    "number": 43,
    "title": "Bind test_request_context for interactive Python shell",
    "user": {
        "login": "mitsuhiko",
        "id": 7396,
        "node_id": "MDQ6VXNlcjczOTY=",
        "avatar_url": "https://avatars1.githubusercontent.com/u/7396?v=4",
        "gravatar_id": "",
        "url": "https://api.github.com/users/mitsuhiko",
        "html_url": "https://github.com/mitsuhiko",
        "followers_url": "https://api.github.com/users/mitsuhiko/followers",
        "following_url": "https://api.github.com/users/mitsuhiko/following{/other_user}",
        "gists_url": "https://api.github.com/users/mitsuhiko/gists{/gist_id}",
        "starred_url": "https://api.github.com/users/mitsuhiko/starred{/owner}{/repo}",
        "subscriptions_url": "https://api.github.com/users/mitsuhiko/subscriptions",
        "organizations_url": "https://api.github.com/users/mitsuhiko/orgs",
        "repos_url": "https://api.github.com/users/mitsuhiko/repos",
        "events_url": "https://api.github.com/users/mitsuhiko/events{/privacy}",
        "received_events_url": "https://api.github.com/users/mitsuhiko/received_events",
        "type": "User",
        "site_admin": false
    },
    "labels": [],
    "state": "closed",
    "locked": false,
    "assignee": null,
    "assignees": [],
    "milestone": null,
    "comments": 1,
    "created_at": "2010-05-21T20:17:56Z",
    "updated_at": "2010-05-25T06:18:17Z",
    "closed_at": "2010-05-25T06:18:17Z",
    "author_association": "MEMBER",
    "body": "For the interactive Python shell, the test_request_function should be invokable to bind the context to the end of the session for easier testing.  Something like this:\n\n```\n>>> from yourapplication import app\n>>> app.test_request_context().bind()\n>>> from flask import request\n>>> request.path\nu'/'\n```\n\nOr something similar.\n",
    "comments_inline": [
        {
            "url": "https://api.github.com/repos/pallets/flask/issues/comments/252546",
            "html_url": "https://github.com/pallets/flask/issues/43#issuecomment-252546",
            "issue_url": "https://api.github.com/repos/pallets/flask/issues/43",
            "id": 252546,
            "node_id": "MDEyOklzc3VlQ29tbWVudDI1MjU0Ng==",
            "user": {
                "login": "mitsuhiko",
                "id": 7396,
                "node_id": "MDQ6VXNlcjczOTY=",
                "avatar_url": "https://avatars1.githubusercontent.com/u/7396?v=4",
                "gravatar_id": "",
                "url": "https://api.github.com/users/mitsuhiko",
                "html_url": "https://github.com/mitsuhiko",
                "followers_url": "https://api.github.com/users/mitsuhiko/followers",
                "following_url": "https://api.github.com/users/mitsuhiko/following{/other_user}",
                "gists_url": "https://api.github.com/users/mitsuhiko/gists{/gist_id}",
                "starred_url": "https://api.github.com/users/mitsuhiko/starred{/owner}{/repo}",
                "subscriptions_url": "https://api.github.com/users/mitsuhiko/subscriptions",
                "organizations_url": "https://api.github.com/users/mitsuhiko/orgs",
                "repos_url": "https://api.github.com/users/mitsuhiko/repos",
                "events_url": "https://api.github.com/users/mitsuhiko/events{/privacy}",
                "received_events_url": "https://api.github.com/users/mitsuhiko/received_events",
                "type": "User",
                "site_admin": false
            },
            "created_at": "2010-05-25T06:18:17Z",
            "updated_at": "2010-05-25T06:18:17Z",
            "author_association": "MEMBER",
            "body": "There now. Called push and pop though.\n"
        }
    ]
}