{
    "url": "https://api.github.com/repos/pallets/flask/issues/430",
    "repository_url": "https://api.github.com/repos/pallets/flask",
    "labels_url": "https://api.github.com/repos/pallets/flask/issues/430/labels{/name}",
    "comments_url": "https://api.github.com/repos/pallets/flask/issues/430/comments",
    "events_url": "https://api.github.com/repos/pallets/flask/issues/430/events",
    "html_url": "https://github.com/pallets/flask/pull/430",
    "id": 3605980,
    "node_id": "MDExOlB1bGxSZXF1ZXN0OTY0OTk2",
    "number": 430,
    "title": "Fix issue 140",
    "user": {
        "login": "jamesls",
        "id": 368057,
        "node_id": "MDQ6VXNlcjM2ODA1Nw==",
        "avatar_url": "https://avatars0.githubusercontent.com/u/368057?v=4",
        "gravatar_id": "",
        "url": "https://api.github.com/users/jamesls",
        "html_url": "https://github.com/jamesls",
        "followers_url": "https://api.github.com/users/jamesls/followers",
        "following_url": "https://api.github.com/users/jamesls/following{/other_user}",
        "gists_url": "https://api.github.com/users/jamesls/gists{/gist_id}",
        "starred_url": "https://api.github.com/users/jamesls/starred{/owner}{/repo}",
        "subscriptions_url": "https://api.github.com/users/jamesls/subscriptions",
        "organizations_url": "https://api.github.com/users/jamesls/orgs",
        "repos_url": "https://api.github.com/users/jamesls/repos",
        "events_url": "https://api.github.com/users/jamesls/events{/privacy}",
        "received_events_url": "https://api.github.com/users/jamesls/received_events",
        "type": "User",
        "site_admin": false
    },
    "labels": [],
    "state": "closed",
    "locked": false,
    "assignee": null,
    "assignees": [],
    "milestone": null,
    "comments": 2,
    "created_at": "2012-03-12T03:56:57Z",
    "updated_at": "2014-06-13T04:12:04Z",
    "closed_at": "2012-03-13T20:51:53Z",
    "author_association": "CONTRIBUTOR",
    "pull_request": {
        "url": "https://api.github.com/repos/pallets/flask/pulls/430",
        "html_url": "https://github.com/pallets/flask/pull/430",
        "diff_url": "https://github.com/pallets/flask/pull/430.diff",
        "patch_url": "https://github.com/pallets/flask/pull/430.patch"
    },
    "body": "This allows for a view function to return something like:\n\n```\njsonify(error=\"error msg\"), 400\n```\n",
    "comments_inline": [
        {
            "url": "https://api.github.com/repos/pallets/flask/issues/comments/4485939",
            "html_url": "https://github.com/pallets/flask/pull/430#issuecomment-4485939",
            "issue_url": "https://api.github.com/repos/pallets/flask/issues/430",
            "id": 4485939,
            "node_id": "MDEyOklzc3VlQ29tbWVudDQ0ODU5Mzk=",
            "user": {
                "login": "rduplain",
                "id": 36428,
                "node_id": "MDQ6VXNlcjM2NDI4",
                "avatar_url": "https://avatars1.githubusercontent.com/u/36428?v=4",
                "gravatar_id": "",
                "url": "https://api.github.com/users/rduplain",
                "html_url": "https://github.com/rduplain",
                "followers_url": "https://api.github.com/users/rduplain/followers",
                "following_url": "https://api.github.com/users/rduplain/following{/other_user}",
                "gists_url": "https://api.github.com/users/rduplain/gists{/gist_id}",
                "starred_url": "https://api.github.com/users/rduplain/starred{/owner}{/repo}",
                "subscriptions_url": "https://api.github.com/users/rduplain/subscriptions",
                "organizations_url": "https://api.github.com/users/rduplain/orgs",
                "repos_url": "https://api.github.com/users/rduplain/repos",
                "events_url": "https://api.github.com/users/rduplain/events{/privacy}",
                "received_events_url": "https://api.github.com/users/rduplain/received_events",
                "type": "User",
                "site_admin": false
            },
            "created_at": "2012-03-13T20:52:57Z",
            "updated_at": "2012-03-13T20:52:57Z",
            "author_association": "CONTRIBUTOR",
            "body": "Thanks for sprinting!\n"
        },
        {
            "url": "https://api.github.com/repos/pallets/flask/issues/comments/4900927",
            "html_url": "https://github.com/pallets/flask/pull/430#issuecomment-4900927",
            "issue_url": "https://api.github.com/repos/pallets/flask/issues/430",
            "id": 4900927,
            "node_id": "MDEyOklzc3VlQ29tbWVudDQ5MDA5Mjc=",
            "user": {
                "login": "rhyselsmore",
                "id": 897351,
                "node_id": "MDQ6VXNlcjg5NzM1MQ==",
                "avatar_url": "https://avatars3.githubusercontent.com/u/897351?v=4",
                "gravatar_id": "",
                "url": "https://api.github.com/users/rhyselsmore",
                "html_url": "https://github.com/rhyselsmore",
                "followers_url": "https://api.github.com/users/rhyselsmore/followers",
                "following_url": "https://api.github.com/users/rhyselsmore/following{/other_user}",
                "gists_url": "https://api.github.com/users/rhyselsmore/gists{/gist_id}",
                "starred_url": "https://api.github.com/users/rhyselsmore/starred{/owner}{/repo}",
                "subscriptions_url": "https://api.github.com/users/rhyselsmore/subscriptions",
                "organizations_url": "https://api.github.com/users/rhyselsmore/orgs",
                "repos_url": "https://api.github.com/users/rhyselsmore/repos",
                "events_url": "https://api.github.com/users/rhyselsmore/events{/privacy}",
                "received_events_url": "https://api.github.com/users/rhyselsmore/received_events",
                "type": "User",
                "site_admin": false
            },
            "created_at": "2012-04-03T13:19:03Z",
            "updated_at": "2012-04-03T13:19:03Z",
            "author_association": "NONE",
            "body": "gsad\n"
        }
    ]
}