{
    "url": "https://api.github.com/repos/pallets/flask/issues/431",
    "repository_url": "https://api.github.com/repos/pallets/flask",
    "labels_url": "https://api.github.com/repos/pallets/flask/issues/431/labels{/name}",
    "comments_url": "https://api.github.com/repos/pallets/flask/issues/431/comments",
    "events_url": "https://api.github.com/repos/pallets/flask/issues/431/events",
    "html_url": "https://github.com/pallets/flask/pull/431",
    "id": 3606143,
    "node_id": "MDExOlB1bGxSZXF1ZXN0OTY1MDUw",
    "number": 431,
    "title": "Remove dead poweredby links",
    "user": {
        "login": "wilsaj",
        "id": 303866,
        "node_id": "MDQ6VXNlcjMwMzg2Ng==",
        "avatar_url": "https://avatars1.githubusercontent.com/u/303866?v=4",
        "gravatar_id": "",
        "url": "https://api.github.com/users/wilsaj",
        "html_url": "https://github.com/wilsaj",
        "followers_url": "https://api.github.com/users/wilsaj/followers",
        "following_url": "https://api.github.com/users/wilsaj/following{/other_user}",
        "gists_url": "https://api.github.com/users/wilsaj/gists{/gist_id}",
        "starred_url": "https://api.github.com/users/wilsaj/starred{/owner}{/repo}",
        "subscriptions_url": "https://api.github.com/users/wilsaj/subscriptions",
        "organizations_url": "https://api.github.com/users/wilsaj/orgs",
        "repos_url": "https://api.github.com/users/wilsaj/repos",
        "events_url": "https://api.github.com/users/wilsaj/events{/privacy}",
        "received_events_url": "https://api.github.com/users/wilsaj/received_events",
        "type": "User",
        "site_admin": false
    },
    "labels": [],
    "state": "closed",
    "locked": false,
    "assignee": null,
    "assignees": [],
    "milestone": null,
    "comments": 3,
    "created_at": "2012-03-12T04:27:58Z",
    "updated_at": "2014-06-13T04:12:00Z",
    "closed_at": "2012-03-13T20:54:03Z",
    "author_association": "CONTRIBUTOR",
    "pull_request": {
        "url": "https://api.github.com/repos/pallets/flask/pulls/431",
        "html_url": "https://github.com/pallets/flask/pull/431",
        "diff_url": "https://github.com/pallets/flask/pull/431.diff",
        "patch_url": "https://github.com/pallets/flask/pull/431.patch"
    },
    "body": "",
    "comments_inline": [
        {
            "url": "https://api.github.com/repos/pallets/flask/issues/comments/4445504",
            "html_url": "https://github.com/pallets/flask/pull/431#issuecomment-4445504",
            "issue_url": "https://api.github.com/repos/pallets/flask/issues/431",
            "id": 4445504,
            "node_id": "MDEyOklzc3VlQ29tbWVudDQ0NDU1MDQ=",
            "user": {
                "login": "rduplain",
                "id": 36428,
                "node_id": "MDQ6VXNlcjM2NDI4",
                "avatar_url": "https://avatars1.githubusercontent.com/u/36428?v=4",
                "gravatar_id": "",
                "url": "https://api.github.com/users/rduplain",
                "html_url": "https://github.com/rduplain",
                "followers_url": "https://api.github.com/users/rduplain/followers",
                "following_url": "https://api.github.com/users/rduplain/following{/other_user}",
                "gists_url": "https://api.github.com/users/rduplain/gists{/gist_id}",
                "starred_url": "https://api.github.com/users/rduplain/starred{/owner}{/repo}",
                "subscriptions_url": "https://api.github.com/users/rduplain/subscriptions",
                "organizations_url": "https://api.github.com/users/rduplain/orgs",
                "repos_url": "https://api.github.com/users/rduplain/repos",
                "events_url": "https://api.github.com/users/rduplain/events{/privacy}",
                "received_events_url": "https://api.github.com/users/rduplain/received_events",
                "type": "User",
                "site_admin": false
            },
            "created_at": "2012-03-12T04:33:32Z",
            "updated_at": "2012-03-12T04:33:32Z",
            "author_association": "CONTRIBUTOR",
            "body": "Applications should not require URL, and sites which are no longer online with source still available should be in the Application category.\n"
        },
        {
            "url": "https://api.github.com/repos/pallets/flask/issues/comments/4485967",
            "html_url": "https://github.com/pallets/flask/pull/431#issuecomment-4485967",
            "issue_url": "https://api.github.com/repos/pallets/flask/issues/431",
            "id": 4485967,
            "node_id": "MDEyOklzc3VlQ29tbWVudDQ0ODU5Njc=",
            "user": {
                "login": "rduplain",
                "id": 36428,
                "node_id": "MDQ6VXNlcjM2NDI4",
                "avatar_url": "https://avatars1.githubusercontent.com/u/36428?v=4",
                "gravatar_id": "",
                "url": "https://api.github.com/users/rduplain",
                "html_url": "https://github.com/rduplain",
                "followers_url": "https://api.github.com/users/rduplain/followers",
                "following_url": "https://api.github.com/users/rduplain/following{/other_user}",
                "gists_url": "https://api.github.com/users/rduplain/gists{/gist_id}",
                "starred_url": "https://api.github.com/users/rduplain/starred{/owner}{/repo}",
                "subscriptions_url": "https://api.github.com/users/rduplain/subscriptions",
                "organizations_url": "https://api.github.com/users/rduplain/orgs",
                "repos_url": "https://api.github.com/users/rduplain/repos",
                "events_url": "https://api.github.com/users/rduplain/events{/privacy}",
                "received_events_url": "https://api.github.com/users/rduplain/received_events",
                "type": "User",
                "site_admin": false
            },
            "created_at": "2012-03-13T20:54:12Z",
            "updated_at": "2012-03-13T20:54:12Z",
            "author_association": "CONTRIBUTOR",
            "body": "Thanks for sprinting!\n"
        },
        {
            "url": "https://api.github.com/repos/pallets/flask/issues/comments/21691856",
            "html_url": "https://github.com/pallets/flask/pull/431#issuecomment-21691856",
            "issue_url": "https://api.github.com/repos/pallets/flask/issues/431",
            "id": 21691856,
            "node_id": "MDEyOklzc3VlQ29tbWVudDIxNjkxODU2",
            "user": {
                "login": "dehno",
                "id": 5064578,
                "node_id": "MDQ6VXNlcjUwNjQ1Nzg=",
                "avatar_url": "https://avatars3.githubusercontent.com/u/5064578?v=4",
                "gravatar_id": "",
                "url": "https://api.github.com/users/dehno",
                "html_url": "https://github.com/dehno",
                "followers_url": "https://api.github.com/users/dehno/followers",
                "following_url": "https://api.github.com/users/dehno/following{/other_user}",
                "gists_url": "https://api.github.com/users/dehno/gists{/gist_id}",
                "starred_url": "https://api.github.com/users/dehno/starred{/owner}{/repo}",
                "subscriptions_url": "https://api.github.com/users/dehno/subscriptions",
                "organizations_url": "https://api.github.com/users/dehno/orgs",
                "repos_url": "https://api.github.com/users/dehno/repos",
                "events_url": "https://api.github.com/users/dehno/events{/privacy}",
                "received_events_url": "https://api.github.com/users/dehno/received_events",
                "type": "User",
                "site_admin": false
            },
            "created_at": "2013-07-28T21:49:11Z",
            "updated_at": "2013-07-28T21:49:11Z",
            "author_association": "NONE",
            "body": "wow \nflask is best\n"
        }
    ]
}