{
    "url": "https://api.github.com/repos/pallets/flask/issues/434",
    "repository_url": "https://api.github.com/repos/pallets/flask",
    "labels_url": "https://api.github.com/repos/pallets/flask/issues/434/labels{/name}",
    "comments_url": "https://api.github.com/repos/pallets/flask/issues/434/comments",
    "events_url": "https://api.github.com/repos/pallets/flask/issues/434/events",
    "html_url": "https://github.com/pallets/flask/issues/434",
    "id": 3613442,
    "node_id": "MDU6SXNzdWUzNjEzNDQy",
    "number": 434,
    "title": "sessions documentation (client side vs server side)",
    "user": {
        "login": "wilsaj",
        "id": 303866,
        "node_id": "MDQ6VXNlcjMwMzg2Ng==",
        "avatar_url": "https://avatars1.githubusercontent.com/u/303866?v=4",
        "gravatar_id": "",
        "url": "https://api.github.com/users/wilsaj",
        "html_url": "https://github.com/wilsaj",
        "followers_url": "https://api.github.com/users/wilsaj/followers",
        "following_url": "https://api.github.com/users/wilsaj/following{/other_user}",
        "gists_url": "https://api.github.com/users/wilsaj/gists{/gist_id}",
        "starred_url": "https://api.github.com/users/wilsaj/starred{/owner}{/repo}",
        "subscriptions_url": "https://api.github.com/users/wilsaj/subscriptions",
        "organizations_url": "https://api.github.com/users/wilsaj/orgs",
        "repos_url": "https://api.github.com/users/wilsaj/repos",
        "events_url": "https://api.github.com/users/wilsaj/events{/privacy}",
        "received_events_url": "https://api.github.com/users/wilsaj/received_events",
        "type": "User",
        "site_admin": false
    },
    "labels": [
        {
            "id": 32876,
            "node_id": "MDU6TGFiZWwzMjg3Ng==",
            "url": "https://api.github.com/repos/pallets/flask/labels/docs",
            "name": "docs",
            "color": "0e8a16",
            "default": false,
            "description": null
        },
        {
            "id": 170296925,
            "node_id": "MDU6TGFiZWwxNzAyOTY5MjU=",
            "url": "https://api.github.com/repos/pallets/flask/labels/good%20first%20issue",
            "name": "good first issue",
            "color": "fbca04",
            "default": true,
            "description": null
        }
    ],
    "state": "closed",
    "locked": false,
    "assignee": null,
    "assignees": [],
    "milestone": null,
    "comments": 5,
    "created_at": "2012-03-12T15:49:59Z",
    "updated_at": "2016-10-26T18:41:43Z",
    "closed_at": "2016-10-26T18:41:43Z",
    "author_association": "CONTRIBUTOR",
    "body": "more explicit docs on client side sessions vs server side sessions (and how to implement server-side sessions)\n\nrecent mailing list discussion: http://flask.pocoo.org/mailinglist/archive/2012/3/1/is-it-wise-for-flask-to-store-session-variables-on-the-client/\nunhappy feedback: http://feedback.flask.pocoo.org/message/223\n",
    "comments_inline": [
        {
            "url": "https://api.github.com/repos/pallets/flask/issues/comments/50263076",
            "html_url": "https://github.com/pallets/flask/issues/434#issuecomment-50263076",
            "issue_url": "https://api.github.com/repos/pallets/flask/issues/434",
            "id": 50263076,
            "node_id": "MDEyOklzc3VlQ29tbWVudDUwMjYzMDc2",
            "user": {
                "login": "DasIch",
                "id": 182316,
                "node_id": "MDQ6VXNlcjE4MjMxNg==",
                "avatar_url": "https://avatars0.githubusercontent.com/u/182316?v=4",
                "gravatar_id": "",
                "url": "https://api.github.com/users/DasIch",
                "html_url": "https://github.com/DasIch",
                "followers_url": "https://api.github.com/users/DasIch/followers",
                "following_url": "https://api.github.com/users/DasIch/following{/other_user}",
                "gists_url": "https://api.github.com/users/DasIch/gists{/gist_id}",
                "starred_url": "https://api.github.com/users/DasIch/starred{/owner}{/repo}",
                "subscriptions_url": "https://api.github.com/users/DasIch/subscriptions",
                "organizations_url": "https://api.github.com/users/DasIch/orgs",
                "repos_url": "https://api.github.com/users/DasIch/repos",
                "events_url": "https://api.github.com/users/DasIch/events{/privacy}",
                "received_events_url": "https://api.github.com/users/DasIch/received_events",
                "type": "User",
                "site_admin": false
            },
            "created_at": "2014-07-27T12:24:20Z",
            "updated_at": "2016-06-03T22:29:44Z",
            "author_association": "CONTRIBUTOR",
            "body": "What are more explicit docs on client side vs. server side sessions explain? Especially considering that in general you don't want server-side sessions anyway and if you do, you'll notice.\n"
        },
        {
            "url": "https://api.github.com/repos/pallets/flask/issues/comments/223711026",
            "html_url": "https://github.com/pallets/flask/issues/434#issuecomment-223711026",
            "issue_url": "https://api.github.com/repos/pallets/flask/issues/434",
            "id": 223711026,
            "node_id": "MDEyOklzc3VlQ29tbWVudDIyMzcxMTAyNg==",
            "user": {
                "login": "jeffwidman",
                "id": 483314,
                "node_id": "MDQ6VXNlcjQ4MzMxNA==",
                "avatar_url": "https://avatars2.githubusercontent.com/u/483314?v=4",
                "gravatar_id": "",
                "url": "https://api.github.com/users/jeffwidman",
                "html_url": "https://github.com/jeffwidman",
                "followers_url": "https://api.github.com/users/jeffwidman/followers",
                "following_url": "https://api.github.com/users/jeffwidman/following{/other_user}",
                "gists_url": "https://api.github.com/users/jeffwidman/gists{/gist_id}",
                "starred_url": "https://api.github.com/users/jeffwidman/starred{/owner}{/repo}",
                "subscriptions_url": "https://api.github.com/users/jeffwidman/subscriptions",
                "organizations_url": "https://api.github.com/users/jeffwidman/orgs",
                "repos_url": "https://api.github.com/users/jeffwidman/repos",
                "events_url": "https://api.github.com/users/jeffwidman/events{/privacy}",
                "received_events_url": "https://api.github.com/users/jeffwidman/received_events",
                "type": "User",
                "site_admin": false
            },
            "created_at": "2016-06-03T22:36:15Z",
            "updated_at": "2016-06-04T06:49:22Z",
            "author_association": "MEMBER",
            "body": "I think the best fix is to add a sentence to the [quickstart's section on sessions](http://flask.pocoo.org/docs/dev/quickstart/#sessions) saying that if you want to handle sessions server-side rather than client-side, there are several Flask extensions that support this. I wouldn't link directly to a single extension, as extensions come and go. Mostly we just want to make folks reading the quickstart to be aware of the existence of server-side sessions / flask extensions, and then they can google to learn more... \n"
        },
        {
            "url": "https://api.github.com/repos/pallets/flask/issues/comments/223769182",
            "html_url": "https://github.com/pallets/flask/issues/434#issuecomment-223769182",
            "issue_url": "https://api.github.com/repos/pallets/flask/issues/434",
            "id": 223769182,
            "node_id": "MDEyOklzc3VlQ29tbWVudDIyMzc2OTE4Mg==",
            "user": {
                "login": "dawran6",
                "id": 4307599,
                "node_id": "MDQ6VXNlcjQzMDc1OTk=",
                "avatar_url": "https://avatars1.githubusercontent.com/u/4307599?v=4",
                "gravatar_id": "",
                "url": "https://api.github.com/users/dawran6",
                "html_url": "https://github.com/dawran6",
                "followers_url": "https://api.github.com/users/dawran6/followers",
                "following_url": "https://api.github.com/users/dawran6/following{/other_user}",
                "gists_url": "https://api.github.com/users/dawran6/gists{/gist_id}",
                "starred_url": "https://api.github.com/users/dawran6/starred{/owner}{/repo}",
                "subscriptions_url": "https://api.github.com/users/dawran6/subscriptions",
                "organizations_url": "https://api.github.com/users/dawran6/orgs",
                "repos_url": "https://api.github.com/users/dawran6/repos",
                "events_url": "https://api.github.com/users/dawran6/events{/privacy}",
                "received_events_url": "https://api.github.com/users/dawran6/received_events",
                "type": "User",
                "site_admin": false
            },
            "created_at": "2016-06-04T17:55:59Z",
            "updated_at": "2016-06-04T17:55:59Z",
            "author_association": "MEMBER",
            "body": "Hi guys, could you review my commit 486ed09? Thanks!\n"
        },
        {
            "url": "https://api.github.com/repos/pallets/flask/issues/comments/224018324",
            "html_url": "https://github.com/pallets/flask/issues/434#issuecomment-224018324",
            "issue_url": "https://api.github.com/repos/pallets/flask/issues/434",
            "id": 224018324,
            "node_id": "MDEyOklzc3VlQ29tbWVudDIyNDAxODMyNA==",
            "user": {
                "login": "jeffwidman",
                "id": 483314,
                "node_id": "MDQ6VXNlcjQ4MzMxNA==",
                "avatar_url": "https://avatars2.githubusercontent.com/u/483314?v=4",
                "gravatar_id": "",
                "url": "https://api.github.com/users/jeffwidman",
                "html_url": "https://github.com/jeffwidman",
                "followers_url": "https://api.github.com/users/jeffwidman/followers",
                "following_url": "https://api.github.com/users/jeffwidman/following{/other_user}",
                "gists_url": "https://api.github.com/users/jeffwidman/gists{/gist_id}",
                "starred_url": "https://api.github.com/users/jeffwidman/starred{/owner}{/repo}",
                "subscriptions_url": "https://api.github.com/users/jeffwidman/subscriptions",
                "organizations_url": "https://api.github.com/users/jeffwidman/orgs",
                "repos_url": "https://api.github.com/users/jeffwidman/repos",
                "events_url": "https://api.github.com/users/jeffwidman/events{/privacy}",
                "received_events_url": "https://api.github.com/users/jeffwidman/received_events",
                "type": "User",
                "site_admin": false
            },
            "created_at": "2016-06-06T16:52:35Z",
            "updated_at": "2016-06-06T17:05:50Z",
            "author_association": "MEMBER",
            "body": "@dawran6 Not a big deal, but just FYI  typically you just link to the PR, not a specific commit hash, as the individual commit may change based on feedback, resulting in a different hash for the newest version. Plus, when you force-push to the PR branch that particular commit link is broken. You can link to a PR with `#34` or whatever number it is and GH will auto-link it.\n"
        },
        {
            "url": "https://api.github.com/repos/pallets/flask/issues/comments/256425165",
            "html_url": "https://github.com/pallets/flask/issues/434#issuecomment-256425165",
            "issue_url": "https://api.github.com/repos/pallets/flask/issues/434",
            "id": 256425165,
            "node_id": "MDEyOklzc3VlQ29tbWVudDI1NjQyNTE2NQ==",
            "user": {
                "login": "frederickOtus",
                "id": 1889525,
                "node_id": "MDQ6VXNlcjE4ODk1MjU=",
                "avatar_url": "https://avatars0.githubusercontent.com/u/1889525?v=4",
                "gravatar_id": "",
                "url": "https://api.github.com/users/frederickOtus",
                "html_url": "https://github.com/frederickOtus",
                "followers_url": "https://api.github.com/users/frederickOtus/followers",
                "following_url": "https://api.github.com/users/frederickOtus/following{/other_user}",
                "gists_url": "https://api.github.com/users/frederickOtus/gists{/gist_id}",
                "starred_url": "https://api.github.com/users/frederickOtus/starred{/owner}{/repo}",
                "subscriptions_url": "https://api.github.com/users/frederickOtus/subscriptions",
                "organizations_url": "https://api.github.com/users/frederickOtus/orgs",
                "repos_url": "https://api.github.com/users/frederickOtus/repos",
                "events_url": "https://api.github.com/users/frederickOtus/events{/privacy}",
                "received_events_url": "https://api.github.com/users/frederickOtus/received_events",
                "type": "User",
                "site_admin": false
            },
            "created_at": "2016-10-26T17:47:48Z",
            "updated_at": "2016-10-26T17:47:48Z",
            "author_association": "NONE",
            "body": "Is there a reason that this issue is still open?\n"
        }
    ]
}