{
    "url": "https://api.github.com/repos/pallets/flask/issues/436",
    "repository_url": "https://api.github.com/repos/pallets/flask",
    "labels_url": "https://api.github.com/repos/pallets/flask/issues/436/labels{/name}",
    "comments_url": "https://api.github.com/repos/pallets/flask/issues/436/comments",
    "events_url": "https://api.github.com/repos/pallets/flask/issues/436/events",
    "html_url": "https://github.com/pallets/flask/pull/436",
    "id": 3616219,
    "node_id": "MDExOlB1bGxSZXF1ZXN0OTY4OTE3",
    "number": 436,
    "title": "Specifying Python version metadata in setup",
    "user": {
        "login": "teebes",
        "id": 117170,
        "node_id": "MDQ6VXNlcjExNzE3MA==",
        "avatar_url": "https://avatars3.githubusercontent.com/u/117170?v=4",
        "gravatar_id": "",
        "url": "https://api.github.com/users/teebes",
        "html_url": "https://github.com/teebes",
        "followers_url": "https://api.github.com/users/teebes/followers",
        "following_url": "https://api.github.com/users/teebes/following{/other_user}",
        "gists_url": "https://api.github.com/users/teebes/gists{/gist_id}",
        "starred_url": "https://api.github.com/users/teebes/starred{/owner}{/repo}",
        "subscriptions_url": "https://api.github.com/users/teebes/subscriptions",
        "organizations_url": "https://api.github.com/users/teebes/orgs",
        "repos_url": "https://api.github.com/users/teebes/repos",
        "events_url": "https://api.github.com/users/teebes/events{/privacy}",
        "received_events_url": "https://api.github.com/users/teebes/received_events",
        "type": "User",
        "site_admin": false
    },
    "labels": [],
    "state": "closed",
    "locked": false,
    "assignee": null,
    "assignees": [],
    "milestone": null,
    "comments": 1,
    "created_at": "2012-03-12T18:17:35Z",
    "updated_at": "2014-06-13T04:11:53Z",
    "closed_at": "2012-03-12T18:34:07Z",
    "author_association": "CONTRIBUTOR",
    "pull_request": {
        "url": "https://api.github.com/repos/pallets/flask/pulls/436",
        "html_url": "https://github.com/pallets/flask/pull/436",
        "diff_url": "https://github.com/pallets/flask/pull/436.diff",
        "patch_url": "https://github.com/pallets/flask/pull/436.patch"
    },
    "body": "so we don't remain at 1 star metadata on http://py3ksupport.appspot.com/ :)\n",
    "comments_inline": [
        {
            "url": "https://api.github.com/repos/pallets/flask/issues/comments/4458525",
            "html_url": "https://github.com/pallets/flask/pull/436#issuecomment-4458525",
            "issue_url": "https://api.github.com/repos/pallets/flask/issues/436",
            "id": 4458525,
            "node_id": "MDEyOklzc3VlQ29tbWVudDQ0NTg1MjU=",
            "user": {
                "login": "rduplain",
                "id": 36428,
                "node_id": "MDQ6VXNlcjM2NDI4",
                "avatar_url": "https://avatars1.githubusercontent.com/u/36428?v=4",
                "gravatar_id": "",
                "url": "https://api.github.com/users/rduplain",
                "html_url": "https://github.com/rduplain",
                "followers_url": "https://api.github.com/users/rduplain/followers",
                "following_url": "https://api.github.com/users/rduplain/following{/other_user}",
                "gists_url": "https://api.github.com/users/rduplain/gists{/gist_id}",
                "starred_url": "https://api.github.com/users/rduplain/starred{/owner}{/repo}",
                "subscriptions_url": "https://api.github.com/users/rduplain/subscriptions",
                "organizations_url": "https://api.github.com/users/rduplain/orgs",
                "repos_url": "https://api.github.com/users/rduplain/repos",
                "events_url": "https://api.github.com/users/rduplain/events{/privacy}",
                "received_events_url": "https://api.github.com/users/rduplain/received_events",
                "type": "User",
                "site_admin": false
            },
            "created_at": "2012-03-12T18:34:15Z",
            "updated_at": "2012-03-12T18:34:15Z",
            "author_association": "CONTRIBUTOR",
            "body": "Thanks :-)\n"
        }
    ]
}