{
    "url": "https://api.github.com/repos/pallets/flask/issues/437",
    "repository_url": "https://api.github.com/repos/pallets/flask",
    "labels_url": "https://api.github.com/repos/pallets/flask/issues/437/labels{/name}",
    "comments_url": "https://api.github.com/repos/pallets/flask/issues/437/comments",
    "events_url": "https://api.github.com/repos/pallets/flask/issues/437/events",
    "html_url": "https://github.com/pallets/flask/pull/437",
    "id": 3617620,
    "node_id": "MDExOlB1bGxSZXF1ZXN0OTY5NTQ5",
    "number": 437,
    "title": "Review and tweak docs on pull request #384",
    "user": {
        "login": "njl",
        "id": 123934,
        "node_id": "MDQ6VXNlcjEyMzkzNA==",
        "avatar_url": "https://avatars1.githubusercontent.com/u/123934?v=4",
        "gravatar_id": "",
        "url": "https://api.github.com/users/njl",
        "html_url": "https://github.com/njl",
        "followers_url": "https://api.github.com/users/njl/followers",
        "following_url": "https://api.github.com/users/njl/following{/other_user}",
        "gists_url": "https://api.github.com/users/njl/gists{/gist_id}",
        "starred_url": "https://api.github.com/users/njl/starred{/owner}{/repo}",
        "subscriptions_url": "https://api.github.com/users/njl/subscriptions",
        "organizations_url": "https://api.github.com/users/njl/orgs",
        "repos_url": "https://api.github.com/users/njl/repos",
        "events_url": "https://api.github.com/users/njl/events{/privacy}",
        "received_events_url": "https://api.github.com/users/njl/received_events",
        "type": "User",
        "site_admin": false
    },
    "labels": [],
    "state": "closed",
    "locked": false,
    "assignee": null,
    "assignees": [],
    "milestone": null,
    "comments": 3,
    "created_at": "2012-03-12T19:41:13Z",
    "updated_at": "2014-06-13T04:11:50Z",
    "closed_at": "2012-03-14T02:30:16Z",
    "author_association": "CONTRIBUTOR",
    "pull_request": {
        "url": "https://api.github.com/repos/pallets/flask/pulls/437",
        "html_url": "https://github.com/pallets/flask/pull/437",
        "diff_url": "https://github.com/pallets/flask/pull/437.diff",
        "patch_url": "https://github.com/pallets/flask/pull/437.patch"
    },
    "body": "PyCon code sprints.\n",
    "comments_inline": [
        {
            "url": "https://api.github.com/repos/pallets/flask/issues/comments/4463824",
            "html_url": "https://github.com/pallets/flask/pull/437#issuecomment-4463824",
            "issue_url": "https://api.github.com/repos/pallets/flask/issues/437",
            "id": 4463824,
            "node_id": "MDEyOklzc3VlQ29tbWVudDQ0NjM4MjQ=",
            "user": {
                "login": "aisipos",
                "id": 68444,
                "node_id": "MDQ6VXNlcjY4NDQ0",
                "avatar_url": "https://avatars0.githubusercontent.com/u/68444?v=4",
                "gravatar_id": "",
                "url": "https://api.github.com/users/aisipos",
                "html_url": "https://github.com/aisipos",
                "followers_url": "https://api.github.com/users/aisipos/followers",
                "following_url": "https://api.github.com/users/aisipos/following{/other_user}",
                "gists_url": "https://api.github.com/users/aisipos/gists{/gist_id}",
                "starred_url": "https://api.github.com/users/aisipos/starred{/owner}{/repo}",
                "subscriptions_url": "https://api.github.com/users/aisipos/subscriptions",
                "organizations_url": "https://api.github.com/users/aisipos/orgs",
                "repos_url": "https://api.github.com/users/aisipos/repos",
                "events_url": "https://api.github.com/users/aisipos/events{/privacy}",
                "received_events_url": "https://api.github.com/users/aisipos/received_events",
                "type": "User",
                "site_admin": false
            },
            "created_at": "2012-03-12T23:02:16Z",
            "updated_at": "2012-03-12T23:02:16Z",
            "author_association": "CONTRIBUTOR",
            "body": "Supersedes #384 . jsonp support gets +1 from me\n"
        },
        {
            "url": "https://api.github.com/repos/pallets/flask/issues/comments/4491062",
            "html_url": "https://github.com/pallets/flask/pull/437#issuecomment-4491062",
            "issue_url": "https://api.github.com/repos/pallets/flask/issues/437",
            "id": 4491062,
            "node_id": "MDEyOklzc3VlQ29tbWVudDQ0OTEwNjI=",
            "user": {
                "login": "rduplain",
                "id": 36428,
                "node_id": "MDQ6VXNlcjM2NDI4",
                "avatar_url": "https://avatars1.githubusercontent.com/u/36428?v=4",
                "gravatar_id": "",
                "url": "https://api.github.com/users/rduplain",
                "html_url": "https://github.com/rduplain",
                "followers_url": "https://api.github.com/users/rduplain/followers",
                "following_url": "https://api.github.com/users/rduplain/following{/other_user}",
                "gists_url": "https://api.github.com/users/rduplain/gists{/gist_id}",
                "starred_url": "https://api.github.com/users/rduplain/starred{/owner}{/repo}",
                "subscriptions_url": "https://api.github.com/users/rduplain/subscriptions",
                "organizations_url": "https://api.github.com/users/rduplain/orgs",
                "repos_url": "https://api.github.com/users/rduplain/repos",
                "events_url": "https://api.github.com/users/rduplain/events{/privacy}",
                "received_events_url": "https://api.github.com/users/rduplain/received_events",
                "type": "User",
                "site_admin": false
            },
            "created_at": "2012-03-14T02:31:51Z",
            "updated_at": "2012-03-14T02:31:51Z",
            "author_association": "CONTRIBUTOR",
            "body": "Thanks for the iterations on this one, guys!  The next Flask release (0.9, coming very soon) will have support for generating JSONP through the builtin jsonify function.  Thanks for sprinting!\n"
        },
        {
            "url": "https://api.github.com/repos/pallets/flask/issues/comments/5572094",
            "html_url": "https://github.com/pallets/flask/pull/437#issuecomment-5572094",
            "issue_url": "https://api.github.com/repos/pallets/flask/issues/437",
            "id": 5572094,
            "node_id": "MDEyOklzc3VlQ29tbWVudDU1NzIwOTQ=",
            "user": {
                "login": "mitsuhiko",
                "id": 7396,
                "node_id": "MDQ6VXNlcjczOTY=",
                "avatar_url": "https://avatars1.githubusercontent.com/u/7396?v=4",
                "gravatar_id": "",
                "url": "https://api.github.com/users/mitsuhiko",
                "html_url": "https://github.com/mitsuhiko",
                "followers_url": "https://api.github.com/users/mitsuhiko/followers",
                "following_url": "https://api.github.com/users/mitsuhiko/following{/other_user}",
                "gists_url": "https://api.github.com/users/mitsuhiko/gists{/gist_id}",
                "starred_url": "https://api.github.com/users/mitsuhiko/starred{/owner}{/repo}",
                "subscriptions_url": "https://api.github.com/users/mitsuhiko/subscriptions",
                "organizations_url": "https://api.github.com/users/mitsuhiko/orgs",
                "repos_url": "https://api.github.com/users/mitsuhiko/repos",
                "events_url": "https://api.github.com/users/mitsuhiko/events{/privacy}",
                "received_events_url": "https://api.github.com/users/mitsuhiko/received_events",
                "type": "User",
                "site_admin": false
            },
            "created_at": "2012-05-08T11:00:12Z",
            "updated_at": "2012-05-08T11:00:12Z",
            "author_association": "MEMBER",
            "body": "I'm probably going to remove that from the codebase again. JSONP is no longer something that is absolutely necessary and it's simple enough to implement yourself if you absolutely need it. Maybe something for a flask extension.\n\nInstead I think it would make sense if we would have a way to provide builtin request preflight support.\n"
        }
    ]
}