{
    "url": "https://api.github.com/repos/pallets/flask/issues/439",
    "repository_url": "https://api.github.com/repos/pallets/flask",
    "labels_url": "https://api.github.com/repos/pallets/flask/issues/439/labels{/name}",
    "comments_url": "https://api.github.com/repos/pallets/flask/issues/439/comments",
    "events_url": "https://api.github.com/repos/pallets/flask/issues/439/events",
    "html_url": "https://github.com/pallets/flask/pull/439",
    "id": 3620485,
    "node_id": "MDExOlB1bGxSZXF1ZXN0OTcwNzg1",
    "number": 439,
    "title": "Add new exceptions module, to implement JSONHttpException and JSONBadRequest.",
    "user": {
        "login": "aisipos",
        "id": 68444,
        "node_id": "MDQ6VXNlcjY4NDQ0",
        "avatar_url": "https://avatars0.githubusercontent.com/u/68444?v=4",
        "gravatar_id": "",
        "url": "https://api.github.com/users/aisipos",
        "html_url": "https://github.com/aisipos",
        "followers_url": "https://api.github.com/users/aisipos/followers",
        "following_url": "https://api.github.com/users/aisipos/following{/other_user}",
        "gists_url": "https://api.github.com/users/aisipos/gists{/gist_id}",
        "starred_url": "https://api.github.com/users/aisipos/starred{/owner}{/repo}",
        "subscriptions_url": "https://api.github.com/users/aisipos/subscriptions",
        "organizations_url": "https://api.github.com/users/aisipos/orgs",
        "repos_url": "https://api.github.com/users/aisipos/repos",
        "events_url": "https://api.github.com/users/aisipos/events{/privacy}",
        "received_events_url": "https://api.github.com/users/aisipos/received_events",
        "type": "User",
        "site_admin": false
    },
    "labels": [],
    "state": "closed",
    "locked": false,
    "assignee": null,
    "assignees": [],
    "milestone": null,
    "comments": 1,
    "created_at": "2012-03-12T22:30:45Z",
    "updated_at": "2014-06-13T04:11:43Z",
    "closed_at": "2012-04-01T15:42:39Z",
    "author_association": "CONTRIBUTOR",
    "pull_request": {
        "url": "https://api.github.com/repos/pallets/flask/pulls/439",
        "html_url": "https://github.com/pallets/flask/pull/439",
        "diff_url": "https://github.com/pallets/flask/pull/439.diff",
        "patch_url": "https://github.com/pallets/flask/pull/439.patch"
    },
    "body": "This is an update to pull request #423, to move exception classes out of wrappers.py\n",
    "comments_inline": [
        {
            "url": "https://api.github.com/repos/pallets/flask/issues/comments/4867086",
            "html_url": "https://github.com/pallets/flask/pull/439#issuecomment-4867086",
            "issue_url": "https://api.github.com/repos/pallets/flask/issues/439",
            "id": 4867086,
            "node_id": "MDEyOklzc3VlQ29tbWVudDQ4NjcwODY=",
            "user": {
                "login": "rduplain",
                "id": 36428,
                "node_id": "MDQ6VXNlcjM2NDI4",
                "avatar_url": "https://avatars1.githubusercontent.com/u/36428?v=4",
                "gravatar_id": "",
                "url": "https://api.github.com/users/rduplain",
                "html_url": "https://github.com/rduplain",
                "followers_url": "https://api.github.com/users/rduplain/followers",
                "following_url": "https://api.github.com/users/rduplain/following{/other_user}",
                "gists_url": "https://api.github.com/users/rduplain/gists{/gist_id}",
                "starred_url": "https://api.github.com/users/rduplain/starred{/owner}{/repo}",
                "subscriptions_url": "https://api.github.com/users/rduplain/subscriptions",
                "organizations_url": "https://api.github.com/users/rduplain/orgs",
                "repos_url": "https://api.github.com/users/rduplain/repos",
                "events_url": "https://api.github.com/users/rduplain/events{/privacy}",
                "received_events_url": "https://api.github.com/users/rduplain/received_events",
                "type": "User",
                "site_admin": false
            },
            "created_at": "2012-04-01T15:46:08Z",
            "updated_at": "2012-04-01T15:46:08Z",
            "author_association": "CONTRIBUTOR",
            "body": "Thanks @aisipos & @jfinkels.\n"
        }
    ]
}