{
    "url": "https://api.github.com/repos/pallets/flask/issues/44",
    "repository_url": "https://api.github.com/repos/pallets/flask",
    "labels_url": "https://api.github.com/repos/pallets/flask/issues/44/labels{/name}",
    "comments_url": "https://api.github.com/repos/pallets/flask/issues/44/comments",
    "events_url": "https://api.github.com/repos/pallets/flask/issues/44/events",
    "html_url": "https://github.com/pallets/flask/issues/44",
    "id": 204550,
    "node_id": "MDU6SXNzdWUyMDQ1NTA=",
    "number": 44,
    "title": "Document app.run() should be in __name__ == '__main__'",
    "user": {
        "login": "mitsuhiko",
        "id": 7396,
        "node_id": "MDQ6VXNlcjczOTY=",
        "avatar_url": "https://avatars1.githubusercontent.com/u/7396?v=4",
        "gravatar_id": "",
        "url": "https://api.github.com/users/mitsuhiko",
        "html_url": "https://github.com/mitsuhiko",
        "followers_url": "https://api.github.com/users/mitsuhiko/followers",
        "following_url": "https://api.github.com/users/mitsuhiko/following{/other_user}",
        "gists_url": "https://api.github.com/users/mitsuhiko/gists{/gist_id}",
        "starred_url": "https://api.github.com/users/mitsuhiko/starred{/owner}{/repo}",
        "subscriptions_url": "https://api.github.com/users/mitsuhiko/subscriptions",
        "organizations_url": "https://api.github.com/users/mitsuhiko/orgs",
        "repos_url": "https://api.github.com/users/mitsuhiko/repos",
        "events_url": "https://api.github.com/users/mitsuhiko/events{/privacy}",
        "received_events_url": "https://api.github.com/users/mitsuhiko/received_events",
        "type": "User",
        "site_admin": false
    },
    "labels": [],
    "state": "closed",
    "locked": false,
    "assignee": null,
    "assignees": [],
    "milestone": null,
    "comments": 1,
    "created_at": "2010-05-24T07:45:08Z",
    "updated_at": "2010-05-24T13:26:13Z",
    "closed_at": "2010-05-24T13:26:13Z",
    "author_association": "MEMBER",
    "body": "Common problem that breaks on mod_wsgi and other deployments.\n",
    "comments_inline": [
        {
            "url": "https://api.github.com/repos/pallets/flask/issues/comments/251565",
            "html_url": "https://github.com/pallets/flask/issues/44#issuecomment-251565",
            "issue_url": "https://api.github.com/repos/pallets/flask/issues/44",
            "id": 251565,
            "node_id": "MDEyOklzc3VlQ29tbWVudDI1MTU2NQ==",
            "user": {
                "login": "mitsuhiko",
                "id": 7396,
                "node_id": "MDQ6VXNlcjczOTY=",
                "avatar_url": "https://avatars1.githubusercontent.com/u/7396?v=4",
                "gravatar_id": "",
                "url": "https://api.github.com/users/mitsuhiko",
                "html_url": "https://github.com/mitsuhiko",
                "followers_url": "https://api.github.com/users/mitsuhiko/followers",
                "following_url": "https://api.github.com/users/mitsuhiko/following{/other_user}",
                "gists_url": "https://api.github.com/users/mitsuhiko/gists{/gist_id}",
                "starred_url": "https://api.github.com/users/mitsuhiko/starred{/owner}{/repo}",
                "subscriptions_url": "https://api.github.com/users/mitsuhiko/subscriptions",
                "organizations_url": "https://api.github.com/users/mitsuhiko/orgs",
                "repos_url": "https://api.github.com/users/mitsuhiko/repos",
                "events_url": "https://api.github.com/users/mitsuhiko/events{/privacy}",
                "received_events_url": "https://api.github.com/users/mitsuhiko/received_events",
                "type": "User",
                "site_admin": false
            },
            "created_at": "2010-05-24T13:26:13Z",
            "updated_at": "2010-05-24T13:26:13Z",
            "author_association": "MEMBER",
            "body": "Added troubleshooting infos. This closed by cc8332e9d99c08b77614e5acd7bd0e6d08dc29b6\n"
        }
    ]
}