{
    "url": "https://api.github.com/repos/pallets/flask/issues/442",
    "repository_url": "https://api.github.com/repos/pallets/flask",
    "labels_url": "https://api.github.com/repos/pallets/flask/issues/442/labels{/name}",
    "comments_url": "https://api.github.com/repos/pallets/flask/issues/442/comments",
    "events_url": "https://api.github.com/repos/pallets/flask/issues/442/events",
    "html_url": "https://github.com/pallets/flask/pull/442",
    "id": 3622649,
    "node_id": "MDExOlB1bGxSZXF1ZXN0OTcxNzU3",
    "number": 442,
    "title": "Correct and clarify error handling documentation.",
    "user": {
        "login": "aisipos",
        "id": 68444,
        "node_id": "MDQ6VXNlcjY4NDQ0",
        "avatar_url": "https://avatars0.githubusercontent.com/u/68444?v=4",
        "gravatar_id": "",
        "url": "https://api.github.com/users/aisipos",
        "html_url": "https://github.com/aisipos",
        "followers_url": "https://api.github.com/users/aisipos/followers",
        "following_url": "https://api.github.com/users/aisipos/following{/other_user}",
        "gists_url": "https://api.github.com/users/aisipos/gists{/gist_id}",
        "starred_url": "https://api.github.com/users/aisipos/starred{/owner}{/repo}",
        "subscriptions_url": "https://api.github.com/users/aisipos/subscriptions",
        "organizations_url": "https://api.github.com/users/aisipos/orgs",
        "repos_url": "https://api.github.com/users/aisipos/repos",
        "events_url": "https://api.github.com/users/aisipos/events{/privacy}",
        "received_events_url": "https://api.github.com/users/aisipos/received_events",
        "type": "User",
        "site_admin": false
    },
    "labels": [],
    "state": "closed",
    "locked": false,
    "assignee": null,
    "assignees": [],
    "milestone": null,
    "comments": 1,
    "created_at": "2012-03-13T01:45:22Z",
    "updated_at": "2014-06-13T04:11:37Z",
    "closed_at": "2013-01-25T04:18:36Z",
    "author_association": "CONTRIBUTOR",
    "pull_request": {
        "url": "https://api.github.com/repos/pallets/flask/pulls/442",
        "html_url": "https://github.com/pallets/flask/pull/442",
        "diff_url": "https://github.com/pallets/flask/pull/442.diff",
        "patch_url": "https://github.com/pallets/flask/pull/442.patch"
    },
    "body": "As of Flask 0.8, unhandled exceptions are logged in production mode. Wording fixed for this.\nAlso point out 2 ways of defining your own error handlers.\nAlso point out downsides to simple email log handler.\n\nInspired by issue #192, which is now obsolete, but needed some documentation updates.\n",
    "comments_inline": [
        {
            "url": "https://api.github.com/repos/pallets/flask/issues/comments/4489488",
            "html_url": "https://github.com/pallets/flask/pull/442#issuecomment-4489488",
            "issue_url": "https://api.github.com/repos/pallets/flask/issues/442",
            "id": 4489488,
            "node_id": "MDEyOklzc3VlQ29tbWVudDQ0ODk0ODg=",
            "user": {
                "login": "rduplain",
                "id": 36428,
                "node_id": "MDQ6VXNlcjM2NDI4",
                "avatar_url": "https://avatars1.githubusercontent.com/u/36428?v=4",
                "gravatar_id": "",
                "url": "https://api.github.com/users/rduplain",
                "html_url": "https://github.com/rduplain",
                "followers_url": "https://api.github.com/users/rduplain/followers",
                "following_url": "https://api.github.com/users/rduplain/following{/other_user}",
                "gists_url": "https://api.github.com/users/rduplain/gists{/gist_id}",
                "starred_url": "https://api.github.com/users/rduplain/starred{/owner}{/repo}",
                "subscriptions_url": "https://api.github.com/users/rduplain/subscriptions",
                "organizations_url": "https://api.github.com/users/rduplain/orgs",
                "repos_url": "https://api.github.com/users/rduplain/repos",
                "events_url": "https://api.github.com/users/rduplain/events{/privacy}",
                "received_events_url": "https://api.github.com/users/rduplain/received_events",
                "type": "User",
                "site_admin": false
            },
            "created_at": "2012-03-14T00:05:23Z",
            "updated_at": "2012-03-14T00:05:23Z",
            "author_association": "CONTRIBUTOR",
            "body": "Reviewing now.  We need to make sure the zero-config message is preserved and prominent somewhere.  I'll update it.\n"
        }
    ]
}