{
    "url": "https://api.github.com/repos/pallets/flask/issues/444",
    "repository_url": "https://api.github.com/repos/pallets/flask",
    "labels_url": "https://api.github.com/repos/pallets/flask/issues/444/labels{/name}",
    "comments_url": "https://api.github.com/repos/pallets/flask/issues/444/comments",
    "events_url": "https://api.github.com/repos/pallets/flask/issues/444/events",
    "html_url": "https://github.com/pallets/flask/pull/444",
    "id": 3641704,
    "node_id": "MDExOlB1bGxSZXF1ZXN0OTc5MzY5",
    "number": 444,
    "title": "Add Flask-Shelve to the registry",
    "user": {
        "login": "jamesls",
        "id": 368057,
        "node_id": "MDQ6VXNlcjM2ODA1Nw==",
        "avatar_url": "https://avatars0.githubusercontent.com/u/368057?v=4",
        "gravatar_id": "",
        "url": "https://api.github.com/users/jamesls",
        "html_url": "https://github.com/jamesls",
        "followers_url": "https://api.github.com/users/jamesls/followers",
        "following_url": "https://api.github.com/users/jamesls/following{/other_user}",
        "gists_url": "https://api.github.com/users/jamesls/gists{/gist_id}",
        "starred_url": "https://api.github.com/users/jamesls/starred{/owner}{/repo}",
        "subscriptions_url": "https://api.github.com/users/jamesls/subscriptions",
        "organizations_url": "https://api.github.com/users/jamesls/orgs",
        "repos_url": "https://api.github.com/users/jamesls/repos",
        "events_url": "https://api.github.com/users/jamesls/events{/privacy}",
        "received_events_url": "https://api.github.com/users/jamesls/received_events",
        "type": "User",
        "site_admin": false
    },
    "labels": [],
    "state": "closed",
    "locked": false,
    "assignee": null,
    "assignees": [],
    "milestone": null,
    "comments": 0,
    "created_at": "2012-03-14T01:32:15Z",
    "updated_at": "2014-06-13T04:11:27Z",
    "closed_at": "2012-03-14T01:34:57Z",
    "author_association": "CONTRIBUTOR",
    "pull_request": {
        "url": "https://api.github.com/repos/pallets/flask/pulls/444",
        "html_url": "https://github.com/pallets/flask/pull/444",
        "diff_url": "https://github.com/pallets/flask/pull/444.diff",
        "patch_url": "https://github.com/pallets/flask/pull/444.patch"
    },
    "body": "This is the basic key/val flask extension that was suggested at the pycon sprints.\n"
}