{
    "url": "https://api.github.com/repos/pallets/flask/issues/445",
    "repository_url": "https://api.github.com/repos/pallets/flask",
    "labels_url": "https://api.github.com/repos/pallets/flask/issues/445/labels{/name}",
    "comments_url": "https://api.github.com/repos/pallets/flask/issues/445/comments",
    "events_url": "https://api.github.com/repos/pallets/flask/issues/445/events",
    "html_url": "https://github.com/pallets/flask/pull/445",
    "id": 3676326,
    "node_id": "MDExOlB1bGxSZXF1ZXN0OTk0MDYz",
    "number": 445,
    "title": "Update docs/patterns/mongokit.rst",
    "user": {
        "login": "irneh",
        "id": 1542404,
        "node_id": "MDQ6VXNlcjE1NDI0MDQ=",
        "avatar_url": "https://avatars1.githubusercontent.com/u/1542404?v=4",
        "gravatar_id": "",
        "url": "https://api.github.com/users/irneh",
        "html_url": "https://github.com/irneh",
        "followers_url": "https://api.github.com/users/irneh/followers",
        "following_url": "https://api.github.com/users/irneh/following{/other_user}",
        "gists_url": "https://api.github.com/users/irneh/gists{/gist_id}",
        "starred_url": "https://api.github.com/users/irneh/starred{/owner}{/repo}",
        "subscriptions_url": "https://api.github.com/users/irneh/subscriptions",
        "organizations_url": "https://api.github.com/users/irneh/orgs",
        "repos_url": "https://api.github.com/users/irneh/repos",
        "events_url": "https://api.github.com/users/irneh/events{/privacy}",
        "received_events_url": "https://api.github.com/users/irneh/received_events",
        "type": "User",
        "site_admin": false
    },
    "labels": [],
    "state": "closed",
    "locked": false,
    "assignee": null,
    "assignees": [],
    "milestone": null,
    "comments": 1,
    "created_at": "2012-03-16T01:21:04Z",
    "updated_at": "2014-06-13T04:11:25Z",
    "closed_at": "2012-03-21T02:01:28Z",
    "author_association": "CONTRIBUTOR",
    "pull_request": {
        "url": "https://api.github.com/repos/pallets/flask/pulls/445",
        "html_url": "https://github.com/pallets/flask/pull/445",
        "diff_url": "https://github.com/pallets/flask/pull/445.diff",
        "patch_url": "https://github.com/pallets/flask/pull/445.patch"
    },
    "body": "Corrected MongoKit URL.\n",
    "comments_inline": [
        {
            "url": "https://api.github.com/repos/pallets/flask/issues/comments/4609679",
            "html_url": "https://github.com/pallets/flask/pull/445#issuecomment-4609679",
            "issue_url": "https://api.github.com/repos/pallets/flask/issues/445",
            "id": 4609679,
            "node_id": "MDEyOklzc3VlQ29tbWVudDQ2MDk2Nzk=",
            "user": {
                "login": "kennethreitz",
                "id": 119893,
                "node_id": "MDQ6VXNlcjExOTg5Mw==",
                "avatar_url": "https://avatars2.githubusercontent.com/u/119893?v=4",
                "gravatar_id": "",
                "url": "https://api.github.com/users/kennethreitz",
                "html_url": "https://github.com/kennethreitz",
                "followers_url": "https://api.github.com/users/kennethreitz/followers",
                "following_url": "https://api.github.com/users/kennethreitz/following{/other_user}",
                "gists_url": "https://api.github.com/users/kennethreitz/gists{/gist_id}",
                "starred_url": "https://api.github.com/users/kennethreitz/starred{/owner}{/repo}",
                "subscriptions_url": "https://api.github.com/users/kennethreitz/subscriptions",
                "organizations_url": "https://api.github.com/users/kennethreitz/orgs",
                "repos_url": "https://api.github.com/users/kennethreitz/repos",
                "events_url": "https://api.github.com/users/kennethreitz/events{/privacy}",
                "received_events_url": "https://api.github.com/users/kennethreitz/received_events",
                "type": "User",
                "site_admin": false
            },
            "created_at": "2012-03-21T02:01:20Z",
            "updated_at": "2012-03-21T02:01:20Z",
            "author_association": "CONTRIBUTOR",
            "body": "Thanks!\n"
        }
    ]
}