{
    "url": "https://api.github.com/repos/pallets/flask/issues/448",
    "repository_url": "https://api.github.com/repos/pallets/flask",
    "labels_url": "https://api.github.com/repos/pallets/flask/issues/448/labels{/name}",
    "comments_url": "https://api.github.com/repos/pallets/flask/issues/448/comments",
    "events_url": "https://api.github.com/repos/pallets/flask/issues/448/events",
    "html_url": "https://github.com/pallets/flask/issues/448",
    "id": 3703334,
    "node_id": "MDU6SXNzdWUzNzAzMzM0",
    "number": 448,
    "title": "No get_send_file_options on blueprints, test fail on master",
    "user": {
        "login": "SimonSapin",
        "id": 291359,
        "node_id": "MDQ6VXNlcjI5MTM1OQ==",
        "avatar_url": "https://avatars0.githubusercontent.com/u/291359?v=4",
        "gravatar_id": "",
        "url": "https://api.github.com/users/SimonSapin",
        "html_url": "https://github.com/SimonSapin",
        "followers_url": "https://api.github.com/users/SimonSapin/followers",
        "following_url": "https://api.github.com/users/SimonSapin/following{/other_user}",
        "gists_url": "https://api.github.com/users/SimonSapin/gists{/gist_id}",
        "starred_url": "https://api.github.com/users/SimonSapin/starred{/owner}{/repo}",
        "subscriptions_url": "https://api.github.com/users/SimonSapin/subscriptions",
        "organizations_url": "https://api.github.com/users/SimonSapin/orgs",
        "repos_url": "https://api.github.com/users/SimonSapin/repos",
        "events_url": "https://api.github.com/users/SimonSapin/events{/privacy}",
        "received_events_url": "https://api.github.com/users/SimonSapin/received_events",
        "type": "User",
        "site_admin": false
    },
    "labels": [],
    "state": "closed",
    "locked": false,
    "assignee": null,
    "assignees": [],
    "milestone": null,
    "comments": 4,
    "created_at": "2012-03-18T23:20:07Z",
    "updated_at": "2012-04-09T15:11:44Z",
    "closed_at": "2012-04-09T15:11:44Z",
    "author_association": "CONTRIBUTOR",
    "body": "The `Flask.get_static_file_options` method uses the SEND_FILE_MAX_AGE_DEFAULT config, but there is nothing of the sort for blueprints. Tests fail on the current git master because of that:\n\n```\nFAIL: test_templates_and_static (flask.testsuite.blueprints.BlueprintTestCase)\n----------------------------------------------------------------------\nTraceback (most recent call last):\n  File \"/home/simon/dev/projects/flask/flask/testsuite/blueprints.py\", line 370, in test_templates_and_static\n    self.assert_equal(cc.max_age, expected_max_age)\n  File \"/home/simon/dev/projects/flask/flask/testsuite/__init__.py\", line 133, in assert_equal\n    return self.assertEqual(x, y)\nAssertionError: 43200 != 3600\n```\n\nI\u2019d write a patch, but I\u2019m not sure how to access the app config from a blueprint method. Would using `flask.current_app` be appropriate?\n",
    "comments_inline": [
        {
            "url": "https://api.github.com/repos/pallets/flask/issues/comments/4565443",
            "html_url": "https://github.com/pallets/flask/issues/448#issuecomment-4565443",
            "issue_url": "https://api.github.com/repos/pallets/flask/issues/448",
            "id": 4565443,
            "node_id": "MDEyOklzc3VlQ29tbWVudDQ1NjU0NDM=",
            "user": {
                "login": "rduplain",
                "id": 36428,
                "node_id": "MDQ6VXNlcjM2NDI4",
                "avatar_url": "https://avatars1.githubusercontent.com/u/36428?v=4",
                "gravatar_id": "",
                "url": "https://api.github.com/users/rduplain",
                "html_url": "https://github.com/rduplain",
                "followers_url": "https://api.github.com/users/rduplain/followers",
                "following_url": "https://api.github.com/users/rduplain/following{/other_user}",
                "gists_url": "https://api.github.com/users/rduplain/gists{/gist_id}",
                "starred_url": "https://api.github.com/users/rduplain/starred{/owner}{/repo}",
                "subscriptions_url": "https://api.github.com/users/rduplain/subscriptions",
                "organizations_url": "https://api.github.com/users/rduplain/orgs",
                "repos_url": "https://api.github.com/users/rduplain/repos",
                "events_url": "https://api.github.com/users/rduplain/events{/privacy}",
                "received_events_url": "https://api.github.com/users/rduplain/received_events",
                "type": "User",
                "site_admin": false
            },
            "created_at": "2012-03-18T23:23:54Z",
            "updated_at": "2012-03-18T23:23:54Z",
            "author_association": "CONTRIBUTOR",
            "body": "This is an open issue for a new feature.  #433 exposed cache-control headers for send_file.  I added a config value to the application, but this is the first time a Blueprint requires app.config.  I'm not sure we want to use current_app, and instead I think we should consider some sort of closure on registration.\n"
        },
        {
            "url": "https://api.github.com/repos/pallets/flask/issues/comments/4565773",
            "html_url": "https://github.com/pallets/flask/issues/448#issuecomment-4565773",
            "issue_url": "https://api.github.com/repos/pallets/flask/issues/448",
            "id": 4565773,
            "node_id": "MDEyOklzc3VlQ29tbWVudDQ1NjU3NzM=",
            "user": {
                "login": "SimonSapin",
                "id": 291359,
                "node_id": "MDQ6VXNlcjI5MTM1OQ==",
                "avatar_url": "https://avatars0.githubusercontent.com/u/291359?v=4",
                "gravatar_id": "",
                "url": "https://api.github.com/users/SimonSapin",
                "html_url": "https://github.com/SimonSapin",
                "followers_url": "https://api.github.com/users/SimonSapin/followers",
                "following_url": "https://api.github.com/users/SimonSapin/following{/other_user}",
                "gists_url": "https://api.github.com/users/SimonSapin/gists{/gist_id}",
                "starred_url": "https://api.github.com/users/SimonSapin/starred{/owner}{/repo}",
                "subscriptions_url": "https://api.github.com/users/SimonSapin/subscriptions",
                "organizations_url": "https://api.github.com/users/SimonSapin/orgs",
                "repos_url": "https://api.github.com/users/SimonSapin/repos",
                "events_url": "https://api.github.com/users/SimonSapin/events{/privacy}",
                "received_events_url": "https://api.github.com/users/SimonSapin/received_events",
                "type": "User",
                "site_admin": false
            },
            "created_at": "2012-03-19T00:11:46Z",
            "updated_at": "2012-03-19T00:11:46Z",
            "author_association": "CONTRIBUTOR",
            "body": "Indeed, I saw that blueprints never use current_app until now so I didn\u2019t just add it.\n\nI was going to suggest making the send_static_file method an instance attribute with a closure over the app config, but that does not even work. The same blueprint instance could be added to two apps.\n"
        },
        {
            "url": "https://api.github.com/repos/pallets/flask/issues/comments/4867153",
            "html_url": "https://github.com/pallets/flask/issues/448#issuecomment-4867153",
            "issue_url": "https://api.github.com/repos/pallets/flask/issues/448",
            "id": 4867153,
            "node_id": "MDEyOklzc3VlQ29tbWVudDQ4NjcxNTM=",
            "user": {
                "login": "rduplain",
                "id": 36428,
                "node_id": "MDQ6VXNlcjM2NDI4",
                "avatar_url": "https://avatars1.githubusercontent.com/u/36428?v=4",
                "gravatar_id": "",
                "url": "https://api.github.com/users/rduplain",
                "html_url": "https://github.com/rduplain",
                "followers_url": "https://api.github.com/users/rduplain/followers",
                "following_url": "https://api.github.com/users/rduplain/following{/other_user}",
                "gists_url": "https://api.github.com/users/rduplain/gists{/gist_id}",
                "starred_url": "https://api.github.com/users/rduplain/starred{/owner}{/repo}",
                "subscriptions_url": "https://api.github.com/users/rduplain/subscriptions",
                "organizations_url": "https://api.github.com/users/rduplain/orgs",
                "repos_url": "https://api.github.com/users/rduplain/repos",
                "events_url": "https://api.github.com/users/rduplain/events{/privacy}",
                "received_events_url": "https://api.github.com/users/rduplain/received_events",
                "type": "User",
                "site_admin": false
            },
            "created_at": "2012-04-01T15:56:22Z",
            "updated_at": "2012-04-01T15:56:22Z",
            "author_association": "CONTRIBUTOR",
            "body": "@mitsuhiko, I'd like to access app.config in the Blueprint, and this is the first case of it.  Should we use current_app proxy or some sort of closure on registration?\n"
        },
        {
            "url": "https://api.github.com/repos/pallets/flask/issues/comments/5026782",
            "html_url": "https://github.com/pallets/flask/issues/448#issuecomment-5026782",
            "issue_url": "https://api.github.com/repos/pallets/flask/issues/448",
            "id": 5026782,
            "node_id": "MDEyOklzc3VlQ29tbWVudDUwMjY3ODI=",
            "user": {
                "login": "mitsuhiko",
                "id": 7396,
                "node_id": "MDQ6VXNlcjczOTY=",
                "avatar_url": "https://avatars1.githubusercontent.com/u/7396?v=4",
                "gravatar_id": "",
                "url": "https://api.github.com/users/mitsuhiko",
                "html_url": "https://github.com/mitsuhiko",
                "followers_url": "https://api.github.com/users/mitsuhiko/followers",
                "following_url": "https://api.github.com/users/mitsuhiko/following{/other_user}",
                "gists_url": "https://api.github.com/users/mitsuhiko/gists{/gist_id}",
                "starred_url": "https://api.github.com/users/mitsuhiko/starred{/owner}{/repo}",
                "subscriptions_url": "https://api.github.com/users/mitsuhiko/subscriptions",
                "organizations_url": "https://api.github.com/users/mitsuhiko/orgs",
                "repos_url": "https://api.github.com/users/mitsuhiko/repos",
                "events_url": "https://api.github.com/users/mitsuhiko/events{/privacy}",
                "received_events_url": "https://api.github.com/users/mitsuhiko/received_events",
                "type": "User",
                "site_admin": false
            },
            "created_at": "2012-04-09T15:11:44Z",
            "updated_at": "2012-04-09T15:11:44Z",
            "author_association": "MEMBER",
            "body": "This is fixed now.\n"
        }
    ]
}