{
    "url": "https://api.github.com/repos/pallets/flask/issues/449",
    "repository_url": "https://api.github.com/repos/pallets/flask",
    "labels_url": "https://api.github.com/repos/pallets/flask/issues/449/labels{/name}",
    "comments_url": "https://api.github.com/repos/pallets/flask/issues/449/comments",
    "events_url": "https://api.github.com/repos/pallets/flask/issues/449/events",
    "html_url": "https://github.com/pallets/flask/issues/449",
    "id": 3703343,
    "node_id": "MDU6SXNzdWUzNzAzMzQz",
    "number": 449,
    "title": "Recent Werkzeug required?",
    "user": {
        "login": "SimonSapin",
        "id": 291359,
        "node_id": "MDQ6VXNlcjI5MTM1OQ==",
        "avatar_url": "https://avatars0.githubusercontent.com/u/291359?v=4",
        "gravatar_id": "",
        "url": "https://api.github.com/users/SimonSapin",
        "html_url": "https://github.com/SimonSapin",
        "followers_url": "https://api.github.com/users/SimonSapin/followers",
        "following_url": "https://api.github.com/users/SimonSapin/following{/other_user}",
        "gists_url": "https://api.github.com/users/SimonSapin/gists{/gist_id}",
        "starred_url": "https://api.github.com/users/SimonSapin/starred{/owner}{/repo}",
        "subscriptions_url": "https://api.github.com/users/SimonSapin/subscriptions",
        "organizations_url": "https://api.github.com/users/SimonSapin/orgs",
        "repos_url": "https://api.github.com/users/SimonSapin/repos",
        "events_url": "https://api.github.com/users/SimonSapin/events{/privacy}",
        "received_events_url": "https://api.github.com/users/SimonSapin/received_events",
        "type": "User",
        "site_admin": false
    },
    "labels": [],
    "state": "closed",
    "locked": false,
    "assignee": null,
    "assignees": [],
    "milestone": {
        "url": "https://api.github.com/repos/pallets/flask/milestones/1",
        "html_url": "https://github.com/pallets/flask/milestone/1",
        "labels_url": "https://api.github.com/repos/pallets/flask/milestones/1/labels",
        "id": 105809,
        "node_id": "MDk6TWlsZXN0b25lMTA1ODA5",
        "number": 1,
        "title": "0.11",
        "description": "This milestone tracks the next major release. This might be 1.0, but I'd like to have a clear distinction from things that break backwards compat.",
        "creator": {
            "login": "mitsuhiko",
            "id": 7396,
            "node_id": "MDQ6VXNlcjczOTY=",
            "avatar_url": "https://avatars1.githubusercontent.com/u/7396?v=4",
            "gravatar_id": "",
            "url": "https://api.github.com/users/mitsuhiko",
            "html_url": "https://github.com/mitsuhiko",
            "followers_url": "https://api.github.com/users/mitsuhiko/followers",
            "following_url": "https://api.github.com/users/mitsuhiko/following{/other_user}",
            "gists_url": "https://api.github.com/users/mitsuhiko/gists{/gist_id}",
            "starred_url": "https://api.github.com/users/mitsuhiko/starred{/owner}{/repo}",
            "subscriptions_url": "https://api.github.com/users/mitsuhiko/subscriptions",
            "organizations_url": "https://api.github.com/users/mitsuhiko/orgs",
            "repos_url": "https://api.github.com/users/mitsuhiko/repos",
            "events_url": "https://api.github.com/users/mitsuhiko/events{/privacy}",
            "received_events_url": "https://api.github.com/users/mitsuhiko/received_events",
            "type": "User",
            "site_admin": false
        },
        "open_issues": 0,
        "closed_issues": 11,
        "state": "closed",
        "created_at": "2012-04-09T17:04:23Z",
        "updated_at": "2016-06-01T21:17:37Z",
        "due_on": null,
        "closed_at": "2016-06-01T21:17:37Z"
    },
    "comments": 1,
    "created_at": "2012-03-18T23:21:13Z",
    "updated_at": "2012-04-24T01:47:47Z",
    "closed_at": "2012-04-24T01:47:47Z",
    "author_association": "CONTRIBUTOR",
    "body": "Running the test suite from git master in an old virtualenv with Werkzeug 0.6.2 installed, I got a failure went away when upgrading Werkzeug to 0.7 or the latest 0.8.3:\n\n```\nFAIL: test_test_app_proper_environ (flask.testsuite.basic.BasicFunctionalityTestCase)\n----------------------------------------------------------------------\nTraceback (most recent call last):\n  File \"/home/simon/dev/projects/flask/flask/testsuite/basic.py\", line 820, in test_test_app_proper_environ\n    self.assert_equal(rv.status_code, 404)\n  File \"/home/simon/dev/projects/flask/flask/testsuite/__init__.py\", line 133, in assert_equal\n    return self.assertEqual(x, y)\nAssertionError: 200 != 404\n```\n\nThe fix was hinted by the test having different code paths for Werkzeug 0.7 and 0.8. Flask\u2019s setup.py requires Werkzeug>=0.6.1, should that be changed to 0.7?\n",
    "comments_inline": [
        {
            "url": "https://api.github.com/repos/pallets/flask/issues/comments/5296010",
            "html_url": "https://github.com/pallets/flask/issues/449#issuecomment-5296010",
            "issue_url": "https://api.github.com/repos/pallets/flask/issues/449",
            "id": 5296010,
            "node_id": "MDEyOklzc3VlQ29tbWVudDUyOTYwMTA=",
            "user": {
                "login": "rduplain",
                "id": 36428,
                "node_id": "MDQ6VXNlcjM2NDI4",
                "avatar_url": "https://avatars1.githubusercontent.com/u/36428?v=4",
                "gravatar_id": "",
                "url": "https://api.github.com/users/rduplain",
                "html_url": "https://github.com/rduplain",
                "followers_url": "https://api.github.com/users/rduplain/followers",
                "following_url": "https://api.github.com/users/rduplain/following{/other_user}",
                "gists_url": "https://api.github.com/users/rduplain/gists{/gist_id}",
                "starred_url": "https://api.github.com/users/rduplain/starred{/owner}{/repo}",
                "subscriptions_url": "https://api.github.com/users/rduplain/subscriptions",
                "organizations_url": "https://api.github.com/users/rduplain/orgs",
                "repos_url": "https://api.github.com/users/rduplain/repos",
                "events_url": "https://api.github.com/users/rduplain/events{/privacy}",
                "received_events_url": "https://api.github.com/users/rduplain/received_events",
                "type": "User",
                "site_admin": false
            },
            "created_at": "2012-04-24T01:47:46Z",
            "updated_at": "2012-04-24T01:47:46Z",
            "author_association": "CONTRIBUTOR",
            "body": "Good catch, thanks.\n"
        }
    ]
}