{
    "url": "https://api.github.com/repos/pallets/flask/issues/45",
    "repository_url": "https://api.github.com/repos/pallets/flask",
    "labels_url": "https://api.github.com/repos/pallets/flask/issues/45/labels{/name}",
    "comments_url": "https://api.github.com/repos/pallets/flask/issues/45/comments",
    "events_url": "https://api.github.com/repos/pallets/flask/issues/45/events",
    "html_url": "https://github.com/pallets/flask/issues/45",
    "id": 204987,
    "node_id": "MDU6SXNzdWUyMDQ5ODc=",
    "number": 45,
    "title": "Mistake in docstring of app.errorhandler",
    "user": {
        "login": "thomasbilk",
        "id": 84806,
        "node_id": "MDQ6VXNlcjg0ODA2",
        "avatar_url": "https://avatars3.githubusercontent.com/u/84806?v=4",
        "gravatar_id": "",
        "url": "https://api.github.com/users/thomasbilk",
        "html_url": "https://github.com/thomasbilk",
        "followers_url": "https://api.github.com/users/thomasbilk/followers",
        "following_url": "https://api.github.com/users/thomasbilk/following{/other_user}",
        "gists_url": "https://api.github.com/users/thomasbilk/gists{/gist_id}",
        "starred_url": "https://api.github.com/users/thomasbilk/starred{/owner}{/repo}",
        "subscriptions_url": "https://api.github.com/users/thomasbilk/subscriptions",
        "organizations_url": "https://api.github.com/users/thomasbilk/orgs",
        "repos_url": "https://api.github.com/users/thomasbilk/repos",
        "events_url": "https://api.github.com/users/thomasbilk/events{/privacy}",
        "received_events_url": "https://api.github.com/users/thomasbilk/received_events",
        "type": "User",
        "site_admin": false
    },
    "labels": [],
    "state": "closed",
    "locked": false,
    "assignee": null,
    "assignees": [],
    "milestone": null,
    "comments": 1,
    "created_at": "2010-05-24T19:40:38Z",
    "updated_at": "2010-05-25T06:18:04Z",
    "closed_at": "2010-05-25T06:18:04Z",
    "author_association": "NONE",
    "body": "There is a variable missing in the docstring (and thus in the documentation) in app.errorhandler. \nhttp://github.com/mitsuhiko/flask/blob/master/flask.py#L998\n",
    "comments_inline": [
        {
            "url": "https://api.github.com/repos/pallets/flask/issues/comments/252545",
            "html_url": "https://github.com/pallets/flask/issues/45#issuecomment-252545",
            "issue_url": "https://api.github.com/repos/pallets/flask/issues/45",
            "id": 252545,
            "node_id": "MDEyOklzc3VlQ29tbWVudDI1MjU0NQ==",
            "user": {
                "login": "mitsuhiko",
                "id": 7396,
                "node_id": "MDQ6VXNlcjczOTY=",
                "avatar_url": "https://avatars1.githubusercontent.com/u/7396?v=4",
                "gravatar_id": "",
                "url": "https://api.github.com/users/mitsuhiko",
                "html_url": "https://github.com/mitsuhiko",
                "followers_url": "https://api.github.com/users/mitsuhiko/followers",
                "following_url": "https://api.github.com/users/mitsuhiko/following{/other_user}",
                "gists_url": "https://api.github.com/users/mitsuhiko/gists{/gist_id}",
                "starred_url": "https://api.github.com/users/mitsuhiko/starred{/owner}{/repo}",
                "subscriptions_url": "https://api.github.com/users/mitsuhiko/subscriptions",
                "organizations_url": "https://api.github.com/users/mitsuhiko/orgs",
                "repos_url": "https://api.github.com/users/mitsuhiko/repos",
                "events_url": "https://api.github.com/users/mitsuhiko/events{/privacy}",
                "received_events_url": "https://api.github.com/users/mitsuhiko/received_events",
                "type": "User",
                "site_admin": false
            },
            "created_at": "2010-05-25T06:18:04Z",
            "updated_at": "2010-05-25T06:18:04Z",
            "author_association": "MEMBER",
            "body": "Fixed docstring.  This closed by 6c095deda51efb34cd18bd23411ebd6f2a0cdfe0\n"
        }
    ]
}