{
    "url": "https://api.github.com/repos/pallets/flask/issues/606",
    "repository_url": "https://api.github.com/repos/pallets/flask",
    "labels_url": "https://api.github.com/repos/pallets/flask/issues/606/labels{/name}",
    "comments_url": "https://api.github.com/repos/pallets/flask/issues/606/comments",
    "events_url": "https://api.github.com/repos/pallets/flask/issues/606/events",
    "html_url": "https://github.com/pallets/flask/issues/606",
    "id": 7347452,
    "node_id": "MDU6SXNzdWU3MzQ3NDUy",
    "number": 606,
    "title": "LazyView, why not include it in Flask?",
    "user": {
        "login": "chilons",
        "id": 1481666,
        "node_id": "MDQ6VXNlcjE0ODE2NjY=",
        "avatar_url": "https://avatars0.githubusercontent.com/u/1481666?v=4",
        "gravatar_id": "",
        "url": "https://api.github.com/users/chilons",
        "html_url": "https://github.com/chilons",
        "followers_url": "https://api.github.com/users/chilons/followers",
        "following_url": "https://api.github.com/users/chilons/following{/other_user}",
        "gists_url": "https://api.github.com/users/chilons/gists{/gist_id}",
        "starred_url": "https://api.github.com/users/chilons/starred{/owner}{/repo}",
        "subscriptions_url": "https://api.github.com/users/chilons/subscriptions",
        "organizations_url": "https://api.github.com/users/chilons/orgs",
        "repos_url": "https://api.github.com/users/chilons/repos",
        "events_url": "https://api.github.com/users/chilons/events{/privacy}",
        "received_events_url": "https://api.github.com/users/chilons/received_events",
        "type": "User",
        "site_admin": false
    },
    "labels": [],
    "state": "closed",
    "locked": false,
    "assignee": null,
    "assignees": [],
    "milestone": null,
    "comments": 2,
    "created_at": "2012-10-04T10:58:47Z",
    "updated_at": "2012-10-06T09:51:05Z",
    "closed_at": "2012-10-06T09:51:05Z",
    "author_association": "NONE",
    "body": "I'm just curious why the LazyView class - as described in the [Lazily loading views](http://flask.pocoo.org/docs/patterns/lazyloading/) article on Flask docs - isn't get included in the Flask source code for convenience?\nI see no application-specific thing in it.\n",
    "comments_inline": [
        {
            "url": "https://api.github.com/repos/pallets/flask/issues/comments/9139606",
            "html_url": "https://github.com/pallets/flask/issues/606#issuecomment-9139606",
            "issue_url": "https://api.github.com/repos/pallets/flask/issues/606",
            "id": 9139606,
            "node_id": "MDEyOklzc3VlQ29tbWVudDkxMzk2MDY=",
            "user": {
                "login": "techniq",
                "id": 177476,
                "node_id": "MDQ6VXNlcjE3NzQ3Ng==",
                "avatar_url": "https://avatars2.githubusercontent.com/u/177476?v=4",
                "gravatar_id": "",
                "url": "https://api.github.com/users/techniq",
                "html_url": "https://github.com/techniq",
                "followers_url": "https://api.github.com/users/techniq/followers",
                "following_url": "https://api.github.com/users/techniq/following{/other_user}",
                "gists_url": "https://api.github.com/users/techniq/gists{/gist_id}",
                "starred_url": "https://api.github.com/users/techniq/starred{/owner}{/repo}",
                "subscriptions_url": "https://api.github.com/users/techniq/subscriptions",
                "organizations_url": "https://api.github.com/users/techniq/orgs",
                "repos_url": "https://api.github.com/users/techniq/repos",
                "events_url": "https://api.github.com/users/techniq/events{/privacy}",
                "received_events_url": "https://api.github.com/users/techniq/received_events",
                "type": "User",
                "site_admin": false
            },
            "created_at": "2012-10-04T12:31:51Z",
            "updated_at": "2012-10-04T12:31:51Z",
            "author_association": "NONE",
            "body": "fwiw, it's available as an extension - https://github.com/playpauseandstop/Flask-LazyViews\n"
        },
        {
            "url": "https://api.github.com/repos/pallets/flask/issues/comments/9196855",
            "html_url": "https://github.com/pallets/flask/issues/606#issuecomment-9196855",
            "issue_url": "https://api.github.com/repos/pallets/flask/issues/606",
            "id": 9196855,
            "node_id": "MDEyOklzc3VlQ29tbWVudDkxOTY4NTU=",
            "user": {
                "login": "chilons",
                "id": 1481666,
                "node_id": "MDQ6VXNlcjE0ODE2NjY=",
                "avatar_url": "https://avatars0.githubusercontent.com/u/1481666?v=4",
                "gravatar_id": "",
                "url": "https://api.github.com/users/chilons",
                "html_url": "https://github.com/chilons",
                "followers_url": "https://api.github.com/users/chilons/followers",
                "following_url": "https://api.github.com/users/chilons/following{/other_user}",
                "gists_url": "https://api.github.com/users/chilons/gists{/gist_id}",
                "starred_url": "https://api.github.com/users/chilons/starred{/owner}{/repo}",
                "subscriptions_url": "https://api.github.com/users/chilons/subscriptions",
                "organizations_url": "https://api.github.com/users/chilons/orgs",
                "repos_url": "https://api.github.com/users/chilons/repos",
                "events_url": "https://api.github.com/users/chilons/events{/privacy}",
                "received_events_url": "https://api.github.com/users/chilons/received_events",
                "type": "User",
                "site_admin": false
            },
            "created_at": "2012-10-06T09:51:05Z",
            "updated_at": "2012-10-06T09:51:05Z",
            "author_association": "NONE",
            "body": "Thank you @techniq. It's ok now.\n"
        }
    ]
}