{
    "url": "https://api.github.com/repos/pallets/flask/issues/607",
    "repository_url": "https://api.github.com/repos/pallets/flask",
    "labels_url": "https://api.github.com/repos/pallets/flask/issues/607/labels{/name}",
    "comments_url": "https://api.github.com/repos/pallets/flask/issues/607/comments",
    "events_url": "https://api.github.com/repos/pallets/flask/issues/607/events",
    "html_url": "https://github.com/pallets/flask/pull/607",
    "id": 7370281,
    "node_id": "MDExOlB1bGxSZXF1ZXN0MjU1MjY0NA==",
    "number": 607,
    "title": "Update docs/quickstart.rst",
    "user": {
        "login": "jfinkels",
        "id": 121755,
        "node_id": "MDQ6VXNlcjEyMTc1NQ==",
        "avatar_url": "https://avatars0.githubusercontent.com/u/121755?v=4",
        "gravatar_id": "",
        "url": "https://api.github.com/users/jfinkels",
        "html_url": "https://github.com/jfinkels",
        "followers_url": "https://api.github.com/users/jfinkels/followers",
        "following_url": "https://api.github.com/users/jfinkels/following{/other_user}",
        "gists_url": "https://api.github.com/users/jfinkels/gists{/gist_id}",
        "starred_url": "https://api.github.com/users/jfinkels/starred{/owner}{/repo}",
        "subscriptions_url": "https://api.github.com/users/jfinkels/subscriptions",
        "organizations_url": "https://api.github.com/users/jfinkels/orgs",
        "repos_url": "https://api.github.com/users/jfinkels/repos",
        "events_url": "https://api.github.com/users/jfinkels/events{/privacy}",
        "received_events_url": "https://api.github.com/users/jfinkels/received_events",
        "type": "User",
        "site_admin": false
    },
    "labels": [],
    "state": "closed",
    "locked": false,
    "assignee": null,
    "assignees": [],
    "milestone": null,
    "comments": 0,
    "created_at": "2012-10-05T05:53:32Z",
    "updated_at": "2014-06-14T17:03:20Z",
    "closed_at": "2012-10-07T10:49:37Z",
    "author_association": "CONTRIBUTOR",
    "pull_request": {
        "url": "https://api.github.com/repos/pallets/flask/pulls/607",
        "html_url": "https://github.com/pallets/flask/pull/607",
        "diff_url": "https://github.com/pallets/flask/pull/607.diff",
        "patch_url": "https://github.com/pallets/flask/pull/607.patch"
    },
    "body": "Removed incorrect syntax and simplified remaining sentence.\n"
}