{
    "url": "https://api.github.com/repos/pallets/flask/issues/609",
    "repository_url": "https://api.github.com/repos/pallets/flask",
    "labels_url": "https://api.github.com/repos/pallets/flask/issues/609/labels{/name}",
    "comments_url": "https://api.github.com/repos/pallets/flask/issues/609/comments",
    "events_url": "https://api.github.com/repos/pallets/flask/issues/609/events",
    "html_url": "https://github.com/pallets/flask/pull/609",
    "id": 7526783,
    "node_id": "MDExOlB1bGxSZXF1ZXN0MjYyMjIxMA==",
    "number": 609,
    "title": "docs/deploying/wsgi-standalone: Add Twisted Web.",
    "user": {
        "login": "MostAwesomeDude",
        "id": 118035,
        "node_id": "MDQ6VXNlcjExODAzNQ==",
        "avatar_url": "https://avatars1.githubusercontent.com/u/118035?v=4",
        "gravatar_id": "",
        "url": "https://api.github.com/users/MostAwesomeDude",
        "html_url": "https://github.com/MostAwesomeDude",
        "followers_url": "https://api.github.com/users/MostAwesomeDude/followers",
        "following_url": "https://api.github.com/users/MostAwesomeDude/following{/other_user}",
        "gists_url": "https://api.github.com/users/MostAwesomeDude/gists{/gist_id}",
        "starred_url": "https://api.github.com/users/MostAwesomeDude/starred{/owner}{/repo}",
        "subscriptions_url": "https://api.github.com/users/MostAwesomeDude/subscriptions",
        "organizations_url": "https://api.github.com/users/MostAwesomeDude/orgs",
        "repos_url": "https://api.github.com/users/MostAwesomeDude/repos",
        "events_url": "https://api.github.com/users/MostAwesomeDude/events{/privacy}",
        "received_events_url": "https://api.github.com/users/MostAwesomeDude/received_events",
        "type": "User",
        "site_admin": false
    },
    "labels": [],
    "state": "closed",
    "locked": false,
    "assignee": null,
    "assignees": [],
    "milestone": null,
    "comments": 1,
    "created_at": "2012-10-11T21:06:34Z",
    "updated_at": "2014-06-14T17:03:16Z",
    "closed_at": "2012-11-16T02:37:36Z",
    "author_association": "CONTRIBUTOR",
    "pull_request": {
        "url": "https://api.github.com/repos/pallets/flask/pulls/609",
        "html_url": "https://github.com/pallets/flask/pull/609",
        "diff_url": "https://github.com/pallets/flask/pull/609.diff",
        "patch_url": "https://github.com/pallets/flask/pull/609.patch"
    },
    "body": "I've been meaning to do this for quite some time, but I never got around to\nit. Hopefully this is neutral and useful enough to be included in the main\ndocs.\n",
    "comments_inline": [
        {
            "url": "https://api.github.com/repos/pallets/flask/issues/comments/10434693",
            "html_url": "https://github.com/pallets/flask/pull/609#issuecomment-10434693",
            "issue_url": "https://api.github.com/repos/pallets/flask/issues/609",
            "id": 10434693,
            "node_id": "MDEyOklzc3VlQ29tbWVudDEwNDM0Njkz",
            "user": {
                "login": "kennethreitz",
                "id": 119893,
                "node_id": "MDQ6VXNlcjExOTg5Mw==",
                "avatar_url": "https://avatars2.githubusercontent.com/u/119893?v=4",
                "gravatar_id": "",
                "url": "https://api.github.com/users/kennethreitz",
                "html_url": "https://github.com/kennethreitz",
                "followers_url": "https://api.github.com/users/kennethreitz/followers",
                "following_url": "https://api.github.com/users/kennethreitz/following{/other_user}",
                "gists_url": "https://api.github.com/users/kennethreitz/gists{/gist_id}",
                "starred_url": "https://api.github.com/users/kennethreitz/starred{/owner}{/repo}",
                "subscriptions_url": "https://api.github.com/users/kennethreitz/subscriptions",
                "organizations_url": "https://api.github.com/users/kennethreitz/orgs",
                "repos_url": "https://api.github.com/users/kennethreitz/repos",
                "events_url": "https://api.github.com/users/kennethreitz/events{/privacy}",
                "received_events_url": "https://api.github.com/users/kennethreitz/received_events",
                "type": "User",
                "site_admin": false
            },
            "created_at": "2012-11-16T02:37:33Z",
            "updated_at": "2012-11-16T02:37:33Z",
            "author_association": "CONTRIBUTOR",
            "body": "Looks good, thanks!\n"
        }
    ]
}