{
    "url": "https://api.github.com/repos/pallets/flask/issues/61",
    "repository_url": "https://api.github.com/repos/pallets/flask",
    "labels_url": "https://api.github.com/repos/pallets/flask/issues/61/labels{/name}",
    "comments_url": "https://api.github.com/repos/pallets/flask/issues/61/comments",
    "events_url": "https://api.github.com/repos/pallets/flask/issues/61/events",
    "html_url": "https://github.com/pallets/flask/issues/61",
    "id": 212593,
    "node_id": "MDU6SXNzdWUyMTI1OTM=",
    "number": 61,
    "title": "test_request_context doesn't act like the documentation says",
    "user": {
        "login": "sethtrain",
        "id": 1021,
        "node_id": "MDQ6VXNlcjEwMjE=",
        "avatar_url": "https://avatars0.githubusercontent.com/u/1021?v=4",
        "gravatar_id": "",
        "url": "https://api.github.com/users/sethtrain",
        "html_url": "https://github.com/sethtrain",
        "followers_url": "https://api.github.com/users/sethtrain/followers",
        "following_url": "https://api.github.com/users/sethtrain/following{/other_user}",
        "gists_url": "https://api.github.com/users/sethtrain/gists{/gist_id}",
        "starred_url": "https://api.github.com/users/sethtrain/starred{/owner}{/repo}",
        "subscriptions_url": "https://api.github.com/users/sethtrain/subscriptions",
        "organizations_url": "https://api.github.com/users/sethtrain/orgs",
        "repos_url": "https://api.github.com/users/sethtrain/repos",
        "events_url": "https://api.github.com/users/sethtrain/events{/privacy}",
        "received_events_url": "https://api.github.com/users/sethtrain/received_events",
        "type": "User",
        "site_admin": false
    },
    "labels": [],
    "state": "closed",
    "locked": false,
    "assignee": null,
    "assignees": [],
    "milestone": null,
    "comments": 1,
    "created_at": "2010-06-02T15:37:30Z",
    "updated_at": "2010-06-03T13:01:53Z",
    "closed_at": "2010-06-03T13:01:53Z",
    "author_association": "NONE",
    "body": "Sorry, closed on accident.\n\nTo get this to work I had to do other things, you can see from my gist: http://gist.github.com/422460\n\nIt would be nice if this was done automatically so I could just use test_request_context the way the documentation states.\n",
    "comments_inline": [
        {
            "url": "https://api.github.com/repos/pallets/flask/issues/comments/262723",
            "html_url": "https://github.com/pallets/flask/issues/61#issuecomment-262723",
            "issue_url": "https://api.github.com/repos/pallets/flask/issues/61",
            "id": 262723,
            "node_id": "MDEyOklzc3VlQ29tbWVudDI2MjcyMw==",
            "user": {
                "login": "mitsuhiko",
                "id": 7396,
                "node_id": "MDQ6VXNlcjczOTY=",
                "avatar_url": "https://avatars1.githubusercontent.com/u/7396?v=4",
                "gravatar_id": "",
                "url": "https://api.github.com/users/mitsuhiko",
                "html_url": "https://github.com/mitsuhiko",
                "followers_url": "https://api.github.com/users/mitsuhiko/followers",
                "following_url": "https://api.github.com/users/mitsuhiko/following{/other_user}",
                "gists_url": "https://api.github.com/users/mitsuhiko/gists{/gist_id}",
                "starred_url": "https://api.github.com/users/mitsuhiko/starred{/owner}{/repo}",
                "subscriptions_url": "https://api.github.com/users/mitsuhiko/subscriptions",
                "organizations_url": "https://api.github.com/users/mitsuhiko/orgs",
                "repos_url": "https://api.github.com/users/mitsuhiko/repos",
                "events_url": "https://api.github.com/users/mitsuhiko/events{/privacy}",
                "received_events_url": "https://api.github.com/users/mitsuhiko/received_events",
                "type": "User",
                "site_admin": false
            },
            "created_at": "2010-06-03T13:01:52Z",
            "updated_at": "2010-06-03T13:01:52Z",
            "author_association": "MEMBER",
            "body": "Duplicate of #60.\n"
        }
    ]
}