{
    "url": "https://api.github.com/repos/pallets/flask/issues/610",
    "repository_url": "https://api.github.com/repos/pallets/flask",
    "labels_url": "https://api.github.com/repos/pallets/flask/issues/610/labels{/name}",
    "comments_url": "https://api.github.com/repos/pallets/flask/issues/610/comments",
    "events_url": "https://api.github.com/repos/pallets/flask/issues/610/events",
    "html_url": "https://github.com/pallets/flask/issues/610",
    "id": 7614596,
    "node_id": "MDU6SXNzdWU3NjE0NTk2",
    "number": 610,
    "title": "[BUG]TypeError: 'JsonObject' object is not callable",
    "user": {
        "login": "xiocode",
        "id": 1326473,
        "node_id": "MDQ6VXNlcjEzMjY0NzM=",
        "avatar_url": "https://avatars2.githubusercontent.com/u/1326473?v=4",
        "gravatar_id": "",
        "url": "https://api.github.com/users/xiocode",
        "html_url": "https://github.com/xiocode",
        "followers_url": "https://api.github.com/users/xiocode/followers",
        "following_url": "https://api.github.com/users/xiocode/following{/other_user}",
        "gists_url": "https://api.github.com/users/xiocode/gists{/gist_id}",
        "starred_url": "https://api.github.com/users/xiocode/starred{/owner}{/repo}",
        "subscriptions_url": "https://api.github.com/users/xiocode/subscriptions",
        "organizations_url": "https://api.github.com/users/xiocode/orgs",
        "repos_url": "https://api.github.com/users/xiocode/repos",
        "events_url": "https://api.github.com/users/xiocode/events{/privacy}",
        "received_events_url": "https://api.github.com/users/xiocode/received_events",
        "type": "User",
        "site_admin": false
    },
    "labels": [],
    "state": "closed",
    "locked": false,
    "assignee": null,
    "assignees": [],
    "milestone": null,
    "comments": 0,
    "created_at": "2012-10-16T05:32:21Z",
    "updated_at": "2012-10-16T07:33:31Z",
    "closed_at": "2012-10-16T07:33:31Z",
    "author_association": "NONE",
    "body": "app.py\nline num:1447\nif isinstance(rv, basestring):\n                rv = self.response_class(rv, headers=headers, status=status)\n                headers = status = None\n            else:\n                rv = self.response_class.force_type(rv, request.environ)\n\nif rv was JsonObject,application rise a exception\n 'JsonObject' object is not callable\nflask version:0.9\n"
}