{
    "url": "https://api.github.com/repos/pallets/flask/issues/611",
    "repository_url": "https://api.github.com/repos/pallets/flask",
    "labels_url": "https://api.github.com/repos/pallets/flask/issues/611/labels{/name}",
    "comments_url": "https://api.github.com/repos/pallets/flask/issues/611/comments",
    "events_url": "https://api.github.com/repos/pallets/flask/issues/611/events",
    "html_url": "https://github.com/pallets/flask/issues/611",
    "id": 7631517,
    "node_id": "MDU6SXNzdWU3NjMxNTE3",
    "number": 611,
    "title": "Minor typo in Tutorial, but possibly confusing",
    "user": {
        "login": "riturajD",
        "id": 1466109,
        "node_id": "MDQ6VXNlcjE0NjYxMDk=",
        "avatar_url": "https://avatars1.githubusercontent.com/u/1466109?v=4",
        "gravatar_id": "",
        "url": "https://api.github.com/users/riturajD",
        "html_url": "https://github.com/riturajD",
        "followers_url": "https://api.github.com/users/riturajD/followers",
        "following_url": "https://api.github.com/users/riturajD/following{/other_user}",
        "gists_url": "https://api.github.com/users/riturajD/gists{/gist_id}",
        "starred_url": "https://api.github.com/users/riturajD/starred{/owner}{/repo}",
        "subscriptions_url": "https://api.github.com/users/riturajD/subscriptions",
        "organizations_url": "https://api.github.com/users/riturajD/orgs",
        "repos_url": "https://api.github.com/users/riturajD/repos",
        "events_url": "https://api.github.com/users/riturajD/events{/privacy}",
        "received_events_url": "https://api.github.com/users/riturajD/received_events",
        "type": "User",
        "site_admin": false
    },
    "labels": [],
    "state": "closed",
    "locked": false,
    "assignee": null,
    "assignees": [],
    "milestone": null,
    "comments": 0,
    "created_at": "2012-10-16T16:46:45Z",
    "updated_at": "2012-10-17T23:37:17Z",
    "closed_at": "2012-10-17T23:37:17Z",
    "author_association": "NONE",
    "body": "There is a minor typo in the Tutorial at this page: [dbinit](http://flask.pocoo.org/docs/tutorial/dbinit/#tutorial-dbinit).\nThe line in question:  \n\n> Just add that function below the connect_db function in flask.py:\n\nOf course the filename should be _flaskr.py_ and not _flask.py_.\n"
}