{
    "url": "https://api.github.com/repos/pallets/flask/issues/613",
    "repository_url": "https://api.github.com/repos/pallets/flask",
    "labels_url": "https://api.github.com/repos/pallets/flask/issues/613/labels{/name}",
    "comments_url": "https://api.github.com/repos/pallets/flask/issues/613/comments",
    "events_url": "https://api.github.com/repos/pallets/flask/issues/613/events",
    "html_url": "https://github.com/pallets/flask/pull/613",
    "id": 7637107,
    "node_id": "MDExOlB1bGxSZXF1ZXN0MjY2OTg3Mg==",
    "number": 613,
    "title": "Fix #611",
    "user": {
        "login": "untitaker",
        "id": 837573,
        "node_id": "MDQ6VXNlcjgzNzU3Mw==",
        "avatar_url": "https://avatars0.githubusercontent.com/u/837573?v=4",
        "gravatar_id": "",
        "url": "https://api.github.com/users/untitaker",
        "html_url": "https://github.com/untitaker",
        "followers_url": "https://api.github.com/users/untitaker/followers",
        "following_url": "https://api.github.com/users/untitaker/following{/other_user}",
        "gists_url": "https://api.github.com/users/untitaker/gists{/gist_id}",
        "starred_url": "https://api.github.com/users/untitaker/starred{/owner}{/repo}",
        "subscriptions_url": "https://api.github.com/users/untitaker/subscriptions",
        "organizations_url": "https://api.github.com/users/untitaker/orgs",
        "repos_url": "https://api.github.com/users/untitaker/repos",
        "events_url": "https://api.github.com/users/untitaker/events{/privacy}",
        "received_events_url": "https://api.github.com/users/untitaker/received_events",
        "type": "User",
        "site_admin": false
    },
    "labels": [],
    "state": "closed",
    "locked": false,
    "assignee": null,
    "assignees": [],
    "milestone": null,
    "comments": 2,
    "created_at": "2012-10-16T19:58:23Z",
    "updated_at": "2014-06-14T17:03:04Z",
    "closed_at": "2012-10-17T23:37:16Z",
    "author_association": "MEMBER",
    "pull_request": {
        "url": "https://api.github.com/repos/pallets/flask/pulls/613",
        "html_url": "https://github.com/pallets/flask/pull/613",
        "diff_url": "https://github.com/pallets/flask/pull/613.diff",
        "patch_url": "https://github.com/pallets/flask/pull/613.patch"
    },
    "body": "Minor but confusing typo in tutorial.\n",
    "comments_inline": [
        {
            "url": "https://api.github.com/repos/pallets/flask/issues/comments/9504928",
            "html_url": "https://github.com/pallets/flask/pull/613#issuecomment-9504928",
            "issue_url": "https://api.github.com/repos/pallets/flask/issues/613",
            "id": 9504928,
            "node_id": "MDEyOklzc3VlQ29tbWVudDk1MDQ5Mjg=",
            "user": {
                "login": "untitaker",
                "id": 837573,
                "node_id": "MDQ6VXNlcjgzNzU3Mw==",
                "avatar_url": "https://avatars0.githubusercontent.com/u/837573?v=4",
                "gravatar_id": "",
                "url": "https://api.github.com/users/untitaker",
                "html_url": "https://github.com/untitaker",
                "followers_url": "https://api.github.com/users/untitaker/followers",
                "following_url": "https://api.github.com/users/untitaker/following{/other_user}",
                "gists_url": "https://api.github.com/users/untitaker/gists{/gist_id}",
                "starred_url": "https://api.github.com/users/untitaker/starred{/owner}{/repo}",
                "subscriptions_url": "https://api.github.com/users/untitaker/subscriptions",
                "organizations_url": "https://api.github.com/users/untitaker/orgs",
                "repos_url": "https://api.github.com/users/untitaker/repos",
                "events_url": "https://api.github.com/users/untitaker/events{/privacy}",
                "received_events_url": "https://api.github.com/users/untitaker/received_events",
                "type": "User",
                "site_admin": false
            },
            "created_at": "2012-10-16T20:16:07Z",
            "updated_at": "2012-10-16T20:16:07Z",
            "author_association": "MEMBER",
            "body": "The failing build is surely not because of this pull.\n"
        },
        {
            "url": "https://api.github.com/repos/pallets/flask/issues/comments/9507053",
            "html_url": "https://github.com/pallets/flask/pull/613#issuecomment-9507053",
            "issue_url": "https://api.github.com/repos/pallets/flask/issues/613",
            "id": 9507053,
            "node_id": "MDEyOklzc3VlQ29tbWVudDk1MDcwNTM=",
            "user": {
                "login": "mizhi",
                "id": 901983,
                "node_id": "MDQ6VXNlcjkwMTk4Mw==",
                "avatar_url": "https://avatars1.githubusercontent.com/u/901983?v=4",
                "gravatar_id": "",
                "url": "https://api.github.com/users/mizhi",
                "html_url": "https://github.com/mizhi",
                "followers_url": "https://api.github.com/users/mizhi/followers",
                "following_url": "https://api.github.com/users/mizhi/following{/other_user}",
                "gists_url": "https://api.github.com/users/mizhi/gists{/gist_id}",
                "starred_url": "https://api.github.com/users/mizhi/starred{/owner}{/repo}",
                "subscriptions_url": "https://api.github.com/users/mizhi/subscriptions",
                "organizations_url": "https://api.github.com/users/mizhi/orgs",
                "repos_url": "https://api.github.com/users/mizhi/repos",
                "events_url": "https://api.github.com/users/mizhi/events{/privacy}",
                "received_events_url": "https://api.github.com/users/mizhi/received_events",
                "type": "User",
                "site_admin": false
            },
            "created_at": "2012-10-16T21:12:29Z",
            "updated_at": "2012-10-16T21:12:29Z",
            "author_association": "NONE",
            "body": "It's from a testsuite using the with statement without \n\n```\nfrom __future__ import with_statement\n```\n\nIt causes the continuous integration build to fail because it's using python 2.5 to run the code.\n"
        }
    ]
}