{
    "url": "https://api.github.com/repos/pallets/flask/issues/614",
    "repository_url": "https://api.github.com/repos/pallets/flask",
    "labels_url": "https://api.github.com/repos/pallets/flask/issues/614/labels{/name}",
    "comments_url": "https://api.github.com/repos/pallets/flask/issues/614/comments",
    "events_url": "https://api.github.com/repos/pallets/flask/issues/614/events",
    "html_url": "https://github.com/pallets/flask/pull/614",
    "id": 7639027,
    "node_id": "MDExOlB1bGxSZXF1ZXN0MjY3MDkyNg==",
    "number": 614,
    "title": "Minor fix to views.py testsuite.",
    "user": {
        "login": "mizhi",
        "id": 901983,
        "node_id": "MDQ6VXNlcjkwMTk4Mw==",
        "avatar_url": "https://avatars1.githubusercontent.com/u/901983?v=4",
        "gravatar_id": "",
        "url": "https://api.github.com/users/mizhi",
        "html_url": "https://github.com/mizhi",
        "followers_url": "https://api.github.com/users/mizhi/followers",
        "following_url": "https://api.github.com/users/mizhi/following{/other_user}",
        "gists_url": "https://api.github.com/users/mizhi/gists{/gist_id}",
        "starred_url": "https://api.github.com/users/mizhi/starred{/owner}{/repo}",
        "subscriptions_url": "https://api.github.com/users/mizhi/subscriptions",
        "organizations_url": "https://api.github.com/users/mizhi/orgs",
        "repos_url": "https://api.github.com/users/mizhi/repos",
        "events_url": "https://api.github.com/users/mizhi/events{/privacy}",
        "received_events_url": "https://api.github.com/users/mizhi/received_events",
        "type": "User",
        "site_admin": false
    },
    "labels": [],
    "state": "closed",
    "locked": false,
    "assignee": null,
    "assignees": [],
    "milestone": null,
    "comments": 2,
    "created_at": "2012-10-16T21:02:34Z",
    "updated_at": "2014-06-14T17:03:02Z",
    "closed_at": "2012-10-17T23:36:48Z",
    "author_association": "NONE",
    "pull_request": {
        "url": "https://api.github.com/repos/pallets/flask/pulls/614",
        "html_url": "https://github.com/pallets/flask/pull/614",
        "diff_url": "https://github.com/pallets/flask/pull/614.diff",
        "patch_url": "https://github.com/pallets/flask/pull/614.patch"
    },
    "body": "The builder/ci server for github is using python 2.5, the views.py testsuite uses the with\n\nstatement, and thus flask/testsuite/views.py requires\n\nfrom **future** import with_statement\n\nat the beginning.\n",
    "comments_inline": [
        {
            "url": "https://api.github.com/repos/pallets/flask/issues/comments/9532900",
            "html_url": "https://github.com/pallets/flask/pull/614#issuecomment-9532900",
            "issue_url": "https://api.github.com/repos/pallets/flask/issues/614",
            "id": 9532900,
            "node_id": "MDEyOklzc3VlQ29tbWVudDk1MzI5MDA=",
            "user": {
                "login": "mizhi",
                "id": 901983,
                "node_id": "MDQ6VXNlcjkwMTk4Mw==",
                "avatar_url": "https://avatars1.githubusercontent.com/u/901983?v=4",
                "gravatar_id": "",
                "url": "https://api.github.com/users/mizhi",
                "html_url": "https://github.com/mizhi",
                "followers_url": "https://api.github.com/users/mizhi/followers",
                "following_url": "https://api.github.com/users/mizhi/following{/other_user}",
                "gists_url": "https://api.github.com/users/mizhi/gists{/gist_id}",
                "starred_url": "https://api.github.com/users/mizhi/starred{/owner}{/repo}",
                "subscriptions_url": "https://api.github.com/users/mizhi/subscriptions",
                "organizations_url": "https://api.github.com/users/mizhi/orgs",
                "repos_url": "https://api.github.com/users/mizhi/repos",
                "events_url": "https://api.github.com/users/mizhi/events{/privacy}",
                "received_events_url": "https://api.github.com/users/mizhi/received_events",
                "type": "User",
                "site_admin": false
            },
            "created_at": "2012-10-17T16:02:21Z",
            "updated_at": "2012-10-17T16:02:21Z",
            "author_association": "NONE",
            "body": "Added a commit to remove a duplicated method call.\n"
        },
        {
            "url": "https://api.github.com/repos/pallets/flask/issues/comments/9548145",
            "html_url": "https://github.com/pallets/flask/pull/614#issuecomment-9548145",
            "issue_url": "https://api.github.com/repos/pallets/flask/issues/614",
            "id": 9548145,
            "node_id": "MDEyOklzc3VlQ29tbWVudDk1NDgxNDU=",
            "user": {
                "login": "mitsuhiko",
                "id": 7396,
                "node_id": "MDQ6VXNlcjczOTY=",
                "avatar_url": "https://avatars1.githubusercontent.com/u/7396?v=4",
                "gravatar_id": "",
                "url": "https://api.github.com/users/mitsuhiko",
                "html_url": "https://github.com/mitsuhiko",
                "followers_url": "https://api.github.com/users/mitsuhiko/followers",
                "following_url": "https://api.github.com/users/mitsuhiko/following{/other_user}",
                "gists_url": "https://api.github.com/users/mitsuhiko/gists{/gist_id}",
                "starred_url": "https://api.github.com/users/mitsuhiko/starred{/owner}{/repo}",
                "subscriptions_url": "https://api.github.com/users/mitsuhiko/subscriptions",
                "organizations_url": "https://api.github.com/users/mitsuhiko/orgs",
                "repos_url": "https://api.github.com/users/mitsuhiko/repos",
                "events_url": "https://api.github.com/users/mitsuhiko/events{/privacy}",
                "received_events_url": "https://api.github.com/users/mitsuhiko/received_events",
                "type": "User",
                "site_admin": false
            },
            "created_at": "2012-10-17T23:36:45Z",
            "updated_at": "2012-10-17T23:36:45Z",
            "author_association": "MEMBER",
            "body": "Looks good.\n"
        }
    ]
}