{
    "url": "https://api.github.com/repos/pallets/flask/issues/615",
    "repository_url": "https://api.github.com/repos/pallets/flask",
    "labels_url": "https://api.github.com/repos/pallets/flask/issues/615/labels{/name}",
    "comments_url": "https://api.github.com/repos/pallets/flask/issues/615/comments",
    "events_url": "https://api.github.com/repos/pallets/flask/issues/615/events",
    "html_url": "https://github.com/pallets/flask/issues/615",
    "id": 7712552,
    "node_id": "MDU6SXNzdWU3NzEyNTUy",
    "number": 615,
    "title": "UnicodeDecodeError when passing session to simplejson dumps",
    "user": {
        "login": "alanhamlett",
        "id": 522344,
        "node_id": "MDQ6VXNlcjUyMjM0NA==",
        "avatar_url": "https://avatars3.githubusercontent.com/u/522344?v=4",
        "gravatar_id": "",
        "url": "https://api.github.com/users/alanhamlett",
        "html_url": "https://github.com/alanhamlett",
        "followers_url": "https://api.github.com/users/alanhamlett/followers",
        "following_url": "https://api.github.com/users/alanhamlett/following{/other_user}",
        "gists_url": "https://api.github.com/users/alanhamlett/gists{/gist_id}",
        "starred_url": "https://api.github.com/users/alanhamlett/starred{/owner}{/repo}",
        "subscriptions_url": "https://api.github.com/users/alanhamlett/subscriptions",
        "organizations_url": "https://api.github.com/users/alanhamlett/orgs",
        "repos_url": "https://api.github.com/users/alanhamlett/repos",
        "events_url": "https://api.github.com/users/alanhamlett/events{/privacy}",
        "received_events_url": "https://api.github.com/users/alanhamlett/received_events",
        "type": "User",
        "site_admin": false
    },
    "labels": [],
    "state": "closed",
    "locked": false,
    "assignee": null,
    "assignees": [],
    "milestone": null,
    "comments": 4,
    "created_at": "2012-10-19T11:09:26Z",
    "updated_at": "2012-10-19T23:39:34Z",
    "closed_at": "2012-10-19T23:39:34Z",
    "author_association": "CONTRIBUTOR",
    "body": "Looks like Flask is sending simplejson bad arguments? Added a debug statement right before the call to dumps crashes:\n\n```\nDEBUG in json [/usr/local/lib/python2.7/dist-packages/flask/json.py:96]:\n{'csrftoken': 'd3e5fb185f52567dce2c41ef4ca59959cd2a6a12', '_id': '\\x12A\\x07^D2>\\xa0ct\\xaa\\r\\xf6\\xf7\\xa5\"'}\n--------------------------------------------------------------------------------\nTraceback (most recent call last):\n  File \"/usr/local/lib/python2.7/dist-packages/flask/app.py\", line 1758, in __call__\n    return self.wsgi_app(environ, start_response)\n  File \"/usr/local/lib/python2.7/dist-packages/flask/app.py\", line 1746, in wsgi_app\n    response = self.make_response(self.handle_exception(e))\n  File \"/usr/local/lib/python2.7/dist-packages/flask/app.py\", line 1744, in wsgi_app\n    response = self.full_dispatch_request()\n  File \"/usr/local/lib/python2.7/dist-packages/flask/app.py\", line 1419, in full_dispatch_request\n    response = self.process_response(response)\n  File \"/usr/local/lib/python2.7/dist-packages/flask/app.py\", line 1623, in process_response\n    self.save_session(ctx.session, response)\n  File \"/usr/local/lib/python2.7/dist-packages/flask/app.py\", line 818, in save_session\n    return self.session_interface.save_session(self, session, response)\n  File \"/usr/local/lib/python2.7/dist-packages/flask/sessions.py\", line 291, in save_session\n    val = self.get_signing_serializer(app).dumps(dict(session))\n  File \"/usr/local/lib/python2.7/dist-packages/itsdangerous.py\", line 424, in dumps\n    return self.make_signer(salt).sign(self.dump_payload(obj))\n  File \"/usr/local/lib/python2.7/dist-packages/itsdangerous.py\", line 519, in dump_payload\n    json = super(URLSafeSerializerMixin, self).dump_payload(obj)\n  File \"/usr/local/lib/python2.7/dist-packages/itsdangerous.py\", line 407, in dump_payload\n    return self.serializer.dumps(obj)\n  File \"/usr/local/lib/python2.7/dist-packages/flask/sessions.py\", line 70, in dumps\n    return json.dumps(_tag(value), separators=(',', ':'))\n  File \"/usr/local/lib/python2.7/dist-packages/flask/json.py\", line 97, in dumps\n    return _json.dumps(obj, **kwargs)\n  File \"/usr/local/lib/python2.7/dist-packages/simplejson/__init__.py\", line 334, in dumps\n    **kw).encode(obj)\n  File \"/usr/local/lib/python2.7/dist-packages/simplejson/encoder.py\", line 237, in encode\n    chunks = self.iterencode(o, _one_shot=True)\n  File \"/usr/local/lib/python2.7/dist-packages/simplejson/encoder.py\", line 311, in iterencode\n    return _iterencode(o, 0)\nUnicodeDecodeError: 'utf8' codec can't decode byte 0xa0 in position 7: invalid start byte\n```\n",
    "comments_inline": [
        {
            "url": "https://api.github.com/repos/pallets/flask/issues/comments/9598520",
            "html_url": "https://github.com/pallets/flask/issues/615#issuecomment-9598520",
            "issue_url": "https://api.github.com/repos/pallets/flask/issues/615",
            "id": 9598520,
            "node_id": "MDEyOklzc3VlQ29tbWVudDk1OTg1MjA=",
            "user": {
                "login": "untitaker",
                "id": 837573,
                "node_id": "MDQ6VXNlcjgzNzU3Mw==",
                "avatar_url": "https://avatars0.githubusercontent.com/u/837573?v=4",
                "gravatar_id": "",
                "url": "https://api.github.com/users/untitaker",
                "html_url": "https://github.com/untitaker",
                "followers_url": "https://api.github.com/users/untitaker/followers",
                "following_url": "https://api.github.com/users/untitaker/following{/other_user}",
                "gists_url": "https://api.github.com/users/untitaker/gists{/gist_id}",
                "starred_url": "https://api.github.com/users/untitaker/starred{/owner}{/repo}",
                "subscriptions_url": "https://api.github.com/users/untitaker/subscriptions",
                "organizations_url": "https://api.github.com/users/untitaker/orgs",
                "repos_url": "https://api.github.com/users/untitaker/repos",
                "events_url": "https://api.github.com/users/untitaker/events{/privacy}",
                "received_events_url": "https://api.github.com/users/untitaker/received_events",
                "type": "User",
                "site_admin": false
            },
            "created_at": "2012-10-19T11:55:12Z",
            "updated_at": "2012-10-19T11:55:12Z",
            "author_association": "MEMBER",
            "body": "I think that's a bug of It's Dangerous.\n"
        },
        {
            "url": "https://api.github.com/repos/pallets/flask/issues/comments/9607172",
            "html_url": "https://github.com/pallets/flask/issues/615#issuecomment-9607172",
            "issue_url": "https://api.github.com/repos/pallets/flask/issues/615",
            "id": 9607172,
            "node_id": "MDEyOklzc3VlQ29tbWVudDk2MDcxNzI=",
            "user": {
                "login": "mizhi",
                "id": 901983,
                "node_id": "MDQ6VXNlcjkwMTk4Mw==",
                "avatar_url": "https://avatars1.githubusercontent.com/u/901983?v=4",
                "gravatar_id": "",
                "url": "https://api.github.com/users/mizhi",
                "html_url": "https://github.com/mizhi",
                "followers_url": "https://api.github.com/users/mizhi/followers",
                "following_url": "https://api.github.com/users/mizhi/following{/other_user}",
                "gists_url": "https://api.github.com/users/mizhi/gists{/gist_id}",
                "starred_url": "https://api.github.com/users/mizhi/starred{/owner}{/repo}",
                "subscriptions_url": "https://api.github.com/users/mizhi/subscriptions",
                "organizations_url": "https://api.github.com/users/mizhi/orgs",
                "repos_url": "https://api.github.com/users/mizhi/repos",
                "events_url": "https://api.github.com/users/mizhi/events{/privacy}",
                "received_events_url": "https://api.github.com/users/mizhi/received_events",
                "type": "User",
                "site_admin": false
            },
            "created_at": "2012-10-19T16:25:30Z",
            "updated_at": "2012-10-19T16:25:30Z",
            "author_association": "NONE",
            "body": "It may be a bug of how things are stitched together. This link provides a clue: [Stack Overflow: Python: Convert Unicode to ASCII without errors](http://stackoverflow.com/questions/2365411/python-convert-unicode-to-ascii-without-errors).\n\nReading through the stacktrace, it appears as though there's a double-encoding taking place (first in itsdangerous line 407, and then later in simplejson line 311). Unsure of what the fix is until I have a chance to sit down with it at home.\n"
        },
        {
            "url": "https://api.github.com/repos/pallets/flask/issues/comments/9624795",
            "html_url": "https://github.com/pallets/flask/issues/615#issuecomment-9624795",
            "issue_url": "https://api.github.com/repos/pallets/flask/issues/615",
            "id": 9624795,
            "node_id": "MDEyOklzc3VlQ29tbWVudDk2MjQ3OTU=",
            "user": {
                "login": "mitsuhiko",
                "id": 7396,
                "node_id": "MDQ6VXNlcjczOTY=",
                "avatar_url": "https://avatars1.githubusercontent.com/u/7396?v=4",
                "gravatar_id": "",
                "url": "https://api.github.com/users/mitsuhiko",
                "html_url": "https://github.com/mitsuhiko",
                "followers_url": "https://api.github.com/users/mitsuhiko/followers",
                "following_url": "https://api.github.com/users/mitsuhiko/following{/other_user}",
                "gists_url": "https://api.github.com/users/mitsuhiko/gists{/gist_id}",
                "starred_url": "https://api.github.com/users/mitsuhiko/starred{/owner}{/repo}",
                "subscriptions_url": "https://api.github.com/users/mitsuhiko/subscriptions",
                "organizations_url": "https://api.github.com/users/mitsuhiko/orgs",
                "repos_url": "https://api.github.com/users/mitsuhiko/repos",
                "events_url": "https://api.github.com/users/mitsuhiko/events{/privacy}",
                "received_events_url": "https://api.github.com/users/mitsuhiko/received_events",
                "type": "User",
                "site_admin": false
            },
            "created_at": "2012-10-19T22:47:08Z",
            "updated_at": "2012-10-19T22:47:08Z",
            "author_association": "MEMBER",
            "body": "This is currently not considered a bug because sessions in 0.10 can no longer contain binary objects.  I can see that that is inconvenient though so I might add a workaround for that similar to how it works for markup objects.  I just have to think first if i want this to work.\n"
        },
        {
            "url": "https://api.github.com/repos/pallets/flask/issues/comments/9625703",
            "html_url": "https://github.com/pallets/flask/issues/615#issuecomment-9625703",
            "issue_url": "https://api.github.com/repos/pallets/flask/issues/615",
            "id": 9625703,
            "node_id": "MDEyOklzc3VlQ29tbWVudDk2MjU3MDM=",
            "user": {
                "login": "alanhamlett",
                "id": 522344,
                "node_id": "MDQ6VXNlcjUyMjM0NA==",
                "avatar_url": "https://avatars3.githubusercontent.com/u/522344?v=4",
                "gravatar_id": "",
                "url": "https://api.github.com/users/alanhamlett",
                "html_url": "https://github.com/alanhamlett",
                "followers_url": "https://api.github.com/users/alanhamlett/followers",
                "following_url": "https://api.github.com/users/alanhamlett/following{/other_user}",
                "gists_url": "https://api.github.com/users/alanhamlett/gists{/gist_id}",
                "starred_url": "https://api.github.com/users/alanhamlett/starred{/owner}{/repo}",
                "subscriptions_url": "https://api.github.com/users/alanhamlett/subscriptions",
                "organizations_url": "https://api.github.com/users/alanhamlett/orgs",
                "repos_url": "https://api.github.com/users/alanhamlett/repos",
                "events_url": "https://api.github.com/users/alanhamlett/events{/privacy}",
                "received_events_url": "https://api.github.com/users/alanhamlett/received_events",
                "type": "User",
                "site_admin": false
            },
            "created_at": "2012-10-19T23:39:34Z",
            "updated_at": "2012-10-19T23:39:34Z",
            "author_association": "CONTRIBUTOR",
            "body": "Using latest dev version of Flask-Login from https://github.com/maxcountryman/flask-login fixed the issue. Flask-Login 0.1.3 must have been putting that binary blob in the session.\n"
        }
    ]
}