{
    "url": "https://api.github.com/repos/pallets/flask/issues/616",
    "repository_url": "https://api.github.com/repos/pallets/flask",
    "labels_url": "https://api.github.com/repos/pallets/flask/issues/616/labels{/name}",
    "comments_url": "https://api.github.com/repos/pallets/flask/issues/616/comments",
    "events_url": "https://api.github.com/repos/pallets/flask/issues/616/events",
    "html_url": "https://github.com/pallets/flask/issues/616",
    "id": 7718429,
    "node_id": "MDU6SXNzdWU3NzE4NDI5",
    "number": 616,
    "title": "FR: Make stream_template from the docs available in Flask",
    "user": {
        "login": "untitaker",
        "id": 837573,
        "node_id": "MDQ6VXNlcjgzNzU3Mw==",
        "avatar_url": "https://avatars0.githubusercontent.com/u/837573?v=4",
        "gravatar_id": "",
        "url": "https://api.github.com/users/untitaker",
        "html_url": "https://github.com/untitaker",
        "followers_url": "https://api.github.com/users/untitaker/followers",
        "following_url": "https://api.github.com/users/untitaker/following{/other_user}",
        "gists_url": "https://api.github.com/users/untitaker/gists{/gist_id}",
        "starred_url": "https://api.github.com/users/untitaker/starred{/owner}{/repo}",
        "subscriptions_url": "https://api.github.com/users/untitaker/subscriptions",
        "organizations_url": "https://api.github.com/users/untitaker/orgs",
        "repos_url": "https://api.github.com/users/untitaker/repos",
        "events_url": "https://api.github.com/users/untitaker/events{/privacy}",
        "received_events_url": "https://api.github.com/users/untitaker/received_events",
        "type": "User",
        "site_admin": false
    },
    "labels": [],
    "state": "closed",
    "locked": false,
    "assignee": null,
    "assignees": [],
    "milestone": null,
    "comments": 1,
    "created_at": "2012-10-19T15:05:18Z",
    "updated_at": "2013-02-02T12:52:49Z",
    "closed_at": "2013-02-02T12:52:49Z",
    "author_association": "MEMBER",
    "body": "http://flask.pocoo.org/docs/patterns/streaming/#streaming-from-templates\n\nIt would be nice to have the stream_template method included in Flask, maybe unified with render_template\n",
    "comments_inline": [
        {
            "url": "https://api.github.com/repos/pallets/flask/issues/comments/10318988",
            "html_url": "https://github.com/pallets/flask/issues/616#issuecomment-10318988",
            "issue_url": "https://api.github.com/repos/pallets/flask/issues/616",
            "id": 10318988,
            "node_id": "MDEyOklzc3VlQ29tbWVudDEwMzE4OTg4",
            "user": {
                "login": "soulseekah",
                "id": 685880,
                "node_id": "MDQ6VXNlcjY4NTg4MA==",
                "avatar_url": "https://avatars2.githubusercontent.com/u/685880?v=4",
                "gravatar_id": "",
                "url": "https://api.github.com/users/soulseekah",
                "html_url": "https://github.com/soulseekah",
                "followers_url": "https://api.github.com/users/soulseekah/followers",
                "following_url": "https://api.github.com/users/soulseekah/following{/other_user}",
                "gists_url": "https://api.github.com/users/soulseekah/gists{/gist_id}",
                "starred_url": "https://api.github.com/users/soulseekah/starred{/owner}{/repo}",
                "subscriptions_url": "https://api.github.com/users/soulseekah/subscriptions",
                "organizations_url": "https://api.github.com/users/soulseekah/orgs",
                "repos_url": "https://api.github.com/users/soulseekah/repos",
                "events_url": "https://api.github.com/users/soulseekah/events{/privacy}",
                "received_events_url": "https://api.github.com/users/soulseekah/received_events",
                "type": "User",
                "site_admin": false
            },
            "created_at": "2012-11-13T08:32:30Z",
            "updated_at": "2012-11-13T08:32:30Z",
            "author_association": "CONTRIBUTOR",
            "body": "> This functionality is not directly exposed by Flask because it is quite uncommon, but you can easily do it yourself\n"
        }
    ]
}