{
    "url": "https://api.github.com/repos/pallets/flask/issues/617",
    "repository_url": "https://api.github.com/repos/pallets/flask",
    "labels_url": "https://api.github.com/repos/pallets/flask/issues/617/labels{/name}",
    "comments_url": "https://api.github.com/repos/pallets/flask/issues/617/comments",
    "events_url": "https://api.github.com/repos/pallets/flask/issues/617/events",
    "html_url": "https://github.com/pallets/flask/pull/617",
    "id": 7720796,
    "node_id": "MDExOlB1bGxSZXF1ZXN0MjcxMDk3OQ==",
    "number": 617,
    "title": "jQuery example: submit on enter, focus field on load, ajax to callback function, \" to '.",
    "user": {
        "login": "tony",
        "id": 26336,
        "node_id": "MDQ6VXNlcjI2MzM2",
        "avatar_url": "https://avatars0.githubusercontent.com/u/26336?v=4",
        "gravatar_id": "",
        "url": "https://api.github.com/users/tony",
        "html_url": "https://github.com/tony",
        "followers_url": "https://api.github.com/users/tony/followers",
        "following_url": "https://api.github.com/users/tony/following{/other_user}",
        "gists_url": "https://api.github.com/users/tony/gists{/gist_id}",
        "starred_url": "https://api.github.com/users/tony/starred{/owner}{/repo}",
        "subscriptions_url": "https://api.github.com/users/tony/subscriptions",
        "organizations_url": "https://api.github.com/users/tony/orgs",
        "repos_url": "https://api.github.com/users/tony/repos",
        "events_url": "https://api.github.com/users/tony/events{/privacy}",
        "received_events_url": "https://api.github.com/users/tony/received_events",
        "type": "User",
        "site_admin": false
    },
    "labels": [],
    "state": "closed",
    "locked": false,
    "assignee": null,
    "assignees": [],
    "milestone": null,
    "comments": 1,
    "created_at": "2012-10-19T16:18:47Z",
    "updated_at": "2014-06-14T17:02:54Z",
    "closed_at": "2013-01-25T04:21:32Z",
    "author_association": "CONTRIBUTOR",
    "pull_request": {
        "url": "https://api.github.com/repos/pallets/flask/pulls/617",
        "html_url": "https://github.com/pallets/flask/pull/617",
        "diff_url": "https://github.com/pallets/flask/pull/617.diff",
        "patch_url": "https://github.com/pallets/flask/pull/617.patch"
    },
    "body": "- Highlight first input on page load\n- Enter sends submit request\n- After submit first input refocused, selected\n- Fix double quote -> single quote\n- Submit is a callback function\n\n![screenie](http://i.imgur.com/GVvPb.png)\n",
    "comments_inline": [
        {
            "url": "https://api.github.com/repos/pallets/flask/issues/comments/12687483",
            "html_url": "https://github.com/pallets/flask/pull/617#issuecomment-12687483",
            "issue_url": "https://api.github.com/repos/pallets/flask/issues/617",
            "id": 12687483,
            "node_id": "MDEyOklzc3VlQ29tbWVudDEyNjg3NDgz",
            "user": {
                "login": "kennethreitz",
                "id": 119893,
                "node_id": "MDQ6VXNlcjExOTg5Mw==",
                "avatar_url": "https://avatars2.githubusercontent.com/u/119893?v=4",
                "gravatar_id": "",
                "url": "https://api.github.com/users/kennethreitz",
                "html_url": "https://github.com/kennethreitz",
                "followers_url": "https://api.github.com/users/kennethreitz/followers",
                "following_url": "https://api.github.com/users/kennethreitz/following{/other_user}",
                "gists_url": "https://api.github.com/users/kennethreitz/gists{/gist_id}",
                "starred_url": "https://api.github.com/users/kennethreitz/starred{/owner}{/repo}",
                "subscriptions_url": "https://api.github.com/users/kennethreitz/subscriptions",
                "organizations_url": "https://api.github.com/users/kennethreitz/orgs",
                "repos_url": "https://api.github.com/users/kennethreitz/repos",
                "events_url": "https://api.github.com/users/kennethreitz/events{/privacy}",
                "received_events_url": "https://api.github.com/users/kennethreitz/received_events",
                "type": "User",
                "site_admin": false
            },
            "created_at": "2013-01-25T04:21:30Z",
            "updated_at": "2013-01-25T04:21:30Z",
            "author_association": "CONTRIBUTOR",
            "body": "thanks!\n"
        }
    ]
}