{
    "url": "https://api.github.com/repos/pallets/flask/issues/618",
    "repository_url": "https://api.github.com/repos/pallets/flask",
    "labels_url": "https://api.github.com/repos/pallets/flask/issues/618/labels{/name}",
    "comments_url": "https://api.github.com/repos/pallets/flask/issues/618/comments",
    "events_url": "https://api.github.com/repos/pallets/flask/issues/618/events",
    "html_url": "https://github.com/pallets/flask/issues/618",
    "id": 7738860,
    "node_id": "MDU6SXNzdWU3NzM4ODYw",
    "number": 618,
    "title": "Issue #524 was not one and flaskext_compat does not work anymore",
    "user": {
        "login": "QuentinRoy",
        "id": 728801,
        "node_id": "MDQ6VXNlcjcyODgwMQ==",
        "avatar_url": "https://avatars2.githubusercontent.com/u/728801?v=4",
        "gravatar_id": "",
        "url": "https://api.github.com/users/QuentinRoy",
        "html_url": "https://github.com/QuentinRoy",
        "followers_url": "https://api.github.com/users/QuentinRoy/followers",
        "following_url": "https://api.github.com/users/QuentinRoy/following{/other_user}",
        "gists_url": "https://api.github.com/users/QuentinRoy/gists{/gist_id}",
        "starred_url": "https://api.github.com/users/QuentinRoy/starred{/owner}{/repo}",
        "subscriptions_url": "https://api.github.com/users/QuentinRoy/subscriptions",
        "organizations_url": "https://api.github.com/users/QuentinRoy/orgs",
        "repos_url": "https://api.github.com/users/QuentinRoy/repos",
        "events_url": "https://api.github.com/users/QuentinRoy/events{/privacy}",
        "received_events_url": "https://api.github.com/users/QuentinRoy/received_events",
        "type": "User",
        "site_admin": false
    },
    "labels": [],
    "state": "closed",
    "locked": false,
    "assignee": null,
    "assignees": [],
    "milestone": null,
    "comments": 9,
    "created_at": "2012-10-20T16:03:16Z",
    "updated_at": "2014-10-07T17:01:17Z",
    "closed_at": "2014-10-07T17:01:17Z",
    "author_association": "CONTRIBUTOR",
    "body": "find_module is a method automatically called. Removing the path argument, even if not used, may cause (and causes) error such as: \n\n> from flask.ext.babel import Babel\n> TypeError: find_module() takes exactly 2 arguments (3 given)\n",
    "comments_inline": [
        {
            "url": "https://api.github.com/repos/pallets/flask/issues/comments/9633944",
            "html_url": "https://github.com/pallets/flask/issues/618#issuecomment-9633944",
            "issue_url": "https://api.github.com/repos/pallets/flask/issues/618",
            "id": 9633944,
            "node_id": "MDEyOklzc3VlQ29tbWVudDk2MzM5NDQ=",
            "user": {
                "login": "untitaker",
                "id": 837573,
                "node_id": "MDQ6VXNlcjgzNzU3Mw==",
                "avatar_url": "https://avatars0.githubusercontent.com/u/837573?v=4",
                "gravatar_id": "",
                "url": "https://api.github.com/users/untitaker",
                "html_url": "https://github.com/untitaker",
                "followers_url": "https://api.github.com/users/untitaker/followers",
                "following_url": "https://api.github.com/users/untitaker/following{/other_user}",
                "gists_url": "https://api.github.com/users/untitaker/gists{/gist_id}",
                "starred_url": "https://api.github.com/users/untitaker/starred{/owner}{/repo}",
                "subscriptions_url": "https://api.github.com/users/untitaker/subscriptions",
                "organizations_url": "https://api.github.com/users/untitaker/orgs",
                "repos_url": "https://api.github.com/users/untitaker/repos",
                "events_url": "https://api.github.com/users/untitaker/events{/privacy}",
                "received_events_url": "https://api.github.com/users/untitaker/received_events",
                "type": "User",
                "site_admin": false
            },
            "created_at": "2012-10-20T17:38:17Z",
            "updated_at": "2012-10-20T17:41:35Z",
            "author_association": "MEMBER",
            "body": "I don't think that your pull request is a good approach to fix this. IMO it would be better to edit the code that is calling `find_module` with the useless argument.\n"
        },
        {
            "url": "https://api.github.com/repos/pallets/flask/issues/comments/9634104",
            "html_url": "https://github.com/pallets/flask/issues/618#issuecomment-9634104",
            "issue_url": "https://api.github.com/repos/pallets/flask/issues/618",
            "id": 9634104,
            "node_id": "MDEyOklzc3VlQ29tbWVudDk2MzQxMDQ=",
            "user": {
                "login": "QuentinRoy",
                "id": 728801,
                "node_id": "MDQ6VXNlcjcyODgwMQ==",
                "avatar_url": "https://avatars2.githubusercontent.com/u/728801?v=4",
                "gravatar_id": "",
                "url": "https://api.github.com/users/QuentinRoy",
                "html_url": "https://github.com/QuentinRoy",
                "followers_url": "https://api.github.com/users/QuentinRoy/followers",
                "following_url": "https://api.github.com/users/QuentinRoy/following{/other_user}",
                "gists_url": "https://api.github.com/users/QuentinRoy/gists{/gist_id}",
                "starred_url": "https://api.github.com/users/QuentinRoy/starred{/owner}{/repo}",
                "subscriptions_url": "https://api.github.com/users/QuentinRoy/subscriptions",
                "organizations_url": "https://api.github.com/users/QuentinRoy/orgs",
                "repos_url": "https://api.github.com/users/QuentinRoy/repos",
                "events_url": "https://api.github.com/users/QuentinRoy/events{/privacy}",
                "received_events_url": "https://api.github.com/users/QuentinRoy/received_events",
                "type": "User",
                "site_admin": false
            },
            "created_at": "2012-10-20T17:50:05Z",
            "updated_at": "2012-10-20T17:50:05Z",
            "author_association": "CONTRIBUTOR",
            "body": "Well... As stated, the exception is raised on import... It seems to me that it is called by python engine..\n"
        },
        {
            "url": "https://api.github.com/repos/pallets/flask/issues/comments/9634140",
            "html_url": "https://github.com/pallets/flask/issues/618#issuecomment-9634140",
            "issue_url": "https://api.github.com/repos/pallets/flask/issues/618",
            "id": 9634140,
            "node_id": "MDEyOklzc3VlQ29tbWVudDk2MzQxNDA=",
            "user": {
                "login": "untitaker",
                "id": 837573,
                "node_id": "MDQ6VXNlcjgzNzU3Mw==",
                "avatar_url": "https://avatars0.githubusercontent.com/u/837573?v=4",
                "gravatar_id": "",
                "url": "https://api.github.com/users/untitaker",
                "html_url": "https://github.com/untitaker",
                "followers_url": "https://api.github.com/users/untitaker/followers",
                "following_url": "https://api.github.com/users/untitaker/following{/other_user}",
                "gists_url": "https://api.github.com/users/untitaker/gists{/gist_id}",
                "starred_url": "https://api.github.com/users/untitaker/starred{/owner}{/repo}",
                "subscriptions_url": "https://api.github.com/users/untitaker/subscriptions",
                "organizations_url": "https://api.github.com/users/untitaker/orgs",
                "repos_url": "https://api.github.com/users/untitaker/repos",
                "events_url": "https://api.github.com/users/untitaker/events{/privacy}",
                "received_events_url": "https://api.github.com/users/untitaker/received_events",
                "type": "User",
                "site_admin": false
            },
            "created_at": "2012-10-20T17:52:45Z",
            "updated_at": "2012-10-20T17:52:45Z",
            "author_association": "MEMBER",
            "body": "No, it's called by `flask.ext`, which executes some code to look for `flaskext.babel`, `flask_babel` and probably some others i don't remember.\n"
        },
        {
            "url": "https://api.github.com/repos/pallets/flask/issues/comments/9634149",
            "html_url": "https://github.com/pallets/flask/issues/618#issuecomment-9634149",
            "issue_url": "https://api.github.com/repos/pallets/flask/issues/618",
            "id": 9634149,
            "node_id": "MDEyOklzc3VlQ29tbWVudDk2MzQxNDk=",
            "user": {
                "login": "untitaker",
                "id": 837573,
                "node_id": "MDQ6VXNlcjgzNzU3Mw==",
                "avatar_url": "https://avatars0.githubusercontent.com/u/837573?v=4",
                "gravatar_id": "",
                "url": "https://api.github.com/users/untitaker",
                "html_url": "https://github.com/untitaker",
                "followers_url": "https://api.github.com/users/untitaker/followers",
                "following_url": "https://api.github.com/users/untitaker/following{/other_user}",
                "gists_url": "https://api.github.com/users/untitaker/gists{/gist_id}",
                "starred_url": "https://api.github.com/users/untitaker/starred{/owner}{/repo}",
                "subscriptions_url": "https://api.github.com/users/untitaker/subscriptions",
                "organizations_url": "https://api.github.com/users/untitaker/orgs",
                "repos_url": "https://api.github.com/users/untitaker/repos",
                "events_url": "https://api.github.com/users/untitaker/events{/privacy}",
                "received_events_url": "https://api.github.com/users/untitaker/received_events",
                "type": "User",
                "site_admin": false
            },
            "created_at": "2012-10-20T17:53:39Z",
            "updated_at": "2012-10-20T17:53:47Z",
            "author_association": "MEMBER",
            "body": "See https://github.com/mitsuhiko/flask/blob/master/flask/exthook.py\n"
        },
        {
            "url": "https://api.github.com/repos/pallets/flask/issues/comments/9634249",
            "html_url": "https://github.com/pallets/flask/issues/618#issuecomment-9634249",
            "issue_url": "https://api.github.com/repos/pallets/flask/issues/618",
            "id": 9634249,
            "node_id": "MDEyOklzc3VlQ29tbWVudDk2MzQyNDk=",
            "user": {
                "login": "untitaker",
                "id": 837573,
                "node_id": "MDQ6VXNlcjgzNzU3Mw==",
                "avatar_url": "https://avatars0.githubusercontent.com/u/837573?v=4",
                "gravatar_id": "",
                "url": "https://api.github.com/users/untitaker",
                "html_url": "https://github.com/untitaker",
                "followers_url": "https://api.github.com/users/untitaker/followers",
                "following_url": "https://api.github.com/users/untitaker/following{/other_user}",
                "gists_url": "https://api.github.com/users/untitaker/gists{/gist_id}",
                "starred_url": "https://api.github.com/users/untitaker/starred{/owner}{/repo}",
                "subscriptions_url": "https://api.github.com/users/untitaker/subscriptions",
                "organizations_url": "https://api.github.com/users/untitaker/orgs",
                "repos_url": "https://api.github.com/users/untitaker/repos",
                "events_url": "https://api.github.com/users/untitaker/events{/privacy}",
                "received_events_url": "https://api.github.com/users/untitaker/received_events",
                "type": "User",
                "site_admin": false
            },
            "created_at": "2012-10-20T18:01:42Z",
            "updated_at": "2012-10-20T18:01:42Z",
            "author_association": "MEMBER",
            "body": "I am confused that /scripts/flaskext_compat.py seems to be a \"standalone\" version of /flask/exthook.py. I have no idea anymore.\n"
        },
        {
            "url": "https://api.github.com/repos/pallets/flask/issues/comments/9634268",
            "html_url": "https://github.com/pallets/flask/issues/618#issuecomment-9634268",
            "issue_url": "https://api.github.com/repos/pallets/flask/issues/618",
            "id": 9634268,
            "node_id": "MDEyOklzc3VlQ29tbWVudDk2MzQyNjg=",
            "user": {
                "login": "QuentinRoy",
                "id": 728801,
                "node_id": "MDQ6VXNlcjcyODgwMQ==",
                "avatar_url": "https://avatars2.githubusercontent.com/u/728801?v=4",
                "gravatar_id": "",
                "url": "https://api.github.com/users/QuentinRoy",
                "html_url": "https://github.com/QuentinRoy",
                "followers_url": "https://api.github.com/users/QuentinRoy/followers",
                "following_url": "https://api.github.com/users/QuentinRoy/following{/other_user}",
                "gists_url": "https://api.github.com/users/QuentinRoy/gists{/gist_id}",
                "starred_url": "https://api.github.com/users/QuentinRoy/starred{/owner}{/repo}",
                "subscriptions_url": "https://api.github.com/users/QuentinRoy/subscriptions",
                "organizations_url": "https://api.github.com/users/QuentinRoy/orgs",
                "repos_url": "https://api.github.com/users/QuentinRoy/repos",
                "events_url": "https://api.github.com/users/QuentinRoy/events{/privacy}",
                "received_events_url": "https://api.github.com/users/QuentinRoy/received_events",
                "type": "User",
                "site_admin": false
            },
            "created_at": "2012-10-20T18:04:01Z",
            "updated_at": "2012-10-20T18:09:57Z",
            "author_association": "CONTRIBUTOR",
            "body": "`flaskext_compat.py` is a script dedicated to do exthook's job for flask versions prior to 0.8.\n`exthook.py` integrates this famous additional parameter in `find_module` BTW.\n"
        },
        {
            "url": "https://api.github.com/repos/pallets/flask/issues/comments/9634272",
            "html_url": "https://github.com/pallets/flask/issues/618#issuecomment-9634272",
            "issue_url": "https://api.github.com/repos/pallets/flask/issues/618",
            "id": 9634272,
            "node_id": "MDEyOklzc3VlQ29tbWVudDk2MzQyNzI=",
            "user": {
                "login": "QuentinRoy",
                "id": 728801,
                "node_id": "MDQ6VXNlcjcyODgwMQ==",
                "avatar_url": "https://avatars2.githubusercontent.com/u/728801?v=4",
                "gravatar_id": "",
                "url": "https://api.github.com/users/QuentinRoy",
                "html_url": "https://github.com/QuentinRoy",
                "followers_url": "https://api.github.com/users/QuentinRoy/followers",
                "following_url": "https://api.github.com/users/QuentinRoy/following{/other_user}",
                "gists_url": "https://api.github.com/users/QuentinRoy/gists{/gist_id}",
                "starred_url": "https://api.github.com/users/QuentinRoy/starred{/owner}{/repo}",
                "subscriptions_url": "https://api.github.com/users/QuentinRoy/subscriptions",
                "organizations_url": "https://api.github.com/users/QuentinRoy/orgs",
                "repos_url": "https://api.github.com/users/QuentinRoy/repos",
                "events_url": "https://api.github.com/users/QuentinRoy/events{/privacy}",
                "received_events_url": "https://api.github.com/users/QuentinRoy/received_events",
                "type": "User",
                "site_admin": false
            },
            "created_at": "2012-10-20T18:04:33Z",
            "updated_at": "2012-10-20T18:04:33Z",
            "author_association": "CONTRIBUTOR",
            "body": "There is more information here: http://flask.pocoo.org/docs/extensions.\n"
        },
        {
            "url": "https://api.github.com/repos/pallets/flask/issues/comments/9634313",
            "html_url": "https://github.com/pallets/flask/issues/618#issuecomment-9634313",
            "issue_url": "https://api.github.com/repos/pallets/flask/issues/618",
            "id": 9634313,
            "node_id": "MDEyOklzc3VlQ29tbWVudDk2MzQzMTM=",
            "user": {
                "login": "QuentinRoy",
                "id": 728801,
                "node_id": "MDQ6VXNlcjcyODgwMQ==",
                "avatar_url": "https://avatars2.githubusercontent.com/u/728801?v=4",
                "gravatar_id": "",
                "url": "https://api.github.com/users/QuentinRoy",
                "html_url": "https://github.com/QuentinRoy",
                "followers_url": "https://api.github.com/users/QuentinRoy/followers",
                "following_url": "https://api.github.com/users/QuentinRoy/following{/other_user}",
                "gists_url": "https://api.github.com/users/QuentinRoy/gists{/gist_id}",
                "starred_url": "https://api.github.com/users/QuentinRoy/starred{/owner}{/repo}",
                "subscriptions_url": "https://api.github.com/users/QuentinRoy/subscriptions",
                "organizations_url": "https://api.github.com/users/QuentinRoy/orgs",
                "repos_url": "https://api.github.com/users/QuentinRoy/repos",
                "events_url": "https://api.github.com/users/QuentinRoy/events{/privacy}",
                "received_events_url": "https://api.github.com/users/QuentinRoy/received_events",
                "type": "User",
                "site_admin": false
            },
            "created_at": "2012-10-20T18:08:31Z",
            "updated_at": "2012-10-20T18:08:31Z",
            "author_association": "CONTRIBUTOR",
            "body": "I really think that it is called by python engine (both in `flaskext_compat.py` and `exthook.py`). The `flask.ext` \"virtual\" module is created here and I don't see any specific call to `find_module`..\nMoreover, my traceback does not show me any intermediate between the `from flask.ext import foo` and the `find_module` call.\n"
        },
        {
            "url": "https://api.github.com/repos/pallets/flask/issues/comments/9634324",
            "html_url": "https://github.com/pallets/flask/issues/618#issuecomment-9634324",
            "issue_url": "https://api.github.com/repos/pallets/flask/issues/618",
            "id": 9634324,
            "node_id": "MDEyOklzc3VlQ29tbWVudDk2MzQzMjQ=",
            "user": {
                "login": "untitaker",
                "id": 837573,
                "node_id": "MDQ6VXNlcjgzNzU3Mw==",
                "avatar_url": "https://avatars0.githubusercontent.com/u/837573?v=4",
                "gravatar_id": "",
                "url": "https://api.github.com/users/untitaker",
                "html_url": "https://github.com/untitaker",
                "followers_url": "https://api.github.com/users/untitaker/followers",
                "following_url": "https://api.github.com/users/untitaker/following{/other_user}",
                "gists_url": "https://api.github.com/users/untitaker/gists{/gist_id}",
                "starred_url": "https://api.github.com/users/untitaker/starred{/owner}{/repo}",
                "subscriptions_url": "https://api.github.com/users/untitaker/subscriptions",
                "organizations_url": "https://api.github.com/users/untitaker/orgs",
                "repos_url": "https://api.github.com/users/untitaker/repos",
                "events_url": "https://api.github.com/users/untitaker/events{/privacy}",
                "received_events_url": "https://api.github.com/users/untitaker/received_events",
                "type": "User",
                "site_admin": false
            },
            "created_at": "2012-10-20T18:09:16Z",
            "updated_at": "2012-10-20T18:09:16Z",
            "author_association": "MEMBER",
            "body": "Okay, you're right. http://www.python.org/dev/peps/pep-0302/\n\nThe class in /scripts and in /flask/exthook.py is an implementation of that. However, some informative comments/docstring in the method would be nice.\n"
        }
    ]
}