{
    "url": "https://api.github.com/repos/pallets/flask/issues/619",
    "repository_url": "https://api.github.com/repos/pallets/flask",
    "labels_url": "https://api.github.com/repos/pallets/flask/issues/619/labels{/name}",
    "comments_url": "https://api.github.com/repos/pallets/flask/issues/619/comments",
    "events_url": "https://api.github.com/repos/pallets/flask/issues/619/events",
    "html_url": "https://github.com/pallets/flask/pull/619",
    "id": 7739009,
    "node_id": "MDExOlB1bGxSZXF1ZXN0MjcxODM5Mg==",
    "number": 619,
    "title": "Fix missing argument in find_module of flaskext_compat.py",
    "user": {
        "login": "QuentinRoy",
        "id": 728801,
        "node_id": "MDQ6VXNlcjcyODgwMQ==",
        "avatar_url": "https://avatars2.githubusercontent.com/u/728801?v=4",
        "gravatar_id": "",
        "url": "https://api.github.com/users/QuentinRoy",
        "html_url": "https://github.com/QuentinRoy",
        "followers_url": "https://api.github.com/users/QuentinRoy/followers",
        "following_url": "https://api.github.com/users/QuentinRoy/following{/other_user}",
        "gists_url": "https://api.github.com/users/QuentinRoy/gists{/gist_id}",
        "starred_url": "https://api.github.com/users/QuentinRoy/starred{/owner}{/repo}",
        "subscriptions_url": "https://api.github.com/users/QuentinRoy/subscriptions",
        "organizations_url": "https://api.github.com/users/QuentinRoy/orgs",
        "repos_url": "https://api.github.com/users/QuentinRoy/repos",
        "events_url": "https://api.github.com/users/QuentinRoy/events{/privacy}",
        "received_events_url": "https://api.github.com/users/QuentinRoy/received_events",
        "type": "User",
        "site_admin": false
    },
    "labels": [],
    "state": "closed",
    "locked": false,
    "assignee": null,
    "assignees": [],
    "milestone": null,
    "comments": 2,
    "created_at": "2012-10-20T16:20:18Z",
    "updated_at": "2014-10-07T17:01:17Z",
    "closed_at": "2014-10-07T17:01:17Z",
    "author_association": "CONTRIBUTOR",
    "pull_request": {
        "url": "https://api.github.com/repos/pallets/flask/pulls/619",
        "html_url": "https://github.com/pallets/flask/pull/619",
        "diff_url": "https://github.com/pallets/flask/pull/619.diff",
        "patch_url": "https://github.com/pallets/flask/pull/619.patch"
    },
    "body": "Add back path=None argument into find_module. This fixes #618 and revert #524.\n",
    "comments_inline": [
        {
            "url": "https://api.github.com/repos/pallets/flask/issues/comments/13991644",
            "html_url": "https://github.com/pallets/flask/pull/619#issuecomment-13991644",
            "issue_url": "https://api.github.com/repos/pallets/flask/issues/619",
            "id": 13991644,
            "node_id": "MDEyOklzc3VlQ29tbWVudDEzOTkxNjQ0",
            "user": {
                "login": "untitaker",
                "id": 837573,
                "node_id": "MDQ6VXNlcjgzNzU3Mw==",
                "avatar_url": "https://avatars0.githubusercontent.com/u/837573?v=4",
                "gravatar_id": "",
                "url": "https://api.github.com/users/untitaker",
                "html_url": "https://github.com/untitaker",
                "followers_url": "https://api.github.com/users/untitaker/followers",
                "following_url": "https://api.github.com/users/untitaker/following{/other_user}",
                "gists_url": "https://api.github.com/users/untitaker/gists{/gist_id}",
                "starred_url": "https://api.github.com/users/untitaker/starred{/owner}{/repo}",
                "subscriptions_url": "https://api.github.com/users/untitaker/subscriptions",
                "organizations_url": "https://api.github.com/users/untitaker/orgs",
                "repos_url": "https://api.github.com/users/untitaker/repos",
                "events_url": "https://api.github.com/users/untitaker/events{/privacy}",
                "received_events_url": "https://api.github.com/users/untitaker/received_events",
                "type": "User",
                "site_admin": false
            },
            "created_at": "2013-02-23T15:26:36Z",
            "updated_at": "2013-02-23T15:26:36Z",
            "author_association": "MEMBER",
            "body": "@kennethreitz Why did you close this?\n"
        },
        {
            "url": "https://api.github.com/repos/pallets/flask/issues/comments/58219070",
            "html_url": "https://github.com/pallets/flask/pull/619#issuecomment-58219070",
            "issue_url": "https://api.github.com/repos/pallets/flask/issues/619",
            "id": 58219070,
            "node_id": "MDEyOklzc3VlQ29tbWVudDU4MjE5MDcw",
            "user": {
                "login": "untitaker",
                "id": 837573,
                "node_id": "MDQ6VXNlcjgzNzU3Mw==",
                "avatar_url": "https://avatars0.githubusercontent.com/u/837573?v=4",
                "gravatar_id": "",
                "url": "https://api.github.com/users/untitaker",
                "html_url": "https://github.com/untitaker",
                "followers_url": "https://api.github.com/users/untitaker/followers",
                "following_url": "https://api.github.com/users/untitaker/following{/other_user}",
                "gists_url": "https://api.github.com/users/untitaker/gists{/gist_id}",
                "starred_url": "https://api.github.com/users/untitaker/starred{/owner}{/repo}",
                "subscriptions_url": "https://api.github.com/users/untitaker/subscriptions",
                "organizations_url": "https://api.github.com/users/untitaker/orgs",
                "repos_url": "https://api.github.com/users/untitaker/repos",
                "events_url": "https://api.github.com/users/untitaker/events{/privacy}",
                "received_events_url": "https://api.github.com/users/untitaker/received_events",
                "type": "User",
                "site_admin": false
            },
            "created_at": "2014-10-07T17:01:15Z",
            "updated_at": "2014-10-07T17:01:15Z",
            "author_association": "MEMBER",
            "body": "Thanks. I recently got commit access and this got lost on the way somewhere.\n"
        }
    ]
}