{
    "url": "https://api.github.com/repos/pallets/flask/issues/620",
    "repository_url": "https://api.github.com/repos/pallets/flask",
    "labels_url": "https://api.github.com/repos/pallets/flask/issues/620/labels{/name}",
    "comments_url": "https://api.github.com/repos/pallets/flask/issues/620/comments",
    "events_url": "https://api.github.com/repos/pallets/flask/issues/620/events",
    "html_url": "https://github.com/pallets/flask/issues/620",
    "id": 7740109,
    "node_id": "MDU6SXNzdWU3NzQwMTA5",
    "number": 620,
    "title": "Documentation on IIS deployment.",
    "user": {
        "login": "untitaker",
        "id": 837573,
        "node_id": "MDQ6VXNlcjgzNzU3Mw==",
        "avatar_url": "https://avatars0.githubusercontent.com/u/837573?v=4",
        "gravatar_id": "",
        "url": "https://api.github.com/users/untitaker",
        "html_url": "https://github.com/untitaker",
        "followers_url": "https://api.github.com/users/untitaker/followers",
        "following_url": "https://api.github.com/users/untitaker/following{/other_user}",
        "gists_url": "https://api.github.com/users/untitaker/gists{/gist_id}",
        "starred_url": "https://api.github.com/users/untitaker/starred{/owner}{/repo}",
        "subscriptions_url": "https://api.github.com/users/untitaker/subscriptions",
        "organizations_url": "https://api.github.com/users/untitaker/orgs",
        "repos_url": "https://api.github.com/users/untitaker/repos",
        "events_url": "https://api.github.com/users/untitaker/events{/privacy}",
        "received_events_url": "https://api.github.com/users/untitaker/received_events",
        "type": "User",
        "site_admin": false
    },
    "labels": [
        {
            "id": 32876,
            "node_id": "MDU6TGFiZWwzMjg3Ng==",
            "url": "https://api.github.com/repos/pallets/flask/labels/docs",
            "name": "docs",
            "color": "0e8a16",
            "default": false,
            "description": null
        }
    ],
    "state": "closed",
    "locked": false,
    "assignee": null,
    "assignees": [],
    "milestone": null,
    "comments": 3,
    "created_at": "2012-10-20T18:30:33Z",
    "updated_at": "2015-10-31T22:18:39Z",
    "closed_at": "2015-10-31T21:51:13Z",
    "author_association": "MEMBER",
    "body": "Just for the record.\n- http://feedback.flask.pocoo.org/message/305\n- http://feedback.flask.pocoo.org/message/289\n",
    "comments_inline": [
        {
            "url": "https://api.github.com/repos/pallets/flask/issues/comments/39633507",
            "html_url": "https://github.com/pallets/flask/issues/620#issuecomment-39633507",
            "issue_url": "https://api.github.com/repos/pallets/flask/issues/620",
            "id": 39633507,
            "node_id": "MDEyOklzc3VlQ29tbWVudDM5NjMzNTA3",
            "user": {
                "login": "untitaker",
                "id": 837573,
                "node_id": "MDQ6VXNlcjgzNzU3Mw==",
                "avatar_url": "https://avatars0.githubusercontent.com/u/837573?v=4",
                "gravatar_id": "",
                "url": "https://api.github.com/users/untitaker",
                "html_url": "https://github.com/untitaker",
                "followers_url": "https://api.github.com/users/untitaker/followers",
                "following_url": "https://api.github.com/users/untitaker/following{/other_user}",
                "gists_url": "https://api.github.com/users/untitaker/gists{/gist_id}",
                "starred_url": "https://api.github.com/users/untitaker/starred{/owner}{/repo}",
                "subscriptions_url": "https://api.github.com/users/untitaker/subscriptions",
                "organizations_url": "https://api.github.com/users/untitaker/orgs",
                "repos_url": "https://api.github.com/users/untitaker/repos",
                "events_url": "https://api.github.com/users/untitaker/events{/privacy}",
                "received_events_url": "https://api.github.com/users/untitaker/received_events",
                "type": "User",
                "site_admin": false
            },
            "created_at": "2014-04-05T09:41:42Z",
            "updated_at": "2014-04-05T09:41:42Z",
            "author_association": "MEMBER",
            "body": "I've found this: http://azure.microsoft.com/en-us/documentation/articles/web-sites-python-configure/\n"
        },
        {
            "url": "https://api.github.com/repos/pallets/flask/issues/comments/152775632",
            "html_url": "https://github.com/pallets/flask/issues/620#issuecomment-152775632",
            "issue_url": "https://api.github.com/repos/pallets/flask/issues/620",
            "id": 152775632,
            "node_id": "MDEyOklzc3VlQ29tbWVudDE1Mjc3NTYzMg==",
            "user": {
                "login": "davidism",
                "id": 1242887,
                "node_id": "MDQ6VXNlcjEyNDI4ODc=",
                "avatar_url": "https://avatars1.githubusercontent.com/u/1242887?v=4",
                "gravatar_id": "",
                "url": "https://api.github.com/users/davidism",
                "html_url": "https://github.com/davidism",
                "followers_url": "https://api.github.com/users/davidism/followers",
                "following_url": "https://api.github.com/users/davidism/following{/other_user}",
                "gists_url": "https://api.github.com/users/davidism/gists{/gist_id}",
                "starred_url": "https://api.github.com/users/davidism/starred{/owner}{/repo}",
                "subscriptions_url": "https://api.github.com/users/davidism/subscriptions",
                "organizations_url": "https://api.github.com/users/davidism/orgs",
                "repos_url": "https://api.github.com/users/davidism/repos",
                "events_url": "https://api.github.com/users/davidism/events{/privacy}",
                "received_events_url": "https://api.github.com/users/davidism/received_events",
                "type": "User",
                "site_admin": false
            },
            "created_at": "2015-10-31T21:51:13Z",
            "updated_at": "2015-10-31T21:51:13Z",
            "author_association": "MEMBER",
            "body": "Feedback isn't available anymore and no one else has mentioned IIS in the last year.   I'm not familiar with IIS, but those official docs look pretty thorough, and also complicated enough that I'm not sure how we'd summarize and keep that up to date in our docs.  Closing for now, if anyone has further interest in this please open a new issue.\n"
        },
        {
            "url": "https://api.github.com/repos/pallets/flask/issues/comments/152777922",
            "html_url": "https://github.com/pallets/flask/issues/620#issuecomment-152777922",
            "issue_url": "https://api.github.com/repos/pallets/flask/issues/620",
            "id": 152777922,
            "node_id": "MDEyOklzc3VlQ29tbWVudDE1Mjc3NzkyMg==",
            "user": {
                "login": "davidism",
                "id": 1242887,
                "node_id": "MDQ6VXNlcjEyNDI4ODc=",
                "avatar_url": "https://avatars1.githubusercontent.com/u/1242887?v=4",
                "gravatar_id": "",
                "url": "https://api.github.com/users/davidism",
                "html_url": "https://github.com/davidism",
                "followers_url": "https://api.github.com/users/davidism/followers",
                "following_url": "https://api.github.com/users/davidism/following{/other_user}",
                "gists_url": "https://api.github.com/users/davidism/gists{/gist_id}",
                "starred_url": "https://api.github.com/users/davidism/starred{/owner}{/repo}",
                "subscriptions_url": "https://api.github.com/users/davidism/subscriptions",
                "organizations_url": "https://api.github.com/users/davidism/orgs",
                "repos_url": "https://api.github.com/users/davidism/repos",
                "events_url": "https://api.github.com/users/davidism/events{/privacy}",
                "received_events_url": "https://api.github.com/users/davidism/received_events",
                "type": "User",
                "site_admin": false
            },
            "created_at": "2015-10-31T22:18:39Z",
            "updated_at": "2015-10-31T22:18:39Z",
            "author_association": "MEMBER",
            "body": "Compromising by adding the linked article to the deploy index.  41622c8d681a170f39df2ab8dff170d3b8d2d139\n"
        }
    ]
}