{
    "url": "https://api.github.com/repos/pallets/flask/issues/623",
    "repository_url": "https://api.github.com/repos/pallets/flask",
    "labels_url": "https://api.github.com/repos/pallets/flask/issues/623/labels{/name}",
    "comments_url": "https://api.github.com/repos/pallets/flask/issues/623/comments",
    "events_url": "https://api.github.com/repos/pallets/flask/issues/623/events",
    "html_url": "https://github.com/pallets/flask/issues/623",
    "id": 8068025,
    "node_id": "MDU6SXNzdWU4MDY4MDI1",
    "number": 623,
    "title": "missing text in url_for() app context RuntimeError message",
    "user": {
        "login": "joeshaw",
        "id": 39916,
        "node_id": "MDQ6VXNlcjM5OTE2",
        "avatar_url": "https://avatars2.githubusercontent.com/u/39916?v=4",
        "gravatar_id": "",
        "url": "https://api.github.com/users/joeshaw",
        "html_url": "https://github.com/joeshaw",
        "followers_url": "https://api.github.com/users/joeshaw/followers",
        "following_url": "https://api.github.com/users/joeshaw/following{/other_user}",
        "gists_url": "https://api.github.com/users/joeshaw/gists{/gist_id}",
        "starred_url": "https://api.github.com/users/joeshaw/starred{/owner}{/repo}",
        "subscriptions_url": "https://api.github.com/users/joeshaw/subscriptions",
        "organizations_url": "https://api.github.com/users/joeshaw/orgs",
        "repos_url": "https://api.github.com/users/joeshaw/repos",
        "events_url": "https://api.github.com/users/joeshaw/events{/privacy}",
        "received_events_url": "https://api.github.com/users/joeshaw/received_events",
        "type": "User",
        "site_admin": false
    },
    "labels": [],
    "state": "closed",
    "locked": false,
    "assignee": null,
    "assignees": [],
    "milestone": null,
    "comments": 1,
    "created_at": "2012-11-02T18:56:35Z",
    "updated_at": "2013-01-25T04:13:31Z",
    "closed_at": "2013-01-25T04:13:31Z",
    "author_association": "NONE",
    "body": "In `flask/helpers.py`, near the top of `url_for()` there is this code:\n\n``` python\n    appctx = _app_ctx_stack.top\n    reqctx = _request_ctx_stack.top\n    if appctx is None:\n        raise RuntimeError('Attempted to generate a URL with the application '\n                           'context being pushed.  This has to be executed ')\n```\n\nIt looks like that `RuntimeError` message is cut off.  This has to be executed when? :)\n",
    "comments_inline": [
        {
            "url": "https://api.github.com/repos/pallets/flask/issues/comments/10171188",
            "html_url": "https://github.com/pallets/flask/issues/623#issuecomment-10171188",
            "issue_url": "https://api.github.com/repos/pallets/flask/issues/623",
            "id": 10171188,
            "node_id": "MDEyOklzc3VlQ29tbWVudDEwMTcxMTg4",
            "user": {
                "login": "soulseekah",
                "id": 685880,
                "node_id": "MDQ6VXNlcjY4NTg4MA==",
                "avatar_url": "https://avatars2.githubusercontent.com/u/685880?v=4",
                "gravatar_id": "",
                "url": "https://api.github.com/users/soulseekah",
                "html_url": "https://github.com/soulseekah",
                "followers_url": "https://api.github.com/users/soulseekah/followers",
                "following_url": "https://api.github.com/users/soulseekah/following{/other_user}",
                "gists_url": "https://api.github.com/users/soulseekah/gists{/gist_id}",
                "starred_url": "https://api.github.com/users/soulseekah/starred{/owner}{/repo}",
                "subscriptions_url": "https://api.github.com/users/soulseekah/subscriptions",
                "organizations_url": "https://api.github.com/users/soulseekah/orgs",
                "repos_url": "https://api.github.com/users/soulseekah/repos",
                "events_url": "https://api.github.com/users/soulseekah/events{/privacy}",
                "received_events_url": "https://api.github.com/users/soulseekah/received_events",
                "type": "User",
                "site_admin": false
            },
            "created_at": "2012-11-08T00:20:24Z",
            "updated_at": "2012-11-08T00:20:24Z",
            "author_association": "CONTRIBUTOR",
            "body": "...when an application context is available?\n"
        }
    ]
}