{
    "url": "https://api.github.com/repos/pallets/flask/issues/627",
    "repository_url": "https://api.github.com/repos/pallets/flask",
    "labels_url": "https://api.github.com/repos/pallets/flask/issues/627/labels{/name}",
    "comments_url": "https://api.github.com/repos/pallets/flask/issues/627/comments",
    "events_url": "https://api.github.com/repos/pallets/flask/issues/627/events",
    "html_url": "https://github.com/pallets/flask/pull/627",
    "id": 8127156,
    "node_id": "MDExOlB1bGxSZXF1ZXN0Mjg5MjY0MA==",
    "number": 627,
    "title": "Support Python 3 using 2to3 - passes tests with py25-27,py32,pypy",
    "user": {
        "login": "puzzlet",
        "id": 787236,
        "node_id": "MDQ6VXNlcjc4NzIzNg==",
        "avatar_url": "https://avatars0.githubusercontent.com/u/787236?v=4",
        "gravatar_id": "",
        "url": "https://api.github.com/users/puzzlet",
        "html_url": "https://github.com/puzzlet",
        "followers_url": "https://api.github.com/users/puzzlet/followers",
        "following_url": "https://api.github.com/users/puzzlet/following{/other_user}",
        "gists_url": "https://api.github.com/users/puzzlet/gists{/gist_id}",
        "starred_url": "https://api.github.com/users/puzzlet/starred{/owner}{/repo}",
        "subscriptions_url": "https://api.github.com/users/puzzlet/subscriptions",
        "organizations_url": "https://api.github.com/users/puzzlet/orgs",
        "repos_url": "https://api.github.com/users/puzzlet/repos",
        "events_url": "https://api.github.com/users/puzzlet/events{/privacy}",
        "received_events_url": "https://api.github.com/users/puzzlet/received_events",
        "type": "User",
        "site_admin": false
    },
    "labels": [],
    "state": "closed",
    "locked": false,
    "assignee": null,
    "assignees": [],
    "milestone": null,
    "comments": 8,
    "created_at": "2012-11-06T02:54:46Z",
    "updated_at": "2014-06-14T17:05:48Z",
    "closed_at": "2013-06-19T14:30:00Z",
    "author_association": "NONE",
    "pull_request": {
        "url": "https://api.github.com/repos/pallets/flask/pulls/627",
        "html_url": "https://github.com/pallets/flask/pull/627",
        "diff_url": "https://github.com/pallets/flask/pull/627.diff",
        "patch_url": "https://github.com/pallets/flask/pull/627.patch"
    },
    "body": "This branch supports Python 2.5 through 3.2, passes all the tests when used with [2to3 port of Werkzeug](https://github.com/mitsuhiko/werkzeug/pull/231) and [itsdangerous](https://github.com/mitsuhiko/itsdangerous/pull/14) (In Python 3.1, it leaks memory for some reason)\n",
    "comments_inline": [
        {
            "url": "https://api.github.com/repos/pallets/flask/issues/comments/10100846",
            "html_url": "https://github.com/pallets/flask/pull/627#issuecomment-10100846",
            "issue_url": "https://api.github.com/repos/pallets/flask/issues/627",
            "id": 10100846,
            "node_id": "MDEyOklzc3VlQ29tbWVudDEwMTAwODQ2",
            "user": {
                "login": "soulseekah",
                "id": 685880,
                "node_id": "MDQ6VXNlcjY4NTg4MA==",
                "avatar_url": "https://avatars2.githubusercontent.com/u/685880?v=4",
                "gravatar_id": "",
                "url": "https://api.github.com/users/soulseekah",
                "html_url": "https://github.com/soulseekah",
                "followers_url": "https://api.github.com/users/soulseekah/followers",
                "following_url": "https://api.github.com/users/soulseekah/following{/other_user}",
                "gists_url": "https://api.github.com/users/soulseekah/gists{/gist_id}",
                "starred_url": "https://api.github.com/users/soulseekah/starred{/owner}{/repo}",
                "subscriptions_url": "https://api.github.com/users/soulseekah/subscriptions",
                "organizations_url": "https://api.github.com/users/soulseekah/orgs",
                "repos_url": "https://api.github.com/users/soulseekah/repos",
                "events_url": "https://api.github.com/users/soulseekah/events{/privacy}",
                "received_events_url": "https://api.github.com/users/soulseekah/received_events",
                "type": "User",
                "site_admin": false
            },
            "created_at": "2012-11-06T06:49:57Z",
            "updated_at": "2012-11-06T06:50:30Z",
            "author_association": "CONTRIBUTOR",
            "body": "It still failed https://travis-ci.org/#!/mitsuhiko/flask/jobs/3077101 couldn't get simplejson. Is there a way to rerun this commit? It seems they had a network issue or something.\n"
        },
        {
            "url": "https://api.github.com/repos/pallets/flask/issues/comments/10138007",
            "html_url": "https://github.com/pallets/flask/pull/627#issuecomment-10138007",
            "issue_url": "https://api.github.com/repos/pallets/flask/issues/627",
            "id": 10138007,
            "node_id": "MDEyOklzc3VlQ29tbWVudDEwMTM4MDA3",
            "user": {
                "login": "sigmavirus24",
                "id": 240830,
                "node_id": "MDQ6VXNlcjI0MDgzMA==",
                "avatar_url": "https://avatars3.githubusercontent.com/u/240830?v=4",
                "gravatar_id": "",
                "url": "https://api.github.com/users/sigmavirus24",
                "html_url": "https://github.com/sigmavirus24",
                "followers_url": "https://api.github.com/users/sigmavirus24/followers",
                "following_url": "https://api.github.com/users/sigmavirus24/following{/other_user}",
                "gists_url": "https://api.github.com/users/sigmavirus24/gists{/gist_id}",
                "starred_url": "https://api.github.com/users/sigmavirus24/starred{/owner}{/repo}",
                "subscriptions_url": "https://api.github.com/users/sigmavirus24/subscriptions",
                "organizations_url": "https://api.github.com/users/sigmavirus24/orgs",
                "repos_url": "https://api.github.com/users/sigmavirus24/repos",
                "events_url": "https://api.github.com/users/sigmavirus24/events{/privacy}",
                "received_events_url": "https://api.github.com/users/sigmavirus24/received_events",
                "type": "User",
                "site_admin": false
            },
            "created_at": "2012-11-07T04:54:40Z",
            "updated_at": "2012-11-07T04:54:40Z",
            "author_association": "NONE",
            "body": "@soulseekah yeah, unfortunately it seems that Travis has been erroring out for horribly random reasons. @puzzlet should see if there's a way he can kick it. Maybe closing/reopening the pull would work.\n"
        },
        {
            "url": "https://api.github.com/repos/pallets/flask/issues/comments/10138109",
            "html_url": "https://github.com/pallets/flask/pull/627#issuecomment-10138109",
            "issue_url": "https://api.github.com/repos/pallets/flask/issues/627",
            "id": 10138109,
            "node_id": "MDEyOklzc3VlQ29tbWVudDEwMTM4MTA5",
            "user": {
                "login": "soulseekah",
                "id": 685880,
                "node_id": "MDQ6VXNlcjY4NTg4MA==",
                "avatar_url": "https://avatars2.githubusercontent.com/u/685880?v=4",
                "gravatar_id": "",
                "url": "https://api.github.com/users/soulseekah",
                "html_url": "https://github.com/soulseekah",
                "followers_url": "https://api.github.com/users/soulseekah/followers",
                "following_url": "https://api.github.com/users/soulseekah/following{/other_user}",
                "gists_url": "https://api.github.com/users/soulseekah/gists{/gist_id}",
                "starred_url": "https://api.github.com/users/soulseekah/starred{/owner}{/repo}",
                "subscriptions_url": "https://api.github.com/users/soulseekah/subscriptions",
                "organizations_url": "https://api.github.com/users/soulseekah/orgs",
                "repos_url": "https://api.github.com/users/soulseekah/repos",
                "events_url": "https://api.github.com/users/soulseekah/events{/privacy}",
                "received_events_url": "https://api.github.com/users/soulseekah/received_events",
                "type": "User",
                "site_admin": false
            },
            "created_at": "2012-11-07T05:05:22Z",
            "updated_at": "2012-11-07T05:05:22Z",
            "author_association": "CONTRIBUTOR",
            "body": "Well one of the core maintainers with merge privileges would still have to test this themselves anyway.\n"
        },
        {
            "url": "https://api.github.com/repos/pallets/flask/issues/comments/10153036",
            "html_url": "https://github.com/pallets/flask/pull/627#issuecomment-10153036",
            "issue_url": "https://api.github.com/repos/pallets/flask/issues/627",
            "id": 10153036,
            "node_id": "MDEyOklzc3VlQ29tbWVudDEwMTUzMDM2",
            "user": {
                "login": "sigmavirus24",
                "id": 240830,
                "node_id": "MDQ6VXNlcjI0MDgzMA==",
                "avatar_url": "https://avatars3.githubusercontent.com/u/240830?v=4",
                "gravatar_id": "",
                "url": "https://api.github.com/users/sigmavirus24",
                "html_url": "https://github.com/sigmavirus24",
                "followers_url": "https://api.github.com/users/sigmavirus24/followers",
                "following_url": "https://api.github.com/users/sigmavirus24/following{/other_user}",
                "gists_url": "https://api.github.com/users/sigmavirus24/gists{/gist_id}",
                "starred_url": "https://api.github.com/users/sigmavirus24/starred{/owner}{/repo}",
                "subscriptions_url": "https://api.github.com/users/sigmavirus24/subscriptions",
                "organizations_url": "https://api.github.com/users/sigmavirus24/orgs",
                "repos_url": "https://api.github.com/users/sigmavirus24/repos",
                "events_url": "https://api.github.com/users/sigmavirus24/events{/privacy}",
                "received_events_url": "https://api.github.com/users/sigmavirus24/received_events",
                "type": "User",
                "site_admin": false
            },
            "created_at": "2012-11-07T15:51:55Z",
            "updated_at": "2012-11-07T15:51:55Z",
            "author_association": "NONE",
            "body": "@soulseekah yeah, I was just saying, he needed to do it so they could see that off the bat. Also, @puzzlet could you add python 3.2 to the .travis.yml build matrix? That provides the results that are very relevant to this. Also, if Travis has begun to offer 3.3 yet, that too. \n"
        },
        {
            "url": "https://api.github.com/repos/pallets/flask/issues/comments/10153814",
            "html_url": "https://github.com/pallets/flask/pull/627#issuecomment-10153814",
            "issue_url": "https://api.github.com/repos/pallets/flask/issues/627",
            "id": 10153814,
            "node_id": "MDEyOklzc3VlQ29tbWVudDEwMTUzODE0",
            "user": {
                "login": "puzzlet",
                "id": 787236,
                "node_id": "MDQ6VXNlcjc4NzIzNg==",
                "avatar_url": "https://avatars0.githubusercontent.com/u/787236?v=4",
                "gravatar_id": "",
                "url": "https://api.github.com/users/puzzlet",
                "html_url": "https://github.com/puzzlet",
                "followers_url": "https://api.github.com/users/puzzlet/followers",
                "following_url": "https://api.github.com/users/puzzlet/following{/other_user}",
                "gists_url": "https://api.github.com/users/puzzlet/gists{/gist_id}",
                "starred_url": "https://api.github.com/users/puzzlet/starred{/owner}{/repo}",
                "subscriptions_url": "https://api.github.com/users/puzzlet/subscriptions",
                "organizations_url": "https://api.github.com/users/puzzlet/orgs",
                "repos_url": "https://api.github.com/users/puzzlet/repos",
                "events_url": "https://api.github.com/users/puzzlet/events{/privacy}",
                "received_events_url": "https://api.github.com/users/puzzlet/received_events",
                "type": "User",
                "site_admin": false
            },
            "created_at": "2012-11-07T16:10:29Z",
            "updated_at": "2012-11-07T16:22:09Z",
            "author_association": "NONE",
            "body": "@sigmavirus24 Well, with python 3 the test in Travis would fail because Werkzeug and itsdangerous have no support in the upstream yet. Or is there a way to configure Travis to fetch them from the [git](https://github.com/puzzlet/werkzeug/commits/feature/2to3) [repositories](https://github.com/puzzlet/itsdangerous/commits/feature/2to3) beforehand?\n"
        },
        {
            "url": "https://api.github.com/repos/pallets/flask/issues/comments/10154502",
            "html_url": "https://github.com/pallets/flask/pull/627#issuecomment-10154502",
            "issue_url": "https://api.github.com/repos/pallets/flask/issues/627",
            "id": 10154502,
            "node_id": "MDEyOklzc3VlQ29tbWVudDEwMTU0NTAy",
            "user": {
                "login": "sigmavirus24",
                "id": 240830,
                "node_id": "MDQ6VXNlcjI0MDgzMA==",
                "avatar_url": "https://avatars3.githubusercontent.com/u/240830?v=4",
                "gravatar_id": "",
                "url": "https://api.github.com/users/sigmavirus24",
                "html_url": "https://github.com/sigmavirus24",
                "followers_url": "https://api.github.com/users/sigmavirus24/followers",
                "following_url": "https://api.github.com/users/sigmavirus24/following{/other_user}",
                "gists_url": "https://api.github.com/users/sigmavirus24/gists{/gist_id}",
                "starred_url": "https://api.github.com/users/sigmavirus24/starred{/owner}{/repo}",
                "subscriptions_url": "https://api.github.com/users/sigmavirus24/subscriptions",
                "organizations_url": "https://api.github.com/users/sigmavirus24/orgs",
                "repos_url": "https://api.github.com/users/sigmavirus24/repos",
                "events_url": "https://api.github.com/users/sigmavirus24/events{/privacy}",
                "received_events_url": "https://api.github.com/users/sigmavirus24/received_events",
                "type": "User",
                "site_admin": false
            },
            "created_at": "2012-11-07T16:26:37Z",
            "updated_at": "2012-11-07T16:26:37Z",
            "author_association": "NONE",
            "body": "Add a file named `requirements.txt` with `-e git+git://github.com/puzzlet/werkzeug@feature/2to3` for werkzeug and a similar url for itsdangerous. I believe the `@` will designate the branch. Also to the .travis.yml add the line:\n\n`install: pip install -r requirements.txt --use-mirrors`. This way they'll pre-empt the installs performed in `setup.py`. Of course, @mitsuhiko might not appreciate that, but this will prove that those 3 together allow for a port to python3.\n"
        },
        {
            "url": "https://api.github.com/repos/pallets/flask/issues/comments/10253840",
            "html_url": "https://github.com/pallets/flask/pull/627#issuecomment-10253840",
            "issue_url": "https://api.github.com/repos/pallets/flask/issues/627",
            "id": 10253840,
            "node_id": "MDEyOklzc3VlQ29tbWVudDEwMjUzODQw",
            "user": {
                "login": "soulseekah",
                "id": 685880,
                "node_id": "MDQ6VXNlcjY4NTg4MA==",
                "avatar_url": "https://avatars2.githubusercontent.com/u/685880?v=4",
                "gravatar_id": "",
                "url": "https://api.github.com/users/soulseekah",
                "html_url": "https://github.com/soulseekah",
                "followers_url": "https://api.github.com/users/soulseekah/followers",
                "following_url": "https://api.github.com/users/soulseekah/following{/other_user}",
                "gists_url": "https://api.github.com/users/soulseekah/gists{/gist_id}",
                "starred_url": "https://api.github.com/users/soulseekah/starred{/owner}{/repo}",
                "subscriptions_url": "https://api.github.com/users/soulseekah/subscriptions",
                "organizations_url": "https://api.github.com/users/soulseekah/orgs",
                "repos_url": "https://api.github.com/users/soulseekah/repos",
                "events_url": "https://api.github.com/users/soulseekah/events{/privacy}",
                "received_events_url": "https://api.github.com/users/soulseekah/received_events",
                "type": "User",
                "site_admin": false
            },
            "created_at": "2012-11-10T10:34:34Z",
            "updated_at": "2012-11-10T10:34:34Z",
            "author_association": "CONTRIBUTOR",
            "body": "Interesting, thank you for your effort @puzzlet\n"
        },
        {
            "url": "https://api.github.com/repos/pallets/flask/issues/comments/19687535",
            "html_url": "https://github.com/pallets/flask/pull/627#issuecomment-19687535",
            "issue_url": "https://api.github.com/repos/pallets/flask/issues/627",
            "id": 19687535,
            "node_id": "MDEyOklzc3VlQ29tbWVudDE5Njg3NTM1",
            "user": {
                "login": "DasIch",
                "id": 182316,
                "node_id": "MDQ6VXNlcjE4MjMxNg==",
                "avatar_url": "https://avatars0.githubusercontent.com/u/182316?v=4",
                "gravatar_id": "",
                "url": "https://api.github.com/users/DasIch",
                "html_url": "https://github.com/DasIch",
                "followers_url": "https://api.github.com/users/DasIch/followers",
                "following_url": "https://api.github.com/users/DasIch/following{/other_user}",
                "gists_url": "https://api.github.com/users/DasIch/gists{/gist_id}",
                "starred_url": "https://api.github.com/users/DasIch/starred{/owner}{/repo}",
                "subscriptions_url": "https://api.github.com/users/DasIch/subscriptions",
                "organizations_url": "https://api.github.com/users/DasIch/orgs",
                "repos_url": "https://api.github.com/users/DasIch/repos",
                "events_url": "https://api.github.com/users/DasIch/events{/privacy}",
                "received_events_url": "https://api.github.com/users/DasIch/received_events",
                "type": "User",
                "site_admin": false
            },
            "created_at": "2013-06-19T14:30:00Z",
            "updated_at": "2013-06-19T14:30:00Z",
            "author_association": "CONTRIBUTOR",
            "body": "We support 3.3 now.\n"
        }
    ]
}