{
    "url": "https://api.github.com/repos/pallets/flask/issues/63",
    "repository_url": "https://api.github.com/repos/pallets/flask",
    "labels_url": "https://api.github.com/repos/pallets/flask/issues/63/labels{/name}",
    "comments_url": "https://api.github.com/repos/pallets/flask/issues/63/comments",
    "events_url": "https://api.github.com/repos/pallets/flask/issues/63/events",
    "html_url": "https://github.com/pallets/flask/issues/63",
    "id": 213532,
    "node_id": "MDU6SXNzdWUyMTM1MzI=",
    "number": 63,
    "title": "Update Design Decisions based on recent changes",
    "user": {
        "login": "mitsuhiko",
        "id": 7396,
        "node_id": "MDQ6VXNlcjczOTY=",
        "avatar_url": "https://avatars1.githubusercontent.com/u/7396?v=4",
        "gravatar_id": "",
        "url": "https://api.github.com/users/mitsuhiko",
        "html_url": "https://github.com/mitsuhiko",
        "followers_url": "https://api.github.com/users/mitsuhiko/followers",
        "following_url": "https://api.github.com/users/mitsuhiko/following{/other_user}",
        "gists_url": "https://api.github.com/users/mitsuhiko/gists{/gist_id}",
        "starred_url": "https://api.github.com/users/mitsuhiko/starred{/owner}{/repo}",
        "subscriptions_url": "https://api.github.com/users/mitsuhiko/subscriptions",
        "organizations_url": "https://api.github.com/users/mitsuhiko/orgs",
        "repos_url": "https://api.github.com/users/mitsuhiko/repos",
        "events_url": "https://api.github.com/users/mitsuhiko/events{/privacy}",
        "received_events_url": "https://api.github.com/users/mitsuhiko/received_events",
        "type": "User",
        "site_admin": false
    },
    "labels": [],
    "state": "closed",
    "locked": false,
    "assignee": null,
    "assignees": [],
    "milestone": null,
    "comments": 1,
    "created_at": "2010-06-03T15:23:58Z",
    "updated_at": "2010-06-18T15:03:37Z",
    "closed_at": "2010-06-18T15:03:37Z",
    "author_association": "MEMBER",
    "body": "The design decisions document is slightly outdated. Things that should be covered:\n- multiple apps\n- register_module()\n- logging maybe\n- what should go into flask and what not\n",
    "comments_inline": [
        {
            "url": "https://api.github.com/repos/pallets/flask/issues/comments/279973",
            "html_url": "https://github.com/pallets/flask/issues/63#issuecomment-279973",
            "issue_url": "https://api.github.com/repos/pallets/flask/issues/63",
            "id": 279973,
            "node_id": "MDEyOklzc3VlQ29tbWVudDI3OTk3Mw==",
            "user": {
                "login": "mitsuhiko",
                "id": 7396,
                "node_id": "MDQ6VXNlcjczOTY=",
                "avatar_url": "https://avatars1.githubusercontent.com/u/7396?v=4",
                "gravatar_id": "",
                "url": "https://api.github.com/users/mitsuhiko",
                "html_url": "https://github.com/mitsuhiko",
                "followers_url": "https://api.github.com/users/mitsuhiko/followers",
                "following_url": "https://api.github.com/users/mitsuhiko/following{/other_user}",
                "gists_url": "https://api.github.com/users/mitsuhiko/gists{/gist_id}",
                "starred_url": "https://api.github.com/users/mitsuhiko/starred{/owner}{/repo}",
                "subscriptions_url": "https://api.github.com/users/mitsuhiko/subscriptions",
                "organizations_url": "https://api.github.com/users/mitsuhiko/orgs",
                "repos_url": "https://api.github.com/users/mitsuhiko/repos",
                "events_url": "https://api.github.com/users/mitsuhiko/events{/privacy}",
                "received_events_url": "https://api.github.com/users/mitsuhiko/received_events",
                "type": "User",
                "site_admin": false
            },
            "created_at": "2010-06-18T15:03:37Z",
            "updated_at": "2010-06-18T15:03:37Z",
            "author_association": "MEMBER",
            "body": "Updated design decisions.  This closed by fe35105bec80bbb7cbba1b1d6414612fe85873cd\n"
        }
    ]
}