{
    "url": "https://api.github.com/repos/pallets/flask/issues/634",
    "repository_url": "https://api.github.com/repos/pallets/flask",
    "labels_url": "https://api.github.com/repos/pallets/flask/issues/634/labels{/name}",
    "comments_url": "https://api.github.com/repos/pallets/flask/issues/634/comments",
    "events_url": "https://api.github.com/repos/pallets/flask/issues/634/events",
    "html_url": "https://github.com/pallets/flask/pull/634",
    "id": 8309387,
    "node_id": "MDExOlB1bGxSZXF1ZXN0Mjk3NDc1OA==",
    "number": 634,
    "title": "correcting typo",
    "user": {
        "login": "maxcountryman",
        "id": 74351,
        "node_id": "MDQ6VXNlcjc0MzUx",
        "avatar_url": "https://avatars3.githubusercontent.com/u/74351?v=4",
        "gravatar_id": "",
        "url": "https://api.github.com/users/maxcountryman",
        "html_url": "https://github.com/maxcountryman",
        "followers_url": "https://api.github.com/users/maxcountryman/followers",
        "following_url": "https://api.github.com/users/maxcountryman/following{/other_user}",
        "gists_url": "https://api.github.com/users/maxcountryman/gists{/gist_id}",
        "starred_url": "https://api.github.com/users/maxcountryman/starred{/owner}{/repo}",
        "subscriptions_url": "https://api.github.com/users/maxcountryman/subscriptions",
        "organizations_url": "https://api.github.com/users/maxcountryman/orgs",
        "repos_url": "https://api.github.com/users/maxcountryman/repos",
        "events_url": "https://api.github.com/users/maxcountryman/events{/privacy}",
        "received_events_url": "https://api.github.com/users/maxcountryman/received_events",
        "type": "User",
        "site_admin": false
    },
    "labels": [],
    "state": "closed",
    "locked": false,
    "assignee": null,
    "assignees": [],
    "milestone": null,
    "comments": 1,
    "created_at": "2012-11-13T00:59:50Z",
    "updated_at": "2014-06-14T17:05:29Z",
    "closed_at": "2012-11-16T01:56:45Z",
    "author_association": "CONTRIBUTOR",
    "pull_request": {
        "url": "https://api.github.com/repos/pallets/flask/pulls/634",
        "html_url": "https://github.com/pallets/flask/pull/634",
        "diff_url": "https://github.com/pallets/flask/pull/634.diff",
        "patch_url": "https://github.com/pallets/flask/pull/634.patch"
    },
    "body": "",
    "comments_inline": [
        {
            "url": "https://api.github.com/repos/pallets/flask/issues/comments/10433896",
            "html_url": "https://github.com/pallets/flask/pull/634#issuecomment-10433896",
            "issue_url": "https://api.github.com/repos/pallets/flask/issues/634",
            "id": 10433896,
            "node_id": "MDEyOklzc3VlQ29tbWVudDEwNDMzODk2",
            "user": {
                "login": "kennethreitz",
                "id": 119893,
                "node_id": "MDQ6VXNlcjExOTg5Mw==",
                "avatar_url": "https://avatars2.githubusercontent.com/u/119893?v=4",
                "gravatar_id": "",
                "url": "https://api.github.com/users/kennethreitz",
                "html_url": "https://github.com/kennethreitz",
                "followers_url": "https://api.github.com/users/kennethreitz/followers",
                "following_url": "https://api.github.com/users/kennethreitz/following{/other_user}",
                "gists_url": "https://api.github.com/users/kennethreitz/gists{/gist_id}",
                "starred_url": "https://api.github.com/users/kennethreitz/starred{/owner}{/repo}",
                "subscriptions_url": "https://api.github.com/users/kennethreitz/subscriptions",
                "organizations_url": "https://api.github.com/users/kennethreitz/orgs",
                "repos_url": "https://api.github.com/users/kennethreitz/repos",
                "events_url": "https://api.github.com/users/kennethreitz/events{/privacy}",
                "received_events_url": "https://api.github.com/users/kennethreitz/received_events",
                "type": "User",
                "site_admin": false
            },
            "created_at": "2012-11-16T01:56:43Z",
            "updated_at": "2012-11-16T01:56:43Z",
            "author_association": "CONTRIBUTOR",
            "body": "Haha, awesome ;)\n"
        }
    ]
}