{
    "url": "https://api.github.com/repos/pallets/flask/issues/635",
    "repository_url": "https://api.github.com/repos/pallets/flask",
    "labels_url": "https://api.github.com/repos/pallets/flask/issues/635/labels{/name}",
    "comments_url": "https://api.github.com/repos/pallets/flask/issues/635/comments",
    "events_url": "https://api.github.com/repos/pallets/flask/issues/635/events",
    "html_url": "https://github.com/pallets/flask/pull/635",
    "id": 8325331,
    "node_id": "MDExOlB1bGxSZXF1ZXN0Mjk4MjQwMg==",
    "number": 635,
    "title": "Replace obsolete website reference with successor",
    "user": {
        "login": "ThiefMaster",
        "id": 179599,
        "node_id": "MDQ6VXNlcjE3OTU5OQ==",
        "avatar_url": "https://avatars1.githubusercontent.com/u/179599?v=4",
        "gravatar_id": "",
        "url": "https://api.github.com/users/ThiefMaster",
        "html_url": "https://github.com/ThiefMaster",
        "followers_url": "https://api.github.com/users/ThiefMaster/followers",
        "following_url": "https://api.github.com/users/ThiefMaster/following{/other_user}",
        "gists_url": "https://api.github.com/users/ThiefMaster/gists{/gist_id}",
        "starred_url": "https://api.github.com/users/ThiefMaster/starred{/owner}{/repo}",
        "subscriptions_url": "https://api.github.com/users/ThiefMaster/subscriptions",
        "organizations_url": "https://api.github.com/users/ThiefMaster/orgs",
        "repos_url": "https://api.github.com/users/ThiefMaster/repos",
        "events_url": "https://api.github.com/users/ThiefMaster/events{/privacy}",
        "received_events_url": "https://api.github.com/users/ThiefMaster/received_events",
        "type": "User",
        "site_admin": false
    },
    "labels": [],
    "state": "closed",
    "locked": false,
    "assignee": null,
    "assignees": [],
    "milestone": null,
    "comments": 1,
    "created_at": "2012-11-13T15:42:21Z",
    "updated_at": "2015-03-08T11:51:58Z",
    "closed_at": "2012-11-16T01:55:32Z",
    "author_association": "MEMBER",
    "pull_request": {
        "url": "https://api.github.com/repos/pallets/flask/pulls/635",
        "html_url": "https://github.com/pallets/flask/pull/635",
        "diff_url": "https://github.com/pallets/flask/pull/635.diff",
        "patch_url": "https://github.com/pallets/flask/pull/635.patch"
    },
    "body": "",
    "comments_inline": [
        {
            "url": "https://api.github.com/repos/pallets/flask/issues/comments/10433879",
            "html_url": "https://github.com/pallets/flask/pull/635#issuecomment-10433879",
            "issue_url": "https://api.github.com/repos/pallets/flask/issues/635",
            "id": 10433879,
            "node_id": "MDEyOklzc3VlQ29tbWVudDEwNDMzODc5",
            "user": {
                "login": "kennethreitz",
                "id": 119893,
                "node_id": "MDQ6VXNlcjExOTg5Mw==",
                "avatar_url": "https://avatars2.githubusercontent.com/u/119893?v=4",
                "gravatar_id": "",
                "url": "https://api.github.com/users/kennethreitz",
                "html_url": "https://github.com/kennethreitz",
                "followers_url": "https://api.github.com/users/kennethreitz/followers",
                "following_url": "https://api.github.com/users/kennethreitz/following{/other_user}",
                "gists_url": "https://api.github.com/users/kennethreitz/gists{/gist_id}",
                "starred_url": "https://api.github.com/users/kennethreitz/starred{/owner}{/repo}",
                "subscriptions_url": "https://api.github.com/users/kennethreitz/subscriptions",
                "organizations_url": "https://api.github.com/users/kennethreitz/orgs",
                "repos_url": "https://api.github.com/users/kennethreitz/repos",
                "events_url": "https://api.github.com/users/kennethreitz/events{/privacy}",
                "received_events_url": "https://api.github.com/users/kennethreitz/received_events",
                "type": "User",
                "site_admin": false
            },
            "created_at": "2012-11-16T01:55:30Z",
            "updated_at": "2012-11-16T01:55:30Z",
            "author_association": "CONTRIBUTOR",
            "body": "thanks!\n"
        }
    ]
}