{
    "url": "https://api.github.com/repos/pallets/flask/issues/640",
    "repository_url": "https://api.github.com/repos/pallets/flask",
    "labels_url": "https://api.github.com/repos/pallets/flask/issues/640/labels{/name}",
    "comments_url": "https://api.github.com/repos/pallets/flask/issues/640/comments",
    "events_url": "https://api.github.com/repos/pallets/flask/issues/640/events",
    "html_url": "https://github.com/pallets/flask/pull/640",
    "id": 8681790,
    "node_id": "MDExOlB1bGxSZXF1ZXN0MzEyMzYzMg==",
    "number": 640,
    "title": "Use stevedore to load extensions",
    "user": {
        "login": "marksteve",
        "id": 26679,
        "node_id": "MDQ6VXNlcjI2Njc5",
        "avatar_url": "https://avatars0.githubusercontent.com/u/26679?v=4",
        "gravatar_id": "",
        "url": "https://api.github.com/users/marksteve",
        "html_url": "https://github.com/marksteve",
        "followers_url": "https://api.github.com/users/marksteve/followers",
        "following_url": "https://api.github.com/users/marksteve/following{/other_user}",
        "gists_url": "https://api.github.com/users/marksteve/gists{/gist_id}",
        "starred_url": "https://api.github.com/users/marksteve/starred{/owner}{/repo}",
        "subscriptions_url": "https://api.github.com/users/marksteve/subscriptions",
        "organizations_url": "https://api.github.com/users/marksteve/orgs",
        "repos_url": "https://api.github.com/users/marksteve/repos",
        "events_url": "https://api.github.com/users/marksteve/events{/privacy}",
        "received_events_url": "https://api.github.com/users/marksteve/received_events",
        "type": "User",
        "site_admin": false
    },
    "labels": [],
    "state": "closed",
    "locked": false,
    "assignee": null,
    "assignees": [],
    "milestone": null,
    "comments": 3,
    "created_at": "2012-11-26T16:02:52Z",
    "updated_at": "2014-06-14T17:05:14Z",
    "closed_at": "2013-01-25T04:12:23Z",
    "author_association": "CONTRIBUTOR",
    "pull_request": {
        "url": "https://api.github.com/repos/pallets/flask/pulls/640",
        "html_url": "https://github.com/pallets/flask/pull/640",
        "diff_url": "https://github.com/pallets/flask/pull/640.diff",
        "patch_url": "https://github.com/pallets/flask/pull/640.patch"
    },
    "body": "I noticed stevedore when I updated to latest virtualenvwrapper recently.\nI think it's nice to be able to do something like this:\n\n``` python\nfrom setuptools import setup\n\nsetup(\n    name='Flask-SuperExtension',\n    version='0.0.0',\n    description='Super Extension',\n    py_modules=['super_extension'],\n    install_requires=['Flask'],\n    entry_points={\n        'flask.ext': [\n            'super_extension = super_extension',\n            ],\n        }\n)\n```\n\nI'm just throwing this out as an idea since it would add an extra dependancy.\n",
    "comments_inline": [
        {
            "url": "https://api.github.com/repos/pallets/flask/issues/comments/10721436",
            "html_url": "https://github.com/pallets/flask/pull/640#issuecomment-10721436",
            "issue_url": "https://api.github.com/repos/pallets/flask/issues/640",
            "id": 10721436,
            "node_id": "MDEyOklzc3VlQ29tbWVudDEwNzIxNDM2",
            "user": {
                "login": "mgax",
                "id": 27617,
                "node_id": "MDQ6VXNlcjI3NjE3",
                "avatar_url": "https://avatars2.githubusercontent.com/u/27617?v=4",
                "gravatar_id": "",
                "url": "https://api.github.com/users/mgax",
                "html_url": "https://github.com/mgax",
                "followers_url": "https://api.github.com/users/mgax/followers",
                "following_url": "https://api.github.com/users/mgax/following{/other_user}",
                "gists_url": "https://api.github.com/users/mgax/gists{/gist_id}",
                "starred_url": "https://api.github.com/users/mgax/starred{/owner}{/repo}",
                "subscriptions_url": "https://api.github.com/users/mgax/subscriptions",
                "organizations_url": "https://api.github.com/users/mgax/orgs",
                "repos_url": "https://api.github.com/users/mgax/repos",
                "events_url": "https://api.github.com/users/mgax/events{/privacy}",
                "received_events_url": "https://api.github.com/users/mgax/received_events",
                "type": "User",
                "site_admin": false
            },
            "created_at": "2012-11-26T16:14:29Z",
            "updated_at": "2012-11-26T16:14:29Z",
            "author_association": "CONTRIBUTOR",
            "body": "I think `pkg_resources` has enough support for loading entry points. `[ep.load() for ep in pkg_resources.iter_entry_points('flask.ext')]` returns `[super_extension]`.\n"
        },
        {
            "url": "https://api.github.com/repos/pallets/flask/issues/comments/10721833",
            "html_url": "https://github.com/pallets/flask/pull/640#issuecomment-10721833",
            "issue_url": "https://api.github.com/repos/pallets/flask/issues/640",
            "id": 10721833,
            "node_id": "MDEyOklzc3VlQ29tbWVudDEwNzIxODMz",
            "user": {
                "login": "marksteve",
                "id": 26679,
                "node_id": "MDQ6VXNlcjI2Njc5",
                "avatar_url": "https://avatars0.githubusercontent.com/u/26679?v=4",
                "gravatar_id": "",
                "url": "https://api.github.com/users/marksteve",
                "html_url": "https://github.com/marksteve",
                "followers_url": "https://api.github.com/users/marksteve/followers",
                "following_url": "https://api.github.com/users/marksteve/following{/other_user}",
                "gists_url": "https://api.github.com/users/marksteve/gists{/gist_id}",
                "starred_url": "https://api.github.com/users/marksteve/starred{/owner}{/repo}",
                "subscriptions_url": "https://api.github.com/users/marksteve/subscriptions",
                "organizations_url": "https://api.github.com/users/marksteve/orgs",
                "repos_url": "https://api.github.com/users/marksteve/repos",
                "events_url": "https://api.github.com/users/marksteve/events{/privacy}",
                "received_events_url": "https://api.github.com/users/marksteve/received_events",
                "type": "User",
                "site_admin": false
            },
            "created_at": "2012-11-26T16:23:44Z",
            "updated_at": "2012-11-26T16:23:44Z",
            "author_association": "CONTRIBUTOR",
            "body": "@magax Yeah. But I was also thinking about other stevedore use cases such as template/db drivers, enabled extensions, etc.\n"
        },
        {
            "url": "https://api.github.com/repos/pallets/flask/issues/comments/12687331",
            "html_url": "https://github.com/pallets/flask/pull/640#issuecomment-12687331",
            "issue_url": "https://api.github.com/repos/pallets/flask/issues/640",
            "id": 12687331,
            "node_id": "MDEyOklzc3VlQ29tbWVudDEyNjg3MzMx",
            "user": {
                "login": "kennethreitz",
                "id": 119893,
                "node_id": "MDQ6VXNlcjExOTg5Mw==",
                "avatar_url": "https://avatars2.githubusercontent.com/u/119893?v=4",
                "gravatar_id": "",
                "url": "https://api.github.com/users/kennethreitz",
                "html_url": "https://github.com/kennethreitz",
                "followers_url": "https://api.github.com/users/kennethreitz/followers",
                "following_url": "https://api.github.com/users/kennethreitz/following{/other_user}",
                "gists_url": "https://api.github.com/users/kennethreitz/gists{/gist_id}",
                "starred_url": "https://api.github.com/users/kennethreitz/starred{/owner}{/repo}",
                "subscriptions_url": "https://api.github.com/users/kennethreitz/subscriptions",
                "organizations_url": "https://api.github.com/users/kennethreitz/orgs",
                "repos_url": "https://api.github.com/users/kennethreitz/repos",
                "events_url": "https://api.github.com/users/kennethreitz/events{/privacy}",
                "received_events_url": "https://api.github.com/users/kennethreitz/received_events",
                "type": "User",
                "site_admin": false
            },
            "created_at": "2013-01-25T04:12:23Z",
            "updated_at": "2013-01-25T04:12:23Z",
            "author_association": "CONTRIBUTOR",
            "body": "I think this is unnecessary at this point. Thanks though, looks like something to consider in the future.\n"
        }
    ]
}