{
    "url": "https://api.github.com/repos/pallets/flask/issues/645",
    "repository_url": "https://api.github.com/repos/pallets/flask",
    "labels_url": "https://api.github.com/repos/pallets/flask/issues/645/labels{/name}",
    "comments_url": "https://api.github.com/repos/pallets/flask/issues/645/comments",
    "events_url": "https://api.github.com/repos/pallets/flask/issues/645/events",
    "html_url": "https://github.com/pallets/flask/issues/645",
    "id": 8927876,
    "node_id": "MDU6SXNzdWU4OTI3ODc2",
    "number": 645,
    "title": "Missing linebreaks on homepage",
    "user": {
        "login": "cconrad",
        "id": 584491,
        "node_id": "MDQ6VXNlcjU4NDQ5MQ==",
        "avatar_url": "https://avatars2.githubusercontent.com/u/584491?v=4",
        "gravatar_id": "",
        "url": "https://api.github.com/users/cconrad",
        "html_url": "https://github.com/cconrad",
        "followers_url": "https://api.github.com/users/cconrad/followers",
        "following_url": "https://api.github.com/users/cconrad/following{/other_user}",
        "gists_url": "https://api.github.com/users/cconrad/gists{/gist_id}",
        "starred_url": "https://api.github.com/users/cconrad/starred{/owner}{/repo}",
        "subscriptions_url": "https://api.github.com/users/cconrad/subscriptions",
        "organizations_url": "https://api.github.com/users/cconrad/orgs",
        "repos_url": "https://api.github.com/users/cconrad/repos",
        "events_url": "https://api.github.com/users/cconrad/events{/privacy}",
        "received_events_url": "https://api.github.com/users/cconrad/received_events",
        "type": "User",
        "site_admin": false
    },
    "labels": [],
    "state": "closed",
    "locked": false,
    "assignee": null,
    "assignees": [],
    "milestone": null,
    "comments": 3,
    "created_at": "2012-12-02T19:48:45Z",
    "updated_at": "2013-01-27T01:11:38Z",
    "closed_at": "2013-01-27T01:11:38Z",
    "author_association": "NONE",
    "body": "The frontpage example on flask.pocoo.org seems to miss linebreaks?\nhttp://screencast.com/t/akBXxkqJ\n",
    "comments_inline": [
        {
            "url": "https://api.github.com/repos/pallets/flask/issues/comments/10934985",
            "html_url": "https://github.com/pallets/flask/issues/645#issuecomment-10934985",
            "issue_url": "https://api.github.com/repos/pallets/flask/issues/645",
            "id": 10934985,
            "node_id": "MDEyOklzc3VlQ29tbWVudDEwOTM0OTg1",
            "user": {
                "login": "untitaker",
                "id": 837573,
                "node_id": "MDQ6VXNlcjgzNzU3Mw==",
                "avatar_url": "https://avatars0.githubusercontent.com/u/837573?v=4",
                "gravatar_id": "",
                "url": "https://api.github.com/users/untitaker",
                "html_url": "https://github.com/untitaker",
                "followers_url": "https://api.github.com/users/untitaker/followers",
                "following_url": "https://api.github.com/users/untitaker/following{/other_user}",
                "gists_url": "https://api.github.com/users/untitaker/gists{/gist_id}",
                "starred_url": "https://api.github.com/users/untitaker/starred{/owner}{/repo}",
                "subscriptions_url": "https://api.github.com/users/untitaker/subscriptions",
                "organizations_url": "https://api.github.com/users/untitaker/orgs",
                "repos_url": "https://api.github.com/users/untitaker/repos",
                "events_url": "https://api.github.com/users/untitaker/events{/privacy}",
                "received_events_url": "https://api.github.com/users/untitaker/received_events",
                "type": "User",
                "site_admin": false
            },
            "created_at": "2012-12-02T20:52:48Z",
            "updated_at": "2012-12-02T20:52:48Z",
            "author_association": "MEMBER",
            "body": "It looks fine to me. Which browser are you using?\n"
        },
        {
            "url": "https://api.github.com/repos/pallets/flask/issues/comments/10935196",
            "html_url": "https://github.com/pallets/flask/issues/645#issuecomment-10935196",
            "issue_url": "https://api.github.com/repos/pallets/flask/issues/645",
            "id": 10935196,
            "node_id": "MDEyOklzc3VlQ29tbWVudDEwOTM1MTk2",
            "user": {
                "login": "sigmavirus24",
                "id": 240830,
                "node_id": "MDQ6VXNlcjI0MDgzMA==",
                "avatar_url": "https://avatars3.githubusercontent.com/u/240830?v=4",
                "gravatar_id": "",
                "url": "https://api.github.com/users/sigmavirus24",
                "html_url": "https://github.com/sigmavirus24",
                "followers_url": "https://api.github.com/users/sigmavirus24/followers",
                "following_url": "https://api.github.com/users/sigmavirus24/following{/other_user}",
                "gists_url": "https://api.github.com/users/sigmavirus24/gists{/gist_id}",
                "starred_url": "https://api.github.com/users/sigmavirus24/starred{/owner}{/repo}",
                "subscriptions_url": "https://api.github.com/users/sigmavirus24/subscriptions",
                "organizations_url": "https://api.github.com/users/sigmavirus24/orgs",
                "repos_url": "https://api.github.com/users/sigmavirus24/repos",
                "events_url": "https://api.github.com/users/sigmavirus24/events{/privacy}",
                "received_events_url": "https://api.github.com/users/sigmavirus24/received_events",
                "type": "User",
                "site_admin": false
            },
            "created_at": "2012-12-02T21:07:13Z",
            "updated_at": "2012-12-02T21:07:13Z",
            "author_association": "NONE",
            "body": "Looks fine here too, mobile and regular.\n"
        },
        {
            "url": "https://api.github.com/repos/pallets/flask/issues/comments/10956523",
            "html_url": "https://github.com/pallets/flask/issues/645#issuecomment-10956523",
            "issue_url": "https://api.github.com/repos/pallets/flask/issues/645",
            "id": 10956523,
            "node_id": "MDEyOklzc3VlQ29tbWVudDEwOTU2NTIz",
            "user": {
                "login": "ghost",
                "id": 10137,
                "node_id": "MDQ6VXNlcjEwMTM3",
                "avatar_url": "https://avatars3.githubusercontent.com/u/10137?v=4",
                "gravatar_id": "",
                "url": "https://api.github.com/users/ghost",
                "html_url": "https://github.com/ghost",
                "followers_url": "https://api.github.com/users/ghost/followers",
                "following_url": "https://api.github.com/users/ghost/following{/other_user}",
                "gists_url": "https://api.github.com/users/ghost/gists{/gist_id}",
                "starred_url": "https://api.github.com/users/ghost/starred{/owner}{/repo}",
                "subscriptions_url": "https://api.github.com/users/ghost/subscriptions",
                "organizations_url": "https://api.github.com/users/ghost/orgs",
                "repos_url": "https://api.github.com/users/ghost/repos",
                "events_url": "https://api.github.com/users/ghost/events{/privacy}",
                "received_events_url": "https://api.github.com/users/ghost/received_events",
                "type": "User",
                "site_admin": false
            },
            "created_at": "2012-12-03T15:06:53Z",
            "updated_at": "2012-12-03T15:06:53Z",
            "author_association": "NONE",
            "body": "Firefox 17.0 on Fedora: everything regular.\n"
        }
    ]
}