{
    "url": "https://api.github.com/repos/pallets/flask/issues/652",
    "repository_url": "https://api.github.com/repos/pallets/flask",
    "labels_url": "https://api.github.com/repos/pallets/flask/issues/652/labels{/name}",
    "comments_url": "https://api.github.com/repos/pallets/flask/issues/652/comments",
    "events_url": "https://api.github.com/repos/pallets/flask/issues/652/events",
    "html_url": "https://github.com/pallets/flask/pull/652",
    "id": 9236923,
    "node_id": "MDExOlB1bGxSZXF1ZXN0MzM0Nzg0OA==",
    "number": 652,
    "title": "Add troubleshooting sphinx tip",
    "user": {
        "login": "joequery",
        "id": 503584,
        "node_id": "MDQ6VXNlcjUwMzU4NA==",
        "avatar_url": "https://avatars2.githubusercontent.com/u/503584?v=4",
        "gravatar_id": "",
        "url": "https://api.github.com/users/joequery",
        "html_url": "https://github.com/joequery",
        "followers_url": "https://api.github.com/users/joequery/followers",
        "following_url": "https://api.github.com/users/joequery/following{/other_user}",
        "gists_url": "https://api.github.com/users/joequery/gists{/gist_id}",
        "starred_url": "https://api.github.com/users/joequery/starred{/owner}{/repo}",
        "subscriptions_url": "https://api.github.com/users/joequery/subscriptions",
        "organizations_url": "https://api.github.com/users/joequery/orgs",
        "repos_url": "https://api.github.com/users/joequery/repos",
        "events_url": "https://api.github.com/users/joequery/events{/privacy}",
        "received_events_url": "https://api.github.com/users/joequery/received_events",
        "type": "User",
        "site_admin": false
    },
    "labels": [],
    "state": "closed",
    "locked": false,
    "assignee": null,
    "assignees": [],
    "milestone": null,
    "comments": 11,
    "created_at": "2012-12-12T23:47:39Z",
    "updated_at": "2014-06-14T17:04:47Z",
    "closed_at": "2012-12-13T00:05:55Z",
    "author_association": "NONE",
    "pull_request": {
        "url": "https://api.github.com/repos/pallets/flask/pulls/652",
        "html_url": "https://github.com/pallets/flask/pull/652",
        "diff_url": "https://github.com/pallets/flask/pull/652.diff",
        "patch_url": "https://github.com/pallets/flask/pull/652.patch"
    },
    "body": "I had sphinx installed system-wide, and I could not build the docs despite running `python setup.py develop` in my virtualenv. \n\nI eventually figured out that sphinx installed system wide wouldn't place nicely with the Flask package installed in the virtualenv. This wasn't obvious from the provided error message, so I'd like to improve the error message. \n",
    "comments_inline": [
        {
            "url": "https://api.github.com/repos/pallets/flask/issues/comments/11316179",
            "html_url": "https://github.com/pallets/flask/pull/652#issuecomment-11316179",
            "issue_url": "https://api.github.com/repos/pallets/flask/issues/652",
            "id": 11316179,
            "node_id": "MDEyOklzc3VlQ29tbWVudDExMzE2MTc5",
            "user": {
                "login": "sigmavirus24",
                "id": 240830,
                "node_id": "MDQ6VXNlcjI0MDgzMA==",
                "avatar_url": "https://avatars3.githubusercontent.com/u/240830?v=4",
                "gravatar_id": "",
                "url": "https://api.github.com/users/sigmavirus24",
                "html_url": "https://github.com/sigmavirus24",
                "followers_url": "https://api.github.com/users/sigmavirus24/followers",
                "following_url": "https://api.github.com/users/sigmavirus24/following{/other_user}",
                "gists_url": "https://api.github.com/users/sigmavirus24/gists{/gist_id}",
                "starred_url": "https://api.github.com/users/sigmavirus24/starred{/owner}{/repo}",
                "subscriptions_url": "https://api.github.com/users/sigmavirus24/subscriptions",
                "organizations_url": "https://api.github.com/users/sigmavirus24/orgs",
                "repos_url": "https://api.github.com/users/sigmavirus24/repos",
                "events_url": "https://api.github.com/users/sigmavirus24/events{/privacy}",
                "received_events_url": "https://api.github.com/users/sigmavirus24/received_events",
                "type": "User",
                "site_admin": false
            },
            "created_at": "2012-12-13T00:04:39Z",
            "updated_at": "2012-12-13T00:04:39Z",
            "author_association": "NONE",
            "body": "I'm not entirely certain this is necessary. It can not _hurt_ per se, but I don't see it as being useful.\n"
        },
        {
            "url": "https://api.github.com/repos/pallets/flask/issues/comments/11316224",
            "html_url": "https://github.com/pallets/flask/pull/652#issuecomment-11316224",
            "issue_url": "https://api.github.com/repos/pallets/flask/issues/652",
            "id": 11316224,
            "node_id": "MDEyOklzc3VlQ29tbWVudDExMzE2MjI0",
            "user": {
                "login": "kennethreitz",
                "id": 119893,
                "node_id": "MDQ6VXNlcjExOTg5Mw==",
                "avatar_url": "https://avatars2.githubusercontent.com/u/119893?v=4",
                "gravatar_id": "",
                "url": "https://api.github.com/users/kennethreitz",
                "html_url": "https://github.com/kennethreitz",
                "followers_url": "https://api.github.com/users/kennethreitz/followers",
                "following_url": "https://api.github.com/users/kennethreitz/following{/other_user}",
                "gists_url": "https://api.github.com/users/kennethreitz/gists{/gist_id}",
                "starred_url": "https://api.github.com/users/kennethreitz/starred{/owner}{/repo}",
                "subscriptions_url": "https://api.github.com/users/kennethreitz/subscriptions",
                "organizations_url": "https://api.github.com/users/kennethreitz/orgs",
                "repos_url": "https://api.github.com/users/kennethreitz/repos",
                "events_url": "https://api.github.com/users/kennethreitz/events{/privacy}",
                "received_events_url": "https://api.github.com/users/kennethreitz/received_events",
                "type": "User",
                "site_admin": false
            },
            "created_at": "2012-12-13T00:05:55Z",
            "updated_at": "2012-12-13T00:05:55Z",
            "author_association": "CONTRIBUTOR",
            "body": "Agreed, I'm :-1: on this. Thanks, though!\n"
        },
        {
            "url": "https://api.github.com/repos/pallets/flask/issues/comments/11316577",
            "html_url": "https://github.com/pallets/flask/pull/652#issuecomment-11316577",
            "issue_url": "https://api.github.com/repos/pallets/flask/issues/652",
            "id": 11316577,
            "node_id": "MDEyOklzc3VlQ29tbWVudDExMzE2NTc3",
            "user": {
                "login": "joequery",
                "id": 503584,
                "node_id": "MDQ6VXNlcjUwMzU4NA==",
                "avatar_url": "https://avatars2.githubusercontent.com/u/503584?v=4",
                "gravatar_id": "",
                "url": "https://api.github.com/users/joequery",
                "html_url": "https://github.com/joequery",
                "followers_url": "https://api.github.com/users/joequery/followers",
                "following_url": "https://api.github.com/users/joequery/following{/other_user}",
                "gists_url": "https://api.github.com/users/joequery/gists{/gist_id}",
                "starred_url": "https://api.github.com/users/joequery/starred{/owner}{/repo}",
                "subscriptions_url": "https://api.github.com/users/joequery/subscriptions",
                "organizations_url": "https://api.github.com/users/joequery/orgs",
                "repos_url": "https://api.github.com/users/joequery/repos",
                "events_url": "https://api.github.com/users/joequery/events{/privacy}",
                "received_events_url": "https://api.github.com/users/joequery/received_events",
                "type": "User",
                "site_admin": false
            },
            "created_at": "2012-12-13T00:17:42Z",
            "updated_at": "2012-12-13T00:17:42Z",
            "author_association": "NONE",
            "body": "Meh, I spent 20-30 minutes or so fumbling around due to this. Oh well, I guess I'll just write an article and hope people come across it when they have this issue. \n"
        },
        {
            "url": "https://api.github.com/repos/pallets/flask/issues/comments/11316846",
            "html_url": "https://github.com/pallets/flask/pull/652#issuecomment-11316846",
            "issue_url": "https://api.github.com/repos/pallets/flask/issues/652",
            "id": 11316846,
            "node_id": "MDEyOklzc3VlQ29tbWVudDExMzE2ODQ2",
            "user": {
                "login": "sigmavirus24",
                "id": 240830,
                "node_id": "MDQ6VXNlcjI0MDgzMA==",
                "avatar_url": "https://avatars3.githubusercontent.com/u/240830?v=4",
                "gravatar_id": "",
                "url": "https://api.github.com/users/sigmavirus24",
                "html_url": "https://github.com/sigmavirus24",
                "followers_url": "https://api.github.com/users/sigmavirus24/followers",
                "following_url": "https://api.github.com/users/sigmavirus24/following{/other_user}",
                "gists_url": "https://api.github.com/users/sigmavirus24/gists{/gist_id}",
                "starred_url": "https://api.github.com/users/sigmavirus24/starred{/owner}{/repo}",
                "subscriptions_url": "https://api.github.com/users/sigmavirus24/subscriptions",
                "organizations_url": "https://api.github.com/users/sigmavirus24/orgs",
                "repos_url": "https://api.github.com/users/sigmavirus24/repos",
                "events_url": "https://api.github.com/users/sigmavirus24/events{/privacy}",
                "received_events_url": "https://api.github.com/users/sigmavirus24/received_events",
                "type": "User",
                "site_admin": false
            },
            "created_at": "2012-12-13T00:26:55Z",
            "updated_at": "2012-12-13T00:26:55Z",
            "author_association": "NONE",
            "body": "Not to sound too critical, but virtualenv's have a feature that disables use \nof existing site-packages. It's an option you can turn off if you so desire.  \nHad you read a bit into virtualenv you might probably would have come across \nthis.\n"
        },
        {
            "url": "https://api.github.com/repos/pallets/flask/issues/comments/11317177",
            "html_url": "https://github.com/pallets/flask/pull/652#issuecomment-11317177",
            "issue_url": "https://api.github.com/repos/pallets/flask/issues/652",
            "id": 11317177,
            "node_id": "MDEyOklzc3VlQ29tbWVudDExMzE3MTc3",
            "user": {
                "login": "joequery",
                "id": 503584,
                "node_id": "MDQ6VXNlcjUwMzU4NA==",
                "avatar_url": "https://avatars2.githubusercontent.com/u/503584?v=4",
                "gravatar_id": "",
                "url": "https://api.github.com/users/joequery",
                "html_url": "https://github.com/joequery",
                "followers_url": "https://api.github.com/users/joequery/followers",
                "following_url": "https://api.github.com/users/joequery/following{/other_user}",
                "gists_url": "https://api.github.com/users/joequery/gists{/gist_id}",
                "starred_url": "https://api.github.com/users/joequery/starred{/owner}{/repo}",
                "subscriptions_url": "https://api.github.com/users/joequery/subscriptions",
                "organizations_url": "https://api.github.com/users/joequery/orgs",
                "repos_url": "https://api.github.com/users/joequery/repos",
                "events_url": "https://api.github.com/users/joequery/events{/privacy}",
                "received_events_url": "https://api.github.com/users/joequery/received_events",
                "type": "User",
                "site_admin": false
            },
            "created_at": "2012-12-13T00:38:07Z",
            "updated_at": "2012-12-13T00:38:53Z",
            "author_association": "NONE",
            "body": "`--no-site-packages` applies to things you're importing, not executables that are part of your PATH. `--no-site-packages` is default behavior in virtualenv anyway. The reason why the error felt so weird was because the location of an executable usually doesn't matter. \n"
        },
        {
            "url": "https://api.github.com/repos/pallets/flask/issues/comments/11317731",
            "html_url": "https://github.com/pallets/flask/pull/652#issuecomment-11317731",
            "issue_url": "https://api.github.com/repos/pallets/flask/issues/652",
            "id": 11317731,
            "node_id": "MDEyOklzc3VlQ29tbWVudDExMzE3NzMx",
            "user": {
                "login": "sigmavirus24",
                "id": 240830,
                "node_id": "MDQ6VXNlcjI0MDgzMA==",
                "avatar_url": "https://avatars3.githubusercontent.com/u/240830?v=4",
                "gravatar_id": "",
                "url": "https://api.github.com/users/sigmavirus24",
                "html_url": "https://github.com/sigmavirus24",
                "followers_url": "https://api.github.com/users/sigmavirus24/followers",
                "following_url": "https://api.github.com/users/sigmavirus24/following{/other_user}",
                "gists_url": "https://api.github.com/users/sigmavirus24/gists{/gist_id}",
                "starred_url": "https://api.github.com/users/sigmavirus24/starred{/owner}{/repo}",
                "subscriptions_url": "https://api.github.com/users/sigmavirus24/subscriptions",
                "organizations_url": "https://api.github.com/users/sigmavirus24/orgs",
                "repos_url": "https://api.github.com/users/sigmavirus24/repos",
                "events_url": "https://api.github.com/users/sigmavirus24/events{/privacy}",
                "received_events_url": "https://api.github.com/users/sigmavirus24/received_events",
                "type": "User",
                "site_admin": false
            },
            "created_at": "2012-12-13T01:01:40Z",
            "updated_at": "2012-12-13T01:01:40Z",
            "author_association": "NONE",
            "body": "In this case it has everything to do with the executable. Look at \n/usr/bin/sphinx-build for example. It uses a function from pkg_resources \ncalled load_entry_point which must import the module it wants to use. If your \npython path has been modified (as virtualenv does) then the import will fail.  \nNot all python executables are scripts that are self-contained.\n"
        },
        {
            "url": "https://api.github.com/repos/pallets/flask/issues/comments/11317965",
            "html_url": "https://github.com/pallets/flask/pull/652#issuecomment-11317965",
            "issue_url": "https://api.github.com/repos/pallets/flask/issues/652",
            "id": 11317965,
            "node_id": "MDEyOklzc3VlQ29tbWVudDExMzE3OTY1",
            "user": {
                "login": "joequery",
                "id": 503584,
                "node_id": "MDQ6VXNlcjUwMzU4NA==",
                "avatar_url": "https://avatars2.githubusercontent.com/u/503584?v=4",
                "gravatar_id": "",
                "url": "https://api.github.com/users/joequery",
                "html_url": "https://github.com/joequery",
                "followers_url": "https://api.github.com/users/joequery/followers",
                "following_url": "https://api.github.com/users/joequery/following{/other_user}",
                "gists_url": "https://api.github.com/users/joequery/gists{/gist_id}",
                "starred_url": "https://api.github.com/users/joequery/starred{/owner}{/repo}",
                "subscriptions_url": "https://api.github.com/users/joequery/subscriptions",
                "organizations_url": "https://api.github.com/users/joequery/orgs",
                "repos_url": "https://api.github.com/users/joequery/repos",
                "events_url": "https://api.github.com/users/joequery/events{/privacy}",
                "received_events_url": "https://api.github.com/users/joequery/received_events",
                "type": "User",
                "site_admin": false
            },
            "created_at": "2012-12-13T01:11:03Z",
            "updated_at": "2012-12-13T01:11:03Z",
            "author_association": "NONE",
            "body": "Why should anyone need to know all that in order to just build documentation? \n"
        },
        {
            "url": "https://api.github.com/repos/pallets/flask/issues/comments/11322066",
            "html_url": "https://github.com/pallets/flask/pull/652#issuecomment-11322066",
            "issue_url": "https://api.github.com/repos/pallets/flask/issues/652",
            "id": 11322066,
            "node_id": "MDEyOklzc3VlQ29tbWVudDExMzIyMDY2",
            "user": {
                "login": "sigmavirus24",
                "id": 240830,
                "node_id": "MDQ6VXNlcjI0MDgzMA==",
                "avatar_url": "https://avatars3.githubusercontent.com/u/240830?v=4",
                "gravatar_id": "",
                "url": "https://api.github.com/users/sigmavirus24",
                "html_url": "https://github.com/sigmavirus24",
                "followers_url": "https://api.github.com/users/sigmavirus24/followers",
                "following_url": "https://api.github.com/users/sigmavirus24/following{/other_user}",
                "gists_url": "https://api.github.com/users/sigmavirus24/gists{/gist_id}",
                "starred_url": "https://api.github.com/users/sigmavirus24/starred{/owner}{/repo}",
                "subscriptions_url": "https://api.github.com/users/sigmavirus24/subscriptions",
                "organizations_url": "https://api.github.com/users/sigmavirus24/orgs",
                "repos_url": "https://api.github.com/users/sigmavirus24/repos",
                "events_url": "https://api.github.com/users/sigmavirus24/events{/privacy}",
                "received_events_url": "https://api.github.com/users/sigmavirus24/received_events",
                "type": "User",
                "site_admin": false
            },
            "created_at": "2012-12-13T04:22:51Z",
            "updated_at": "2012-12-13T04:22:51Z",
            "author_association": "NONE",
            "body": "If everything is installed in the virtualenv then they don't need to know that. If they, however, plan to do any serious amount of varied python development, it's helpful to know what the tools you're using actually do.\n"
        },
        {
            "url": "https://api.github.com/repos/pallets/flask/issues/comments/11322239",
            "html_url": "https://github.com/pallets/flask/pull/652#issuecomment-11322239",
            "issue_url": "https://api.github.com/repos/pallets/flask/issues/652",
            "id": 11322239,
            "node_id": "MDEyOklzc3VlQ29tbWVudDExMzIyMjM5",
            "user": {
                "login": "joequery",
                "id": 503584,
                "node_id": "MDQ6VXNlcjUwMzU4NA==",
                "avatar_url": "https://avatars2.githubusercontent.com/u/503584?v=4",
                "gravatar_id": "",
                "url": "https://api.github.com/users/joequery",
                "html_url": "https://github.com/joequery",
                "followers_url": "https://api.github.com/users/joequery/followers",
                "following_url": "https://api.github.com/users/joequery/following{/other_user}",
                "gists_url": "https://api.github.com/users/joequery/gists{/gist_id}",
                "starred_url": "https://api.github.com/users/joequery/starred{/owner}{/repo}",
                "subscriptions_url": "https://api.github.com/users/joequery/subscriptions",
                "organizations_url": "https://api.github.com/users/joequery/orgs",
                "repos_url": "https://api.github.com/users/joequery/repos",
                "events_url": "https://api.github.com/users/joequery/events{/privacy}",
                "received_events_url": "https://api.github.com/users/joequery/received_events",
                "type": "User",
                "site_admin": false
            },
            "created_at": "2012-12-13T04:34:47Z",
            "updated_at": "2012-12-13T04:34:47Z",
            "author_association": "NONE",
            "body": "Whatever. You clearly just want an outlet to be as condescending as possible. I'll delete the branch and be done with this thread. You \"win\", congrats. \n"
        },
        {
            "url": "https://api.github.com/repos/pallets/flask/issues/comments/11322671",
            "html_url": "https://github.com/pallets/flask/pull/652#issuecomment-11322671",
            "issue_url": "https://api.github.com/repos/pallets/flask/issues/652",
            "id": 11322671,
            "node_id": "MDEyOklzc3VlQ29tbWVudDExMzIyNjcx",
            "user": {
                "login": "boris317",
                "id": 339231,
                "node_id": "MDQ6VXNlcjMzOTIzMQ==",
                "avatar_url": "https://avatars1.githubusercontent.com/u/339231?v=4",
                "gravatar_id": "",
                "url": "https://api.github.com/users/boris317",
                "html_url": "https://github.com/boris317",
                "followers_url": "https://api.github.com/users/boris317/followers",
                "following_url": "https://api.github.com/users/boris317/following{/other_user}",
                "gists_url": "https://api.github.com/users/boris317/gists{/gist_id}",
                "starred_url": "https://api.github.com/users/boris317/starred{/owner}{/repo}",
                "subscriptions_url": "https://api.github.com/users/boris317/subscriptions",
                "organizations_url": "https://api.github.com/users/boris317/orgs",
                "repos_url": "https://api.github.com/users/boris317/repos",
                "events_url": "https://api.github.com/users/boris317/events{/privacy}",
                "received_events_url": "https://api.github.com/users/boris317/received_events",
                "type": "User",
                "site_admin": false
            },
            "created_at": "2012-12-13T05:04:00Z",
            "updated_at": "2012-12-13T05:04:00Z",
            "author_association": "NONE",
            "body": "I really dont think sigmavirus24 was trying to be condescending. The issue you ran into is not unique to Sphinx. This could happen with any package that installs an \"executable\".  This is really a subtlety of virtualenv.\n"
        },
        {
            "url": "https://api.github.com/repos/pallets/flask/issues/comments/11322994",
            "html_url": "https://github.com/pallets/flask/pull/652#issuecomment-11322994",
            "issue_url": "https://api.github.com/repos/pallets/flask/issues/652",
            "id": 11322994,
            "node_id": "MDEyOklzc3VlQ29tbWVudDExMzIyOTk0",
            "user": {
                "login": "sigmavirus24",
                "id": 240830,
                "node_id": "MDQ6VXNlcjI0MDgzMA==",
                "avatar_url": "https://avatars3.githubusercontent.com/u/240830?v=4",
                "gravatar_id": "",
                "url": "https://api.github.com/users/sigmavirus24",
                "html_url": "https://github.com/sigmavirus24",
                "followers_url": "https://api.github.com/users/sigmavirus24/followers",
                "following_url": "https://api.github.com/users/sigmavirus24/following{/other_user}",
                "gists_url": "https://api.github.com/users/sigmavirus24/gists{/gist_id}",
                "starred_url": "https://api.github.com/users/sigmavirus24/starred{/owner}{/repo}",
                "subscriptions_url": "https://api.github.com/users/sigmavirus24/subscriptions",
                "organizations_url": "https://api.github.com/users/sigmavirus24/orgs",
                "repos_url": "https://api.github.com/users/sigmavirus24/repos",
                "events_url": "https://api.github.com/users/sigmavirus24/events{/privacy}",
                "received_events_url": "https://api.github.com/users/sigmavirus24/received_events",
                "type": "User",
                "site_admin": false
            },
            "created_at": "2012-12-13T05:26:04Z",
            "updated_at": "2012-12-13T05:26:04Z",
            "author_association": "NONE",
            "body": "@boris317 I had no desire to be condescending. I know telling people to read the documentation often comes off as overly-critical which is why I prefaced my first response with the assertion that I had no ill will. I had only the desire to explain this to Joe but perhaps I somehow used language that came off as harsh or condescending. I intended to leave this be and let it cool down until some later date. But I may as well respond now and apologize to Joe regardless. I am sorry that I came off as condescending, I was merely trying to be informative and helpful.\n"
        }
    ]
}