{
    "url": "https://api.github.com/repos/pallets/flask/issues/657",
    "repository_url": "https://api.github.com/repos/pallets/flask",
    "labels_url": "https://api.github.com/repos/pallets/flask/issues/657/labels{/name}",
    "comments_url": "https://api.github.com/repos/pallets/flask/issues/657/comments",
    "events_url": "https://api.github.com/repos/pallets/flask/issues/657/events",
    "html_url": "https://github.com/pallets/flask/pull/657",
    "id": 9621212,
    "node_id": "MDExOlB1bGxSZXF1ZXN0MzUyMjkzNw==",
    "number": 657,
    "title": "Add template_global decorator",
    "user": {
        "login": "danielchatfield",
        "id": 1058676,
        "node_id": "MDQ6VXNlcjEwNTg2NzY=",
        "avatar_url": "https://avatars3.githubusercontent.com/u/1058676?v=4",
        "gravatar_id": "",
        "url": "https://api.github.com/users/danielchatfield",
        "html_url": "https://github.com/danielchatfield",
        "followers_url": "https://api.github.com/users/danielchatfield/followers",
        "following_url": "https://api.github.com/users/danielchatfield/following{/other_user}",
        "gists_url": "https://api.github.com/users/danielchatfield/gists{/gist_id}",
        "starred_url": "https://api.github.com/users/danielchatfield/starred{/owner}{/repo}",
        "subscriptions_url": "https://api.github.com/users/danielchatfield/subscriptions",
        "organizations_url": "https://api.github.com/users/danielchatfield/orgs",
        "repos_url": "https://api.github.com/users/danielchatfield/repos",
        "events_url": "https://api.github.com/users/danielchatfield/events{/privacy}",
        "received_events_url": "https://api.github.com/users/danielchatfield/received_events",
        "type": "User",
        "site_admin": false
    },
    "labels": [],
    "state": "closed",
    "locked": false,
    "assignee": null,
    "assignees": [],
    "milestone": null,
    "comments": 0,
    "created_at": "2013-01-02T17:14:34Z",
    "updated_at": "2014-06-14T17:12:41Z",
    "closed_at": "2013-01-27T00:46:24Z",
    "author_association": "NONE",
    "pull_request": {
        "url": "https://api.github.com/repos/pallets/flask/pulls/657",
        "html_url": "https://github.com/pallets/flask/pull/657",
        "diff_url": "https://github.com/pallets/flask/pull/657.diff",
        "patch_url": "https://github.com/pallets/flask/pull/657.patch"
    },
    "body": "Adds a decorator to allow developer to register global functions.\n"
}