{
    "url": "https://api.github.com/repos/pallets/flask/issues/659",
    "repository_url": "https://api.github.com/repos/pallets/flask",
    "labels_url": "https://api.github.com/repos/pallets/flask/issues/659/labels{/name}",
    "comments_url": "https://api.github.com/repos/pallets/flask/issues/659/comments",
    "events_url": "https://api.github.com/repos/pallets/flask/issues/659/events",
    "html_url": "https://github.com/pallets/flask/issues/659",
    "id": 9649230,
    "node_id": "MDU6SXNzdWU5NjQ5MjMw",
    "number": 659,
    "title": "\"flaskext.mail\" documentation",
    "user": {
        "login": "maxcnunes",
        "id": 680356,
        "node_id": "MDQ6VXNlcjY4MDM1Ng==",
        "avatar_url": "https://avatars2.githubusercontent.com/u/680356?v=4",
        "gravatar_id": "",
        "url": "https://api.github.com/users/maxcnunes",
        "html_url": "https://github.com/maxcnunes",
        "followers_url": "https://api.github.com/users/maxcnunes/followers",
        "following_url": "https://api.github.com/users/maxcnunes/following{/other_user}",
        "gists_url": "https://api.github.com/users/maxcnunes/gists{/gist_id}",
        "starred_url": "https://api.github.com/users/maxcnunes/starred{/owner}{/repo}",
        "subscriptions_url": "https://api.github.com/users/maxcnunes/subscriptions",
        "organizations_url": "https://api.github.com/users/maxcnunes/orgs",
        "repos_url": "https://api.github.com/users/maxcnunes/repos",
        "events_url": "https://api.github.com/users/maxcnunes/events{/privacy}",
        "received_events_url": "https://api.github.com/users/maxcnunes/received_events",
        "type": "User",
        "site_admin": false
    },
    "labels": [],
    "state": "closed",
    "locked": false,
    "assignee": null,
    "assignees": [],
    "milestone": null,
    "comments": 3,
    "created_at": "2013-01-03T17:08:23Z",
    "updated_at": "2013-06-19T14:53:57Z",
    "closed_at": "2013-06-19T14:53:57Z",
    "author_association": "NONE",
    "body": "I found two pages on the documentation with a problem on a import explanation\n\n``` python\nfrom flaskext.mail import Mail\n```\n\nAnd the correct should be (with a dot between flask and ext):\n\n``` python\nfrom flask.ext.mail import Mail\n```\n\nThe pages with this wrong import are: http://packages.python.org/flask-mail/ and http://flask.pocoo.org/snippets/85/\n",
    "comments_inline": [
        {
            "url": "https://api.github.com/repos/pallets/flask/issues/comments/11858242",
            "html_url": "https://github.com/pallets/flask/issues/659#issuecomment-11858242",
            "issue_url": "https://api.github.com/repos/pallets/flask/issues/659",
            "id": 11858242,
            "node_id": "MDEyOklzc3VlQ29tbWVudDExODU4MjQy",
            "user": {
                "login": "untitaker",
                "id": 837573,
                "node_id": "MDQ6VXNlcjgzNzU3Mw==",
                "avatar_url": "https://avatars0.githubusercontent.com/u/837573?v=4",
                "gravatar_id": "",
                "url": "https://api.github.com/users/untitaker",
                "html_url": "https://github.com/untitaker",
                "followers_url": "https://api.github.com/users/untitaker/followers",
                "following_url": "https://api.github.com/users/untitaker/following{/other_user}",
                "gists_url": "https://api.github.com/users/untitaker/gists{/gist_id}",
                "starred_url": "https://api.github.com/users/untitaker/starred{/owner}{/repo}",
                "subscriptions_url": "https://api.github.com/users/untitaker/subscriptions",
                "organizations_url": "https://api.github.com/users/untitaker/orgs",
                "repos_url": "https://api.github.com/users/untitaker/repos",
                "events_url": "https://api.github.com/users/untitaker/events{/privacy}",
                "received_events_url": "https://api.github.com/users/untitaker/received_events",
                "type": "User",
                "site_admin": false
            },
            "created_at": "2013-01-03T19:56:39Z",
            "updated_at": "2013-01-03T19:57:17Z",
            "author_association": "MEMBER",
            "body": "I think you should report this at [mattupstate/flask-mail](https://github.com/mattupstate/flask-mail)\n"
        },
        {
            "url": "https://api.github.com/repos/pallets/flask/issues/comments/11858414",
            "html_url": "https://github.com/pallets/flask/issues/659#issuecomment-11858414",
            "issue_url": "https://api.github.com/repos/pallets/flask/issues/659",
            "id": 11858414,
            "node_id": "MDEyOklzc3VlQ29tbWVudDExODU4NDE0",
            "user": {
                "login": "untitaker",
                "id": 837573,
                "node_id": "MDQ6VXNlcjgzNzU3Mw==",
                "avatar_url": "https://avatars0.githubusercontent.com/u/837573?v=4",
                "gravatar_id": "",
                "url": "https://api.github.com/users/untitaker",
                "html_url": "https://github.com/untitaker",
                "followers_url": "https://api.github.com/users/untitaker/followers",
                "following_url": "https://api.github.com/users/untitaker/following{/other_user}",
                "gists_url": "https://api.github.com/users/untitaker/gists{/gist_id}",
                "starred_url": "https://api.github.com/users/untitaker/starred{/owner}{/repo}",
                "subscriptions_url": "https://api.github.com/users/untitaker/subscriptions",
                "organizations_url": "https://api.github.com/users/untitaker/orgs",
                "repos_url": "https://api.github.com/users/untitaker/repos",
                "events_url": "https://api.github.com/users/untitaker/events{/privacy}",
                "received_events_url": "https://api.github.com/users/untitaker/received_events",
                "type": "User",
                "site_admin": false
            },
            "created_at": "2013-01-03T20:00:21Z",
            "updated_at": "2013-01-03T20:00:21Z",
            "author_association": "MEMBER",
            "body": "The documentation seems to be located at http://packages.python.org/Flask-Mail instead of http://packages.python.org/flask-mail/ (note that PyPI's URLs are case-sensitive)\n\nI don't know if or how snippets can be edited.\n"
        },
        {
            "url": "https://api.github.com/repos/pallets/flask/issues/comments/19689083",
            "html_url": "https://github.com/pallets/flask/issues/659#issuecomment-19689083",
            "issue_url": "https://api.github.com/repos/pallets/flask/issues/659",
            "id": 19689083,
            "node_id": "MDEyOklzc3VlQ29tbWVudDE5Njg5MDgz",
            "user": {
                "login": "DasIch",
                "id": 182316,
                "node_id": "MDQ6VXNlcjE4MjMxNg==",
                "avatar_url": "https://avatars0.githubusercontent.com/u/182316?v=4",
                "gravatar_id": "",
                "url": "https://api.github.com/users/DasIch",
                "html_url": "https://github.com/DasIch",
                "followers_url": "https://api.github.com/users/DasIch/followers",
                "following_url": "https://api.github.com/users/DasIch/following{/other_user}",
                "gists_url": "https://api.github.com/users/DasIch/gists{/gist_id}",
                "starred_url": "https://api.github.com/users/DasIch/starred{/owner}{/repo}",
                "subscriptions_url": "https://api.github.com/users/DasIch/subscriptions",
                "organizations_url": "https://api.github.com/users/DasIch/orgs",
                "repos_url": "https://api.github.com/users/DasIch/repos",
                "events_url": "https://api.github.com/users/DasIch/events{/privacy}",
                "received_events_url": "https://api.github.com/users/DasIch/received_events",
                "type": "User",
                "site_admin": false
            },
            "created_at": "2013-06-19T14:53:57Z",
            "updated_at": "2013-06-19T14:53:57Z",
            "author_association": "CONTRIBUTOR",
            "body": "Please use the Flask-Mail issue tracker, for issues regarding that extension.\n"
        }
    ]
}