{
    "url": "https://api.github.com/repos/pallets/flask/issues/694",
    "repository_url": "https://api.github.com/repos/pallets/flask",
    "labels_url": "https://api.github.com/repos/pallets/flask/issues/694/labels{/name}",
    "comments_url": "https://api.github.com/repos/pallets/flask/issues/694/comments",
    "events_url": "https://api.github.com/repos/pallets/flask/issues/694/events",
    "html_url": "https://github.com/pallets/flask/pull/694",
    "id": 12115366,
    "node_id": "MDExOlB1bGxSZXF1ZXN0NDY1OTk2Ng==",
    "number": 694,
    "title": "Fixing werkzeug secure_filename example ",
    "user": {
        "login": "victortrac",
        "id": 85194,
        "node_id": "MDQ6VXNlcjg1MTk0",
        "avatar_url": "https://avatars2.githubusercontent.com/u/85194?v=4",
        "gravatar_id": "",
        "url": "https://api.github.com/users/victortrac",
        "html_url": "https://github.com/victortrac",
        "followers_url": "https://api.github.com/users/victortrac/followers",
        "following_url": "https://api.github.com/users/victortrac/following{/other_user}",
        "gists_url": "https://api.github.com/users/victortrac/gists{/gist_id}",
        "starred_url": "https://api.github.com/users/victortrac/starred{/owner}{/repo}",
        "subscriptions_url": "https://api.github.com/users/victortrac/subscriptions",
        "organizations_url": "https://api.github.com/users/victortrac/orgs",
        "repos_url": "https://api.github.com/users/victortrac/repos",
        "events_url": "https://api.github.com/users/victortrac/events{/privacy}",
        "received_events_url": "https://api.github.com/users/victortrac/received_events",
        "type": "User",
        "site_admin": false
    },
    "labels": [],
    "state": "closed",
    "locked": false,
    "assignee": null,
    "assignees": [],
    "milestone": null,
    "comments": 2,
    "created_at": "2013-03-17T22:00:52Z",
    "updated_at": "2014-06-15T16:12:57Z",
    "closed_at": "2013-03-18T21:26:33Z",
    "author_association": "NONE",
    "pull_request": {
        "url": "https://api.github.com/repos/pallets/flask/pulls/694",
        "html_url": "https://github.com/pallets/flask/pull/694",
        "diff_url": "https://github.com/pallets/flask/pull/694.diff",
        "patch_url": "https://github.com/pallets/flask/pull/694.patch"
    },
    "body": "",
    "comments_inline": [
        {
            "url": "https://api.github.com/repos/pallets/flask/issues/comments/15032218",
            "html_url": "https://github.com/pallets/flask/pull/694#issuecomment-15032218",
            "issue_url": "https://api.github.com/repos/pallets/flask/issues/694",
            "id": 15032218,
            "node_id": "MDEyOklzc3VlQ29tbWVudDE1MDMyMjE4",
            "user": {
                "login": "untitaker",
                "id": 837573,
                "node_id": "MDQ6VXNlcjgzNzU3Mw==",
                "avatar_url": "https://avatars0.githubusercontent.com/u/837573?v=4",
                "gravatar_id": "",
                "url": "https://api.github.com/users/untitaker",
                "html_url": "https://github.com/untitaker",
                "followers_url": "https://api.github.com/users/untitaker/followers",
                "following_url": "https://api.github.com/users/untitaker/following{/other_user}",
                "gists_url": "https://api.github.com/users/untitaker/gists{/gist_id}",
                "starred_url": "https://api.github.com/users/untitaker/starred{/owner}{/repo}",
                "subscriptions_url": "https://api.github.com/users/untitaker/subscriptions",
                "organizations_url": "https://api.github.com/users/untitaker/orgs",
                "repos_url": "https://api.github.com/users/untitaker/repos",
                "events_url": "https://api.github.com/users/untitaker/events{/privacy}",
                "received_events_url": "https://api.github.com/users/untitaker/received_events",
                "type": "User",
                "site_admin": false
            },
            "created_at": "2013-03-17T22:15:18Z",
            "updated_at": "2013-03-17T22:17:21Z",
            "author_association": "MEMBER",
            "body": "No, this really works already. Werkzeug makes `secure_filename` also available in `__init__.py`.\n"
        },
        {
            "url": "https://api.github.com/repos/pallets/flask/issues/comments/15032363",
            "html_url": "https://github.com/pallets/flask/pull/694#issuecomment-15032363",
            "issue_url": "https://api.github.com/repos/pallets/flask/issues/694",
            "id": 15032363,
            "node_id": "MDEyOklzc3VlQ29tbWVudDE1MDMyMzYz",
            "user": {
                "login": "victortrac",
                "id": 85194,
                "node_id": "MDQ6VXNlcjg1MTk0",
                "avatar_url": "https://avatars2.githubusercontent.com/u/85194?v=4",
                "gravatar_id": "",
                "url": "https://api.github.com/users/victortrac",
                "html_url": "https://github.com/victortrac",
                "followers_url": "https://api.github.com/users/victortrac/followers",
                "following_url": "https://api.github.com/users/victortrac/following{/other_user}",
                "gists_url": "https://api.github.com/users/victortrac/gists{/gist_id}",
                "starred_url": "https://api.github.com/users/victortrac/starred{/owner}{/repo}",
                "subscriptions_url": "https://api.github.com/users/victortrac/subscriptions",
                "organizations_url": "https://api.github.com/users/victortrac/orgs",
                "repos_url": "https://api.github.com/users/victortrac/repos",
                "events_url": "https://api.github.com/users/victortrac/events{/privacy}",
                "received_events_url": "https://api.github.com/users/victortrac/received_events",
                "type": "User",
                "site_admin": false
            },
            "created_at": "2013-03-17T22:23:06Z",
            "updated_at": "2013-03-17T22:23:06Z",
            "author_association": "NONE",
            "body": "Ah, you are right. IntelliJ IDEA complained about it, but I guess it doesn't understand the lazy loading of modules within **init**.py. \n"
        }
    ]
}