{
    "url": "https://api.github.com/repos/pallets/flask/issues/710",
    "repository_url": "https://api.github.com/repos/pallets/flask",
    "labels_url": "https://api.github.com/repos/pallets/flask/issues/710/labels{/name}",
    "comments_url": "https://api.github.com/repos/pallets/flask/issues/710/comments",
    "events_url": "https://api.github.com/repos/pallets/flask/issues/710/events",
    "html_url": "https://github.com/pallets/flask/issues/710",
    "id": 12934362,
    "node_id": "MDU6SXNzdWUxMjkzNDM2Mg==",
    "number": 710,
    "title": "Documentation page missing from Table of Contents",
    "user": {
        "login": "hugows",
        "id": 11545,
        "node_id": "MDQ6VXNlcjExNTQ1",
        "avatar_url": "https://avatars2.githubusercontent.com/u/11545?v=4",
        "gravatar_id": "",
        "url": "https://api.github.com/users/hugows",
        "html_url": "https://github.com/hugows",
        "followers_url": "https://api.github.com/users/hugows/followers",
        "following_url": "https://api.github.com/users/hugows/following{/other_user}",
        "gists_url": "https://api.github.com/users/hugows/gists{/gist_id}",
        "starred_url": "https://api.github.com/users/hugows/starred{/owner}{/repo}",
        "subscriptions_url": "https://api.github.com/users/hugows/subscriptions",
        "organizations_url": "https://api.github.com/users/hugows/orgs",
        "repos_url": "https://api.github.com/users/hugows/repos",
        "events_url": "https://api.github.com/users/hugows/events{/privacy}",
        "received_events_url": "https://api.github.com/users/hugows/received_events",
        "type": "User",
        "site_admin": false
    },
    "labels": [],
    "state": "closed",
    "locked": false,
    "assignee": null,
    "assignees": [],
    "milestone": null,
    "comments": 1,
    "created_at": "2013-04-08T17:24:48Z",
    "updated_at": "2014-09-27T14:01:38Z",
    "closed_at": "2014-09-27T14:01:38Z",
    "author_association": "NONE",
    "body": "The page http://flask.pocoo.org/docs/deploying/others/ is missing from the ToC - this can be seen by clicking \"Prev\" and noticing it doesn't appear on the previous page's \"Next\" link.\n",
    "comments_inline": [
        {
            "url": "https://api.github.com/repos/pallets/flask/issues/comments/16188569",
            "html_url": "https://github.com/pallets/flask/issues/710#issuecomment-16188569",
            "issue_url": "https://api.github.com/repos/pallets/flask/issues/710",
            "id": 16188569,
            "node_id": "MDEyOklzc3VlQ29tbWVudDE2MTg4NTY5",
            "user": {
                "login": "ghost",
                "id": 10137,
                "node_id": "MDQ6VXNlcjEwMTM3",
                "avatar_url": "https://avatars3.githubusercontent.com/u/10137?v=4",
                "gravatar_id": "",
                "url": "https://api.github.com/users/ghost",
                "html_url": "https://github.com/ghost",
                "followers_url": "https://api.github.com/users/ghost/followers",
                "following_url": "https://api.github.com/users/ghost/following{/other_user}",
                "gists_url": "https://api.github.com/users/ghost/gists{/gist_id}",
                "starred_url": "https://api.github.com/users/ghost/starred{/owner}{/repo}",
                "subscriptions_url": "https://api.github.com/users/ghost/subscriptions",
                "organizations_url": "https://api.github.com/users/ghost/orgs",
                "repos_url": "https://api.github.com/users/ghost/repos",
                "events_url": "https://api.github.com/users/ghost/events{/privacy}",
                "received_events_url": "https://api.github.com/users/ghost/received_events",
                "type": "User",
                "site_admin": false
            },
            "created_at": "2013-04-10T17:20:20Z",
            "updated_at": "2013-04-10T17:20:20Z",
            "author_association": "NONE",
            "body": "It should be deleted since we have more recent help at http://flask.pocoo.org/docs/deploying/wsgi-standalone/.\n"
        },
        {
            "url": "https://api.github.com/repos/pallets/flask/issues/comments/57053531",
            "html_url": "https://github.com/pallets/flask/issues/710#issuecomment-57053531",
            "issue_url": "https://api.github.com/repos/pallets/flask/issues/710",
            "id": 57053531,
            "node_id": "MDEyOklzc3VlQ29tbWVudDU3MDUzNTMx",
            "user": {
                "login": "untitaker",
                "id": 837573,
                "node_id": "MDQ6VXNlcjgzNzU3Mw==",
                "avatar_url": "https://avatars0.githubusercontent.com/u/837573?v=4",
                "gravatar_id": "",
                "url": "https://api.github.com/users/untitaker",
                "html_url": "https://github.com/untitaker",
                "followers_url": "https://api.github.com/users/untitaker/followers",
                "following_url": "https://api.github.com/users/untitaker/following{/other_user}",
                "gists_url": "https://api.github.com/users/untitaker/gists{/gist_id}",
                "starred_url": "https://api.github.com/users/untitaker/starred{/owner}{/repo}",
                "subscriptions_url": "https://api.github.com/users/untitaker/subscriptions",
                "organizations_url": "https://api.github.com/users/untitaker/orgs",
                "repos_url": "https://api.github.com/users/untitaker/repos",
                "events_url": "https://api.github.com/users/untitaker/events{/privacy}",
                "received_events_url": "https://api.github.com/users/untitaker/received_events",
                "type": "User",
                "site_admin": false
            },
            "created_at": "2014-09-27T14:01:38Z",
            "updated_at": "2014-09-27T14:01:38Z",
            "author_association": "MEMBER",
            "body": "That link 404s for me.\n"
        }
    ]
}