{
    "url": "https://api.github.com/repos/pallets/flask/issues/728",
    "repository_url": "https://api.github.com/repos/pallets/flask",
    "labels_url": "https://api.github.com/repos/pallets/flask/issues/728/labels{/name}",
    "comments_url": "https://api.github.com/repos/pallets/flask/issues/728/comments",
    "events_url": "https://api.github.com/repos/pallets/flask/issues/728/events",
    "html_url": "https://github.com/pallets/flask/issues/728",
    "id": 14433528,
    "node_id": "MDU6SXNzdWUxNDQzMzUyOA==",
    "number": 728,
    "title": "CRUD",
    "user": {
        "login": "shresthasudil",
        "id": 1440840,
        "node_id": "MDQ6VXNlcjE0NDA4NDA=",
        "avatar_url": "https://avatars0.githubusercontent.com/u/1440840?v=4",
        "gravatar_id": "",
        "url": "https://api.github.com/users/shresthasudil",
        "html_url": "https://github.com/shresthasudil",
        "followers_url": "https://api.github.com/users/shresthasudil/followers",
        "following_url": "https://api.github.com/users/shresthasudil/following{/other_user}",
        "gists_url": "https://api.github.com/users/shresthasudil/gists{/gist_id}",
        "starred_url": "https://api.github.com/users/shresthasudil/starred{/owner}{/repo}",
        "subscriptions_url": "https://api.github.com/users/shresthasudil/subscriptions",
        "organizations_url": "https://api.github.com/users/shresthasudil/orgs",
        "repos_url": "https://api.github.com/users/shresthasudil/repos",
        "events_url": "https://api.github.com/users/shresthasudil/events{/privacy}",
        "received_events_url": "https://api.github.com/users/shresthasudil/received_events",
        "type": "User",
        "site_admin": false
    },
    "labels": [],
    "state": "closed",
    "locked": false,
    "assignee": null,
    "assignees": [],
    "milestone": null,
    "comments": 1,
    "created_at": "2013-05-17T00:44:11Z",
    "updated_at": "2013-12-26T17:21:56Z",
    "closed_at": "2013-05-17T12:19:07Z",
    "author_association": "NONE",
    "body": "",
    "comments_inline": [
        {
            "url": "https://api.github.com/repos/pallets/flask/issues/comments/18057930",
            "html_url": "https://github.com/pallets/flask/issues/728#issuecomment-18057930",
            "issue_url": "https://api.github.com/repos/pallets/flask/issues/728",
            "id": 18057930,
            "node_id": "MDEyOklzc3VlQ29tbWVudDE4MDU3OTMw",
            "user": {
                "login": "untitaker",
                "id": 837573,
                "node_id": "MDQ6VXNlcjgzNzU3Mw==",
                "avatar_url": "https://avatars0.githubusercontent.com/u/837573?v=4",
                "gravatar_id": "",
                "url": "https://api.github.com/users/untitaker",
                "html_url": "https://github.com/untitaker",
                "followers_url": "https://api.github.com/users/untitaker/followers",
                "following_url": "https://api.github.com/users/untitaker/following{/other_user}",
                "gists_url": "https://api.github.com/users/untitaker/gists{/gist_id}",
                "starred_url": "https://api.github.com/users/untitaker/starred{/owner}{/repo}",
                "subscriptions_url": "https://api.github.com/users/untitaker/subscriptions",
                "organizations_url": "https://api.github.com/users/untitaker/orgs",
                "repos_url": "https://api.github.com/users/untitaker/repos",
                "events_url": "https://api.github.com/users/untitaker/events{/privacy}",
                "received_events_url": "https://api.github.com/users/untitaker/received_events",
                "type": "User",
                "site_admin": false
            },
            "created_at": "2013-05-17T12:11:19Z",
            "updated_at": "2013-05-17T12:11:19Z",
            "author_association": "MEMBER",
            "body": "I am sorry, but the bug tracker of Flask is really not the place for such questions. You're probably better off asking such support questions on sites like [StackOverflow](http://stackoverflow.com) or on Flask's mailing list.\n"
        }
    ]
}