{
    "url": "https://api.github.com/repos/pallets/flask/issues/745",
    "repository_url": "https://api.github.com/repos/pallets/flask",
    "labels_url": "https://api.github.com/repos/pallets/flask/issues/745/labels{/name}",
    "comments_url": "https://api.github.com/repos/pallets/flask/issues/745/comments",
    "events_url": "https://api.github.com/repos/pallets/flask/issues/745/events",
    "html_url": "https://github.com/pallets/flask/pull/745",
    "id": 14761682,
    "node_id": "MDExOlB1bGxSZXF1ZXN0NTkzMjMwMQ==",
    "number": 745,
    "title": "fix data types in after_request test",
    "user": {
        "login": "ThomasWaldmann",
        "id": 356103,
        "node_id": "MDQ6VXNlcjM1NjEwMw==",
        "avatar_url": "https://avatars0.githubusercontent.com/u/356103?v=4",
        "gravatar_id": "",
        "url": "https://api.github.com/users/ThomasWaldmann",
        "html_url": "https://github.com/ThomasWaldmann",
        "followers_url": "https://api.github.com/users/ThomasWaldmann/followers",
        "following_url": "https://api.github.com/users/ThomasWaldmann/following{/other_user}",
        "gists_url": "https://api.github.com/users/ThomasWaldmann/gists{/gist_id}",
        "starred_url": "https://api.github.com/users/ThomasWaldmann/starred{/owner}{/repo}",
        "subscriptions_url": "https://api.github.com/users/ThomasWaldmann/subscriptions",
        "organizations_url": "https://api.github.com/users/ThomasWaldmann/orgs",
        "repos_url": "https://api.github.com/users/ThomasWaldmann/repos",
        "events_url": "https://api.github.com/users/ThomasWaldmann/events{/privacy}",
        "received_events_url": "https://api.github.com/users/ThomasWaldmann/received_events",
        "type": "User",
        "site_admin": false
    },
    "labels": [],
    "state": "closed",
    "locked": false,
    "assignee": null,
    "assignees": [],
    "milestone": null,
    "comments": 0,
    "created_at": "2013-05-25T19:00:52Z",
    "updated_at": "2014-06-15T16:13:58Z",
    "closed_at": "2013-05-25T19:01:49Z",
    "author_association": "CONTRIBUTOR",
    "pull_request": {
        "url": "https://api.github.com/repos/pallets/flask/pulls/745",
        "html_url": "https://github.com/pallets/flask/pull/745",
        "diff_url": "https://github.com/pallets/flask/pull/745.diff",
        "patch_url": "https://github.com/pallets/flask/pull/745.patch"
    },
    "body": "TODO: why was that bug not causing / displaying an exception somehow?\n      should give a TypeError in py 3.3.\n"
}