{
    "url": "https://api.github.com/repos/pallets/flask/issues/762",
    "repository_url": "https://api.github.com/repos/pallets/flask",
    "labels_url": "https://api.github.com/repos/pallets/flask/issues/762/labels{/name}",
    "comments_url": "https://api.github.com/repos/pallets/flask/issues/762/comments",
    "events_url": "https://api.github.com/repos/pallets/flask/issues/762/events",
    "html_url": "https://github.com/pallets/flask/issues/762",
    "id": 15193464,
    "node_id": "MDU6SXNzdWUxNTE5MzQ2NA==",
    "number": 762,
    "title": "Debug mode crashes with python 3.3.1 on Windows 8",
    "user": {
        "login": "nyctef",
        "id": 112905,
        "node_id": "MDQ6VXNlcjExMjkwNQ==",
        "avatar_url": "https://avatars0.githubusercontent.com/u/112905?v=4",
        "gravatar_id": "",
        "url": "https://api.github.com/users/nyctef",
        "html_url": "https://github.com/nyctef",
        "followers_url": "https://api.github.com/users/nyctef/followers",
        "following_url": "https://api.github.com/users/nyctef/following{/other_user}",
        "gists_url": "https://api.github.com/users/nyctef/gists{/gist_id}",
        "starred_url": "https://api.github.com/users/nyctef/starred{/owner}{/repo}",
        "subscriptions_url": "https://api.github.com/users/nyctef/subscriptions",
        "organizations_url": "https://api.github.com/users/nyctef/orgs",
        "repos_url": "https://api.github.com/users/nyctef/repos",
        "events_url": "https://api.github.com/users/nyctef/events{/privacy}",
        "received_events_url": "https://api.github.com/users/nyctef/received_events",
        "type": "User",
        "site_admin": false
    },
    "labels": [],
    "state": "closed",
    "locked": false,
    "assignee": null,
    "assignees": [],
    "milestone": null,
    "comments": 2,
    "created_at": "2013-06-05T21:00:53Z",
    "updated_at": "2013-06-05T22:29:45Z",
    "closed_at": "2013-06-05T22:01:54Z",
    "author_association": "NONE",
    "body": "On a clean virtualenv with python 3.3.1 and latest versions of werkzeug/flask from git, then running this:\n\n``` python\nfrom flask import Flask\napp = Flask(__name__)\n\n@app.route('/')\ndef hello_world():\n   return 'Hello World!'\n\nif __name__ == '__main__':\n    app.run(debug=True)\n```\n\nproduces this:\n\n```\n(newenv) C:\\Users\\nyctef\\testenv>python test.py\n * Running on http://127.0.0.1:5000/\n * Restarting with reloader\nTraceback (most recent call last):\n  File \"test.py\", line 9, in <module>\n    app.run(debug=True)\n  File \"C:\\Users\\nyctef\\testenv\\newenv\\lib\\site-packages\\flask-0.10_dev_20130605-py3.3.egg\\flask\\app.py\", line 761, in run\n    run_simple(host, port, self, **options)\n  File \"C:\\Users\\nyctef\\testenv\\newenv\\lib\\site-packages\\werkzeug-0.9_devdev_20130605-py3.3.egg\\werkzeug\\serving.py\", line 704, in run_simple\n    run_with_reloader(inner, extra_files, reloader_interval)\n  File \"C:\\Users\\nyctef\\testenv\\newenv\\lib\\site-packages\\werkzeug-0.9_devdev_20130605-py3.3.egg\\werkzeug\\serving.py\", line 613, in run_with_reloader\n    sys.exit(restart_with_reloader())\n  File \"C:\\Users\\nyctef\\testenv\\newenv\\lib\\site-packages\\werkzeug-0.9_devdev_20130605-py3.3.egg\\werkzeug\\serving.py\", line 597, in restart_with_reloader\n    exit_code = subprocess.call(args, env=new_environ)\n  File \"C:\\Python33\\Lib\\subprocess.py\", line 520, in call\n    with Popen(*popenargs, **kwargs) as p:\n  File \"C:\\Python33\\Lib\\subprocess.py\", line 820, in __init__\n    restore_signals, start_new_session)\n  File \"C:\\Python33\\Lib\\subprocess.py\", line 1106, in _execute_child\n    startupinfo)\nTypeError: environment can only contain strings\n```\n\nRemoving debug=True makes it work, but having debug mode would be nice :)\n",
    "comments_inline": [
        {
            "url": "https://api.github.com/repos/pallets/flask/issues/comments/19011956",
            "html_url": "https://github.com/pallets/flask/issues/762#issuecomment-19011956",
            "issue_url": "https://api.github.com/repos/pallets/flask/issues/762",
            "id": 19011956,
            "node_id": "MDEyOklzc3VlQ29tbWVudDE5MDExOTU2",
            "user": {
                "login": "DasIch",
                "id": 182316,
                "node_id": "MDQ6VXNlcjE4MjMxNg==",
                "avatar_url": "https://avatars0.githubusercontent.com/u/182316?v=4",
                "gravatar_id": "",
                "url": "https://api.github.com/users/DasIch",
                "html_url": "https://github.com/DasIch",
                "followers_url": "https://api.github.com/users/DasIch/followers",
                "following_url": "https://api.github.com/users/DasIch/following{/other_user}",
                "gists_url": "https://api.github.com/users/DasIch/gists{/gist_id}",
                "starred_url": "https://api.github.com/users/DasIch/starred{/owner}{/repo}",
                "subscriptions_url": "https://api.github.com/users/DasIch/subscriptions",
                "organizations_url": "https://api.github.com/users/DasIch/orgs",
                "repos_url": "https://api.github.com/users/DasIch/repos",
                "events_url": "https://api.github.com/users/DasIch/events{/privacy}",
                "received_events_url": "https://api.github.com/users/DasIch/received_events",
                "type": "User",
                "site_admin": false
            },
            "created_at": "2013-06-05T22:01:54Z",
            "updated_at": "2013-06-05T22:01:54Z",
            "author_association": "CONTRIBUTOR",
            "body": "Ah, yes this is a bug in werkzeug. This should fix it e6ab20d346056b4caf2f853f001f9655da4f804e.\n"
        },
        {
            "url": "https://api.github.com/repos/pallets/flask/issues/comments/19013542",
            "html_url": "https://github.com/pallets/flask/issues/762#issuecomment-19013542",
            "issue_url": "https://api.github.com/repos/pallets/flask/issues/762",
            "id": 19013542,
            "node_id": "MDEyOklzc3VlQ29tbWVudDE5MDEzNTQy",
            "user": {
                "login": "nyctef",
                "id": 112905,
                "node_id": "MDQ6VXNlcjExMjkwNQ==",
                "avatar_url": "https://avatars0.githubusercontent.com/u/112905?v=4",
                "gravatar_id": "",
                "url": "https://api.github.com/users/nyctef",
                "html_url": "https://github.com/nyctef",
                "followers_url": "https://api.github.com/users/nyctef/followers",
                "following_url": "https://api.github.com/users/nyctef/following{/other_user}",
                "gists_url": "https://api.github.com/users/nyctef/gists{/gist_id}",
                "starred_url": "https://api.github.com/users/nyctef/starred{/owner}{/repo}",
                "subscriptions_url": "https://api.github.com/users/nyctef/subscriptions",
                "organizations_url": "https://api.github.com/users/nyctef/orgs",
                "repos_url": "https://api.github.com/users/nyctef/repos",
                "events_url": "https://api.github.com/users/nyctef/events{/privacy}",
                "received_events_url": "https://api.github.com/users/nyctef/received_events",
                "type": "User",
                "site_admin": false
            },
            "created_at": "2013-06-05T22:29:45Z",
            "updated_at": "2013-06-05T22:29:45Z",
            "author_association": "NONE",
            "body": "Yep, that fixed it, thanks :)\n"
        }
    ]
}