{
    "url": "https://api.github.com/repos/pallets/flask/issues/826",
    "repository_url": "https://api.github.com/repos/pallets/flask",
    "labels_url": "https://api.github.com/repos/pallets/flask/issues/826/labels{/name}",
    "comments_url": "https://api.github.com/repos/pallets/flask/issues/826/comments",
    "events_url": "https://api.github.com/repos/pallets/flask/issues/826/events",
    "html_url": "https://github.com/pallets/flask/issues/826",
    "id": 17776554,
    "node_id": "MDU6SXNzdWUxNzc3NjU1NA==",
    "number": 826,
    "title": "Reloader changes sys.path",
    "user": {
        "login": "daryltucker",
        "id": 1609490,
        "node_id": "MDQ6VXNlcjE2MDk0OTA=",
        "avatar_url": "https://avatars0.githubusercontent.com/u/1609490?v=4",
        "gravatar_id": "",
        "url": "https://api.github.com/users/daryltucker",
        "html_url": "https://github.com/daryltucker",
        "followers_url": "https://api.github.com/users/daryltucker/followers",
        "following_url": "https://api.github.com/users/daryltucker/following{/other_user}",
        "gists_url": "https://api.github.com/users/daryltucker/gists{/gist_id}",
        "starred_url": "https://api.github.com/users/daryltucker/starred{/owner}{/repo}",
        "subscriptions_url": "https://api.github.com/users/daryltucker/subscriptions",
        "organizations_url": "https://api.github.com/users/daryltucker/orgs",
        "repos_url": "https://api.github.com/users/daryltucker/repos",
        "events_url": "https://api.github.com/users/daryltucker/events{/privacy}",
        "received_events_url": "https://api.github.com/users/daryltucker/received_events",
        "type": "User",
        "site_admin": false
    },
    "labels": [],
    "state": "closed",
    "locked": false,
    "assignee": null,
    "assignees": [],
    "milestone": null,
    "comments": 1,
    "created_at": "2013-08-07T21:54:48Z",
    "updated_at": "2014-09-27T13:54:18Z",
    "closed_at": "2014-09-27T13:54:18Z",
    "author_association": "NONE",
    "body": "When loading my flask module `python -m project.modules.flaskhandler.py` everything works nicely.  Unfortunately, if I enable debug mode and **use_reloader**, the module is loaded, but when reloader restarts the application, it changes my sys.path.\n\nsys.path's first value changes from **''** to **'project/modules/'** which prevents absolute imports from other modules in my project.\n\nI was able to work around this problem with the following code at the top of my flaskhandler.py file:\n\n```\nimport sys\nimport os\n\n# Flask reloader hack\nsys.path.append(os.getcwd())\n```\n",
    "comments_inline": [
        {
            "url": "https://api.github.com/repos/pallets/flask/issues/comments/57053317",
            "html_url": "https://github.com/pallets/flask/issues/826#issuecomment-57053317",
            "issue_url": "https://api.github.com/repos/pallets/flask/issues/826",
            "id": 57053317,
            "node_id": "MDEyOklzc3VlQ29tbWVudDU3MDUzMzE3",
            "user": {
                "login": "untitaker",
                "id": 837573,
                "node_id": "MDQ6VXNlcjgzNzU3Mw==",
                "avatar_url": "https://avatars0.githubusercontent.com/u/837573?v=4",
                "gravatar_id": "",
                "url": "https://api.github.com/users/untitaker",
                "html_url": "https://github.com/untitaker",
                "followers_url": "https://api.github.com/users/untitaker/followers",
                "following_url": "https://api.github.com/users/untitaker/following{/other_user}",
                "gists_url": "https://api.github.com/users/untitaker/gists{/gist_id}",
                "starred_url": "https://api.github.com/users/untitaker/starred{/owner}{/repo}",
                "subscriptions_url": "https://api.github.com/users/untitaker/subscriptions",
                "organizations_url": "https://api.github.com/users/untitaker/orgs",
                "repos_url": "https://api.github.com/users/untitaker/repos",
                "events_url": "https://api.github.com/users/untitaker/events{/privacy}",
                "received_events_url": "https://api.github.com/users/untitaker/received_events",
                "type": "User",
                "site_admin": false
            },
            "created_at": "2014-09-27T13:54:18Z",
            "updated_at": "2014-09-27T13:54:18Z",
            "author_association": "MEMBER",
            "body": "Duplicate of https://github.com/mitsuhiko/werkzeug/issues/461\n"
        }
    ]
}