{
    "url": "https://api.github.com/repos/pallets/flask/issues/843",
    "repository_url": "https://api.github.com/repos/pallets/flask",
    "labels_url": "https://api.github.com/repos/pallets/flask/issues/843/labels{/name}",
    "comments_url": "https://api.github.com/repos/pallets/flask/issues/843/comments",
    "events_url": "https://api.github.com/repos/pallets/flask/issues/843/events",
    "html_url": "https://github.com/pallets/flask/pull/843",
    "id": 18454447,
    "node_id": "MDExOlB1bGxSZXF1ZXN0NzgxMTU5Ng==",
    "number": 843,
    "title": "corrected documentation for Request get_json()",
    "user": {
        "login": "wbowlin",
        "id": 1084890,
        "node_id": "MDQ6VXNlcjEwODQ4OTA=",
        "avatar_url": "https://avatars2.githubusercontent.com/u/1084890?v=4",
        "gravatar_id": "",
        "url": "https://api.github.com/users/wbowlin",
        "html_url": "https://github.com/wbowlin",
        "followers_url": "https://api.github.com/users/wbowlin/followers",
        "following_url": "https://api.github.com/users/wbowlin/following{/other_user}",
        "gists_url": "https://api.github.com/users/wbowlin/gists{/gist_id}",
        "starred_url": "https://api.github.com/users/wbowlin/starred{/owner}{/repo}",
        "subscriptions_url": "https://api.github.com/users/wbowlin/subscriptions",
        "organizations_url": "https://api.github.com/users/wbowlin/orgs",
        "repos_url": "https://api.github.com/users/wbowlin/repos",
        "events_url": "https://api.github.com/users/wbowlin/events{/privacy}",
        "received_events_url": "https://api.github.com/users/wbowlin/received_events",
        "type": "User",
        "site_admin": false
    },
    "labels": [],
    "state": "closed",
    "locked": false,
    "assignee": null,
    "assignees": [],
    "milestone": null,
    "comments": 0,
    "created_at": "2013-08-23T05:25:27Z",
    "updated_at": "2014-06-14T22:59:12Z",
    "closed_at": "2013-09-03T17:58:04Z",
    "author_association": "CONTRIBUTOR",
    "pull_request": {
        "url": "https://api.github.com/repos/pallets/flask/pulls/843",
        "html_url": "https://github.com/pallets/flask/pull/843",
        "diff_url": "https://github.com/pallets/flask/pull/843.diff",
        "patch_url": "https://github.com/pallets/flask/pull/843.patch"
    },
    "body": "Minor documentation update to the get_json method.\n"
}