{
    "url": "https://api.github.com/repos/pallets/flask/issues/860",
    "repository_url": "https://api.github.com/repos/pallets/flask",
    "labels_url": "https://api.github.com/repos/pallets/flask/issues/860/labels{/name}",
    "comments_url": "https://api.github.com/repos/pallets/flask/issues/860/comments",
    "events_url": "https://api.github.com/repos/pallets/flask/issues/860/events",
    "html_url": "https://github.com/pallets/flask/issues/860",
    "id": 18993475,
    "node_id": "MDU6SXNzdWUxODk5MzQ3NQ==",
    "number": 860,
    "title": "debug=True triggers SyntaxError: can't assign to operator",
    "user": {
        "login": "mikeswoods",
        "id": 133008,
        "node_id": "MDQ6VXNlcjEzMzAwOA==",
        "avatar_url": "https://avatars2.githubusercontent.com/u/133008?v=4",
        "gravatar_id": "",
        "url": "https://api.github.com/users/mikeswoods",
        "html_url": "https://github.com/mikeswoods",
        "followers_url": "https://api.github.com/users/mikeswoods/followers",
        "following_url": "https://api.github.com/users/mikeswoods/following{/other_user}",
        "gists_url": "https://api.github.com/users/mikeswoods/gists{/gist_id}",
        "starred_url": "https://api.github.com/users/mikeswoods/starred{/owner}{/repo}",
        "subscriptions_url": "https://api.github.com/users/mikeswoods/subscriptions",
        "organizations_url": "https://api.github.com/users/mikeswoods/orgs",
        "repos_url": "https://api.github.com/users/mikeswoods/repos",
        "events_url": "https://api.github.com/users/mikeswoods/events{/privacy}",
        "received_events_url": "https://api.github.com/users/mikeswoods/received_events",
        "type": "User",
        "site_admin": false
    },
    "labels": [],
    "state": "closed",
    "locked": false,
    "assignee": null,
    "assignees": [],
    "milestone": null,
    "comments": 4,
    "created_at": "2013-09-04T19:13:36Z",
    "updated_at": "2014-03-13T19:41:27Z",
    "closed_at": "2014-03-13T19:41:27Z",
    "author_association": "NONE",
    "body": "app = Flask(**name**)\napp.debug = True\napp.run()\n\nas well as app.run(debug=True)\n\ncause a SyntaxError: can't assign to operator execption to be raised\n\nTrace:\n  File \"/usr/local/lib/python2.7/dist-packages/flask/app.py\", line 772, in run\n    run_simple(host, port, self, **options)\n  File \"/usr/local/lib/python2.7/dist-packages/werkzeug/serving.py\", line 708, in run_simple\n    run_with_reloader(inner, extra_files, reloader_interval)\n  File \"/usr/local/lib/python2.7/dist-packages/werkzeug/serving.py\", line 617, in run_with_reloader\n    sys.exit(restart_with_reloader())\n",
    "comments_inline": [
        {
            "url": "https://api.github.com/repos/pallets/flask/issues/comments/23920773",
            "html_url": "https://github.com/pallets/flask/issues/860#issuecomment-23920773",
            "issue_url": "https://api.github.com/repos/pallets/flask/issues/860",
            "id": 23920773,
            "node_id": "MDEyOklzc3VlQ29tbWVudDIzOTIwNzcz",
            "user": {
                "login": "leeleilei",
                "id": 538984,
                "node_id": "MDQ6VXNlcjUzODk4NA==",
                "avatar_url": "https://avatars1.githubusercontent.com/u/538984?v=4",
                "gravatar_id": "",
                "url": "https://api.github.com/users/leeleilei",
                "html_url": "https://github.com/leeleilei",
                "followers_url": "https://api.github.com/users/leeleilei/followers",
                "following_url": "https://api.github.com/users/leeleilei/following{/other_user}",
                "gists_url": "https://api.github.com/users/leeleilei/gists{/gist_id}",
                "starred_url": "https://api.github.com/users/leeleilei/starred{/owner}{/repo}",
                "subscriptions_url": "https://api.github.com/users/leeleilei/subscriptions",
                "organizations_url": "https://api.github.com/users/leeleilei/orgs",
                "repos_url": "https://api.github.com/users/leeleilei/repos",
                "events_url": "https://api.github.com/users/leeleilei/events{/privacy}",
                "received_events_url": "https://api.github.com/users/leeleilei/received_events",
                "type": "User",
                "site_admin": false
            },
            "created_at": "2013-09-06T06:11:58Z",
            "updated_at": "2013-09-06T06:11:58Z",
            "author_association": "NONE",
            "body": "could paste more of your code?\n"
        },
        {
            "url": "https://api.github.com/repos/pallets/flask/issues/comments/24083577",
            "html_url": "https://github.com/pallets/flask/issues/860#issuecomment-24083577",
            "issue_url": "https://api.github.com/repos/pallets/flask/issues/860",
            "id": 24083577,
            "node_id": "MDEyOklzc3VlQ29tbWVudDI0MDgzNTc3",
            "user": {
                "login": "mikeswoods",
                "id": 133008,
                "node_id": "MDQ6VXNlcjEzMzAwOA==",
                "avatar_url": "https://avatars2.githubusercontent.com/u/133008?v=4",
                "gravatar_id": "",
                "url": "https://api.github.com/users/mikeswoods",
                "html_url": "https://github.com/mikeswoods",
                "followers_url": "https://api.github.com/users/mikeswoods/followers",
                "following_url": "https://api.github.com/users/mikeswoods/following{/other_user}",
                "gists_url": "https://api.github.com/users/mikeswoods/gists{/gist_id}",
                "starred_url": "https://api.github.com/users/mikeswoods/starred{/owner}{/repo}",
                "subscriptions_url": "https://api.github.com/users/mikeswoods/subscriptions",
                "organizations_url": "https://api.github.com/users/mikeswoods/orgs",
                "repos_url": "https://api.github.com/users/mikeswoods/repos",
                "events_url": "https://api.github.com/users/mikeswoods/events{/privacy}",
                "received_events_url": "https://api.github.com/users/mikeswoods/received_events",
                "type": "User",
                "site_admin": false
            },
            "created_at": "2013-09-09T15:02:53Z",
            "updated_at": "2013-09-09T15:02:53Z",
            "author_association": "NONE",
            "body": "Sure,\n\nIt's called like so:\n\nif os.fork() == 0:  # Parent\n    api.start_api_listener(api.get_implementation(config['args'].client))\nelse:  # Child\n    time.sleep(0.5)\n    application.run(debug=True)\n\nHere's the full traceback:\n\n<type 'exceptions.SystemExit'> 1\n  File \"accdag/frontend/web/**init**.py\", line 39, in <module>\n    application.run(debug=True)\n  File \"accdag/frontend/web/flask/application.py\", line 52, in run\n    app.run(*_kwargs)\n  File \"/usr/local/lib/python2.7/dist-packages/flask/app.py\", line 772, in run\n    run_simple(host, port, self, *_options)\n  File \"/usr/local/lib/python2.7/dist-packages/werkzeug/serving.py\", line 708, in run_simple\n    run_with_reloader(inner, extra_files, reloader_interval)\n  File \"/usr/local/lib/python2.7/dist-packages/werkzeug/serving.py\", line 617, in run_with_reloader\n    sys.exit(restart_with_reloader())\n"
        },
        {
            "url": "https://api.github.com/repos/pallets/flask/issues/comments/24116296",
            "html_url": "https://github.com/pallets/flask/issues/860#issuecomment-24116296",
            "issue_url": "https://api.github.com/repos/pallets/flask/issues/860",
            "id": 24116296,
            "node_id": "MDEyOklzc3VlQ29tbWVudDI0MTE2Mjk2",
            "user": {
                "login": "ThiefMaster",
                "id": 179599,
                "node_id": "MDQ6VXNlcjE3OTU5OQ==",
                "avatar_url": "https://avatars1.githubusercontent.com/u/179599?v=4",
                "gravatar_id": "",
                "url": "https://api.github.com/users/ThiefMaster",
                "html_url": "https://github.com/ThiefMaster",
                "followers_url": "https://api.github.com/users/ThiefMaster/followers",
                "following_url": "https://api.github.com/users/ThiefMaster/following{/other_user}",
                "gists_url": "https://api.github.com/users/ThiefMaster/gists{/gist_id}",
                "starred_url": "https://api.github.com/users/ThiefMaster/starred{/owner}{/repo}",
                "subscriptions_url": "https://api.github.com/users/ThiefMaster/subscriptions",
                "organizations_url": "https://api.github.com/users/ThiefMaster/orgs",
                "repos_url": "https://api.github.com/users/ThiefMaster/repos",
                "events_url": "https://api.github.com/users/ThiefMaster/events{/privacy}",
                "received_events_url": "https://api.github.com/users/ThiefMaster/received_events",
                "type": "User",
                "site_admin": false
            },
            "created_at": "2013-09-09T21:27:25Z",
            "updated_at": "2013-09-09T21:27:25Z",
            "author_association": "MEMBER",
            "body": "I think what @leeleilei meant was an [SSCCE](http://sscce.org) to reproduce the issue\n"
        },
        {
            "url": "https://api.github.com/repos/pallets/flask/issues/comments/37577634",
            "html_url": "https://github.com/pallets/flask/issues/860#issuecomment-37577634",
            "issue_url": "https://api.github.com/repos/pallets/flask/issues/860",
            "id": 37577634,
            "node_id": "MDEyOklzc3VlQ29tbWVudDM3NTc3NjM0",
            "user": {
                "login": "DasIch",
                "id": 182316,
                "node_id": "MDQ6VXNlcjE4MjMxNg==",
                "avatar_url": "https://avatars0.githubusercontent.com/u/182316?v=4",
                "gravatar_id": "",
                "url": "https://api.github.com/users/DasIch",
                "html_url": "https://github.com/DasIch",
                "followers_url": "https://api.github.com/users/DasIch/followers",
                "following_url": "https://api.github.com/users/DasIch/following{/other_user}",
                "gists_url": "https://api.github.com/users/DasIch/gists{/gist_id}",
                "starred_url": "https://api.github.com/users/DasIch/starred{/owner}{/repo}",
                "subscriptions_url": "https://api.github.com/users/DasIch/subscriptions",
                "organizations_url": "https://api.github.com/users/DasIch/orgs",
                "repos_url": "https://api.github.com/users/DasIch/repos",
                "events_url": "https://api.github.com/users/DasIch/events{/privacy}",
                "received_events_url": "https://api.github.com/users/DasIch/received_events",
                "type": "User",
                "site_admin": false
            },
            "created_at": "2014-03-13T19:41:27Z",
            "updated_at": "2014-03-13T19:41:27Z",
            "author_association": "CONTRIBUTOR",
            "body": "Closing because the issue cannot be reproduced.\n"
        }
    ]
}