{
    "url": "https://api.github.com/repos/pallets/flask/issues/878",
    "repository_url": "https://api.github.com/repos/pallets/flask",
    "labels_url": "https://api.github.com/repos/pallets/flask/issues/878/labels{/name}",
    "comments_url": "https://api.github.com/repos/pallets/flask/issues/878/comments",
    "events_url": "https://api.github.com/repos/pallets/flask/issues/878/events",
    "html_url": "https://github.com/pallets/flask/pull/878",
    "id": 20432487,
    "node_id": "MDExOlB1bGxSZXF1ZXN0ODc5NDg5OA==",
    "number": 878,
    "title": "quickstart: import `request` in HTTP methods example",
    "user": {
        "login": "shamrin",
        "id": 510678,
        "node_id": "MDQ6VXNlcjUxMDY3OA==",
        "avatar_url": "https://avatars3.githubusercontent.com/u/510678?v=4",
        "gravatar_id": "",
        "url": "https://api.github.com/users/shamrin",
        "html_url": "https://github.com/shamrin",
        "followers_url": "https://api.github.com/users/shamrin/followers",
        "following_url": "https://api.github.com/users/shamrin/following{/other_user}",
        "gists_url": "https://api.github.com/users/shamrin/gists{/gist_id}",
        "starred_url": "https://api.github.com/users/shamrin/starred{/owner}{/repo}",
        "subscriptions_url": "https://api.github.com/users/shamrin/subscriptions",
        "organizations_url": "https://api.github.com/users/shamrin/orgs",
        "repos_url": "https://api.github.com/users/shamrin/repos",
        "events_url": "https://api.github.com/users/shamrin/events{/privacy}",
        "received_events_url": "https://api.github.com/users/shamrin/received_events",
        "type": "User",
        "site_admin": false
    },
    "labels": [],
    "state": "closed",
    "locked": false,
    "assignee": null,
    "assignees": [],
    "milestone": null,
    "comments": 1,
    "created_at": "2013-10-03T01:16:51Z",
    "updated_at": "2014-06-16T07:45:11Z",
    "closed_at": "2014-03-13T19:33:46Z",
    "author_association": "CONTRIBUTOR",
    "pull_request": {
        "url": "https://api.github.com/repos/pallets/flask/pulls/878",
        "html_url": "https://github.com/pallets/flask/pull/878",
        "diff_url": "https://github.com/pallets/flask/pull/878.diff",
        "patch_url": "https://github.com/pallets/flask/pull/878.patch"
    },
    "body": "quickstart HTTP methods example doesn't work without `request` import:\n\n```\nfrom flask import request\n```\n",
    "comments_inline": [
        {
            "url": "https://api.github.com/repos/pallets/flask/issues/comments/37576873",
            "html_url": "https://github.com/pallets/flask/pull/878#issuecomment-37576873",
            "issue_url": "https://api.github.com/repos/pallets/flask/issues/878",
            "id": 37576873,
            "node_id": "MDEyOklzc3VlQ29tbWVudDM3NTc2ODcz",
            "user": {
                "login": "DasIch",
                "id": 182316,
                "node_id": "MDQ6VXNlcjE4MjMxNg==",
                "avatar_url": "https://avatars0.githubusercontent.com/u/182316?v=4",
                "gravatar_id": "",
                "url": "https://api.github.com/users/DasIch",
                "html_url": "https://github.com/DasIch",
                "followers_url": "https://api.github.com/users/DasIch/followers",
                "following_url": "https://api.github.com/users/DasIch/following{/other_user}",
                "gists_url": "https://api.github.com/users/DasIch/gists{/gist_id}",
                "starred_url": "https://api.github.com/users/DasIch/starred{/owner}{/repo}",
                "subscriptions_url": "https://api.github.com/users/DasIch/subscriptions",
                "organizations_url": "https://api.github.com/users/DasIch/orgs",
                "repos_url": "https://api.github.com/users/DasIch/repos",
                "events_url": "https://api.github.com/users/DasIch/events{/privacy}",
                "received_events_url": "https://api.github.com/users/DasIch/received_events",
                "type": "User",
                "site_admin": false
            },
            "created_at": "2014-03-13T19:33:57Z",
            "updated_at": "2014-03-13T19:33:57Z",
            "author_association": "CONTRIBUTOR",
            "body": "Thanks.\n"
        }
    ]
}