{
    "url": "https://api.github.com/repos/pallets/flask/issues/895",
    "repository_url": "https://api.github.com/repos/pallets/flask",
    "labels_url": "https://api.github.com/repos/pallets/flask/issues/895/labels{/name}",
    "comments_url": "https://api.github.com/repos/pallets/flask/issues/895/comments",
    "events_url": "https://api.github.com/repos/pallets/flask/issues/895/events",
    "html_url": "https://github.com/pallets/flask/pull/895",
    "id": 21598928,
    "node_id": "MDExOlB1bGxSZXF1ZXN0OTQwODA4Mw==",
    "number": 895,
    "title": "Fix typo in docs for error_handler_spec",
    "user": {
        "login": "daybarr",
        "id": 140142,
        "node_id": "MDQ6VXNlcjE0MDE0Mg==",
        "avatar_url": "https://avatars3.githubusercontent.com/u/140142?v=4",
        "gravatar_id": "",
        "url": "https://api.github.com/users/daybarr",
        "html_url": "https://github.com/daybarr",
        "followers_url": "https://api.github.com/users/daybarr/followers",
        "following_url": "https://api.github.com/users/daybarr/following{/other_user}",
        "gists_url": "https://api.github.com/users/daybarr/gists{/gist_id}",
        "starred_url": "https://api.github.com/users/daybarr/starred{/owner}{/repo}",
        "subscriptions_url": "https://api.github.com/users/daybarr/subscriptions",
        "organizations_url": "https://api.github.com/users/daybarr/orgs",
        "repos_url": "https://api.github.com/users/daybarr/repos",
        "events_url": "https://api.github.com/users/daybarr/events{/privacy}",
        "received_events_url": "https://api.github.com/users/daybarr/received_events",
        "type": "User",
        "site_admin": false
    },
    "labels": [],
    "state": "closed",
    "locked": false,
    "assignee": null,
    "assignees": [],
    "milestone": null,
    "comments": 1,
    "created_at": "2013-10-25T15:51:53Z",
    "updated_at": "2014-06-16T07:44:39Z",
    "closed_at": "2013-10-29T09:35:48Z",
    "author_association": "CONTRIBUTOR",
    "pull_request": {
        "url": "https://api.github.com/repos/pallets/flask/pulls/895",
        "html_url": "https://github.com/pallets/flask/pull/895",
        "diff_url": "https://github.com/pallets/flask/pull/895.diff",
        "patch_url": "https://github.com/pallets/flask/pull/895.patch"
    },
    "body": "",
    "comments_inline": [
        {
            "url": "https://api.github.com/repos/pallets/flask/issues/comments/27288712",
            "html_url": "https://github.com/pallets/flask/pull/895#issuecomment-27288712",
            "issue_url": "https://api.github.com/repos/pallets/flask/issues/895",
            "id": 27288712,
            "node_id": "MDEyOklzc3VlQ29tbWVudDI3Mjg4NzEy",
            "user": {
                "login": "DasIch",
                "id": 182316,
                "node_id": "MDQ6VXNlcjE4MjMxNg==",
                "avatar_url": "https://avatars0.githubusercontent.com/u/182316?v=4",
                "gravatar_id": "",
                "url": "https://api.github.com/users/DasIch",
                "html_url": "https://github.com/DasIch",
                "followers_url": "https://api.github.com/users/DasIch/followers",
                "following_url": "https://api.github.com/users/DasIch/following{/other_user}",
                "gists_url": "https://api.github.com/users/DasIch/gists{/gist_id}",
                "starred_url": "https://api.github.com/users/DasIch/starred{/owner}{/repo}",
                "subscriptions_url": "https://api.github.com/users/DasIch/subscriptions",
                "organizations_url": "https://api.github.com/users/DasIch/orgs",
                "repos_url": "https://api.github.com/users/DasIch/repos",
                "events_url": "https://api.github.com/users/DasIch/events{/privacy}",
                "received_events_url": "https://api.github.com/users/DasIch/received_events",
                "type": "User",
                "site_admin": false
            },
            "created_at": "2013-10-29T09:35:58Z",
            "updated_at": "2013-10-29T09:35:58Z",
            "author_association": "CONTRIBUTOR",
            "body": "Thanks\n"
        }
    ]
}