{
    "url": "https://api.github.com/repos/pallets/flask/issues/911",
    "repository_url": "https://api.github.com/repos/pallets/flask",
    "labels_url": "https://api.github.com/repos/pallets/flask/issues/911/labels{/name}",
    "comments_url": "https://api.github.com/repos/pallets/flask/issues/911/comments",
    "events_url": "https://api.github.com/repos/pallets/flask/issues/911/events",
    "html_url": "https://github.com/pallets/flask/pull/911",
    "id": 22387865,
    "node_id": "MDExOlB1bGxSZXF1ZXN0OTgyMTIwNQ==",
    "number": 911,
    "title": "JSONEncoder cast Decimal to string",
    "user": {
        "login": "ics",
        "id": 108238,
        "node_id": "MDQ6VXNlcjEwODIzOA==",
        "avatar_url": "https://avatars2.githubusercontent.com/u/108238?v=4",
        "gravatar_id": "",
        "url": "https://api.github.com/users/ics",
        "html_url": "https://github.com/ics",
        "followers_url": "https://api.github.com/users/ics/followers",
        "following_url": "https://api.github.com/users/ics/following{/other_user}",
        "gists_url": "https://api.github.com/users/ics/gists{/gist_id}",
        "starred_url": "https://api.github.com/users/ics/starred{/owner}{/repo}",
        "subscriptions_url": "https://api.github.com/users/ics/subscriptions",
        "organizations_url": "https://api.github.com/users/ics/orgs",
        "repos_url": "https://api.github.com/users/ics/repos",
        "events_url": "https://api.github.com/users/ics/events{/privacy}",
        "received_events_url": "https://api.github.com/users/ics/received_events",
        "type": "User",
        "site_admin": false
    },
    "labels": [],
    "state": "closed",
    "locked": false,
    "assignee": null,
    "assignees": [],
    "milestone": null,
    "comments": 8,
    "created_at": "2013-11-09T15:23:08Z",
    "updated_at": "2014-06-16T07:59:23Z",
    "closed_at": "2014-02-08T22:24:00Z",
    "author_association": "NONE",
    "pull_request": {
        "url": "https://api.github.com/repos/pallets/flask/pulls/911",
        "html_url": "https://github.com/pallets/flask/pull/911",
        "diff_url": "https://github.com/pallets/flask/pull/911.diff",
        "patch_url": "https://github.com/pallets/flask/pull/911.patch"
    },
    "body": "",
    "comments_inline": [
        {
            "url": "https://api.github.com/repos/pallets/flask/issues/comments/28129652",
            "html_url": "https://github.com/pallets/flask/pull/911#issuecomment-28129652",
            "issue_url": "https://api.github.com/repos/pallets/flask/issues/911",
            "id": 28129652,
            "node_id": "MDEyOklzc3VlQ29tbWVudDI4MTI5NjUy",
            "user": {
                "login": "untitaker",
                "id": 837573,
                "node_id": "MDQ6VXNlcjgzNzU3Mw==",
                "avatar_url": "https://avatars0.githubusercontent.com/u/837573?v=4",
                "gravatar_id": "",
                "url": "https://api.github.com/users/untitaker",
                "html_url": "https://github.com/untitaker",
                "followers_url": "https://api.github.com/users/untitaker/followers",
                "following_url": "https://api.github.com/users/untitaker/following{/other_user}",
                "gists_url": "https://api.github.com/users/untitaker/gists{/gist_id}",
                "starred_url": "https://api.github.com/users/untitaker/starred{/owner}{/repo}",
                "subscriptions_url": "https://api.github.com/users/untitaker/subscriptions",
                "organizations_url": "https://api.github.com/users/untitaker/orgs",
                "repos_url": "https://api.github.com/users/untitaker/repos",
                "events_url": "https://api.github.com/users/untitaker/events{/privacy}",
                "received_events_url": "https://api.github.com/users/untitaker/received_events",
                "type": "User",
                "site_admin": false
            },
            "created_at": "2013-11-09T15:37:14Z",
            "updated_at": "2013-11-09T15:37:14Z",
            "author_association": "MEMBER",
            "body": "Why do you think this is the way to go?\n"
        },
        {
            "url": "https://api.github.com/repos/pallets/flask/issues/comments/28129867",
            "html_url": "https://github.com/pallets/flask/pull/911#issuecomment-28129867",
            "issue_url": "https://api.github.com/repos/pallets/flask/issues/911",
            "id": 28129867,
            "node_id": "MDEyOklzc3VlQ29tbWVudDI4MTI5ODY3",
            "user": {
                "login": "ics",
                "id": 108238,
                "node_id": "MDQ6VXNlcjEwODIzOA==",
                "avatar_url": "https://avatars2.githubusercontent.com/u/108238?v=4",
                "gravatar_id": "",
                "url": "https://api.github.com/users/ics",
                "html_url": "https://github.com/ics",
                "followers_url": "https://api.github.com/users/ics/followers",
                "following_url": "https://api.github.com/users/ics/following{/other_user}",
                "gists_url": "https://api.github.com/users/ics/gists{/gist_id}",
                "starred_url": "https://api.github.com/users/ics/starred{/owner}{/repo}",
                "subscriptions_url": "https://api.github.com/users/ics/subscriptions",
                "organizations_url": "https://api.github.com/users/ics/orgs",
                "repos_url": "https://api.github.com/users/ics/repos",
                "events_url": "https://api.github.com/users/ics/events{/privacy}",
                "received_events_url": "https://api.github.com/users/ics/received_events",
                "type": "User",
                "site_admin": false
            },
            "created_at": "2013-11-09T15:47:24Z",
            "updated_at": "2013-11-09T15:47:24Z",
            "author_association": "NONE",
            "body": "Flask-Restless makes use of it and it could help if it handled decimals too.\nNot sure if this is proper, I'm opened to suggestions :)\n"
        },
        {
            "url": "https://api.github.com/repos/pallets/flask/issues/comments/28512623",
            "html_url": "https://github.com/pallets/flask/pull/911#issuecomment-28512623",
            "issue_url": "https://api.github.com/repos/pallets/flask/issues/911",
            "id": 28512623,
            "node_id": "MDEyOklzc3VlQ29tbWVudDI4NTEyNjIz",
            "user": {
                "login": "DasIch",
                "id": 182316,
                "node_id": "MDQ6VXNlcjE4MjMxNg==",
                "avatar_url": "https://avatars0.githubusercontent.com/u/182316?v=4",
                "gravatar_id": "",
                "url": "https://api.github.com/users/DasIch",
                "html_url": "https://github.com/DasIch",
                "followers_url": "https://api.github.com/users/DasIch/followers",
                "following_url": "https://api.github.com/users/DasIch/following{/other_user}",
                "gists_url": "https://api.github.com/users/DasIch/gists{/gist_id}",
                "starred_url": "https://api.github.com/users/DasIch/starred{/owner}{/repo}",
                "subscriptions_url": "https://api.github.com/users/DasIch/subscriptions",
                "organizations_url": "https://api.github.com/users/DasIch/orgs",
                "repos_url": "https://api.github.com/users/DasIch/repos",
                "events_url": "https://api.github.com/users/DasIch/events{/privacy}",
                "received_events_url": "https://api.github.com/users/DasIch/received_events",
                "type": "User",
                "site_admin": false
            },
            "created_at": "2013-11-14T19:06:58Z",
            "updated_at": "2013-11-14T19:06:58Z",
            "author_association": "CONTRIBUTOR",
            "body": "There is no way to generally describe decimal numbers in JSON, which is why I think this shouldn't be done by Flask. Especially if there is no way to decode. \n"
        },
        {
            "url": "https://api.github.com/repos/pallets/flask/issues/comments/29364698",
            "html_url": "https://github.com/pallets/flask/pull/911#issuecomment-29364698",
            "issue_url": "https://api.github.com/repos/pallets/flask/issues/911",
            "id": 29364698,
            "node_id": "MDEyOklzc3VlQ29tbWVudDI5MzY0Njk4",
            "user": {
                "login": "chason",
                "id": 484770,
                "node_id": "MDQ6VXNlcjQ4NDc3MA==",
                "avatar_url": "https://avatars1.githubusercontent.com/u/484770?v=4",
                "gravatar_id": "",
                "url": "https://api.github.com/users/chason",
                "html_url": "https://github.com/chason",
                "followers_url": "https://api.github.com/users/chason/followers",
                "following_url": "https://api.github.com/users/chason/following{/other_user}",
                "gists_url": "https://api.github.com/users/chason/gists{/gist_id}",
                "starred_url": "https://api.github.com/users/chason/starred{/owner}{/repo}",
                "subscriptions_url": "https://api.github.com/users/chason/subscriptions",
                "organizations_url": "https://api.github.com/users/chason/orgs",
                "repos_url": "https://api.github.com/users/chason/repos",
                "events_url": "https://api.github.com/users/chason/events{/privacy}",
                "received_events_url": "https://api.github.com/users/chason/received_events",
                "type": "User",
                "site_admin": false
            },
            "created_at": "2013-11-27T07:22:10Z",
            "updated_at": "2013-11-27T07:22:10Z",
            "author_association": "CONTRIBUTOR",
            "body": "Why do you say there is no way to describe decimal numbers in JSON? Looking at the language specification at json.org, it appears to deal with decimals (as floats) fine. Returning a Decimal as a float appears to be the correct behavior according to the spec.\n"
        },
        {
            "url": "https://api.github.com/repos/pallets/flask/issues/comments/29366835",
            "html_url": "https://github.com/pallets/flask/pull/911#issuecomment-29366835",
            "issue_url": "https://api.github.com/repos/pallets/flask/issues/911",
            "id": 29366835,
            "node_id": "MDEyOklzc3VlQ29tbWVudDI5MzY2ODM1",
            "user": {
                "login": "georgexsh",
                "id": 32751,
                "node_id": "MDQ6VXNlcjMyNzUx",
                "avatar_url": "https://avatars3.githubusercontent.com/u/32751?v=4",
                "gravatar_id": "",
                "url": "https://api.github.com/users/georgexsh",
                "html_url": "https://github.com/georgexsh",
                "followers_url": "https://api.github.com/users/georgexsh/followers",
                "following_url": "https://api.github.com/users/georgexsh/following{/other_user}",
                "gists_url": "https://api.github.com/users/georgexsh/gists{/gist_id}",
                "starred_url": "https://api.github.com/users/georgexsh/starred{/owner}{/repo}",
                "subscriptions_url": "https://api.github.com/users/georgexsh/subscriptions",
                "organizations_url": "https://api.github.com/users/georgexsh/orgs",
                "repos_url": "https://api.github.com/users/georgexsh/repos",
                "events_url": "https://api.github.com/users/georgexsh/events{/privacy}",
                "received_events_url": "https://api.github.com/users/georgexsh/received_events",
                "type": "User",
                "site_admin": false
            },
            "created_at": "2013-11-27T08:18:16Z",
            "updated_at": "2013-11-27T09:09:06Z",
            "author_association": "NONE",
            "body": "@chason but when you decoding that value, you got a `float`, rather than `decimal.Decimal`, interoperability is lost\n"
        },
        {
            "url": "https://api.github.com/repos/pallets/flask/issues/comments/29368207",
            "html_url": "https://github.com/pallets/flask/pull/911#issuecomment-29368207",
            "issue_url": "https://api.github.com/repos/pallets/flask/issues/911",
            "id": 29368207,
            "node_id": "MDEyOklzc3VlQ29tbWVudDI5MzY4MjA3",
            "user": {
                "login": "untitaker",
                "id": 837573,
                "node_id": "MDQ6VXNlcjgzNzU3Mw==",
                "avatar_url": "https://avatars0.githubusercontent.com/u/837573?v=4",
                "gravatar_id": "",
                "url": "https://api.github.com/users/untitaker",
                "html_url": "https://github.com/untitaker",
                "followers_url": "https://api.github.com/users/untitaker/followers",
                "following_url": "https://api.github.com/users/untitaker/following{/other_user}",
                "gists_url": "https://api.github.com/users/untitaker/gists{/gist_id}",
                "starred_url": "https://api.github.com/users/untitaker/starred{/owner}{/repo}",
                "subscriptions_url": "https://api.github.com/users/untitaker/subscriptions",
                "organizations_url": "https://api.github.com/users/untitaker/orgs",
                "repos_url": "https://api.github.com/users/untitaker/repos",
                "events_url": "https://api.github.com/users/untitaker/events{/privacy}",
                "received_events_url": "https://api.github.com/users/untitaker/received_events",
                "type": "User",
                "site_admin": false
            },
            "created_at": "2013-11-27T08:46:39Z",
            "updated_at": "2013-11-27T08:46:39Z",
            "author_association": "MEMBER",
            "body": "I've seen that floats are often \"encoded\" as strings in JSON-based APIs but i don't know why.\n"
        },
        {
            "url": "https://api.github.com/repos/pallets/flask/issues/comments/29374991",
            "html_url": "https://github.com/pallets/flask/pull/911#issuecomment-29374991",
            "issue_url": "https://api.github.com/repos/pallets/flask/issues/911",
            "id": 29374991,
            "node_id": "MDEyOklzc3VlQ29tbWVudDI5Mzc0OTkx",
            "user": {
                "login": "pengfei-xue",
                "id": 1533151,
                "node_id": "MDQ6VXNlcjE1MzMxNTE=",
                "avatar_url": "https://avatars2.githubusercontent.com/u/1533151?v=4",
                "gravatar_id": "",
                "url": "https://api.github.com/users/pengfei-xue",
                "html_url": "https://github.com/pengfei-xue",
                "followers_url": "https://api.github.com/users/pengfei-xue/followers",
                "following_url": "https://api.github.com/users/pengfei-xue/following{/other_user}",
                "gists_url": "https://api.github.com/users/pengfei-xue/gists{/gist_id}",
                "starred_url": "https://api.github.com/users/pengfei-xue/starred{/owner}{/repo}",
                "subscriptions_url": "https://api.github.com/users/pengfei-xue/subscriptions",
                "organizations_url": "https://api.github.com/users/pengfei-xue/orgs",
                "repos_url": "https://api.github.com/users/pengfei-xue/repos",
                "events_url": "https://api.github.com/users/pengfei-xue/events{/privacy}",
                "received_events_url": "https://api.github.com/users/pengfei-xue/received_events",
                "type": "User",
                "site_admin": false
            },
            "created_at": "2013-11-27T10:44:32Z",
            "updated_at": "2013-11-27T10:44:32Z",
            "author_association": "CONTRIBUTOR",
            "body": "I think if your application need to return a decimal, you should always find a way to keep the precision, it's better leave this to developer instead of the framework.\n"
        },
        {
            "url": "https://api.github.com/repos/pallets/flask/issues/comments/34558346",
            "html_url": "https://github.com/pallets/flask/pull/911#issuecomment-34558346",
            "issue_url": "https://api.github.com/repos/pallets/flask/issues/911",
            "id": 34558346,
            "node_id": "MDEyOklzc3VlQ29tbWVudDM0NTU4MzQ2",
            "user": {
                "login": "mitsuhiko",
                "id": 7396,
                "node_id": "MDQ6VXNlcjczOTY=",
                "avatar_url": "https://avatars1.githubusercontent.com/u/7396?v=4",
                "gravatar_id": "",
                "url": "https://api.github.com/users/mitsuhiko",
                "html_url": "https://github.com/mitsuhiko",
                "followers_url": "https://api.github.com/users/mitsuhiko/followers",
                "following_url": "https://api.github.com/users/mitsuhiko/following{/other_user}",
                "gists_url": "https://api.github.com/users/mitsuhiko/gists{/gist_id}",
                "starred_url": "https://api.github.com/users/mitsuhiko/starred{/owner}{/repo}",
                "subscriptions_url": "https://api.github.com/users/mitsuhiko/subscriptions",
                "organizations_url": "https://api.github.com/users/mitsuhiko/orgs",
                "repos_url": "https://api.github.com/users/mitsuhiko/repos",
                "events_url": "https://api.github.com/users/mitsuhiko/events{/privacy}",
                "received_events_url": "https://api.github.com/users/mitsuhiko/received_events",
                "type": "User",
                "site_admin": false
            },
            "created_at": "2014-02-08T22:24:00Z",
            "updated_at": "2014-02-08T22:24:00Z",
            "author_association": "MEMBER",
            "body": "Closing this.  String would be the correct thing but that's by far not the only way to represent decimals.\n"
        }
    ]
}