{
    "url": "https://api.github.com/repos/pallets/flask/issues/946",
    "repository_url": "https://api.github.com/repos/pallets/flask",
    "labels_url": "https://api.github.com/repos/pallets/flask/issues/946/labels{/name}",
    "comments_url": "https://api.github.com/repos/pallets/flask/issues/946/comments",
    "events_url": "https://api.github.com/repos/pallets/flask/issues/946/events",
    "html_url": "https://github.com/pallets/flask/pull/946",
    "id": 25432206,
    "node_id": "MDExOlB1bGxSZXF1ZXN0MTE0MjIyMDY=",
    "number": 946,
    "title": "Use json method of requests.Response",
    "user": {
        "login": "allevo",
        "id": 1054125,
        "node_id": "MDQ6VXNlcjEwNTQxMjU=",
        "avatar_url": "https://avatars1.githubusercontent.com/u/1054125?v=4",
        "gravatar_id": "",
        "url": "https://api.github.com/users/allevo",
        "html_url": "https://github.com/allevo",
        "followers_url": "https://api.github.com/users/allevo/followers",
        "following_url": "https://api.github.com/users/allevo/following{/other_user}",
        "gists_url": "https://api.github.com/users/allevo/gists{/gist_id}",
        "starred_url": "https://api.github.com/users/allevo/starred{/owner}{/repo}",
        "subscriptions_url": "https://api.github.com/users/allevo/subscriptions",
        "organizations_url": "https://api.github.com/users/allevo/orgs",
        "repos_url": "https://api.github.com/users/allevo/repos",
        "events_url": "https://api.github.com/users/allevo/events{/privacy}",
        "received_events_url": "https://api.github.com/users/allevo/received_events",
        "type": "User",
        "site_admin": false
    },
    "labels": [],
    "state": "closed",
    "locked": false,
    "assignee": null,
    "assignees": [],
    "milestone": null,
    "comments": 0,
    "created_at": "2014-01-11T00:14:08Z",
    "updated_at": "2014-06-14T00:46:42Z",
    "closed_at": "2014-02-08T17:30:55Z",
    "author_association": "CONTRIBUTOR",
    "pull_request": {
        "url": "https://api.github.com/repos/pallets/flask/pulls/946",
        "html_url": "https://github.com/pallets/flask/pull/946",
        "diff_url": "https://github.com/pallets/flask/pull/946.diff",
        "patch_url": "https://github.com/pallets/flask/pull/946.patch"
    },
    "body": ""
}