{
    "url": "https://api.github.com/repos/pallets/flask/issues/947",
    "repository_url": "https://api.github.com/repos/pallets/flask",
    "labels_url": "https://api.github.com/repos/pallets/flask/issues/947/labels{/name}",
    "comments_url": "https://api.github.com/repos/pallets/flask/issues/947/comments",
    "events_url": "https://api.github.com/repos/pallets/flask/issues/947/events",
    "html_url": "https://github.com/pallets/flask/pull/947",
    "id": 25432872,
    "node_id": "MDExOlB1bGxSZXF1ZXN0MTE0MjI1NzU=",
    "number": 947,
    "title": "Release as universal python wheel (2/3 compat)",
    "user": {
        "login": "Ivoz",
        "id": 199266,
        "node_id": "MDQ6VXNlcjE5OTI2Ng==",
        "avatar_url": "https://avatars1.githubusercontent.com/u/199266?v=4",
        "gravatar_id": "",
        "url": "https://api.github.com/users/Ivoz",
        "html_url": "https://github.com/Ivoz",
        "followers_url": "https://api.github.com/users/Ivoz/followers",
        "following_url": "https://api.github.com/users/Ivoz/following{/other_user}",
        "gists_url": "https://api.github.com/users/Ivoz/gists{/gist_id}",
        "starred_url": "https://api.github.com/users/Ivoz/starred{/owner}{/repo}",
        "subscriptions_url": "https://api.github.com/users/Ivoz/subscriptions",
        "organizations_url": "https://api.github.com/users/Ivoz/orgs",
        "repos_url": "https://api.github.com/users/Ivoz/repos",
        "events_url": "https://api.github.com/users/Ivoz/events{/privacy}",
        "received_events_url": "https://api.github.com/users/Ivoz/received_events",
        "type": "User",
        "site_admin": false
    },
    "labels": [],
    "state": "closed",
    "locked": false,
    "assignee": null,
    "assignees": [],
    "milestone": null,
    "comments": 1,
    "created_at": "2014-01-11T00:32:17Z",
    "updated_at": "2014-06-12T10:07:10Z",
    "closed_at": "2014-01-23T19:07:41Z",
    "author_association": "CONTRIBUTOR",
    "pull_request": {
        "url": "https://api.github.com/repos/pallets/flask/pulls/947",
        "html_url": "https://github.com/pallets/flask/pull/947",
        "diff_url": "https://github.com/pallets/flask/pull/947.diff",
        "patch_url": "https://github.com/pallets/flask/pull/947.patch"
    },
    "body": "You may wish to port this to 0.10 branch if you'd like to release a wheel for 0.10 as well.\n",
    "comments_inline": [
        {
            "url": "https://api.github.com/repos/pallets/flask/issues/comments/33157021",
            "html_url": "https://github.com/pallets/flask/pull/947#issuecomment-33157021",
            "issue_url": "https://api.github.com/repos/pallets/flask/issues/947",
            "id": 33157021,
            "node_id": "MDEyOklzc3VlQ29tbWVudDMzMTU3MDIx",
            "user": {
                "login": "kennethreitz",
                "id": 119893,
                "node_id": "MDQ6VXNlcjExOTg5Mw==",
                "avatar_url": "https://avatars2.githubusercontent.com/u/119893?v=4",
                "gravatar_id": "",
                "url": "https://api.github.com/users/kennethreitz",
                "html_url": "https://github.com/kennethreitz",
                "followers_url": "https://api.github.com/users/kennethreitz/followers",
                "following_url": "https://api.github.com/users/kennethreitz/following{/other_user}",
                "gists_url": "https://api.github.com/users/kennethreitz/gists{/gist_id}",
                "starred_url": "https://api.github.com/users/kennethreitz/starred{/owner}{/repo}",
                "subscriptions_url": "https://api.github.com/users/kennethreitz/subscriptions",
                "organizations_url": "https://api.github.com/users/kennethreitz/orgs",
                "repos_url": "https://api.github.com/users/kennethreitz/repos",
                "events_url": "https://api.github.com/users/kennethreitz/events{/privacy}",
                "received_events_url": "https://api.github.com/users/kennethreitz/received_events",
                "type": "User",
                "site_admin": false
            },
            "created_at": "2014-01-23T19:07:44Z",
            "updated_at": "2014-01-23T19:07:44Z",
            "author_association": "CONTRIBUTOR",
            "body": "Thanks!\n"
        }
    ]
}