{
    "url": "https://api.github.com/repos/pallets/flask/issues/948",
    "repository_url": "https://api.github.com/repos/pallets/flask",
    "labels_url": "https://api.github.com/repos/pallets/flask/issues/948/labels{/name}",
    "comments_url": "https://api.github.com/repos/pallets/flask/issues/948/comments",
    "events_url": "https://api.github.com/repos/pallets/flask/issues/948/events",
    "html_url": "https://github.com/pallets/flask/pull/948",
    "id": 25455051,
    "node_id": "MDExOlB1bGxSZXF1ZXN0MTE0MzE4Mzc=",
    "number": 948,
    "title": "Update fileuploads.rst",
    "user": {
        "login": "Spittie",
        "id": 1008895,
        "node_id": "MDQ6VXNlcjEwMDg4OTU=",
        "avatar_url": "https://avatars1.githubusercontent.com/u/1008895?v=4",
        "gravatar_id": "",
        "url": "https://api.github.com/users/Spittie",
        "html_url": "https://github.com/Spittie",
        "followers_url": "https://api.github.com/users/Spittie/followers",
        "following_url": "https://api.github.com/users/Spittie/following{/other_user}",
        "gists_url": "https://api.github.com/users/Spittie/gists{/gist_id}",
        "starred_url": "https://api.github.com/users/Spittie/starred{/owner}{/repo}",
        "subscriptions_url": "https://api.github.com/users/Spittie/subscriptions",
        "organizations_url": "https://api.github.com/users/Spittie/orgs",
        "repos_url": "https://api.github.com/users/Spittie/repos",
        "events_url": "https://api.github.com/users/Spittie/events{/privacy}",
        "received_events_url": "https://api.github.com/users/Spittie/received_events",
        "type": "User",
        "site_admin": false
    },
    "labels": [],
    "state": "closed",
    "locked": false,
    "assignee": null,
    "assignees": [],
    "milestone": null,
    "comments": 0,
    "created_at": "2014-01-12T01:54:50Z",
    "updated_at": "2014-06-16T08:47:52Z",
    "closed_at": "2014-02-08T17:34:30Z",
    "author_association": "CONTRIBUTOR",
    "pull_request": {
        "url": "https://api.github.com/repos/pallets/flask/pulls/948",
        "html_url": "https://github.com/pallets/flask/pull/948",
        "diff_url": "https://github.com/pallets/flask/pull/948.diff",
        "patch_url": "https://github.com/pallets/flask/pull/948.patch"
    },
    "body": "I'm not sure since when, but secure_filename is under werkzeug.utils now (http://werkzeug.pocoo.org/docs/utils/).\n"
}