{
    "url": "https://api.github.com/repos/pallets/flask/issues/95",
    "repository_url": "https://api.github.com/repos/pallets/flask",
    "labels_url": "https://api.github.com/repos/pallets/flask/issues/95/labels{/name}",
    "comments_url": "https://api.github.com/repos/pallets/flask/issues/95/comments",
    "events_url": "https://api.github.com/repos/pallets/flask/issues/95/events",
    "html_url": "https://github.com/pallets/flask/issues/95",
    "id": 252730,
    "node_id": "MDU6SXNzdWUyNTI3MzA=",
    "number": 95,
    "title": "Bug when server handles registered urls?",
    "user": {
        "login": "maelp",
        "id": 15458,
        "node_id": "MDQ6VXNlcjE1NDU4",
        "avatar_url": "https://avatars0.githubusercontent.com/u/15458?v=4",
        "gravatar_id": "",
        "url": "https://api.github.com/users/maelp",
        "html_url": "https://github.com/maelp",
        "followers_url": "https://api.github.com/users/maelp/followers",
        "following_url": "https://api.github.com/users/maelp/following{/other_user}",
        "gists_url": "https://api.github.com/users/maelp/gists{/gist_id}",
        "starred_url": "https://api.github.com/users/maelp/starred{/owner}{/repo}",
        "subscriptions_url": "https://api.github.com/users/maelp/subscriptions",
        "organizations_url": "https://api.github.com/users/maelp/orgs",
        "repos_url": "https://api.github.com/users/maelp/repos",
        "events_url": "https://api.github.com/users/maelp/events{/privacy}",
        "received_events_url": "https://api.github.com/users/maelp/received_events",
        "type": "User",
        "site_admin": false
    },
    "labels": [],
    "state": "closed",
    "locked": false,
    "assignee": null,
    "assignees": [],
    "milestone": null,
    "comments": 9,
    "created_at": "2010-07-19T14:47:37Z",
    "updated_at": "2010-07-20T13:52:31Z",
    "closed_at": "2010-07-20T13:52:31Z",
    "author_association": "NONE",
    "body": "I register a module using app.register_module(my_module)\nmy module has a url_prefix '/module '\n\nwhen running on localhost, everything is fine, but when installing on\n a host, trying to fetch http://distant.host/module redirects me\n  to http:// localhost /module\n",
    "comments_inline": [
        {
            "url": "https://api.github.com/repos/pallets/flask/issues/comments/318011",
            "html_url": "https://github.com/pallets/flask/issues/95#issuecomment-318011",
            "issue_url": "https://api.github.com/repos/pallets/flask/issues/95",
            "id": 318011,
            "node_id": "MDEyOklzc3VlQ29tbWVudDMxODAxMQ==",
            "user": {
                "login": "maelp",
                "id": 15458,
                "node_id": "MDQ6VXNlcjE1NDU4",
                "avatar_url": "https://avatars0.githubusercontent.com/u/15458?v=4",
                "gravatar_id": "",
                "url": "https://api.github.com/users/maelp",
                "html_url": "https://github.com/maelp",
                "followers_url": "https://api.github.com/users/maelp/followers",
                "following_url": "https://api.github.com/users/maelp/following{/other_user}",
                "gists_url": "https://api.github.com/users/maelp/gists{/gist_id}",
                "starred_url": "https://api.github.com/users/maelp/starred{/owner}{/repo}",
                "subscriptions_url": "https://api.github.com/users/maelp/subscriptions",
                "organizations_url": "https://api.github.com/users/maelp/orgs",
                "repos_url": "https://api.github.com/users/maelp/repos",
                "events_url": "https://api.github.com/users/maelp/events{/privacy}",
                "received_events_url": "https://api.github.com/users/maelp/received_events",
                "type": "User",
                "site_admin": false
            },
            "created_at": "2010-07-19T15:16:47Z",
            "updated_at": "2010-07-19T15:17:05Z",
            "author_association": "NONE",
            "body": "Actually what is happening is that:\n\nmy route was '/module/' and my url was '/module'\nwhen doing this on localhost, it reroutes properly to localhost/module/\nbut when doing that on host, it reroutes to localhost/module/ rather than host/module\nthere must be a bug in the code that handles the missing '/' in routes (it must route to localhost rather than the true host)\n"
        },
        {
            "url": "https://api.github.com/repos/pallets/flask/issues/comments/319267",
            "html_url": "https://github.com/pallets/flask/issues/95#issuecomment-319267",
            "issue_url": "https://api.github.com/repos/pallets/flask/issues/95",
            "id": 319267,
            "node_id": "MDEyOklzc3VlQ29tbWVudDMxOTI2Nw==",
            "user": {
                "login": "mitsuhiko",
                "id": 7396,
                "node_id": "MDQ6VXNlcjczOTY=",
                "avatar_url": "https://avatars1.githubusercontent.com/u/7396?v=4",
                "gravatar_id": "",
                "url": "https://api.github.com/users/mitsuhiko",
                "html_url": "https://github.com/mitsuhiko",
                "followers_url": "https://api.github.com/users/mitsuhiko/followers",
                "following_url": "https://api.github.com/users/mitsuhiko/following{/other_user}",
                "gists_url": "https://api.github.com/users/mitsuhiko/gists{/gist_id}",
                "starred_url": "https://api.github.com/users/mitsuhiko/starred{/owner}{/repo}",
                "subscriptions_url": "https://api.github.com/users/mitsuhiko/subscriptions",
                "organizations_url": "https://api.github.com/users/mitsuhiko/orgs",
                "repos_url": "https://api.github.com/users/mitsuhiko/repos",
                "events_url": "https://api.github.com/users/mitsuhiko/events{/privacy}",
                "received_events_url": "https://api.github.com/users/mitsuhiko/received_events",
                "type": "User",
                "site_admin": false
            },
            "created_at": "2010-07-20T09:28:36Z",
            "updated_at": "2010-07-20T09:28:36Z",
            "author_association": "MEMBER",
            "body": "I cannot reproduce that. There is no reference to localhost in the code. Did you set SERVER_NAME to localhost?\n"
        },
        {
            "url": "https://api.github.com/repos/pallets/flask/issues/comments/319268",
            "html_url": "https://github.com/pallets/flask/issues/95#issuecomment-319268",
            "issue_url": "https://api.github.com/repos/pallets/flask/issues/95",
            "id": 319268,
            "node_id": "MDEyOklzc3VlQ29tbWVudDMxOTI2OA==",
            "user": {
                "login": "maelp",
                "id": 15458,
                "node_id": "MDQ6VXNlcjE1NDU4",
                "avatar_url": "https://avatars0.githubusercontent.com/u/15458?v=4",
                "gravatar_id": "",
                "url": "https://api.github.com/users/maelp",
                "html_url": "https://github.com/maelp",
                "followers_url": "https://api.github.com/users/maelp/followers",
                "following_url": "https://api.github.com/users/maelp/following{/other_user}",
                "gists_url": "https://api.github.com/users/maelp/gists{/gist_id}",
                "starred_url": "https://api.github.com/users/maelp/starred{/owner}{/repo}",
                "subscriptions_url": "https://api.github.com/users/maelp/subscriptions",
                "organizations_url": "https://api.github.com/users/maelp/orgs",
                "repos_url": "https://api.github.com/users/maelp/repos",
                "events_url": "https://api.github.com/users/maelp/events{/privacy}",
                "received_events_url": "https://api.github.com/users/maelp/received_events",
                "type": "User",
                "site_admin": false
            },
            "created_at": "2010-07-20T09:29:37Z",
            "updated_at": "2010-07-20T09:29:37Z",
            "author_association": "NONE",
            "body": "I did not tweak anything... should SERVER_NAME be set when running the server?\n"
        },
        {
            "url": "https://api.github.com/repos/pallets/flask/issues/comments/319269",
            "html_url": "https://github.com/pallets/flask/issues/95#issuecomment-319269",
            "issue_url": "https://api.github.com/repos/pallets/flask/issues/95",
            "id": 319269,
            "node_id": "MDEyOklzc3VlQ29tbWVudDMxOTI2OQ==",
            "user": {
                "login": "mitsuhiko",
                "id": 7396,
                "node_id": "MDQ6VXNlcjczOTY=",
                "avatar_url": "https://avatars1.githubusercontent.com/u/7396?v=4",
                "gravatar_id": "",
                "url": "https://api.github.com/users/mitsuhiko",
                "html_url": "https://github.com/mitsuhiko",
                "followers_url": "https://api.github.com/users/mitsuhiko/followers",
                "following_url": "https://api.github.com/users/mitsuhiko/following{/other_user}",
                "gists_url": "https://api.github.com/users/mitsuhiko/gists{/gist_id}",
                "starred_url": "https://api.github.com/users/mitsuhiko/starred{/owner}{/repo}",
                "subscriptions_url": "https://api.github.com/users/mitsuhiko/subscriptions",
                "organizations_url": "https://api.github.com/users/mitsuhiko/orgs",
                "repos_url": "https://api.github.com/users/mitsuhiko/repos",
                "events_url": "https://api.github.com/users/mitsuhiko/events{/privacy}",
                "received_events_url": "https://api.github.com/users/mitsuhiko/received_events",
                "type": "User",
                "site_admin": false
            },
            "created_at": "2010-07-20T09:29:40Z",
            "updated_at": "2010-07-20T09:29:40Z",
            "author_association": "MEMBER",
            "body": "Maybe you are also missing a host header on the request and the server resolves its own ip to localhost.\n"
        },
        {
            "url": "https://api.github.com/repos/pallets/flask/issues/comments/319271",
            "html_url": "https://github.com/pallets/flask/issues/95#issuecomment-319271",
            "issue_url": "https://api.github.com/repos/pallets/flask/issues/95",
            "id": 319271,
            "node_id": "MDEyOklzc3VlQ29tbWVudDMxOTI3MQ==",
            "user": {
                "login": "mitsuhiko",
                "id": 7396,
                "node_id": "MDQ6VXNlcjczOTY=",
                "avatar_url": "https://avatars1.githubusercontent.com/u/7396?v=4",
                "gravatar_id": "",
                "url": "https://api.github.com/users/mitsuhiko",
                "html_url": "https://github.com/mitsuhiko",
                "followers_url": "https://api.github.com/users/mitsuhiko/followers",
                "following_url": "https://api.github.com/users/mitsuhiko/following{/other_user}",
                "gists_url": "https://api.github.com/users/mitsuhiko/gists{/gist_id}",
                "starred_url": "https://api.github.com/users/mitsuhiko/starred{/owner}{/repo}",
                "subscriptions_url": "https://api.github.com/users/mitsuhiko/subscriptions",
                "organizations_url": "https://api.github.com/users/mitsuhiko/orgs",
                "repos_url": "https://api.github.com/users/mitsuhiko/repos",
                "events_url": "https://api.github.com/users/mitsuhiko/events{/privacy}",
                "received_events_url": "https://api.github.com/users/mitsuhiko/received_events",
                "type": "User",
                "site_admin": false
            },
            "created_at": "2010-07-20T09:31:18Z",
            "updated_at": "2010-07-20T09:31:18Z",
            "author_association": "MEMBER",
            "body": "SERVER_NAME does not have to be set. Can you print the WSGI environment and tell me what server you are using?\n"
        },
        {
            "url": "https://api.github.com/repos/pallets/flask/issues/comments/319273",
            "html_url": "https://github.com/pallets/flask/issues/95#issuecomment-319273",
            "issue_url": "https://api.github.com/repos/pallets/flask/issues/95",
            "id": 319273,
            "node_id": "MDEyOklzc3VlQ29tbWVudDMxOTI3Mw==",
            "user": {
                "login": "maelp",
                "id": 15458,
                "node_id": "MDQ6VXNlcjE1NDU4",
                "avatar_url": "https://avatars0.githubusercontent.com/u/15458?v=4",
                "gravatar_id": "",
                "url": "https://api.github.com/users/maelp",
                "html_url": "https://github.com/maelp",
                "followers_url": "https://api.github.com/users/maelp/followers",
                "following_url": "https://api.github.com/users/maelp/following{/other_user}",
                "gists_url": "https://api.github.com/users/maelp/gists{/gist_id}",
                "starred_url": "https://api.github.com/users/maelp/starred{/owner}{/repo}",
                "subscriptions_url": "https://api.github.com/users/maelp/subscriptions",
                "organizations_url": "https://api.github.com/users/maelp/orgs",
                "repos_url": "https://api.github.com/users/maelp/repos",
                "events_url": "https://api.github.com/users/maelp/events{/privacy}",
                "received_events_url": "https://api.github.com/users/maelp/received_events",
                "type": "User",
                "site_admin": false
            },
            "created_at": "2010-07-20T09:33:01Z",
            "updated_at": "2010-07-20T09:33:01Z",
            "author_association": "NONE",
            "body": "I'm using the flask server (just running a script), how do I print the environment?\n"
        },
        {
            "url": "https://api.github.com/repos/pallets/flask/issues/comments/319278",
            "html_url": "https://github.com/pallets/flask/issues/95#issuecomment-319278",
            "issue_url": "https://api.github.com/repos/pallets/flask/issues/95",
            "id": 319278,
            "node_id": "MDEyOklzc3VlQ29tbWVudDMxOTI3OA==",
            "user": {
                "login": "mitsuhiko",
                "id": 7396,
                "node_id": "MDQ6VXNlcjczOTY=",
                "avatar_url": "https://avatars1.githubusercontent.com/u/7396?v=4",
                "gravatar_id": "",
                "url": "https://api.github.com/users/mitsuhiko",
                "html_url": "https://github.com/mitsuhiko",
                "followers_url": "https://api.github.com/users/mitsuhiko/followers",
                "following_url": "https://api.github.com/users/mitsuhiko/following{/other_user}",
                "gists_url": "https://api.github.com/users/mitsuhiko/gists{/gist_id}",
                "starred_url": "https://api.github.com/users/mitsuhiko/starred{/owner}{/repo}",
                "subscriptions_url": "https://api.github.com/users/mitsuhiko/subscriptions",
                "organizations_url": "https://api.github.com/users/mitsuhiko/orgs",
                "repos_url": "https://api.github.com/users/mitsuhiko/repos",
                "events_url": "https://api.github.com/users/mitsuhiko/events{/privacy}",
                "received_events_url": "https://api.github.com/users/mitsuhiko/received_events",
                "type": "User",
                "site_admin": false
            },
            "created_at": "2010-07-20T09:34:59Z",
            "updated_at": "2010-07-20T09:34:59Z",
            "author_association": "MEMBER",
            "body": "print request.environ\n"
        },
        {
            "url": "https://api.github.com/repos/pallets/flask/issues/comments/319293",
            "html_url": "https://github.com/pallets/flask/issues/95#issuecomment-319293",
            "issue_url": "https://api.github.com/repos/pallets/flask/issues/95",
            "id": 319293,
            "node_id": "MDEyOklzc3VlQ29tbWVudDMxOTI5Mw==",
            "user": {
                "login": "maelp",
                "id": 15458,
                "node_id": "MDQ6VXNlcjE1NDU4",
                "avatar_url": "https://avatars0.githubusercontent.com/u/15458?v=4",
                "gravatar_id": "",
                "url": "https://api.github.com/users/maelp",
                "html_url": "https://github.com/maelp",
                "followers_url": "https://api.github.com/users/maelp/followers",
                "following_url": "https://api.github.com/users/maelp/following{/other_user}",
                "gists_url": "https://api.github.com/users/maelp/gists{/gist_id}",
                "starred_url": "https://api.github.com/users/maelp/starred{/owner}{/repo}",
                "subscriptions_url": "https://api.github.com/users/maelp/subscriptions",
                "organizations_url": "https://api.github.com/users/maelp/orgs",
                "repos_url": "https://api.github.com/users/maelp/repos",
                "events_url": "https://api.github.com/users/maelp/events{/privacy}",
                "received_events_url": "https://api.github.com/users/maelp/received_events",
                "type": "User",
                "site_admin": false
            },
            "created_at": "2010-07-20T09:56:35Z",
            "updated_at": "2010-07-20T09:56:35Z",
            "author_association": "NONE",
            "body": "I sent you the info  \n"
        },
        {
            "url": "https://api.github.com/repos/pallets/flask/issues/comments/319467",
            "html_url": "https://github.com/pallets/flask/issues/95#issuecomment-319467",
            "issue_url": "https://api.github.com/repos/pallets/flask/issues/95",
            "id": 319467,
            "node_id": "MDEyOklzc3VlQ29tbWVudDMxOTQ2Nw==",
            "user": {
                "login": "mitsuhiko",
                "id": 7396,
                "node_id": "MDQ6VXNlcjczOTY=",
                "avatar_url": "https://avatars1.githubusercontent.com/u/7396?v=4",
                "gravatar_id": "",
                "url": "https://api.github.com/users/mitsuhiko",
                "html_url": "https://github.com/mitsuhiko",
                "followers_url": "https://api.github.com/users/mitsuhiko/followers",
                "following_url": "https://api.github.com/users/mitsuhiko/following{/other_user}",
                "gists_url": "https://api.github.com/users/mitsuhiko/gists{/gist_id}",
                "starred_url": "https://api.github.com/users/mitsuhiko/starred{/owner}{/repo}",
                "subscriptions_url": "https://api.github.com/users/mitsuhiko/subscriptions",
                "organizations_url": "https://api.github.com/users/mitsuhiko/orgs",
                "repos_url": "https://api.github.com/users/mitsuhiko/repos",
                "events_url": "https://api.github.com/users/mitsuhiko/events{/privacy}",
                "received_events_url": "https://api.github.com/users/mitsuhiko/received_events",
                "type": "User",
                "site_admin": false
            },
            "created_at": "2010-07-20T13:52:30Z",
            "updated_at": "2010-07-20T13:52:30Z",
            "author_association": "MEMBER",
            "body": "This was a proxy issue. Updated the documentation.\n"
        }
    ]
}