{
    "url": "https://api.github.com/repos/pallets/flask/issues/950",
    "repository_url": "https://api.github.com/repos/pallets/flask",
    "labels_url": "https://api.github.com/repos/pallets/flask/issues/950/labels{/name}",
    "comments_url": "https://api.github.com/repos/pallets/flask/issues/950/comments",
    "events_url": "https://api.github.com/repos/pallets/flask/issues/950/events",
    "html_url": "https://github.com/pallets/flask/issues/950",
    "id": 25474187,
    "node_id": "MDU6SXNzdWUyNTQ3NDE4Nw==",
    "number": 950,
    "title": "flaskr.py in Flaskr Tutorial, LINE 23",
    "user": {
        "login": "AlanSixth",
        "id": 6385329,
        "node_id": "MDQ6VXNlcjYzODUzMjk=",
        "avatar_url": "https://avatars0.githubusercontent.com/u/6385329?v=4",
        "gravatar_id": "",
        "url": "https://api.github.com/users/AlanSixth",
        "html_url": "https://github.com/AlanSixth",
        "followers_url": "https://api.github.com/users/AlanSixth/followers",
        "following_url": "https://api.github.com/users/AlanSixth/following{/other_user}",
        "gists_url": "https://api.github.com/users/AlanSixth/gists{/gist_id}",
        "starred_url": "https://api.github.com/users/AlanSixth/starred{/owner}{/repo}",
        "subscriptions_url": "https://api.github.com/users/AlanSixth/subscriptions",
        "organizations_url": "https://api.github.com/users/AlanSixth/orgs",
        "repos_url": "https://api.github.com/users/AlanSixth/repos",
        "events_url": "https://api.github.com/users/AlanSixth/events{/privacy}",
        "received_events_url": "https://api.github.com/users/AlanSixth/received_events",
        "type": "User",
        "site_admin": false
    },
    "labels": [],
    "state": "closed",
    "locked": false,
    "assignee": null,
    "assignees": [],
    "milestone": null,
    "comments": 15,
    "created_at": "2014-01-13T01:22:15Z",
    "updated_at": "2014-02-08T22:07:36Z",
    "closed_at": "2014-02-08T22:07:36Z",
    "author_association": "NONE",
    "body": "DATABASE='/tmp/flaskr.db' does not work on my machine.\n\nI changed it to (by removing the slash before 'tmp')\n\nDATABASE='tmp/flaskr.db' \n\nand it then worked.\n",
    "comments_inline": [
        {
            "url": "https://api.github.com/repos/pallets/flask/issues/comments/33097303",
            "html_url": "https://github.com/pallets/flask/issues/950#issuecomment-33097303",
            "issue_url": "https://api.github.com/repos/pallets/flask/issues/950",
            "id": 33097303,
            "node_id": "MDEyOklzc3VlQ29tbWVudDMzMDk3MzAz",
            "user": {
                "login": "nZac",
                "id": 276212,
                "node_id": "MDQ6VXNlcjI3NjIxMg==",
                "avatar_url": "https://avatars0.githubusercontent.com/u/276212?v=4",
                "gravatar_id": "",
                "url": "https://api.github.com/users/nZac",
                "html_url": "https://github.com/nZac",
                "followers_url": "https://api.github.com/users/nZac/followers",
                "following_url": "https://api.github.com/users/nZac/following{/other_user}",
                "gists_url": "https://api.github.com/users/nZac/gists{/gist_id}",
                "starred_url": "https://api.github.com/users/nZac/starred{/owner}{/repo}",
                "subscriptions_url": "https://api.github.com/users/nZac/subscriptions",
                "organizations_url": "https://api.github.com/users/nZac/orgs",
                "repos_url": "https://api.github.com/users/nZac/repos",
                "events_url": "https://api.github.com/users/nZac/events{/privacy}",
                "received_events_url": "https://api.github.com/users/nZac/received_events",
                "type": "User",
                "site_admin": false
            },
            "created_at": "2014-01-23T05:00:15Z",
            "updated_at": "2014-01-23T05:00:15Z",
            "author_association": "CONTRIBUTOR",
            "body": "@AlanSixth  I am somewhat confused about whether it worked or not?  Can you describe the problem a little more or create a gist?\n"
        },
        {
            "url": "https://api.github.com/repos/pallets/flask/issues/comments/33103029",
            "html_url": "https://github.com/pallets/flask/issues/950#issuecomment-33103029",
            "issue_url": "https://api.github.com/repos/pallets/flask/issues/950",
            "id": 33103029,
            "node_id": "MDEyOklzc3VlQ29tbWVudDMzMTAzMDI5",
            "user": {
                "login": "ThiefMaster",
                "id": 179599,
                "node_id": "MDQ6VXNlcjE3OTU5OQ==",
                "avatar_url": "https://avatars1.githubusercontent.com/u/179599?v=4",
                "gravatar_id": "",
                "url": "https://api.github.com/users/ThiefMaster",
                "html_url": "https://github.com/ThiefMaster",
                "followers_url": "https://api.github.com/users/ThiefMaster/followers",
                "following_url": "https://api.github.com/users/ThiefMaster/following{/other_user}",
                "gists_url": "https://api.github.com/users/ThiefMaster/gists{/gist_id}",
                "starred_url": "https://api.github.com/users/ThiefMaster/starred{/owner}{/repo}",
                "subscriptions_url": "https://api.github.com/users/ThiefMaster/subscriptions",
                "organizations_url": "https://api.github.com/users/ThiefMaster/orgs",
                "repos_url": "https://api.github.com/users/ThiefMaster/repos",
                "events_url": "https://api.github.com/users/ThiefMaster/events{/privacy}",
                "received_events_url": "https://api.github.com/users/ThiefMaster/received_events",
                "type": "User",
                "site_admin": false
            },
            "created_at": "2014-01-23T07:40:12Z",
            "updated_at": "2014-01-23T07:40:12Z",
            "author_association": "MEMBER",
            "body": "Are you on Windows by any chance? Or on a weirdly configured OS where you cannot write to `/tmp/`?\n"
        },
        {
            "url": "https://api.github.com/repos/pallets/flask/issues/comments/33214812",
            "html_url": "https://github.com/pallets/flask/issues/950#issuecomment-33214812",
            "issue_url": "https://api.github.com/repos/pallets/flask/issues/950",
            "id": 33214812,
            "node_id": "MDEyOklzc3VlQ29tbWVudDMzMjE0ODEy",
            "user": {
                "login": "AlanSixth",
                "id": 6385329,
                "node_id": "MDQ6VXNlcjYzODUzMjk=",
                "avatar_url": "https://avatars0.githubusercontent.com/u/6385329?v=4",
                "gravatar_id": "",
                "url": "https://api.github.com/users/AlanSixth",
                "html_url": "https://github.com/AlanSixth",
                "followers_url": "https://api.github.com/users/AlanSixth/followers",
                "following_url": "https://api.github.com/users/AlanSixth/following{/other_user}",
                "gists_url": "https://api.github.com/users/AlanSixth/gists{/gist_id}",
                "starred_url": "https://api.github.com/users/AlanSixth/starred{/owner}{/repo}",
                "subscriptions_url": "https://api.github.com/users/AlanSixth/subscriptions",
                "organizations_url": "https://api.github.com/users/AlanSixth/orgs",
                "repos_url": "https://api.github.com/users/AlanSixth/repos",
                "events_url": "https://api.github.com/users/AlanSixth/events{/privacy}",
                "received_events_url": "https://api.github.com/users/AlanSixth/received_events",
                "type": "User",
                "site_admin": false
            },
            "created_at": "2014-01-24T11:12:58Z",
            "updated_at": "2014-01-24T11:12:58Z",
            "author_association": "NONE",
            "body": "Hi I was on windows, I guess it was the problem with the first '/'. After removing it then the code worked.\nSorry I am kind of new to Python, flask and github.\n"
        },
        {
            "url": "https://api.github.com/repos/pallets/flask/issues/comments/33220875",
            "html_url": "https://github.com/pallets/flask/issues/950#issuecomment-33220875",
            "issue_url": "https://api.github.com/repos/pallets/flask/issues/950",
            "id": 33220875,
            "node_id": "MDEyOklzc3VlQ29tbWVudDMzMjIwODc1",
            "user": {
                "login": "untitaker",
                "id": 837573,
                "node_id": "MDQ6VXNlcjgzNzU3Mw==",
                "avatar_url": "https://avatars0.githubusercontent.com/u/837573?v=4",
                "gravatar_id": "",
                "url": "https://api.github.com/users/untitaker",
                "html_url": "https://github.com/untitaker",
                "followers_url": "https://api.github.com/users/untitaker/followers",
                "following_url": "https://api.github.com/users/untitaker/following{/other_user}",
                "gists_url": "https://api.github.com/users/untitaker/gists{/gist_id}",
                "starred_url": "https://api.github.com/users/untitaker/starred{/owner}{/repo}",
                "subscriptions_url": "https://api.github.com/users/untitaker/subscriptions",
                "organizations_url": "https://api.github.com/users/untitaker/orgs",
                "repos_url": "https://api.github.com/users/untitaker/repos",
                "events_url": "https://api.github.com/users/untitaker/events{/privacy}",
                "received_events_url": "https://api.github.com/users/untitaker/received_events",
                "type": "User",
                "site_admin": false
            },
            "created_at": "2014-01-24T13:03:40Z",
            "updated_at": "2014-01-24T13:03:40Z",
            "author_association": "MEMBER",
            "body": "In the repo, this detail is mentioned in \"Step 2: Application Setup Code\".\n"
        },
        {
            "url": "https://api.github.com/repos/pallets/flask/issues/comments/33267130",
            "html_url": "https://github.com/pallets/flask/issues/950#issuecomment-33267130",
            "issue_url": "https://api.github.com/repos/pallets/flask/issues/950",
            "id": 33267130,
            "node_id": "MDEyOklzc3VlQ29tbWVudDMzMjY3MTMw",
            "user": {
                "login": "AlanSixth",
                "id": 6385329,
                "node_id": "MDQ6VXNlcjYzODUzMjk=",
                "avatar_url": "https://avatars0.githubusercontent.com/u/6385329?v=4",
                "gravatar_id": "",
                "url": "https://api.github.com/users/AlanSixth",
                "html_url": "https://github.com/AlanSixth",
                "followers_url": "https://api.github.com/users/AlanSixth/followers",
                "following_url": "https://api.github.com/users/AlanSixth/following{/other_user}",
                "gists_url": "https://api.github.com/users/AlanSixth/gists{/gist_id}",
                "starred_url": "https://api.github.com/users/AlanSixth/starred{/owner}{/repo}",
                "subscriptions_url": "https://api.github.com/users/AlanSixth/subscriptions",
                "organizations_url": "https://api.github.com/users/AlanSixth/orgs",
                "repos_url": "https://api.github.com/users/AlanSixth/repos",
                "events_url": "https://api.github.com/users/AlanSixth/events{/privacy}",
                "received_events_url": "https://api.github.com/users/AlanSixth/received_events",
                "type": "User",
                "site_admin": false
            },
            "created_at": "2014-01-24T22:14:01Z",
            "updated_at": "2014-01-24T22:14:01Z",
            "author_association": "NONE",
            "body": "Can't locate it. Could you please give me a link?\n"
        },
        {
            "url": "https://api.github.com/repos/pallets/flask/issues/comments/33267594",
            "html_url": "https://github.com/pallets/flask/issues/950#issuecomment-33267594",
            "issue_url": "https://api.github.com/repos/pallets/flask/issues/950",
            "id": 33267594,
            "node_id": "MDEyOklzc3VlQ29tbWVudDMzMjY3NTk0",
            "user": {
                "login": "untitaker",
                "id": 837573,
                "node_id": "MDQ6VXNlcjgzNzU3Mw==",
                "avatar_url": "https://avatars0.githubusercontent.com/u/837573?v=4",
                "gravatar_id": "",
                "url": "https://api.github.com/users/untitaker",
                "html_url": "https://github.com/untitaker",
                "followers_url": "https://api.github.com/users/untitaker/followers",
                "following_url": "https://api.github.com/users/untitaker/following{/other_user}",
                "gists_url": "https://api.github.com/users/untitaker/gists{/gist_id}",
                "starred_url": "https://api.github.com/users/untitaker/starred{/owner}{/repo}",
                "subscriptions_url": "https://api.github.com/users/untitaker/subscriptions",
                "organizations_url": "https://api.github.com/users/untitaker/orgs",
                "repos_url": "https://api.github.com/users/untitaker/repos",
                "events_url": "https://api.github.com/users/untitaker/events{/privacy}",
                "received_events_url": "https://api.github.com/users/untitaker/received_events",
                "type": "User",
                "site_admin": false
            },
            "created_at": "2014-01-24T22:20:33Z",
            "updated_at": "2014-01-24T22:20:33Z",
            "author_association": "MEMBER",
            "body": "https://github.com/mitsuhiko/flask/blob/master/docs/tutorial/setup.rst\n"
        },
        {
            "url": "https://api.github.com/repos/pallets/flask/issues/comments/33270529",
            "html_url": "https://github.com/pallets/flask/issues/950#issuecomment-33270529",
            "issue_url": "https://api.github.com/repos/pallets/flask/issues/950",
            "id": 33270529,
            "node_id": "MDEyOklzc3VlQ29tbWVudDMzMjcwNTI5",
            "user": {
                "login": "AlanSixth",
                "id": 6385329,
                "node_id": "MDQ6VXNlcjYzODUzMjk=",
                "avatar_url": "https://avatars0.githubusercontent.com/u/6385329?v=4",
                "gravatar_id": "",
                "url": "https://api.github.com/users/AlanSixth",
                "html_url": "https://github.com/AlanSixth",
                "followers_url": "https://api.github.com/users/AlanSixth/followers",
                "following_url": "https://api.github.com/users/AlanSixth/following{/other_user}",
                "gists_url": "https://api.github.com/users/AlanSixth/gists{/gist_id}",
                "starred_url": "https://api.github.com/users/AlanSixth/starred{/owner}{/repo}",
                "subscriptions_url": "https://api.github.com/users/AlanSixth/subscriptions",
                "organizations_url": "https://api.github.com/users/AlanSixth/orgs",
                "repos_url": "https://api.github.com/users/AlanSixth/repos",
                "events_url": "https://api.github.com/users/AlanSixth/events{/privacy}",
                "received_events_url": "https://api.github.com/users/AlanSixth/received_events",
                "type": "User",
                "site_admin": false
            },
            "created_at": "2014-01-24T23:05:45Z",
            "updated_at": "2014-01-24T23:05:45Z",
            "author_association": "NONE",
            "body": "Thanks. But somehow I was following the content on this page and it is not mentioned here: http://flask.pocoo.org/docs/tutorial/setup/\n"
        },
        {
            "url": "https://api.github.com/repos/pallets/flask/issues/comments/33274365",
            "html_url": "https://github.com/pallets/flask/issues/950#issuecomment-33274365",
            "issue_url": "https://api.github.com/repos/pallets/flask/issues/950",
            "id": 33274365,
            "node_id": "MDEyOklzc3VlQ29tbWVudDMzMjc0MzY1",
            "user": {
                "login": "nZac",
                "id": 276212,
                "node_id": "MDQ6VXNlcjI3NjIxMg==",
                "avatar_url": "https://avatars0.githubusercontent.com/u/276212?v=4",
                "gravatar_id": "",
                "url": "https://api.github.com/users/nZac",
                "html_url": "https://github.com/nZac",
                "followers_url": "https://api.github.com/users/nZac/followers",
                "following_url": "https://api.github.com/users/nZac/following{/other_user}",
                "gists_url": "https://api.github.com/users/nZac/gists{/gist_id}",
                "starred_url": "https://api.github.com/users/nZac/starred{/owner}{/repo}",
                "subscriptions_url": "https://api.github.com/users/nZac/subscriptions",
                "organizations_url": "https://api.github.com/users/nZac/orgs",
                "repos_url": "https://api.github.com/users/nZac/repos",
                "events_url": "https://api.github.com/users/nZac/events{/privacy}",
                "received_events_url": "https://api.github.com/users/nZac/received_events",
                "type": "User",
                "site_admin": false
            },
            "created_at": "2014-01-25T00:19:00Z",
            "updated_at": "2014-01-25T00:19:00Z",
            "author_association": "CONTRIBUTOR",
            "body": "The documentation is missing the admonition about Windows (Line 41).  The Externally Visible Server (Line 103) admonition generated properly however the Windows one did not.\n"
        },
        {
            "url": "https://api.github.com/repos/pallets/flask/issues/comments/33275390",
            "html_url": "https://github.com/pallets/flask/issues/950#issuecomment-33275390",
            "issue_url": "https://api.github.com/repos/pallets/flask/issues/950",
            "id": 33275390,
            "node_id": "MDEyOklzc3VlQ29tbWVudDMzMjc1Mzkw",
            "user": {
                "login": "nZac",
                "id": 276212,
                "node_id": "MDQ6VXNlcjI3NjIxMg==",
                "avatar_url": "https://avatars0.githubusercontent.com/u/276212?v=4",
                "gravatar_id": "",
                "url": "https://api.github.com/users/nZac",
                "html_url": "https://github.com/nZac",
                "followers_url": "https://api.github.com/users/nZac/followers",
                "following_url": "https://api.github.com/users/nZac/following{/other_user}",
                "gists_url": "https://api.github.com/users/nZac/gists{/gist_id}",
                "starred_url": "https://api.github.com/users/nZac/starred{/owner}{/repo}",
                "subscriptions_url": "https://api.github.com/users/nZac/subscriptions",
                "organizations_url": "https://api.github.com/users/nZac/orgs",
                "repos_url": "https://api.github.com/users/nZac/repos",
                "events_url": "https://api.github.com/users/nZac/events{/privacy}",
                "received_events_url": "https://api.github.com/users/nZac/received_events",
                "type": "User",
                "site_admin": false
            },
            "created_at": "2014-01-25T00:43:05Z",
            "updated_at": "2014-01-25T00:43:05Z",
            "author_association": "CONTRIBUTOR",
            "body": "It appears as though the http://flask.pocoo.org documentation is out of date.  The Windows admonition appears at https://flask.readthedocs.org/en/latest/tutorial/setup/\n\nThe README still points to pocoo's version.  Maybe it is time to retire that and move to the RTD version, or at the very least find a way to keep them updated.\n\nThoughts?\n"
        },
        {
            "url": "https://api.github.com/repos/pallets/flask/issues/comments/33275616",
            "html_url": "https://github.com/pallets/flask/issues/950#issuecomment-33275616",
            "issue_url": "https://api.github.com/repos/pallets/flask/issues/950",
            "id": 33275616,
            "node_id": "MDEyOklzc3VlQ29tbWVudDMzMjc1NjE2",
            "user": {
                "login": "AlanSixth",
                "id": 6385329,
                "node_id": "MDQ6VXNlcjYzODUzMjk=",
                "avatar_url": "https://avatars0.githubusercontent.com/u/6385329?v=4",
                "gravatar_id": "",
                "url": "https://api.github.com/users/AlanSixth",
                "html_url": "https://github.com/AlanSixth",
                "followers_url": "https://api.github.com/users/AlanSixth/followers",
                "following_url": "https://api.github.com/users/AlanSixth/following{/other_user}",
                "gists_url": "https://api.github.com/users/AlanSixth/gists{/gist_id}",
                "starred_url": "https://api.github.com/users/AlanSixth/starred{/owner}{/repo}",
                "subscriptions_url": "https://api.github.com/users/AlanSixth/subscriptions",
                "organizations_url": "https://api.github.com/users/AlanSixth/orgs",
                "repos_url": "https://api.github.com/users/AlanSixth/repos",
                "events_url": "https://api.github.com/users/AlanSixth/events{/privacy}",
                "received_events_url": "https://api.github.com/users/AlanSixth/received_events",
                "type": "User",
                "site_admin": false
            },
            "created_at": "2014-01-25T00:47:59Z",
            "updated_at": "2014-01-25T00:47:59Z",
            "author_association": "NONE",
            "body": "I'm not very sure what you guys are talking about :P\nMy point of view is that, as a beginner, the website http://flask.pocoo.org/ is the very entry point for me to get to know flask. I think other beginners may feel the same. \n"
        },
        {
            "url": "https://api.github.com/repos/pallets/flask/issues/comments/33275945",
            "html_url": "https://github.com/pallets/flask/issues/950#issuecomment-33275945",
            "issue_url": "https://api.github.com/repos/pallets/flask/issues/950",
            "id": 33275945,
            "node_id": "MDEyOklzc3VlQ29tbWVudDMzMjc1OTQ1",
            "user": {
                "login": "nZac",
                "id": 276212,
                "node_id": "MDQ6VXNlcjI3NjIxMg==",
                "avatar_url": "https://avatars0.githubusercontent.com/u/276212?v=4",
                "gravatar_id": "",
                "url": "https://api.github.com/users/nZac",
                "html_url": "https://github.com/nZac",
                "followers_url": "https://api.github.com/users/nZac/followers",
                "following_url": "https://api.github.com/users/nZac/following{/other_user}",
                "gists_url": "https://api.github.com/users/nZac/gists{/gist_id}",
                "starred_url": "https://api.github.com/users/nZac/starred{/owner}{/repo}",
                "subscriptions_url": "https://api.github.com/users/nZac/subscriptions",
                "organizations_url": "https://api.github.com/users/nZac/orgs",
                "repos_url": "https://api.github.com/users/nZac/repos",
                "events_url": "https://api.github.com/users/nZac/events{/privacy}",
                "received_events_url": "https://api.github.com/users/nZac/received_events",
                "type": "User",
                "site_admin": false
            },
            "created_at": "2014-01-25T00:55:30Z",
            "updated_at": "2014-01-25T00:55:30Z",
            "author_association": "CONTRIBUTOR",
            "body": "@AlanSixth Sorry for not being very clear. \n\nI totally agree that the pocoo docs are the reference beginners start with.  What I am trying to articulate is; the pocoo documentation does not have the most up to date version.  The site that does have the most recent versions is located at https://flask.readthedocs.org/en/latest.\n\nDoes that help?  \n"
        },
        {
            "url": "https://api.github.com/repos/pallets/flask/issues/comments/33277254",
            "html_url": "https://github.com/pallets/flask/issues/950#issuecomment-33277254",
            "issue_url": "https://api.github.com/repos/pallets/flask/issues/950",
            "id": 33277254,
            "node_id": "MDEyOklzc3VlQ29tbWVudDMzMjc3MjU0",
            "user": {
                "login": "AlanSixth",
                "id": 6385329,
                "node_id": "MDQ6VXNlcjYzODUzMjk=",
                "avatar_url": "https://avatars0.githubusercontent.com/u/6385329?v=4",
                "gravatar_id": "",
                "url": "https://api.github.com/users/AlanSixth",
                "html_url": "https://github.com/AlanSixth",
                "followers_url": "https://api.github.com/users/AlanSixth/followers",
                "following_url": "https://api.github.com/users/AlanSixth/following{/other_user}",
                "gists_url": "https://api.github.com/users/AlanSixth/gists{/gist_id}",
                "starred_url": "https://api.github.com/users/AlanSixth/starred{/owner}{/repo}",
                "subscriptions_url": "https://api.github.com/users/AlanSixth/subscriptions",
                "organizations_url": "https://api.github.com/users/AlanSixth/orgs",
                "repos_url": "https://api.github.com/users/AlanSixth/repos",
                "events_url": "https://api.github.com/users/AlanSixth/events{/privacy}",
                "received_events_url": "https://api.github.com/users/AlanSixth/received_events",
                "type": "User",
                "site_admin": false
            },
            "created_at": "2014-01-25T01:28:33Z",
            "updated_at": "2014-01-25T01:28:33Z",
            "author_association": "NONE",
            "body": "Marked.\nCool thank you very much.\n"
        },
        {
            "url": "https://api.github.com/repos/pallets/flask/issues/comments/33277314",
            "html_url": "https://github.com/pallets/flask/issues/950#issuecomment-33277314",
            "issue_url": "https://api.github.com/repos/pallets/flask/issues/950",
            "id": 33277314,
            "node_id": "MDEyOklzc3VlQ29tbWVudDMzMjc3MzE0",
            "user": {
                "login": "nZac",
                "id": 276212,
                "node_id": "MDQ6VXNlcjI3NjIxMg==",
                "avatar_url": "https://avatars0.githubusercontent.com/u/276212?v=4",
                "gravatar_id": "",
                "url": "https://api.github.com/users/nZac",
                "html_url": "https://github.com/nZac",
                "followers_url": "https://api.github.com/users/nZac/followers",
                "following_url": "https://api.github.com/users/nZac/following{/other_user}",
                "gists_url": "https://api.github.com/users/nZac/gists{/gist_id}",
                "starred_url": "https://api.github.com/users/nZac/starred{/owner}{/repo}",
                "subscriptions_url": "https://api.github.com/users/nZac/subscriptions",
                "organizations_url": "https://api.github.com/users/nZac/orgs",
                "repos_url": "https://api.github.com/users/nZac/repos",
                "events_url": "https://api.github.com/users/nZac/events{/privacy}",
                "received_events_url": "https://api.github.com/users/nZac/received_events",
                "type": "User",
                "site_admin": false
            },
            "created_at": "2014-01-25T01:29:53Z",
            "updated_at": "2014-01-25T01:29:53Z",
            "author_association": "CONTRIBUTOR",
            "body": "@AlanSixth do you feel this issue has been resolved?\n"
        },
        {
            "url": "https://api.github.com/repos/pallets/flask/issues/comments/33278116",
            "html_url": "https://github.com/pallets/flask/issues/950#issuecomment-33278116",
            "issue_url": "https://api.github.com/repos/pallets/flask/issues/950",
            "id": 33278116,
            "node_id": "MDEyOklzc3VlQ29tbWVudDMzMjc4MTE2",
            "user": {
                "login": "AlanSixth",
                "id": 6385329,
                "node_id": "MDQ6VXNlcjYzODUzMjk=",
                "avatar_url": "https://avatars0.githubusercontent.com/u/6385329?v=4",
                "gravatar_id": "",
                "url": "https://api.github.com/users/AlanSixth",
                "html_url": "https://github.com/AlanSixth",
                "followers_url": "https://api.github.com/users/AlanSixth/followers",
                "following_url": "https://api.github.com/users/AlanSixth/following{/other_user}",
                "gists_url": "https://api.github.com/users/AlanSixth/gists{/gist_id}",
                "starred_url": "https://api.github.com/users/AlanSixth/starred{/owner}{/repo}",
                "subscriptions_url": "https://api.github.com/users/AlanSixth/subscriptions",
                "organizations_url": "https://api.github.com/users/AlanSixth/orgs",
                "repos_url": "https://api.github.com/users/AlanSixth/repos",
                "events_url": "https://api.github.com/users/AlanSixth/events{/privacy}",
                "received_events_url": "https://api.github.com/users/AlanSixth/received_events",
                "type": "User",
                "site_admin": false
            },
            "created_at": "2014-01-25T01:58:19Z",
            "updated_at": "2014-01-25T01:58:19Z",
            "author_association": "NONE",
            "body": "Yes. Thx!\n"
        },
        {
            "url": "https://api.github.com/repos/pallets/flask/issues/comments/34557899",
            "html_url": "https://github.com/pallets/flask/issues/950#issuecomment-34557899",
            "issue_url": "https://api.github.com/repos/pallets/flask/issues/950",
            "id": 34557899,
            "node_id": "MDEyOklzc3VlQ29tbWVudDM0NTU3ODk5",
            "user": {
                "login": "mitsuhiko",
                "id": 7396,
                "node_id": "MDQ6VXNlcjczOTY=",
                "avatar_url": "https://avatars1.githubusercontent.com/u/7396?v=4",
                "gravatar_id": "",
                "url": "https://api.github.com/users/mitsuhiko",
                "html_url": "https://github.com/mitsuhiko",
                "followers_url": "https://api.github.com/users/mitsuhiko/followers",
                "following_url": "https://api.github.com/users/mitsuhiko/following{/other_user}",
                "gists_url": "https://api.github.com/users/mitsuhiko/gists{/gist_id}",
                "starred_url": "https://api.github.com/users/mitsuhiko/starred{/owner}{/repo}",
                "subscriptions_url": "https://api.github.com/users/mitsuhiko/subscriptions",
                "organizations_url": "https://api.github.com/users/mitsuhiko/orgs",
                "repos_url": "https://api.github.com/users/mitsuhiko/repos",
                "events_url": "https://api.github.com/users/mitsuhiko/events{/privacy}",
                "received_events_url": "https://api.github.com/users/mitsuhiko/received_events",
                "type": "User",
                "site_admin": false
            },
            "created_at": "2014-02-08T22:07:36Z",
            "updated_at": "2014-02-08T22:07:36Z",
            "author_association": "MEMBER",
            "body": "I did some more updates on how it's written to be more portable.\n"
        }
    ]
}