{
    "url": "https://api.github.com/repos/pallets/flask/issues/951",
    "repository_url": "https://api.github.com/repos/pallets/flask",
    "labels_url": "https://api.github.com/repos/pallets/flask/issues/951/labels{/name}",
    "comments_url": "https://api.github.com/repos/pallets/flask/issues/951/comments",
    "events_url": "https://api.github.com/repos/pallets/flask/issues/951/events",
    "html_url": "https://github.com/pallets/flask/pull/951",
    "id": 25577244,
    "node_id": "MDExOlB1bGxSZXF1ZXN0MTE0OTQwNzQ=",
    "number": 951,
    "title": "Allow developer to override X-Sendfile header when USE_X_SENDFILE is in use",
    "user": {
        "login": "bbenne10",
        "id": 687376,
        "node_id": "MDQ6VXNlcjY4NzM3Ng==",
        "avatar_url": "https://avatars0.githubusercontent.com/u/687376?v=4",
        "gravatar_id": "",
        "url": "https://api.github.com/users/bbenne10",
        "html_url": "https://github.com/bbenne10",
        "followers_url": "https://api.github.com/users/bbenne10/followers",
        "following_url": "https://api.github.com/users/bbenne10/following{/other_user}",
        "gists_url": "https://api.github.com/users/bbenne10/gists{/gist_id}",
        "starred_url": "https://api.github.com/users/bbenne10/starred{/owner}{/repo}",
        "subscriptions_url": "https://api.github.com/users/bbenne10/subscriptions",
        "organizations_url": "https://api.github.com/users/bbenne10/orgs",
        "repos_url": "https://api.github.com/users/bbenne10/repos",
        "events_url": "https://api.github.com/users/bbenne10/events{/privacy}",
        "received_events_url": "https://api.github.com/users/bbenne10/received_events",
        "type": "User",
        "site_admin": false
    },
    "labels": [],
    "state": "closed",
    "locked": false,
    "assignee": null,
    "assignees": [],
    "milestone": null,
    "comments": 3,
    "created_at": "2014-01-14T14:33:42Z",
    "updated_at": "2014-06-16T08:47:44Z",
    "closed_at": "2014-02-08T17:29:37Z",
    "author_association": "NONE",
    "pull_request": {
        "url": "https://api.github.com/repos/pallets/flask/pulls/951",
        "html_url": "https://github.com/pallets/flask/pull/951",
        "diff_url": "https://github.com/pallets/flask/pull/951.diff",
        "patch_url": "https://github.com/pallets/flask/pull/951.patch"
    },
    "body": "This allows the developer to set which header to send to the webserver. The default is X-Sendfile.\n",
    "comments_inline": [
        {
            "url": "https://api.github.com/repos/pallets/flask/issues/comments/32269101",
            "html_url": "https://github.com/pallets/flask/pull/951#issuecomment-32269101",
            "issue_url": "https://api.github.com/repos/pallets/flask/issues/951",
            "id": 32269101,
            "node_id": "MDEyOklzc3VlQ29tbWVudDMyMjY5MTAx",
            "user": {
                "login": "ThiefMaster",
                "id": 179599,
                "node_id": "MDQ6VXNlcjE3OTU5OQ==",
                "avatar_url": "https://avatars1.githubusercontent.com/u/179599?v=4",
                "gravatar_id": "",
                "url": "https://api.github.com/users/ThiefMaster",
                "html_url": "https://github.com/ThiefMaster",
                "followers_url": "https://api.github.com/users/ThiefMaster/followers",
                "following_url": "https://api.github.com/users/ThiefMaster/following{/other_user}",
                "gists_url": "https://api.github.com/users/ThiefMaster/gists{/gist_id}",
                "starred_url": "https://api.github.com/users/ThiefMaster/starred{/owner}{/repo}",
                "subscriptions_url": "https://api.github.com/users/ThiefMaster/subscriptions",
                "organizations_url": "https://api.github.com/users/ThiefMaster/orgs",
                "repos_url": "https://api.github.com/users/ThiefMaster/repos",
                "events_url": "https://api.github.com/users/ThiefMaster/events{/privacy}",
                "received_events_url": "https://api.github.com/users/ThiefMaster/received_events",
                "type": "User",
                "site_admin": false
            },
            "created_at": "2014-01-14T14:36:52Z",
            "updated_at": "2014-01-14T14:36:52Z",
            "author_association": "MEMBER",
            "body": "Doesn't lighttpd understand x-sendfile, too?! Because if it does there's not much value in this. The only other webserver that does things differently is nginx - but nginx uses a different thing altogether (URL instead of filesystem path) so just renaming the header won't help.\n"
        },
        {
            "url": "https://api.github.com/repos/pallets/flask/issues/comments/32270930",
            "html_url": "https://github.com/pallets/flask/pull/951#issuecomment-32270930",
            "issue_url": "https://api.github.com/repos/pallets/flask/issues/951",
            "id": 32270930,
            "node_id": "MDEyOklzc3VlQ29tbWVudDMyMjcwOTMw",
            "user": {
                "login": "bbenne10",
                "id": 687376,
                "node_id": "MDQ6VXNlcjY4NzM3Ng==",
                "avatar_url": "https://avatars0.githubusercontent.com/u/687376?v=4",
                "gravatar_id": "",
                "url": "https://api.github.com/users/bbenne10",
                "html_url": "https://github.com/bbenne10",
                "followers_url": "https://api.github.com/users/bbenne10/followers",
                "following_url": "https://api.github.com/users/bbenne10/following{/other_user}",
                "gists_url": "https://api.github.com/users/bbenne10/gists{/gist_id}",
                "starred_url": "https://api.github.com/users/bbenne10/starred{/owner}{/repo}",
                "subscriptions_url": "https://api.github.com/users/bbenne10/subscriptions",
                "organizations_url": "https://api.github.com/users/bbenne10/orgs",
                "repos_url": "https://api.github.com/users/bbenne10/repos",
                "events_url": "https://api.github.com/users/bbenne10/events{/privacy}",
                "received_events_url": "https://api.github.com/users/bbenne10/received_events",
                "type": "User",
                "site_admin": false
            },
            "created_at": "2014-01-14T14:58:05Z",
            "updated_at": "2014-01-14T14:58:05Z",
            "author_association": "NONE",
            "body": "Only in 1.5 does Lighttpd understand X-Sendfile. The last stable version is 1.4. (Admittedly, 1.5 has been in RC status since at least 2007...) \n\nI understand that this is limited in its usefulness, but it doesn't add much to the code (2 lines overall without docs) and it does increase somewhat the flexibility of the system itself. \n"
        },
        {
            "url": "https://api.github.com/repos/pallets/flask/issues/comments/34549890",
            "html_url": "https://github.com/pallets/flask/pull/951#issuecomment-34549890",
            "issue_url": "https://api.github.com/repos/pallets/flask/issues/951",
            "id": 34549890,
            "node_id": "MDEyOklzc3VlQ29tbWVudDM0NTQ5ODkw",
            "user": {
                "login": "mitsuhiko",
                "id": 7396,
                "node_id": "MDQ6VXNlcjczOTY=",
                "avatar_url": "https://avatars1.githubusercontent.com/u/7396?v=4",
                "gravatar_id": "",
                "url": "https://api.github.com/users/mitsuhiko",
                "html_url": "https://github.com/mitsuhiko",
                "followers_url": "https://api.github.com/users/mitsuhiko/followers",
                "following_url": "https://api.github.com/users/mitsuhiko/following{/other_user}",
                "gists_url": "https://api.github.com/users/mitsuhiko/gists{/gist_id}",
                "starred_url": "https://api.github.com/users/mitsuhiko/starred{/owner}{/repo}",
                "subscriptions_url": "https://api.github.com/users/mitsuhiko/subscriptions",
                "organizations_url": "https://api.github.com/users/mitsuhiko/orgs",
                "repos_url": "https://api.github.com/users/mitsuhiko/repos",
                "events_url": "https://api.github.com/users/mitsuhiko/events{/privacy}",
                "received_events_url": "https://api.github.com/users/mitsuhiko/received_events",
                "type": "User",
                "site_admin": false
            },
            "created_at": "2014-02-08T17:29:37Z",
            "updated_at": "2014-02-08T17:29:37Z",
            "author_association": "MEMBER",
            "body": "This is better fixed with a WSGI middleware.  That's what they are for :)\n"
        }
    ]
}