{
    "url": "https://api.github.com/repos/pallets/flask/issues/953",
    "repository_url": "https://api.github.com/repos/pallets/flask",
    "labels_url": "https://api.github.com/repos/pallets/flask/issues/953/labels{/name}",
    "comments_url": "https://api.github.com/repos/pallets/flask/issues/953/comments",
    "events_url": "https://api.github.com/repos/pallets/flask/issues/953/events",
    "html_url": "https://github.com/pallets/flask/issues/953",
    "id": 25668647,
    "node_id": "MDU6SXNzdWUyNTY2ODY0Nw==",
    "number": 953,
    "title": "flaskr Stored XSS [FIX]",
    "user": {
        "login": "sankosk",
        "id": 3002802,
        "node_id": "MDQ6VXNlcjMwMDI4MDI=",
        "avatar_url": "https://avatars0.githubusercontent.com/u/3002802?v=4",
        "gravatar_id": "",
        "url": "https://api.github.com/users/sankosk",
        "html_url": "https://github.com/sankosk",
        "followers_url": "https://api.github.com/users/sankosk/followers",
        "following_url": "https://api.github.com/users/sankosk/following{/other_user}",
        "gists_url": "https://api.github.com/users/sankosk/gists{/gist_id}",
        "starred_url": "https://api.github.com/users/sankosk/starred{/owner}{/repo}",
        "subscriptions_url": "https://api.github.com/users/sankosk/subscriptions",
        "organizations_url": "https://api.github.com/users/sankosk/orgs",
        "repos_url": "https://api.github.com/users/sankosk/repos",
        "events_url": "https://api.github.com/users/sankosk/events{/privacy}",
        "received_events_url": "https://api.github.com/users/sankosk/received_events",
        "type": "User",
        "site_admin": false
    },
    "labels": [],
    "state": "closed",
    "locked": false,
    "assignee": null,
    "assignees": [],
    "milestone": null,
    "comments": 3,
    "created_at": "2014-01-15T18:16:20Z",
    "updated_at": "2014-02-08T22:01:19Z",
    "closed_at": "2014-02-08T22:01:19Z",
    "author_association": "NONE",
    "body": "HI, I was testing flaskr because I want to use it (for my website).\nWhen you write javascript code into the text form a XSS appear:\n\n![2014-01-15-190432_2732x768_scrot](https://f.cloud.github.com/assets/3002802/1923112/2799e6e4-7e10-11e3-8daa-be6684a86c89.png)\n\nSo, we have to fix it editing show_entries.html:\n\" { entry.title }} {{ entry.text| safe }} \"\n\nreplacing it for : \n\" {{ entry.title }} {{ entry.text }} \"\n\nNow, if I wirte the js code again, the xss will disappear:\n\n![2014-01-15-190923_2732x768_scrot](https://f.cloud.github.com/assets/3002802/1923162/d5009e40-7e10-11e3-8288-f76a0be4b0ad.png)\n\n<svg/onload=confirm(document.cookie);>\n\nEDIT : I guess that it's an intentional vulnerability but is not the correct way to do it, we(my team and I) will continue writing it to improve the \"example code\"\nRegards\n",
    "comments_inline": [
        {
            "url": "https://api.github.com/repos/pallets/flask/issues/comments/32414151",
            "html_url": "https://github.com/pallets/flask/issues/953#issuecomment-32414151",
            "issue_url": "https://api.github.com/repos/pallets/flask/issues/953",
            "id": 32414151,
            "node_id": "MDEyOklzc3VlQ29tbWVudDMyNDE0MTUx",
            "user": {
                "login": "untitaker",
                "id": 837573,
                "node_id": "MDQ6VXNlcjgzNzU3Mw==",
                "avatar_url": "https://avatars0.githubusercontent.com/u/837573?v=4",
                "gravatar_id": "",
                "url": "https://api.github.com/users/untitaker",
                "html_url": "https://github.com/untitaker",
                "followers_url": "https://api.github.com/users/untitaker/followers",
                "following_url": "https://api.github.com/users/untitaker/following{/other_user}",
                "gists_url": "https://api.github.com/users/untitaker/gists{/gist_id}",
                "starred_url": "https://api.github.com/users/untitaker/starred{/owner}{/repo}",
                "subscriptions_url": "https://api.github.com/users/untitaker/subscriptions",
                "organizations_url": "https://api.github.com/users/untitaker/orgs",
                "repos_url": "https://api.github.com/users/untitaker/repos",
                "events_url": "https://api.github.com/users/untitaker/events{/privacy}",
                "received_events_url": "https://api.github.com/users/untitaker/received_events",
                "type": "User",
                "site_admin": false
            },
            "created_at": "2014-01-15T20:58:03Z",
            "updated_at": "2014-01-15T20:58:03Z",
            "author_association": "MEMBER",
            "body": "Wordpress doesn't filter any HTML either. I guess this might be XSS, but it's not really useful for anybody but the site owner because it requires an account.\n"
        },
        {
            "url": "https://api.github.com/repos/pallets/flask/issues/comments/32454591",
            "html_url": "https://github.com/pallets/flask/issues/953#issuecomment-32454591",
            "issue_url": "https://api.github.com/repos/pallets/flask/issues/953",
            "id": 32454591,
            "node_id": "MDEyOklzc3VlQ29tbWVudDMyNDU0NTkx",
            "user": {
                "login": "ThiefMaster",
                "id": 179599,
                "node_id": "MDQ6VXNlcjE3OTU5OQ==",
                "avatar_url": "https://avatars1.githubusercontent.com/u/179599?v=4",
                "gravatar_id": "",
                "url": "https://api.github.com/users/ThiefMaster",
                "html_url": "https://github.com/ThiefMaster",
                "followers_url": "https://api.github.com/users/ThiefMaster/followers",
                "following_url": "https://api.github.com/users/ThiefMaster/following{/other_user}",
                "gists_url": "https://api.github.com/users/ThiefMaster/gists{/gist_id}",
                "starred_url": "https://api.github.com/users/ThiefMaster/starred{/owner}{/repo}",
                "subscriptions_url": "https://api.github.com/users/ThiefMaster/subscriptions",
                "organizations_url": "https://api.github.com/users/ThiefMaster/orgs",
                "repos_url": "https://api.github.com/users/ThiefMaster/repos",
                "events_url": "https://api.github.com/users/ThiefMaster/events{/privacy}",
                "received_events_url": "https://api.github.com/users/ThiefMaster/received_events",
                "type": "User",
                "site_admin": false
            },
            "created_at": "2014-01-16T09:46:59Z",
            "updated_at": "2014-01-16T09:46:59Z",
            "author_association": "MEMBER",
            "body": "I guess the point of `|safe` is that the owner - who is the only user with write access anyway - should be able to include _any_ kind of HTML. Allowing only certain non-script HTML would make things much more complicated (rejecting just script tags is not sufficient).\n\nHowever, a comment in the tutorial mentioning this would probably make sense.\n"
        },
        {
            "url": "https://api.github.com/repos/pallets/flask/issues/comments/34557732",
            "html_url": "https://github.com/pallets/flask/issues/953#issuecomment-34557732",
            "issue_url": "https://api.github.com/repos/pallets/flask/issues/953",
            "id": 34557732,
            "node_id": "MDEyOklzc3VlQ29tbWVudDM0NTU3NzMy",
            "user": {
                "login": "mitsuhiko",
                "id": 7396,
                "node_id": "MDQ6VXNlcjczOTY=",
                "avatar_url": "https://avatars1.githubusercontent.com/u/7396?v=4",
                "gravatar_id": "",
                "url": "https://api.github.com/users/mitsuhiko",
                "html_url": "https://github.com/mitsuhiko",
                "followers_url": "https://api.github.com/users/mitsuhiko/followers",
                "following_url": "https://api.github.com/users/mitsuhiko/following{/other_user}",
                "gists_url": "https://api.github.com/users/mitsuhiko/gists{/gist_id}",
                "starred_url": "https://api.github.com/users/mitsuhiko/starred{/owner}{/repo}",
                "subscriptions_url": "https://api.github.com/users/mitsuhiko/subscriptions",
                "organizations_url": "https://api.github.com/users/mitsuhiko/orgs",
                "repos_url": "https://api.github.com/users/mitsuhiko/repos",
                "events_url": "https://api.github.com/users/mitsuhiko/events{/privacy}",
                "received_events_url": "https://api.github.com/users/mitsuhiko/received_events",
                "type": "User",
                "site_admin": false
            },
            "created_at": "2014-02-08T22:01:19Z",
            "updated_at": "2014-02-08T22:01:19Z",
            "author_association": "MEMBER",
            "body": "Closing as wontfix.  It's intentional that the author of this thing can write HTML based entries.\n"
        }
    ]
}