{
    "url": "https://api.github.com/repos/pallets/flask/issues/954",
    "repository_url": "https://api.github.com/repos/pallets/flask",
    "labels_url": "https://api.github.com/repos/pallets/flask/issues/954/labels{/name}",
    "comments_url": "https://api.github.com/repos/pallets/flask/issues/954/comments",
    "events_url": "https://api.github.com/repos/pallets/flask/issues/954/events",
    "html_url": "https://github.com/pallets/flask/pull/954",
    "id": 25722989,
    "node_id": "MDExOlB1bGxSZXF1ZXN0MTE1NzY3MjQ=",
    "number": 954,
    "title": "Validated HTML",
    "user": {
        "login": "madflow",
        "id": 183248,
        "node_id": "MDQ6VXNlcjE4MzI0OA==",
        "avatar_url": "https://avatars0.githubusercontent.com/u/183248?v=4",
        "gravatar_id": "",
        "url": "https://api.github.com/users/madflow",
        "html_url": "https://github.com/madflow",
        "followers_url": "https://api.github.com/users/madflow/followers",
        "following_url": "https://api.github.com/users/madflow/following{/other_user}",
        "gists_url": "https://api.github.com/users/madflow/gists{/gist_id}",
        "starred_url": "https://api.github.com/users/madflow/starred{/owner}{/repo}",
        "subscriptions_url": "https://api.github.com/users/madflow/subscriptions",
        "organizations_url": "https://api.github.com/users/madflow/orgs",
        "repos_url": "https://api.github.com/users/madflow/repos",
        "events_url": "https://api.github.com/users/madflow/events{/privacy}",
        "received_events_url": "https://api.github.com/users/madflow/received_events",
        "type": "User",
        "site_admin": false
    },
    "labels": [],
    "state": "closed",
    "locked": false,
    "assignee": null,
    "assignees": [],
    "milestone": null,
    "comments": 1,
    "created_at": "2014-01-16T12:57:28Z",
    "updated_at": "2014-06-15T17:25:51Z",
    "closed_at": "2014-02-08T17:26:14Z",
    "author_association": "NONE",
    "pull_request": {
        "url": "https://api.github.com/repos/pallets/flask/pulls/954",
        "html_url": "https://github.com/pallets/flask/pull/954",
        "diff_url": "https://github.com/pallets/flask/pull/954.diff",
        "patch_url": "https://github.com/pallets/flask/pull/954.patch"
    },
    "body": "Small documentation fixes\n",
    "comments_inline": [
        {
            "url": "https://api.github.com/repos/pallets/flask/issues/comments/34549793",
            "html_url": "https://github.com/pallets/flask/pull/954#issuecomment-34549793",
            "issue_url": "https://api.github.com/repos/pallets/flask/issues/954",
            "id": 34549793,
            "node_id": "MDEyOklzc3VlQ29tbWVudDM0NTQ5Nzkz",
            "user": {
                "login": "mitsuhiko",
                "id": 7396,
                "node_id": "MDQ6VXNlcjczOTY=",
                "avatar_url": "https://avatars1.githubusercontent.com/u/7396?v=4",
                "gravatar_id": "",
                "url": "https://api.github.com/users/mitsuhiko",
                "html_url": "https://github.com/mitsuhiko",
                "followers_url": "https://api.github.com/users/mitsuhiko/followers",
                "following_url": "https://api.github.com/users/mitsuhiko/following{/other_user}",
                "gists_url": "https://api.github.com/users/mitsuhiko/gists{/gist_id}",
                "starred_url": "https://api.github.com/users/mitsuhiko/starred{/owner}{/repo}",
                "subscriptions_url": "https://api.github.com/users/mitsuhiko/subscriptions",
                "organizations_url": "https://api.github.com/users/mitsuhiko/orgs",
                "repos_url": "https://api.github.com/users/mitsuhiko/repos",
                "events_url": "https://api.github.com/users/mitsuhiko/events{/privacy}",
                "received_events_url": "https://api.github.com/users/mitsuhiko/received_events",
                "type": "User",
                "site_admin": false
            },
            "created_at": "2014-02-08T17:26:14Z",
            "updated_at": "2014-02-08T17:26:14Z",
            "author_association": "MEMBER",
            "body": "The HTML already validated before.  The changes are unnecessary and just make it harder to read.\n"
        }
    ]
}