{
    "url": "https://api.github.com/repos/pallets/flask/issues/955",
    "repository_url": "https://api.github.com/repos/pallets/flask",
    "labels_url": "https://api.github.com/repos/pallets/flask/issues/955/labels{/name}",
    "comments_url": "https://api.github.com/repos/pallets/flask/issues/955/comments",
    "events_url": "https://api.github.com/repos/pallets/flask/issues/955/events",
    "html_url": "https://github.com/pallets/flask/pull/955",
    "id": 25897571,
    "node_id": "MDExOlB1bGxSZXF1ZXN0MTE2NjI5Nzg=",
    "number": 955,
    "title": "Update appcontext.rst",
    "user": {
        "login": "ifiokjr",
        "id": 1160934,
        "node_id": "MDQ6VXNlcjExNjA5MzQ=",
        "avatar_url": "https://avatars2.githubusercontent.com/u/1160934?v=4",
        "gravatar_id": "",
        "url": "https://api.github.com/users/ifiokjr",
        "html_url": "https://github.com/ifiokjr",
        "followers_url": "https://api.github.com/users/ifiokjr/followers",
        "following_url": "https://api.github.com/users/ifiokjr/following{/other_user}",
        "gists_url": "https://api.github.com/users/ifiokjr/gists{/gist_id}",
        "starred_url": "https://api.github.com/users/ifiokjr/starred{/owner}{/repo}",
        "subscriptions_url": "https://api.github.com/users/ifiokjr/subscriptions",
        "organizations_url": "https://api.github.com/users/ifiokjr/orgs",
        "repos_url": "https://api.github.com/users/ifiokjr/repos",
        "events_url": "https://api.github.com/users/ifiokjr/events{/privacy}",
        "received_events_url": "https://api.github.com/users/ifiokjr/received_events",
        "type": "User",
        "site_admin": false
    },
    "labels": [],
    "state": "closed",
    "locked": false,
    "assignee": null,
    "assignees": [],
    "milestone": null,
    "comments": 0,
    "created_at": "2014-01-20T04:29:35Z",
    "updated_at": "2014-06-16T08:47:36Z",
    "closed_at": "2014-02-08T17:24:33Z",
    "author_association": "CONTRIBUTOR",
    "pull_request": {
        "url": "https://api.github.com/repos/pallets/flask/pulls/955",
        "html_url": "https://github.com/pallets/flask/pull/955",
        "diff_url": "https://github.com/pallets/flask/pull/955.diff",
        "patch_url": "https://github.com/pallets/flask/pull/955.patch"
    },
    "body": "Small typo correction. \n"
}