{
    "url": "https://api.github.com/repos/pallets/flask/issues/957",
    "repository_url": "https://api.github.com/repos/pallets/flask",
    "labels_url": "https://api.github.com/repos/pallets/flask/issues/957/labels{/name}",
    "comments_url": "https://api.github.com/repos/pallets/flask/issues/957/comments",
    "events_url": "https://api.github.com/repos/pallets/flask/issues/957/events",
    "html_url": "https://github.com/pallets/flask/pull/957",
    "id": 26082737,
    "node_id": "MDExOlB1bGxSZXF1ZXN0MTE3NTI2MTc=",
    "number": 957,
    "title": "allow auto excaping of .jinja files",
    "user": {
        "login": "awebdeveloper",
        "id": 1593429,
        "node_id": "MDQ6VXNlcjE1OTM0Mjk=",
        "avatar_url": "https://avatars2.githubusercontent.com/u/1593429?v=4",
        "gravatar_id": "",
        "url": "https://api.github.com/users/awebdeveloper",
        "html_url": "https://github.com/awebdeveloper",
        "followers_url": "https://api.github.com/users/awebdeveloper/followers",
        "following_url": "https://api.github.com/users/awebdeveloper/following{/other_user}",
        "gists_url": "https://api.github.com/users/awebdeveloper/gists{/gist_id}",
        "starred_url": "https://api.github.com/users/awebdeveloper/starred{/owner}{/repo}",
        "subscriptions_url": "https://api.github.com/users/awebdeveloper/subscriptions",
        "organizations_url": "https://api.github.com/users/awebdeveloper/orgs",
        "repos_url": "https://api.github.com/users/awebdeveloper/repos",
        "events_url": "https://api.github.com/users/awebdeveloper/events{/privacy}",
        "received_events_url": "https://api.github.com/users/awebdeveloper/received_events",
        "type": "User",
        "site_admin": false
    },
    "labels": [],
    "state": "closed",
    "locked": false,
    "assignee": null,
    "assignees": [],
    "milestone": null,
    "comments": 4,
    "created_at": "2014-01-22T11:24:05Z",
    "updated_at": "2014-06-16T08:47:31Z",
    "closed_at": "2014-02-08T17:25:18Z",
    "author_association": "NONE",
    "pull_request": {
        "url": "https://api.github.com/repos/pallets/flask/pulls/957",
        "html_url": "https://github.com/pallets/flask/pull/957",
        "diff_url": "https://github.com/pallets/flask/pull/957.diff",
        "patch_url": "https://github.com/pallets/flask/pull/957.patch"
    },
    "body": "allow files enf=ding with .jinja to also be auto escaped\n",
    "comments_inline": [
        {
            "url": "https://api.github.com/repos/pallets/flask/issues/comments/33026779",
            "html_url": "https://github.com/pallets/flask/pull/957#issuecomment-33026779",
            "issue_url": "https://api.github.com/repos/pallets/flask/issues/957",
            "id": 33026779,
            "node_id": "MDEyOklzc3VlQ29tbWVudDMzMDI2Nzc5",
            "user": {
                "login": "ThiefMaster",
                "id": 179599,
                "node_id": "MDQ6VXNlcjE3OTU5OQ==",
                "avatar_url": "https://avatars1.githubusercontent.com/u/179599?v=4",
                "gravatar_id": "",
                "url": "https://api.github.com/users/ThiefMaster",
                "html_url": "https://github.com/ThiefMaster",
                "followers_url": "https://api.github.com/users/ThiefMaster/followers",
                "following_url": "https://api.github.com/users/ThiefMaster/following{/other_user}",
                "gists_url": "https://api.github.com/users/ThiefMaster/gists{/gist_id}",
                "starred_url": "https://api.github.com/users/ThiefMaster/starred{/owner}{/repo}",
                "subscriptions_url": "https://api.github.com/users/ThiefMaster/subscriptions",
                "organizations_url": "https://api.github.com/users/ThiefMaster/orgs",
                "repos_url": "https://api.github.com/users/ThiefMaster/repos",
                "events_url": "https://api.github.com/users/ThiefMaster/events{/privacy}",
                "received_events_url": "https://api.github.com/users/ThiefMaster/received_events",
                "type": "User",
                "site_admin": false
            },
            "created_at": "2014-01-22T14:24:13Z",
            "updated_at": "2014-01-22T14:24:13Z",
            "author_association": "MEMBER",
            "body": "Why do you think this is a good idea? The file extensions currently listed obviously contain HTML (or XML). With a file `*.jinja` that's not so obvious. It just indicates the file contains a jinja template. But is it HTML? Plaintext? Something else?\n"
        },
        {
            "url": "https://api.github.com/repos/pallets/flask/issues/comments/33097993",
            "html_url": "https://github.com/pallets/flask/pull/957#issuecomment-33097993",
            "issue_url": "https://api.github.com/repos/pallets/flask/issues/957",
            "id": 33097993,
            "node_id": "MDEyOklzc3VlQ29tbWVudDMzMDk3OTkz",
            "user": {
                "login": "awebdeveloper",
                "id": 1593429,
                "node_id": "MDQ6VXNlcjE1OTM0Mjk=",
                "avatar_url": "https://avatars2.githubusercontent.com/u/1593429?v=4",
                "gravatar_id": "",
                "url": "https://api.github.com/users/awebdeveloper",
                "html_url": "https://github.com/awebdeveloper",
                "followers_url": "https://api.github.com/users/awebdeveloper/followers",
                "following_url": "https://api.github.com/users/awebdeveloper/following{/other_user}",
                "gists_url": "https://api.github.com/users/awebdeveloper/gists{/gist_id}",
                "starred_url": "https://api.github.com/users/awebdeveloper/starred{/owner}{/repo}",
                "subscriptions_url": "https://api.github.com/users/awebdeveloper/subscriptions",
                "organizations_url": "https://api.github.com/users/awebdeveloper/orgs",
                "repos_url": "https://api.github.com/users/awebdeveloper/repos",
                "events_url": "https://api.github.com/users/awebdeveloper/events{/privacy}",
                "received_events_url": "https://api.github.com/users/awebdeveloper/received_events",
                "type": "User",
                "site_admin": false
            },
            "created_at": "2014-01-23T05:20:53Z",
            "updated_at": "2014-01-23T05:20:53Z",
            "author_association": "NONE",
            "body": "good point i usually create **.html.jinja** . so is there a simple way to specify escape .jinja without overriding the existing function\n"
        },
        {
            "url": "https://api.github.com/repos/pallets/flask/issues/comments/33098966",
            "html_url": "https://github.com/pallets/flask/pull/957#issuecomment-33098966",
            "issue_url": "https://api.github.com/repos/pallets/flask/issues/957",
            "id": 33098966,
            "node_id": "MDEyOklzc3VlQ29tbWVudDMzMDk4OTY2",
            "user": {
                "login": "nZac",
                "id": 276212,
                "node_id": "MDQ6VXNlcjI3NjIxMg==",
                "avatar_url": "https://avatars0.githubusercontent.com/u/276212?v=4",
                "gravatar_id": "",
                "url": "https://api.github.com/users/nZac",
                "html_url": "https://github.com/nZac",
                "followers_url": "https://api.github.com/users/nZac/followers",
                "following_url": "https://api.github.com/users/nZac/following{/other_user}",
                "gists_url": "https://api.github.com/users/nZac/gists{/gist_id}",
                "starred_url": "https://api.github.com/users/nZac/starred{/owner}{/repo}",
                "subscriptions_url": "https://api.github.com/users/nZac/subscriptions",
                "organizations_url": "https://api.github.com/users/nZac/orgs",
                "repos_url": "https://api.github.com/users/nZac/repos",
                "events_url": "https://api.github.com/users/nZac/events{/privacy}",
                "received_events_url": "https://api.github.com/users/nZac/received_events",
                "type": "User",
                "site_admin": false
            },
            "created_at": "2014-01-23T05:48:35Z",
            "updated_at": "2014-01-23T05:48:35Z",
            "author_association": "CONTRIBUTOR",
            "body": "I don't see this as an issue that I run into often, however I can understand how it could be helpful to add other extensions.  Could this be accomplished with a configuration variable?  I am not sure of the policy about adding new variables but thought I would throw it out there for someone more knowledgeable to explain why it is a bad idea.\n"
        },
        {
            "url": "https://api.github.com/repos/pallets/flask/issues/comments/34549768",
            "html_url": "https://github.com/pallets/flask/pull/957#issuecomment-34549768",
            "issue_url": "https://api.github.com/repos/pallets/flask/issues/957",
            "id": 34549768,
            "node_id": "MDEyOklzc3VlQ29tbWVudDM0NTQ5NzY4",
            "user": {
                "login": "mitsuhiko",
                "id": 7396,
                "node_id": "MDQ6VXNlcjczOTY=",
                "avatar_url": "https://avatars1.githubusercontent.com/u/7396?v=4",
                "gravatar_id": "",
                "url": "https://api.github.com/users/mitsuhiko",
                "html_url": "https://github.com/mitsuhiko",
                "followers_url": "https://api.github.com/users/mitsuhiko/followers",
                "following_url": "https://api.github.com/users/mitsuhiko/following{/other_user}",
                "gists_url": "https://api.github.com/users/mitsuhiko/gists{/gist_id}",
                "starred_url": "https://api.github.com/users/mitsuhiko/starred{/owner}{/repo}",
                "subscriptions_url": "https://api.github.com/users/mitsuhiko/subscriptions",
                "organizations_url": "https://api.github.com/users/mitsuhiko/orgs",
                "repos_url": "https://api.github.com/users/mitsuhiko/repos",
                "events_url": "https://api.github.com/users/mitsuhiko/events{/privacy}",
                "received_events_url": "https://api.github.com/users/mitsuhiko/received_events",
                "type": "User",
                "site_admin": false
            },
            "created_at": "2014-02-08T17:25:18Z",
            "updated_at": "2014-02-08T17:25:18Z",
            "author_association": "MEMBER",
            "body": "Not going to happen.  You can already override this method quite easily if you need to change the default behavior.\n"
        }
    ]
}