{
    "url": "https://api.github.com/repos/pallets/flask/issues/959",
    "repository_url": "https://api.github.com/repos/pallets/flask",
    "labels_url": "https://api.github.com/repos/pallets/flask/issues/959/labels{/name}",
    "comments_url": "https://api.github.com/repos/pallets/flask/issues/959/comments",
    "events_url": "https://api.github.com/repos/pallets/flask/issues/959/events",
    "html_url": "https://github.com/pallets/flask/pull/959",
    "id": 26192940,
    "node_id": "MDExOlB1bGxSZXF1ZXN0MTE4MTY3NjE=",
    "number": 959,
    "title": "Add support for using jinja2's PackageLoader",
    "user": {
        "login": "jso",
        "id": 426934,
        "node_id": "MDQ6VXNlcjQyNjkzNA==",
        "avatar_url": "https://avatars1.githubusercontent.com/u/426934?v=4",
        "gravatar_id": "",
        "url": "https://api.github.com/users/jso",
        "html_url": "https://github.com/jso",
        "followers_url": "https://api.github.com/users/jso/followers",
        "following_url": "https://api.github.com/users/jso/following{/other_user}",
        "gists_url": "https://api.github.com/users/jso/gists{/gist_id}",
        "starred_url": "https://api.github.com/users/jso/starred{/owner}{/repo}",
        "subscriptions_url": "https://api.github.com/users/jso/subscriptions",
        "organizations_url": "https://api.github.com/users/jso/orgs",
        "repos_url": "https://api.github.com/users/jso/repos",
        "events_url": "https://api.github.com/users/jso/events{/privacy}",
        "received_events_url": "https://api.github.com/users/jso/received_events",
        "type": "User",
        "site_admin": false
    },
    "labels": [],
    "state": "closed",
    "locked": false,
    "assignee": null,
    "assignees": [],
    "milestone": null,
    "comments": 1,
    "created_at": "2014-01-23T19:49:59Z",
    "updated_at": "2014-06-16T08:47:27Z",
    "closed_at": "2014-02-08T17:04:32Z",
    "author_association": "NONE",
    "pull_request": {
        "url": "https://api.github.com/repos/pallets/flask/pulls/959",
        "html_url": "https://github.com/pallets/flask/pull/959",
        "diff_url": "https://github.com/pallets/flask/pull/959.diff",
        "patch_url": "https://github.com/pallets/flask/pull/959.patch"
    },
    "body": "Follows the same approach for switching between file-system and package loaders as used by werkzeug's wsgi.SharedDataMiddleware. That is, a string is assumed to be in the file system, and a tuple with length 2 is assumed to provide the (1) package name and (2) the template folder name in the package.\n",
    "comments_inline": [
        {
            "url": "https://api.github.com/repos/pallets/flask/issues/comments/34549161",
            "html_url": "https://github.com/pallets/flask/pull/959#issuecomment-34549161",
            "issue_url": "https://api.github.com/repos/pallets/flask/issues/959",
            "id": 34549161,
            "node_id": "MDEyOklzc3VlQ29tbWVudDM0NTQ5MTYx",
            "user": {
                "login": "mitsuhiko",
                "id": 7396,
                "node_id": "MDQ6VXNlcjczOTY=",
                "avatar_url": "https://avatars1.githubusercontent.com/u/7396?v=4",
                "gravatar_id": "",
                "url": "https://api.github.com/users/mitsuhiko",
                "html_url": "https://github.com/mitsuhiko",
                "followers_url": "https://api.github.com/users/mitsuhiko/followers",
                "following_url": "https://api.github.com/users/mitsuhiko/following{/other_user}",
                "gists_url": "https://api.github.com/users/mitsuhiko/gists{/gist_id}",
                "starred_url": "https://api.github.com/users/mitsuhiko/starred{/owner}{/repo}",
                "subscriptions_url": "https://api.github.com/users/mitsuhiko/subscriptions",
                "organizations_url": "https://api.github.com/users/mitsuhiko/orgs",
                "repos_url": "https://api.github.com/users/mitsuhiko/repos",
                "events_url": "https://api.github.com/users/mitsuhiko/events{/privacy}",
                "received_events_url": "https://api.github.com/users/mitsuhiko/received_events",
                "type": "User",
                "site_admin": false
            },
            "created_at": "2014-02-08T17:04:32Z",
            "updated_at": "2014-02-08T17:04:32Z",
            "author_association": "MEMBER",
            "body": "Out of scope for Flask itself due to the integration with blueprints.  You can already override the loader creation.\n"
        }
    ]
}