{
    "url": "https://api.github.com/repos/pallets/flask/issues/96",
    "repository_url": "https://api.github.com/repos/pallets/flask",
    "labels_url": "https://api.github.com/repos/pallets/flask/issues/96/labels{/name}",
    "comments_url": "https://api.github.com/repos/pallets/flask/issues/96/comments",
    "events_url": "https://api.github.com/repos/pallets/flask/issues/96/events",
    "html_url": "https://github.com/pallets/flask/issues/96",
    "id": 254591,
    "node_id": "MDU6SXNzdWUyNTQ1OTE=",
    "number": 96,
    "title": "Application directory",
    "user": {
        "login": "maelp",
        "id": 15458,
        "node_id": "MDQ6VXNlcjE1NDU4",
        "avatar_url": "https://avatars0.githubusercontent.com/u/15458?v=4",
        "gravatar_id": "",
        "url": "https://api.github.com/users/maelp",
        "html_url": "https://github.com/maelp",
        "followers_url": "https://api.github.com/users/maelp/followers",
        "following_url": "https://api.github.com/users/maelp/following{/other_user}",
        "gists_url": "https://api.github.com/users/maelp/gists{/gist_id}",
        "starred_url": "https://api.github.com/users/maelp/starred{/owner}{/repo}",
        "subscriptions_url": "https://api.github.com/users/maelp/subscriptions",
        "organizations_url": "https://api.github.com/users/maelp/orgs",
        "repos_url": "https://api.github.com/users/maelp/repos",
        "events_url": "https://api.github.com/users/maelp/events{/privacy}",
        "received_events_url": "https://api.github.com/users/maelp/received_events",
        "type": "User",
        "site_admin": false
    },
    "labels": [],
    "state": "closed",
    "locked": false,
    "assignee": null,
    "assignees": [],
    "milestone": null,
    "comments": 4,
    "created_at": "2010-07-20T18:22:09Z",
    "updated_at": "2010-07-22T09:21:11Z",
    "closed_at": "2010-07-21T16:28:03Z",
    "author_association": "NONE",
    "body": "Not really a bug, but something worth mentioning in the documentation\n\nthe structure of the application is usually\napplication/**init**.py : creation of the app, registration of the modules\nbut then the modules don't have access to the \"app\" (cannot do 'from application import app')\n\nhow can we structure the app to have access to some global variables in all modules, etc?\n\nif the app is only one module, it's okay because we already have the app, but if we're registering  modules, they don't  necessarily have access to the app  \n",
    "comments_inline": [
        {
            "url": "https://api.github.com/repos/pallets/flask/issues/comments/319916",
            "html_url": "https://github.com/pallets/flask/issues/96#issuecomment-319916",
            "issue_url": "https://api.github.com/repos/pallets/flask/issues/96",
            "id": 319916,
            "node_id": "MDEyOklzc3VlQ29tbWVudDMxOTkxNg==",
            "user": {
                "login": "justquick",
                "id": 35289,
                "node_id": "MDQ6VXNlcjM1Mjg5",
                "avatar_url": "https://avatars2.githubusercontent.com/u/35289?v=4",
                "gravatar_id": "",
                "url": "https://api.github.com/users/justquick",
                "html_url": "https://github.com/justquick",
                "followers_url": "https://api.github.com/users/justquick/followers",
                "following_url": "https://api.github.com/users/justquick/following{/other_user}",
                "gists_url": "https://api.github.com/users/justquick/gists{/gist_id}",
                "starred_url": "https://api.github.com/users/justquick/starred{/owner}{/repo}",
                "subscriptions_url": "https://api.github.com/users/justquick/subscriptions",
                "organizations_url": "https://api.github.com/users/justquick/orgs",
                "repos_url": "https://api.github.com/users/justquick/repos",
                "events_url": "https://api.github.com/users/justquick/events{/privacy}",
                "received_events_url": "https://api.github.com/users/justquick/received_events",
                "type": "User",
                "site_admin": false
            },
            "created_at": "2010-07-20T18:36:33Z",
            "updated_at": "2010-07-20T18:36:33Z",
            "author_association": "CONTRIBUTOR",
            "body": "you can always do\n\n```\nfrom flask.globals import current_app\n```\n\nthere are a buncha handy globals including _g_ available in that module\n"
        },
        {
            "url": "https://api.github.com/repos/pallets/flask/issues/comments/320740",
            "html_url": "https://github.com/pallets/flask/issues/96#issuecomment-320740",
            "issue_url": "https://api.github.com/repos/pallets/flask/issues/96",
            "id": 320740,
            "node_id": "MDEyOklzc3VlQ29tbWVudDMyMDc0MA==",
            "user": {
                "login": "mitsuhiko",
                "id": 7396,
                "node_id": "MDQ6VXNlcjczOTY=",
                "avatar_url": "https://avatars1.githubusercontent.com/u/7396?v=4",
                "gravatar_id": "",
                "url": "https://api.github.com/users/mitsuhiko",
                "html_url": "https://github.com/mitsuhiko",
                "followers_url": "https://api.github.com/users/mitsuhiko/followers",
                "following_url": "https://api.github.com/users/mitsuhiko/following{/other_user}",
                "gists_url": "https://api.github.com/users/mitsuhiko/gists{/gist_id}",
                "starred_url": "https://api.github.com/users/mitsuhiko/starred{/owner}{/repo}",
                "subscriptions_url": "https://api.github.com/users/mitsuhiko/subscriptions",
                "organizations_url": "https://api.github.com/users/mitsuhiko/orgs",
                "repos_url": "https://api.github.com/users/mitsuhiko/repos",
                "events_url": "https://api.github.com/users/mitsuhiko/events{/privacy}",
                "received_events_url": "https://api.github.com/users/mitsuhiko/received_events",
                "type": "User",
                "site_admin": false
            },
            "created_at": "2010-07-21T09:28:02Z",
            "updated_at": "2010-07-21T09:28:02Z",
            "author_association": "MEMBER",
            "body": "You also might have access to the application if you mention your imports well.\n"
        },
        {
            "url": "https://api.github.com/repos/pallets/flask/issues/comments/320743",
            "html_url": "https://github.com/pallets/flask/issues/96#issuecomment-320743",
            "issue_url": "https://api.github.com/repos/pallets/flask/issues/96",
            "id": 320743,
            "node_id": "MDEyOklzc3VlQ29tbWVudDMyMDc0Mw==",
            "user": {
                "login": "maelp",
                "id": 15458,
                "node_id": "MDQ6VXNlcjE1NDU4",
                "avatar_url": "https://avatars0.githubusercontent.com/u/15458?v=4",
                "gravatar_id": "",
                "url": "https://api.github.com/users/maelp",
                "html_url": "https://github.com/maelp",
                "followers_url": "https://api.github.com/users/maelp/followers",
                "following_url": "https://api.github.com/users/maelp/following{/other_user}",
                "gists_url": "https://api.github.com/users/maelp/gists{/gist_id}",
                "starred_url": "https://api.github.com/users/maelp/starred{/owner}{/repo}",
                "subscriptions_url": "https://api.github.com/users/maelp/subscriptions",
                "organizations_url": "https://api.github.com/users/maelp/orgs",
                "repos_url": "https://api.github.com/users/maelp/repos",
                "events_url": "https://api.github.com/users/maelp/events{/privacy}",
                "received_events_url": "https://api.github.com/users/maelp/received_events",
                "type": "User",
                "site_admin": false
            },
            "created_at": "2010-07-21T09:37:21Z",
            "updated_at": "2010-07-21T09:37:21Z",
            "author_association": "NONE",
            "body": "Could you explain it on the doc? I guess many people will have the problem of having several modules, and need access to the main app (for instance to have the \"base dir\" where they can store/fetch files, etc)\n"
        },
        {
            "url": "https://api.github.com/repos/pallets/flask/issues/comments/322259",
            "html_url": "https://github.com/pallets/flask/issues/96#issuecomment-322259",
            "issue_url": "https://api.github.com/repos/pallets/flask/issues/96",
            "id": 322259,
            "node_id": "MDEyOklzc3VlQ29tbWVudDMyMjI1OQ==",
            "user": {
                "login": "mitsuhiko",
                "id": 7396,
                "node_id": "MDQ6VXNlcjczOTY=",
                "avatar_url": "https://avatars1.githubusercontent.com/u/7396?v=4",
                "gravatar_id": "",
                "url": "https://api.github.com/users/mitsuhiko",
                "html_url": "https://github.com/mitsuhiko",
                "followers_url": "https://api.github.com/users/mitsuhiko/followers",
                "following_url": "https://api.github.com/users/mitsuhiko/following{/other_user}",
                "gists_url": "https://api.github.com/users/mitsuhiko/gists{/gist_id}",
                "starred_url": "https://api.github.com/users/mitsuhiko/starred{/owner}{/repo}",
                "subscriptions_url": "https://api.github.com/users/mitsuhiko/subscriptions",
                "organizations_url": "https://api.github.com/users/mitsuhiko/orgs",
                "repos_url": "https://api.github.com/users/mitsuhiko/repos",
                "events_url": "https://api.github.com/users/mitsuhiko/events{/privacy}",
                "received_events_url": "https://api.github.com/users/mitsuhiko/received_events",
                "type": "User",
                "site_admin": false
            },
            "created_at": "2010-07-22T09:21:11Z",
            "updated_at": "2010-07-22T09:21:11Z",
            "author_association": "MEMBER",
            "body": "In a way it is already doing that in the large application section of the docs.  Will improve that further.\n"
        }
    ]
}