{
    "url": "https://api.github.com/repos/pallets/flask/issues/960",
    "repository_url": "https://api.github.com/repos/pallets/flask",
    "labels_url": "https://api.github.com/repos/pallets/flask/issues/960/labels{/name}",
    "comments_url": "https://api.github.com/repos/pallets/flask/issues/960/comments",
    "events_url": "https://api.github.com/repos/pallets/flask/issues/960/events",
    "html_url": "https://github.com/pallets/flask/pull/960",
    "id": 26194232,
    "node_id": "MDExOlB1bGxSZXF1ZXN0MTE4MTc1NDA=",
    "number": 960,
    "title": "Add `get_namespace` method on `Config` object for convenient access of namespaced config options",
    "user": {
        "login": "mattupstate",
        "id": 166176,
        "node_id": "MDQ6VXNlcjE2NjE3Ng==",
        "avatar_url": "https://avatars0.githubusercontent.com/u/166176?v=4",
        "gravatar_id": "",
        "url": "https://api.github.com/users/mattupstate",
        "html_url": "https://github.com/mattupstate",
        "followers_url": "https://api.github.com/users/mattupstate/followers",
        "following_url": "https://api.github.com/users/mattupstate/following{/other_user}",
        "gists_url": "https://api.github.com/users/mattupstate/gists{/gist_id}",
        "starred_url": "https://api.github.com/users/mattupstate/starred{/owner}{/repo}",
        "subscriptions_url": "https://api.github.com/users/mattupstate/subscriptions",
        "organizations_url": "https://api.github.com/users/mattupstate/orgs",
        "repos_url": "https://api.github.com/users/mattupstate/repos",
        "events_url": "https://api.github.com/users/mattupstate/events{/privacy}",
        "received_events_url": "https://api.github.com/users/mattupstate/received_events",
        "type": "User",
        "site_admin": false
    },
    "labels": [],
    "state": "closed",
    "locked": false,
    "assignee": null,
    "assignees": [],
    "milestone": null,
    "comments": 2,
    "created_at": "2014-01-23T20:07:24Z",
    "updated_at": "2014-06-16T08:47:26Z",
    "closed_at": "2014-03-13T19:24:19Z",
    "author_association": "CONTRIBUTOR",
    "pull_request": {
        "url": "https://api.github.com/repos/pallets/flask/pulls/960",
        "html_url": "https://github.com/pallets/flask/pull/960",
        "diff_url": "https://github.com/pallets/flask/pull/960.diff",
        "patch_url": "https://github.com/pallets/flask/pull/960.patch"
    },
    "body": "Here's a little proposal for a new function on the `Config` object. I often find it very useful to grab namespaced config options. I've used my own helper function for ages now and thought it might be useful to everyone. It's particularly useful for me when configuration options map to a set of keyword arguments for a function or a class constructor. A  test has been added as well to verify the feature.\n",
    "comments_inline": [
        {
            "url": "https://api.github.com/repos/pallets/flask/issues/comments/33196686",
            "html_url": "https://github.com/pallets/flask/pull/960#issuecomment-33196686",
            "issue_url": "https://api.github.com/repos/pallets/flask/issues/960",
            "id": 33196686,
            "node_id": "MDEyOklzc3VlQ29tbWVudDMzMTk2Njg2",
            "user": {
                "login": "mizhi",
                "id": 901983,
                "node_id": "MDQ6VXNlcjkwMTk4Mw==",
                "avatar_url": "https://avatars1.githubusercontent.com/u/901983?v=4",
                "gravatar_id": "",
                "url": "https://api.github.com/users/mizhi",
                "html_url": "https://github.com/mizhi",
                "followers_url": "https://api.github.com/users/mizhi/followers",
                "following_url": "https://api.github.com/users/mizhi/following{/other_user}",
                "gists_url": "https://api.github.com/users/mizhi/gists{/gist_id}",
                "starred_url": "https://api.github.com/users/mizhi/starred{/owner}{/repo}",
                "subscriptions_url": "https://api.github.com/users/mizhi/subscriptions",
                "organizations_url": "https://api.github.com/users/mizhi/orgs",
                "repos_url": "https://api.github.com/users/mizhi/repos",
                "events_url": "https://api.github.com/users/mizhi/events{/privacy}",
                "received_events_url": "https://api.github.com/users/mizhi/received_events",
                "type": "User",
                "site_admin": false
            },
            "created_at": "2014-01-24T04:30:54Z",
            "updated_at": "2014-01-24T04:30:54Z",
            "author_association": "NONE",
            "body": "I like this. This allows for nesting configuration options without having to necessarily support nested dictionaries directly in the config. :+1: \n"
        },
        {
            "url": "https://api.github.com/repos/pallets/flask/issues/comments/37575904",
            "html_url": "https://github.com/pallets/flask/pull/960#issuecomment-37575904",
            "issue_url": "https://api.github.com/repos/pallets/flask/issues/960",
            "id": 37575904,
            "node_id": "MDEyOklzc3VlQ29tbWVudDM3NTc1OTA0",
            "user": {
                "login": "DasIch",
                "id": 182316,
                "node_id": "MDQ6VXNlcjE4MjMxNg==",
                "avatar_url": "https://avatars0.githubusercontent.com/u/182316?v=4",
                "gravatar_id": "",
                "url": "https://api.github.com/users/DasIch",
                "html_url": "https://github.com/DasIch",
                "followers_url": "https://api.github.com/users/DasIch/followers",
                "following_url": "https://api.github.com/users/DasIch/following{/other_user}",
                "gists_url": "https://api.github.com/users/DasIch/gists{/gist_id}",
                "starred_url": "https://api.github.com/users/DasIch/starred{/owner}{/repo}",
                "subscriptions_url": "https://api.github.com/users/DasIch/subscriptions",
                "organizations_url": "https://api.github.com/users/DasIch/orgs",
                "repos_url": "https://api.github.com/users/DasIch/repos",
                "events_url": "https://api.github.com/users/DasIch/events{/privacy}",
                "received_events_url": "https://api.github.com/users/DasIch/received_events",
                "type": "User",
                "site_admin": false
            },
            "created_at": "2014-03-13T19:24:32Z",
            "updated_at": "2014-03-13T19:24:32Z",
            "author_association": "CONTRIBUTOR",
            "body": "Thanks.\n"
        }
    ]
}