{
    "url": "https://api.github.com/repos/pallets/flask/issues/961",
    "repository_url": "https://api.github.com/repos/pallets/flask",
    "labels_url": "https://api.github.com/repos/pallets/flask/issues/961/labels{/name}",
    "comments_url": "https://api.github.com/repos/pallets/flask/issues/961/comments",
    "events_url": "https://api.github.com/repos/pallets/flask/issues/961/events",
    "html_url": "https://github.com/pallets/flask/pull/961",
    "id": 26258104,
    "node_id": "MDExOlB1bGxSZXF1ZXN0MTE4NTQxOTc=",
    "number": 961,
    "title": "Remove the extra \"1\"",
    "user": {
        "login": "GCorbel",
        "id": 1296201,
        "node_id": "MDQ6VXNlcjEyOTYyMDE=",
        "avatar_url": "https://avatars3.githubusercontent.com/u/1296201?v=4",
        "gravatar_id": "",
        "url": "https://api.github.com/users/GCorbel",
        "html_url": "https://github.com/GCorbel",
        "followers_url": "https://api.github.com/users/GCorbel/followers",
        "following_url": "https://api.github.com/users/GCorbel/following{/other_user}",
        "gists_url": "https://api.github.com/users/GCorbel/gists{/gist_id}",
        "starred_url": "https://api.github.com/users/GCorbel/starred{/owner}{/repo}",
        "subscriptions_url": "https://api.github.com/users/GCorbel/subscriptions",
        "organizations_url": "https://api.github.com/users/GCorbel/orgs",
        "repos_url": "https://api.github.com/users/GCorbel/repos",
        "events_url": "https://api.github.com/users/GCorbel/events{/privacy}",
        "received_events_url": "https://api.github.com/users/GCorbel/received_events",
        "type": "User",
        "site_admin": false
    },
    "labels": [],
    "state": "closed",
    "locked": false,
    "assignee": null,
    "assignees": [],
    "milestone": null,
    "comments": 0,
    "created_at": "2014-01-24T17:43:31Z",
    "updated_at": "2014-06-14T06:10:55Z",
    "closed_at": "2014-01-27T17:39:04Z",
    "author_association": "CONTRIBUTOR",
    "pull_request": {
        "url": "https://api.github.com/repos/pallets/flask/pulls/961",
        "html_url": "https://github.com/pallets/flask/pull/961",
        "diff_url": "https://github.com/pallets/flask/pull/961.diff",
        "patch_url": "https://github.com/pallets/flask/pull/961.patch"
    },
    "body": ""
}