{
    "url": "https://api.github.com/repos/pallets/flask/issues/962",
    "repository_url": "https://api.github.com/repos/pallets/flask",
    "labels_url": "https://api.github.com/repos/pallets/flask/issues/962/labels{/name}",
    "comments_url": "https://api.github.com/repos/pallets/flask/issues/962/comments",
    "events_url": "https://api.github.com/repos/pallets/flask/issues/962/events",
    "html_url": "https://github.com/pallets/flask/pull/962",
    "id": 26283231,
    "node_id": "MDExOlB1bGxSZXF1ZXN0MTE4NjkzOTc=",
    "number": 962,
    "title": "added a note to the api documentation about JSON_SORT_KEYS. Fixes #922",
    "user": {
        "login": "nZac",
        "id": 276212,
        "node_id": "MDQ6VXNlcjI3NjIxMg==",
        "avatar_url": "https://avatars0.githubusercontent.com/u/276212?v=4",
        "gravatar_id": "",
        "url": "https://api.github.com/users/nZac",
        "html_url": "https://github.com/nZac",
        "followers_url": "https://api.github.com/users/nZac/followers",
        "following_url": "https://api.github.com/users/nZac/following{/other_user}",
        "gists_url": "https://api.github.com/users/nZac/gists{/gist_id}",
        "starred_url": "https://api.github.com/users/nZac/starred{/owner}{/repo}",
        "subscriptions_url": "https://api.github.com/users/nZac/subscriptions",
        "organizations_url": "https://api.github.com/users/nZac/orgs",
        "repos_url": "https://api.github.com/users/nZac/repos",
        "events_url": "https://api.github.com/users/nZac/events{/privacy}",
        "received_events_url": "https://api.github.com/users/nZac/received_events",
        "type": "User",
        "site_admin": false
    },
    "labels": [],
    "state": "closed",
    "locked": false,
    "assignee": null,
    "assignees": [],
    "milestone": null,
    "comments": 0,
    "created_at": "2014-01-25T01:23:30Z",
    "updated_at": "2014-06-16T08:47:22Z",
    "closed_at": "2014-02-08T16:26:27Z",
    "author_association": "CONTRIBUTOR",
    "pull_request": {
        "url": "https://api.github.com/repos/pallets/flask/pulls/962",
        "html_url": "https://github.com/pallets/flask/pull/962",
        "diff_url": "https://github.com/pallets/flask/pull/962.diff",
        "patch_url": "https://github.com/pallets/flask/pull/962.patch"
    },
    "body": "See #922 for the conversation and rationale.\n"
}