{
    "url": "https://api.github.com/repos/pallets/flask/issues/963",
    "repository_url": "https://api.github.com/repos/pallets/flask",
    "labels_url": "https://api.github.com/repos/pallets/flask/issues/963/labels{/name}",
    "comments_url": "https://api.github.com/repos/pallets/flask/issues/963/comments",
    "events_url": "https://api.github.com/repos/pallets/flask/issues/963/events",
    "html_url": "https://github.com/pallets/flask/issues/963",
    "id": 26283467,
    "node_id": "MDU6SXNzdWUyNjI4MzQ2Nw==",
    "number": 963,
    "title": "pocoo docs out of sync",
    "user": {
        "login": "nZac",
        "id": 276212,
        "node_id": "MDQ6VXNlcjI3NjIxMg==",
        "avatar_url": "https://avatars0.githubusercontent.com/u/276212?v=4",
        "gravatar_id": "",
        "url": "https://api.github.com/users/nZac",
        "html_url": "https://github.com/nZac",
        "followers_url": "https://api.github.com/users/nZac/followers",
        "following_url": "https://api.github.com/users/nZac/following{/other_user}",
        "gists_url": "https://api.github.com/users/nZac/gists{/gist_id}",
        "starred_url": "https://api.github.com/users/nZac/starred{/owner}{/repo}",
        "subscriptions_url": "https://api.github.com/users/nZac/subscriptions",
        "organizations_url": "https://api.github.com/users/nZac/orgs",
        "repos_url": "https://api.github.com/users/nZac/repos",
        "events_url": "https://api.github.com/users/nZac/events{/privacy}",
        "received_events_url": "https://api.github.com/users/nZac/received_events",
        "type": "User",
        "site_admin": false
    },
    "labels": [],
    "state": "closed",
    "locked": false,
    "assignee": null,
    "assignees": [],
    "milestone": null,
    "comments": 12,
    "created_at": "2014-01-25T01:31:49Z",
    "updated_at": "2014-09-27T13:59:45Z",
    "closed_at": "2014-09-27T13:59:41Z",
    "author_association": "CONTRIBUTOR",
    "body": "#950 showed that the pocoo docs are out of sync with the repository.\n\nDoes that set of documentation only get updated on releases?  Is it possible to make the Read The Docs the primary documentation reference?\n",
    "comments_inline": [
        {
            "url": "https://api.github.com/repos/pallets/flask/issues/comments/33284199",
            "html_url": "https://github.com/pallets/flask/issues/963#issuecomment-33284199",
            "issue_url": "https://api.github.com/repos/pallets/flask/issues/963",
            "id": 33284199,
            "node_id": "MDEyOklzc3VlQ29tbWVudDMzMjg0MTk5",
            "user": {
                "login": "untitaker",
                "id": 837573,
                "node_id": "MDQ6VXNlcjgzNzU3Mw==",
                "avatar_url": "https://avatars0.githubusercontent.com/u/837573?v=4",
                "gravatar_id": "",
                "url": "https://api.github.com/users/untitaker",
                "html_url": "https://github.com/untitaker",
                "followers_url": "https://api.github.com/users/untitaker/followers",
                "following_url": "https://api.github.com/users/untitaker/following{/other_user}",
                "gists_url": "https://api.github.com/users/untitaker/gists{/gist_id}",
                "starred_url": "https://api.github.com/users/untitaker/starred{/owner}{/repo}",
                "subscriptions_url": "https://api.github.com/users/untitaker/subscriptions",
                "organizations_url": "https://api.github.com/users/untitaker/orgs",
                "repos_url": "https://api.github.com/users/untitaker/repos",
                "events_url": "https://api.github.com/users/untitaker/events{/privacy}",
                "received_events_url": "https://api.github.com/users/untitaker/received_events",
                "type": "User",
                "site_admin": false
            },
            "created_at": "2014-01-25T08:38:13Z",
            "updated_at": "2014-01-25T08:38:13Z",
            "author_association": "MEMBER",
            "body": "See #871 and #841\n"
        },
        {
            "url": "https://api.github.com/repos/pallets/flask/issues/comments/33296290",
            "html_url": "https://github.com/pallets/flask/issues/963#issuecomment-33296290",
            "issue_url": "https://api.github.com/repos/pallets/flask/issues/963",
            "id": 33296290,
            "node_id": "MDEyOklzc3VlQ29tbWVudDMzMjk2Mjkw",
            "user": {
                "login": "nZac",
                "id": 276212,
                "node_id": "MDQ6VXNlcjI3NjIxMg==",
                "avatar_url": "https://avatars0.githubusercontent.com/u/276212?v=4",
                "gravatar_id": "",
                "url": "https://api.github.com/users/nZac",
                "html_url": "https://github.com/nZac",
                "followers_url": "https://api.github.com/users/nZac/followers",
                "following_url": "https://api.github.com/users/nZac/following{/other_user}",
                "gists_url": "https://api.github.com/users/nZac/gists{/gist_id}",
                "starred_url": "https://api.github.com/users/nZac/starred{/owner}{/repo}",
                "subscriptions_url": "https://api.github.com/users/nZac/subscriptions",
                "organizations_url": "https://api.github.com/users/nZac/orgs",
                "repos_url": "https://api.github.com/users/nZac/repos",
                "events_url": "https://api.github.com/users/nZac/events{/privacy}",
                "received_events_url": "https://api.github.com/users/nZac/received_events",
                "type": "User",
                "site_admin": false
            },
            "created_at": "2014-01-25T18:40:37Z",
            "updated_at": "2014-01-25T18:40:37Z",
            "author_association": "CONTRIBUTOR",
            "body": "Thanks @untitaker  I didn't see those before.  \n\nHas Armin given any suggestion as to how we could keep the two in sync.  Those two issues seem to be dormant.  I agree with your suggestion to just use RTD.\n"
        },
        {
            "url": "https://api.github.com/repos/pallets/flask/issues/comments/33296335",
            "html_url": "https://github.com/pallets/flask/issues/963#issuecomment-33296335",
            "issue_url": "https://api.github.com/repos/pallets/flask/issues/963",
            "id": 33296335,
            "node_id": "MDEyOklzc3VlQ29tbWVudDMzMjk2MzM1",
            "user": {
                "login": "untitaker",
                "id": 837573,
                "node_id": "MDQ6VXNlcjgzNzU3Mw==",
                "avatar_url": "https://avatars0.githubusercontent.com/u/837573?v=4",
                "gravatar_id": "",
                "url": "https://api.github.com/users/untitaker",
                "html_url": "https://github.com/untitaker",
                "followers_url": "https://api.github.com/users/untitaker/followers",
                "following_url": "https://api.github.com/users/untitaker/following{/other_user}",
                "gists_url": "https://api.github.com/users/untitaker/gists{/gist_id}",
                "starred_url": "https://api.github.com/users/untitaker/starred{/owner}{/repo}",
                "subscriptions_url": "https://api.github.com/users/untitaker/subscriptions",
                "organizations_url": "https://api.github.com/users/untitaker/orgs",
                "repos_url": "https://api.github.com/users/untitaker/repos",
                "events_url": "https://api.github.com/users/untitaker/events{/privacy}",
                "received_events_url": "https://api.github.com/users/untitaker/received_events",
                "type": "User",
                "site_admin": false
            },
            "created_at": "2014-01-25T18:42:20Z",
            "updated_at": "2014-01-25T18:42:20Z",
            "author_association": "MEMBER",
            "body": "He didn't give any suggestions, as he is hardly active.\n"
        },
        {
            "url": "https://api.github.com/repos/pallets/flask/issues/comments/33296445",
            "html_url": "https://github.com/pallets/flask/issues/963#issuecomment-33296445",
            "issue_url": "https://api.github.com/repos/pallets/flask/issues/963",
            "id": 33296445,
            "node_id": "MDEyOklzc3VlQ29tbWVudDMzMjk2NDQ1",
            "user": {
                "login": "nZac",
                "id": 276212,
                "node_id": "MDQ6VXNlcjI3NjIxMg==",
                "avatar_url": "https://avatars0.githubusercontent.com/u/276212?v=4",
                "gravatar_id": "",
                "url": "https://api.github.com/users/nZac",
                "html_url": "https://github.com/nZac",
                "followers_url": "https://api.github.com/users/nZac/followers",
                "following_url": "https://api.github.com/users/nZac/following{/other_user}",
                "gists_url": "https://api.github.com/users/nZac/gists{/gist_id}",
                "starred_url": "https://api.github.com/users/nZac/starred{/owner}{/repo}",
                "subscriptions_url": "https://api.github.com/users/nZac/subscriptions",
                "organizations_url": "https://api.github.com/users/nZac/orgs",
                "repos_url": "https://api.github.com/users/nZac/repos",
                "events_url": "https://api.github.com/users/nZac/events{/privacy}",
                "received_events_url": "https://api.github.com/users/nZac/received_events",
                "type": "User",
                "site_admin": false
            },
            "created_at": "2014-01-25T18:46:01Z",
            "updated_at": "2014-01-25T18:46:01Z",
            "author_association": "CONTRIBUTOR",
            "body": "Is IRC the best way to get in contact with him?\n"
        },
        {
            "url": "https://api.github.com/repos/pallets/flask/issues/comments/33296563",
            "html_url": "https://github.com/pallets/flask/issues/963#issuecomment-33296563",
            "issue_url": "https://api.github.com/repos/pallets/flask/issues/963",
            "id": 33296563,
            "node_id": "MDEyOklzc3VlQ29tbWVudDMzMjk2NTYz",
            "user": {
                "login": "untitaker",
                "id": 837573,
                "node_id": "MDQ6VXNlcjgzNzU3Mw==",
                "avatar_url": "https://avatars0.githubusercontent.com/u/837573?v=4",
                "gravatar_id": "",
                "url": "https://api.github.com/users/untitaker",
                "html_url": "https://github.com/untitaker",
                "followers_url": "https://api.github.com/users/untitaker/followers",
                "following_url": "https://api.github.com/users/untitaker/following{/other_user}",
                "gists_url": "https://api.github.com/users/untitaker/gists{/gist_id}",
                "starred_url": "https://api.github.com/users/untitaker/starred{/owner}{/repo}",
                "subscriptions_url": "https://api.github.com/users/untitaker/subscriptions",
                "organizations_url": "https://api.github.com/users/untitaker/orgs",
                "repos_url": "https://api.github.com/users/untitaker/repos",
                "events_url": "https://api.github.com/users/untitaker/events{/privacy}",
                "received_events_url": "https://api.github.com/users/untitaker/received_events",
                "type": "User",
                "site_admin": false
            },
            "created_at": "2014-01-25T18:50:07Z",
            "updated_at": "2014-01-25T18:50:07Z",
            "author_association": "MEMBER",
            "body": "Yes i think so.\n"
        },
        {
            "url": "https://api.github.com/repos/pallets/flask/issues/comments/33296831",
            "html_url": "https://github.com/pallets/flask/issues/963#issuecomment-33296831",
            "issue_url": "https://api.github.com/repos/pallets/flask/issues/963",
            "id": 33296831,
            "node_id": "MDEyOklzc3VlQ29tbWVudDMzMjk2ODMx",
            "user": {
                "login": "nZac",
                "id": 276212,
                "node_id": "MDQ6VXNlcjI3NjIxMg==",
                "avatar_url": "https://avatars0.githubusercontent.com/u/276212?v=4",
                "gravatar_id": "",
                "url": "https://api.github.com/users/nZac",
                "html_url": "https://github.com/nZac",
                "followers_url": "https://api.github.com/users/nZac/followers",
                "following_url": "https://api.github.com/users/nZac/following{/other_user}",
                "gists_url": "https://api.github.com/users/nZac/gists{/gist_id}",
                "starred_url": "https://api.github.com/users/nZac/starred{/owner}{/repo}",
                "subscriptions_url": "https://api.github.com/users/nZac/subscriptions",
                "organizations_url": "https://api.github.com/users/nZac/orgs",
                "repos_url": "https://api.github.com/users/nZac/repos",
                "events_url": "https://api.github.com/users/nZac/events{/privacy}",
                "received_events_url": "https://api.github.com/users/nZac/received_events",
                "type": "User",
                "site_admin": false
            },
            "created_at": "2014-01-25T19:01:43Z",
            "updated_at": "2014-01-25T19:01:43Z",
            "author_association": "CONTRIBUTOR",
            "body": "Had a conversation with Armin about switching to RTD.  We are going to talk about it more on Wednesday.  There is a good chance the webhook for RTD is already in place and it would just be a matter of switching up the references and redirecting the pocoo doc's.  Hopefully more to come.\n"
        },
        {
            "url": "https://api.github.com/repos/pallets/flask/issues/comments/33313358",
            "html_url": "https://github.com/pallets/flask/issues/963#issuecomment-33313358",
            "issue_url": "https://api.github.com/repos/pallets/flask/issues/963",
            "id": 33313358,
            "node_id": "MDEyOklzc3VlQ29tbWVudDMzMzEzMzU4",
            "user": {
                "login": "untitaker",
                "id": 837573,
                "node_id": "MDQ6VXNlcjgzNzU3Mw==",
                "avatar_url": "https://avatars0.githubusercontent.com/u/837573?v=4",
                "gravatar_id": "",
                "url": "https://api.github.com/users/untitaker",
                "html_url": "https://github.com/untitaker",
                "followers_url": "https://api.github.com/users/untitaker/followers",
                "following_url": "https://api.github.com/users/untitaker/following{/other_user}",
                "gists_url": "https://api.github.com/users/untitaker/gists{/gist_id}",
                "starred_url": "https://api.github.com/users/untitaker/starred{/owner}{/repo}",
                "subscriptions_url": "https://api.github.com/users/untitaker/subscriptions",
                "organizations_url": "https://api.github.com/users/untitaker/orgs",
                "repos_url": "https://api.github.com/users/untitaker/repos",
                "events_url": "https://api.github.com/users/untitaker/events{/privacy}",
                "received_events_url": "https://api.github.com/users/untitaker/received_events",
                "type": "User",
                "site_admin": false
            },
            "created_at": "2014-01-26T10:04:36Z",
            "updated_at": "2014-01-26T10:04:36Z",
            "author_association": "MEMBER",
            "body": "I think you can also point domains and subdomains to rtd, meaning one could point docs.flask.pocoo.org or even flask.pocoo.org to rtd without redirects.\n"
        },
        {
            "url": "https://api.github.com/repos/pallets/flask/issues/comments/33864395",
            "html_url": "https://github.com/pallets/flask/issues/963#issuecomment-33864395",
            "issue_url": "https://api.github.com/repos/pallets/flask/issues/963",
            "id": 33864395,
            "node_id": "MDEyOklzc3VlQ29tbWVudDMzODY0Mzk1",
            "user": {
                "login": "nZac",
                "id": 276212,
                "node_id": "MDQ6VXNlcjI3NjIxMg==",
                "avatar_url": "https://avatars0.githubusercontent.com/u/276212?v=4",
                "gravatar_id": "",
                "url": "https://api.github.com/users/nZac",
                "html_url": "https://github.com/nZac",
                "followers_url": "https://api.github.com/users/nZac/followers",
                "following_url": "https://api.github.com/users/nZac/following{/other_user}",
                "gists_url": "https://api.github.com/users/nZac/gists{/gist_id}",
                "starred_url": "https://api.github.com/users/nZac/starred{/owner}{/repo}",
                "subscriptions_url": "https://api.github.com/users/nZac/subscriptions",
                "organizations_url": "https://api.github.com/users/nZac/orgs",
                "repos_url": "https://api.github.com/users/nZac/repos",
                "events_url": "https://api.github.com/users/nZac/events{/privacy}",
                "received_events_url": "https://api.github.com/users/nZac/received_events",
                "type": "User",
                "site_admin": false
            },
            "created_at": "2014-02-01T05:43:27Z",
            "updated_at": "2014-02-01T05:43:27Z",
            "author_association": "CONTRIBUTOR",
            "body": "I tried contacting @mitsuhiko on chat to no avail.  Not sure what to do next.\n"
        },
        {
            "url": "https://api.github.com/repos/pallets/flask/issues/comments/34549138",
            "html_url": "https://github.com/pallets/flask/issues/963#issuecomment-34549138",
            "issue_url": "https://api.github.com/repos/pallets/flask/issues/963",
            "id": 34549138,
            "node_id": "MDEyOklzc3VlQ29tbWVudDM0NTQ5MTM4",
            "user": {
                "login": "mitsuhiko",
                "id": 7396,
                "node_id": "MDQ6VXNlcjczOTY=",
                "avatar_url": "https://avatars1.githubusercontent.com/u/7396?v=4",
                "gravatar_id": "",
                "url": "https://api.github.com/users/mitsuhiko",
                "html_url": "https://github.com/mitsuhiko",
                "followers_url": "https://api.github.com/users/mitsuhiko/followers",
                "following_url": "https://api.github.com/users/mitsuhiko/following{/other_user}",
                "gists_url": "https://api.github.com/users/mitsuhiko/gists{/gist_id}",
                "starred_url": "https://api.github.com/users/mitsuhiko/starred{/owner}{/repo}",
                "subscriptions_url": "https://api.github.com/users/mitsuhiko/subscriptions",
                "organizations_url": "https://api.github.com/users/mitsuhiko/orgs",
                "repos_url": "https://api.github.com/users/mitsuhiko/repos",
                "events_url": "https://api.github.com/users/mitsuhiko/events{/privacy}",
                "received_events_url": "https://api.github.com/users/mitsuhiko/received_events",
                "type": "User",
                "site_admin": false
            },
            "created_at": "2014-02-08T17:03:55Z",
            "updated_at": "2014-02-08T17:03:55Z",
            "author_association": "MEMBER",
            "body": "Just an update on this: I am moving the website and will update the doc generation to be automated again.  This will take me another week or so though.\n"
        },
        {
            "url": "https://api.github.com/repos/pallets/flask/issues/comments/34553624",
            "html_url": "https://github.com/pallets/flask/issues/963#issuecomment-34553624",
            "issue_url": "https://api.github.com/repos/pallets/flask/issues/963",
            "id": 34553624,
            "node_id": "MDEyOklzc3VlQ29tbWVudDM0NTUzNjI0",
            "user": {
                "login": "nZac",
                "id": 276212,
                "node_id": "MDQ6VXNlcjI3NjIxMg==",
                "avatar_url": "https://avatars0.githubusercontent.com/u/276212?v=4",
                "gravatar_id": "",
                "url": "https://api.github.com/users/nZac",
                "html_url": "https://github.com/nZac",
                "followers_url": "https://api.github.com/users/nZac/followers",
                "following_url": "https://api.github.com/users/nZac/following{/other_user}",
                "gists_url": "https://api.github.com/users/nZac/gists{/gist_id}",
                "starred_url": "https://api.github.com/users/nZac/starred{/owner}{/repo}",
                "subscriptions_url": "https://api.github.com/users/nZac/subscriptions",
                "organizations_url": "https://api.github.com/users/nZac/orgs",
                "repos_url": "https://api.github.com/users/nZac/repos",
                "events_url": "https://api.github.com/users/nZac/events{/privacy}",
                "received_events_url": "https://api.github.com/users/nZac/received_events",
                "type": "User",
                "site_admin": false
            },
            "created_at": "2014-02-08T19:40:40Z",
            "updated_at": "2014-02-08T19:40:40Z",
            "author_association": "CONTRIBUTOR",
            "body": "Thanks @mitsuhiko!\n"
        },
        {
            "url": "https://api.github.com/repos/pallets/flask/issues/comments/37574664",
            "html_url": "https://github.com/pallets/flask/issues/963#issuecomment-37574664",
            "issue_url": "https://api.github.com/repos/pallets/flask/issues/963",
            "id": 37574664,
            "node_id": "MDEyOklzc3VlQ29tbWVudDM3NTc0NjY0",
            "user": {
                "login": "DasIch",
                "id": 182316,
                "node_id": "MDQ6VXNlcjE4MjMxNg==",
                "avatar_url": "https://avatars0.githubusercontent.com/u/182316?v=4",
                "gravatar_id": "",
                "url": "https://api.github.com/users/DasIch",
                "html_url": "https://github.com/DasIch",
                "followers_url": "https://api.github.com/users/DasIch/followers",
                "following_url": "https://api.github.com/users/DasIch/following{/other_user}",
                "gists_url": "https://api.github.com/users/DasIch/gists{/gist_id}",
                "starred_url": "https://api.github.com/users/DasIch/starred{/owner}{/repo}",
                "subscriptions_url": "https://api.github.com/users/DasIch/subscriptions",
                "organizations_url": "https://api.github.com/users/DasIch/orgs",
                "repos_url": "https://api.github.com/users/DasIch/repos",
                "events_url": "https://api.github.com/users/DasIch/events{/privacy}",
                "received_events_url": "https://api.github.com/users/DasIch/received_events",
                "type": "User",
                "site_admin": false
            },
            "created_at": "2014-03-13T19:13:30Z",
            "updated_at": "2014-03-13T19:13:30Z",
            "author_association": "CONTRIBUTOR",
            "body": "@mitsuhiko Do you have any news on this or can we help out somehow?\n"
        },
        {
            "url": "https://api.github.com/repos/pallets/flask/issues/comments/57053478",
            "html_url": "https://github.com/pallets/flask/issues/963#issuecomment-57053478",
            "issue_url": "https://api.github.com/repos/pallets/flask/issues/963",
            "id": 57053478,
            "node_id": "MDEyOklzc3VlQ29tbWVudDU3MDUzNDc4",
            "user": {
                "login": "untitaker",
                "id": 837573,
                "node_id": "MDQ6VXNlcjgzNzU3Mw==",
                "avatar_url": "https://avatars0.githubusercontent.com/u/837573?v=4",
                "gravatar_id": "",
                "url": "https://api.github.com/users/untitaker",
                "html_url": "https://github.com/untitaker",
                "followers_url": "https://api.github.com/users/untitaker/followers",
                "following_url": "https://api.github.com/users/untitaker/following{/other_user}",
                "gists_url": "https://api.github.com/users/untitaker/gists{/gist_id}",
                "starred_url": "https://api.github.com/users/untitaker/starred{/owner}{/repo}",
                "subscriptions_url": "https://api.github.com/users/untitaker/subscriptions",
                "organizations_url": "https://api.github.com/users/untitaker/orgs",
                "repos_url": "https://api.github.com/users/untitaker/repos",
                "events_url": "https://api.github.com/users/untitaker/events{/privacy}",
                "received_events_url": "https://api.github.com/users/untitaker/received_events",
                "type": "User",
                "site_admin": false
            },
            "created_at": "2014-09-27T13:59:41Z",
            "updated_at": "2014-09-27T13:59:45Z",
            "author_association": "MEMBER",
            "body": "https://github.com/pocoo/metaflask/issues/7\n"
        }
    ]
}