{
    "url": "https://api.github.com/repos/pallets/flask/issues/968",
    "repository_url": "https://api.github.com/repos/pallets/flask",
    "labels_url": "https://api.github.com/repos/pallets/flask/issues/968/labels{/name}",
    "comments_url": "https://api.github.com/repos/pallets/flask/issues/968/comments",
    "events_url": "https://api.github.com/repos/pallets/flask/issues/968/events",
    "html_url": "https://github.com/pallets/flask/issues/968",
    "id": 26546877,
    "node_id": "MDU6SXNzdWUyNjU0Njg3Nw==",
    "number": 968,
    "title": "GET params discarded by flask test client, when using full url",
    "user": {
        "login": "vladzloteanu",
        "id": 103246,
        "node_id": "MDQ6VXNlcjEwMzI0Ng==",
        "avatar_url": "https://avatars1.githubusercontent.com/u/103246?v=4",
        "gravatar_id": "",
        "url": "https://api.github.com/users/vladzloteanu",
        "html_url": "https://github.com/vladzloteanu",
        "followers_url": "https://api.github.com/users/vladzloteanu/followers",
        "following_url": "https://api.github.com/users/vladzloteanu/following{/other_user}",
        "gists_url": "https://api.github.com/users/vladzloteanu/gists{/gist_id}",
        "starred_url": "https://api.github.com/users/vladzloteanu/starred{/owner}{/repo}",
        "subscriptions_url": "https://api.github.com/users/vladzloteanu/subscriptions",
        "organizations_url": "https://api.github.com/users/vladzloteanu/orgs",
        "repos_url": "https://api.github.com/users/vladzloteanu/repos",
        "events_url": "https://api.github.com/users/vladzloteanu/events{/privacy}",
        "received_events_url": "https://api.github.com/users/vladzloteanu/received_events",
        "type": "User",
        "site_admin": false
    },
    "labels": [],
    "state": "closed",
    "locked": false,
    "assignee": null,
    "assignees": [],
    "milestone": null,
    "comments": 0,
    "created_at": "2014-01-29T19:37:00Z",
    "updated_at": "2014-02-08T17:19:21Z",
    "closed_at": "2014-02-08T17:19:21Z",
    "author_association": "NONE",
    "body": "Using full URL in flask test client. GET params are silently discarded:\n\n```\nimport unittest\nfrom flask import Flask, request\n\napp = Flask(__name__)\napp.testing = True\n\n@app.route('/action')\ndef action():\n    return \"\"\n\n\nclass MyTestCase(unittest.TestCase):\n\n    def test_get_with_path(self):\n        with app.test_client() as c:\n            rv = c.get('/action?vodka=42')\n            assert 'vodka' in request.args # assertion OK\n\n    def test_get_with_complete_url(self):\n        with app.test_client() as c:\n            rv = c.get('http://domain.com/action?vodka=42')\n            assert 'vodka' in request.args # assertion error\n\n    def test_post_with_complete_url(self):\n        with app.test_client() as c:\n            rv = c.post('http://domain.com/action?vodka=42', data={'gin': 43})\n            assert 'gin' in request.form # assertion OK\n            assert 'vodka' in request.args # assertion error\n\n\nif __name__ == '__main__':\n    unittest.main()\n```\n\nThis may also be considered inconsistent with the behaviour on POST params.\n\nIf this is not the way one should use test client, maybe put a warning in the docs ?\n"
}