{
    "url": "https://api.github.com/repos/pallets/flask/issues/969",
    "repository_url": "https://api.github.com/repos/pallets/flask",
    "labels_url": "https://api.github.com/repos/pallets/flask/issues/969/labels{/name}",
    "comments_url": "https://api.github.com/repos/pallets/flask/issues/969/comments",
    "events_url": "https://api.github.com/repos/pallets/flask/issues/969/events",
    "html_url": "https://github.com/pallets/flask/issues/969",
    "id": 26740252,
    "node_id": "MDU6SXNzdWUyNjc0MDI1Mg==",
    "number": 969,
    "title": "New Converters: bool, long etc.?",
    "user": {
        "login": "RichardProsser",
        "id": 6561811,
        "node_id": "MDQ6VXNlcjY1NjE4MTE=",
        "avatar_url": "https://avatars2.githubusercontent.com/u/6561811?v=4",
        "gravatar_id": "",
        "url": "https://api.github.com/users/RichardProsser",
        "html_url": "https://github.com/RichardProsser",
        "followers_url": "https://api.github.com/users/RichardProsser/followers",
        "following_url": "https://api.github.com/users/RichardProsser/following{/other_user}",
        "gists_url": "https://api.github.com/users/RichardProsser/gists{/gist_id}",
        "starred_url": "https://api.github.com/users/RichardProsser/starred{/owner}{/repo}",
        "subscriptions_url": "https://api.github.com/users/RichardProsser/subscriptions",
        "organizations_url": "https://api.github.com/users/RichardProsser/orgs",
        "repos_url": "https://api.github.com/users/RichardProsser/repos",
        "events_url": "https://api.github.com/users/RichardProsser/events{/privacy}",
        "received_events_url": "https://api.github.com/users/RichardProsser/received_events",
        "type": "User",
        "site_admin": false
    },
    "labels": [],
    "state": "closed",
    "locked": false,
    "assignee": null,
    "assignees": [],
    "milestone": null,
    "comments": 3,
    "created_at": "2014-02-01T15:01:52Z",
    "updated_at": "2014-02-08T17:22:21Z",
    "closed_at": "2014-02-08T17:22:21Z",
    "author_association": "NONE",
    "body": "From the 'quickstart' dcoumentation:\n\n```\nThe following converters exist:\n\nint accepts integers\nfloat   like int but for floating point values\npath    like the default but also accepts slashes\n```\n\nCan other types be added please? I may need them for an OpenMeetings API wrapper.\n",
    "comments_inline": [
        {
            "url": "https://api.github.com/repos/pallets/flask/issues/comments/33879950",
            "html_url": "https://github.com/pallets/flask/issues/969#issuecomment-33879950",
            "issue_url": "https://api.github.com/repos/pallets/flask/issues/969",
            "id": 33879950,
            "node_id": "MDEyOklzc3VlQ29tbWVudDMzODc5OTUw",
            "user": {
                "login": "docapotamus",
                "id": 1929544,
                "node_id": "MDQ6VXNlcjE5Mjk1NDQ=",
                "avatar_url": "https://avatars1.githubusercontent.com/u/1929544?v=4",
                "gravatar_id": "",
                "url": "https://api.github.com/users/docapotamus",
                "html_url": "https://github.com/docapotamus",
                "followers_url": "https://api.github.com/users/docapotamus/followers",
                "following_url": "https://api.github.com/users/docapotamus/following{/other_user}",
                "gists_url": "https://api.github.com/users/docapotamus/gists{/gist_id}",
                "starred_url": "https://api.github.com/users/docapotamus/starred{/owner}{/repo}",
                "subscriptions_url": "https://api.github.com/users/docapotamus/subscriptions",
                "organizations_url": "https://api.github.com/users/docapotamus/orgs",
                "repos_url": "https://api.github.com/users/docapotamus/repos",
                "events_url": "https://api.github.com/users/docapotamus/events{/privacy}",
                "received_events_url": "https://api.github.com/users/docapotamus/received_events",
                "type": "User",
                "site_admin": false
            },
            "created_at": "2014-02-01T18:48:04Z",
            "updated_at": "2014-02-01T18:48:04Z",
            "author_association": "NONE",
            "body": "You can create your own with werkzeug.routing.BaseConverter. Here are the docs: http://werkzeug.pocoo.org/docs/routing/#custom-converters\n"
        },
        {
            "url": "https://api.github.com/repos/pallets/flask/issues/comments/33900920",
            "html_url": "https://github.com/pallets/flask/issues/969#issuecomment-33900920",
            "issue_url": "https://api.github.com/repos/pallets/flask/issues/969",
            "id": 33900920,
            "node_id": "MDEyOklzc3VlQ29tbWVudDMzOTAwOTIw",
            "user": {
                "login": "DasIch",
                "id": 182316,
                "node_id": "MDQ6VXNlcjE4MjMxNg==",
                "avatar_url": "https://avatars0.githubusercontent.com/u/182316?v=4",
                "gravatar_id": "",
                "url": "https://api.github.com/users/DasIch",
                "html_url": "https://github.com/DasIch",
                "followers_url": "https://api.github.com/users/DasIch/followers",
                "following_url": "https://api.github.com/users/DasIch/following{/other_user}",
                "gists_url": "https://api.github.com/users/DasIch/gists{/gist_id}",
                "starred_url": "https://api.github.com/users/DasIch/starred{/owner}{/repo}",
                "subscriptions_url": "https://api.github.com/users/DasIch/subscriptions",
                "organizations_url": "https://api.github.com/users/DasIch/orgs",
                "repos_url": "https://api.github.com/users/DasIch/repos",
                "events_url": "https://api.github.com/users/DasIch/events{/privacy}",
                "received_events_url": "https://api.github.com/users/DasIch/received_events",
                "type": "User",
                "site_admin": false
            },
            "created_at": "2014-02-02T14:00:03Z",
            "updated_at": "2014-02-02T14:00:03Z",
            "author_association": "CONTRIBUTOR",
            "body": "The int converter should also work for longs. How booleans are represented is application specific, making a converter on a Flask/Werkzeug level a bad idea in my opinion.\n"
        },
        {
            "url": "https://api.github.com/repos/pallets/flask/issues/comments/34549685",
            "html_url": "https://github.com/pallets/flask/issues/969#issuecomment-34549685",
            "issue_url": "https://api.github.com/repos/pallets/flask/issues/969",
            "id": 34549685,
            "node_id": "MDEyOklzc3VlQ29tbWVudDM0NTQ5Njg1",
            "user": {
                "login": "mitsuhiko",
                "id": 7396,
                "node_id": "MDQ6VXNlcjczOTY=",
                "avatar_url": "https://avatars1.githubusercontent.com/u/7396?v=4",
                "gravatar_id": "",
                "url": "https://api.github.com/users/mitsuhiko",
                "html_url": "https://github.com/mitsuhiko",
                "followers_url": "https://api.github.com/users/mitsuhiko/followers",
                "following_url": "https://api.github.com/users/mitsuhiko/following{/other_user}",
                "gists_url": "https://api.github.com/users/mitsuhiko/gists{/gist_id}",
                "starred_url": "https://api.github.com/users/mitsuhiko/starred{/owner}{/repo}",
                "subscriptions_url": "https://api.github.com/users/mitsuhiko/subscriptions",
                "organizations_url": "https://api.github.com/users/mitsuhiko/orgs",
                "repos_url": "https://api.github.com/users/mitsuhiko/repos",
                "events_url": "https://api.github.com/users/mitsuhiko/events{/privacy}",
                "received_events_url": "https://api.github.com/users/mitsuhiko/received_events",
                "type": "User",
                "site_admin": false
            },
            "created_at": "2014-02-08T17:22:21Z",
            "updated_at": "2014-02-08T17:22:21Z",
            "author_association": "MEMBER",
            "body": "Out of the scope for werkzeug.  You can add them easily yourself.\n"
        }
    ]
}