{
    "url": "https://api.github.com/repos/pallets/flask/issues/970",
    "repository_url": "https://api.github.com/repos/pallets/flask",
    "labels_url": "https://api.github.com/repos/pallets/flask/issues/970/labels{/name}",
    "comments_url": "https://api.github.com/repos/pallets/flask/issues/970/comments",
    "events_url": "https://api.github.com/repos/pallets/flask/issues/970/events",
    "html_url": "https://github.com/pallets/flask/pull/970",
    "id": 26877217,
    "node_id": "MDExOlB1bGxSZXF1ZXN0MTIxNzQ0NzY=",
    "number": 970,
    "title": "Add self.options so options can be retrived from within the blueprint",
    "user": {
        "login": "gillestasse",
        "id": 1451295,
        "node_id": "MDQ6VXNlcjE0NTEyOTU=",
        "avatar_url": "https://avatars1.githubusercontent.com/u/1451295?v=4",
        "gravatar_id": "",
        "url": "https://api.github.com/users/gillestasse",
        "html_url": "https://github.com/gillestasse",
        "followers_url": "https://api.github.com/users/gillestasse/followers",
        "following_url": "https://api.github.com/users/gillestasse/following{/other_user}",
        "gists_url": "https://api.github.com/users/gillestasse/gists{/gist_id}",
        "starred_url": "https://api.github.com/users/gillestasse/starred{/owner}{/repo}",
        "subscriptions_url": "https://api.github.com/users/gillestasse/subscriptions",
        "organizations_url": "https://api.github.com/users/gillestasse/orgs",
        "repos_url": "https://api.github.com/users/gillestasse/repos",
        "events_url": "https://api.github.com/users/gillestasse/events{/privacy}",
        "received_events_url": "https://api.github.com/users/gillestasse/received_events",
        "type": "User",
        "site_admin": false
    },
    "labels": [],
    "state": "closed",
    "locked": false,
    "assignee": null,
    "assignees": [],
    "milestone": null,
    "comments": 4,
    "created_at": "2014-02-04T12:11:04Z",
    "updated_at": "2014-06-16T09:13:29Z",
    "closed_at": "2014-02-09T13:20:19Z",
    "author_association": "NONE",
    "pull_request": {
        "url": "https://api.github.com/repos/pallets/flask/pulls/970",
        "html_url": "https://github.com/pallets/flask/pull/970",
        "diff_url": "https://github.com/pallets/flask/pull/970.diff",
        "patch_url": "https://github.com/pallets/flask/pull/970.patch"
    },
    "body": "With this method I can pass options to the blueprint when registering.\nThey are then available in the blueprint.\n",
    "comments_inline": [
        {
            "url": "https://api.github.com/repos/pallets/flask/issues/comments/34257581",
            "html_url": "https://github.com/pallets/flask/pull/970#issuecomment-34257581",
            "issue_url": "https://api.github.com/repos/pallets/flask/issues/970",
            "id": 34257581,
            "node_id": "MDEyOklzc3VlQ29tbWVudDM0MjU3NTgx",
            "user": {
                "login": "ThiefMaster",
                "id": 179599,
                "node_id": "MDQ6VXNlcjE3OTU5OQ==",
                "avatar_url": "https://avatars1.githubusercontent.com/u/179599?v=4",
                "gravatar_id": "",
                "url": "https://api.github.com/users/ThiefMaster",
                "html_url": "https://github.com/ThiefMaster",
                "followers_url": "https://api.github.com/users/ThiefMaster/followers",
                "following_url": "https://api.github.com/users/ThiefMaster/following{/other_user}",
                "gists_url": "https://api.github.com/users/ThiefMaster/gists{/gist_id}",
                "starred_url": "https://api.github.com/users/ThiefMaster/starred{/owner}{/repo}",
                "subscriptions_url": "https://api.github.com/users/ThiefMaster/subscriptions",
                "organizations_url": "https://api.github.com/users/ThiefMaster/orgs",
                "repos_url": "https://api.github.com/users/ThiefMaster/repos",
                "events_url": "https://api.github.com/users/ThiefMaster/events{/privacy}",
                "received_events_url": "https://api.github.com/users/ThiefMaster/received_events",
                "type": "User",
                "site_admin": false
            },
            "created_at": "2014-02-05T22:05:25Z",
            "updated_at": "2014-02-05T22:05:25Z",
            "author_association": "MEMBER",
            "body": "Please follow [PEP8](http://www.python.org/dev/peps/pep-0008/). I'm also pretty sure that you are not supposed to put your name in a comment like you did (for bigger contributions you'd most likely want to add yourself to [AUTHORS](https://github.com/mitsuhiko/flask/blob/master/AUTHORS) but that'd be somewhat strange for a one-line contribution).\n\nYour code should look e.g. like this:\n\n```\n        # Allows to pass options to a blueprint and retrieve them within the blueprint\n        self.options_blueprints = options\n```\n\n(I did not look at what value it actually provides. In any case, I don't like the name `options_blueprints`)\n"
        },
        {
            "url": "https://api.github.com/repos/pallets/flask/issues/comments/34273774",
            "html_url": "https://github.com/pallets/flask/pull/970#issuecomment-34273774",
            "issue_url": "https://api.github.com/repos/pallets/flask/issues/970",
            "id": 34273774,
            "node_id": "MDEyOklzc3VlQ29tbWVudDM0MjczNzc0",
            "user": {
                "login": "gillestasse",
                "id": 1451295,
                "node_id": "MDQ6VXNlcjE0NTEyOTU=",
                "avatar_url": "https://avatars1.githubusercontent.com/u/1451295?v=4",
                "gravatar_id": "",
                "url": "https://api.github.com/users/gillestasse",
                "html_url": "https://github.com/gillestasse",
                "followers_url": "https://api.github.com/users/gillestasse/followers",
                "following_url": "https://api.github.com/users/gillestasse/following{/other_user}",
                "gists_url": "https://api.github.com/users/gillestasse/gists{/gist_id}",
                "starred_url": "https://api.github.com/users/gillestasse/starred{/owner}{/repo}",
                "subscriptions_url": "https://api.github.com/users/gillestasse/subscriptions",
                "organizations_url": "https://api.github.com/users/gillestasse/orgs",
                "repos_url": "https://api.github.com/users/gillestasse/repos",
                "events_url": "https://api.github.com/users/gillestasse/events{/privacy}",
                "received_events_url": "https://api.github.com/users/gillestasse/received_events",
                "type": "User",
                "site_admin": false
            },
            "created_at": "2014-02-05T23:14:17Z",
            "updated_at": "2014-02-05T23:15:19Z",
            "author_association": "NONE",
            "body": "@ThiefMaster My first pull request ever. Thanks for the comment. What should I do next ?\n"
        },
        {
            "url": "https://api.github.com/repos/pallets/flask/issues/comments/34336259",
            "html_url": "https://github.com/pallets/flask/pull/970#issuecomment-34336259",
            "issue_url": "https://api.github.com/repos/pallets/flask/issues/970",
            "id": 34336259,
            "node_id": "MDEyOklzc3VlQ29tbWVudDM0MzM2MjU5",
            "user": {
                "login": "untitaker",
                "id": 837573,
                "node_id": "MDQ6VXNlcjgzNzU3Mw==",
                "avatar_url": "https://avatars0.githubusercontent.com/u/837573?v=4",
                "gravatar_id": "",
                "url": "https://api.github.com/users/untitaker",
                "html_url": "https://github.com/untitaker",
                "followers_url": "https://api.github.com/users/untitaker/followers",
                "following_url": "https://api.github.com/users/untitaker/following{/other_user}",
                "gists_url": "https://api.github.com/users/untitaker/gists{/gist_id}",
                "starred_url": "https://api.github.com/users/untitaker/starred{/owner}{/repo}",
                "subscriptions_url": "https://api.github.com/users/untitaker/subscriptions",
                "organizations_url": "https://api.github.com/users/untitaker/orgs",
                "repos_url": "https://api.github.com/users/untitaker/repos",
                "events_url": "https://api.github.com/users/untitaker/events{/privacy}",
                "received_events_url": "https://api.github.com/users/untitaker/received_events",
                "type": "User",
                "site_admin": false
            },
            "created_at": "2014-02-06T15:49:17Z",
            "updated_at": "2014-02-06T15:49:17Z",
            "author_association": "MEMBER",
            "body": "Do `git commit --amend` to make the changes and then `git push -f`.\n"
        },
        {
            "url": "https://api.github.com/repos/pallets/flask/issues/comments/34573542",
            "html_url": "https://github.com/pallets/flask/pull/970#issuecomment-34573542",
            "issue_url": "https://api.github.com/repos/pallets/flask/issues/970",
            "id": 34573542,
            "node_id": "MDEyOklzc3VlQ29tbWVudDM0NTczNTQy",
            "user": {
                "login": "mitsuhiko",
                "id": 7396,
                "node_id": "MDQ6VXNlcjczOTY=",
                "avatar_url": "https://avatars1.githubusercontent.com/u/7396?v=4",
                "gravatar_id": "",
                "url": "https://api.github.com/users/mitsuhiko",
                "html_url": "https://github.com/mitsuhiko",
                "followers_url": "https://api.github.com/users/mitsuhiko/followers",
                "following_url": "https://api.github.com/users/mitsuhiko/following{/other_user}",
                "gists_url": "https://api.github.com/users/mitsuhiko/gists{/gist_id}",
                "starred_url": "https://api.github.com/users/mitsuhiko/starred{/owner}{/repo}",
                "subscriptions_url": "https://api.github.com/users/mitsuhiko/subscriptions",
                "organizations_url": "https://api.github.com/users/mitsuhiko/orgs",
                "repos_url": "https://api.github.com/users/mitsuhiko/repos",
                "events_url": "https://api.github.com/users/mitsuhiko/events{/privacy}",
                "received_events_url": "https://api.github.com/users/mitsuhiko/received_events",
                "type": "User",
                "site_admin": false
            },
            "created_at": "2014-02-09T13:20:19Z",
            "updated_at": "2014-02-09T13:20:19Z",
            "author_association": "MEMBER",
            "body": "Not a fan of this because it probably indicates that something messy would be done with this information.  Blueprints that want to operate on this information should be subclassed and intercept what they need.\n"
        }
    ]
}