{
    "url": "https://api.github.com/repos/pallets/flask/issues/972",
    "repository_url": "https://api.github.com/repos/pallets/flask",
    "labels_url": "https://api.github.com/repos/pallets/flask/issues/972/labels{/name}",
    "comments_url": "https://api.github.com/repos/pallets/flask/issues/972/comments",
    "events_url": "https://api.github.com/repos/pallets/flask/issues/972/events",
    "html_url": "https://github.com/pallets/flask/pull/972",
    "id": 26993143,
    "node_id": "MDExOlB1bGxSZXF1ZXN0MTIyMzg4NTY=",
    "number": 972,
    "title": "Explicitly pass the Celery instance name.",
    "user": {
        "login": "alexpearce",
        "id": 540853,
        "node_id": "MDQ6VXNlcjU0MDg1Mw==",
        "avatar_url": "https://avatars3.githubusercontent.com/u/540853?v=4",
        "gravatar_id": "",
        "url": "https://api.github.com/users/alexpearce",
        "html_url": "https://github.com/alexpearce",
        "followers_url": "https://api.github.com/users/alexpearce/followers",
        "following_url": "https://api.github.com/users/alexpearce/following{/other_user}",
        "gists_url": "https://api.github.com/users/alexpearce/gists{/gist_id}",
        "starred_url": "https://api.github.com/users/alexpearce/starred{/owner}{/repo}",
        "subscriptions_url": "https://api.github.com/users/alexpearce/subscriptions",
        "organizations_url": "https://api.github.com/users/alexpearce/orgs",
        "repos_url": "https://api.github.com/users/alexpearce/repos",
        "events_url": "https://api.github.com/users/alexpearce/events{/privacy}",
        "received_events_url": "https://api.github.com/users/alexpearce/received_events",
        "type": "User",
        "site_admin": false
    },
    "labels": [],
    "state": "closed",
    "locked": false,
    "assignee": null,
    "assignees": [],
    "milestone": null,
    "comments": 0,
    "created_at": "2014-02-05T20:11:27Z",
    "updated_at": "2014-06-16T09:13:26Z",
    "closed_at": "2014-02-08T16:24:50Z",
    "author_association": "CONTRIBUTOR",
    "pull_request": {
        "url": "https://api.github.com/repos/pallets/flask/pulls/972",
        "html_url": "https://github.com/pallets/flask/pull/972",
        "diff_url": "https://github.com/pallets/flask/pull/972.diff",
        "patch_url": "https://github.com/pallets/flask/pull/972.patch"
    },
    "body": "When starting a Celery worker module, it is assumed that the Celery instance within the module is called `app`. This is not the case in the Celery pattern, where it is called `celery`, and so must be explicitly referenced.\n"
}