{
    "url": "https://api.github.com/repos/pallets/flask/issues/973",
    "repository_url": "https://api.github.com/repos/pallets/flask",
    "labels_url": "https://api.github.com/repos/pallets/flask/issues/973/labels{/name}",
    "comments_url": "https://api.github.com/repos/pallets/flask/issues/973/comments",
    "events_url": "https://api.github.com/repos/pallets/flask/issues/973/events",
    "html_url": "https://github.com/pallets/flask/issues/973",
    "id": 27032998,
    "node_id": "MDU6SXNzdWUyNzAzMjk5OA==",
    "number": 973,
    "title": "Test client unicode bug",
    "user": {
        "login": "tbicr",
        "id": 416731,
        "node_id": "MDQ6VXNlcjQxNjczMQ==",
        "avatar_url": "https://avatars1.githubusercontent.com/u/416731?v=4",
        "gravatar_id": "",
        "url": "https://api.github.com/users/tbicr",
        "html_url": "https://github.com/tbicr",
        "followers_url": "https://api.github.com/users/tbicr/followers",
        "following_url": "https://api.github.com/users/tbicr/following{/other_user}",
        "gists_url": "https://api.github.com/users/tbicr/gists{/gist_id}",
        "starred_url": "https://api.github.com/users/tbicr/starred{/owner}{/repo}",
        "subscriptions_url": "https://api.github.com/users/tbicr/subscriptions",
        "organizations_url": "https://api.github.com/users/tbicr/orgs",
        "repos_url": "https://api.github.com/users/tbicr/repos",
        "events_url": "https://api.github.com/users/tbicr/events{/privacy}",
        "received_events_url": "https://api.github.com/users/tbicr/received_events",
        "type": "User",
        "site_admin": false
    },
    "labels": [],
    "state": "closed",
    "locked": false,
    "assignee": null,
    "assignees": [],
    "milestone": null,
    "comments": 1,
    "created_at": "2014-02-06T08:21:37Z",
    "updated_at": "2014-08-31T19:44:59Z",
    "closed_at": "2014-02-08T16:53:51Z",
    "author_association": "NONE",
    "body": "See next example with python 2.7.5, flask=0.10.1, werkzeug==0.9.4:\n\n```\nimport unittest\nfrom cStringIO import StringIO\nfrom flask import Flask, request\n\n\napp = Flask(__name__)\n\n@app.route('/', methods=[\"POST\"])\ndef test_view():\n    print(request.values, request.files)\n    return \"OK\"\n\n\nclass UnicodeTestCase(unittest.TestCase):\n    def setUp(self):\n        self.client = app.test_client(use_cookies=False)\n\n    def test_unicode_file(self):\n        file = (StringIO(\"0\" * 1000), \"filename.txt\")\n        self.assertEquals(200, self.client.post('/', data={'file': file}).status_code)\n\n    def test_unicode_string(self):\n        string = u\"\u2206_\u2206\"\n        self.assertEquals(200, self.client.post('/', data={'string': string}).status_code)\n\n    def test_unicode_file_and_string(self):\n        file = (StringIO(\"0\" * 1000), \"filename.txt\")\n        string = u\"\u2206_\u2206\"\n        self.assertEquals(200, self.client.post('/', data={'file': file, 'string': string}).status_code)\n\n\nif __name__ == '__main__':\n    app.run('0.0.0.0', 8080, True)\n```\n\nWhen I make request directly all work fine. But with test client have error:\n\n```\nError\nTraceback (most recent call last):\n  File \"/Users/user1/tests/test_uni.py\", line 108, in test_unicode\n    self.assertEquals(200, client.post('/', data={'file': file, 'string': string}).status_code)\n  File \"/Users/user1/.virtualenvs/test/lib/python2.7/site-packages/werkzeug/test.py\", line 771, in post\n    return self.open(*args, **kw)\n  File \"/Users/user1/.virtualenvs/test/lib/python2.7/site-packages/flask/testing.py\", line 108, in open\n    follow_redirects=follow_redirects)\n  File \"/Users/user1/.virtualenvs/test/lib/python2.7/site-packages/werkzeug/test.py\", line 725, in open\n    environ = args[0].get_environ()\n  File \"/Users/user1/.virtualenvs/test/lib/python2.7/site-packages/werkzeug/test.py\", line 535, in get_environ\n    stream_encode_multipart(values, charset=self.charset)\n  File \"/Users/user1/.virtualenvs/test/lib/python2.7/site-packages/werkzeug/test.py\", line 104, in stream_encode_multipart\n    write('\\r\\n\\r\\n' + value)\n  File \"/Users/user1/.virtualenvs/test/lib/python2.7/site-packages/werkzeug/test.py\", line 71, in write\n    write_binary(string.encode(charset))\nUnicodeDecodeError: 'ascii' codec can't decode byte 0xe2 in position 4: ordinal not in range(128)\n```\n\nSee details http://stackoverflow.com/q/21584413/880326.\n",
    "comments_inline": [
        {
            "url": "https://api.github.com/repos/pallets/flask/issues/comments/34548888",
            "html_url": "https://github.com/pallets/flask/issues/973#issuecomment-34548888",
            "issue_url": "https://api.github.com/repos/pallets/flask/issues/973",
            "id": 34548888,
            "node_id": "MDEyOklzc3VlQ29tbWVudDM0NTQ4ODg4",
            "user": {
                "login": "mitsuhiko",
                "id": 7396,
                "node_id": "MDQ6VXNlcjczOTY=",
                "avatar_url": "https://avatars1.githubusercontent.com/u/7396?v=4",
                "gravatar_id": "",
                "url": "https://api.github.com/users/mitsuhiko",
                "html_url": "https://github.com/mitsuhiko",
                "followers_url": "https://api.github.com/users/mitsuhiko/followers",
                "following_url": "https://api.github.com/users/mitsuhiko/following{/other_user}",
                "gists_url": "https://api.github.com/users/mitsuhiko/gists{/gist_id}",
                "starred_url": "https://api.github.com/users/mitsuhiko/starred{/owner}{/repo}",
                "subscriptions_url": "https://api.github.com/users/mitsuhiko/subscriptions",
                "organizations_url": "https://api.github.com/users/mitsuhiko/orgs",
                "repos_url": "https://api.github.com/users/mitsuhiko/repos",
                "events_url": "https://api.github.com/users/mitsuhiko/events{/privacy}",
                "received_events_url": "https://api.github.com/users/mitsuhiko/received_events",
                "type": "User",
                "site_admin": false
            },
            "created_at": "2014-02-08T16:53:51Z",
            "updated_at": "2014-02-08T16:53:51Z",
            "author_association": "MEMBER",
            "body": "Fixed this bug in werkzeug.\n"
        }
    ]
}