{
    "url": "https://api.github.com/repos/pallets/flask/issues/978",
    "repository_url": "https://api.github.com/repos/pallets/flask",
    "labels_url": "https://api.github.com/repos/pallets/flask/issues/978/labels{/name}",
    "comments_url": "https://api.github.com/repos/pallets/flask/issues/978/comments",
    "events_url": "https://api.github.com/repos/pallets/flask/issues/978/events",
    "html_url": "https://github.com/pallets/flask/issues/978",
    "id": 27310394,
    "node_id": "MDU6SXNzdWUyNzMxMDM5NA==",
    "number": 978,
    "title": "autoescape false doesn't work as expected",
    "user": {
        "login": "ScarletCarson",
        "id": 2226235,
        "node_id": "MDQ6VXNlcjIyMjYyMzU=",
        "avatar_url": "https://avatars1.githubusercontent.com/u/2226235?v=4",
        "gravatar_id": "",
        "url": "https://api.github.com/users/ScarletCarson",
        "html_url": "https://github.com/ScarletCarson",
        "followers_url": "https://api.github.com/users/ScarletCarson/followers",
        "following_url": "https://api.github.com/users/ScarletCarson/following{/other_user}",
        "gists_url": "https://api.github.com/users/ScarletCarson/gists{/gist_id}",
        "starred_url": "https://api.github.com/users/ScarletCarson/starred{/owner}{/repo}",
        "subscriptions_url": "https://api.github.com/users/ScarletCarson/subscriptions",
        "organizations_url": "https://api.github.com/users/ScarletCarson/orgs",
        "repos_url": "https://api.github.com/users/ScarletCarson/repos",
        "events_url": "https://api.github.com/users/ScarletCarson/events{/privacy}",
        "received_events_url": "https://api.github.com/users/ScarletCarson/received_events",
        "type": "User",
        "site_admin": false
    },
    "labels": [],
    "state": "closed",
    "locked": false,
    "assignee": null,
    "assignees": [],
    "milestone": null,
    "comments": 2,
    "created_at": "2014-02-10T23:11:34Z",
    "updated_at": "2014-02-10T23:24:57Z",
    "closed_at": "2014-02-10T23:24:57Z",
    "author_association": "NONE",
    "body": "This works:\n{% autoescape false %}\n{{ something_without_spaces }}\n{% endautoescape %}\n\nThis pops with python exception:\n{% autoescape false %}\n{{ something with spaces }}\n{% endautoescape %}\n\nThis breaks client side jquery templating with script tags\n\nPython version 2.7\nFlask latest-stable\n",
    "comments_inline": [
        {
            "url": "https://api.github.com/repos/pallets/flask/issues/comments/34701130",
            "html_url": "https://github.com/pallets/flask/issues/978#issuecomment-34701130",
            "issue_url": "https://api.github.com/repos/pallets/flask/issues/978",
            "id": 34701130,
            "node_id": "MDEyOklzc3VlQ29tbWVudDM0NzAxMTMw",
            "user": {
                "login": "ThiefMaster",
                "id": 179599,
                "node_id": "MDQ6VXNlcjE3OTU5OQ==",
                "avatar_url": "https://avatars1.githubusercontent.com/u/179599?v=4",
                "gravatar_id": "",
                "url": "https://api.github.com/users/ThiefMaster",
                "html_url": "https://github.com/ThiefMaster",
                "followers_url": "https://api.github.com/users/ThiefMaster/followers",
                "following_url": "https://api.github.com/users/ThiefMaster/following{/other_user}",
                "gists_url": "https://api.github.com/users/ThiefMaster/gists{/gist_id}",
                "starred_url": "https://api.github.com/users/ThiefMaster/starred{/owner}{/repo}",
                "subscriptions_url": "https://api.github.com/users/ThiefMaster/subscriptions",
                "organizations_url": "https://api.github.com/users/ThiefMaster/orgs",
                "repos_url": "https://api.github.com/users/ThiefMaster/repos",
                "events_url": "https://api.github.com/users/ThiefMaster/events{/privacy}",
                "received_events_url": "https://api.github.com/users/ThiefMaster/received_events",
                "type": "User",
                "site_admin": false
            },
            "created_at": "2014-02-10T23:12:55Z",
            "updated_at": "2014-02-10T23:12:55Z",
            "author_association": "MEMBER",
            "body": "This is very vague. How are spaces related to autoescape?\n"
        },
        {
            "url": "https://api.github.com/repos/pallets/flask/issues/comments/34703561",
            "html_url": "https://github.com/pallets/flask/issues/978#issuecomment-34703561",
            "issue_url": "https://api.github.com/repos/pallets/flask/issues/978",
            "id": 34703561,
            "node_id": "MDEyOklzc3VlQ29tbWVudDM0NzAzNTYx",
            "user": {
                "login": "ScarletCarson",
                "id": 2226235,
                "node_id": "MDQ6VXNlcjIyMjYyMzU=",
                "avatar_url": "https://avatars1.githubusercontent.com/u/2226235?v=4",
                "gravatar_id": "",
                "url": "https://api.github.com/users/ScarletCarson",
                "html_url": "https://github.com/ScarletCarson",
                "followers_url": "https://api.github.com/users/ScarletCarson/followers",
                "following_url": "https://api.github.com/users/ScarletCarson/following{/other_user}",
                "gists_url": "https://api.github.com/users/ScarletCarson/gists{/gist_id}",
                "starred_url": "https://api.github.com/users/ScarletCarson/starred{/owner}{/repo}",
                "subscriptions_url": "https://api.github.com/users/ScarletCarson/subscriptions",
                "organizations_url": "https://api.github.com/users/ScarletCarson/orgs",
                "repos_url": "https://api.github.com/users/ScarletCarson/repos",
                "events_url": "https://api.github.com/users/ScarletCarson/events{/privacy}",
                "received_events_url": "https://api.github.com/users/ScarletCarson/received_events",
                "type": "User",
                "site_admin": false
            },
            "created_at": "2014-02-10T23:24:57Z",
            "updated_at": "2014-02-10T23:24:57Z",
            "author_association": "NONE",
            "body": "Shoot this wasn't supposed to be submitted.\n\nMy apologies.\n"
        }
    ]
}