{
    "url": "https://api.github.com/repos/pallets/flask/issues/982",
    "repository_url": "https://api.github.com/repos/pallets/flask",
    "labels_url": "https://api.github.com/repos/pallets/flask/issues/982/labels{/name}",
    "comments_url": "https://api.github.com/repos/pallets/flask/issues/982/comments",
    "events_url": "https://api.github.com/repos/pallets/flask/issues/982/events",
    "html_url": "https://github.com/pallets/flask/pull/982",
    "id": 27661688,
    "node_id": "MDExOlB1bGxSZXF1ZXN0MTI1ODgyMjY=",
    "number": 982,
    "title": "Add required import os for tutorial",
    "user": {
        "login": "markoj",
        "id": 136598,
        "node_id": "MDQ6VXNlcjEzNjU5OA==",
        "avatar_url": "https://avatars1.githubusercontent.com/u/136598?v=4",
        "gravatar_id": "",
        "url": "https://api.github.com/users/markoj",
        "html_url": "https://github.com/markoj",
        "followers_url": "https://api.github.com/users/markoj/followers",
        "following_url": "https://api.github.com/users/markoj/following{/other_user}",
        "gists_url": "https://api.github.com/users/markoj/gists{/gist_id}",
        "starred_url": "https://api.github.com/users/markoj/starred{/owner}{/repo}",
        "subscriptions_url": "https://api.github.com/users/markoj/subscriptions",
        "organizations_url": "https://api.github.com/users/markoj/orgs",
        "repos_url": "https://api.github.com/users/markoj/repos",
        "events_url": "https://api.github.com/users/markoj/events{/privacy}",
        "received_events_url": "https://api.github.com/users/markoj/received_events",
        "type": "User",
        "site_admin": false
    },
    "labels": [],
    "state": "closed",
    "locked": false,
    "assignee": null,
    "assignees": [],
    "milestone": null,
    "comments": 1,
    "created_at": "2014-02-16T01:12:48Z",
    "updated_at": "2014-06-16T09:13:10Z",
    "closed_at": "2014-02-16T01:18:40Z",
    "author_association": "NONE",
    "pull_request": {
        "url": "https://api.github.com/repos/pallets/flask/pulls/982",
        "html_url": "https://github.com/pallets/flask/pull/982",
        "diff_url": "https://github.com/pallets/flask/pull/982.diff",
        "patch_url": "https://github.com/pallets/flask/pull/982.patch"
    },
    "body": "Tutorial was missing import os, required for sqlite db configuration.\n",
    "comments_inline": [
        {
            "url": "https://api.github.com/repos/pallets/flask/issues/comments/35174327",
            "html_url": "https://github.com/pallets/flask/pull/982#issuecomment-35174327",
            "issue_url": "https://api.github.com/repos/pallets/flask/issues/982",
            "id": 35174327,
            "node_id": "MDEyOklzc3VlQ29tbWVudDM1MTc0MzI3",
            "user": {
                "login": "markoj",
                "id": 136598,
                "node_id": "MDQ6VXNlcjEzNjU5OA==",
                "avatar_url": "https://avatars1.githubusercontent.com/u/136598?v=4",
                "gravatar_id": "",
                "url": "https://api.github.com/users/markoj",
                "html_url": "https://github.com/markoj",
                "followers_url": "https://api.github.com/users/markoj/followers",
                "following_url": "https://api.github.com/users/markoj/following{/other_user}",
                "gists_url": "https://api.github.com/users/markoj/gists{/gist_id}",
                "starred_url": "https://api.github.com/users/markoj/starred{/owner}{/repo}",
                "subscriptions_url": "https://api.github.com/users/markoj/subscriptions",
                "organizations_url": "https://api.github.com/users/markoj/orgs",
                "repos_url": "https://api.github.com/users/markoj/repos",
                "events_url": "https://api.github.com/users/markoj/events{/privacy}",
                "received_events_url": "https://api.github.com/users/markoj/received_events",
                "type": "User",
                "site_admin": false
            },
            "created_at": "2014-02-16T01:18:40Z",
            "updated_at": "2014-02-16T01:18:40Z",
            "author_association": "NONE",
            "body": "closed as duplicate of #979 \n"
        }
    ]
}