{
    "url": "https://api.github.com/repos/pallets/flask/issues/985",
    "repository_url": "https://api.github.com/repos/pallets/flask",
    "labels_url": "https://api.github.com/repos/pallets/flask/issues/985/labels{/name}",
    "comments_url": "https://api.github.com/repos/pallets/flask/issues/985/comments",
    "events_url": "https://api.github.com/repos/pallets/flask/issues/985/events",
    "html_url": "https://github.com/pallets/flask/pull/985",
    "id": 27963126,
    "node_id": "MDExOlB1bGxSZXF1ZXN0MTI3NDY0NjE=",
    "number": 985,
    "title": "Add not_modified shortcut",
    "user": {
        "login": "fengsp",
        "id": 2986070,
        "node_id": "MDQ6VXNlcjI5ODYwNzA=",
        "avatar_url": "https://avatars3.githubusercontent.com/u/2986070?v=4",
        "gravatar_id": "",
        "url": "https://api.github.com/users/fengsp",
        "html_url": "https://github.com/fengsp",
        "followers_url": "https://api.github.com/users/fengsp/followers",
        "following_url": "https://api.github.com/users/fengsp/following{/other_user}",
        "gists_url": "https://api.github.com/users/fengsp/gists{/gist_id}",
        "starred_url": "https://api.github.com/users/fengsp/starred{/owner}{/repo}",
        "subscriptions_url": "https://api.github.com/users/fengsp/subscriptions",
        "organizations_url": "https://api.github.com/users/fengsp/orgs",
        "repos_url": "https://api.github.com/users/fengsp/repos",
        "events_url": "https://api.github.com/users/fengsp/events{/privacy}",
        "received_events_url": "https://api.github.com/users/fengsp/received_events",
        "type": "User",
        "site_admin": false
    },
    "labels": [],
    "state": "closed",
    "locked": false,
    "assignee": null,
    "assignees": [],
    "milestone": null,
    "comments": 2,
    "created_at": "2014-02-20T13:58:53Z",
    "updated_at": "2014-06-16T09:13:08Z",
    "closed_at": "2014-03-13T19:00:16Z",
    "author_association": "CONTRIBUTOR",
    "pull_request": {
        "url": "https://api.github.com/repos/pallets/flask/pulls/985",
        "html_url": "https://github.com/pallets/flask/pull/985",
        "diff_url": "https://github.com/pallets/flask/pull/985.diff",
        "patch_url": "https://github.com/pallets/flask/pull/985.patch"
    },
    "body": "`304 Not Modified` is used very often, it's handy to use a short-circuit response like this.\n",
    "comments_inline": [
        {
            "url": "https://api.github.com/repos/pallets/flask/issues/comments/35649965",
            "html_url": "https://github.com/pallets/flask/pull/985#issuecomment-35649965",
            "issue_url": "https://api.github.com/repos/pallets/flask/issues/985",
            "id": 35649965,
            "node_id": "MDEyOklzc3VlQ29tbWVudDM1NjQ5OTY1",
            "user": {
                "login": "untitaker",
                "id": 837573,
                "node_id": "MDQ6VXNlcjgzNzU3Mw==",
                "avatar_url": "https://avatars0.githubusercontent.com/u/837573?v=4",
                "gravatar_id": "",
                "url": "https://api.github.com/users/untitaker",
                "html_url": "https://github.com/untitaker",
                "followers_url": "https://api.github.com/users/untitaker/followers",
                "following_url": "https://api.github.com/users/untitaker/following{/other_user}",
                "gists_url": "https://api.github.com/users/untitaker/gists{/gist_id}",
                "starred_url": "https://api.github.com/users/untitaker/starred{/owner}{/repo}",
                "subscriptions_url": "https://api.github.com/users/untitaker/subscriptions",
                "organizations_url": "https://api.github.com/users/untitaker/orgs",
                "repos_url": "https://api.github.com/users/untitaker/repos",
                "events_url": "https://api.github.com/users/untitaker/events{/privacy}",
                "received_events_url": "https://api.github.com/users/untitaker/received_events",
                "type": "User",
                "site_admin": false
            },
            "created_at": "2014-02-20T17:58:50Z",
            "updated_at": "2014-02-20T17:58:50Z",
            "author_association": "MEMBER",
            "body": "I doubt that this is common enough to deserve its own function. Is there anything wrong with returning `('', 304)` ?\n"
        },
        {
            "url": "https://api.github.com/repos/pallets/flask/issues/comments/37573222",
            "html_url": "https://github.com/pallets/flask/pull/985#issuecomment-37573222",
            "issue_url": "https://api.github.com/repos/pallets/flask/issues/985",
            "id": 37573222,
            "node_id": "MDEyOklzc3VlQ29tbWVudDM3NTczMjIy",
            "user": {
                "login": "DasIch",
                "id": 182316,
                "node_id": "MDQ6VXNlcjE4MjMxNg==",
                "avatar_url": "https://avatars0.githubusercontent.com/u/182316?v=4",
                "gravatar_id": "",
                "url": "https://api.github.com/users/DasIch",
                "html_url": "https://github.com/DasIch",
                "followers_url": "https://api.github.com/users/DasIch/followers",
                "following_url": "https://api.github.com/users/DasIch/following{/other_user}",
                "gists_url": "https://api.github.com/users/DasIch/gists{/gist_id}",
                "starred_url": "https://api.github.com/users/DasIch/starred{/owner}{/repo}",
                "subscriptions_url": "https://api.github.com/users/DasIch/subscriptions",
                "organizations_url": "https://api.github.com/users/DasIch/orgs",
                "repos_url": "https://api.github.com/users/DasIch/repos",
                "events_url": "https://api.github.com/users/DasIch/events{/privacy}",
                "received_events_url": "https://api.github.com/users/DasIch/received_events",
                "type": "User",
                "site_admin": false
            },
            "created_at": "2014-03-13T19:00:16Z",
            "updated_at": "2014-03-13T19:00:16Z",
            "author_association": "CONTRIBUTOR",
            "body": "I think `import this` applies here, especially regarding the simplicity of simply doing `('', 304)` as @untitaker  suggested.\n\n> Special cases aren't special enough to break the rules.\n"
        }
    ]
}