{
    "url": "https://api.github.com/repos/pallets/flask/issues/987",
    "repository_url": "https://api.github.com/repos/pallets/flask",
    "labels_url": "https://api.github.com/repos/pallets/flask/issues/987/labels{/name}",
    "comments_url": "https://api.github.com/repos/pallets/flask/issues/987/comments",
    "events_url": "https://api.github.com/repos/pallets/flask/issues/987/events",
    "html_url": "https://github.com/pallets/flask/pull/987",
    "id": 28124032,
    "node_id": "MDExOlB1bGxSZXF1ZXN0MTI4MzQxODc=",
    "number": 987,
    "title": "Add edit_entry and delete_entry to flaskr",
    "user": {
        "login": "hiroakis",
        "id": 621569,
        "node_id": "MDQ6VXNlcjYyMTU2OQ==",
        "avatar_url": "https://avatars3.githubusercontent.com/u/621569?v=4",
        "gravatar_id": "",
        "url": "https://api.github.com/users/hiroakis",
        "html_url": "https://github.com/hiroakis",
        "followers_url": "https://api.github.com/users/hiroakis/followers",
        "following_url": "https://api.github.com/users/hiroakis/following{/other_user}",
        "gists_url": "https://api.github.com/users/hiroakis/gists{/gist_id}",
        "starred_url": "https://api.github.com/users/hiroakis/starred{/owner}{/repo}",
        "subscriptions_url": "https://api.github.com/users/hiroakis/subscriptions",
        "organizations_url": "https://api.github.com/users/hiroakis/orgs",
        "repos_url": "https://api.github.com/users/hiroakis/repos",
        "events_url": "https://api.github.com/users/hiroakis/events{/privacy}",
        "received_events_url": "https://api.github.com/users/hiroakis/received_events",
        "type": "User",
        "site_admin": false
    },
    "labels": [],
    "state": "closed",
    "locked": false,
    "assignee": null,
    "assignees": [],
    "milestone": null,
    "comments": 3,
    "created_at": "2014-02-23T18:39:24Z",
    "updated_at": "2014-06-16T09:13:07Z",
    "closed_at": "2014-02-28T01:45:48Z",
    "author_association": "NONE",
    "pull_request": {
        "url": "https://api.github.com/repos/pallets/flask/pulls/987",
        "html_url": "https://github.com/pallets/flask/pull/987",
        "diff_url": "https://github.com/pallets/flask/pull/987.diff",
        "patch_url": "https://github.com/pallets/flask/pull/987.patch"
    },
    "body": "",
    "comments_inline": [
        {
            "url": "https://api.github.com/repos/pallets/flask/issues/comments/36266854",
            "html_url": "https://github.com/pallets/flask/pull/987#issuecomment-36266854",
            "issue_url": "https://api.github.com/repos/pallets/flask/issues/987",
            "id": 36266854,
            "node_id": "MDEyOklzc3VlQ29tbWVudDM2MjY2ODU0",
            "user": {
                "login": "danieldiekmeier",
                "id": 2098462,
                "node_id": "MDQ6VXNlcjIwOTg0NjI=",
                "avatar_url": "https://avatars2.githubusercontent.com/u/2098462?v=4",
                "gravatar_id": "",
                "url": "https://api.github.com/users/danieldiekmeier",
                "html_url": "https://github.com/danieldiekmeier",
                "followers_url": "https://api.github.com/users/danieldiekmeier/followers",
                "following_url": "https://api.github.com/users/danieldiekmeier/following{/other_user}",
                "gists_url": "https://api.github.com/users/danieldiekmeier/gists{/gist_id}",
                "starred_url": "https://api.github.com/users/danieldiekmeier/starred{/owner}{/repo}",
                "subscriptions_url": "https://api.github.com/users/danieldiekmeier/subscriptions",
                "organizations_url": "https://api.github.com/users/danieldiekmeier/orgs",
                "repos_url": "https://api.github.com/users/danieldiekmeier/repos",
                "events_url": "https://api.github.com/users/danieldiekmeier/events{/privacy}",
                "received_events_url": "https://api.github.com/users/danieldiekmeier/received_events",
                "type": "User",
                "site_admin": false
            },
            "created_at": "2014-02-27T17:22:44Z",
            "updated_at": "2014-02-27T17:22:44Z",
            "author_association": "NONE",
            "body": "Hi!\n\nI'm not sure this addition would really make sense, since flaskr is only supposed to be a really small example for a flask app. I've never needed it (after I got the hang of flask).\n\nAlso, the way you handle the parameters is not optimal.\n\nYou're using\n\n```\n<a href=\"{{ url_for('delete_entry') }}?id={{ entry.id }}\">delete</a>\n```\n\nbut you should rather use\n\n```\n<a href=\"{{ url_for('delete_entry', id=entry.id) }}\">delete</a>\n```\n\nThis should work without changing any other code, but if you want it really clean, you could also edit your functions to start with\n\n```\n@app.route('/delete/<int:id>')\ndef delete_entry(id):\n    // other code here\n```\n\nand use the variable `id` in your method, instead of `request.args.get('id')`.\n"
        },
        {
            "url": "https://api.github.com/repos/pallets/flask/issues/comments/36278856",
            "html_url": "https://github.com/pallets/flask/pull/987#issuecomment-36278856",
            "issue_url": "https://api.github.com/repos/pallets/flask/issues/987",
            "id": 36278856,
            "node_id": "MDEyOklzc3VlQ29tbWVudDM2Mjc4ODU2",
            "user": {
                "login": "untitaker",
                "id": 837573,
                "node_id": "MDQ6VXNlcjgzNzU3Mw==",
                "avatar_url": "https://avatars0.githubusercontent.com/u/837573?v=4",
                "gravatar_id": "",
                "url": "https://api.github.com/users/untitaker",
                "html_url": "https://github.com/untitaker",
                "followers_url": "https://api.github.com/users/untitaker/followers",
                "following_url": "https://api.github.com/users/untitaker/following{/other_user}",
                "gists_url": "https://api.github.com/users/untitaker/gists{/gist_id}",
                "starred_url": "https://api.github.com/users/untitaker/starred{/owner}{/repo}",
                "subscriptions_url": "https://api.github.com/users/untitaker/subscriptions",
                "organizations_url": "https://api.github.com/users/untitaker/orgs",
                "repos_url": "https://api.github.com/users/untitaker/repos",
                "events_url": "https://api.github.com/users/untitaker/events{/privacy}",
                "received_events_url": "https://api.github.com/users/untitaker/received_events",
                "type": "User",
                "site_admin": false
            },
            "created_at": "2014-02-27T19:11:04Z",
            "updated_at": "2014-02-27T19:11:04Z",
            "author_association": "MEMBER",
            "body": "I agree that this is out of scope, also i don't think `GET` requests are appropriate for this.\n"
        },
        {
            "url": "https://api.github.com/repos/pallets/flask/issues/comments/36314130",
            "html_url": "https://github.com/pallets/flask/pull/987#issuecomment-36314130",
            "issue_url": "https://api.github.com/repos/pallets/flask/issues/987",
            "id": 36314130,
            "node_id": "MDEyOklzc3VlQ29tbWVudDM2MzE0MTMw",
            "user": {
                "login": "hiroakis",
                "id": 621569,
                "node_id": "MDQ6VXNlcjYyMTU2OQ==",
                "avatar_url": "https://avatars3.githubusercontent.com/u/621569?v=4",
                "gravatar_id": "",
                "url": "https://api.github.com/users/hiroakis",
                "html_url": "https://github.com/hiroakis",
                "followers_url": "https://api.github.com/users/hiroakis/followers",
                "following_url": "https://api.github.com/users/hiroakis/following{/other_user}",
                "gists_url": "https://api.github.com/users/hiroakis/gists{/gist_id}",
                "starred_url": "https://api.github.com/users/hiroakis/starred{/owner}{/repo}",
                "subscriptions_url": "https://api.github.com/users/hiroakis/subscriptions",
                "organizations_url": "https://api.github.com/users/hiroakis/orgs",
                "repos_url": "https://api.github.com/users/hiroakis/repos",
                "events_url": "https://api.github.com/users/hiroakis/events{/privacy}",
                "received_events_url": "https://api.github.com/users/hiroakis/received_events",
                "type": "User",
                "site_admin": false
            },
            "created_at": "2014-02-28T01:45:48Z",
            "updated_at": "2014-02-28T01:45:48Z",
            "author_association": "NONE",
            "body": "Hi there!\n\nThank you for your advice.\nI close my pull request.\n"
        }
    ]
}