{
    "url": "https://api.github.com/repos/pallets/flask/issues/988",
    "repository_url": "https://api.github.com/repos/pallets/flask",
    "labels_url": "https://api.github.com/repos/pallets/flask/issues/988/labels{/name}",
    "comments_url": "https://api.github.com/repos/pallets/flask/issues/988/comments",
    "events_url": "https://api.github.com/repos/pallets/flask/issues/988/events",
    "html_url": "https://github.com/pallets/flask/issues/988",
    "id": 28165578,
    "node_id": "MDU6SXNzdWUyODE2NTU3OA==",
    "number": 988,
    "title": "Parent task (with debug=True) doesn't properly kill children",
    "user": {
        "login": "mortoray",
        "id": 1308999,
        "node_id": "MDQ6VXNlcjEzMDg5OTk=",
        "avatar_url": "https://avatars3.githubusercontent.com/u/1308999?v=4",
        "gravatar_id": "",
        "url": "https://api.github.com/users/mortoray",
        "html_url": "https://github.com/mortoray",
        "followers_url": "https://api.github.com/users/mortoray/followers",
        "following_url": "https://api.github.com/users/mortoray/following{/other_user}",
        "gists_url": "https://api.github.com/users/mortoray/gists{/gist_id}",
        "starred_url": "https://api.github.com/users/mortoray/starred{/owner}{/repo}",
        "subscriptions_url": "https://api.github.com/users/mortoray/subscriptions",
        "organizations_url": "https://api.github.com/users/mortoray/orgs",
        "repos_url": "https://api.github.com/users/mortoray/repos",
        "events_url": "https://api.github.com/users/mortoray/events{/privacy}",
        "received_events_url": "https://api.github.com/users/mortoray/received_events",
        "type": "User",
        "site_admin": false
    },
    "labels": [],
    "state": "closed",
    "locked": false,
    "assignee": null,
    "assignees": [],
    "milestone": null,
    "comments": 4,
    "created_at": "2014-02-24T14:39:34Z",
    "updated_at": "2014-03-14T04:16:34Z",
    "closed_at": "2014-03-13T18:51:14Z",
    "author_association": "NONE",
    "body": "If I run a server in debug mode and the kill the parent process the child process is left running. It should be killed along with the parent (as usually happens with parent-child processes).\n\n```\nimport flask\napp = flask.Flask(__name__)\nif __name__ == \"__main__\":\n    app.run(debug=True)\n```\n\n```\n> ps -ef | grep python\nedA-qa   18280 16524  4 15:38 pts/7    00:00:00 python min.py\nedA-qa   18285 18280  4 15:38 pts/7    00:00:00 /usr/bin/python min.py\n> kill 18280\n> ps -ef | grep python\nedA-qa   18285     1  1 15:38 pts/7    00:00:00 /usr/bin/python min.py\n```\n\nThis is interfering with my ability to use Flask as a test server in a test suite. I spawn a process with Popen and kill it when I'm done. Unfortunately the server is left and only a wrapper process is killed.\n",
    "comments_inline": [
        {
            "url": "https://api.github.com/repos/pallets/flask/issues/comments/37428069",
            "html_url": "https://github.com/pallets/flask/issues/988#issuecomment-37428069",
            "issue_url": "https://api.github.com/repos/pallets/flask/issues/988",
            "id": 37428069,
            "node_id": "MDEyOklzc3VlQ29tbWVudDM3NDI4MDY5",
            "user": {
                "login": "fcennecf",
                "id": 1479109,
                "node_id": "MDQ6VXNlcjE0NzkxMDk=",
                "avatar_url": "https://avatars2.githubusercontent.com/u/1479109?v=4",
                "gravatar_id": "",
                "url": "https://api.github.com/users/fcennecf",
                "html_url": "https://github.com/fcennecf",
                "followers_url": "https://api.github.com/users/fcennecf/followers",
                "following_url": "https://api.github.com/users/fcennecf/following{/other_user}",
                "gists_url": "https://api.github.com/users/fcennecf/gists{/gist_id}",
                "starred_url": "https://api.github.com/users/fcennecf/starred{/owner}{/repo}",
                "subscriptions_url": "https://api.github.com/users/fcennecf/subscriptions",
                "organizations_url": "https://api.github.com/users/fcennecf/orgs",
                "repos_url": "https://api.github.com/users/fcennecf/repos",
                "events_url": "https://api.github.com/users/fcennecf/events{/privacy}",
                "received_events_url": "https://api.github.com/users/fcennecf/received_events",
                "type": "User",
                "site_admin": false
            },
            "created_at": "2014-03-12T16:14:02Z",
            "updated_at": "2014-03-12T16:14:02Z",
            "author_association": "NONE",
            "body": "Hello. In my environment this problem not reproduced.\nFlask (0.10.1)\nWerkzeug (0.9.4)\nPython 3.3.2+\nLinux 3.11.0-18-generic\n"
        },
        {
            "url": "https://api.github.com/repos/pallets/flask/issues/comments/37429970",
            "html_url": "https://github.com/pallets/flask/issues/988#issuecomment-37429970",
            "issue_url": "https://api.github.com/repos/pallets/flask/issues/988",
            "id": 37429970,
            "node_id": "MDEyOklzc3VlQ29tbWVudDM3NDI5OTcw",
            "user": {
                "login": "mortoray",
                "id": 1308999,
                "node_id": "MDQ6VXNlcjEzMDg5OTk=",
                "avatar_url": "https://avatars3.githubusercontent.com/u/1308999?v=4",
                "gravatar_id": "",
                "url": "https://api.github.com/users/mortoray",
                "html_url": "https://github.com/mortoray",
                "followers_url": "https://api.github.com/users/mortoray/followers",
                "following_url": "https://api.github.com/users/mortoray/following{/other_user}",
                "gists_url": "https://api.github.com/users/mortoray/gists{/gist_id}",
                "starred_url": "https://api.github.com/users/mortoray/starred{/owner}{/repo}",
                "subscriptions_url": "https://api.github.com/users/mortoray/subscriptions",
                "organizations_url": "https://api.github.com/users/mortoray/orgs",
                "repos_url": "https://api.github.com/users/mortoray/repos",
                "events_url": "https://api.github.com/users/mortoray/events{/privacy}",
                "received_events_url": "https://api.github.com/users/mortoray/received_events",
                "type": "User",
                "site_admin": false
            },
            "created_at": "2014-03-12T16:27:29Z",
            "updated_at": "2014-03-12T16:27:29Z",
            "author_association": "NONE",
            "body": "Perhaps it's a Python 2.7 issue? I can't test on Python 3 since Ubuntu 12.04 only has 3.2.3, not the required 3.3 for Flask.\n"
        },
        {
            "url": "https://api.github.com/repos/pallets/flask/issues/comments/37431759",
            "html_url": "https://github.com/pallets/flask/issues/988#issuecomment-37431759",
            "issue_url": "https://api.github.com/repos/pallets/flask/issues/988",
            "id": 37431759,
            "node_id": "MDEyOklzc3VlQ29tbWVudDM3NDMxNzU5",
            "user": {
                "login": "fcennecf",
                "id": 1479109,
                "node_id": "MDQ6VXNlcjE0NzkxMDk=",
                "avatar_url": "https://avatars2.githubusercontent.com/u/1479109?v=4",
                "gravatar_id": "",
                "url": "https://api.github.com/users/fcennecf",
                "html_url": "https://github.com/fcennecf",
                "followers_url": "https://api.github.com/users/fcennecf/followers",
                "following_url": "https://api.github.com/users/fcennecf/following{/other_user}",
                "gists_url": "https://api.github.com/users/fcennecf/gists{/gist_id}",
                "starred_url": "https://api.github.com/users/fcennecf/starred{/owner}{/repo}",
                "subscriptions_url": "https://api.github.com/users/fcennecf/subscriptions",
                "organizations_url": "https://api.github.com/users/fcennecf/orgs",
                "repos_url": "https://api.github.com/users/fcennecf/repos",
                "events_url": "https://api.github.com/users/fcennecf/events{/privacy}",
                "received_events_url": "https://api.github.com/users/fcennecf/received_events",
                "type": "User",
                "site_admin": false
            },
            "created_at": "2014-03-12T16:41:25Z",
            "updated_at": "2014-03-12T16:41:25Z",
            "author_association": "NONE",
            "body": "In Python 2.7.5+  this issue is present.\n"
        },
        {
            "url": "https://api.github.com/repos/pallets/flask/issues/comments/37572183",
            "html_url": "https://github.com/pallets/flask/issues/988#issuecomment-37572183",
            "issue_url": "https://api.github.com/repos/pallets/flask/issues/988",
            "id": 37572183,
            "node_id": "MDEyOklzc3VlQ29tbWVudDM3NTcyMTgz",
            "user": {
                "login": "DasIch",
                "id": 182316,
                "node_id": "MDQ6VXNlcjE4MjMxNg==",
                "avatar_url": "https://avatars0.githubusercontent.com/u/182316?v=4",
                "gravatar_id": "",
                "url": "https://api.github.com/users/DasIch",
                "html_url": "https://github.com/DasIch",
                "followers_url": "https://api.github.com/users/DasIch/followers",
                "following_url": "https://api.github.com/users/DasIch/following{/other_user}",
                "gists_url": "https://api.github.com/users/DasIch/gists{/gist_id}",
                "starred_url": "https://api.github.com/users/DasIch/starred{/owner}{/repo}",
                "subscriptions_url": "https://api.github.com/users/DasIch/subscriptions",
                "organizations_url": "https://api.github.com/users/DasIch/orgs",
                "repos_url": "https://api.github.com/users/DasIch/repos",
                "events_url": "https://api.github.com/users/DasIch/events{/privacy}",
                "received_events_url": "https://api.github.com/users/DasIch/received_events",
                "type": "User",
                "site_admin": false
            },
            "created_at": "2014-03-13T18:51:14Z",
            "updated_at": "2014-03-13T18:51:14Z",
            "author_association": "CONTRIBUTOR",
            "body": "I can reproduce this in Python 2.7, not in 3.3 on OS X. Looks like a Python 2 issue that has been fixed in Python 3. I'm not sure whether we can actually fix this. In any case this is a Werkzeug issue, please open an issue in the [Werkzeug issue tracker](https://github.com/mitsuhiko/werkzeug/issues?direction=desc&sort=created&state=open) and reference this issue, so we can track it in the correct place.\n"
        }
    ]
}