{
    "url": "https://api.github.com/repos/pallets/flask/issues/989",
    "repository_url": "https://api.github.com/repos/pallets/flask",
    "labels_url": "https://api.github.com/repos/pallets/flask/issues/989/labels{/name}",
    "comments_url": "https://api.github.com/repos/pallets/flask/issues/989/comments",
    "events_url": "https://api.github.com/repos/pallets/flask/issues/989/events",
    "html_url": "https://github.com/pallets/flask/issues/989",
    "id": 28344836,
    "node_id": "MDU6SXNzdWUyODM0NDgzNg==",
    "number": 989,
    "title": "Typo in fastcgi docs",
    "user": {
        "login": "volkerp",
        "id": 4256605,
        "node_id": "MDQ6VXNlcjQyNTY2MDU=",
        "avatar_url": "https://avatars2.githubusercontent.com/u/4256605?v=4",
        "gravatar_id": "",
        "url": "https://api.github.com/users/volkerp",
        "html_url": "https://github.com/volkerp",
        "followers_url": "https://api.github.com/users/volkerp/followers",
        "following_url": "https://api.github.com/users/volkerp/following{/other_user}",
        "gists_url": "https://api.github.com/users/volkerp/gists{/gist_id}",
        "starred_url": "https://api.github.com/users/volkerp/starred{/owner}{/repo}",
        "subscriptions_url": "https://api.github.com/users/volkerp/subscriptions",
        "organizations_url": "https://api.github.com/users/volkerp/orgs",
        "repos_url": "https://api.github.com/users/volkerp/repos",
        "events_url": "https://api.github.com/users/volkerp/events{/privacy}",
        "received_events_url": "https://api.github.com/users/volkerp/received_events",
        "type": "User",
        "site_admin": false
    },
    "labels": [],
    "state": "closed",
    "locked": false,
    "assignee": null,
    "assignees": [],
    "milestone": null,
    "comments": 2,
    "created_at": "2014-02-26T16:03:05Z",
    "updated_at": "2014-03-13T18:41:00Z",
    "closed_at": "2014-03-13T18:41:00Z",
    "author_association": "NONE",
    "body": "Second paragraph in \nhttp://flask.pocoo.org/docs/deploying/fastcgi/\nreads\n\n> Please make sure in advance that any app.run() calls you might have in your application file are inside an if __ name __ == '__ main __': block or moved to a separate file. Just make sure it\u2019s not called because this will always start a local **WSGI server** which we do not want if we deploy that application to FastCGI.\n\nShouldn't this be \"start a local **HTTP server**\"\n",
    "comments_inline": [
        {
            "url": "https://api.github.com/repos/pallets/flask/issues/comments/36146650",
            "html_url": "https://github.com/pallets/flask/issues/989#issuecomment-36146650",
            "issue_url": "https://api.github.com/repos/pallets/flask/issues/989",
            "id": 36146650,
            "node_id": "MDEyOklzc3VlQ29tbWVudDM2MTQ2NjUw",
            "user": {
                "login": "untitaker",
                "id": 837573,
                "node_id": "MDQ6VXNlcjgzNzU3Mw==",
                "avatar_url": "https://avatars0.githubusercontent.com/u/837573?v=4",
                "gravatar_id": "",
                "url": "https://api.github.com/users/untitaker",
                "html_url": "https://github.com/untitaker",
                "followers_url": "https://api.github.com/users/untitaker/followers",
                "following_url": "https://api.github.com/users/untitaker/following{/other_user}",
                "gists_url": "https://api.github.com/users/untitaker/gists{/gist_id}",
                "starred_url": "https://api.github.com/users/untitaker/starred{/owner}{/repo}",
                "subscriptions_url": "https://api.github.com/users/untitaker/subscriptions",
                "organizations_url": "https://api.github.com/users/untitaker/orgs",
                "repos_url": "https://api.github.com/users/untitaker/repos",
                "events_url": "https://api.github.com/users/untitaker/events{/privacy}",
                "received_events_url": "https://api.github.com/users/untitaker/received_events",
                "type": "User",
                "site_admin": false
            },
            "created_at": "2014-02-26T16:46:39Z",
            "updated_at": "2014-02-26T16:46:39Z",
            "author_association": "MEMBER",
            "body": "It starts both.\n"
        },
        {
            "url": "https://api.github.com/repos/pallets/flask/issues/comments/37570995",
            "html_url": "https://github.com/pallets/flask/issues/989#issuecomment-37570995",
            "issue_url": "https://api.github.com/repos/pallets/flask/issues/989",
            "id": 37570995,
            "node_id": "MDEyOklzc3VlQ29tbWVudDM3NTcwOTk1",
            "user": {
                "login": "DasIch",
                "id": 182316,
                "node_id": "MDQ6VXNlcjE4MjMxNg==",
                "avatar_url": "https://avatars0.githubusercontent.com/u/182316?v=4",
                "gravatar_id": "",
                "url": "https://api.github.com/users/DasIch",
                "html_url": "https://github.com/DasIch",
                "followers_url": "https://api.github.com/users/DasIch/followers",
                "following_url": "https://api.github.com/users/DasIch/following{/other_user}",
                "gists_url": "https://api.github.com/users/DasIch/gists{/gist_id}",
                "starred_url": "https://api.github.com/users/DasIch/starred{/owner}{/repo}",
                "subscriptions_url": "https://api.github.com/users/DasIch/subscriptions",
                "organizations_url": "https://api.github.com/users/DasIch/orgs",
                "repos_url": "https://api.github.com/users/DasIch/repos",
                "events_url": "https://api.github.com/users/DasIch/events{/privacy}",
                "received_events_url": "https://api.github.com/users/DasIch/received_events",
                "type": "User",
                "site_admin": false
            },
            "created_at": "2014-03-13T18:41:00Z",
            "updated_at": "2014-03-13T18:41:00Z",
            "author_association": "CONTRIBUTOR",
            "body": "It's not a typo but merely a matter of perspective. It's an HTTP server sure, but what we really care about here is the interface between server and web application and that's WSGI.\n"
        }
    ]
}