{
    "url": "https://api.github.com/repos/pallets/flask/issues/991",
    "repository_url": "https://api.github.com/repos/pallets/flask",
    "labels_url": "https://api.github.com/repos/pallets/flask/issues/991/labels{/name}",
    "comments_url": "https://api.github.com/repos/pallets/flask/issues/991/comments",
    "events_url": "https://api.github.com/repos/pallets/flask/issues/991/events",
    "html_url": "https://github.com/pallets/flask/pull/991",
    "id": 28558933,
    "node_id": "MDExOlB1bGxSZXF1ZXN0MTMwODM1NDc=",
    "number": 991,
    "title": "Fix broken tutorial code",
    "user": {
        "login": "ghost",
        "id": 10137,
        "node_id": "MDQ6VXNlcjEwMTM3",
        "avatar_url": "https://avatars3.githubusercontent.com/u/10137?v=4",
        "gravatar_id": "",
        "url": "https://api.github.com/users/ghost",
        "html_url": "https://github.com/ghost",
        "followers_url": "https://api.github.com/users/ghost/followers",
        "following_url": "https://api.github.com/users/ghost/following{/other_user}",
        "gists_url": "https://api.github.com/users/ghost/gists{/gist_id}",
        "starred_url": "https://api.github.com/users/ghost/starred{/owner}{/repo}",
        "subscriptions_url": "https://api.github.com/users/ghost/subscriptions",
        "organizations_url": "https://api.github.com/users/ghost/orgs",
        "repos_url": "https://api.github.com/users/ghost/repos",
        "events_url": "https://api.github.com/users/ghost/events{/privacy}",
        "received_events_url": "https://api.github.com/users/ghost/received_events",
        "type": "User",
        "site_admin": false
    },
    "labels": [],
    "state": "closed",
    "locked": false,
    "assignee": null,
    "assignees": [],
    "milestone": null,
    "comments": 3,
    "created_at": "2014-03-01T15:20:00Z",
    "updated_at": "2014-06-16T09:13:00Z",
    "closed_at": "2014-03-13T18:34:21Z",
    "author_association": "NONE",
    "pull_request": {
        "url": "https://api.github.com/repos/pallets/flask/pulls/991",
        "html_url": "https://github.com/pallets/flask/pull/991",
        "diff_url": "https://github.com/pallets/flask/pull/991.diff",
        "patch_url": "https://github.com/pallets/flask/pull/991.patch"
    },
    "body": "Python gave an error when copy/pasting this code, and adding os fixed it for me.\n",
    "comments_inline": [
        {
            "url": "https://api.github.com/repos/pallets/flask/issues/comments/36436374",
            "html_url": "https://github.com/pallets/flask/pull/991#issuecomment-36436374",
            "issue_url": "https://api.github.com/repos/pallets/flask/issues/991",
            "id": 36436374,
            "node_id": "MDEyOklzc3VlQ29tbWVudDM2NDM2Mzc0",
            "user": {
                "login": "untitaker",
                "id": 837573,
                "node_id": "MDQ6VXNlcjgzNzU3Mw==",
                "avatar_url": "https://avatars0.githubusercontent.com/u/837573?v=4",
                "gravatar_id": "",
                "url": "https://api.github.com/users/untitaker",
                "html_url": "https://github.com/untitaker",
                "followers_url": "https://api.github.com/users/untitaker/followers",
                "following_url": "https://api.github.com/users/untitaker/following{/other_user}",
                "gists_url": "https://api.github.com/users/untitaker/gists{/gist_id}",
                "starred_url": "https://api.github.com/users/untitaker/starred{/owner}{/repo}",
                "subscriptions_url": "https://api.github.com/users/untitaker/subscriptions",
                "organizations_url": "https://api.github.com/users/untitaker/orgs",
                "repos_url": "https://api.github.com/users/untitaker/repos",
                "events_url": "https://api.github.com/users/untitaker/events{/privacy}",
                "received_events_url": "https://api.github.com/users/untitaker/received_events",
                "type": "User",
                "site_admin": false
            },
            "created_at": "2014-03-01T20:57:09Z",
            "updated_at": "2014-03-01T20:58:13Z",
            "author_association": "MEMBER",
            "body": "I think this kind of \"literalism\" bloats the docs unnecessarily. Similar pull requests have been merged in the past though, so i guess this one is fine too.\n"
        },
        {
            "url": "https://api.github.com/repos/pallets/flask/issues/comments/36436502",
            "html_url": "https://github.com/pallets/flask/pull/991#issuecomment-36436502",
            "issue_url": "https://api.github.com/repos/pallets/flask/issues/991",
            "id": 36436502,
            "node_id": "MDEyOklzc3VlQ29tbWVudDM2NDM2NTAy",
            "user": {
                "login": "ThiefMaster",
                "id": 179599,
                "node_id": "MDQ6VXNlcjE3OTU5OQ==",
                "avatar_url": "https://avatars1.githubusercontent.com/u/179599?v=4",
                "gravatar_id": "",
                "url": "https://api.github.com/users/ThiefMaster",
                "html_url": "https://github.com/ThiefMaster",
                "followers_url": "https://api.github.com/users/ThiefMaster/followers",
                "following_url": "https://api.github.com/users/ThiefMaster/following{/other_user}",
                "gists_url": "https://api.github.com/users/ThiefMaster/gists{/gist_id}",
                "starred_url": "https://api.github.com/users/ThiefMaster/starred{/owner}{/repo}",
                "subscriptions_url": "https://api.github.com/users/ThiefMaster/subscriptions",
                "organizations_url": "https://api.github.com/users/ThiefMaster/orgs",
                "repos_url": "https://api.github.com/users/ThiefMaster/repos",
                "events_url": "https://api.github.com/users/ThiefMaster/events{/privacy}",
                "received_events_url": "https://api.github.com/users/ThiefMaster/received_events",
                "type": "User",
                "site_admin": false
            },
            "created_at": "2014-03-01T21:01:44Z",
            "updated_at": "2014-03-01T21:01:44Z",
            "author_association": "MEMBER",
            "body": "Also, commas in import statements violate PEP8 if used to import multiple packages:\n\n> Imports should usually be on separate lines, e.g.:\n> \n> Yes: \n> \n> ```\n> import os\n> import sys\n> ```\n> \n> No:\n> \n> ```\n> import sys, os\n> ```\n"
        },
        {
            "url": "https://api.github.com/repos/pallets/flask/issues/comments/37570236",
            "html_url": "https://github.com/pallets/flask/pull/991#issuecomment-37570236",
            "issue_url": "https://api.github.com/repos/pallets/flask/issues/991",
            "id": 37570236,
            "node_id": "MDEyOklzc3VlQ29tbWVudDM3NTcwMjM2",
            "user": {
                "login": "DasIch",
                "id": 182316,
                "node_id": "MDQ6VXNlcjE4MjMxNg==",
                "avatar_url": "https://avatars0.githubusercontent.com/u/182316?v=4",
                "gravatar_id": "",
                "url": "https://api.github.com/users/DasIch",
                "html_url": "https://github.com/DasIch",
                "followers_url": "https://api.github.com/users/DasIch/followers",
                "following_url": "https://api.github.com/users/DasIch/following{/other_user}",
                "gists_url": "https://api.github.com/users/DasIch/gists{/gist_id}",
                "starred_url": "https://api.github.com/users/DasIch/starred{/owner}{/repo}",
                "subscriptions_url": "https://api.github.com/users/DasIch/subscriptions",
                "organizations_url": "https://api.github.com/users/DasIch/orgs",
                "repos_url": "https://api.github.com/users/DasIch/repos",
                "events_url": "https://api.github.com/users/DasIch/events{/privacy}",
                "received_events_url": "https://api.github.com/users/DasIch/received_events",
                "type": "User",
                "site_admin": false
            },
            "created_at": "2014-03-13T18:34:21Z",
            "updated_at": "2014-03-13T18:34:21Z",
            "author_association": "CONTRIBUTOR",
            "body": "This has been fixed by ffff509cf07b4791201915f98116aec51eb4a651 in a way that conforms with PEP 8.\n"
        }
    ]
}