{
    "url": "https://api.github.com/repos/pallets/flask/issues/992",
    "repository_url": "https://api.github.com/repos/pallets/flask",
    "labels_url": "https://api.github.com/repos/pallets/flask/issues/992/labels{/name}",
    "comments_url": "https://api.github.com/repos/pallets/flask/issues/992/comments",
    "events_url": "https://api.github.com/repos/pallets/flask/issues/992/events",
    "html_url": "https://github.com/pallets/flask/pull/992",
    "id": 28648123,
    "node_id": "MDExOlB1bGxSZXF1ZXN0MTMxMjgyNjQ=",
    "number": 992,
    "title": "Pass keyword args from `test_client` method to client class constructor",
    "user": {
        "login": "mattupstate",
        "id": 166176,
        "node_id": "MDQ6VXNlcjE2NjE3Ng==",
        "avatar_url": "https://avatars0.githubusercontent.com/u/166176?v=4",
        "gravatar_id": "",
        "url": "https://api.github.com/users/mattupstate",
        "html_url": "https://github.com/mattupstate",
        "followers_url": "https://api.github.com/users/mattupstate/followers",
        "following_url": "https://api.github.com/users/mattupstate/following{/other_user}",
        "gists_url": "https://api.github.com/users/mattupstate/gists{/gist_id}",
        "starred_url": "https://api.github.com/users/mattupstate/starred{/owner}{/repo}",
        "subscriptions_url": "https://api.github.com/users/mattupstate/subscriptions",
        "organizations_url": "https://api.github.com/users/mattupstate/orgs",
        "repos_url": "https://api.github.com/users/mattupstate/repos",
        "events_url": "https://api.github.com/users/mattupstate/events{/privacy}",
        "received_events_url": "https://api.github.com/users/mattupstate/received_events",
        "type": "User",
        "site_admin": false
    },
    "labels": [],
    "state": "closed",
    "locked": false,
    "assignee": null,
    "assignees": [],
    "milestone": null,
    "comments": 5,
    "created_at": "2014-03-03T19:18:28Z",
    "updated_at": "2014-10-20T19:22:19Z",
    "closed_at": "2014-10-20T19:22:16Z",
    "author_association": "CONTRIBUTOR",
    "pull_request": {
        "url": "https://api.github.com/repos/pallets/flask/pulls/992",
        "html_url": "https://github.com/pallets/flask/pull/992",
        "diff_url": "https://github.com/pallets/flask/pull/992.diff",
        "patch_url": "https://github.com/pallets/flask/pull/992.patch"
    },
    "body": "I believe this would be useful for customizing test clients. For example:\n\n``` python\nclass TestClient(FlaskClient):\n    def __init__(self, authenticated=False, *args, **kwargs):\n        self._authenticated = authenticated\n        FlaskClient.__init__(*args, **kwargs)\n```\n\nAnd then I could say...\n\n``` python\nclient = app.test_client(authenticated=True)\n```\n\n`test_client()` can then act more as a factory.\n",
    "comments_inline": [
        {
            "url": "https://api.github.com/repos/pallets/flask/issues/comments/36552897",
            "html_url": "https://github.com/pallets/flask/pull/992#issuecomment-36552897",
            "issue_url": "https://api.github.com/repos/pallets/flask/issues/992",
            "id": 36552897,
            "node_id": "MDEyOklzc3VlQ29tbWVudDM2NTUyODk3",
            "user": {
                "login": "untitaker",
                "id": 837573,
                "node_id": "MDQ6VXNlcjgzNzU3Mw==",
                "avatar_url": "https://avatars0.githubusercontent.com/u/837573?v=4",
                "gravatar_id": "",
                "url": "https://api.github.com/users/untitaker",
                "html_url": "https://github.com/untitaker",
                "followers_url": "https://api.github.com/users/untitaker/followers",
                "following_url": "https://api.github.com/users/untitaker/following{/other_user}",
                "gists_url": "https://api.github.com/users/untitaker/gists{/gist_id}",
                "starred_url": "https://api.github.com/users/untitaker/starred{/owner}{/repo}",
                "subscriptions_url": "https://api.github.com/users/untitaker/subscriptions",
                "organizations_url": "https://api.github.com/users/untitaker/orgs",
                "repos_url": "https://api.github.com/users/untitaker/repos",
                "events_url": "https://api.github.com/users/untitaker/events{/privacy}",
                "received_events_url": "https://api.github.com/users/untitaker/received_events",
                "type": "User",
                "site_admin": false
            },
            "created_at": "2014-03-03T20:05:43Z",
            "updated_at": "2014-03-03T20:05:43Z",
            "author_association": "MEMBER",
            "body": ":+1:\n"
        },
        {
            "url": "https://api.github.com/repos/pallets/flask/issues/comments/37502819",
            "html_url": "https://github.com/pallets/flask/pull/992#issuecomment-37502819",
            "issue_url": "https://api.github.com/repos/pallets/flask/issues/992",
            "id": 37502819,
            "node_id": "MDEyOklzc3VlQ29tbWVudDM3NTAyODE5",
            "user": {
                "login": "gregorynicholas",
                "id": 407650,
                "node_id": "MDQ6VXNlcjQwNzY1MA==",
                "avatar_url": "https://avatars1.githubusercontent.com/u/407650?v=4",
                "gravatar_id": "",
                "url": "https://api.github.com/users/gregorynicholas",
                "html_url": "https://github.com/gregorynicholas",
                "followers_url": "https://api.github.com/users/gregorynicholas/followers",
                "following_url": "https://api.github.com/users/gregorynicholas/following{/other_user}",
                "gists_url": "https://api.github.com/users/gregorynicholas/gists{/gist_id}",
                "starred_url": "https://api.github.com/users/gregorynicholas/starred{/owner}{/repo}",
                "subscriptions_url": "https://api.github.com/users/gregorynicholas/subscriptions",
                "organizations_url": "https://api.github.com/users/gregorynicholas/orgs",
                "repos_url": "https://api.github.com/users/gregorynicholas/repos",
                "events_url": "https://api.github.com/users/gregorynicholas/events{/privacy}",
                "received_events_url": "https://api.github.com/users/gregorynicholas/received_events",
                "type": "User",
                "site_admin": false
            },
            "created_at": "2014-03-13T06:06:14Z",
            "updated_at": "2014-03-13T06:06:14Z",
            "author_association": "NONE",
            "body": ":+1: \n"
        },
        {
            "url": "https://api.github.com/repos/pallets/flask/issues/comments/37570559",
            "html_url": "https://github.com/pallets/flask/pull/992#issuecomment-37570559",
            "issue_url": "https://api.github.com/repos/pallets/flask/issues/992",
            "id": 37570559,
            "node_id": "MDEyOklzc3VlQ29tbWVudDM3NTcwNTU5",
            "user": {
                "login": "DasIch",
                "id": 182316,
                "node_id": "MDQ6VXNlcjE4MjMxNg==",
                "avatar_url": "https://avatars0.githubusercontent.com/u/182316?v=4",
                "gravatar_id": "",
                "url": "https://api.github.com/users/DasIch",
                "html_url": "https://github.com/DasIch",
                "followers_url": "https://api.github.com/users/DasIch/followers",
                "following_url": "https://api.github.com/users/DasIch/following{/other_user}",
                "gists_url": "https://api.github.com/users/DasIch/gists{/gist_id}",
                "starred_url": "https://api.github.com/users/DasIch/starred{/owner}{/repo}",
                "subscriptions_url": "https://api.github.com/users/DasIch/subscriptions",
                "organizations_url": "https://api.github.com/users/DasIch/orgs",
                "repos_url": "https://api.github.com/users/DasIch/repos",
                "events_url": "https://api.github.com/users/DasIch/events{/privacy}",
                "received_events_url": "https://api.github.com/users/DasIch/received_events",
                "type": "User",
                "site_admin": false
            },
            "created_at": "2014-03-13T18:37:19Z",
            "updated_at": "2014-03-13T18:37:19Z",
            "author_association": "CONTRIBUTOR",
            "body": "Could you add documentation?\n"
        },
        {
            "url": "https://api.github.com/repos/pallets/flask/issues/comments/37597524",
            "html_url": "https://github.com/pallets/flask/pull/992#issuecomment-37597524",
            "issue_url": "https://api.github.com/repos/pallets/flask/issues/992",
            "id": 37597524,
            "node_id": "MDEyOklzc3VlQ29tbWVudDM3NTk3NTI0",
            "user": {
                "login": "mattupstate",
                "id": 166176,
                "node_id": "MDQ6VXNlcjE2NjE3Ng==",
                "avatar_url": "https://avatars0.githubusercontent.com/u/166176?v=4",
                "gravatar_id": "",
                "url": "https://api.github.com/users/mattupstate",
                "html_url": "https://github.com/mattupstate",
                "followers_url": "https://api.github.com/users/mattupstate/followers",
                "following_url": "https://api.github.com/users/mattupstate/following{/other_user}",
                "gists_url": "https://api.github.com/users/mattupstate/gists{/gist_id}",
                "starred_url": "https://api.github.com/users/mattupstate/starred{/owner}{/repo}",
                "subscriptions_url": "https://api.github.com/users/mattupstate/subscriptions",
                "organizations_url": "https://api.github.com/users/mattupstate/orgs",
                "repos_url": "https://api.github.com/users/mattupstate/repos",
                "events_url": "https://api.github.com/users/mattupstate/events{/privacy}",
                "received_events_url": "https://api.github.com/users/mattupstate/received_events",
                "type": "User",
                "site_admin": false
            },
            "created_at": "2014-03-13T23:00:25Z",
            "updated_at": "2014-03-13T23:00:25Z",
            "author_association": "CONTRIBUTOR",
            "body": "@DasIch is that what you were looking for?\n"
        },
        {
            "url": "https://api.github.com/repos/pallets/flask/issues/comments/59824444",
            "html_url": "https://github.com/pallets/flask/pull/992#issuecomment-59824444",
            "issue_url": "https://api.github.com/repos/pallets/flask/issues/992",
            "id": 59824444,
            "node_id": "MDEyOklzc3VlQ29tbWVudDU5ODI0NDQ0",
            "user": {
                "login": "untitaker",
                "id": 837573,
                "node_id": "MDQ6VXNlcjgzNzU3Mw==",
                "avatar_url": "https://avatars0.githubusercontent.com/u/837573?v=4",
                "gravatar_id": "",
                "url": "https://api.github.com/users/untitaker",
                "html_url": "https://github.com/untitaker",
                "followers_url": "https://api.github.com/users/untitaker/followers",
                "following_url": "https://api.github.com/users/untitaker/following{/other_user}",
                "gists_url": "https://api.github.com/users/untitaker/gists{/gist_id}",
                "starred_url": "https://api.github.com/users/untitaker/starred{/owner}{/repo}",
                "subscriptions_url": "https://api.github.com/users/untitaker/subscriptions",
                "organizations_url": "https://api.github.com/users/untitaker/orgs",
                "repos_url": "https://api.github.com/users/untitaker/repos",
                "events_url": "https://api.github.com/users/untitaker/events{/privacy}",
                "received_events_url": "https://api.github.com/users/untitaker/received_events",
                "type": "User",
                "site_admin": false
            },
            "created_at": "2014-10-20T19:22:19Z",
            "updated_at": "2014-10-20T19:22:19Z",
            "author_association": "MEMBER",
            "body": "Thanks!\n"
        }
    ]
}