{
    "url": "https://api.github.com/repos/pallets/flask/issues/993",
    "repository_url": "https://api.github.com/repos/pallets/flask",
    "labels_url": "https://api.github.com/repos/pallets/flask/issues/993/labels{/name}",
    "comments_url": "https://api.github.com/repos/pallets/flask/issues/993/comments",
    "events_url": "https://api.github.com/repos/pallets/flask/issues/993/events",
    "html_url": "https://github.com/pallets/flask/issues/993",
    "id": 28715898,
    "node_id": "MDU6SXNzdWUyODcxNTg5OA==",
    "number": 993,
    "title": "Attempted implicit sequence conversion but the response object is in direct passthrough mode",
    "user": {
        "login": "rbpasker",
        "id": 87866,
        "node_id": "MDQ6VXNlcjg3ODY2",
        "avatar_url": "https://avatars1.githubusercontent.com/u/87866?v=4",
        "gravatar_id": "",
        "url": "https://api.github.com/users/rbpasker",
        "html_url": "https://github.com/rbpasker",
        "followers_url": "https://api.github.com/users/rbpasker/followers",
        "following_url": "https://api.github.com/users/rbpasker/following{/other_user}",
        "gists_url": "https://api.github.com/users/rbpasker/gists{/gist_id}",
        "starred_url": "https://api.github.com/users/rbpasker/starred{/owner}{/repo}",
        "subscriptions_url": "https://api.github.com/users/rbpasker/subscriptions",
        "organizations_url": "https://api.github.com/users/rbpasker/orgs",
        "repos_url": "https://api.github.com/users/rbpasker/repos",
        "events_url": "https://api.github.com/users/rbpasker/events{/privacy}",
        "received_events_url": "https://api.github.com/users/rbpasker/received_events",
        "type": "User",
        "site_admin": false
    },
    "labels": [],
    "state": "closed",
    "locked": false,
    "assignee": null,
    "assignees": [],
    "milestone": null,
    "comments": 2,
    "created_at": "2014-03-04T15:50:08Z",
    "updated_at": "2019-06-17T09:26:23Z",
    "closed_at": "2014-03-13T18:32:37Z",
    "author_association": "NONE",
    "body": "Can someone please take a look at this issue in Flask-gzip? Just using flask and flask-gzip, but getting this error after upgrading from 0.9 to 0.10.1\n\nhttps://github.com/elasticsales/Flask-gzip/issues/7\n\nthis did, however, make the error go away:\n\n```\n@app.after_request\ndef after_request(response):\n    response.direct_passthrough = False\n    return response\n```\n",
    "comments_inline": [
        {
            "url": "https://api.github.com/repos/pallets/flask/issues/comments/37570033",
            "html_url": "https://github.com/pallets/flask/issues/993#issuecomment-37570033",
            "issue_url": "https://api.github.com/repos/pallets/flask/issues/993",
            "id": 37570033,
            "node_id": "MDEyOklzc3VlQ29tbWVudDM3NTcwMDMz",
            "user": {
                "login": "DasIch",
                "id": 182316,
                "node_id": "MDQ6VXNlcjE4MjMxNg==",
                "avatar_url": "https://avatars0.githubusercontent.com/u/182316?v=4",
                "gravatar_id": "",
                "url": "https://api.github.com/users/DasIch",
                "html_url": "https://github.com/DasIch",
                "followers_url": "https://api.github.com/users/DasIch/followers",
                "following_url": "https://api.github.com/users/DasIch/following{/other_user}",
                "gists_url": "https://api.github.com/users/DasIch/gists{/gist_id}",
                "starred_url": "https://api.github.com/users/DasIch/starred{/owner}{/repo}",
                "subscriptions_url": "https://api.github.com/users/DasIch/subscriptions",
                "organizations_url": "https://api.github.com/users/DasIch/orgs",
                "repos_url": "https://api.github.com/users/DasIch/repos",
                "events_url": "https://api.github.com/users/DasIch/events{/privacy}",
                "received_events_url": "https://api.github.com/users/DasIch/received_events",
                "type": "User",
                "site_admin": false
            },
            "created_at": "2014-03-13T18:32:37Z",
            "updated_at": "2014-03-13T18:32:37Z",
            "author_association": "CONTRIBUTOR",
            "body": "This is the result of a change made in Werkzeug 0.9. Response.data is deprecated and more importantly generating Response.data - the body of the response - can be expensive, consume lots of memory or in the case of an SSE event stream might never terminate. This should be fixed in Flask-gzip.\n"
        },
        {
            "url": "https://api.github.com/repos/pallets/flask/issues/comments/502606671",
            "html_url": "https://github.com/pallets/flask/issues/993#issuecomment-502606671",
            "issue_url": "https://api.github.com/repos/pallets/flask/issues/993",
            "id": 502606671,
            "node_id": "MDEyOklzc3VlQ29tbWVudDUwMjYwNjY3MQ==",
            "user": {
                "login": "ohadperry",
                "id": 2236337,
                "node_id": "MDQ6VXNlcjIyMzYzMzc=",
                "avatar_url": "https://avatars2.githubusercontent.com/u/2236337?v=4",
                "gravatar_id": "",
                "url": "https://api.github.com/users/ohadperry",
                "html_url": "https://github.com/ohadperry",
                "followers_url": "https://api.github.com/users/ohadperry/followers",
                "following_url": "https://api.github.com/users/ohadperry/following{/other_user}",
                "gists_url": "https://api.github.com/users/ohadperry/gists{/gist_id}",
                "starred_url": "https://api.github.com/users/ohadperry/starred{/owner}{/repo}",
                "subscriptions_url": "https://api.github.com/users/ohadperry/subscriptions",
                "organizations_url": "https://api.github.com/users/ohadperry/orgs",
                "repos_url": "https://api.github.com/users/ohadperry/repos",
                "events_url": "https://api.github.com/users/ohadperry/events{/privacy}",
                "received_events_url": "https://api.github.com/users/ohadperry/received_events",
                "type": "User",
                "site_admin": false
            },
            "created_at": "2019-06-17T09:26:23Z",
            "updated_at": "2019-06-17T09:26:23Z",
            "author_association": "NONE",
            "body": "Hi, I have Flask 1.0.2\r\nI've tried\r\n\r\n```\r\n@app.after_request\r\ndef after_request(r):\r\n    r.direct_passthrough = False\r\n    ... other after hooks....\r\n    return r\r\n```\r\n\r\nand it doesn't work. The code fails before even reaching there. "
        }
    ]
}