{
    "url": "https://api.github.com/repos/pallets/flask/issues/995",
    "repository_url": "https://api.github.com/repos/pallets/flask",
    "labels_url": "https://api.github.com/repos/pallets/flask/issues/995/labels{/name}",
    "comments_url": "https://api.github.com/repos/pallets/flask/issues/995/comments",
    "events_url": "https://api.github.com/repos/pallets/flask/issues/995/events",
    "html_url": "https://github.com/pallets/flask/issues/995",
    "id": 28774668,
    "node_id": "MDU6SXNzdWUyODc3NDY2OA==",
    "number": 995,
    "title": "Update send_file() docstring - file name required",
    "user": {
        "login": "anddam",
        "id": 689872,
        "node_id": "MDQ6VXNlcjY4OTg3Mg==",
        "avatar_url": "https://avatars0.githubusercontent.com/u/689872?v=4",
        "gravatar_id": "",
        "url": "https://api.github.com/users/anddam",
        "html_url": "https://github.com/anddam",
        "followers_url": "https://api.github.com/users/anddam/followers",
        "following_url": "https://api.github.com/users/anddam/following{/other_user}",
        "gists_url": "https://api.github.com/users/anddam/gists{/gist_id}",
        "starred_url": "https://api.github.com/users/anddam/starred{/owner}{/repo}",
        "subscriptions_url": "https://api.github.com/users/anddam/subscriptions",
        "organizations_url": "https://api.github.com/users/anddam/orgs",
        "repos_url": "https://api.github.com/users/anddam/repos",
        "events_url": "https://api.github.com/users/anddam/events{/privacy}",
        "received_events_url": "https://api.github.com/users/anddam/received_events",
        "type": "User",
        "site_admin": false
    },
    "labels": [],
    "state": "closed",
    "locked": false,
    "assignee": null,
    "assignees": [],
    "milestone": null,
    "comments": 5,
    "created_at": "2014-03-05T09:08:31Z",
    "updated_at": "2014-07-27T13:08:34Z",
    "closed_at": "2014-07-27T13:08:34Z",
    "author_association": "NONE",
    "body": "send_file() is assuming a file has a visible filename on the file system thus leading to errors when trying to use a file object returned by tempfile.TemporaryFile() .\nThis should be mentioned in the docstring along with the suggestion to use NamedTemporaryFile() instead of TemporaryFile() .\n",
    "comments_inline": [
        {
            "url": "https://api.github.com/repos/pallets/flask/issues/comments/50262998",
            "html_url": "https://github.com/pallets/flask/issues/995#issuecomment-50262998",
            "issue_url": "https://api.github.com/repos/pallets/flask/issues/995",
            "id": 50262998,
            "node_id": "MDEyOklzc3VlQ29tbWVudDUwMjYyOTk4",
            "user": {
                "login": "DasIch",
                "id": 182316,
                "node_id": "MDQ6VXNlcjE4MjMxNg==",
                "avatar_url": "https://avatars0.githubusercontent.com/u/182316?v=4",
                "gravatar_id": "",
                "url": "https://api.github.com/users/DasIch",
                "html_url": "https://github.com/DasIch",
                "followers_url": "https://api.github.com/users/DasIch/followers",
                "following_url": "https://api.github.com/users/DasIch/following{/other_user}",
                "gists_url": "https://api.github.com/users/DasIch/gists{/gist_id}",
                "starred_url": "https://api.github.com/users/DasIch/starred{/owner}{/repo}",
                "subscriptions_url": "https://api.github.com/users/DasIch/subscriptions",
                "organizations_url": "https://api.github.com/users/DasIch/orgs",
                "repos_url": "https://api.github.com/users/DasIch/repos",
                "events_url": "https://api.github.com/users/DasIch/events{/privacy}",
                "received_events_url": "https://api.github.com/users/DasIch/received_events",
                "type": "User",
                "site_admin": false
            },
            "created_at": "2014-07-27T12:20:38Z",
            "updated_at": "2014-07-27T12:20:38Z",
            "author_association": "CONTRIBUTOR",
            "body": "Reading the send_file source code, it seems that providing no filename should definitely be fine.\n\nCan you provide a test case that shows it isn't working?\n"
        },
        {
            "url": "https://api.github.com/repos/pallets/flask/issues/comments/50263531",
            "html_url": "https://github.com/pallets/flask/issues/995#issuecomment-50263531",
            "issue_url": "https://api.github.com/repos/pallets/flask/issues/995",
            "id": 50263531,
            "node_id": "MDEyOklzc3VlQ29tbWVudDUwMjYzNTMx",
            "user": {
                "login": "piobpl",
                "id": 2089628,
                "node_id": "MDQ6VXNlcjIwODk2Mjg=",
                "avatar_url": "https://avatars1.githubusercontent.com/u/2089628?v=4",
                "gravatar_id": "",
                "url": "https://api.github.com/users/piobpl",
                "html_url": "https://github.com/piobpl",
                "followers_url": "https://api.github.com/users/piobpl/followers",
                "following_url": "https://api.github.com/users/piobpl/following{/other_user}",
                "gists_url": "https://api.github.com/users/piobpl/gists{/gist_id}",
                "starred_url": "https://api.github.com/users/piobpl/starred{/owner}{/repo}",
                "subscriptions_url": "https://api.github.com/users/piobpl/subscriptions",
                "organizations_url": "https://api.github.com/users/piobpl/orgs",
                "repos_url": "https://api.github.com/users/piobpl/repos",
                "events_url": "https://api.github.com/users/piobpl/events{/privacy}",
                "received_events_url": "https://api.github.com/users/piobpl/received_events",
                "type": "User",
                "site_admin": false
            },
            "created_at": "2014-07-27T12:46:35Z",
            "updated_at": "2014-07-27T12:46:35Z",
            "author_association": "NONE",
            "body": "https://gist.github.com/piobpl/4f2e6382d9cd7e5c0c93\n"
        },
        {
            "url": "https://api.github.com/repos/pallets/flask/issues/comments/50263686",
            "html_url": "https://github.com/pallets/flask/issues/995#issuecomment-50263686",
            "issue_url": "https://api.github.com/repos/pallets/flask/issues/995",
            "id": 50263686,
            "node_id": "MDEyOklzc3VlQ29tbWVudDUwMjYzNjg2",
            "user": {
                "login": "DasIch",
                "id": 182316,
                "node_id": "MDQ6VXNlcjE4MjMxNg==",
                "avatar_url": "https://avatars0.githubusercontent.com/u/182316?v=4",
                "gravatar_id": "",
                "url": "https://api.github.com/users/DasIch",
                "html_url": "https://github.com/DasIch",
                "followers_url": "https://api.github.com/users/DasIch/followers",
                "following_url": "https://api.github.com/users/DasIch/following{/other_user}",
                "gists_url": "https://api.github.com/users/DasIch/gists{/gist_id}",
                "starred_url": "https://api.github.com/users/DasIch/starred{/owner}{/repo}",
                "subscriptions_url": "https://api.github.com/users/DasIch/subscriptions",
                "organizations_url": "https://api.github.com/users/DasIch/orgs",
                "repos_url": "https://api.github.com/users/DasIch/repos",
                "events_url": "https://api.github.com/users/DasIch/events{/privacy}",
                "received_events_url": "https://api.github.com/users/DasIch/received_events",
                "type": "User",
                "site_admin": false
            },
            "created_at": "2014-07-27T12:54:41Z",
            "updated_at": "2014-07-27T12:54:41Z",
            "author_association": "CONTRIBUTOR",
            "body": "I can't reproduce this on master. Can you provide a traceback or something?\n"
        },
        {
            "url": "https://api.github.com/repos/pallets/flask/issues/comments/50263927",
            "html_url": "https://github.com/pallets/flask/issues/995#issuecomment-50263927",
            "issue_url": "https://api.github.com/repos/pallets/flask/issues/995",
            "id": 50263927,
            "node_id": "MDEyOklzc3VlQ29tbWVudDUwMjYzOTI3",
            "user": {
                "login": "piobpl",
                "id": 2089628,
                "node_id": "MDQ6VXNlcjIwODk2Mjg=",
                "avatar_url": "https://avatars1.githubusercontent.com/u/2089628?v=4",
                "gravatar_id": "",
                "url": "https://api.github.com/users/piobpl",
                "html_url": "https://github.com/piobpl",
                "followers_url": "https://api.github.com/users/piobpl/followers",
                "following_url": "https://api.github.com/users/piobpl/following{/other_user}",
                "gists_url": "https://api.github.com/users/piobpl/gists{/gist_id}",
                "starred_url": "https://api.github.com/users/piobpl/starred{/owner}{/repo}",
                "subscriptions_url": "https://api.github.com/users/piobpl/subscriptions",
                "organizations_url": "https://api.github.com/users/piobpl/orgs",
                "repos_url": "https://api.github.com/users/piobpl/repos",
                "events_url": "https://api.github.com/users/piobpl/events{/privacy}",
                "received_events_url": "https://api.github.com/users/piobpl/received_events",
                "type": "User",
                "site_admin": false
            },
            "created_at": "2014-07-27T13:06:34Z",
            "updated_at": "2014-07-27T13:06:34Z",
            "author_association": "NONE",
            "body": "Master works fine. Version 0.10.1 does not. Traceback:\n\n```\nTraceback (most recent call last):\n  File \"/usr/local/lib/python2.7/dist-packages/flask/app.py\", line 1836, in __call__\n    return self.wsgi_app(environ, start_response)\n  File \"/usr/local/lib/python2.7/dist-packages/flask/app.py\", line 1820, in wsgi_app\n    response = self.make_response(self.handle_exception(e))\n  File \"/usr/local/lib/python2.7/dist-packages/flask/app.py\", line 1403, in handle_exception\n    reraise(exc_type, exc_value, tb)\n  File \"/usr/local/lib/python2.7/dist-packages/flask/app.py\", line 1817, in wsgi_app\n    response = self.full_dispatch_request()\n  File \"/usr/local/lib/python2.7/dist-packages/flask/app.py\", line 1477, in full_dispatch_request\n    rv = self.handle_user_exception(e)\n  File \"/usr/local/lib/python2.7/dist-packages/flask/app.py\", line 1381, in handle_user_exception\n    reraise(exc_type, exc_value, tb)\n  File \"/usr/local/lib/python2.7/dist-packages/flask/app.py\", line 1475, in full_dispatch_request\n    rv = self.dispatch_request()\n  File \"/usr/local/lib/python2.7/dist-packages/flask/app.py\", line 1461, in dispatch_request\n    return self.view_functions[rule.endpoint](**req.view_args)\n  File \"/home/piob/library/test.py\", line 11, in serve\n    return send_file(f, as_attachment=True, attachment_filename='file')\n  File \"/usr/local/lib/python2.7/dist-packages/flask/helpers.py\", line 542, in send_file\n    os.path.getmtime(filename),\n  File \"/usr/lib/python2.7/genericpath.py\", line 54, in getmtime\n    return os.stat(filename).st_mtime\nOSError: [Errno 2] No such file or directory: '/home/piob/library/<fdopen>'\n```\n"
        },
        {
            "url": "https://api.github.com/repos/pallets/flask/issues/comments/50263957",
            "html_url": "https://github.com/pallets/flask/issues/995#issuecomment-50263957",
            "issue_url": "https://api.github.com/repos/pallets/flask/issues/995",
            "id": 50263957,
            "node_id": "MDEyOklzc3VlQ29tbWVudDUwMjYzOTU3",
            "user": {
                "login": "DasIch",
                "id": 182316,
                "node_id": "MDQ6VXNlcjE4MjMxNg==",
                "avatar_url": "https://avatars0.githubusercontent.com/u/182316?v=4",
                "gravatar_id": "",
                "url": "https://api.github.com/users/DasIch",
                "html_url": "https://github.com/DasIch",
                "followers_url": "https://api.github.com/users/DasIch/followers",
                "following_url": "https://api.github.com/users/DasIch/following{/other_user}",
                "gists_url": "https://api.github.com/users/DasIch/gists{/gist_id}",
                "starred_url": "https://api.github.com/users/DasIch/starred{/owner}{/repo}",
                "subscriptions_url": "https://api.github.com/users/DasIch/subscriptions",
                "organizations_url": "https://api.github.com/users/DasIch/orgs",
                "repos_url": "https://api.github.com/users/DasIch/repos",
                "events_url": "https://api.github.com/users/DasIch/events{/privacy}",
                "received_events_url": "https://api.github.com/users/DasIch/received_events",
                "type": "User",
                "site_admin": false
            },
            "created_at": "2014-07-27T13:08:34Z",
            "updated_at": "2014-07-27T13:08:34Z",
            "author_association": "CONTRIBUTOR",
            "body": "In that case I suppose the issue has been fixed.\n"
        }
    ]
}