{
    "url": "https://api.github.com/repos/pallets/flask/issues/997",
    "repository_url": "https://api.github.com/repos/pallets/flask",
    "labels_url": "https://api.github.com/repos/pallets/flask/issues/997/labels{/name}",
    "comments_url": "https://api.github.com/repos/pallets/flask/issues/997/comments",
    "events_url": "https://api.github.com/repos/pallets/flask/issues/997/events",
    "html_url": "https://github.com/pallets/flask/pull/997",
    "id": 28836114,
    "node_id": "MDExOlB1bGxSZXF1ZXN0MTMyMzg2NTY=",
    "number": 997,
    "title": "Clarify the after_request argument",
    "user": {
        "login": "charlax",
        "id": 120501,
        "node_id": "MDQ6VXNlcjEyMDUwMQ==",
        "avatar_url": "https://avatars0.githubusercontent.com/u/120501?v=4",
        "gravatar_id": "",
        "url": "https://api.github.com/users/charlax",
        "html_url": "https://github.com/charlax",
        "followers_url": "https://api.github.com/users/charlax/followers",
        "following_url": "https://api.github.com/users/charlax/following{/other_user}",
        "gists_url": "https://api.github.com/users/charlax/gists{/gist_id}",
        "starred_url": "https://api.github.com/users/charlax/starred{/owner}{/repo}",
        "subscriptions_url": "https://api.github.com/users/charlax/subscriptions",
        "organizations_url": "https://api.github.com/users/charlax/orgs",
        "repos_url": "https://api.github.com/users/charlax/repos",
        "events_url": "https://api.github.com/users/charlax/events{/privacy}",
        "received_events_url": "https://api.github.com/users/charlax/received_events",
        "type": "User",
        "site_admin": false
    },
    "labels": [],
    "state": "closed",
    "locked": false,
    "assignee": null,
    "assignees": [],
    "milestone": null,
    "comments": 2,
    "created_at": "2014-03-05T23:23:57Z",
    "updated_at": "2014-06-16T09:12:51Z",
    "closed_at": "2014-03-13T18:24:53Z",
    "author_association": "CONTRIBUTOR",
    "pull_request": {
        "url": "https://api.github.com/repos/pallets/flask/pulls/997",
        "html_url": "https://github.com/pallets/flask/pull/997",
        "diff_url": "https://github.com/pallets/flask/pull/997.diff",
        "patch_url": "https://github.com/pallets/flask/pull/997.patch"
    },
    "body": "Make it a bit clearer that it's an instance of response_class that is \nexpected, not the actual response_class class.\n",
    "comments_inline": [
        {
            "url": "https://api.github.com/repos/pallets/flask/issues/comments/36807566",
            "html_url": "https://github.com/pallets/flask/pull/997#issuecomment-36807566",
            "issue_url": "https://api.github.com/repos/pallets/flask/issues/997",
            "id": 36807566,
            "node_id": "MDEyOklzc3VlQ29tbWVudDM2ODA3NTY2",
            "user": {
                "login": "charlax",
                "id": 120501,
                "node_id": "MDQ6VXNlcjEyMDUwMQ==",
                "avatar_url": "https://avatars0.githubusercontent.com/u/120501?v=4",
                "gravatar_id": "",
                "url": "https://api.github.com/users/charlax",
                "html_url": "https://github.com/charlax",
                "followers_url": "https://api.github.com/users/charlax/followers",
                "following_url": "https://api.github.com/users/charlax/following{/other_user}",
                "gists_url": "https://api.github.com/users/charlax/gists{/gist_id}",
                "starred_url": "https://api.github.com/users/charlax/starred{/owner}{/repo}",
                "subscriptions_url": "https://api.github.com/users/charlax/subscriptions",
                "organizations_url": "https://api.github.com/users/charlax/orgs",
                "repos_url": "https://api.github.com/users/charlax/repos",
                "events_url": "https://api.github.com/users/charlax/events{/privacy}",
                "received_events_url": "https://api.github.com/users/charlax/received_events",
                "type": "User",
                "site_admin": false
            },
            "created_at": "2014-03-05T23:24:49Z",
            "updated_at": "2014-03-05T23:24:49Z",
            "author_association": "CONTRIBUTOR",
            "body": "Also comply with PEP 257 http://legacy.python.org/dev/peps/pep-0257/\n"
        },
        {
            "url": "https://api.github.com/repos/pallets/flask/issues/comments/37569049",
            "html_url": "https://github.com/pallets/flask/pull/997#issuecomment-37569049",
            "issue_url": "https://api.github.com/repos/pallets/flask/issues/997",
            "id": 37569049,
            "node_id": "MDEyOklzc3VlQ29tbWVudDM3NTY5MDQ5",
            "user": {
                "login": "DasIch",
                "id": 182316,
                "node_id": "MDQ6VXNlcjE4MjMxNg==",
                "avatar_url": "https://avatars0.githubusercontent.com/u/182316?v=4",
                "gravatar_id": "",
                "url": "https://api.github.com/users/DasIch",
                "html_url": "https://github.com/DasIch",
                "followers_url": "https://api.github.com/users/DasIch/followers",
                "following_url": "https://api.github.com/users/DasIch/following{/other_user}",
                "gists_url": "https://api.github.com/users/DasIch/gists{/gist_id}",
                "starred_url": "https://api.github.com/users/DasIch/starred{/owner}{/repo}",
                "subscriptions_url": "https://api.github.com/users/DasIch/subscriptions",
                "organizations_url": "https://api.github.com/users/DasIch/orgs",
                "repos_url": "https://api.github.com/users/DasIch/repos",
                "events_url": "https://api.github.com/users/DasIch/events{/privacy}",
                "received_events_url": "https://api.github.com/users/DasIch/received_events",
                "type": "User",
                "site_admin": false
            },
            "created_at": "2014-03-13T18:24:58Z",
            "updated_at": "2014-03-13T18:24:58Z",
            "author_association": "CONTRIBUTOR",
            "body": "Thanks.\n"
        }
    ]
}